1RM%,反復回数
100,1
95,2
93,3
90,4
87,5
85,6
82.5,7
80,8
77,9
75,10
72.5,11
70,12
69,13
68,14
67,15
66.33333333,16
65.666666,17
65,18
62.5,19
60,20
