part,mean,std
wrist_R,75.08772799877215,38.68220377863082
elbow_R,31.24203342693508,18.31925072990903
shoulder_R,122.39316889259644,43.17958888877566
wrist_L,33.52778421496188,0.3606222534256176
elbow_L,19.027779159833308,1.5877934210529254
shoulder_L,72.12036682795144,1.8858605168761358
