frame,joint_16_x,joint_16_y,joint_16_z,joint_14_x,joint_14_y,joint_14_z,joint_12_x,joint_12_y,joint_12_z,joint_11_x,joint_11_y,joint_11_z,joint_13_x,joint_13_y,joint_13_z,joint_15_x,joint_15_y,joint_15_z,joint_24_x,joint_24_y,joint_24_z,joint_23_x,joint_23_y,joint_23_z,joint_25_x,joint_25_y,joint_25_z,joint_26_x,joint_26_y,joint_26_z,joint_27_x,joint_27_y,joint_27_z,joint_28_x,joint_28_y,joint_28_z
0,3.676346,35.110035,231.680649,8.888470,14.242059,235.695312,13.213603,-8.623142,231.440598,35.230839,-4.796334,215.715317,31.186935,19.459873,217.868820,16.510546,34.887810,222.611450,14.113363,27.882782,225.220901,26.506039,30.376583,218.996765,14.064052,48.311596,212.839478,-2.076827,35.842957,227.783432,11.796599,65.176285,215.603622,9.613328,58.448868,224.556641
1,-2.533029,37.971386,226.323105,3.167445,15.938604,232.578308,8.208508,-7.677755,231.189957,28.982784,-4.076225,213.165802,26.555523,19.252712,215.742157,10.470553,35.987766,219.430817,11.041519,29.406313,233.432159,23.393095,31.066387,223.866898,10.315630,45.534096,206.241684,-2.939579,44.085117,228.561539,7.171264,61.069904,216.257919,2.630645,61.775757,229.743240
2,-0.478596,37.635220,229.044418,5.454745,16.056496,233.768997,9.585057,-8.024278,231.902359,30.193043,-3.830291,213.301407,27.651569,19.572420,217.779709,12.766781,36.498108,221.290314,8.461048,27.775509,235.207977,18.677097,30.097363,223.179031,13.549895,45.826740,207.711349,-3.326493,44.620033,233.580750,5.698896,61.814163,217.571945,-3.567632,61.061069,228.560974
3,0.766968,36.086620,227.380524,6.366539,15.403434,233.434464,10.613461,-8.289958,231.761948,31.541155,-4.451981,213.586639,28.234726,19.151978,216.627502,13.415386,36.184460,221.106308,7.039524,26.281052,232.045212,17.492516,28.926519,221.539078,13.346671,47.565979,211.231094,-3.866804,49.982037,228.944382,4.269609,65.064400,216.312195,-2.022640,66.786911,226.868134
4,0.986615,35.771164,228.732941,6.056226,14.494627,232.760696,10.952994,-8.734420,231.887115,32.402359,-4.714088,214.228714,28.838797,19.172421,215.927811,14.133548,36.437164,221.573853,8.790145,25.598848,235.276047,19.495674,28.442430,224.492966,14.555364,46.849514,208.886551,-2.928502,50.167351,230.127579,10.328856,67.961205,219.796341,-3.017876,67.632324,227.893143
5,0.933462,35.796967,229.021805,6.032742,14.384727,233.243195,11.068750,-9.039603,232.559479,32.530293,-4.239261,213.844788,28.109007,19.461033,215.852066,13.997704,36.687267,221.825989,8.529955,26.478462,235.976166,19.731236,28.987917,225.345169,14.383934,46.827454,211.162750,-3.487955,46.058228,231.235474,8.306117,69.220757,219.841858,-3.144788,70.579605,231.015869
6,0.556648,36.344669,228.208282,6.070868,14.512437,232.617325,10.944736,-9.089047,231.918549,32.667973,-4.142965,213.492950,28.715511,19.864473,215.459778,14.073535,36.851933,221.858566,8.936769,26.465302,235.987808,20.330420,30.330082,225.098328,14.230823,49.583477,213.293655,-4.627836,46.430328,231.003799,10.411664,72.264549,221.085907,-0.605413,68.933502,232.502640
7,1.296047,35.963203,228.111755,6.334999,15.005963,232.559296,10.899036,-8.751378,231.244705,33.003349,-4.159039,213.580841,28.980627,20.054396,215.551865,13.826050,37.136600,221.426926,10.172296,26.161116,234.204422,21.775858,30.463495,224.462311,10.139978,50.930462,212.337280,-3.784308,44.723457,231.315140,8.018418,72.424545,220.367798,-3.840035,67.558334,229.411697
8,1.634930,35.506767,227.573196,7.078104,14.459594,233.801102,11.472531,-9.108097,231.440186,32.835823,-4.750852,213.741089,29.597219,19.763006,215.368790,14.762120,36.525181,222.182144,11.100740,26.080734,233.959854,22.441778,30.070526,224.059982,14.393639,47.821964,208.593018,-3.292485,34.925938,226.839142,8.287640,65.057274,215.575287,-0.555605,59.102863,227.039734
9,1.204258,35.365559,227.826843,7.123718,14.187276,232.706055,12.129529,-9.276534,232.022995,32.848976,-4.939507,213.391434,29.123028,19.669426,216.150116,14.780617,36.282658,221.843063,12.257531,25.935713,234.265701,22.877350,29.104570,222.710205,14.126075,45.802204,207.469208,-2.259983,38.964832,230.747040,5.941217,63.566685,212.605042,0.283367,59.358299,224.761887
10,1.100918,35.624119,227.820206,7.494139,14.579429,232.922028,11.991256,-9.062823,231.265930,33.126568,-5.101646,213.325455,29.206114,19.869289,217.030838,13.927304,37.186668,222.765884,13.581269,26.389917,232.154877,24.094599,29.750872,221.637451,11.078273,44.488731,204.161255,-1.281893,36.838558,228.078186,9.376246,63.717319,210.449066,3.268973,53.191311,225.140686
11,0.944654,35.525028,226.195938,7.517916,15.422466,232.941498,12.230794,-8.499475,232.393341,32.751255,-4.898769,213.004074,29.835056,19.765476,215.539047,14.350079,36.551891,221.874298,14.601872,28.098289,231.704315,25.694605,30.914633,220.607178,10.969319,44.241333,205.431061,-2.165294,42.454922,222.405441,11.143200,61.610447,210.738617,5.482159,58.631927,221.510956
12,1.412496,35.514393,226.763733,7.109035,14.876868,233.158447,12.338632,-8.302386,232.277786,32.730675,-4.778536,212.851837,29.253445,19.604366,215.500031,13.940922,36.164207,221.192657,15.542397,29.054050,228.228180,26.777231,32.000515,216.529678,12.262015,46.701103,208.649628,-2.037330,39.082508,222.252075,8.981958,61.863186,212.482346,6.758780,53.634647,225.000809
13,1.353197,35.221149,228.147644,6.569163,14.359838,232.826920,11.985798,-8.766026,231.621124,32.541927,-4.977217,213.197815,29.301151,19.388626,215.596756,13.774289,35.519360,220.229187,16.739811,26.642782,226.915009,29.165922,31.345757,216.323700,12.339565,49.368519,207.643143,-0.188326,39.502434,225.142197,13.296890,65.272911,224.250885,8.852275,56.186283,224.071289
14,1.798310,34.853729,228.018738,6.500881,13.976190,233.077545,11.634949,-8.951666,231.071426,31.965006,-4.751983,212.966858,29.394014,19.397463,215.746521,13.827020,35.860691,221.833893,18.174767,27.288839,228.468674,30.855772,30.696091,218.161316,11.700415,51.287033,207.243164,-2.984482,35.855423,221.121506,10.380003,65.513504,217.238541,7.569628,58.341869,214.635010
15,1.575621,34.680359,227.695435,6.244897,14.289869,233.773575,12.112917,-9.135666,231.975128,32.174713,-5.214665,213.426285,29.320749,18.981804,215.371643,13.528363,35.686394,221.299911,19.042721,28.277946,229.341248,31.648499,30.348715,218.380966,12.760439,50.576195,208.469727,-2.009157,39.147030,220.415527,11.152868,70.402481,219.843826,6.919546,62.923443,213.795700
16,1.239349,34.919716,227.055954,6.150075,14.916868,232.769470,11.792227,-8.904637,231.918976,31.986361,-5.030618,213.108185,29.919621,18.889816,215.911438,13.972947,35.999615,222.382416,18.400881,27.925524,229.718246,31.116888,30.080126,219.326996,11.798952,51.505524,207.578171,-2.803929,40.495029,223.676163,11.405643,70.389107,218.516342,7.434006,65.703354,224.320633
17,0.509244,35.489841,227.205185,5.942721,15.208345,231.569580,11.370131,-8.410207,230.941269,31.865932,-4.863051,213.363907,29.709953,18.959442,215.781128,13.357106,36.414806,221.839554,17.421692,27.663691,230.048401,30.555578,30.198574,219.948715,12.525040,48.743679,207.257172,-1.871570,38.038719,219.459381,12.639985,67.654312,222.672043,6.531296,62.463585,225.605026
18,0.325434,36.179203,226.957397,5.411143,15.525145,232.412842,11.137098,-8.282651,231.742233,31.970041,-4.567341,213.136627,29.738476,19.415216,216.187531,13.386910,36.672001,222.171524,16.319273,29.329988,232.386932,28.723598,30.847931,220.319305,12.308023,47.182564,210.673630,-1.020464,44.036625,229.981506,12.674485,65.728447,221.934723,9.708071,63.287426,232.122330
19,0.891893,36.526974,227.383179,6.345285,15.831486,233.897293,10.952571,-8.610001,232.041199,32.547283,-4.417218,213.606186,30.165388,19.459003,216.641876,13.395679,36.736614,220.772018,14.405065,29.784683,233.137756,27.225887,31.289272,222.698105,12.318031,45.940044,205.751007,-2.533345,47.016468,225.936462,8.833518,66.995125,216.441574,7.903342,67.645996,230.325531
20,1.074340,36.015308,227.990494,6.871643,16.438847,233.923798,11.179712,-8.368785,232.023544,32.435673,-4.444162,213.915604,30.300295,19.571939,217.257889,14.956914,35.794903,221.092346,13.152447,29.076136,235.330643,24.996473,31.121027,224.220032,10.841082,46.388275,206.915329,-2.526057,53.441620,228.964432,6.591737,62.824844,212.455399,4.111665,65.625183,224.805283
21,1.077022,35.654713,226.723434,6.965953,15.788329,233.952377,11.661450,-8.601941,232.587631,32.663280,-4.445013,213.805161,29.214001,19.957922,216.138916,14.569420,36.304951,222.409683,11.849617,27.408844,236.910919,23.286287,30.030260,225.789871,11.905550,45.538677,207.288208,-0.993536,46.954624,231.523941,7.109565,65.112999,217.628922,5.008592,67.336815,236.486496
22,0.588718,36.334747,228.344482,6.436943,15.284809,232.846848,10.834377,-9.293166,231.500641,32.674057,-4.635398,213.430573,29.346518,20.074894,215.793671,14.880982,37.037354,222.406342,9.942688,28.839249,237.522430,21.560247,30.901943,225.792496,11.971116,48.414040,210.860840,-4.011506,50.971226,234.144394,9.289799,70.369972,221.795609,-2.661525,69.698761,231.738632
23,0.650127,35.763042,228.280518,5.505228,15.397467,231.828232,11.165898,-9.060410,232.366898,33.021362,-4.088715,213.694382,29.111797,20.600639,216.308273,14.151809,37.281303,221.267746,8.974888,28.438025,236.709213,21.415741,30.875654,225.698090,14.381961,50.858555,213.951141,-3.088960,51.799759,235.819000,8.946692,76.101089,223.615311,0.045159,77.973534,235.938095
24,1.334107,35.704063,228.045258,6.449445,14.894753,232.478683,11.692639,-9.165516,232.626984,33.237915,-3.595223,213.343887,29.600981,20.827768,215.014999,14.869201,37.067551,221.669586,9.787598,27.647610,236.580978,22.244953,30.914740,225.222015,14.067784,52.610783,214.780655,-3.457151,48.932938,233.291687,10.709396,76.001419,223.257584,1.197082,72.286156,232.409683
25,1.336818,34.948261,227.463379,6.610915,14.252984,233.307281,11.871752,-9.404398,231.563019,33.142277,-3.805588,213.480606,29.539036,20.649647,215.967255,14.579900,37.372589,222.448120,10.474125,27.206667,235.491440,22.296362,30.798870,224.249527,13.261511,52.981201,214.948364,-4.497207,44.502354,232.185196,9.240148,75.271553,223.764954,-0.065485,68.903923,234.177750
26,1.346536,35.738037,227.533203,7.025286,14.865434,233.597214,11.555083,-9.040564,231.291000,33.123337,-4.485176,213.502045,29.342281,19.903332,215.149109,14.851717,36.175152,221.720688,11.141612,27.496078,234.554169,22.781900,30.534641,223.569489,10.626061,47.455711,209.114349,-2.176615,48.182320,230.613464,4.981386,69.515640,216.763824,0.778508,65.642197,230.226685
27,1.240525,35.934517,227.847382,7.468435,15.122093,234.025284,11.406488,-8.764993,231.245621,32.811047,-4.975088,213.481339,30.028000,18.956699,215.991882,14.723332,35.830547,221.317932,12.182508,27.027105,233.706711,23.649679,29.125645,223.506454,14.007120,43.883305,207.837784,-0.377586,47.737709,231.660446,8.107466,64.654129,212.824860,3.912281,63.915104,223.898972
28,0.568641,36.078205,227.175507,7.184887,15.712898,233.355438,11.430151,-8.475485,231.178619,32.469257,-4.697372,212.885559,29.919781,19.299196,216.531616,14.354342,35.877701,220.648895,13.133082,28.612587,234.650558,24.038561,30.240528,222.359665,11.126477,45.878052,207.986755,-1.707195,45.030666,231.092041,8.408566,64.521751,212.746643,4.989614,63.851940,225.277023
29,0.723146,35.984589,228.061935,7.322235,15.854070,233.343079,11.854044,-8.611942,232.064148,32.563286,-4.507923,213.050354,31.105280,19.357458,218.021103,15.000863,35.959785,221.743820,13.422366,29.746796,233.606308,24.762449,31.448736,222.634735,12.133631,47.217506,208.544876,-2.737685,50.942413,227.765915,8.656157,68.787537,219.153687,5.675631,68.280716,227.263840
30,1.062366,35.440838,227.999878,7.063105,15.413067,233.633484,11.606069,-8.783350,231.875305,32.801159,-4.429928,213.405945,30.880754,19.810320,217.613754,15.126277,35.846924,221.521805,13.515691,28.853210,232.127625,25.225723,31.216940,221.458160,11.761454,43.033295,204.940323,-1.870016,47.889259,222.939560,6.911569,65.333656,213.479691,6.294957,68.546577,221.888748
31,1.136260,35.241745,227.380646,7.008810,15.052795,233.193909,11.937428,-8.691091,231.556091,32.511017,-4.399547,213.084869,30.300472,19.857693,216.298141,14.751548,36.102077,221.366348,14.240174,28.932362,230.783524,26.147635,31.537750,220.603149,11.316113,45.001019,204.961670,-3.260025,41.883503,222.306351,8.646904,64.128403,216.423874,7.069009,59.618679,223.840881
32,1.564397,35.692581,227.171646,7.198585,15.384679,232.946228,11.847669,-8.483374,232.124420,32.598507,-4.474064,212.832489,30.359634,19.583447,216.398163,14.274377,36.022625,221.107300,15.095132,29.294014,231.367462,27.099119,31.888126,220.053207,14.928864,47.200897,208.373230,-0.843840,43.242046,228.620148,6.978141,63.806976,216.541794,9.883687,59.877819,235.068970
33,0.893962,35.292179,226.677307,6.860296,14.855981,232.532166,11.647502,-8.635110,231.253311,32.897434,-4.500388,213.323517,29.094261,19.500824,215.187836,13.437327,36.305870,221.323929,15.656990,28.429222,230.262634,27.892700,31.985641,218.710861,12.181951,47.771351,208.968369,-2.309268,39.566280,229.329605,11.732387,64.741768,217.998032,7.896755,59.889931,231.344604
34,0.817731,34.905354,226.579956,6.010806,14.674986,232.652466,11.292346,-8.699068,230.510223,32.845272,-4.485636,213.393616,29.143034,19.450001,215.653671,13.567679,36.300064,221.932968,16.128611,28.308397,230.554184,28.840149,32.055332,220.024048,14.642212,48.588585,208.738312,-3.336431,39.547985,226.787888,12.080269,64.864876,223.319748,8.079385,57.272755,225.484833
35,0.623176,35.227970,226.208633,6.555880,14.794078,232.777191,11.370822,-8.394573,231.061951,32.991978,-4.627821,213.906845,29.427244,19.298372,216.343918,13.182706,36.450279,221.970917,16.403032,28.500031,230.952576,28.840794,31.625162,219.998962,14.320081,49.085991,211.985504,-1.439581,42.517365,227.890152,8.556623,64.131477,219.569855,6.554605,59.807518,224.855774
36,0.814608,35.571915,227.161224,6.740585,15.139364,233.059555,10.872212,-8.025214,230.454468,32.677200,-4.538808,213.600449,28.896881,19.441849,216.004532,12.553251,36.695225,221.282913,16.147167,30.148298,231.548798,28.504095,32.190071,219.640488,13.304375,50.142456,209.577682,-1.754555,42.957954,226.562302,9.065060,65.175591,218.694641,6.637109,62.433620,226.178864
37,1.247701,35.258423,227.760223,6.665813,14.705017,233.266464,11.081186,-8.602691,230.879318,32.493740,-4.629309,213.298187,29.293053,19.562792,216.282166,13.110946,36.927521,221.457886,15.585947,27.130428,230.938828,28.261507,31.745872,220.216263,13.440598,47.431999,210.517944,-2.308985,40.238182,229.925262,9.513890,66.373611,222.135727,8.675892,62.454926,233.212173
38,0.432791,36.350948,227.683350,5.941383,15.236995,233.740128,10.921398,-8.487336,231.557175,32.152870,-4.545031,213.328644,30.855751,19.448511,217.068298,14.246148,36.408596,221.902985,14.508082,28.550518,231.852722,27.651562,31.450632,221.931427,14.580135,46.002949,208.104263,-2.959440,42.310192,228.786469,8.176050,65.468201,220.144989,9.496251,61.822647,232.606659
39,1.767830,35.990597,228.897919,7.394405,15.764891,234.796097,11.219290,-8.644619,231.910110,32.489647,-4.293434,213.612091,30.748049,19.531395,217.835739,14.833488,36.123619,221.282501,13.693885,29.936388,234.223679,26.253151,31.664242,223.620346,12.949121,47.269058,208.009262,-2.101689,50.193153,227.690994,8.212181,65.656181,213.852478,6.043571,66.830643,226.495331
40,0.787487,35.969696,228.713654,6.859123,16.329830,233.879196,11.278421,-8.428649,232.530609,32.471397,-4.609997,213.750214,30.589718,19.663412,217.478302,15.008936,35.604919,221.575378,12.662399,27.993128,234.827133,24.485111,30.605522,224.432983,12.889105,47.700500,209.593552,-2.048927,52.510231,229.181961,9.142596,68.107689,214.253983,5.521674,69.066772,226.072464
41,0.922822,36.550945,227.780075,7.002037,14.914614,233.646820,11.623117,-9.307648,232.678604,32.639297,-4.760755,213.538483,29.411358,19.483995,216.500000,15.120872,35.937229,222.636292,11.812283,24.197332,234.733459,23.046034,28.735174,224.509552,12.400721,45.329655,207.765259,-1.422498,41.774853,232.108093,8.010323,64.216827,217.175919,3.943176,63.163815,233.884506
42,0.950799,35.974380,227.722214,6.429140,14.794287,232.547592,11.509706,-9.371163,232.203629,32.697430,-4.724713,213.128494,28.350740,19.410578,215.027130,14.650097,36.802879,221.008652,10.881625,26.317524,236.837769,21.476393,29.565262,224.262070,13.095984,49.641720,214.914291,-2.825702,46.397270,232.082703,10.646522,71.487518,222.881821,1.630722,70.324478,234.322845
43,0.874167,36.048431,227.462326,6.306838,14.966921,232.315216,11.438235,-9.229276,232.160843,32.841652,-4.519912,213.302963,28.307169,19.426493,215.148575,14.398487,37.130604,220.948532,10.106858,26.609762,236.217255,21.581909,30.768616,224.866913,11.323562,53.145172,213.805695,-5.212174,44.799831,230.214172,9.899914,73.142372,222.931564,0.126725,69.720085,233.589172
44,0.781772,35.958988,227.102783,6.538791,14.963132,232.684799,12.008318,-9.486523,232.292816,33.075230,-4.359044,213.360229,28.177929,19.412146,214.817062,14.521433,37.371174,221.257370,10.117533,26.781755,235.643127,21.890781,30.937946,224.750488,11.650277,51.196098,213.805161,-4.712800,42.665218,227.822937,9.455270,73.739746,223.833054,-0.279909,69.683029,233.409134
45,1.370071,35.828125,228.131973,7.066656,14.574716,233.267990,12.001563,-9.265217,231.691055,33.174728,-4.821779,213.536057,28.818531,19.039427,215.598282,14.697916,36.776283,221.764267,11.203261,26.396492,234.686676,22.698093,30.212046,224.089890,11.709260,49.840061,211.746506,-3.842995,40.892593,228.216080,9.182855,69.048332,219.983414,3.640812,64.517815,231.247833
46,1.278342,35.266449,227.299454,6.917527,14.421332,233.748779,11.705534,-8.866194,231.637177,32.838406,-5.612151,213.028488,28.846540,18.260445,214.610550,14.817616,36.079895,217.933319,11.439146,27.074673,234.071503,22.825159,30.396948,223.259003,11.163573,47.902046,207.877487,-2.783915,39.321983,228.642578,6.889683,64.552086,218.462769,1.896829,58.905861,231.544998
47,1.598383,35.589478,226.673920,7.591855,14.122458,233.482147,12.005498,-9.417484,230.952606,33.000553,-6.107693,213.024506,28.482792,17.822454,214.848404,13.962209,35.821228,217.920990,12.746841,27.647808,234.725693,23.972391,30.818750,223.566757,11.051539,47.784534,208.907181,-2.060379,37.101227,226.546158,9.586034,62.638435,222.533905,2.947960,57.376747,227.190109
48,0.905433,35.795807,226.362503,6.755998,14.849524,232.481735,12.169769,-8.968828,231.886261,32.594707,-6.313060,213.298523,29.771032,16.670086,214.635193,14.467417,35.139503,218.382736,12.376232,29.249744,233.081696,24.061817,31.795938,222.204605,10.904551,45.234219,206.670471,-2.644207,39.261002,226.744812,7.077910,60.655785,215.212006,4.007256,59.640549,227.209412
49,1.474592,35.676308,227.794601,7.398138,15.152397,233.261993,12.262939,-9.025210,231.697952,32.490643,-6.142260,212.665497,30.386753,16.516008,215.023758,14.740358,34.650146,217.535065,13.036930,30.890032,232.288742,25.303400,32.411457,222.465637,13.959057,46.817741,208.339325,-2.990140,46.195740,225.931702,11.036479,65.210007,219.126526,8.095623,64.023476,228.203995
50,2.175752,34.172840,226.547272,6.945414,13.922863,233.152588,12.200279,-9.563087,231.791031,32.680725,-7.057219,212.292557,30.463276,15.734044,212.902832,14.991441,33.229023,211.317429,13.559384,31.330755,232.203110,26.191347,32.711311,221.466141,18.416443,45.512299,206.697495,-1.886282,50.968086,231.645401,11.413983,60.463371,210.903748,13.924759,60.155693,231.012970
51,2.734075,33.850155,227.940216,7.100906,13.619151,232.572556,12.313238,-10.035219,231.569946,32.700256,-7.720215,211.765488,30.909739,14.928496,213.123352,15.645247,32.687065,211.845901,14.732327,31.203697,231.930832,27.909559,32.798218,220.522430,22.798626,44.497654,209.689621,-0.896375,46.840363,230.461395,10.261881,59.701553,210.964264,12.882065,63.607185,226.333359
52,2.327897,34.013924,227.130478,6.890151,13.507184,232.041275,12.578070,-10.083287,231.616821,33.077358,-7.671830,212.163651,30.048697,14.473103,212.604736,16.030109,32.930794,212.111252,15.829196,30.427717,230.880814,29.297695,32.076267,220.094345,26.601179,42.835514,215.814056,0.086673,43.992134,226.706116,8.595655,57.255062,216.732376,16.247429,65.570869,234.353683
53,2.057311,33.271202,226.701263,6.125435,12.836086,230.338425,12.127201,-9.819091,231.144394,32.978649,-7.547379,212.214798,30.936073,14.035457,213.299423,16.811947,32.445335,212.725571,16.215359,31.208637,231.117386,30.147598,31.941605,220.099762,25.229742,43.800602,214.037598,0.646224,47.929829,230.237823,13.447107,63.223274,216.931885,18.475578,67.659981,233.272598
54,2.275403,33.654224,226.372849,6.139596,13.197122,231.647171,11.672139,-9.970763,231.863205,32.836792,-8.303279,212.367249,31.451080,13.237709,212.076340,18.499508,32.960052,207.727310,15.805739,31.388727,231.703568,30.167345,31.545517,220.752869,29.228910,34.968010,201.410812,3.973173,48.977417,233.450958,12.411871,57.341133,207.342178,18.453747,64.550331,226.728195
55,2.803296,33.735126,226.989746,6.909797,13.260543,232.832230,11.347068,-9.868898,231.105209,33.152855,-8.415195,212.495178,32.238647,12.979090,212.575226,19.284561,33.253792,208.663406,16.323046,31.776253,231.976532,30.328415,33.019203,221.192017,30.574350,43.165241,208.265167,0.724557,51.400421,232.910538,16.747623,59.461178,211.224396,16.507065,63.464287,229.344254
56,2.541516,33.751862,226.934662,7.086486,12.902456,232.475861,12.174264,-10.399323,232.352234,33.043781,-8.445455,212.972046,31.976116,13.260585,212.616730,20.372461,33.372345,209.844757,16.166512,29.518290,231.933350,29.837738,30.520964,221.248398,26.075148,41.002258,206.835968,-0.662463,49.934429,229.253555,16.422108,60.994087,211.525833,12.378742,61.809395,224.323532
57,2.511152,34.006824,227.688110,6.780349,13.279691,233.518661,11.675115,-9.501477,231.653397,33.350700,-8.280073,213.531418,32.120564,13.456721,212.281464,20.680807,33.763294,211.286545,15.729799,29.046865,231.546280,28.829069,30.145315,221.978012,25.110363,37.418209,204.456192,-1.046502,39.763412,226.506012,13.110435,60.700142,214.100876,12.120479,62.785362,227.494797
58,2.567889,33.830009,227.034866,7.080504,14.167109,233.039078,11.594803,-8.951564,232.136566,33.628674,-7.916454,213.789520,31.600138,13.833573,212.421997,20.724627,34.074642,211.888947,15.648390,31.100996,233.380463,28.512308,31.492062,222.399155,19.239920,41.701702,203.273743,-2.329377,46.638802,230.446045,11.336464,62.550556,213.474884,16.955875,63.913925,231.377014
59,2.805527,34.405453,227.922516,7.238440,14.438986,234.104034,11.604032,-9.125292,232.915756,33.422974,-7.875721,213.776382,32.577099,14.717548,212.934265,20.926485,34.226021,212.079987,14.092957,31.832182,234.217926,27.745131,32.807747,223.955276,20.266603,45.918106,209.697983,-2.328706,55.770332,232.605331,13.961801,65.976860,213.277863,12.353589,66.345352,226.091721
60,1.937416,34.125614,227.015610,6.722687,14.558480,232.280441,11.251240,-9.416759,231.937668,32.749481,-7.292797,213.004517,31.823675,15.835702,212.425018,20.724503,34.407036,212.053192,12.839813,32.096420,234.423141,26.117208,34.281292,223.182098,17.200764,47.851871,209.634277,-2.124522,52.302170,228.774994,10.336152,70.197311,214.446106,6.479364,73.653732,226.323868
61,2.641438,33.721153,227.381393,7.318483,13.676888,233.079468,12.307549,-9.845322,232.515305,33.282848,-6.904681,213.274506,32.403362,16.717587,213.997635,20.700399,34.646774,212.531448,12.582341,30.613050,234.753433,25.507092,34.310078,224.128418,20.074799,47.425587,210.292389,-2.979801,49.580608,228.746445,10.034994,71.344841,216.695297,5.109268,71.764069,233.385605
62,2.728830,33.765209,227.681458,6.915087,13.500887,233.346161,11.939075,-9.632453,232.287643,33.638203,-6.640201,213.742157,31.410648,17.252432,213.297485,19.758936,35.014385,211.592422,11.505838,31.045425,235.529449,25.008408,33.763496,223.736572,24.035320,45.329563,213.936890,-2.692476,51.547516,230.479721,8.882538,70.956825,219.377472,5.016449,77.364243,230.882919
63,2.731120,33.354977,227.462234,7.454144,13.515256,234.026535,12.406477,-9.592802,232.851166,33.531277,-6.477881,213.347366,31.138914,17.248568,212.804245,19.722883,35.343964,211.589828,11.749024,30.527683,235.455780,24.626392,33.904324,224.071396,18.737469,48.924583,211.072586,-2.892616,51.927155,231.176041,8.097435,71.179306,219.959839,4.685772,77.741272,236.301559
64,2.359025,33.266579,227.072708,7.274358,13.545873,233.490616,12.223258,-9.752650,232.877243,33.736328,-6.521814,213.632080,31.044849,17.213436,212.935150,19.565084,35.529129,211.263870,11.672861,29.759361,235.513916,24.664455,33.367550,224.228455,21.404896,48.251045,210.767136,-3.416460,49.940769,229.635803,12.603442,71.739311,220.410294,3.158548,74.035995,230.357330
65,2.711674,33.482876,227.982910,7.534961,13.935754,233.887650,12.326649,-9.737370,232.749100,33.623699,-6.450128,213.349670,30.899467,17.200996,213.362015,19.512041,35.723801,211.793015,11.291730,30.693138,234.747955,24.651844,33.527641,223.834442,20.197643,49.171711,209.932297,-3.435383,51.367226,229.419922,14.480761,72.739334,221.403809,7.944234,72.534935,233.431824
66,2.522809,33.046612,227.809341,7.507349,13.461411,234.460739,12.341571,-9.820651,232.756973,33.489388,-6.282479,213.281021,30.914719,17.414566,213.789200,19.406792,35.677631,211.612000,11.193999,30.780575,234.546906,24.679745,33.698238,223.930405,22.618778,46.836979,211.449707,-3.227596,51.117317,230.627350,14.219830,72.964027,223.225586,4.073551,75.126060,234.994171
67,2.512767,33.288521,228.066895,7.480639,13.142387,234.346848,12.622378,-9.966913,232.790314,33.667065,-6.393632,213.492188,30.848751,17.442818,213.856888,19.458183,35.573727,212.169388,11.423648,29.642113,233.903503,24.618816,33.086952,223.572174,20.273088,44.720276,210.436783,-3.028577,50.180756,229.685577,12.964868,71.476723,223.760376,4.266193,74.571846,232.169357
68,2.815247,33.263073,228.052933,7.569331,13.371291,234.274658,12.389464,-9.942642,232.439087,33.655144,-6.213126,213.581345,30.375834,17.474695,213.185425,19.575096,35.682873,211.764801,11.104524,29.150591,233.609177,24.262541,32.892792,223.364243,20.575495,46.226341,210.061050,-3.117693,50.100395,227.794006,13.813598,72.370018,224.876038,6.252986,71.178276,235.082718
69,2.522287,33.180889,227.760681,7.423521,13.656226,234.267288,12.410039,-9.810645,232.562210,33.595036,-6.392225,213.837738,30.659735,17.422920,213.254303,19.722698,35.660191,212.157211,11.389901,29.285231,233.800751,24.485386,32.581043,223.734406,24.099958,45.684895,213.170670,-2.781569,50.845997,227.269150,10.238771,69.945229,220.558823,4.640352,75.150826,233.474716
70,2.879998,32.830681,228.344894,7.179815,13.152440,234.446732,12.425429,-9.873715,232.152039,33.422550,-6.354403,213.754715,30.456167,17.226522,213.749313,19.576982,35.421810,212.253098,11.208013,28.289326,233.202606,24.215326,31.379978,223.154068,21.609928,45.331718,211.636520,-2.543528,49.550072,228.074036,13.963177,69.768524,222.101059,3.397035,71.022346,233.347565
71,3.233068,32.904388,228.739166,7.119330,13.010252,234.504623,12.444856,-9.997066,232.121201,33.578678,-6.356836,213.732727,30.793293,17.169558,213.782806,19.261299,35.344593,212.047928,11.740479,29.452011,234.446442,24.408785,32.381622,223.183319,19.613937,46.506718,209.210281,-2.822665,47.625732,231.053879,12.970784,69.182892,220.468735,4.301922,70.178719,233.912796
72,2.871724,33.076218,228.498611,7.477250,13.012517,234.549393,12.586618,-10.338230,232.917053,33.602959,-6.351746,213.976318,30.283159,17.173616,213.642502,19.506205,35.628292,212.332352,11.186407,28.746967,233.672409,24.152981,32.432114,223.899780,21.173805,44.082962,209.870041,-3.103383,48.974319,230.330338,16.974543,68.012161,224.107864,5.973907,69.249542,235.899750
73,2.858312,32.860058,228.373611,7.044647,13.344574,234.152878,12.068002,-9.971123,232.303085,33.739048,-6.473446,214.017685,30.693882,17.074785,213.833755,19.302244,35.373264,212.217178,11.016622,29.115675,233.246140,24.297892,32.474812,223.443542,20.573648,47.949722,212.364914,-2.975889,49.738308,227.609375,13.476073,69.742142,223.039627,4.907217,70.861244,234.518738
74,2.970431,32.852547,228.471817,7.099893,13.417483,234.178818,12.174300,-10.016121,232.380646,33.785763,-6.500985,214.003235,30.692625,17.033693,213.685532,19.324385,35.338844,212.219131,11.251498,29.135323,233.531052,24.355885,32.472469,223.380325,21.118034,48.300129,213.347031,-1.897548,50.956951,228.908752,10.607388,69.517487,220.654434,4.020238,72.895248,231.541153
75,3.052708,32.739594,228.354965,7.122840,13.463774,234.286285,12.109693,-9.837261,232.204910,33.829884,-6.371701,214.197739,30.469837,17.070993,213.603195,19.004904,35.677063,211.961899,11.164602,29.813202,233.492203,24.393070,32.602470,223.293411,18.355680,48.739315,211.003693,-1.836932,50.560032,230.014664,10.192797,72.031761,219.308670,1.893121,75.524879,226.835907
76,3.106617,32.876099,227.519531,7.237237,13.363006,234.256851,12.337285,-9.915990,232.766022,33.847969,-6.030905,213.861984,30.384371,17.404905,214.388153,18.996256,35.983829,212.413864,11.477852,29.173492,233.701569,24.748323,32.651218,224.125793,20.734932,47.767303,210.740570,-2.149700,50.758884,228.890396,13.189361,72.128830,220.463913,2.301836,72.834930,227.348251
77,3.154447,32.887321,227.355148,7.327613,13.303397,234.332703,12.511066,-9.794167,232.749573,33.666183,-6.004523,213.549240,30.753841,17.728252,214.453140,19.163849,35.964752,212.467331,11.720609,29.314814,234.135605,24.451376,32.794712,223.339218,19.238842,48.226852,212.102478,-1.463877,51.902134,230.828506,7.475471,69.070755,216.591354,2.712225,73.611908,226.633652
78,3.374017,32.865101,227.578964,7.514217,13.466155,234.046982,12.491888,-9.827865,232.637299,33.853180,-5.980503,213.731049,30.219633,17.746727,213.890060,19.039000,35.933266,212.423599,11.794828,28.690813,234.077362,24.471127,32.513233,223.731400,19.596027,48.577709,212.267548,-2.778049,48.626911,229.055374,10.385138,70.023277,217.928146,-1.048740,71.295189,226.512268
79,3.626005,32.715275,227.606750,7.642589,13.138546,234.399109,12.678507,-10.030823,232.714264,33.521019,-6.008889,213.466110,30.507738,17.718929,213.601501,19.089170,35.929905,212.339661,11.506369,29.509167,234.048279,24.124865,32.785709,223.074402,16.066326,50.783695,210.204041,-1.934598,50.912292,228.141800,10.827691,71.319214,219.209991,3.284560,73.437004,228.262314
80,3.680456,33.037907,227.617584,7.715354,13.287342,234.066299,12.490417,-9.816072,232.314667,33.704231,-6.038980,213.480865,29.972116,17.733984,213.965332,19.101847,35.977352,212.158493,11.671186,29.093765,233.707870,24.269899,32.835625,223.430099,15.592954,48.538387,209.057175,-1.595707,51.351570,228.071640,8.501937,70.743523,217.375092,2.062967,71.206230,226.717194
81,3.612457,33.025085,227.928162,7.634240,13.106437,233.984634,12.655427,-9.822774,232.115082,33.762321,-6.187748,213.405502,30.368345,17.602848,214.155380,19.225006,35.936153,212.499084,11.983447,28.859119,233.985352,24.271074,32.668865,223.455322,16.597179,47.997463,209.267944,-1.842917,50.219063,229.629242,9.216326,68.999001,216.264236,3.858253,70.276070,225.796829
82,3.489978,32.721191,227.909775,7.747530,12.814296,234.061752,12.826859,-9.836424,232.320923,33.805176,-6.312319,213.313126,30.439487,17.411018,214.075363,19.402864,35.945877,212.725647,11.935111,28.988770,234.034271,24.261305,32.500942,223.387589,17.417864,48.462437,209.737595,-1.905915,48.306183,229.662277,11.947813,68.062538,217.809784,5.351083,70.294228,228.051575
83,3.290016,32.823441,227.453079,7.633615,13.199329,233.893539,12.741970,-9.783765,232.366241,33.690811,-6.374619,213.109085,30.844574,17.272476,213.952591,19.267939,35.848827,212.350571,11.805146,28.907234,233.754547,24.296265,32.439487,222.909897,18.556894,48.139458,210.740891,-1.682430,49.389423,230.852036,11.399798,68.039391,218.009277,5.693370,70.745171,228.588211
84,3.433568,33.257717,228.239777,7.348564,13.217746,233.845932,12.258965,-9.708613,232.043945,33.842304,-6.332029,213.280746,31.178673,17.220949,214.488541,19.187832,35.866592,212.281830,11.921576,29.501461,234.542236,24.821573,32.776276,223.648422,18.489056,47.290798,208.151245,-1.757049,49.257336,231.901718,12.110118,70.505249,218.992737,3.282492,71.937485,231.725952
85,3.210537,33.047661,227.582169,7.503843,13.409699,233.742676,12.309692,-9.788672,231.909271,33.614571,-6.246461,213.240234,31.105543,17.155312,214.221817,19.272840,35.862274,212.075348,11.470113,29.291483,233.768311,24.186716,32.927460,222.805267,17.978054,48.054836,210.902588,-1.436359,51.945187,230.211639,10.054555,71.773521,218.828674,-0.152165,74.887794,225.778412
86,3.390061,33.091442,228.112885,7.563557,13.106051,234.207520,12.452409,-9.855420,232.050446,33.845238,-6.265759,213.315994,30.864794,17.238861,214.382812,19.182322,35.929382,212.210587,11.824434,29.511889,234.351044,24.640011,33.015217,223.718689,18.673309,47.218857,208.189621,-1.439275,49.358643,231.222290,13.119817,70.934952,219.906219,4.116080,70.131187,232.498734
87,3.152941,33.206989,227.417145,7.347929,13.340523,233.680374,12.346977,-9.938151,231.848785,33.615696,-6.195072,213.198364,30.720776,17.326206,214.008102,19.217905,35.949104,212.035507,11.403280,29.414721,233.823959,24.086733,33.030888,222.826263,17.754168,47.668083,210.149734,-1.643526,51.730984,230.129974,11.196168,71.554230,219.411880,0.995150,74.035522,227.816330
88,3.304892,32.871822,228.080719,7.772705,13.013979,233.958878,12.785980,-10.027836,231.868713,33.936897,-6.083935,213.605743,31.029451,17.316570,213.811829,19.273636,36.048672,212.421829,11.945036,29.229654,233.693939,24.641710,32.768360,223.491089,19.422216,48.089714,210.609726,-1.515645,50.338882,231.228409,13.475980,71.385185,218.177078,4.337848,70.481323,224.380127
89,3.427068,33.447247,228.375504,7.885776,13.226610,233.878052,12.548176,-9.971032,231.724808,33.835129,-6.050632,213.439255,30.677324,17.504702,213.676193,19.196945,36.203644,212.354050,12.037097,28.715778,233.471924,24.607740,32.097794,222.906631,17.913034,49.253021,210.086884,-2.883338,48.429787,229.476730,14.246968,68.628296,218.615112,6.192711,66.661842,227.489944
90,3.386651,33.050217,228.451614,8.001355,13.163187,233.935120,12.803347,-10.037297,231.608200,33.649792,-6.026945,213.204987,30.356449,17.522383,213.940826,19.140524,36.172554,212.095703,12.453612,28.239971,233.413513,24.524685,31.821384,223.257874,17.299065,49.102978,209.231339,-2.930739,47.410946,229.699799,13.869034,69.510223,218.393509,5.027256,67.763184,228.820587
91,3.410685,32.998455,228.721252,8.361419,12.993742,234.273331,12.849805,-9.885483,231.837723,33.616711,-5.993146,213.047379,30.273199,17.509972,213.783142,19.184519,35.969986,212.289383,12.405328,28.508348,233.225861,24.770592,31.487640,223.123383,16.933641,49.492672,210.283752,-2.670298,49.315758,228.082306,14.012635,71.254646,219.840286,5.436533,70.500916,230.957733
92,3.591394,32.985306,228.999680,8.438951,12.644728,234.514206,12.924106,-9.967940,231.152740,33.583744,-6.280095,212.646194,31.002304,17.394913,214.485626,19.487366,35.714729,211.834839,13.348656,27.436085,233.662643,24.976934,30.125666,222.831863,17.098013,47.540783,208.196030,-3.433668,47.994141,229.353790,13.463159,69.333961,214.482941,3.338959,67.115517,227.251862
93,3.224522,32.793339,228.877243,8.143694,12.774664,234.257690,13.142968,-10.034215,231.242813,33.487526,-6.271096,212.515686,31.215979,17.242901,214.463928,19.614134,35.538548,211.937241,12.907407,28.338190,233.434647,24.817680,31.177452,222.998489,16.345514,48.031284,207.974777,-2.860721,48.259605,229.562637,11.619480,68.211914,217.317078,2.990775,66.552727,229.898621
94,3.376755,32.435722,228.648788,8.502216,12.307249,234.383911,13.614345,-10.483990,231.432648,33.647179,-6.332288,212.770737,31.369068,17.082933,214.493973,19.582279,35.512310,211.762604,13.428468,28.643345,234.282318,25.090725,31.174217,223.669693,16.457634,47.450829,208.502762,-3.505280,48.761089,229.505020,14.906338,69.560661,215.841690,5.235700,69.035538,228.239227
95,3.474485,32.429569,228.864304,8.753601,12.427682,234.336319,13.617511,-10.284106,231.691269,33.658516,-6.495635,212.546295,31.480991,17.008415,214.506302,19.639120,35.487076,211.822281,13.643880,29.078224,233.912994,25.522377,30.789316,223.479599,20.362617,48.524483,211.080673,-3.197094,48.046795,227.819901,15.917002,67.080009,212.756866,7.644664,64.937096,218.921677
96,3.606926,32.141041,228.351471,8.842315,12.226780,234.868027,13.612654,-10.671284,231.493622,33.696739,-6.516655,212.661926,31.928490,16.708132,214.880539,20.193130,35.388466,212.263824,13.659087,27.820568,233.415863,25.485392,29.505459,223.252640,23.418980,44.061398,212.405518,-1.883081,49.083050,228.507645,11.914610,63.944633,211.959686,7.913542,67.481438,221.327393
97,3.314684,32.700512,228.656082,8.238801,12.796738,233.715897,13.418638,-9.958142,231.852310,33.619347,-6.489344,212.669434,31.447517,16.799034,214.483658,19.994955,35.092979,212.057312,13.168489,29.346846,232.944489,25.492712,31.405920,223.658524,13.425546,49.246811,207.675598,-2.872037,49.663109,228.493271,10.062684,65.375702,210.909302,4.415873,64.553101,217.906479
98,3.582168,32.135654,229.117828,8.552052,12.500393,234.358307,13.513170,-10.272350,231.810760,33.709904,-6.391461,212.783325,31.709969,16.722450,214.437943,20.019571,34.846363,211.962540,13.560437,27.746632,233.144714,25.358572,31.160463,223.577209,16.490633,47.319977,208.485046,-2.456026,47.903465,229.024902,9.786160,63.920704,210.611801,8.096376,62.829750,228.408478
99,3.450939,32.319340,228.807724,8.780342,12.348716,235.143799,13.408081,-10.445128,231.476273,33.645603,-6.461103,212.698471,31.488983,16.787645,214.188141,19.784729,35.152287,211.611450,13.528210,28.008259,233.681168,25.338707,30.879906,223.196548,15.127928,49.594929,209.253159,-2.553062,48.727230,230.604202,10.893701,68.111923,212.019562,1.776705,67.906685,219.787033
100,3.612092,32.062187,229.486115,8.662083,12.478146,234.515289,13.360334,-10.391764,231.900162,33.721123,-6.399000,212.443512,31.804140,16.871429,214.412949,19.896353,35.238468,211.957245,13.138722,29.142702,233.659317,25.591982,32.158688,223.622360,16.384668,51.991577,209.589844,-3.701954,49.410530,229.172073,12.018078,70.027679,214.148575,1.862515,69.361900,219.488174
101,3.641933,31.960398,229.101074,8.463401,12.231293,234.653687,13.476091,-10.547711,231.882843,33.632130,-6.517392,212.531128,32.006226,16.808498,214.281570,20.165363,35.281837,212.197479,13.171016,29.036293,233.476501,25.395546,32.176350,223.584015,19.095016,45.898621,210.017136,-2.044288,49.590881,228.931946,8.726051,66.562859,212.701904,3.680993,69.811752,223.028015
102,3.797460,31.856030,229.306595,8.633164,12.057414,234.610397,13.619393,-10.778071,231.899353,33.748566,-6.599187,212.680374,31.966116,16.630335,214.735321,20.187532,35.109497,212.184601,13.386184,28.487005,233.725098,25.377968,31.853384,223.637650,20.751301,47.124577,212.122177,-1.814138,48.492531,230.681656,7.983436,64.643631,211.829514,4.253617,68.988426,220.820908
103,3.844891,31.662252,229.423309,8.777189,11.805187,234.808487,13.580853,-10.785306,231.964569,33.724361,-6.513097,212.570953,31.364906,16.704947,213.943039,20.184841,35.085903,212.419373,13.001637,28.622242,233.388824,25.340675,31.982607,223.776062,19.832378,47.460915,211.754318,-1.584935,50.585411,230.526276,8.011700,66.190125,212.947083,4.658251,71.259689,224.873550
104,3.637412,31.592384,229.381363,8.649449,11.567245,234.913559,13.573049,-11.068982,231.652817,33.711353,-6.513025,212.389786,31.740641,16.600163,214.353149,20.140490,35.096344,212.651917,13.078539,28.080498,233.305725,25.336538,31.461290,223.513321,22.334574,45.568466,213.254120,-1.504687,50.328529,231.593170,9.891797,67.016739,215.205582,8.163742,73.374496,233.691910
105,3.578458,31.729090,229.224228,8.665664,11.913162,234.706924,13.548989,-10.942763,231.847458,33.726055,-6.444251,212.515503,31.877935,16.634705,214.530594,20.063480,35.113438,212.694870,13.217424,28.059628,233.532410,25.494339,31.395397,223.929016,25.198099,47.415245,214.796875,-2.035228,46.751007,231.104385,12.556724,65.550240,215.509323,6.321752,67.603043,229.626373
106,3.816764,31.783772,229.704285,8.568480,12.111060,235.101089,13.424191,-10.558571,232.000488,33.918152,-6.061233,212.918411,31.518408,16.901031,214.252075,19.596010,35.132137,211.693008,12.678568,29.588512,234.216141,25.428827,32.466599,224.520248,19.365305,49.198723,210.329590,-2.335012,47.536716,230.506607,16.507282,67.089439,219.605957,4.557793,66.445992,232.364410
107,3.556093,31.678270,229.164520,8.709682,11.445100,234.992157,13.569614,-11.159476,232.202316,33.851421,-6.001604,213.037033,31.169119,17.051350,214.270157,19.588099,35.216278,212.146027,12.531250,28.791042,234.373291,24.993826,32.254135,224.748505,19.912109,46.750946,210.097610,-2.642522,47.876362,229.635422,16.239929,67.315788,220.092010,8.476383,65.277374,228.754578
108,3.362953,31.647701,228.973465,8.109707,12.143939,234.605087,13.540668,-10.786024,231.836853,34.096077,-6.065125,213.190872,31.295620,17.211527,214.102280,19.496595,35.346695,212.407425,12.101915,29.673698,233.892578,24.665016,32.823071,224.076218,17.326323,49.556320,210.524750,-2.879050,50.242077,231.135605,13.714742,69.818542,219.889069,4.346314,68.567604,228.218918
109,3.477231,31.701948,228.943527,8.080509,12.343884,234.471024,13.271739,-11.021923,231.782288,33.944630,-6.244353,213.127655,31.173546,17.373001,213.907898,19.253923,35.671707,212.332718,12.088765,28.998476,233.780853,24.533976,32.673985,223.781464,18.225124,50.063187,209.504761,-2.723148,47.665184,230.726807,13.752714,70.386047,219.485107,7.889699,66.282990,231.763062
110,3.523585,31.784550,228.941025,8.030856,12.349936,234.578705,13.284740,-10.915550,231.615326,34.238499,-6.149723,213.301392,31.245935,17.482801,213.981018,19.424843,35.685478,212.434296,12.057483,29.287949,234.092331,24.731291,32.760319,224.230530,18.520332,50.274502,210.219437,-2.853330,50.087002,232.391235,14.399612,69.953873,220.393051,5.562658,65.750854,224.941055
111,3.360271,31.767143,228.727036,8.075628,12.147962,235.128464,13.153049,-10.896690,231.741516,33.976917,-6.095045,213.160233,30.893240,17.636913,213.946014,19.524942,35.669788,212.280563,12.052593,28.958109,234.144043,24.299377,32.466713,223.472916,19.519497,49.020489,209.712875,-3.250335,48.295689,233.896606,18.796904,69.002899,222.668442,7.706633,63.664932,234.571609
112,3.552316,31.646410,229.520752,7.973148,12.152269,234.455368,13.171824,-10.954215,231.542130,34.050060,-6.005062,212.946396,30.897051,17.593510,213.980972,19.597178,35.495770,212.483673,12.441313,28.941957,234.256470,24.373161,31.906519,223.009750,17.950497,48.985703,210.076645,-2.966294,47.087215,231.836105,15.581602,69.674652,220.125015,6.258564,66.514954,233.589203
113,3.563923,31.620432,228.987000,8.195620,12.314795,234.623016,13.414406,-11.073277,231.482941,34.024460,-6.088992,213.163437,31.591225,17.581585,214.409332,19.598959,35.389282,212.246811,12.188777,30.540194,234.538101,24.767744,33.251534,223.950089,18.174549,48.843990,209.446106,-2.566487,49.543812,231.443985,15.135675,69.789116,221.579788,7.040461,69.061287,230.117950
114,3.278912,31.262774,228.977768,8.344915,12.134090,234.653412,13.261559,-10.815364,231.590393,33.797478,-6.096553,212.863464,31.197996,17.518211,213.549835,19.769636,35.236259,212.347015,12.748320,29.611334,234.381104,24.701538,32.952328,223.601273,14.803700,50.210804,208.012344,-2.535038,49.165947,231.814423,15.271018,70.989502,220.554886,8.953512,65.204109,232.253967
115,3.737485,31.326874,229.570358,8.411031,11.979988,234.809616,13.602686,-10.966708,232.002167,33.861637,-6.190464,212.885284,31.930832,17.400927,214.471939,20.090511,35.162724,212.367081,12.725302,29.083839,234.171494,25.353941,32.035923,224.267044,22.699104,48.191792,211.994141,-2.205940,47.182186,231.193405,13.528196,67.990067,218.262207,6.568122,66.565727,228.128174
116,3.568097,31.459358,229.314987,8.288454,12.139552,234.900208,13.444985,-11.037395,231.846039,33.763264,-6.036692,212.794785,31.656857,17.465418,214.379150,20.009098,35.212029,212.135361,12.598140,29.489315,234.438614,25.217627,32.641239,224.242996,19.792519,48.990520,210.031265,-2.103342,48.583298,231.645950,13.683621,69.741028,217.767776,4.794032,69.431908,230.909332
117,3.717152,31.988678,230.282883,8.739721,12.377479,234.943588,13.631228,-10.736485,232.051834,33.920650,-5.825045,212.775253,32.146851,17.486845,214.928452,20.012758,35.205620,212.157272,12.726718,28.838547,233.943817,25.313656,31.851583,224.089615,22.335064,48.921490,212.247528,-2.421701,50.110928,230.709305,14.699304,70.953537,218.902756,8.039196,67.890762,231.395325
118,3.154652,32.211872,229.271179,8.619995,13.074749,235.231293,13.648794,-10.074758,231.916595,33.993172,-5.794760,212.756180,32.119453,17.391596,214.891373,20.132442,35.003273,212.369263,13.309548,29.103689,233.809143,25.542854,32.262611,223.843399,21.232306,49.886234,211.776932,-3.108826,48.686512,230.046509,14.496169,70.630516,214.825409,5.366397,67.954834,223.893875
119,3.209397,31.904499,229.315643,8.430673,12.481577,235.028717,13.987296,-10.296542,231.942596,33.746819,-5.921288,212.583786,32.095997,17.014849,214.815002,20.491291,34.783535,212.148788,13.680111,27.437761,233.938858,25.131712,30.870424,223.914520,16.259953,47.230888,209.784119,-3.961385,45.137699,229.490265,11.077417,65.596214,215.725220,3.824762,64.470551,226.263245
120,3.377971,31.953745,229.536743,8.894787,12.520307,235.178497,13.860991,-10.212973,232.008209,33.862854,-5.902271,212.514938,31.243490,17.090834,214.656448,20.196072,34.916569,212.444809,13.182412,28.085411,233.594879,24.746771,31.594021,223.726959,15.979644,47.322281,209.708023,-2.992271,49.885460,231.609161,11.474876,65.520576,215.636002,2.894775,64.441399,230.112640
121,3.445435,32.018978,229.542007,8.957045,12.593168,235.298584,13.735222,-9.860643,231.947281,33.689507,-6.124000,212.528244,31.387541,17.056982,214.533920,19.763559,34.972511,212.306717,13.264922,29.425135,233.888947,25.385073,31.831865,223.627579,19.051579,49.336391,212.198349,-2.397910,48.161762,230.554672,14.284739,67.269333,217.416962,8.386184,64.456924,224.543793
122,3.359429,31.965481,229.713593,8.901485,12.723169,235.250381,13.864512,-10.132791,232.319473,33.559544,-6.295669,212.429672,31.299374,17.039808,214.560104,20.134127,35.020237,212.216309,13.080074,29.032795,233.741333,25.102028,32.305580,223.842361,14.540683,50.703850,208.582947,-3.327752,50.083008,229.266754,11.838944,68.402237,214.899490,4.875673,67.155792,221.412354
123,3.330473,32.236694,229.770218,8.486888,12.903971,234.962921,13.563407,-9.990221,231.952209,33.557949,-6.147269,212.476456,31.347427,17.112652,214.369644,20.164707,35.133011,212.168182,12.890581,28.894611,234.035400,24.600672,32.094349,223.424561,16.970402,48.353832,209.426315,-3.241685,49.001041,230.739212,14.361506,68.153702,218.471664,4.932069,66.523964,228.750565
124,3.254601,32.096317,229.649063,8.598354,12.725894,235.180099,13.618348,-9.992884,231.934280,33.702091,-5.974964,212.432343,31.434593,17.162418,214.447556,20.098919,35.072060,212.123260,12.860205,29.210926,233.999512,24.764488,31.860109,223.271484,18.962536,46.945850,209.901505,-2.260390,48.275059,231.004166,13.541683,69.220284,217.992157,4.218662,69.616859,230.762360
125,3.502734,31.946323,230.101562,8.684782,12.499072,235.348801,13.782488,-10.093831,232.215439,33.880077,-6.030718,212.923813,31.904188,17.111731,215.014145,20.036924,35.059219,212.222092,12.694372,28.850147,233.646301,25.017277,32.258266,224.134872,18.246592,48.551167,211.071991,-2.464334,48.864250,230.023361,15.116916,70.154793,220.304550,5.142793,67.872719,229.493896
126,3.242225,32.253868,229.672211,8.464786,12.606857,234.915298,13.312175,-10.094724,232.118881,33.990471,-6.021908,212.883087,31.204027,17.140095,214.707672,19.820950,35.183453,212.081940,12.643085,28.828209,234.253693,24.657429,31.384752,223.472458,17.151400,46.727787,209.297638,-2.356689,48.908588,231.881912,17.756912,68.913269,219.853714,6.467531,66.613716,227.641891
127,3.365457,32.277805,229.966446,8.459164,12.614453,234.917648,13.283499,-10.165109,232.074356,34.046268,-6.034348,212.899261,31.317997,17.199232,214.599564,19.740030,35.091400,211.983231,12.505333,28.482981,234.085251,24.586334,31.977135,223.734100,16.090336,47.169685,208.155884,-2.777433,48.528481,231.727829,16.389240,68.162323,220.369781,7.142802,65.021561,234.254349
128,3.220843,32.018070,229.660385,8.485429,12.443213,234.957458,13.332568,-10.073184,232.131332,33.995216,-6.038044,212.930267,31.236897,17.192461,214.729080,19.699177,34.955982,211.964539,12.701602,28.748158,233.975204,24.818142,31.912441,223.813705,20.500616,47.438393,211.599030,-2.533037,47.256981,231.666351,17.930620,69.186119,222.806793,9.650452,65.542267,235.231094
129,3.343588,32.286507,229.940811,8.480130,12.631736,235.139420,13.316457,-10.016674,232.215973,34.253548,-6.020746,213.267654,31.243891,17.216307,214.656860,19.768759,34.945724,211.865982,12.438787,28.768259,234.184860,24.768063,32.166573,224.202087,16.135496,49.353863,208.680588,-2.777454,48.897675,231.995285,14.811751,70.164589,219.577957,5.100705,67.938187,233.541672
130,3.184256,32.219749,229.762589,8.326806,12.809222,234.888260,13.176453,-10.017641,231.929962,33.969070,-6.366266,213.370895,31.675081,17.217436,214.348740,20.165571,34.948078,212.492813,12.423656,30.086613,234.268539,24.831818,32.887840,223.564575,21.912371,48.339535,211.844116,-2.781309,49.853436,230.921524,17.166204,72.706146,222.044235,5.656412,69.701378,230.264938
131,2.989164,32.251644,229.715775,8.252947,12.873525,234.561615,13.357516,-10.212111,231.991425,33.840233,-6.224897,213.099258,31.482325,17.236605,214.452118,19.934889,35.115303,212.388443,12.673666,28.309481,233.851013,24.616018,32.355965,223.996155,14.569261,50.259277,207.691620,-3.107918,47.157475,229.993073,16.432755,70.824181,220.568558,6.218410,66.362946,232.921890
132,3.201279,32.003059,229.828339,8.514440,12.231437,235.082916,13.347875,-10.431124,232.105255,34.038456,-6.271855,213.188599,31.319841,17.153982,214.573883,19.791687,34.966911,212.122482,12.741167,28.035322,234.008972,24.721495,31.086184,223.734879,18.406635,47.297539,209.622299,-2.132828,48.635490,231.834351,14.259209,69.094337,217.789627,5.339283,66.823456,231.117477
133,3.254781,32.025116,229.999146,8.592188,12.441100,235.092392,13.138965,-10.349223,231.923126,33.992809,-6.545959,213.607864,31.475349,17.196272,214.260208,19.553154,35.041260,212.227432,12.487881,29.270336,233.729843,24.548609,31.970318,223.307693,18.359325,47.333553,209.918472,-3.510294,48.079441,230.069809,17.473240,70.304955,223.534500,9.234941,65.232422,235.606949
134,3.035770,32.206902,229.970474,8.225039,12.719838,234.901138,13.031363,-10.191415,232.340881,33.827919,-6.390134,213.418900,31.546387,17.168228,214.274307,19.714558,35.025085,212.272156,12.276938,29.843954,233.898621,24.674761,32.614735,223.657928,18.529793,47.563217,208.670135,-2.808771,50.678967,230.955887,15.702560,70.057518,221.702545,7.193702,67.508514,233.234192
135,2.979294,32.126568,229.797653,8.265515,12.192921,234.737854,13.140831,-10.571819,231.587372,33.726837,-6.309254,213.256226,31.050005,17.181398,214.350861,19.706017,35.141369,212.176971,12.757830,27.093849,233.287933,24.480459,30.835777,223.100754,16.331854,46.752613,208.797089,-2.252216,47.923439,231.186493,8.828118,66.940834,215.850662,2.949101,65.779198,233.938477
136,3.411956,32.244144,230.045959,8.775545,12.289351,235.538361,13.342012,-10.313188,232.417984,33.857235,-6.141806,213.067566,31.354832,17.134981,214.827026,19.756496,35.028759,212.174103,12.781995,27.864882,233.470398,24.826218,31.243616,223.681503,15.398702,48.482487,209.115784,-2.984835,48.085159,231.073456,14.406404,68.579491,222.009460,4.464688,69.051102,239.401367
137,3.309858,32.143166,230.099457,8.493652,12.110229,235.286713,13.303269,-10.331113,232.398407,33.870461,-6.151547,213.024887,31.602966,17.135176,214.929214,19.751381,34.984932,212.244659,12.829034,28.345243,233.904236,24.916342,31.692381,223.881424,17.313805,48.258938,209.232285,-2.689632,47.868710,231.640503,14.619468,68.388237,223.443970,5.723678,67.842682,239.005051
138,3.205462,32.268108,230.158005,8.506036,12.289597,235.073135,13.061453,-10.340532,231.905518,33.827480,-6.352589,213.594131,31.230396,17.163675,214.019440,19.669662,34.965630,211.951157,12.610107,28.867151,234.015640,24.669983,32.194099,223.788010,16.396601,47.362644,208.705139,-2.762259,47.980503,230.883942,14.637497,67.694649,222.354919,6.439926,65.111031,233.412003
139,3.069741,32.160362,230.141510,8.238650,12.666903,234.761139,13.110595,-10.246905,232.135086,33.678379,-6.342220,213.342331,31.260401,17.098673,214.476654,19.560070,34.995884,212.131012,12.342191,28.668406,233.860794,24.508949,32.205894,223.614639,18.118145,47.376213,209.744080,-2.881740,48.997322,229.820328,17.381838,69.110512,225.420319,8.215816,66.254982,236.138977
140,3.200959,32.397869,230.171417,8.296861,12.548610,234.606155,13.210858,-10.353743,232.421341,33.805740,-6.430863,213.420486,31.274191,17.102507,214.698395,19.605154,35.023998,212.220535,12.421721,29.114719,234.404297,24.497496,32.385338,223.905212,17.243080,48.275211,209.145889,-2.786174,49.899158,231.489380,16.401859,68.583961,221.197113,7.294956,65.844200,227.008591
141,2.945621,32.067986,229.512924,8.215948,12.268879,234.643509,13.225600,-10.336330,232.181717,33.860027,-6.437531,213.497437,31.328213,17.142462,214.189056,19.806448,35.167080,212.544693,12.103803,29.393875,233.922760,24.193798,32.640289,223.389542,18.466494,48.985584,210.862762,-2.615696,49.867832,231.109268,17.217701,70.299835,223.215561,5.629799,69.784286,226.833984
142,3.081043,31.947153,229.444260,8.098907,12.931051,234.534927,13.093708,-10.089951,232.284851,33.523392,-6.289011,213.339828,31.234959,17.204165,214.441452,19.812128,35.297012,212.630234,11.793852,29.777437,233.392685,24.062922,33.050171,223.220673,18.440947,49.882584,210.829559,-2.732766,50.616867,230.248550,15.668807,71.578842,222.803040,6.004068,71.485550,228.888794
143,3.010869,32.070099,230.004410,8.361056,12.499582,235.174850,13.051562,-10.311485,232.243332,33.757751,-6.275387,213.238083,31.054266,17.281691,213.913818,19.598562,35.201019,212.154373,12.655418,28.628283,234.041702,24.700516,31.651812,223.533249,17.063387,47.342361,207.845947,-1.415414,49.149422,232.337097,12.692462,69.144188,218.581589,5.138405,66.345016,229.665466
144,3.107390,32.045296,229.993500,8.187936,12.352043,235.236908,13.249160,-10.562012,232.097321,33.827164,-6.076355,213.223053,30.752499,17.475325,213.960266,19.629194,35.359699,212.241592,12.652217,28.663197,233.891937,24.504019,32.098854,223.789841,14.875999,47.359089,207.059006,-3.150943,48.026688,230.378418,11.153177,68.624367,217.230774,2.502647,67.154938,231.794373
145,3.012704,32.165878,229.933228,8.205845,12.716974,234.600067,13.041946,-10.365520,232.371780,33.763245,-6.140573,213.523178,31.195362,17.468979,214.109177,19.785692,35.215260,212.488846,12.236195,29.455782,234.071030,24.709494,32.668060,223.955750,18.372646,48.779972,208.852646,-2.636929,50.905769,231.431900,15.731609,70.405243,220.801270,4.551660,69.183739,229.083679
146,2.944721,32.046028,229.980408,8.225129,12.205024,234.927307,13.253471,-10.593370,232.069809,33.616806,-6.174347,213.149597,31.256420,17.448109,214.417603,19.553064,35.301720,212.248032,12.830533,27.952599,233.630875,24.828711,31.465458,223.824036,15.144810,48.864326,209.131058,-2.493870,47.025684,230.977783,14.646276,71.243919,220.514740,6.312426,69.328568,241.247818
147,3.040569,32.385029,229.876587,8.414506,12.843519,234.986069,13.023836,-10.269682,232.379028,33.768288,-6.221001,213.474854,31.068886,17.422033,213.857834,19.499355,35.046558,212.146667,12.270941,29.435064,233.996948,24.724682,32.223461,223.869995,18.440104,48.173378,208.762024,-2.870640,48.609928,230.695953,14.643630,72.619087,219.621124,5.191069,68.743675,229.820724
148,2.902387,32.145546,229.858521,8.369075,12.340816,234.828903,13.248052,-10.558041,231.986343,33.610847,-6.291148,213.206192,30.836298,17.342911,213.802246,19.575634,35.162365,211.876892,12.740788,27.557665,233.516663,24.562021,31.483139,223.513062,15.317711,47.091064,208.545532,-2.328604,48.662079,231.280502,12.370235,70.013641,218.618805,3.988565,68.986000,236.119247
149,3.076239,32.081062,229.904480,8.400455,12.374913,234.708023,13.212211,-10.421096,231.909973,33.952385,-6.426071,213.694046,31.498404,17.248970,214.090378,19.626657,34.963943,211.802887,12.645550,29.373875,234.066757,25.018589,32.254707,223.988953,18.345558,48.584888,209.957382,-2.730765,49.708294,231.129089,14.500347,70.874016,219.851974,6.421330,68.518486,234.842026
150,2.961233,32.157734,229.829544,8.314127,12.941435,234.541565,12.976853,-10.232997,232.051147,33.807713,-6.414881,213.572968,30.964899,17.242971,213.630264,19.685104,35.037979,212.163681,12.418625,29.325314,233.865616,24.751163,32.403900,223.748032,19.241213,46.826508,209.773178,-2.416134,50.451721,231.203323,17.157244,71.435417,220.832733,6.513538,69.825142,231.571457
151,3.033730,32.127922,229.973846,8.167535,12.906303,234.732376,13.150762,-10.159204,232.634033,33.754475,-6.349945,213.499023,31.082441,17.250517,213.916504,19.700705,35.190403,212.130600,12.547235,28.972919,233.674332,24.607952,32.514370,223.954849,17.191757,46.594608,208.307968,-2.297091,48.761333,230.628265,7.867597,67.651207,215.770432,2.056413,67.609520,230.242371
152,2.964344,32.099861,230.110977,8.223399,12.453849,234.745956,13.160752,-10.403852,231.964157,33.761635,-6.218939,213.361557,30.985023,17.198711,213.995895,19.649292,35.182549,212.171112,12.724291,28.471701,233.504791,24.915770,31.922722,223.756378,16.125360,47.616867,208.859955,-2.346262,49.024738,231.691757,16.238298,70.573181,221.040344,5.190942,69.463165,235.554886
153,3.070325,32.117172,230.029297,8.309961,12.876694,235.014282,13.209487,-10.077092,232.187958,33.686214,-6.135526,213.282990,30.648224,17.291740,213.676529,19.635321,35.209187,212.104126,12.629192,29.284580,233.714294,24.789576,32.334755,223.821457,13.596012,48.711372,207.705460,-2.862000,49.000259,231.209396,16.641859,72.263123,222.389709,6.543425,70.529137,238.486877
154,2.937982,32.328331,229.763351,8.279766,12.801149,234.877167,13.049390,-10.234807,232.376648,33.656086,-6.205893,213.386963,30.595152,17.392246,213.324570,19.740637,35.158287,212.261856,12.489655,29.437901,234.040131,24.634951,32.471245,223.660889,13.662642,47.758522,206.198486,-2.655312,50.138016,231.542007,14.758230,71.722221,218.801498,4.535358,70.694580,230.773911
155,2.938422,32.244835,229.806671,8.042774,12.712153,234.413925,13.048068,-10.178635,232.034317,33.638817,-6.224064,213.475113,30.719393,17.457779,213.490494,19.654192,35.263260,212.232956,12.592175,29.059759,234.209579,24.375063,32.594704,223.580414,16.296171,47.967945,208.410980,-2.372704,47.839809,231.428741,10.709347,69.559814,217.852753,1.484241,70.203613,228.239456
156,2.972410,32.255825,229.927078,8.333692,12.499393,235.149200,13.335455,-10.338772,232.252701,33.978825,-6.101383,213.388992,30.883133,17.443010,214.088959,19.552134,35.179409,211.981796,12.653543,28.434380,233.998871,24.505531,32.137264,223.857483,14.660185,48.597435,207.417130,-3.097852,48.130257,229.705902,12.881472,68.957527,219.568848,4.856592,67.421257,232.696976
157,3.092889,32.516567,229.899506,8.087412,12.899201,234.184250,13.003365,-10.174016,232.013657,34.098270,-6.091295,213.774902,30.835365,17.458170,214.191666,19.603704,35.321884,212.517075,12.022105,29.505590,233.898346,24.705547,32.573780,223.776199,17.798521,50.126640,210.939285,-2.568126,51.068420,231.623383,16.148746,71.139847,225.534973,6.010706,67.888084,231.963409
158,3.098768,32.050900,229.806244,8.387792,12.551712,234.451843,13.236415,-10.459241,232.182648,33.809639,-6.219130,213.559509,31.195160,17.358620,214.398529,19.671520,35.489780,212.567505,12.514114,29.110987,234.220520,24.486553,32.607864,223.593216,17.164755,47.874393,209.912949,-2.248885,49.959866,231.675201,11.263585,68.290382,218.947189,4.458895,67.603172,229.650940
159,2.937683,32.049618,229.815323,8.287215,12.730283,234.658295,13.217141,-10.417247,232.292984,33.982605,-6.240078,213.429489,30.979088,17.431496,213.806610,19.479685,35.500336,212.111176,12.579249,29.944973,234.648209,24.752672,33.165253,223.573090,16.853535,49.208057,209.056625,-2.445310,49.878948,233.198120,12.314260,68.124313,219.190079,4.016646,67.519585,227.615143
160,2.769351,32.007969,229.548309,8.307377,13.098630,235.027069,13.439431,-10.077247,232.587387,33.716084,-6.069800,213.239166,31.605614,17.404287,214.512451,20.391790,35.311653,212.591919,12.761922,29.869442,233.798462,24.947708,33.024620,223.881287,17.861580,50.411606,210.569473,-3.406040,47.618706,230.587097,16.733580,70.609886,221.508255,6.701672,68.872017,233.576324
161,2.834485,32.136974,229.505722,8.066078,13.069395,234.737045,13.210563,-10.257061,232.552292,33.734764,-5.753488,213.402344,31.145227,17.505999,213.856461,20.015095,35.371834,212.321457,12.568621,29.810799,234.172134,24.623665,33.231468,223.476379,13.778768,50.277176,207.711212,-3.236238,48.521633,231.813843,13.911062,70.642036,218.971146,1.442145,71.401123,232.356888
162,2.708597,31.684011,229.296188,7.792865,13.057413,234.326263,13.320443,-10.241211,232.607803,33.875584,-5.686889,213.434891,30.915802,17.519829,213.683121,20.165379,35.246201,212.252869,12.532722,29.325615,233.680435,24.685980,32.834641,223.654037,16.810871,48.618572,208.608734,-3.291218,47.786049,231.469589,11.821758,67.698410,217.609344,-0.131745,68.015228,227.567673
163,2.900257,32.088017,229.778030,7.993434,12.859907,234.892075,13.292383,-10.251066,232.219971,33.947407,-5.679630,213.333008,31.109379,17.510609,214.501541,20.122898,35.127602,212.369797,12.624802,28.859749,233.570251,24.859352,32.271690,224.018768,16.268354,47.912636,208.547226,-2.955670,47.212914,230.630646,11.179273,67.272026,217.687897,1.064712,67.684280,229.112915
164,2.889796,32.017162,229.697418,8.173095,12.686660,234.635040,13.360137,-10.480416,231.926010,34.002068,-5.934509,213.399628,31.261421,17.564884,214.421188,19.925022,35.175667,212.438797,12.668337,28.664009,233.824326,24.691883,32.043854,223.811050,17.144756,48.025429,208.435501,-2.367768,49.653400,231.627151,14.254910,68.784653,218.971146,4.154088,67.534096,231.906219
165,3.013327,32.140892,230.074997,8.218740,12.928498,234.583633,13.132396,-10.208223,232.305283,34.230892,-6.240388,214.019516,31.150103,17.506191,214.370193,19.640312,35.281799,212.635330,12.155525,29.121515,233.944885,24.729656,32.485813,223.768799,18.855640,49.529522,210.865585,-2.388626,50.614071,231.354874,15.659246,70.791176,223.745026,6.241096,69.077904,234.514572
166,3.021907,32.194225,229.595627,8.192326,12.343802,234.483887,13.300860,-10.544947,232.238342,33.798412,-6.503125,213.394424,31.588379,17.445253,214.761322,19.569160,35.287880,212.612808,12.259145,29.371037,234.270157,24.357847,32.693451,223.407990,17.211267,49.600693,210.299942,-2.426198,51.416569,231.737839,11.954120,70.334846,221.892975,3.214100,70.025574,225.912857
167,3.033611,32.168861,229.522232,8.232477,12.712866,234.255600,13.122455,-10.281154,232.133118,33.742657,-6.416363,213.401611,31.371006,17.363398,214.763977,19.818832,35.413410,212.746277,12.206424,29.122332,234.140045,24.430258,32.608128,223.510712,17.672365,48.142223,209.845749,-2.475869,50.965008,231.786728,15.208696,69.703720,224.159897,6.048507,68.195206,228.580521
168,2.844887,32.086082,229.708252,8.400457,12.800728,235.001328,13.188860,-10.365202,232.019928,33.928383,-6.307979,213.234467,31.422709,17.257753,214.371735,19.628086,35.130310,212.107208,12.688236,28.457743,233.592514,24.721008,32.072571,223.770264,15.902289,47.210293,206.987122,-2.370472,47.904263,231.155396,13.170442,66.875519,217.294952,7.749403,63.180790,235.538620
169,2.996031,32.553341,229.899582,8.289910,13.097885,234.765305,13.032477,-10.098459,232.042114,33.809223,-6.178164,213.432465,30.937122,17.297802,213.824371,19.757015,35.075115,212.142548,12.301713,29.531948,233.768402,24.604410,32.492641,223.466232,17.853718,47.396530,209.070419,-3.312730,49.813618,230.716141,17.666861,70.283424,221.647110,3.935357,70.823677,231.903793
170,2.893523,32.224903,229.627167,8.171658,12.919676,234.985626,13.274120,-10.303854,232.036209,33.976257,-6.002408,213.306244,31.462729,17.305908,214.394043,19.921770,35.222389,212.208084,12.511445,28.895432,233.276825,24.757156,32.430317,223.918655,16.815924,47.671177,207.060440,-2.346593,49.842381,230.751266,13.622722,70.546349,219.995728,3.257767,71.135094,231.337128
171,2.996915,32.483891,230.048340,8.240202,13.112898,234.336212,13.157805,-10.044584,232.411102,33.902905,-6.091863,213.599777,30.893400,17.412054,214.160858,19.731503,35.383503,212.408051,12.402517,29.833067,234.387497,24.515726,32.989075,223.560501,15.479793,47.112522,208.459824,-3.247288,50.587162,232.428162,13.638427,70.459793,219.828735,4.006834,70.875526,227.287567
172,2.845041,31.880674,229.525787,7.915980,13.120405,234.563736,13.267503,-9.791198,232.603195,33.807671,-6.212115,213.560135,31.120098,17.283609,214.075577,19.908503,35.147358,212.203751,12.599358,29.261534,233.583374,24.579964,32.744869,223.852142,15.773108,47.291759,207.649216,-2.368051,45.882198,232.438263,16.978153,67.410706,220.538269,6.777201,66.747002,234.485458
173,2.745181,31.892946,229.240875,7.855523,12.880604,234.753448,13.028543,-10.062094,232.213913,33.726742,-6.150254,213.559723,30.940292,17.318369,213.567703,19.636778,35.201019,212.012009,12.522077,30.248648,233.999664,24.764755,33.014637,223.747498,15.502649,47.545376,207.986191,-3.367500,49.563694,231.058136,10.207565,66.154861,214.844498,5.506417,67.758301,230.147156
174,2.690405,31.978922,229.386856,7.730119,13.056682,234.263046,12.978914,-10.118571,232.194962,33.848312,-6.150028,213.705246,31.434929,17.332457,214.223465,20.097956,35.052265,212.443420,12.469151,30.598484,234.204498,25.063610,33.372997,224.005142,13.703972,49.553528,207.568054,-3.685477,49.757095,230.874771,11.454721,67.030571,217.098862,6.141425,69.377594,233.359940
175,2.440563,32.363686,229.196869,8.190673,13.213572,234.702393,13.179947,-10.130961,232.330460,34.064297,-5.910493,213.750748,31.093628,17.571486,214.095016,20.370310,34.994518,212.240936,13.162918,30.099457,234.368256,25.185234,32.858627,223.747070,13.011770,51.030273,207.313217,-4.190009,47.800297,228.916656,11.950567,65.200012,215.436432,11.762440,67.242043,234.710587
176,2.949263,32.382595,229.510559,8.122663,13.176689,234.702805,13.147918,-10.259526,232.110992,33.736641,-6.134027,213.513794,31.524227,17.549784,214.234283,20.511669,34.785572,212.462799,12.934185,29.642776,233.410858,25.025167,32.593651,223.896347,13.625804,49.977211,207.523407,-3.777595,50.455124,229.616486,10.494681,61.927303,211.852142,9.773465,66.289810,231.955994
177,2.869343,32.451660,229.506393,7.756005,13.346041,234.495514,13.066148,-10.416146,232.186691,33.706059,-5.833935,213.405777,30.991791,17.677607,213.992020,20.618036,34.680981,212.232300,12.397465,29.508493,233.140015,25.094080,32.619595,223.996979,15.495897,50.085789,207.967896,-3.302770,51.243279,229.565903,8.835627,67.171417,215.820999,3.842420,70.160065,231.773911
178,2.660823,32.586819,229.624893,7.746375,13.357888,234.545074,12.986712,-10.006652,232.404663,33.686279,-5.994006,213.374969,30.960310,17.586233,214.120636,20.309614,35.029182,212.373154,12.845446,28.638502,233.769165,24.723272,31.660923,223.571548,15.211614,50.022308,208.220215,-2.404483,49.066330,231.772964,11.404156,68.768188,216.819595,4.384236,69.485176,233.198318
179,2.903740,32.415054,229.754425,8.014670,13.274931,234.378799,12.975470,-9.656197,231.857101,33.836292,-6.037199,213.130432,30.390348,17.568907,214.186386,20.072029,35.316124,212.134964,13.226362,28.115856,234.336670,23.853146,31.193953,222.907196,15.378136,49.778793,208.034714,-1.983663,49.380909,232.979156,14.811364,68.560989,220.814529,7.853128,66.957588,241.571396
180,3.121098,32.176788,229.003250,8.474951,12.614909,235.147842,13.530410,-10.125228,231.722946,33.836040,-6.234753,213.041443,30.459564,17.441856,214.228897,19.849747,35.219475,211.939789,13.282528,27.839231,233.891785,25.156170,30.205296,223.461655,15.466460,50.700729,208.350540,-1.567143,49.922535,231.974106,13.125781,67.850250,215.113983,7.267435,67.027985,222.840500
181,3.321859,32.527683,229.709930,8.492248,12.820119,235.334320,13.493813,-9.867246,232.302521,33.939602,-6.287234,213.183441,31.254896,17.313660,214.716415,19.677017,34.858009,211.858505,12.931059,29.735546,233.368073,25.435221,31.718458,223.992111,14.259415,51.147362,208.485352,-2.854133,49.469933,229.042175,14.930696,71.577972,215.346817,7.179918,68.853928,224.833801
182,3.179689,32.348133,229.665146,8.767131,12.869527,234.785294,13.683857,-10.103583,232.472046,34.036247,-6.204716,213.115936,31.127972,17.276735,214.654007,19.990107,35.094864,212.332687,13.135655,29.701775,234.006393,25.283953,32.418804,224.157898,13.332792,50.197208,207.429428,-2.617515,49.769310,230.189987,12.478539,72.469681,215.648560,4.074352,70.980232,227.873062
183,3.119712,32.431263,229.940598,7.967114,12.850529,234.482635,13.249597,-10.024064,232.061386,33.981750,-6.197337,213.565964,31.080742,17.379288,214.573639,20.129499,35.350418,212.277039,12.436016,29.396358,233.677200,24.668818,32.740139,224.166763,14.974526,49.545876,208.220566,-2.217008,49.835873,231.693314,14.159644,70.778267,220.131409,2.295587,68.646164,232.126266
184,2.755154,32.506283,229.099091,7.984223,13.451069,234.189819,12.828525,-9.925887,231.643326,34.270546,-6.330473,213.688400,31.378029,17.478703,214.495026,19.861263,35.462109,212.371124,12.007045,30.114798,233.993515,24.824707,33.324566,224.086212,17.376713,50.349449,209.908371,-2.861249,50.920219,231.033600,16.558657,70.924393,223.868622,6.754299,68.348862,227.733871
185,2.636863,32.140266,229.290924,7.991029,13.266304,234.542328,12.915154,-9.815681,231.689926,34.168068,-6.275554,213.497711,31.524155,17.450726,214.731247,19.931208,35.525589,212.483505,12.067018,30.124449,234.394928,24.656160,33.597301,224.269333,18.120146,49.554386,208.459412,-2.554800,50.216988,231.352448,15.249757,69.970016,222.288651,6.915996,68.438919,230.022522
186,2.396760,32.410400,228.739487,7.772532,13.973423,234.523911,12.630504,-9.303721,231.676498,34.011086,-6.305355,213.549179,31.065248,17.560699,213.477524,20.200890,35.429176,212.328156,12.098266,30.582939,233.823914,24.626507,33.619164,223.919266,16.599220,49.494625,208.203674,-2.529568,50.592228,231.187988,13.411564,70.035507,218.645798,6.783290,70.047302,229.923050
187,2.596561,32.268242,229.086777,8.052973,13.933102,234.247864,13.029859,-9.645895,232.275208,33.881371,-6.307096,213.735168,31.670536,17.545845,214.449142,20.149702,35.432121,212.498718,12.250289,30.472792,233.561279,25.156143,33.700981,224.261185,18.158358,50.110088,209.691772,-3.624926,50.544125,230.059372,15.349006,70.360756,218.943161,7.877625,68.905586,235.605606
188,2.573140,32.346497,229.206390,8.146700,13.431172,234.789352,13.141482,-9.961547,232.446655,34.008076,-6.072377,213.444412,31.040459,17.520149,214.099457,20.235966,35.065102,211.975006,13.055873,29.343950,233.981781,24.998045,32.066311,223.291855,17.479671,48.214130,209.624146,-2.312712,49.384640,230.844635,13.188552,67.367790,216.669510,4.731226,68.446106,229.816467
189,2.768261,32.450493,229.386154,7.867029,13.246803,234.555313,13.110750,-9.984950,232.073303,33.323200,-6.566019,212.815445,31.206924,17.381077,214.182037,20.483248,34.911171,212.151535,12.919685,29.270321,232.933090,24.855736,32.363930,223.443985,14.893224,47.839508,209.333008,-2.127155,48.150211,229.273987,8.004292,66.462822,213.485474,0.897593,67.549324,222.119400
190,2.703061,32.431530,229.230301,8.309990,13.284351,235.065140,13.553090,-9.780016,232.267975,33.902214,-6.598906,213.050812,31.906578,17.300373,214.801178,20.614716,34.955719,212.772018,13.513933,29.862598,233.767624,25.694643,32.863850,223.721741,15.413878,47.444450,208.296341,-2.823552,50.185677,230.966644,7.145018,66.198433,215.199127,3.375113,69.815720,228.005264
191,2.800757,32.040684,228.805649,8.568254,13.313453,234.816498,13.537546,-9.788918,231.970810,33.576195,-6.835332,212.876373,32.176754,17.060644,214.928833,20.751499,35.006634,212.866272,13.678215,29.857681,232.893005,25.789314,32.677422,223.154617,14.443247,49.183811,207.413773,-2.440798,48.308846,230.147934,9.893620,66.244781,216.422699,4.188908,66.097260,226.207962
192,2.951168,32.095020,228.456390,8.383053,13.095546,234.445251,13.246999,-9.687016,231.674011,33.656891,-6.481348,212.934219,31.964279,16.591999,214.748734,21.107790,34.986935,212.900299,13.725357,29.725348,231.698776,26.403706,32.466393,222.369568,15.563529,50.336575,208.762604,-1.637594,49.593960,232.325912,8.809049,68.836090,212.045471,3.038945,71.655968,224.297958
193,3.606004,31.823919,228.809631,8.471315,13.335906,233.899994,13.366598,-9.472889,231.666504,33.857719,-6.370437,213.018814,32.236336,16.355379,215.149490,21.223841,35.004128,213.315750,14.684472,28.865854,231.049805,27.046814,30.906591,221.279358,16.624674,46.748505,205.818207,-3.053885,49.604015,225.960678,12.076813,66.274216,213.229309,7.624767,60.691525,214.040634
194,3.539536,32.187897,228.701431,8.505475,13.407641,234.331970,12.834107,-9.276004,231.228027,33.769325,-6.286951,213.028732,32.072315,16.274282,214.671829,21.113535,35.001102,213.203903,14.311495,30.243883,230.373703,27.421974,31.424314,220.989670,18.088343,49.868420,205.295425,-1.544984,51.435085,226.366959,14.437815,61.388000,214.203323,10.710500,57.154331,218.005936
195,3.735353,32.303417,228.862350,8.634572,13.854300,234.686401,12.920364,-9.152533,231.089081,33.703278,-6.198284,213.022034,31.810865,16.213991,213.753647,21.137964,34.991199,213.094421,14.730342,29.836266,230.421524,27.497328,31.701843,220.778503,19.399105,47.139072,204.788620,-2.551841,47.064629,226.374069,13.308037,59.473515,215.452484,9.828693,59.250572,225.738037
196,3.568718,32.387886,228.895279,8.274199,13.713422,234.586517,12.570918,-9.027919,231.459381,33.969707,-6.225499,213.187424,32.107040,16.082075,214.362320,21.049002,34.996323,213.181335,14.292351,29.697464,230.306244,27.935127,31.782143,221.328247,20.031437,46.283787,203.816803,-1.240942,46.614780,229.469467,14.114295,59.856094,216.042328,9.779033,59.434914,227.924042
197,3.437421,32.476952,228.769669,8.682607,13.858142,234.835388,12.552780,-8.949916,231.482529,33.781216,-6.298358,213.313660,32.052292,16.300501,214.738998,20.710382,35.176559,213.180237,14.471737,29.686972,230.604416,28.003723,31.852060,221.790237,17.948524,47.705910,203.694504,-3.003695,45.018185,226.758560,14.718404,59.489899,216.943542,10.139923,55.553013,225.774612
198,3.308090,32.454624,228.636139,8.645222,13.515005,235.203735,12.553574,-9.098185,231.251480,33.810497,-6.304045,213.339310,32.158958,16.488230,214.791473,20.591032,35.371822,212.992889,14.696946,30.054844,230.943558,28.016708,32.168774,221.950714,17.330429,48.567860,204.850296,-3.032887,47.069523,226.852600,14.388307,59.277233,215.954102,11.237720,57.310753,228.031067
199,3.424022,31.971354,229.106613,8.737641,13.597863,234.796860,13.054804,-9.368031,231.427704,33.937340,-6.310519,213.244400,32.097313,16.592218,214.761063,20.827028,35.290001,212.912781,14.822542,29.147873,230.434784,27.848103,32.042599,221.974258,17.273489,47.813866,205.433548,-3.526408,44.229725,223.536926,13.334930,59.437576,218.735580,9.989657,56.979351,226.868561
200,3.490624,31.954121,228.866547,8.675358,13.275277,234.750732,13.102124,-9.371099,231.609268,33.951992,-6.145604,213.242142,32.111042,16.672184,215.250076,20.749918,35.162174,212.995911,14.755705,28.978800,231.055542,27.632462,31.716326,221.870071,14.250573,50.670189,206.914093,-1.739698,49.924435,227.029465,13.386146,61.487614,214.738159,9.106912,60.213379,224.772430
201,3.382790,31.710777,228.945374,8.673825,13.000593,234.799500,13.312144,-9.474411,231.836349,33.514946,-6.285009,212.974686,31.583628,16.678688,214.764709,20.808481,34.945839,213.076065,14.530210,29.380960,231.489166,27.215172,32.022213,221.909821,13.623238,50.171555,207.233734,-0.745424,51.803555,229.178085,12.460812,67.924225,214.570145,7.758864,66.840088,222.074493
202,3.373039,31.897818,228.847198,8.978561,12.799327,234.879211,13.773691,-9.801325,231.663788,33.504913,-6.523219,212.695175,32.288353,16.383982,215.201111,20.917181,34.857502,212.850296,14.763075,27.567362,231.068863,27.090134,30.262856,221.608170,13.941235,46.611763,204.180420,-2.665076,46.232754,230.205109,12.131131,63.597706,213.633911,7.736649,60.358410,219.928589
203,3.148280,31.736862,228.658813,8.704907,12.934505,234.944733,13.250616,-9.934405,231.067139,33.792934,-6.241181,212.984451,31.429922,16.592880,214.740341,20.648901,34.940948,212.859711,14.379915,28.821152,231.326691,27.064302,31.042524,222.258926,13.088349,47.141647,203.953384,-2.216802,45.362617,228.836700,10.169436,61.818733,215.387711,6.736402,60.179256,223.438293
204,3.203700,31.968163,228.559830,8.537399,13.015739,235.184296,13.342964,-9.784084,231.525940,33.446091,-6.841244,212.838669,31.840309,16.368984,214.813324,20.687008,34.661514,212.760742,14.066867,29.394575,231.029221,27.038242,32.007187,223.196350,15.174875,48.892536,207.929794,-3.122220,41.923016,228.580368,12.949393,63.949558,215.762939,11.202369,62.925831,241.153610
205,2.921058,32.035496,228.828125,8.411453,13.126340,234.877625,13.527817,-9.505168,231.667374,33.593842,-6.569669,212.872131,31.768892,16.181564,214.789307,20.523579,34.766972,212.297516,14.344741,29.890686,231.868835,27.011887,32.584637,222.960403,13.132059,49.292717,205.462524,-2.093037,46.275169,230.677841,13.032903,66.882370,217.277130,5.893037,63.359421,231.942947
206,2.821468,32.351128,228.625092,8.726444,13.411278,234.923569,13.767289,-9.662720,232.155365,33.528816,-6.390187,212.855301,32.275402,16.331964,214.953384,20.639181,34.949303,212.624847,14.236922,29.898682,231.913376,26.927237,32.775494,223.309021,13.093431,49.178535,205.897705,-2.899191,47.971516,230.365250,15.600817,68.879341,217.848511,9.529138,64.810532,235.611755
207,3.046866,32.260853,228.679367,8.488328,13.674948,233.851913,13.096670,-9.237956,231.538879,33.573868,-6.599850,212.777313,32.467266,16.093657,215.250351,21.021765,34.875507,212.754150,14.471164,29.610716,231.804901,26.877571,32.473244,222.706177,16.416267,45.764351,206.238358,-2.551835,44.090012,230.132141,10.804729,66.155472,214.551422,7.718744,64.432724,231.953568
208,3.021760,31.714470,228.903748,8.675075,13.278824,233.935577,13.402103,-9.498069,231.711655,33.470818,-6.457476,212.809891,32.112408,16.188635,215.304092,21.004801,34.870056,213.271851,14.837584,28.927874,231.948166,27.111502,31.701874,222.435287,14.224826,48.087189,206.811752,-2.167714,46.430866,229.406036,11.534674,66.451447,216.171432,7.031112,64.007881,226.315536
209,3.229129,31.981514,229.059250,8.822124,13.491464,234.331802,13.515966,-9.638268,231.596588,33.605541,-6.357859,212.901230,31.809046,16.487646,215.306549,20.656868,34.916695,213.014282,14.778944,29.192297,231.589264,27.315195,31.675823,222.492844,12.996014,49.519718,206.429840,-1.757626,52.414825,226.671921,12.758959,66.278679,217.998138,8.844470,63.340675,229.854263
210,3.387064,31.603012,228.970200,8.630505,13.252346,234.351059,13.574171,-9.648120,231.826111,33.298603,-6.326603,212.694046,32.126972,16.402481,215.143036,20.959904,34.889240,213.042084,14.603698,29.093491,231.243149,27.075146,31.365887,221.726944,13.473886,48.604130,205.038712,-0.764386,51.349514,227.506927,13.695860,65.127464,215.149109,9.349641,61.393200,221.160614
211,3.489043,31.724810,229.267319,8.732494,13.283288,234.566711,13.249899,-9.639356,231.811661,33.406815,-6.289352,212.761627,31.938648,16.435913,215.018768,20.794884,34.882488,212.852417,13.962508,29.297934,231.260788,26.931578,31.879673,222.538437,14.322416,49.014534,205.100082,-1.274244,49.975525,229.964966,12.821363,64.345177,217.629333,8.719360,63.186069,229.012115
212,2.986595,31.950808,228.785385,9.047005,13.035321,234.533264,13.875415,-9.810262,232.122604,33.474373,-6.368573,212.684952,32.094765,16.490757,215.508820,20.603294,34.831093,212.935806,14.911782,28.727724,232.098694,26.802509,31.672684,222.688080,12.957995,47.885059,204.865112,-3.210555,45.502506,230.055298,13.049309,62.838985,217.495148,9.623673,61.776211,232.553085
213,3.243300,32.070805,228.973602,8.731688,13.433168,234.215790,13.519231,-9.802643,231.757751,33.544655,-6.308515,212.739929,31.846537,16.559078,215.339203,20.683338,34.932987,213.188522,14.636263,29.205717,231.367477,27.016825,31.780169,222.209488,13.925988,49.658535,206.634949,-2.105568,49.742538,229.593307,13.734556,63.371231,216.151505,10.172486,60.377689,229.379730
214,3.312001,31.855288,228.779510,8.634966,13.131611,234.112045,13.520578,-9.783102,231.601166,33.333492,-6.323626,212.674759,31.634773,16.530392,215.289459,20.892338,34.924389,213.143570,14.788692,29.128641,231.619141,26.920462,31.954391,222.403351,12.813625,50.593067,206.405838,-3.636654,48.822155,225.923569,14.791671,68.288689,218.832062,10.379592,61.329056,228.686417
215,3.419439,31.457308,229.173416,8.611064,12.969418,234.232544,13.404838,-9.775642,231.367981,33.238441,-6.333066,212.573212,32.102715,16.393028,215.285858,20.854088,34.841873,213.308456,14.516437,28.995255,231.319153,26.809500,31.738317,221.879639,13.902966,48.182739,207.094971,-3.161071,50.040840,227.036469,12.287503,66.247871,215.141464,8.089706,64.216576,226.181290
216,3.425363,31.368675,229.133865,8.566841,12.821177,233.967712,13.576721,-9.745728,231.664597,33.347477,-6.408596,212.522308,32.195038,16.184229,215.171509,20.817493,34.758396,213.060699,14.443103,28.387589,230.748550,26.803150,31.492514,221.685715,12.436991,48.193836,204.772537,-3.332971,47.591232,228.885025,13.390260,65.158775,215.904083,9.518104,61.502666,225.692322
217,3.383036,31.459112,229.165863,8.496083,12.997755,234.486252,13.254280,-9.934052,231.669052,33.356030,-6.439284,212.635117,32.084080,16.282209,215.516266,20.885281,34.793472,212.944626,14.462912,28.559208,231.808517,26.747269,32.050282,222.585175,13.811164,48.060688,204.864136,-3.199417,44.715870,228.490707,13.242195,66.635574,219.817856,8.168548,64.855019,235.192841
218,3.114269,31.727814,228.550018,8.667368,12.229195,234.342728,13.800382,-10.280708,231.860245,33.495712,-6.338253,212.764160,31.937538,16.364023,215.220917,20.623405,35.007080,212.796982,14.957960,28.174337,232.380386,26.858009,31.114761,222.617538,15.410029,45.880238,204.240036,-3.282991,40.765198,227.732895,13.937558,64.145218,219.599121,10.019116,60.057583,225.182083
219,3.194904,32.084274,228.819794,8.326967,13.125187,234.197403,13.515737,-9.949558,231.692337,33.370186,-6.559662,212.820221,31.927254,16.451153,215.161011,20.525318,35.020767,212.566818,14.121198,30.409817,231.978256,26.341312,32.543331,223.199646,12.913235,48.629234,207.013412,-4.237501,48.714794,227.947876,9.750247,64.706245,214.143173,5.501917,65.273949,220.777878
220,2.826629,32.128716,228.770493,8.434966,12.608423,234.434586,13.745279,-10.070567,231.856186,33.741119,-6.482789,212.897583,31.567806,16.516457,214.773605,20.487368,35.192001,212.619293,14.391729,29.363132,233.173721,26.283867,32.530483,222.962769,12.759789,50.689205,208.275787,-2.521888,49.420158,232.379501,12.868598,65.027733,212.983704,6.914573,62.624397,220.279190
221,2.811385,32.338345,228.500977,8.699441,12.659864,234.959381,13.433980,-10.036946,231.141342,33.570400,-6.102254,212.697327,32.049717,16.732738,215.351959,20.673580,35.384010,212.697983,14.084817,29.118958,232.573914,26.490152,31.910904,223.502655,16.501041,51.409527,209.929291,-1.517881,50.104599,231.462402,13.078688,63.671253,215.414856,6.897367,66.687630,231.986710
222,2.781517,32.403648,228.927429,8.662342,13.074830,234.629562,13.483699,-10.063289,231.847595,33.772182,-6.140337,212.947311,32.084057,16.924955,214.882507,20.624659,35.380878,212.319305,13.983333,29.877047,232.836731,26.529394,32.721760,223.754562,15.891707,50.121315,207.032593,-2.259670,49.277405,231.449326,9.774635,64.494034,212.604874,2.161882,64.222061,218.419312
223,2.805766,32.400585,228.729340,8.608511,12.772134,234.992065,13.551152,-10.138302,231.706268,33.907078,-6.147358,212.978851,32.171215,16.971704,215.171997,20.843561,35.377243,212.633972,14.027035,29.445225,232.959625,26.451691,32.154224,223.482758,14.488743,51.383770,208.792694,-2.415147,49.738010,230.805801,11.446854,66.368721,215.535553,4.941048,65.766563,221.589630
224,2.960022,32.250492,229.059235,8.818616,12.733878,235.114716,13.554460,-10.057202,231.813431,33.888332,-5.891973,212.999527,32.163742,17.039520,215.081512,20.548620,35.435547,212.639221,14.047329,29.484632,233.513901,26.361895,32.149261,223.681793,14.550469,49.270744,208.113449,-2.424422,49.297508,231.042831,13.712462,68.290573,215.645935,5.321632,67.954529,224.026077
225,2.900547,32.802063,228.926529,8.728528,12.911428,234.503387,13.696551,-10.125846,232.056793,33.561180,-6.142553,212.643875,32.220825,17.076777,215.041702,20.737968,35.399872,212.880539,13.972590,29.443645,233.706085,25.744961,32.082447,223.611984,12.108477,49.546280,208.330765,-2.664665,49.426197,229.007385,11.425920,67.897057,213.842651,4.073003,68.636276,224.244934
226,2.870901,32.350456,228.903915,8.530093,12.985373,234.589615,13.739913,-9.826192,232.245605,33.543842,-6.188109,212.570602,32.198875,17.061409,214.945602,20.622309,35.261738,212.625381,13.885836,30.184235,233.984390,25.676800,32.659813,223.736633,13.037424,49.278870,207.651718,-2.483150,49.848045,229.391830,10.558496,67.761818,215.980240,3.016603,67.876030,222.599411
227,3.122404,32.046261,229.021103,8.935366,12.799430,235.081833,13.475783,-10.214632,231.739655,34.024544,-6.079535,212.985062,32.426987,17.109318,215.094269,20.953976,35.148422,212.652557,13.747476,29.871422,233.309708,26.179876,32.685307,223.782532,13.462598,50.094631,206.835556,-2.145360,49.880577,231.554199,11.431581,69.615364,216.989807,4.987200,68.362656,226.968552
228,3.104576,31.960609,228.785934,8.728758,12.499557,235.102600,13.500804,-10.398335,231.153366,33.995564,-6.053752,212.986984,32.407715,16.902727,215.367996,20.989670,35.113293,212.578873,14.048792,28.926683,232.362885,26.431686,32.015804,223.482361,16.346117,50.583527,208.510468,-2.564084,48.430225,230.362045,10.902212,68.373268,216.376038,3.647430,66.509178,226.257629
229,3.283095,31.954693,228.844070,8.448285,12.664765,234.854004,13.376158,-10.556740,231.404053,33.745693,-6.309226,213.116028,32.732788,16.370275,215.518845,20.974993,34.971718,212.642838,14.018366,28.835228,232.210114,26.290834,31.876280,223.151505,15.914829,45.758652,206.576172,-1.375042,48.423782,232.528214,8.348063,66.173271,213.052750,3.818969,66.352585,228.885147
230,3.260393,32.104294,228.459061,8.868165,12.807612,235.293396,13.314455,-10.109705,231.094543,33.736710,-6.313870,212.891464,31.799995,16.584055,214.937912,20.782875,34.996132,212.658356,14.407569,29.227089,231.825729,26.686438,32.214928,222.827499,13.464699,47.200989,206.355438,-2.033691,45.973373,230.946686,12.219649,69.747971,217.215042,6.049991,66.863815,232.791321
231,3.425239,31.650068,228.754898,8.555845,13.038218,234.397171,13.417851,-10.145075,231.268799,33.687527,-6.354443,212.834015,31.968559,16.458902,215.270874,20.951008,34.875362,213.068756,14.519770,28.838284,231.266068,26.943855,31.625418,221.863556,13.963652,49.138092,206.699951,-3.909836,47.860031,226.787552,13.578324,68.418335,215.031891,7.759150,60.883625,226.113190
232,3.568612,31.566236,229.014877,8.888911,12.964094,234.954224,13.365669,-9.848137,231.661484,33.746254,-6.301838,212.993515,31.786856,16.451912,214.241989,20.732773,35.024517,212.818481,14.273337,29.625147,230.569717,27.226343,31.907450,221.615860,12.944236,50.211906,205.488510,-1.483297,51.938080,227.872223,13.179069,64.629417,212.891205,7.105347,63.355854,219.268768
233,3.512492,32.051743,228.701294,8.729665,13.511199,234.283401,13.075830,-9.819148,231.307404,33.791164,-6.127687,213.148270,31.948606,16.605112,215.126572,20.875660,35.002674,212.836044,14.039112,29.932325,230.678741,27.202145,32.103428,221.832016,14.692863,50.614025,204.370209,-2.265493,52.682747,227.986038,12.880618,66.413261,213.442429,6.991505,65.322563,225.652740
234,3.585130,31.534021,228.980362,8.848193,12.898442,234.806213,13.175879,-9.991118,231.225922,33.655193,-6.245620,212.949173,31.870720,16.617079,215.122665,21.011675,34.910385,213.127213,14.702330,28.031054,230.698853,27.250759,30.442717,221.199951,18.074875,46.467587,204.251114,-2.256618,48.061157,229.132462,13.252353,66.120094,214.241501,7.784533,63.708679,226.798065
235,3.443739,31.627640,228.938019,8.707108,12.871902,234.494217,12.970946,-10.013950,231.576218,33.946033,-6.351828,213.186264,32.134529,16.627090,215.411209,20.790546,34.873753,213.078857,14.430977,30.035671,231.336258,27.370350,31.558884,222.005676,16.736958,48.093590,206.247818,-2.667630,51.425022,228.419556,15.708140,66.648865,214.764206,11.209344,60.964130,227.486420
236,3.337666,31.682224,229.148300,8.553970,13.285355,234.855988,13.094510,-10.164006,231.582245,33.890285,-6.140011,212.939468,31.749067,16.789148,215.415695,20.977104,34.891811,213.297104,14.570426,28.179680,231.499741,27.226757,31.411303,222.589355,16.227121,49.670429,206.175812,-2.431781,45.339420,230.480087,11.955111,65.543816,215.742523,6.972155,65.036499,237.525177
237,3.074008,32.408089,228.915817,8.414186,13.221012,234.521713,13.111466,-10.037611,231.810913,33.568657,-6.340806,213.018921,31.646315,16.420418,214.754852,20.780600,34.849186,212.585968,14.438756,29.137199,232.249435,26.901999,32.074799,223.103302,13.987498,50.124321,207.194748,-2.882875,48.630741,230.348022,13.558879,70.309540,214.010757,7.634957,62.972179,230.003235
238,3.019121,32.323566,228.761490,8.766150,13.598365,235.096100,13.261826,-9.816292,232.153198,33.587444,-6.299046,213.083328,31.850090,16.601547,214.967590,20.551233,35.054230,212.494507,14.290550,30.212646,233.118835,26.851505,33.082127,223.499222,12.887736,52.155270,208.706970,-2.143323,51.884911,231.973999,13.059437,67.643211,211.473114,6.488901,62.738659,221.160751
239,2.545893,32.212360,228.633072,8.269307,13.330015,234.977921,13.393864,-10.142984,232.074463,33.698082,-6.211260,213.201614,32.385395,16.807508,215.031769,20.954163,35.018349,212.888306,14.232006,29.652962,233.768631,26.611938,32.942623,224.009995,15.479705,50.977348,210.079163,-1.927082,47.762592,232.470703,10.606959,69.658501,213.802887,2.126781,69.629280,226.365326
240,2.914811,32.615292,229.156143,8.520933,12.880610,234.857880,13.601977,-9.887808,232.395813,33.969048,-6.017074,212.972397,32.800922,16.717291,215.702240,21.174200,34.980854,212.801682,13.562412,29.642784,233.784912,26.410685,32.342796,224.460236,20.626478,48.763988,211.832321,-1.777526,50.026134,229.621185,12.664935,70.237808,217.447983,6.097422,71.399071,223.623520
241,2.971545,32.371365,229.052948,8.426883,12.365875,234.366272,13.777221,-10.179090,231.916702,33.985966,-6.297993,212.941208,32.509579,16.573936,215.424667,20.748260,34.903664,212.549942,14.071155,27.745438,233.848984,25.870731,30.435072,224.119095,21.239328,47.314060,211.794449,-1.911740,49.443783,230.749191,7.189208,64.977562,213.568481,2.487016,69.479416,220.570374
242,3.043351,31.743998,229.142639,8.927471,12.094785,235.541061,13.834546,-10.425715,231.985092,33.711803,-6.444022,212.815369,31.572670,16.613829,214.505844,20.230120,34.978844,212.044388,13.429858,28.852348,234.620926,25.461554,31.500477,224.165970,16.789768,50.067009,209.207748,-2.848917,49.412659,231.467407,11.574270,65.605499,217.460297,6.761850,65.459320,231.749542
243,3.125838,32.054356,229.756134,8.413442,12.341945,234.841202,13.667994,-10.314598,232.392502,33.838619,-6.229464,212.985504,31.160368,16.835737,214.525665,20.122196,35.023705,212.261337,12.617460,29.871807,234.462662,24.936083,32.683231,224.144714,16.700367,48.482143,209.165527,-2.384434,50.881683,231.694626,15.934083,70.157242,221.849548,6.129726,69.021118,230.713806
244,2.867531,32.449017,229.984589,8.102269,12.947065,234.321808,13.403975,-9.968740,232.389709,33.911152,-6.074907,213.149078,31.777098,16.924623,214.599121,19.870481,34.974365,212.386490,12.378948,30.580589,234.857071,25.201443,33.470470,224.492477,18.557617,49.274837,210.475189,-2.513414,50.043415,232.388245,18.305712,70.879944,224.857162,9.107193,68.201645,231.170120
245,2.814571,32.323677,229.388153,8.282043,13.248548,234.156021,13.184167,-9.985376,232.148712,33.876041,-5.919234,213.264908,31.134546,17.097281,214.148514,20.226864,35.143604,212.585541,12.131063,29.485903,233.876419,24.865461,33.041676,224.448227,19.865076,50.501339,211.912872,-3.424235,49.154503,230.693085,17.298243,70.176529,225.729034,7.414748,63.247955,228.810226
246,2.614011,32.243938,229.501663,8.308325,12.841619,234.643982,13.292000,-10.234807,232.477310,33.780003,-5.982857,213.213654,31.547256,17.137701,214.610977,19.950180,35.108002,212.237350,12.317379,29.137621,233.608810,25.180820,32.469418,224.473419,19.517546,49.003296,209.926880,-2.336361,49.440815,231.237885,14.665141,68.386551,219.088531,7.414602,66.290283,232.351425
247,3.020114,32.377094,229.960968,8.371273,12.934030,234.593124,13.182904,-10.169003,231.924438,33.623817,-5.932760,212.969284,31.204865,17.216429,214.571686,20.219120,35.218575,212.442688,12.634041,27.834593,233.181686,24.967525,31.114893,223.379120,19.422916,48.333172,212.292114,-3.254406,46.460205,231.051193,18.069118,68.557816,223.573090,7.604385,63.774979,241.160416
248,3.112594,32.175945,229.572342,8.378238,12.680575,234.621506,13.524467,-10.081784,232.323349,33.556641,-5.987022,212.928024,31.315424,17.216824,214.920944,19.874889,35.108074,212.263519,13.013674,28.658587,233.507034,25.413265,31.486784,224.084259,17.580500,50.026554,211.440521,-2.184492,49.439514,231.361298,12.968110,66.781189,216.699677,1.511313,65.841095,221.561600
249,3.010973,32.200134,229.485229,8.556633,12.451761,234.880020,13.562210,-10.274905,232.144470,33.716644,-6.022058,212.946930,31.546499,17.199171,215.005447,20.137812,35.097130,212.331863,13.213538,29.057417,233.706177,25.188532,31.832645,223.754791,15.060287,51.481194,211.206039,-2.372030,50.110939,231.654892,14.232640,66.483788,218.924606,4.220264,66.467300,222.981186
250,3.022904,32.048199,229.288223,8.870585,12.826127,235.177643,13.736103,-10.263680,232.281693,33.587719,-6.235067,212.984024,31.667011,17.160772,214.711182,20.344452,34.870499,211.614548,13.430822,29.256493,233.637695,25.207254,31.938532,223.885468,13.918908,49.246250,207.505157,-3.098638,50.498554,229.122223,13.585636,68.476219,218.244598,5.744087,67.289688,225.681976
251,3.075093,32.476028,229.324066,8.470728,12.950978,234.708557,13.549154,-10.267454,232.279266,33.758579,-5.984150,213.134277,31.594582,17.175251,214.885361,20.561094,35.085148,212.637726,13.194991,28.388948,232.804031,25.347637,31.555599,223.513321,14.121711,48.774113,207.690292,-2.787230,50.082832,229.741852,13.688041,69.056084,215.842834,3.665152,68.175133,220.622971
252,3.205351,32.298031,229.456146,8.868179,12.671955,235.207870,13.736212,-10.371469,232.261841,33.563217,-6.200600,212.939789,31.915422,17.143606,215.331604,20.313440,35.182999,212.685898,13.656065,29.059364,233.258987,25.650665,31.661198,223.640381,14.393607,49.899914,208.895569,-2.679535,49.689774,229.559296,14.270806,72.204155,224.130707,9.485489,68.087021,237.762741
253,2.921407,32.328663,229.075119,8.795027,12.646296,234.723801,13.738914,-10.142923,232.067673,33.484776,-6.100388,212.771393,31.502968,17.142439,214.906799,20.350636,35.374321,212.606750,14.000720,29.843710,233.518478,25.662703,32.148182,222.966049,13.403378,51.528778,209.077347,-2.575775,50.646843,229.745987,11.751072,67.968765,214.455643,6.873841,65.595863,227.465378
254,2.784978,32.003948,228.413498,8.774773,12.766658,234.969025,13.641058,-10.271107,231.384659,33.889576,-6.039248,213.195145,32.408375,16.817955,215.531876,20.660362,35.376091,212.560806,14.334837,29.533350,232.462341,26.319073,32.561642,223.148056,14.789756,51.724834,209.119873,-2.319623,50.565521,231.978638,9.107296,64.534760,213.901169,3.260453,60.561352,217.209045
255,3.181105,31.837555,229.118896,8.507656,13.267651,235.003708,13.555316,-10.207837,231.604416,33.993153,-5.869721,213.177826,32.354023,16.640936,215.688858,20.906115,35.209908,212.727188,14.195418,29.196102,231.705902,26.757732,32.526611,223.083786,14.341487,48.808025,204.846054,-2.314636,47.379211,231.726379,11.510252,69.269737,215.319717,6.818636,67.882614,235.423843
256,3.140165,31.759468,228.789352,8.615100,12.963378,234.557541,13.387379,-10.056315,231.326248,33.720478,-6.196915,212.974335,32.286289,16.322348,215.264191,20.965017,34.876595,213.273148,14.900717,27.932621,231.029663,26.795357,31.041798,221.903824,15.230392,49.029072,206.442505,-4.670069,46.809090,225.128220,12.570849,66.048149,215.679688,7.514833,57.002098,224.887772
257,3.253221,31.665407,229.142426,8.511122,13.352351,234.569565,13.228695,-9.801880,231.430847,33.847099,-5.646577,213.096893,31.860054,16.727880,215.065323,20.868240,34.822838,213.200150,14.263127,29.789633,231.998062,26.673899,31.806675,222.671265,13.206438,49.582462,205.534714,-2.274649,50.863441,230.981003,9.867815,67.173759,214.199768,6.365902,63.038727,228.807816
258,3.210942,31.572582,229.022247,9.071897,12.991477,234.783310,13.785928,-10.259551,231.639954,33.896732,-5.779658,212.987701,32.299961,16.820498,215.730484,20.897919,34.891022,213.331802,14.857090,29.126913,232.105255,27.011791,31.906719,222.983307,13.731955,49.899597,205.231430,-2.410718,46.254025,229.314484,14.367558,69.332680,219.022934,9.999274,61.296997,236.039902
259,3.303507,32.087654,228.676193,9.095955,13.026772,235.535675,13.540440,-10.293647,231.434952,34.019871,-5.917265,213.201370,32.388599,16.879593,215.847733,20.778492,34.890530,212.493942,14.878483,28.668341,232.783447,26.701691,31.660879,223.213745,14.763571,47.682060,206.054779,-4.989480,43.974945,228.242096,13.812670,70.135712,216.179214,10.285710,63.373749,239.751160
260,2.937846,32.290470,228.545700,8.749007,12.894154,235.075119,13.585438,-10.069109,231.649139,33.932896,-5.911537,212.983322,32.402729,17.016396,215.443222,20.781893,35.194832,212.613602,14.206050,30.216728,232.751816,26.454851,33.114895,223.113815,15.065770,51.539383,209.794327,-2.031704,50.031044,231.564911,10.692954,70.018440,213.235779,5.335912,67.841675,229.227417
261,2.845515,32.323444,228.419907,8.610166,12.906667,234.687759,13.463544,-10.089707,231.273087,34.211208,-5.689422,213.190140,32.922733,16.836582,216.079361,21.367527,35.232315,213.045929,14.290753,29.949715,233.016464,26.843342,33.202259,223.944656,17.596914,50.818722,210.539261,-0.926955,49.521713,232.768066,9.403295,70.383804,213.715195,3.138718,71.197784,221.008713
262,3.161933,32.286697,228.925629,8.273561,13.020086,234.823227,13.200825,-9.927034,231.308197,34.398827,-5.646181,213.378906,32.391075,17.190674,215.488770,21.122129,35.239700,212.741180,13.867270,29.699278,232.789597,26.320320,33.337425,224.082947,19.846090,46.645557,208.674637,-1.153316,48.167377,231.923370,7.459390,69.636108,215.207611,3.508474,74.196877,231.784134
263,3.016729,32.097927,229.072571,8.637153,12.903798,234.959198,13.223706,-9.852613,231.780045,34.018757,-5.694728,212.761047,33.032986,17.294889,215.705200,21.166155,35.105183,213.030197,13.739230,30.789553,233.936890,26.297569,33.569065,223.855011,17.953854,51.573387,211.535156,-2.468503,49.914463,231.472046,11.521873,68.758125,213.202225,7.156111,68.302086,227.418243
264,2.493169,32.237755,228.826859,8.161355,13.238958,234.886597,13.148562,-9.919643,231.260223,34.215233,-5.767401,213.041122,32.114143,17.537527,215.073761,21.103218,35.033875,212.807388,13.364724,30.222294,233.636307,25.657169,33.583363,223.894363,14.962446,53.523087,208.211792,-3.374066,52.312218,230.780182,11.514510,69.305420,215.597260,5.055896,69.407097,223.290863
265,2.770290,32.115089,229.299988,8.548809,12.403874,234.796661,13.374619,-10.300989,231.223099,33.963997,-5.816163,212.631561,32.363190,17.531038,215.484039,20.761799,34.956875,212.695618,13.391158,30.251360,234.445770,25.816504,33.921543,224.677887,14.340641,52.538235,207.894730,-3.662045,50.395226,229.963669,12.749191,70.121353,215.665894,7.391306,66.489334,227.522827
266,2.977357,31.571262,229.355072,8.595127,12.123822,234.646957,13.337357,-10.230844,231.157990,34.160999,-5.673892,212.758987,31.837187,17.450968,215.076599,20.469984,35.182163,212.343048,13.659600,29.172560,234.561325,25.439566,33.450020,224.407349,13.909627,50.373974,207.136780,-3.250389,47.569447,231.659592,11.828829,69.185387,217.183853,8.010804,67.212334,231.071045
267,3.005303,31.789087,229.207870,8.268222,12.001643,234.276855,13.477803,-10.328504,231.521301,34.248390,-5.581951,212.886887,32.356403,17.413393,215.343399,20.536253,35.303566,212.279617,13.630649,29.834654,234.387497,25.701460,33.453411,224.500702,17.157513,48.311966,207.687714,-5.688972,45.162354,229.983353,8.522791,69.233643,215.425293,4.477696,69.066437,228.187790
268,2.937291,32.434132,229.077148,8.428010,12.102742,234.174225,13.498870,-10.413071,230.990921,34.135303,-5.595522,212.722244,32.390804,17.136789,215.482437,20.999958,35.125023,212.515213,13.249729,28.787859,234.040176,25.012432,33.043068,224.175156,14.776811,49.750717,208.575058,-2.987980,48.352715,230.537109,10.562435,71.543091,215.390121,4.658460,66.542870,225.159882
269,3.068158,32.762127,229.606583,8.297235,12.718301,234.292694,13.278958,-10.276279,231.457047,34.157345,-5.892718,212.830582,32.654507,16.986855,215.796097,20.694281,34.981651,212.475723,13.084059,29.441757,234.111710,25.375402,32.815941,224.078323,17.320383,49.734493,208.835876,-3.264702,49.269123,231.710648,16.054781,73.610283,218.663635,6.382510,68.787018,227.358063
270,2.944311,32.366501,229.550827,8.232778,12.437016,234.492096,13.278522,-10.112142,231.760376,34.238056,-5.789931,212.950043,32.124836,16.905361,215.707443,20.599461,34.877079,212.433350,13.049314,28.950167,233.846878,25.240324,32.542782,224.181076,19.161572,49.597473,210.197388,-3.039279,49.236000,231.930588,9.748267,68.963020,217.935135,7.299737,67.771942,231.700714
271,3.263791,32.211716,230.051453,8.448848,12.597528,234.040100,13.387719,-10.139916,231.920914,34.088409,-5.817387,213.077179,32.261154,16.891777,215.148926,20.565229,34.995174,212.319656,12.722972,29.581009,234.589493,24.965775,33.158524,224.244370,17.929409,50.263622,209.536835,-2.346047,49.243328,232.538284,10.617253,71.151337,217.430603,7.235303,70.903770,231.589523
272,3.155090,32.488045,229.365143,8.718402,12.603694,234.652115,13.309888,-10.046449,231.526413,34.064320,-5.854090,213.303711,31.676628,17.028997,214.922745,20.244057,35.499886,212.601822,12.680476,29.688084,233.955582,24.930201,33.000443,224.599625,16.825384,50.242104,208.961487,-4.788352,50.187119,228.656097,12.139485,70.009521,219.017548,9.981146,65.752373,233.943893
273,3.354562,32.305344,229.984879,8.483228,12.457663,235.119034,13.175272,-9.997142,231.813980,33.753822,-5.807405,213.132065,32.198421,17.136551,214.849167,20.111050,35.509037,212.532196,12.314242,29.528158,234.409668,24.557331,33.011143,224.162201,19.191509,50.779636,210.585587,-3.755103,50.234432,231.964294,15.095521,71.243416,224.679153,6.227124,67.911072,232.122314
274,3.056359,32.305199,229.623886,8.450583,12.969173,234.915436,12.948295,-9.955033,231.677216,33.874306,-6.100704,213.252899,31.123169,17.101233,214.368164,20.113157,35.481953,212.773438,12.119138,29.044600,233.590607,24.339663,32.374237,223.680206,22.672844,49.355202,212.952805,-2.926458,51.111237,231.974091,14.222592,71.110359,225.381683,9.901343,69.174706,239.624832
275,3.038941,32.488728,229.956207,8.466105,12.712644,234.787979,13.181306,-10.206781,232.064987,33.508854,-6.126811,213.008926,31.662373,17.127254,214.859940,20.334497,35.578682,212.706009,12.351217,29.479065,234.208740,24.159737,32.696457,223.332703,16.438227,49.901154,208.176056,-2.674397,50.663277,232.344376,15.136340,72.326012,221.443451,8.172607,68.725922,233.140015
276,3.006670,32.173748,229.478622,8.260036,12.799086,234.893616,13.107939,-10.014170,232.424866,33.532127,-6.194024,213.110214,31.338671,17.231365,213.962143,20.226431,35.432045,212.778030,12.228654,29.689608,233.899307,24.502342,32.774258,223.563736,19.402712,47.986748,209.382309,-2.431201,50.470814,230.425537,14.490124,68.739677,221.292862,9.377771,66.924240,238.345673
277,2.988029,32.750835,229.618210,8.120176,13.025887,234.512024,13.311854,-9.754375,232.462814,33.604828,-6.201333,213.163467,31.557201,17.141542,214.298874,19.952572,35.301914,212.092545,12.889284,30.025803,234.707764,24.356939,33.036884,223.170639,16.010666,48.872452,208.793518,-3.193820,51.705185,231.391663,15.265654,69.106483,219.373489,7.178866,68.399940,230.033524
278,2.633835,32.682415,229.296432,8.309192,12.939446,234.934280,13.333929,-10.070096,231.761551,33.898724,-6.079051,212.966812,32.132301,17.164667,215.338760,20.477194,34.983677,212.262711,13.185891,29.392107,234.451462,24.749729,32.563107,223.371628,16.678965,48.403339,209.607010,-2.949520,49.010017,231.273468,9.100896,66.836113,213.255035,4.344671,68.342773,228.646332
279,2.980508,32.329361,229.385315,8.283689,12.700240,234.261200,13.588431,-10.312606,231.934265,34.005604,-6.079409,212.949020,32.038559,16.886818,215.471649,20.681236,34.752491,212.163254,13.554270,28.810616,234.586609,25.256899,32.299282,223.881073,20.541716,48.255913,213.351349,-3.852297,46.707600,229.782333,7.475319,63.858711,212.491867,2.421822,68.279381,225.078262
280,3.103778,32.480007,229.218979,8.635847,13.156730,234.720367,13.751937,-10.341920,232.128525,33.932011,-6.143372,212.901199,31.750439,16.856697,215.173264,20.667248,34.860912,212.201340,13.455746,29.508284,233.949326,25.211958,32.177788,223.501801,13.751685,51.839874,209.330032,-2.577241,50.867027,229.695175,15.789001,67.210602,215.201920,6.129387,67.955742,224.165848
281,3.194651,32.328579,229.266235,8.698881,12.601567,234.895966,13.567278,-10.503307,231.829239,34.005131,-5.893309,212.717209,32.239929,16.965870,215.448990,20.781782,34.929871,212.459763,13.791172,29.553329,234.109146,25.648954,32.562778,223.101883,18.757217,51.509949,211.498306,-2.291492,50.642776,232.184326,10.948454,68.745697,218.383911,4.540724,69.644547,228.586212
282,2.959781,32.016438,228.554596,8.301289,12.821117,234.508591,13.315987,-10.502254,231.569382,33.993984,-6.151649,212.966110,32.192940,17.124308,215.056747,20.793221,34.937912,212.294968,13.409037,30.339600,232.877884,25.802254,33.020092,223.116959,12.046718,52.944786,207.901459,-3.061571,50.392551,230.692322,12.457271,68.376862,214.594101,6.249366,68.207367,227.159744
283,3.236180,32.212986,228.331360,8.017720,12.653024,233.926010,13.238964,-10.732886,231.021164,34.221867,-6.069676,212.878250,32.045868,17.108025,214.980240,20.932268,35.057495,212.516251,13.546979,30.378790,231.900757,26.484371,33.255039,223.012466,14.143064,49.685394,208.269455,-2.109236,51.940422,232.817245,10.399004,69.629463,212.238235,4.341066,70.834564,224.446945
284,3.777822,32.137466,228.702789,8.535548,12.490153,234.138580,13.441457,-11.177347,231.094467,34.197655,-6.119170,212.871643,32.008663,17.029528,214.964233,21.196995,35.021866,212.329437,13.507855,29.965956,231.825439,26.560345,32.895470,222.793488,17.927555,47.923698,209.462708,-1.532472,52.132336,230.064346,9.936470,65.985237,212.995789,6.506612,65.896416,220.510681
285,3.733907,32.194820,228.977097,8.294297,12.571104,233.876022,13.225525,-10.958261,230.825912,34.356533,-6.302133,213.082581,32.579212,16.511343,215.227905,21.359648,34.910767,212.701019,13.432650,29.719883,230.903564,26.881954,32.615566,222.585724,18.741304,45.380600,207.466812,-1.291889,50.069206,230.433655,10.458252,66.288818,213.928146,7.114683,66.131294,229.192886
286,3.567671,32.105320,228.485016,8.501464,12.896173,234.201569,13.480423,-10.562434,231.625412,34.195896,-6.422125,213.038834,32.527065,16.336117,215.365524,21.335604,34.821754,213.029327,14.142753,30.222492,231.820663,27.106033,32.948296,222.405487,16.205887,48.478092,208.263641,-1.293972,50.283051,230.137344,11.807365,68.903023,214.897720,4.527433,66.727287,224.966690
287,3.625258,32.403961,228.634094,8.415182,12.726099,234.353241,13.100739,-10.673069,231.072235,33.979839,-6.179944,213.050232,32.463760,16.552582,215.815231,21.175333,34.875889,213.239868,13.988508,29.523390,231.476273,27.379578,32.388557,222.689453,17.011103,48.281715,206.639572,-4.190705,49.715855,229.159943,13.784410,70.115982,218.610764,7.426262,64.913872,229.583939
288,3.626281,32.416313,229.068527,8.690663,13.002718,234.747055,13.102910,-10.558475,231.288788,34.094620,-6.119911,212.921371,32.171768,16.798613,215.740555,21.080055,35.009827,213.389664,14.412947,28.385460,231.198715,27.213165,31.631435,222.144836,18.274794,49.076115,208.706909,-2.522109,45.001125,229.936356,9.101146,65.665962,213.912247,5.045811,61.703465,227.371811
289,3.536268,32.143730,229.191330,8.618767,13.039686,234.392761,13.093625,-10.562787,231.275909,34.072922,-6.166927,213.212128,32.251389,16.721085,215.552765,21.050817,34.962765,212.799881,13.694499,29.281279,231.781815,26.841068,32.131485,223.009674,19.483881,49.927303,209.435043,-1.843447,50.066059,232.661224,11.099458,67.245483,212.687241,5.162453,66.913780,230.451874
290,3.320319,32.332203,228.700287,8.946915,12.450778,234.658844,13.630043,-10.609474,231.462585,33.785877,-6.122299,212.896271,32.398991,16.557890,215.466415,20.978374,34.913761,212.483337,14.792903,28.269209,232.027878,26.682194,31.415726,222.900879,17.681849,46.608208,208.334320,-2.993160,45.077930,229.798370,11.640134,65.464272,212.305923,6.501910,58.996880,226.886414
291,3.034902,31.969532,228.360657,8.427827,12.839329,234.056458,13.360538,-10.438560,231.209641,33.894699,-6.035033,213.045319,32.007259,16.464079,215.464340,20.652193,34.863987,212.650177,14.558056,29.160202,232.176407,26.658440,32.208828,223.094269,16.003611,46.113571,207.756516,-3.941927,46.718941,227.072479,12.087603,63.976372,215.405899,7.858757,60.063717,222.223038
292,3.288232,32.112724,228.999512,8.638680,12.604829,234.876816,13.422373,-10.634131,231.438004,34.022404,-6.041074,213.011154,32.406250,16.611216,215.488403,21.097614,34.901638,212.639069,14.559889,28.665636,232.493362,26.679081,31.622807,222.915390,16.995682,47.599415,207.321457,-3.084806,46.157074,231.897614,10.828979,65.179428,214.049133,7.163364,61.650387,226.930634
293,3.329210,31.985769,229.141525,8.858119,12.426417,234.956863,13.588405,-10.685805,231.760712,33.989536,-6.067486,212.885376,32.129604,16.882721,215.407272,20.959066,35.370918,212.812836,14.253226,29.523058,233.786469,26.330490,32.672192,223.652740,14.550391,51.522732,209.366806,-1.843433,51.684418,232.567169,10.203659,69.223152,216.427734,5.335643,66.783737,230.222595
294,2.909199,32.262676,229.127243,8.522181,12.626763,234.787354,13.908438,-10.360353,232.236893,34.154415,-5.842434,212.744324,32.655781,17.094122,215.722534,20.977236,35.353146,212.975693,13.927043,30.048285,234.340164,26.130972,33.428310,224.115143,14.924737,53.169388,210.703262,-1.762276,50.467518,230.482742,12.770219,69.813835,218.915512,3.414385,71.385521,225.094116
295,2.999533,32.195984,229.350922,8.465418,12.829624,234.469772,13.538481,-10.488162,232.077179,34.613659,-5.770014,212.918274,32.398445,17.430235,215.165466,20.797752,35.373657,212.624527,13.769917,29.892740,235.082657,25.805328,33.596886,224.671616,17.590694,52.236904,210.376999,-2.741750,48.806053,230.517517,11.268602,69.813652,215.185226,4.450839,69.699661,230.278046
296,3.002655,32.335499,229.572372,8.342913,12.863211,234.000656,13.267334,-10.372455,231.649185,34.587723,-5.851172,212.996918,31.918795,17.378853,215.210556,20.528185,35.239231,212.226852,13.275350,28.652325,234.220367,25.865831,32.470516,224.665283,20.288868,50.204170,213.186096,-2.099732,49.229172,231.110367,14.322443,72.673111,223.374634,8.384890,72.912872,238.842651
297,3.054695,32.383171,229.318466,8.394724,12.841803,234.834320,13.273778,-10.221292,232.159561,34.441395,-5.698793,213.259933,31.752329,17.389507,215.075226,20.404173,35.212055,212.556854,12.327545,30.813065,235.238556,25.262434,33.652687,224.995255,15.946798,52.728718,210.736252,-2.736465,52.374226,233.015518,14.645241,73.446953,220.929321,6.455950,72.833908,229.472427
298,3.111307,32.458282,229.626099,8.909663,12.616009,235.119034,13.553259,-10.401634,232.593521,34.324921,-5.921118,213.410400,31.489281,17.476465,214.747528,19.546272,35.511627,212.159302,12.729192,29.495501,235.086639,24.906326,32.811245,224.404724,21.999414,50.588776,212.135452,-3.585131,46.020016,232.005524,15.165386,73.287437,223.028351,7.331241,68.098740,233.629730
299,2.803770,31.930067,229.327118,8.379107,12.498541,234.975677,13.425839,-10.570312,232.659103,33.901134,-5.922003,213.157135,31.623852,17.494038,214.963272,19.882589,35.606750,212.504761,12.671248,30.003399,235.366425,24.881569,32.912495,224.478027,22.630529,49.368370,213.912537,-3.312649,46.650150,233.552551,17.342457,68.773361,222.910828,7.503610,66.211792,231.304138
300,2.721492,32.040531,229.060715,8.046430,12.578235,234.526703,13.267932,-10.639001,232.535507,34.170330,-5.908485,213.422058,31.089298,17.498081,214.648560,19.863598,35.706860,212.371002,12.513251,29.875727,235.184372,24.718088,32.844551,224.283813,18.277546,50.175976,211.345673,-2.622414,50.346722,233.443436,12.741678,69.144920,220.481216,5.799564,69.731873,228.780624
301,2.722840,32.221409,228.822174,8.139154,13.035029,234.334595,13.259417,-10.336876,232.501892,34.167248,-5.868904,213.437775,31.116283,17.558622,214.536606,19.824471,35.563694,212.550674,12.741645,29.876781,234.746231,24.755936,32.749794,223.987183,18.174524,49.876873,211.125504,-3.397789,48.722252,229.733353,13.003209,69.429314,219.963318,6.821021,67.021164,230.723663
302,2.976149,32.118011,229.686142,8.398664,12.795793,234.703552,13.634125,-10.227540,232.200165,34.198132,-5.879243,212.935226,31.421700,17.566961,215.031693,19.985790,35.361404,212.100891,12.917500,29.116402,234.222214,25.205233,32.244377,223.881729,19.132307,50.904636,211.552734,-3.097208,49.396957,231.076111,14.548594,71.602280,219.560699,9.067361,68.482605,236.321213
303,2.911429,32.607899,229.448288,8.216821,13.183525,234.257706,13.269203,-10.180126,231.637070,34.307400,-5.691241,213.107864,32.162350,17.310776,215.572845,20.242193,35.203850,212.270432,12.937672,29.121204,233.781601,25.633778,32.730240,224.662231,20.297710,50.054321,213.358536,-2.989392,49.404640,230.486084,11.880756,69.655441,217.303848,6.331442,68.472267,233.277084
304,2.959761,32.267265,229.420425,8.388337,12.944039,234.434555,13.828147,-10.174080,232.401581,34.146023,-5.828242,213.034088,31.991310,17.252155,215.422256,20.285120,34.939049,212.328949,13.319656,28.821354,234.046921,25.415321,32.475681,224.596329,15.993464,48.985157,209.714096,-2.927263,49.828175,230.347107,10.374667,67.969040,216.141785,5.672150,66.532265,233.087021
305,2.851283,32.105225,229.553055,8.425293,13.018726,234.675690,13.854568,-10.091735,232.618774,34.158310,-5.897162,213.200958,31.528141,17.286646,215.087540,20.161510,35.181396,212.400085,12.994868,30.346838,234.160187,25.208981,33.161522,224.326035,14.250187,49.602222,210.309326,-2.287446,49.551857,229.835297,12.068800,69.934113,218.967606,5.331116,70.494209,229.320618
306,2.626844,32.462269,229.208908,7.935603,12.866722,234.592224,13.563439,-10.310897,232.582230,34.071461,-5.969771,213.346649,31.919802,17.338209,215.656204,20.312807,34.979343,212.353012,12.751219,29.867199,234.133087,25.172966,33.423946,224.410919,19.558569,50.346817,209.721558,-2.901886,50.106926,229.693115,9.455622,70.162384,217.277206,3.267438,72.968109,229.580887
307,2.769008,32.575623,229.631470,8.113939,13.311269,234.857880,13.409711,-10.126609,232.412888,34.003662,-6.079950,213.337616,32.070778,17.395054,215.741425,20.007530,35.086781,212.365250,13.120588,29.524822,234.177185,25.390614,32.504955,224.181473,20.803408,49.902580,212.258575,-3.248947,49.482250,229.869446,12.692425,69.992195,217.704422,5.456108,68.869118,231.241974
308,2.466555,32.761292,229.321289,7.936473,13.534484,234.715729,13.258374,-10.152655,232.213409,33.762878,-6.123202,213.318741,31.910400,17.450365,215.553284,20.431404,35.019199,212.426010,13.068449,29.839725,234.292450,25.231144,32.655155,224.203674,17.375557,48.236458,209.251785,-3.074402,50.182770,229.135895,8.435565,67.455399,213.897446,2.710780,68.307335,225.024521
309,2.486713,32.604988,228.930206,8.025987,13.414723,234.462097,13.319525,-10.059730,232.406631,33.721497,-6.137578,213.078888,31.861723,17.421251,214.853058,20.484976,34.994728,212.539413,13.236708,30.102465,234.443054,25.328247,32.932411,224.002869,16.802509,48.925667,210.688461,-3.034670,49.535889,229.847626,7.384525,67.437553,212.744598,2.861716,70.402168,225.790894
310,2.851351,32.328724,229.292847,8.109694,13.081406,234.648727,13.377907,-10.122202,232.515228,33.859211,-6.029166,213.091492,32.535900,17.498127,215.509155,20.483845,35.112480,212.451492,13.041399,30.112715,233.857880,25.691412,33.436150,224.296310,18.702213,48.247334,211.382629,-2.917020,49.600163,230.156097,8.747745,68.229774,213.461945,4.767925,70.901108,226.953430
311,2.611026,32.558887,229.180267,8.179356,13.315257,234.925903,13.285750,-10.018842,231.997101,34.026588,-5.886084,212.944382,32.216255,17.491354,215.434769,20.619316,34.990616,212.340698,13.188018,31.188606,234.482056,25.848621,34.227043,224.374054,17.466455,50.664581,209.723907,-3.118086,53.166813,230.868942,8.730067,69.500496,215.006683,5.768016,70.591331,228.779694
312,2.578073,32.397247,228.997086,8.356560,13.098547,235.272507,13.258311,-10.217040,232.097656,34.265194,-5.572275,213.270401,32.073666,17.645588,215.012741,20.769890,35.109497,212.866898,13.618530,31.037708,234.240997,26.006035,34.218914,224.467255,17.647589,51.384632,209.737564,-2.563689,50.941704,230.661453,6.902359,70.712120,214.227158,3.182540,71.236732,226.475739
313,2.415287,32.588451,229.001114,8.014346,12.996514,234.932480,13.224769,-10.388203,232.338821,34.372131,-5.507707,213.717957,32.263618,17.621958,215.202499,20.790352,35.214348,212.549957,13.353084,30.846958,234.472855,26.060541,34.303864,224.159409,17.001856,50.177765,208.642624,-2.850521,50.561901,231.188400,10.718475,72.297523,214.966766,3.544453,71.001419,224.008652
314,2.850265,32.303143,229.393173,8.212503,12.469296,235.033630,13.332762,-10.596083,231.844833,34.428448,-5.431452,213.323105,32.026085,17.554134,215.341202,20.702589,35.235168,212.724945,13.666740,30.516300,234.170990,25.999836,33.731335,224.345596,19.604639,49.880222,209.697784,-3.583550,50.583290,230.101151,9.694959,68.011536,216.599319,5.526430,69.173660,226.772125
315,2.796342,32.306717,228.775650,8.216353,12.784817,235.137650,13.212392,-10.717374,231.591232,34.114826,-5.776992,213.198517,32.373955,17.477959,214.835968,20.676706,35.271019,212.452728,13.944609,30.544405,233.597656,26.098164,33.690750,223.525970,16.119585,51.624233,208.468704,-6.353412,49.242413,228.531631,9.225498,68.021858,212.834961,4.939157,68.592247,223.058975
316,3.186094,32.464130,229.042282,8.044699,13.222239,234.950302,13.240829,-10.469131,231.669128,34.374844,-5.903368,213.510559,32.626534,17.199677,214.996017,21.051670,35.302635,212.844543,13.210734,31.296824,233.422272,26.374372,34.171669,223.923767,17.110590,52.010372,210.283661,-1.966841,49.949055,229.884888,9.789270,73.693298,214.632141,1.058919,74.765686,221.662933
317,3.026853,32.713146,229.135529,7.946531,13.021429,234.414001,13.316382,-10.383698,232.094284,34.452671,-5.831181,213.516632,32.474926,17.093616,215.284286,20.949150,35.325054,212.812561,13.269461,31.488140,233.642868,26.242544,34.586678,224.308548,14.833858,51.977085,207.955399,-2.163950,51.951164,230.808243,9.371092,73.061546,216.004089,2.309716,73.781151,224.791183
318,3.093221,32.627686,229.138214,8.166542,12.658890,234.659042,13.287871,-10.481640,231.582413,34.234592,-5.773847,213.165054,32.389244,17.248058,214.809891,20.885399,35.424576,212.642563,13.637627,30.295141,233.152298,26.252726,33.493477,223.734818,18.260469,49.386246,208.423950,-2.514098,51.577091,230.865311,8.325793,71.381401,213.171509,2.652457,73.178825,224.840027
319,3.358248,32.823475,229.798218,8.005276,12.953852,234.829834,13.292870,-10.296917,231.734268,34.434811,-5.657592,213.153091,32.718155,17.207190,214.902695,21.091074,35.374657,212.646790,13.155945,31.425581,233.675690,26.484003,34.183582,224.559418,15.786722,52.437778,208.394806,-2.045624,50.598366,231.619476,12.685043,76.129196,217.266357,1.557863,75.310562,225.082809
320,2.996679,32.918488,229.069748,7.904392,13.127798,234.366119,13.250347,-10.057419,231.800598,34.421654,-5.560678,213.096313,32.681900,17.406069,215.584946,20.583754,35.420250,212.767700,13.194661,31.200220,233.794449,26.179333,34.190845,223.885895,16.607773,50.223839,208.419724,-1.851127,52.446201,232.408356,9.500835,73.648544,214.149536,2.296714,74.494408,221.917191
321,2.856439,32.770370,229.408356,8.154625,13.083564,234.503326,13.280992,-10.197112,231.911163,34.455635,-5.507493,212.970398,32.504208,17.442471,215.178085,20.530800,35.368557,212.651520,13.200215,29.465382,233.325424,25.810726,33.420944,224.040131,14.933937,52.573677,208.288345,-1.887146,51.078232,231.534958,11.687831,75.360680,217.244171,2.880141,72.929337,227.077728
322,2.718702,32.599205,228.995483,8.021394,13.082196,234.525528,13.202964,-10.293550,231.891876,34.268749,-5.705694,213.056168,32.590355,17.377716,215.334091,20.933765,34.858902,213.154373,12.645375,29.555441,233.880264,25.734350,33.086418,224.918503,15.172253,52.281715,209.859528,-3.348552,50.959187,229.323257,13.562560,73.222763,215.383148,4.222871,69.080872,223.534210
323,3.457422,33.066437,230.132538,8.206528,13.174090,234.510971,13.175035,-10.095204,232.011063,34.451870,-5.683527,213.240738,32.432068,17.419571,215.269577,20.462313,34.224396,212.344009,12.614183,30.270153,234.531158,25.691040,33.164734,224.653625,21.507423,48.844635,210.460114,-2.190378,50.053059,231.607727,12.345013,72.249397,217.529694,7.636049,71.704308,230.844330
324,3.249147,32.704418,229.808060,8.184640,13.115729,234.736526,13.380260,-10.195357,232.072021,34.217464,-5.731856,212.999878,32.850468,17.566313,215.743134,19.901430,33.909500,212.078766,13.202135,30.767759,234.958267,25.691048,33.744328,224.795670,17.436550,49.400650,208.204559,-4.000103,48.475872,229.610001,13.148562,65.830956,218.592453,10.240055,65.101288,234.946121
325,3.143673,32.516148,230.013718,8.344669,13.068157,235.113037,13.343725,-10.483146,232.707703,34.188393,-5.655148,213.611954,32.760204,17.721687,216.061768,19.978544,33.198067,213.283646,12.652691,30.558250,235.709488,25.030739,33.916393,225.584473,18.376696,50.794201,213.472321,-2.577425,49.308529,231.446243,10.480771,67.033768,217.750366,3.377216,67.958527,226.676559
326,2.713579,32.377975,229.584595,7.794598,13.423569,234.671936,13.422629,-10.241089,232.726181,34.046608,-5.755761,213.706970,32.393932,17.522284,215.621216,19.407862,32.288563,213.266083,12.602857,31.008358,235.744186,24.931995,33.569744,225.282791,18.419954,48.260185,211.994003,-2.241475,49.980057,232.216660,14.017358,65.995735,217.587311,6.805799,67.512665,230.543259
327,2.620796,32.588284,229.103165,7.789353,13.599424,234.647949,13.248361,-9.984113,232.556519,33.919033,-5.972425,213.549362,32.822491,17.245377,215.603882,19.011839,31.706951,212.850433,12.403152,31.370810,235.101028,24.973936,33.591873,225.384079,23.442383,44.783058,213.600891,-2.607939,51.912060,232.703842,13.343946,64.646370,216.606308,8.227886,65.008369,232.540817
328,2.596954,32.450089,229.426926,7.680358,13.286939,234.619858,13.223647,-10.064669,232.578873,33.785679,-5.821561,213.666962,32.561108,17.124760,215.382660,18.022242,31.325907,212.281494,12.800517,31.505289,235.429276,24.993238,33.792000,225.383789,18.178020,46.208496,212.437134,-4.572210,48.419678,230.208603,12.527877,63.315231,217.036575,10.210795,62.901157,231.264038
329,2.549617,32.869640,230.125534,7.218523,13.557672,234.706268,13.067834,-10.047854,233.042633,33.964756,-5.453828,213.494141,33.711723,17.994812,219.672485,16.668980,29.746748,214.348831,12.511322,32.899689,236.738556,24.741955,34.974831,225.229767,15.171081,48.180847,210.492004,-3.387758,53.496284,235.655487,9.008064,64.176109,211.042130,5.892763,69.079109,230.425461
330,2.305492,33.023563,229.045502,7.354304,13.211936,235.371658,12.928558,-10.046476,232.730530,34.015774,-5.573553,213.445801,33.439980,18.862747,219.280518,15.679109,28.604273,210.899918,12.520238,32.185791,236.953812,24.662920,34.885315,225.276276,15.617305,47.035435,209.463501,-2.924030,52.371754,236.491531,9.657850,66.805733,212.473480,6.203699,69.944527,234.354370
331,2.658564,32.684811,229.884979,7.204768,13.384091,235.013855,12.862351,-9.997641,231.944397,34.513756,-5.403205,213.320770,34.198444,19.189835,219.571777,13.970743,27.156357,211.096970,12.756275,32.305283,236.835602,25.608521,35.077991,225.741394,14.931465,48.374004,210.019684,-4.169742,53.714039,234.658463,12.968420,69.182938,212.183731,8.834646,69.962990,235.415314
332,2.189497,32.495667,229.182190,7.305001,13.744576,235.110672,13.215555,-10.016924,232.120789,35.088539,-5.343333,213.699615,34.659283,19.054892,220.162460,14.704135,25.257328,211.222763,12.919027,32.667500,236.766922,25.255402,35.025585,225.306366,10.430035,49.204594,208.906265,-5.695613,52.858067,233.139954,11.107341,69.234047,212.175232,6.061406,70.012238,232.551727
333,2.151998,32.278378,227.918640,7.295113,13.478685,234.168259,13.227190,-10.016454,231.804398,34.911308,-5.345947,213.818390,33.724972,18.602530,218.106110,13.901940,21.679388,210.189987,12.494622,31.259010,234.589676,25.085800,34.294834,223.874039,9.347428,50.022549,210.433212,-3.139032,51.776855,231.538712,10.941954,69.970329,213.518570,6.941483,69.476357,236.481110
334,2.471990,32.669121,228.556274,6.995764,13.983898,233.663025,12.959969,-9.937790,231.350616,35.234497,-5.805813,213.874207,34.626984,18.355516,218.623795,13.696980,18.512316,212.059174,12.715228,30.743212,233.663895,26.218979,33.916016,223.672623,13.033447,50.525841,211.308197,-2.953955,50.491039,226.160629,13.628098,71.663147,211.348541,3.420043,72.609421,229.028168
335,2.713289,32.612679,228.981171,6.892025,14.267759,233.703537,13.301227,-9.941264,231.689911,34.840706,-6.236232,213.572159,33.695782,17.859676,217.789795,13.672108,16.662251,210.409790,12.464276,32.013493,233.548935,25.615759,33.993153,222.971756,13.715824,50.970093,209.481155,-3.794472,51.859978,227.969574,13.442660,70.454964,210.165863,3.246274,70.383621,227.215744
336,2.540294,32.437035,229.173691,6.935434,13.738504,233.585190,13.663438,-10.117003,231.463226,34.692154,-6.155687,213.710663,33.629032,18.812813,214.827774,15.061348,10.648062,210.061920,12.457686,31.604614,233.274307,24.973269,34.244255,222.262436,14.388884,50.678051,211.953979,-3.861839,54.310207,227.377380,13.046664,74.752289,219.242920,0.584442,74.901726,224.352112
337,2.878509,32.778976,229.436951,7.957429,13.038859,234.171936,13.759584,-10.364189,231.783142,35.125538,-5.974689,214.133545,34.539425,19.404711,215.461807,16.345892,8.511267,211.440582,12.919850,32.367352,233.605331,25.528458,34.366505,222.624344,12.911705,50.048065,210.932175,-4.363808,54.685959,229.628601,9.198367,71.252975,215.923019,5.658113,73.032089,231.201477
338,2.180239,32.440369,228.829956,7.101449,13.742512,233.968170,13.540545,-10.049704,232.283920,34.694092,-5.811691,214.070404,34.259560,18.948675,214.930939,16.909225,6.851884,211.100357,13.030663,32.821083,233.346115,25.741037,34.597107,222.162643,12.214796,50.220669,210.062515,-4.580637,52.956329,227.423859,7.603034,69.056595,212.791199,2.562623,69.818062,222.948303
339,2.155810,32.279945,228.359695,6.530619,13.763483,234.203506,13.128849,-9.665054,231.771011,34.370361,-5.796676,213.653275,32.809074,18.742722,214.504105,17.383461,4.290381,211.371994,13.067104,31.636913,232.330887,25.908489,33.892189,221.532104,11.248588,50.646774,211.178543,-3.745476,52.727795,227.078949,8.218325,71.781197,212.768890,2.404788,71.601715,218.481644
340,2.789188,32.688450,228.973633,7.557168,13.095679,234.745224,13.210305,-9.851116,231.374313,34.359768,-5.601393,212.894043,32.839622,18.426245,215.916489,17.864433,-2.517190,212.433548,14.293376,31.270565,232.679184,26.613634,33.808697,221.305725,10.761934,51.402622,209.175491,-2.500491,51.699173,231.454071,7.691360,71.899773,214.136215,2.281909,73.146919,230.103683
341,2.970537,32.824589,228.940338,7.937551,12.715334,235.264053,13.502207,-10.398212,231.323929,34.954037,-5.520319,213.128143,33.219780,18.055605,216.223648,19.095739,-4.167807,213.108948,14.209313,31.460587,232.221985,27.359737,33.950439,221.674103,14.593175,52.126991,214.070572,-2.432773,53.540901,230.598099,7.291974,72.138641,213.352890,-0.727320,72.530510,222.433365
342,2.803805,32.633934,228.578903,8.018595,12.905313,234.530136,13.512124,-10.582756,231.474457,34.729244,-5.739663,212.913620,32.231033,17.844034,215.526855,18.983580,-4.161227,213.028748,13.987737,31.435869,232.257843,26.609871,33.970497,221.060959,13.729327,51.250084,212.863174,-3.007822,53.623459,230.477127,7.538079,71.883820,212.945145,0.728451,71.700447,220.745834
343,2.661765,32.596375,228.310760,7.975685,12.939163,234.843307,13.589015,-11.040271,231.517944,34.689163,-6.100084,212.852448,33.110779,17.718687,215.985260,21.111443,-5.880987,214.043564,14.131952,31.803120,232.401123,27.138885,34.057465,221.415131,19.850655,49.123379,216.299454,-2.344124,53.299583,229.742844,8.724460,71.977142,213.573700,3.388869,73.235321,221.985382
344,2.830027,32.635105,228.940277,8.321472,12.825299,235.235901,13.275264,-10.496200,230.796661,34.028591,-7.267803,212.046890,32.093067,17.548010,214.919983,21.828533,-8.263833,213.458923,12.910476,31.601904,231.336838,26.277769,34.004597,220.273041,18.500978,50.246201,212.892624,-2.754037,52.150932,227.187363,7.868384,74.381805,214.880554,1.925830,75.863815,227.348785
345,2.946859,32.857330,229.495590,8.293208,13.217306,235.148285,12.802806,-10.079924,230.670792,33.992916,-7.300129,212.102646,32.573826,17.159060,215.066605,22.751431,-8.855757,214.042816,12.847162,31.590389,231.874817,26.113541,33.953918,220.410980,20.233591,49.432301,212.393936,-2.195238,50.692421,231.036255,8.618477,75.391449,214.242691,2.395066,76.254166,230.309631
346,2.708236,32.690304,229.020203,8.064762,12.740304,235.189575,13.170368,-10.180726,230.560211,34.172264,-7.161917,212.177597,32.608604,16.806442,215.704224,23.149492,-9.104045,214.224396,13.941705,31.424025,232.295624,26.651539,33.880817,221.327133,20.038157,48.199863,213.870010,-2.409357,47.911659,227.595596,8.328712,74.032433,215.708145,2.337877,75.611183,231.966873
347,2.746932,32.990799,229.504303,7.895097,13.195472,235.405548,13.444809,-10.101266,231.875320,34.867035,-6.917076,213.006287,32.698147,16.597517,215.889420,23.167898,-9.600437,212.981674,13.600224,31.890274,233.068512,27.162828,33.773293,222.258377,23.870291,48.658443,215.396790,-2.411566,51.775391,228.416718,8.449801,73.672005,214.908691,1.880172,75.400848,226.843826
348,2.545716,32.494179,229.461639,7.610353,13.004169,234.279358,12.675161,-9.982383,231.587433,34.213867,-6.819387,212.978760,32.258995,16.704338,215.584763,23.244417,-9.500982,213.146622,12.576689,31.360931,233.888428,25.206432,33.555916,222.015854,10.575063,50.155441,210.888901,-3.390532,53.594391,230.043655,9.268295,77.029022,217.903214,2.690209,77.222115,231.307755
349,2.203217,32.701862,228.599548,7.541449,13.325551,234.780014,12.790722,-9.931560,232.083496,34.393967,-6.682208,213.400726,32.393154,16.675844,215.463150,23.104160,-9.303589,213.251709,11.700758,31.264030,233.971161,25.275345,33.957905,223.265335,14.969424,50.684669,212.938965,-3.009364,51.157310,232.629044,7.296116,76.639236,216.257156,0.163815,77.421104,231.635391
350,2.447869,32.663559,228.217728,7.338910,13.334017,234.293854,12.710521,-10.110299,231.309082,34.171097,-6.380882,212.889435,31.505819,16.944628,214.689301,23.243008,-8.901734,213.146317,11.458776,31.025837,233.934631,23.928350,34.131783,222.274246,14.082252,49.682659,212.994705,-4.532036,51.328888,229.535187,6.432097,70.516449,215.149811,1.533668,72.028915,228.201462
351,2.288517,33.021152,228.357101,7.035707,13.487559,234.410080,12.877757,-9.852612,232.310303,34.233017,-6.297839,213.232681,31.283882,17.023115,214.997498,23.222275,-8.591205,213.381088,11.055941,31.138964,234.132111,23.605013,34.126930,223.189743,15.454716,49.931850,213.730469,-3.497133,50.822479,227.328201,5.981670,70.879486,216.554871,0.311683,72.404274,225.339401
352,2.143536,32.415691,227.900085,6.656140,13.466928,234.401474,12.426323,-9.833710,231.356247,33.867825,-6.411046,213.191147,31.770931,17.161003,216.069687,23.210863,-8.142592,213.632751,9.763392,30.795330,232.946701,23.073254,33.937111,222.997223,14.281693,50.705536,212.229294,-2.689170,53.276505,225.792480,7.959597,75.109535,217.407761,0.599394,77.154266,225.562317
353,1.983447,32.495625,228.460327,6.912166,13.488459,234.538422,12.682835,-10.160526,231.837570,34.050407,-6.580901,213.326233,31.181200,17.170057,215.608139,23.002567,-7.432204,213.225204,10.181245,30.423157,234.193924,22.478481,33.346310,223.506592,12.663581,52.158382,212.486893,-3.472535,52.638306,228.880356,9.226185,77.933350,220.652130,0.682516,78.204109,233.383194
354,1.676643,32.973450,228.847977,6.654694,13.747048,234.149933,12.039406,-10.028981,231.439240,33.285767,-6.778069,213.491135,31.312843,16.830442,215.415497,23.249172,-6.996609,213.651810,9.184093,29.997740,233.402939,21.301010,32.586163,223.066010,16.533243,52.083149,215.767319,-3.969930,50.407921,227.321747,7.326862,77.463264,219.032013,-5.113201,77.409241,223.520248
355,1.794555,32.913124,229.504868,6.749510,12.951435,234.509735,12.216092,-10.680162,231.307281,32.987316,-6.974376,213.376587,31.063290,16.552805,214.677032,23.083935,-7.084976,213.534729,8.196747,29.560656,233.073685,20.527945,32.152538,222.964920,13.975664,52.783577,213.727768,-3.555574,52.474861,229.934311,8.039228,76.329391,220.013245,1.737885,77.642883,232.902191
356,1.907875,32.659271,230.268280,6.972143,12.380141,235.275665,12.549470,-10.699288,231.347168,32.909866,-6.724985,213.130402,30.802399,16.534700,214.859680,22.953764,-7.111855,213.553604,8.447127,29.540468,234.458145,20.006603,32.248833,223.489471,14.911028,51.074520,214.512405,-3.276691,50.781704,230.312012,7.740248,75.693199,220.849182,2.544825,78.602882,233.980087
357,2.000437,32.703835,230.178238,6.300074,12.450951,234.586838,11.973249,-10.553833,231.006073,33.054348,-6.346910,213.500412,31.512121,16.831537,215.412064,23.126297,-7.307888,213.825287,7.804357,29.560646,234.429031,20.354942,32.474049,223.758499,16.248289,55.144707,216.793396,-2.615935,53.297325,230.655029,8.835442,77.944748,222.501160,1.241366,82.773750,237.288528
358,2.296350,32.241085,230.047974,6.482260,12.442005,234.659973,12.133649,-10.569509,230.969055,33.272343,-6.212955,213.139664,30.975306,16.914686,215.569717,23.061510,-7.587917,213.882156,8.239508,29.150145,233.968292,20.286139,31.645466,222.971786,16.260258,52.748737,216.082275,-3.272332,52.488625,232.073090,8.411818,76.294594,218.841644,0.248637,79.507431,233.621399
359,2.126266,32.492977,229.717621,6.541436,12.687014,234.968781,12.073274,-10.341476,231.013718,33.308990,-6.088820,213.266617,31.269754,16.858072,215.264084,22.905361,-8.056907,213.670807,8.341880,29.519533,233.779068,21.192413,32.625912,223.412109,20.746284,50.517551,217.195724,-3.232105,49.690556,231.942841,8.662260,74.160316,219.680756,1.137397,78.209480,233.669006
360,1.773412,32.435699,229.314224,6.662675,13.109180,234.682358,11.942559,-10.201441,230.876953,32.993927,-6.441459,213.204742,31.031183,16.714331,214.839157,22.477848,-8.539605,213.042297,8.447651,29.895258,233.432846,20.881506,33.112423,223.209778,10.733539,49.478832,211.256088,-4.392771,49.181133,230.266205,6.743348,72.329819,218.298172,2.221485,74.352455,231.007523
361,2.080812,33.368996,229.684906,6.823184,12.894487,234.548111,12.171921,-10.656730,230.927948,33.083698,-6.960891,213.238022,30.840334,16.511528,214.569565,22.554039,-9.056873,212.816711,8.949251,29.845963,233.333649,21.156675,32.678528,222.920914,12.574938,48.532967,210.791855,-3.888246,50.414089,228.079819,6.505484,71.769005,214.827454,2.895140,74.831970,226.755005
362,2.139027,32.700893,228.845261,6.963943,13.077919,234.389755,12.159194,-10.752535,230.827362,32.820114,-6.975683,212.154861,31.012520,16.320623,213.654877,22.575298,-9.483544,212.261688,9.450925,29.433401,232.951187,21.448563,32.345272,221.911041,13.336908,49.481937,214.614746,-3.377127,51.751156,230.296799,8.974651,74.762817,221.866379,1.393152,77.723030,230.739731
363,1.762562,32.701672,227.897659,6.588834,13.413403,234.379944,11.750091,-10.232303,230.733307,33.267097,-7.143929,212.906509,30.365486,15.764490,213.579803,22.336523,-10.389452,211.996689,10.039585,30.507364,233.249863,22.352053,32.742012,222.017242,17.315601,49.732059,211.715790,-4.109830,52.976475,225.096878,11.300895,76.861404,219.165070,1.617331,78.338234,228.339584
364,2.204472,33.046886,228.122574,6.928806,13.825156,233.992279,11.535199,-10.453115,230.440338,33.338375,-7.257345,212.814697,31.464186,15.497954,214.161270,22.547337,-10.498439,211.652634,10.884113,32.035656,233.365891,23.510214,33.427002,221.190842,17.786167,49.395721,213.757889,-2.598045,53.339123,228.924545,8.871007,76.369713,214.875214,1.341803,78.102097,221.573105
365,2.491503,32.955826,228.341858,6.886292,13.933239,234.546112,11.819261,-10.126021,230.843323,33.522659,-7.458827,212.852463,32.177380,15.535581,214.354553,22.774096,-10.922530,211.522293,11.969851,33.441780,233.319839,24.607759,34.322060,220.970627,16.815617,51.218361,212.024353,-3.430697,52.436855,229.133209,8.333131,75.986755,216.006577,2.827675,77.595230,231.607208
366,2.102727,32.880547,228.674545,7.191409,13.045359,234.533447,11.816957,-10.738011,231.886490,33.419346,-8.395145,213.259872,31.226570,15.207157,212.494492,22.271391,-10.990326,209.890656,12.104254,31.849411,232.633713,25.170607,33.814827,221.043915,12.630735,50.548492,210.509705,-3.890565,51.574574,228.291107,10.778515,75.734467,214.698273,5.320884,75.783318,233.947571
367,2.160836,32.883095,228.595001,7.101923,13.863501,234.142471,11.587763,-10.009621,231.575165,33.924763,-8.404197,213.302444,31.306408,14.836049,212.375168,22.711882,-11.160146,210.284409,13.798283,32.793415,233.473145,26.596889,33.583614,220.498917,17.399776,47.891647,209.332565,-3.309453,53.711449,229.251831,10.023531,74.186836,213.083313,2.670165,76.847954,229.772995
368,2.804664,32.824364,228.987030,7.221834,12.761771,234.068253,12.409237,-10.318402,231.464508,34.253780,-8.433873,213.049667,31.080153,14.532614,212.702499,23.139944,-11.691096,210.681580,14.878228,31.331652,232.557175,27.216057,33.209766,220.323669,18.321611,48.793381,216.459930,-2.114964,51.259953,233.623886,9.536925,74.171288,215.013657,-1.797251,73.531784,228.392288
369,2.976093,32.871380,228.257751,7.693308,13.098312,234.508331,11.668157,-10.019064,230.646118,34.307224,-8.349357,213.576721,31.605801,14.352172,213.545059,23.293592,-12.220710,210.977585,14.886266,32.492607,232.357224,28.082668,33.553783,221.029709,17.587387,47.931255,210.746078,-3.643193,51.891891,224.541489,7.858611,74.188164,214.438278,-0.993928,73.650093,221.814728
370,3.333178,32.559357,228.528549,7.692677,13.059241,234.505402,11.884746,-9.973745,230.560684,34.185684,-8.214439,213.526840,31.145557,14.788651,213.624832,23.277878,-11.883787,211.050674,15.173899,32.704647,232.672668,28.108574,33.724026,220.359070,16.107784,50.153923,212.511566,-2.494129,55.579121,228.403595,8.209650,75.773201,214.165253,0.065720,75.241837,224.076981
371,3.196162,32.596748,228.424240,7.571232,13.118575,234.572449,11.939663,-9.767615,230.609955,34.367596,-8.169394,213.786636,31.836670,14.842407,214.216797,23.119736,-11.785836,211.052826,14.953711,32.950706,232.707214,28.620943,33.786503,220.650360,16.823130,51.525497,214.441467,-2.771357,55.467812,227.213593,11.342415,77.486702,214.294327,0.789438,76.592422,223.279037
372,3.264730,32.251110,228.925674,7.554801,12.082360,234.221268,12.515745,-10.282350,231.679886,34.244507,-8.041579,213.275345,31.171375,14.433202,213.861679,23.185463,-11.954736,211.603149,14.905928,32.150219,232.952133,28.109175,33.711185,221.068695,18.356781,50.631157,215.178650,-2.361849,51.005154,228.111694,9.704410,77.964653,217.430740,-0.930924,77.066544,225.760712
373,3.337996,32.482048,229.542328,8.102131,12.680800,234.605499,12.597202,-10.187589,231.488602,34.348263,-7.757235,213.128754,31.515440,14.539269,213.246216,23.196808,-11.756324,211.125961,15.195739,31.809927,234.259247,27.892094,33.638950,222.337860,14.651490,48.345558,210.677368,-2.649489,50.825176,228.437897,7.003674,75.371902,214.583206,-1.327826,75.615601,225.188004
374,2.521685,32.691147,229.148071,7.677762,13.283263,234.965454,12.440267,-9.900839,231.387100,34.543354,-7.100029,213.152420,31.850361,15.009691,213.080154,23.280149,-11.513521,210.980957,13.499846,33.453350,234.617767,27.361851,34.364399,222.005142,22.851589,48.986992,213.731339,-3.251181,52.653076,228.018723,9.244526,76.473137,215.197525,-0.142294,79.717682,223.065140
375,2.588865,32.346741,229.015350,8.104796,12.593209,235.478775,13.241077,-10.415092,231.854630,33.940411,-7.283509,213.165878,31.086832,15.047112,212.771423,23.208927,-11.359509,210.673889,13.735436,31.821342,236.018356,25.187950,33.679272,221.733566,15.313517,46.988735,213.469452,-1.623375,49.247017,233.248337,8.737752,73.643799,215.190918,1.697139,74.451340,227.126862
376,1.967214,32.468391,227.759338,7.828393,13.275857,235.277222,13.327076,-10.193845,231.823883,33.913536,-7.058765,212.546173,31.049967,15.062215,212.623138,23.162413,-11.627785,210.962860,13.203650,32.407700,235.764252,25.874943,34.592754,222.682785,16.088673,48.322659,213.179504,-2.720821,51.250050,233.862198,9.265452,74.060837,218.137741,3.020935,76.610420,235.455826
377,2.374985,33.313705,227.903152,7.694196,13.265988,234.962280,13.236761,-10.041788,231.908661,33.839046,-6.464301,212.339111,30.859266,15.001826,213.161774,22.994064,-11.588542,210.797699,11.430739,33.614723,235.984406,24.618568,35.653797,223.089722,15.597769,50.070198,211.584030,-3.098247,52.075459,231.074188,9.462232,73.971725,214.031448,4.072657,76.827682,226.952332
378,2.418010,32.485332,227.656128,7.090270,12.360530,233.737106,13.358777,-10.756810,231.360260,33.686131,-6.935135,213.011810,30.675438,14.768926,212.360519,23.077351,-11.441537,211.468109,10.795782,31.696222,234.708694,23.721445,35.059799,223.003662,16.837109,50.822323,210.499939,-3.135029,47.209740,228.928970,11.319563,77.321388,218.735397,2.976953,77.518066,235.859558
379,2.819258,33.180138,228.628616,7.071008,12.645243,234.497086,13.426761,-10.537004,231.746368,33.436077,-6.840443,212.263596,31.025099,14.326625,212.521881,22.712423,-11.022577,211.225388,10.436442,31.354759,234.746201,23.411354,34.663349,222.992264,15.778838,56.183434,213.536346,-2.095851,52.235855,229.997452,9.726249,80.605217,219.717957,-0.215939,81.583122,233.743973
380,2.347572,33.069077,228.383499,6.737471,12.774044,233.919556,13.135590,-10.427444,231.338120,33.616577,-7.134815,212.687729,31.316259,14.214182,212.814667,22.537230,-10.674206,211.124298,9.875320,31.441992,234.301956,23.232124,34.351002,222.823410,13.000679,52.192684,210.321625,-2.831997,53.613140,229.922165,11.474717,79.563416,218.742920,5.965253,80.339851,239.232178
381,2.209460,33.208534,228.479523,6.523491,12.819866,233.386383,12.943981,-10.362937,230.670380,33.574860,-7.470116,212.085892,31.488356,14.472138,212.883469,22.732065,-9.575081,212.194672,9.976263,31.337057,233.360199,23.431850,33.918659,222.341827,14.304949,52.549229,211.570801,-3.140858,52.781879,231.285477,11.951835,81.083458,219.023407,4.587488,82.168900,239.163284
382,2.620037,32.958752,228.657776,6.928860,13.095697,234.000092,13.110544,-9.845527,231.259171,33.611465,-7.410060,212.225357,32.191513,14.800989,212.899872,22.651506,-8.758986,212.311646,10.720284,32.247589,233.964401,23.975946,34.772438,222.556305,18.358788,53.948189,213.510330,-2.844270,51.612244,227.939835,11.429963,80.566864,219.396774,0.937238,80.078056,229.886627
383,2.307027,32.678562,228.258286,6.958202,13.216563,234.090195,13.194446,-10.302675,231.249268,33.479149,-7.331981,212.430405,32.355614,15.005541,212.941452,22.341528,-8.235755,211.902924,9.820817,32.261902,232.564575,23.592419,35.182869,222.269257,16.484114,53.920975,212.313095,-3.083867,50.651405,229.396667,11.651416,80.424614,217.524506,0.810376,80.518997,232.771500
384,2.385280,32.546898,227.693954,6.685170,12.934792,233.265442,12.865399,-9.806287,231.011841,33.819370,-7.391007,213.014008,32.711868,15.115144,213.082016,22.378973,-8.085947,211.732040,10.217040,32.241051,232.826706,24.754154,34.597385,222.561096,19.484135,51.711525,215.614365,-3.016778,53.422764,225.595276,11.235722,79.722343,222.446686,2.071389,78.381424,227.651688
385,2.203274,32.607418,227.865860,7.032692,12.369255,234.707642,13.196271,-10.127792,231.782211,34.098751,-7.802080,213.243896,33.108837,15.660325,214.896896,22.678993,-7.503291,215.705017,11.609060,31.396120,232.495163,25.106863,34.148979,222.249542,20.243214,50.182518,218.633514,-1.940600,50.789444,231.455231,5.810007,75.156067,215.516998,2.450217,77.144508,232.977692
386,2.031922,33.130375,228.204910,7.255058,13.211314,234.760468,13.072521,-9.986005,233.213409,34.561447,-7.871278,213.745224,33.442017,16.017286,215.147980,22.219326,-6.398376,215.748779,12.695840,32.074245,233.573257,25.813713,33.468338,221.983383,19.977154,50.332199,217.021683,-3.320938,51.779129,228.084702,8.872827,73.429657,215.987610,0.658127,74.315536,221.929123
387,2.229609,32.837666,228.623993,7.425680,12.991640,234.420776,13.277934,-10.765452,232.472458,34.388252,-7.661796,213.172180,33.429962,16.328238,214.971375,21.235765,-6.377494,214.793671,13.909044,31.736382,233.764267,25.789671,33.418343,220.646744,19.031227,48.811275,212.691727,-2.408263,53.471039,232.049057,7.378370,71.878563,213.857605,3.356932,75.045944,230.421921
388,2.500765,32.846901,228.433838,8.121672,12.966349,234.696381,13.737820,-11.032327,231.768555,34.771793,-7.402692,213.481415,33.258682,16.647398,214.424988,20.239643,-4.959430,213.642776,15.631269,32.097065,232.985504,28.163721,33.553387,221.566528,16.485750,49.773327,212.508118,-2.779325,52.771946,229.426117,7.088904,73.621407,213.727020,-0.151335,76.279655,225.693207
389,2.932626,32.605553,228.922760,8.409156,13.033218,234.389267,13.222186,-11.015346,232.232880,34.238586,-7.576571,213.094849,32.952568,16.783928,212.663437,19.811064,0.490573,214.371872,14.945257,30.237225,232.015289,27.492960,32.698887,221.070999,14.323200,52.725319,216.942535,-3.293731,51.860268,229.533829,7.467580,75.341576,212.920410,-0.264116,76.574944,226.837418
390,3.085670,32.608253,228.395172,8.029727,12.921374,233.836060,12.522060,-10.301373,231.350159,34.428192,-7.733828,213.024261,33.615398,16.733763,212.965317,18.245747,3.322121,213.636642,15.481808,30.054363,231.426331,28.618742,32.158009,221.186935,20.023764,53.397644,218.356232,-2.918545,52.435394,232.010010,10.390571,74.267960,211.977509,-1.980445,70.811996,219.259644
391,3.380066,31.292543,228.700562,6.793460,12.351272,232.862320,13.544361,-9.922083,231.563461,34.891315,-7.627270,213.402039,33.552887,16.320801,213.075623,15.406357,4.506069,211.423294,16.638128,31.518925,231.092682,28.967421,32.302513,220.361038,15.893381,53.312584,217.955307,-1.645205,53.403809,231.720474,8.655318,69.590256,210.949020,1.636309,67.121941,215.875549
392,3.045940,31.593353,228.273239,6.404127,12.783247,232.489838,12.967704,-9.817105,231.320068,34.386715,-7.635256,213.030823,33.358944,16.404060,212.541519,14.045591,6.106737,210.218933,15.736200,32.678791,230.332520,28.048784,32.813293,219.607559,8.775525,54.136211,213.332642,-3.421970,53.323746,226.771790,10.139834,68.884132,212.017349,5.646006,62.758682,214.020874
393,3.406858,31.694511,229.420013,6.770274,12.559079,232.560074,13.134496,-9.626926,232.773727,34.289188,-7.948306,213.373352,33.778183,14.453877,215.381897,14.511942,11.041512,209.751175,16.169521,32.858898,232.432556,28.729368,33.029549,221.635590,14.449301,52.681812,211.117371,-2.080130,51.089443,229.214722,10.166873,67.552330,208.900375,5.447983,65.895615,227.561081
394,2.797636,31.552292,228.981552,6.745154,12.350245,233.144852,12.998648,-9.896334,232.843262,33.952572,-8.159820,213.159180,33.602840,12.577025,215.031479,14.115663,13.910060,209.154434,15.948076,33.766235,234.167419,28.457275,33.712902,222.731750,17.951500,51.232552,210.117249,-2.682787,53.251598,232.845032,8.474958,67.335533,209.702454,3.909350,69.983673,228.501740
395,2.685437,32.866879,228.949081,7.068421,14.442273,232.976364,12.047087,-9.621616,232.387192,34.484001,-8.336716,213.286774,34.120068,12.672052,214.779221,12.208318,18.119749,209.411819,16.337189,32.359512,235.203033,28.982105,33.945770,223.851959,17.611574,43.886330,209.938934,-2.997075,41.912041,231.042862,8.299655,66.340988,212.243820,2.937147,70.465340,233.274628
396,2.594548,33.797779,229.246292,6.484293,15.361534,234.190460,12.092780,-9.142174,233.187241,34.563904,-8.088108,214.420670,35.332844,13.966221,219.176147,12.184959,27.061861,211.195328,15.484908,32.617931,235.419220,28.969948,33.738354,224.653702,22.853502,44.209724,210.839874,-2.189397,51.285751,231.686707,6.080429,66.029076,214.624878,2.426357,73.395912,229.740112
397,1.509231,34.162430,228.909668,6.731012,15.063094,234.982376,12.415314,-9.268022,233.722336,33.886044,-7.743189,214.655060,32.577648,15.681229,218.002930,11.677765,31.046480,211.306000,14.726055,28.812193,235.506973,26.297005,29.950825,224.793137,20.336390,45.964993,214.324432,-0.863994,50.333672,231.520737,6.752757,58.493420,208.635132,16.098555,61.549812,222.709732
398,2.182429,33.379631,229.899002,7.947747,13.351152,235.476013,12.558333,-9.608134,233.255508,33.485878,-6.914334,214.576920,30.736538,15.695892,216.166550,19.223316,35.580658,215.255417,13.992480,27.904236,237.373428,24.831467,30.295286,225.226776,12.225216,52.823456,210.202805,-1.032045,51.764893,232.726913,12.550979,63.002972,213.706451,9.785441,61.696812,225.563385
399,2.435998,32.912727,229.000305,7.245376,12.181638,234.178925,12.738392,-9.945147,234.249985,33.670483,-6.618778,214.682129,29.443811,15.992653,215.134140,18.230734,35.739182,215.834122,11.803293,29.924238,237.332687,23.937323,32.600330,226.280533,16.601204,54.585659,213.593155,-2.312978,52.764805,231.552826,14.731264,72.532013,223.525894,9.961378,73.154015,237.240555
400,2.382520,33.447723,229.308868,7.039742,13.390543,234.064743,12.379440,-9.912114,233.580276,33.535805,-6.374838,214.134247,30.228559,16.544741,215.025024,17.503437,35.356503,215.714157,9.967167,28.054968,235.678848,20.814203,31.135855,223.968719,11.678139,54.146126,212.956207,-3.492454,53.728352,230.171188,15.210281,74.694565,225.880539,10.610936,74.377434,246.396301
401,2.563866,32.982155,228.802032,6.770387,12.886222,233.922211,12.191536,-9.885539,233.216309,33.691292,-6.015883,214.158081,30.342371,16.949177,215.246704,16.947582,34.719139,215.094727,10.211680,28.146441,236.282852,21.804747,31.484913,225.564041,7.199532,52.923832,210.247879,-4.256207,50.334492,231.173813,15.850434,75.471260,228.461365,8.791069,75.305717,249.953735
402,2.663176,32.378017,228.950592,7.161740,12.665277,233.983368,12.842159,-10.014817,233.640442,33.543278,-6.015090,214.065430,30.869463,17.001539,215.125504,16.530611,34.640026,215.351852,10.238765,27.470985,235.909729,21.234554,31.674541,225.604187,7.070792,53.122047,211.109253,-4.411506,48.706131,230.714890,9.943261,74.280319,224.316483,3.890939,71.666901,239.328262
403,2.511296,32.465885,229.038879,6.888662,12.850430,233.969742,12.492232,-9.864088,233.528732,33.804432,-6.145727,214.114899,30.752018,17.088438,215.074890,16.431503,35.118603,215.804810,10.295839,25.312597,235.146011,21.588125,30.273703,225.529160,8.781284,52.508915,211.073303,-4.413021,46.514091,233.447296,8.273335,74.026062,223.535736,3.388207,72.613464,247.098907
404,2.574826,32.528244,228.247269,7.322348,12.363828,233.981079,12.536585,-9.899288,232.617325,33.729977,-6.296531,214.254974,30.269367,17.083128,214.035812,16.873863,35.265686,215.747910,10.572143,27.191360,235.447128,21.943289,31.075853,224.791443,9.955487,52.499012,209.225479,-4.294761,49.093464,230.851074,12.203285,73.249695,224.387344,1.530926,71.234688,234.823669
405,2.939009,32.326763,228.240173,7.693014,11.751012,234.448730,12.562738,-10.152431,232.485901,33.598934,-6.678522,213.518433,30.741905,16.984858,214.670380,16.646952,35.446598,215.642288,11.202092,27.380587,234.454849,22.448868,31.130163,223.785233,10.926749,51.980602,209.348038,-2.631049,50.176315,231.136383,13.299550,72.606667,223.076080,5.769490,69.676491,235.271515
406,2.709238,33.332001,228.424957,7.729090,12.813328,233.754669,12.865840,-10.028125,232.726074,33.825302,-7.137037,213.769623,30.914684,16.678247,214.383163,17.476374,35.596615,215.459778,12.598102,28.729973,234.201767,23.621765,31.625078,224.163437,11.691529,52.129753,210.275681,-2.662099,51.857498,230.828995,10.860592,69.185890,217.487885,5.044447,66.029030,228.145294
407,2.972817,32.464497,227.306046,7.887453,12.222772,234.058868,12.990881,-9.915198,232.063599,33.613659,-7.508486,213.609436,30.966682,16.105633,213.641388,17.125633,35.352642,215.264053,13.715203,26.861162,231.430237,24.828091,28.988342,221.840408,15.866014,47.643936,207.171280,-2.099146,42.776089,229.817719,11.334062,62.817913,210.956787,10.169814,58.925293,235.950897
408,2.789784,31.932632,226.633820,7.878874,12.341698,233.261017,12.812020,-10.352930,231.912125,33.149788,-7.964712,212.992249,31.845335,14.754339,214.297913,18.547924,34.598595,216.221344,15.360909,26.749868,229.624023,26.538969,29.040874,220.082077,14.977381,41.258339,201.459366,-3.854097,38.992813,223.720367,11.614448,57.871269,214.665955,7.453390,55.644089,226.337143
409,4.044917,32.546062,228.157623,8.754930,11.249652,232.795563,13.662724,-10.812180,232.047134,33.584518,-8.382803,212.880341,32.472347,13.999581,213.983566,17.855768,33.330261,214.694641,17.832153,26.200363,228.305481,28.761345,27.519291,217.012238,20.346151,45.301376,213.545319,-0.112720,34.532108,224.370056,11.702266,56.878296,212.999695,9.502702,48.650749,216.989456
410,3.390487,31.956980,227.756104,6.885772,11.878294,231.822998,13.441268,-10.133757,232.361938,33.602558,-8.595452,213.658478,31.451607,13.689695,213.127319,17.479460,32.687160,216.000412,19.813690,27.868130,228.281586,31.018946,28.422823,216.089264,15.580055,46.746513,205.409760,1.163149,40.402439,222.633865,13.307201,62.646339,216.563400,11.291351,59.110970,216.653793
411,2.799064,28.843046,225.969513,6.867261,9.224818,232.650696,13.471884,-11.625812,232.589142,33.793919,-9.436204,214.144760,32.508728,12.536512,213.205200,16.788355,30.629955,214.583466,21.191605,25.721651,226.827530,33.370468,27.171782,219.134537,22.974905,36.940285,214.622955,0.737476,33.702148,216.588455,11.190183,58.425949,218.002457,15.425270,52.290443,210.772461
412,2.779188,27.083660,225.239670,6.008367,7.641713,231.543442,13.142756,-11.956998,231.644638,32.834393,-9.841714,213.198593,32.414948,11.296434,212.780869,16.529526,28.491949,214.211136,21.112570,25.478235,230.887314,32.836849,27.538416,220.429169,18.812935,37.843056,210.856537,1.296731,34.078159,222.329269,12.750964,59.891171,219.152985,11.538794,53.351551,218.590408
413,2.152251,27.958849,225.555313,5.537149,8.529472,231.190674,13.272429,-11.492582,232.268677,33.430744,-9.825920,214.008179,33.274937,10.885464,213.453293,17.211031,26.386396,213.186279,19.145456,25.143074,230.077515,30.897255,26.547009,219.573898,28.557020,27.156515,213.093781,2.158250,29.923283,224.811356,8.720028,55.726170,212.808899,11.451588,50.287533,223.052658
414,2.011571,26.932562,225.143311,5.157911,8.102383,230.883881,12.756478,-11.517344,231.338806,33.260818,-9.205866,213.584015,34.638153,10.388506,215.121460,17.687630,23.607996,212.770065,18.299480,27.955980,231.062027,30.013325,28.087549,220.866180,30.470041,34.675640,216.781250,2.309065,38.227600,227.062622,8.993301,52.291935,209.500992,14.645972,51.672455,226.719635
415,1.003163,22.395943,226.143219,4.548079,4.922229,236.931778,12.605772,-12.051670,230.854050,33.056740,-9.887553,213.096481,34.055225,8.547449,205.612823,18.307575,20.082529,206.823212,16.876287,29.351837,231.892120,28.816149,30.156458,221.217834,28.564760,33.606895,215.514709,1.963328,44.004105,230.900131,7.061894,52.026951,207.632736,15.513517,57.417519,230.245575
416,0.695751,20.887800,225.031097,3.586508,2.604146,234.678696,12.728490,-12.981543,230.331467,32.838482,-10.679732,212.870193,35.054039,6.795025,205.776855,19.427418,18.254440,207.012817,15.909019,29.534973,233.738098,27.481249,31.180178,223.291550,24.236670,37.210186,214.951523,3.274778,45.366344,234.462326,8.477035,56.143047,207.493271,12.411978,63.157169,233.207901
417,0.822809,18.507677,224.411682,3.971190,2.331786,235.512146,12.737629,-12.493052,230.902725,33.764355,-10.459009,213.691620,36.232071,6.122981,205.268250,21.014174,16.995352,207.407394,13.743523,29.904192,235.590286,26.400448,31.746870,224.276413,28.292215,38.746098,216.935059,0.551009,45.554859,236.179443,6.703883,54.322227,209.336182,11.579662,69.216476,236.120972
418,0.528635,15.651208,223.706116,3.178145,1.950537,234.471466,12.727237,-12.682759,230.819489,33.952618,-11.049579,213.878387,36.606773,5.989584,205.694946,22.871881,15.892635,208.758560,12.976261,28.866007,235.636780,25.958382,30.667191,224.492310,26.077393,44.629871,217.267288,0.510708,47.165871,236.221283,7.271480,62.215794,213.291168,10.791847,73.195564,241.689972
419,1.138242,13.381474,228.919357,2.496757,-3.016217,241.533386,12.695520,-12.232444,231.095291,33.831345,-10.433653,213.079132,37.142643,5.344897,200.585617,23.687910,14.135798,203.510437,12.583221,29.222185,236.095444,25.155521,31.106335,223.031403,25.743578,49.179398,213.884415,-0.608800,47.601227,232.026794,11.658302,67.056137,211.652634,3.350248,70.137634,233.981155
420,0.957996,11.721153,227.738007,1.332465,-5.724384,241.751923,12.731398,-12.726257,230.171127,34.327232,-10.158298,213.284073,39.532158,4.110934,202.151703,25.600780,13.196960,205.438644,12.642014,28.407814,234.780991,26.024618,31.119404,222.980621,28.544964,50.084839,216.594315,-0.663264,48.196129,235.166321,11.482038,69.127014,211.605103,3.307478,69.596321,236.679886
421,0.352182,9.488935,227.101761,0.567871,-5.728611,242.545502,12.678287,-13.046900,230.868301,34.290802,-10.142485,213.480438,41.324478,3.675547,203.532104,27.305178,12.989289,207.162369,13.276315,29.398235,235.424423,26.848837,32.039467,222.442719,32.599918,53.280758,218.090912,-1.409970,49.476284,236.867737,17.183014,69.925552,212.835907,2.228288,70.824699,234.092270
422,0.487164,6.935491,233.250793,0.674831,-6.427012,249.110779,11.932929,-12.326528,230.304230,34.114689,-9.588289,211.422745,42.198093,3.748888,199.346191,28.163282,13.252866,201.602188,12.953062,30.633989,234.102142,27.573126,32.514690,221.872925,31.796299,57.116634,220.923706,-3.429915,50.262280,228.558853,14.568921,68.049248,211.731262,0.504817,70.483124,226.892227
423,0.235584,2.060469,230.827133,1.031007,-8.825262,248.447083,12.408934,-12.675667,230.103012,33.977943,-8.652152,211.302383,47.652874,2.626250,202.116699,34.823261,13.643044,206.016006,12.203891,30.716751,233.848785,26.742229,32.845066,221.788849,21.569464,56.507145,209.182816,-1.253402,48.738285,231.329056,9.476094,66.831367,211.171753,0.940279,68.787399,230.369125
424,0.982635,2.797769,232.673737,2.100260,-7.645278,249.564362,11.947616,-12.430604,230.032104,33.282005,-8.733435,210.506516,48.695065,2.163555,204.316162,35.750866,13.945671,207.119293,11.743116,30.326088,233.028259,26.522781,32.999943,221.107635,23.115751,55.748180,210.145004,-1.753722,50.328796,235.935150,9.164308,69.460869,210.914963,-0.971135,71.614250,231.236618
425,1.358033,4.216681,233.557571,2.152103,-7.586288,249.625092,11.796583,-12.594477,230.088867,32.853569,-8.794915,210.521194,49.053131,1.976129,204.289001,36.404018,14.054861,208.243912,11.727178,29.943661,233.560898,26.516481,32.801311,221.482590,19.284456,53.262867,207.051071,-2.205545,50.775215,235.881943,9.891420,72.396385,211.077393,-0.699405,72.596512,230.171692
426,1.669652,4.904537,236.440384,3.464040,-7.097391,251.514603,11.168425,-12.099935,229.679367,32.929840,-8.606074,210.216217,49.112522,1.558325,203.875061,36.973804,14.127299,208.712830,11.278507,30.125641,233.426346,26.003481,32.670132,220.819962,15.758937,54.923023,212.248108,-2.678297,51.745415,229.608688,8.803764,75.107353,213.036072,-0.640033,74.111786,228.415268
427,1.811857,3.440956,237.185623,3.692178,-6.904324,247.976044,10.916549,-11.969335,228.868454,32.956680,-8.300342,210.144623,49.594090,1.547428,205.720047,37.403584,14.266034,209.448349,11.219158,29.803946,233.705032,26.120197,32.492023,221.310974,17.839205,56.954243,212.090042,-2.235056,53.765038,235.565567,8.969350,74.929527,211.708466,1.582001,73.183311,229.877472
428,2.297783,4.483380,237.696213,5.565133,-5.392131,249.186172,10.513519,-11.330980,228.798889,32.750935,-8.007730,210.291382,49.388462,1.718623,206.013626,37.806416,14.386526,210.266479,11.092217,29.772366,233.223083,25.873268,32.209946,221.133682,17.511562,55.588577,213.182861,-2.203156,49.873146,230.551346,5.087245,70.966667,211.235275,-1.954317,70.437210,226.317245
429,2.609406,5.194891,237.545654,6.178617,-4.520893,249.722733,10.628520,-10.824559,228.604584,33.035641,-7.963400,210.098831,49.893005,1.961875,206.120834,37.354630,14.484636,209.621979,11.657358,30.151394,233.477524,26.398161,32.355053,220.906281,18.945761,56.208641,213.063492,-1.910200,51.154129,232.366928,7.181171,71.655678,210.141693,-0.294657,71.636024,227.797989
430,2.855829,5.278081,237.548370,5.728368,-5.636882,248.712006,10.538986,-11.149714,227.943695,33.230476,-7.984521,210.322540,49.759518,2.168388,206.099289,37.497223,14.477538,210.084229,11.505552,30.719088,232.975845,26.387955,32.603008,220.839355,20.690399,57.104195,213.997559,-2.067415,51.179569,232.739410,10.132207,72.158577,210.793381,1.312569,70.428253,229.495514
431,3.558097,6.892332,237.601746,6.968483,-4.528501,247.464127,10.469763,-11.187188,228.299683,32.899147,-7.935192,209.563950,50.228592,1.885219,209.614365,37.247437,14.253215,210.605164,11.703297,29.847843,232.865005,25.676245,32.363682,220.290497,17.058670,54.626503,212.024338,-1.799165,49.867989,232.250107,8.663829,71.599609,210.926941,0.295047,71.716965,228.964005
432,4.388311,6.345029,238.267059,7.148544,-5.174919,247.664322,11.274615,-11.633480,228.494919,32.686867,-7.751856,209.720764,50.253727,2.019931,210.079575,37.337414,14.015141,210.684555,12.115022,29.697901,233.341339,25.919523,32.289879,220.338608,19.362339,54.929306,213.034149,-1.823960,49.415470,231.495544,9.317431,71.318481,211.102325,0.589988,71.313133,228.712555
433,4.956980,5.887690,238.857635,6.522697,-6.614503,246.138321,11.777696,-12.002689,228.710358,32.961510,-7.796366,210.017227,50.395008,1.909623,211.349548,36.953438,13.953412,210.344086,12.638361,28.948601,233.546829,25.935034,32.006485,220.252426,21.429705,55.108898,214.265305,-1.371289,48.166054,231.914627,10.150733,71.010162,211.031250,2.296945,70.874222,227.614563
434,5.030228,5.522966,239.128571,7.964750,-5.949665,247.630692,12.003684,-12.157934,228.903366,32.290554,-7.984689,209.862396,49.893188,1.889741,210.149063,36.902733,13.719516,210.607162,12.375484,28.599485,233.224518,25.397762,31.890013,220.072464,16.159605,56.611893,211.713608,-1.804579,50.405643,232.396179,7.085640,70.028488,211.299408,-0.828006,70.510498,226.609848
435,5.217712,6.356867,236.636337,7.964160,-4.381621,245.631332,11.936183,-11.536060,228.818466,32.534622,-7.947729,209.315094,50.356480,0.671801,212.205536,37.095284,13.409681,211.119095,12.945685,28.553450,233.521698,25.858776,31.808535,219.899048,16.877754,54.172733,203.947617,-2.143811,47.496483,231.185165,6.340358,68.634605,208.298508,0.006333,69.950409,227.323761
436,5.158230,7.602187,237.462112,4.791964,-0.825990,243.230682,10.501935,-10.860381,228.058426,32.474384,-8.163481,210.011307,50.018425,-0.040266,212.180847,37.488110,13.260812,211.432587,12.200330,30.127859,232.938385,26.434662,31.988668,220.338135,24.660551,57.240772,215.643082,-2.603613,50.630783,231.746613,12.543677,71.398964,210.244614,3.289672,71.886757,229.260651
437,4.793516,7.693414,237.395493,4.683146,-0.833008,243.034348,10.839993,-11.255228,228.132584,32.371578,-8.522844,210.002365,49.746502,-0.534037,211.532333,37.166164,13.149157,211.275177,12.610886,29.125816,233.166428,26.285154,31.828568,220.344650,15.953371,56.010399,207.993271,-2.057298,51.300041,231.413528,9.133663,73.842392,210.791672,0.682572,74.139626,228.987656
438,5.180070,8.368106,235.946213,5.391708,-1.293526,242.779419,10.989949,-11.621045,227.804749,32.009171,-8.822929,209.363708,49.367100,-1.049590,210.792068,37.260021,13.067094,211.485764,13.067034,28.382793,233.051697,26.272999,31.693108,219.935944,17.011539,56.645096,208.184845,-2.638637,50.876717,230.349182,9.951062,73.680000,211.445587,1.187416,73.315887,232.949615
439,5.590050,8.857278,236.803238,5.988961,-2.082224,243.741348,10.752503,-11.452039,228.165604,31.875887,-8.722188,208.822952,49.296169,-1.189711,210.972015,36.858841,13.228148,211.397049,12.076704,28.958870,232.471558,25.703819,31.990808,219.647125,17.238670,56.061527,207.206024,-2.462916,50.187515,231.622223,8.055524,72.428955,210.551193,-2.235474,70.545654,227.139938
440,5.088263,8.830950,236.581421,7.711587,-2.812542,245.172302,10.764455,-12.043694,227.832291,31.540546,-8.532361,208.716125,49.171299,-1.062827,210.558533,36.853333,13.234376,211.492889,12.257946,28.274590,232.632629,25.846207,31.721199,219.680161,16.851286,55.059631,207.892471,-4.210088,48.564655,230.003006,7.067327,70.190773,210.532211,-2.880949,69.414185,225.533875
441,5.080781,9.248045,236.264648,8.613944,-2.838548,245.009567,10.890711,-11.818339,227.936707,31.495848,-8.630357,208.684158,49.195045,-1.248085,211.742203,36.966137,13.242208,211.318100,12.536546,28.875614,233.471512,25.941523,31.801168,220.057999,16.899725,56.833427,207.948685,-2.697122,50.925625,230.500946,7.781828,68.274315,209.769791,-0.563140,68.350563,227.845612
442,4.923248,9.348275,236.508209,8.626954,-3.357869,246.276901,10.862277,-12.509848,227.583221,31.493053,-8.460443,208.282654,48.677376,-0.866988,210.048721,36.732841,13.271998,211.842926,12.736645,28.243540,233.126511,25.308292,31.568796,219.231201,19.100147,53.781597,206.769608,-4.411159,47.397942,228.808670,9.289634,67.936295,209.518570,0.250719,67.931007,227.066071
443,4.899427,8.903066,236.845734,8.974561,-3.746695,246.476486,10.657113,-12.390766,227.065628,31.799355,-8.604862,208.286926,49.137459,-1.012938,212.006516,37.158096,13.261770,211.617294,13.052103,28.550169,233.211609,26.137459,31.684742,219.788742,17.568043,55.821304,208.639267,-3.780398,47.858299,228.891098,7.258039,69.308090,209.830902,-1.138426,70.637611,231.170105
444,5.014592,8.364044,236.595474,7.199986,-4.104376,245.062347,9.094239,-11.208915,226.592575,31.298416,-8.452321,208.281296,48.028778,-0.631339,209.493423,36.895531,13.374005,211.370087,11.734786,29.002251,232.748154,25.605801,32.002773,219.841248,19.409601,54.210793,209.193192,-3.334718,48.038883,229.153580,8.766467,68.545952,211.219925,-0.836827,68.638657,228.168381
445,4.773465,9.060642,236.468826,7.109257,-3.173678,245.686798,9.716294,-11.419958,227.378036,31.240011,-8.472427,208.585800,48.396843,-0.889114,209.750473,36.669952,13.387835,211.281784,12.648661,28.407337,233.321564,25.821583,31.759005,220.077515,17.737736,54.686207,206.759064,-3.901888,47.719322,229.425156,8.326293,69.864174,210.648987,-0.957827,70.511978,228.807648
446,4.632669,8.673337,237.149994,7.279140,-2.981656,245.260437,9.274987,-11.563724,226.952316,31.073767,-8.699595,208.144897,48.623722,-1.095554,212.385056,36.183403,13.611975,211.346313,12.655429,29.011900,233.259857,25.451681,31.879185,219.427109,18.738440,54.997025,213.598862,-4.276904,47.357578,228.497620,7.489151,69.647362,209.177338,-0.441963,71.462158,228.220871
447,4.710560,8.443627,237.168488,7.852467,-2.842989,246.530411,9.257483,-11.679141,226.924881,30.887842,-9.091300,208.335434,47.705502,-1.018098,211.665756,36.041977,13.738641,211.096085,12.483792,29.833170,233.584427,25.886099,32.037159,219.832489,18.779686,56.067192,212.589630,-3.667481,48.831829,228.626465,8.370444,68.526680,210.316040,1.288335,70.206970,229.556778
448,4.403592,8.219753,236.548737,8.821287,-3.321411,247.337738,9.283623,-12.969445,226.834137,30.479744,-9.108287,207.902512,47.668949,-1.054447,211.391159,36.221619,13.453196,210.938477,12.774067,27.784491,233.164261,25.249649,31.425999,219.343079,19.013250,51.922588,207.240692,-3.943061,46.586422,228.920746,8.934797,68.729210,208.996338,0.973951,70.150124,229.120895
449,4.387444,8.599510,236.147430,7.698630,-3.042176,245.920319,8.820773,-12.100367,226.669373,30.463911,-8.916834,208.506607,47.351261,-1.052278,211.150543,36.349487,13.285775,210.858871,12.866674,29.130764,233.545456,26.217049,31.783840,220.218765,20.361174,53.489834,213.539017,-4.074718,47.858120,228.024170,8.361108,68.060875,211.092377,0.938650,68.951920,227.812790
450,4.814688,8.396034,237.315231,8.145075,-3.057573,244.961945,8.981544,-12.615791,226.661880,30.154976,-8.917510,208.109268,47.919968,-1.269442,214.098129,36.642834,13.095387,211.925247,11.937039,28.437702,233.316269,26.030773,31.471886,220.563507,19.068817,52.755547,208.910751,-3.768199,46.941162,227.290619,7.129189,68.485039,210.323166,-0.515726,70.138313,229.389740
451,4.932523,8.023267,236.712158,8.924408,-3.695994,244.028641,9.852644,-13.506330,227.158752,30.195229,-9.003245,207.198502,47.465485,-0.977285,213.168945,36.654011,13.370397,212.320312,13.116663,27.301510,234.427521,25.108709,31.062973,219.576859,16.687792,53.628319,207.726624,-3.528636,48.013203,230.164261,5.265688,65.284164,206.892273,-0.512469,68.812706,225.837372
452,4.701005,7.986949,236.290436,10.097777,-5.137609,245.221329,10.365611,-14.234736,227.169540,30.185848,-8.777398,206.381363,47.327633,-0.847940,213.214264,36.832256,13.950150,212.130493,12.621791,27.606508,234.192566,25.042027,31.285576,219.971710,14.441835,58.475311,208.332916,-2.996873,50.415607,229.818832,7.696652,65.817741,208.747299,-1.396740,66.976601,226.386078
453,3.527550,9.804316,235.124084,9.489120,-3.992346,240.359161,9.914274,-14.003373,228.175461,30.419273,-8.521068,206.704956,46.912842,-0.795244,212.906525,36.868267,14.233029,212.294540,12.668107,26.847116,235.100098,24.734262,30.949461,219.611145,14.177062,58.711899,211.264404,-2.365823,51.582466,229.734192,8.100235,69.070747,209.268570,-1.594167,66.247459,224.863617
454,5.195667,8.644789,237.210571,11.214881,-6.317576,242.140350,10.556833,-15.456556,227.821838,30.180080,-8.290663,206.491150,47.076481,-0.803232,213.597397,36.949989,14.256907,212.518661,12.836135,26.403307,235.059372,24.386356,31.213137,219.574478,10.232406,57.127689,209.414886,-3.304125,49.935539,229.804306,8.240651,69.749985,210.759842,-2.022339,67.636658,227.415756
455,5.406189,7.999478,237.591568,10.231361,-7.507957,242.602661,10.829734,-14.829762,228.173752,30.260487,-8.541413,206.723892,47.449715,-0.825142,213.687088,37.224094,14.083208,213.265945,11.980798,26.369993,233.954590,24.188217,31.176231,219.568878,12.407250,55.710064,206.353119,-1.860388,49.024479,229.157883,8.459021,70.694618,210.697769,-1.266980,70.107147,228.521149
456,5.318347,7.934916,236.282074,10.003780,-7.032236,241.184341,10.910459,-15.388704,228.340958,30.034920,-8.992061,206.672745,46.931263,-0.786323,212.558075,37.046909,14.144294,212.872986,12.812508,26.326061,234.965042,24.588373,30.551630,218.964523,16.658909,55.992287,211.952606,-1.659446,48.241013,229.606689,9.094837,67.262703,207.892441,-0.361723,67.634201,224.802917
457,5.290725,7.120644,237.070251,11.410142,-6.470407,243.170578,10.224106,-14.571405,227.175201,29.538704,-9.194674,206.467636,47.059334,-0.987410,212.530426,37.319111,14.039776,213.175583,11.146503,25.818384,233.434830,24.072165,30.705141,219.615082,14.504159,54.734985,205.095535,-2.791091,49.660301,233.990036,6.521004,66.037964,207.955826,-3.214146,66.142448,227.873428
458,5.462731,6.960277,236.573242,11.218946,-6.073491,242.723785,10.366725,-14.989987,227.378357,29.396904,-9.361319,206.047516,46.830357,-1.116927,212.202377,36.834011,14.206948,213.209122,11.870943,26.344336,234.301178,24.083698,31.034630,219.398163,18.949093,56.457497,213.245483,-1.988621,47.830193,228.765411,9.131661,66.011032,208.461349,-2.391335,65.036003,224.982056
459,5.336153,7.105441,237.044312,12.334615,-6.785235,244.445480,11.083978,-15.096460,227.964111,29.258379,-9.045187,206.004410,46.866951,-1.196164,212.032806,37.151402,14.289143,213.503632,11.834056,26.811567,234.070007,23.929174,31.410151,219.234467,13.510592,56.451195,206.850311,-3.085473,49.226700,229.649780,3.402316,64.364731,205.640213,-4.310405,64.915398,222.672531
460,5.314908,7.218181,237.004257,11.841758,-6.692842,244.255524,10.867497,-14.899219,227.803604,29.436071,-9.101442,206.044739,47.024971,-1.351267,212.035583,37.421383,14.372005,213.651184,11.748762,26.598324,233.704086,23.957296,31.280142,219.365005,13.470983,56.493092,207.039215,-2.168068,49.513229,229.242081,5.883006,66.237648,206.888184,-2.650668,65.516602,223.333481
461,5.462293,8.133107,236.760284,12.378924,-5.959024,243.003052,11.435715,-15.510362,228.638046,29.460039,-9.003795,205.502625,47.313030,-1.478377,213.612808,37.148010,14.343999,214.054810,12.018436,26.068886,234.446198,23.898111,31.178877,218.992981,14.191565,56.748016,206.785889,-3.200088,50.248177,229.655609,5.652046,65.940208,208.055542,-2.737566,66.499390,226.318222
462,5.788026,8.218361,237.516312,12.566743,-6.298200,242.330841,11.252753,-15.702679,228.318909,29.696196,-9.074957,206.203033,47.177628,-1.331112,213.255920,37.467548,14.121807,212.990799,12.242628,25.944048,234.700699,24.352678,30.550943,219.257950,14.927814,56.266380,210.783417,-1.741731,48.506016,228.030182,5.518003,67.181694,207.892944,-2.464915,68.171516,226.042282
463,5.641440,9.062185,237.213165,11.912379,-4.645172,242.492035,11.271522,-15.656278,229.136658,29.557259,-9.149917,205.382553,47.216610,-1.204232,213.418716,36.932396,14.121243,213.725510,12.047291,26.605667,234.452957,24.228271,31.190657,218.884720,12.389224,56.807663,209.128937,-3.084780,50.085503,228.293823,5.337960,66.659729,206.879074,-3.473135,68.354355,225.412003
464,5.392275,8.295347,236.658295,12.195930,-5.920807,242.978470,10.976163,-14.899796,228.557327,29.376564,-9.098978,206.142410,47.128273,-1.111534,213.699936,37.260403,14.020674,213.326401,12.065587,26.364338,234.425766,23.238770,30.838844,218.488541,13.381500,54.956596,205.651764,-3.176199,47.630672,228.692902,5.759457,69.396301,207.918350,-3.693091,68.437767,225.965256
465,5.092079,8.164091,236.008957,11.881289,-5.162834,242.821808,11.181277,-15.052442,228.076965,29.123161,-9.126789,205.766754,46.860050,-1.038589,213.362167,36.950512,14.060994,212.753891,11.406596,26.839294,234.193695,22.938946,31.171614,218.626434,14.445474,55.866699,210.864227,-1.973078,49.437149,231.538101,5.464597,70.693069,212.478653,-3.579485,69.069939,229.114197
466,5.503965,8.410856,237.025635,11.826881,-5.201572,241.756683,11.382296,-15.094246,229.102844,29.886032,-9.280863,206.534256,47.146255,-0.980104,213.369263,37.160648,13.889590,212.522507,12.577446,26.308060,234.615616,24.422575,30.749386,218.791794,13.275501,55.561436,206.353607,-1.969493,49.109127,230.012619,6.428930,65.799652,206.283859,-1.827452,67.116371,225.093109
467,4.805753,8.567259,235.535782,11.718395,-5.325594,241.617859,10.925177,-14.841872,228.503433,29.517921,-8.924636,205.912186,46.780586,-0.902844,213.486603,36.975597,13.606375,212.554901,12.242937,26.321987,234.296021,24.261074,30.443592,218.008743,15.379148,54.243225,206.060715,-1.933416,47.919792,229.940796,7.933512,71.790520,210.001129,-1.846505,69.804344,228.948318
468,4.345574,9.202615,236.289917,11.179001,-5.055674,241.872940,10.799572,-14.491605,228.514694,29.614735,-8.721833,206.114624,46.802216,-0.711304,212.522263,36.857323,13.579657,212.483353,11.614071,27.133183,233.204910,23.581825,30.708109,218.187149,16.646408,54.775227,205.661575,-3.066655,50.727589,232.980469,10.193477,71.909271,210.602554,-0.870279,70.373116,228.417999
469,4.275999,8.189623,234.919159,11.229037,-5.119327,240.936508,10.887290,-14.330290,228.393967,29.414028,-8.438126,205.815750,46.983974,-0.794752,213.027237,36.903545,13.567712,212.453720,11.957630,26.722439,233.275772,23.491913,30.632236,217.715057,14.679193,53.458473,204.445206,-3.473747,49.592564,232.467377,7.216678,72.587051,209.250000,-2.530340,72.031799,228.120209
470,4.625988,8.187306,236.645203,9.187918,-5.504431,240.276871,9.972116,-13.554038,227.556900,29.205154,-8.229258,206.032608,46.954067,-0.698288,212.157776,36.767502,13.673383,212.117584,11.211462,26.677275,233.078094,23.142506,30.851631,218.123444,16.523298,54.639870,207.055725,-2.867747,50.191380,234.093704,7.385708,68.258377,207.782166,-3.541158,67.572937,225.020493
471,4.307651,8.034561,235.505569,9.517229,-5.139750,240.683792,10.040212,-13.572691,226.941208,29.004059,-8.188996,205.923553,47.103203,-0.807949,212.978271,36.626762,13.650937,212.664230,11.209173,26.423048,232.831207,22.965380,30.954226,218.152328,14.947268,55.164742,207.262268,-3.130642,50.134315,233.333206,7.185251,69.244026,210.522476,-3.130060,67.147194,227.490799
472,4.639683,8.610921,236.421692,9.549052,-5.947725,239.897690,10.603893,-14.232058,228.270950,29.336666,-8.052464,206.123245,46.850906,-0.616867,211.848053,36.892139,13.748993,212.142548,11.479322,26.827709,233.137863,23.111116,31.081139,218.339386,15.344477,54.676056,206.698792,-1.579275,48.093674,229.727371,6.342651,68.410049,208.609039,-4.016037,66.987938,224.919937
473,4.660356,8.625311,235.264297,9.979048,-6.225937,241.867157,10.035985,-13.723985,228.026291,28.752419,-7.974008,205.707870,47.009892,-0.773863,212.003998,37.110237,13.722628,212.520584,11.634345,27.111481,233.086761,23.019051,31.005787,217.724594,14.388197,55.019230,210.840652,-2.813735,48.360317,228.313995,7.503005,71.140938,209.322296,-2.169488,68.703827,226.742416
474,4.908568,8.004959,236.032516,9.747291,-6.929139,241.778946,10.030423,-13.752795,227.843109,28.839249,-8.191126,205.907928,46.887653,-0.875908,211.993561,36.950703,13.694568,212.603333,11.428944,26.375311,232.552505,23.637342,30.539421,217.525543,13.944263,53.582176,205.677582,-2.777679,50.586044,232.816818,8.239680,70.020531,209.157516,-1.584918,68.964165,224.737244
475,5.170882,7.975590,235.579132,10.536153,-5.979147,242.200516,9.976220,-13.560352,228.148712,28.956598,-8.404721,206.097717,46.584682,-0.847064,211.552643,36.965515,13.565331,211.819046,12.194999,27.465340,233.191025,23.937523,30.731888,217.883713,15.866748,54.610065,211.207260,-2.921084,48.905216,227.921295,7.943660,65.915985,208.262833,-1.798895,63.249592,220.392456
476,5.235958,8.399487,236.072922,9.447965,-6.075188,241.000076,9.696651,-13.832598,227.865036,28.934467,-8.305017,205.887695,46.598621,-0.854081,212.251007,36.713093,13.595428,212.145737,11.853593,27.354773,233.470688,23.758305,31.111452,218.015640,13.418589,55.017582,206.061523,-2.131517,48.557178,229.649338,9.170918,63.587528,209.438034,-0.400838,62.339958,224.944962
477,5.257432,8.620822,236.463379,9.737703,-6.384301,242.048019,9.585431,-14.375311,227.412460,28.726534,-8.080222,205.794952,46.521431,-0.666272,211.690277,37.043430,13.728527,212.507751,11.872094,27.393053,233.211838,23.991667,31.303698,218.345734,15.049809,55.705391,210.993073,-2.630251,49.011032,228.996094,8.100019,62.436054,208.580353,-1.291016,63.176823,221.344559
478,5.452093,7.850265,236.014832,10.626376,-6.684626,241.964310,9.830704,-14.853749,226.984161,28.975111,-8.222363,205.394882,46.479874,-0.757042,212.021255,36.897991,13.708858,212.002151,11.876274,26.588591,233.129456,24.190708,30.897646,218.240524,14.309257,54.524914,205.099487,-2.296360,47.530857,228.753143,8.257309,60.135422,207.949661,-1.063505,60.916817,220.347168
479,5.088688,8.355383,236.131973,10.514756,-6.528073,241.855896,10.047699,-14.663070,227.329834,29.121056,-8.431314,204.901489,46.340473,-0.996080,212.139252,36.949917,13.859292,212.190643,12.074203,26.186337,233.362442,24.539536,30.482450,218.277710,15.728868,53.868080,206.171616,-2.569212,48.233498,229.667099,7.013785,65.365120,208.574738,-1.020638,61.303677,223.799149
480,4.423699,9.194357,235.235184,10.011492,-6.298497,240.494003,10.076004,-14.707678,227.113922,29.527531,-8.491837,204.448196,46.145279,-1.047462,212.488327,36.904583,14.013268,212.658890,11.413321,26.050789,233.145767,22.889977,30.874117,217.720093,14.960174,55.382668,206.689682,-2.371159,49.817303,232.381714,6.208152,65.681389,211.293228,-3.106568,63.740372,226.860931
481,4.754188,9.591737,235.905045,10.284294,-5.763434,240.354477,10.085305,-14.618567,227.005035,29.431971,-8.736713,204.465057,45.521984,-0.930072,212.445587,36.160995,14.120165,212.203217,11.365335,25.903635,233.167252,23.241825,31.141771,218.206451,15.800244,56.753399,211.342575,-2.396889,50.504986,232.038879,6.044436,65.349960,211.029846,-4.051147,63.107811,226.507278
482,4.804547,9.621805,235.740402,10.123667,-5.951207,240.838089,9.437087,-15.184864,226.412659,29.012228,-9.133096,204.625961,45.357304,-1.333336,211.686676,36.344128,14.282622,212.201797,10.561347,26.441950,232.761322,23.413700,30.966820,218.237198,14.343207,56.489250,206.901031,-1.219053,51.221325,234.493301,6.514229,66.324821,210.023529,-2.756099,64.629997,226.815765
483,4.572419,9.539042,236.165039,10.184535,-7.085387,240.654221,9.686286,-17.244059,225.371689,29.222618,-9.843304,204.001495,44.579769,-1.732800,210.879562,36.408890,14.064538,211.071777,12.377981,24.637472,232.941299,24.447412,29.931347,218.117691,13.754801,53.787891,206.087250,-2.435329,46.525452,229.300186,7.142748,64.662560,209.684540,-2.448585,64.197281,225.646561
484,5.039701,8.577287,236.974350,11.061918,-7.788192,240.653763,9.944404,-17.144819,225.763504,29.386335,-10.355369,204.788101,44.703220,-2.211946,210.979446,36.995506,13.648271,211.301483,11.969198,25.143629,232.363983,23.639511,29.759256,217.028687,13.516462,54.080849,210.617706,-1.752996,47.536915,229.268051,6.351081,64.330513,209.125305,-2.411554,62.454578,225.606552
485,4.604418,8.735740,235.819931,9.932521,-7.822865,239.403137,9.429766,-17.596325,225.681107,29.117151,-11.147187,204.429108,44.149540,-2.362392,210.072784,36.835918,13.958278,211.248184,11.509279,25.611914,232.309097,23.179798,29.765503,216.599319,12.124804,54.510349,206.382874,-2.133135,48.704208,228.476089,7.110507,63.240120,207.745255,-1.468245,61.531040,225.499298
486,4.642533,8.123124,236.228882,10.323416,-7.029725,241.061981,9.289227,-16.925674,226.039093,29.401722,-11.695390,204.853073,43.861877,-2.586559,209.985092,36.526943,13.927474,211.311050,12.126327,25.988955,232.188995,24.240822,29.741497,217.240158,13.803571,55.238152,209.739792,-1.800232,48.281967,228.861008,8.611257,68.251678,209.665573,-1.403749,65.223969,225.779480
487,4.266933,8.231956,235.725784,9.873755,-7.528370,239.509827,8.961430,-19.856052,225.092804,29.276278,-12.740459,203.608429,43.417301,-2.577239,208.545837,36.552032,14.452392,210.925842,11.877191,24.352221,232.325943,24.036888,28.823807,217.081482,14.793950,56.162502,211.132629,-1.388644,48.841278,229.427200,7.838610,65.936935,209.143875,-2.013009,66.750298,226.247726
488,4.675561,8.355762,235.980896,10.329797,-8.373961,240.144775,9.185744,-21.217497,224.751755,29.458269,-13.579890,203.226990,43.569111,-2.577805,208.894958,36.853024,14.984347,211.669617,11.649554,24.195084,232.141312,24.187742,28.285456,216.735229,17.312799,57.154282,211.725861,-1.633551,49.889992,229.334625,10.316749,62.835026,207.202942,0.821460,62.776756,224.214951
489,4.371263,8.636382,235.454926,8.900069,-8.095032,237.280701,8.591892,-21.985245,224.897049,29.481649,-14.918916,203.545151,43.559845,-2.605838,209.220215,36.636326,14.882702,211.088257,11.180326,23.815361,232.278183,24.162628,27.409981,216.559952,14.891854,55.531364,205.766724,-0.768427,49.653946,229.205139,9.915339,63.578941,207.470337,0.074882,61.245510,223.799225
490,4.329599,8.813880,236.058624,9.676460,-7.913943,238.988556,9.039624,-21.281038,225.034317,29.189915,-14.723487,202.970139,43.682865,-2.853656,209.389313,36.852230,14.798383,211.698990,11.767697,24.666756,232.547501,24.505989,27.964647,216.669510,15.683768,56.661530,211.041550,-1.963250,49.375328,228.354401,9.585649,62.212112,207.285721,0.680686,61.216171,222.707214
491,4.834963,8.388053,236.658249,9.879747,-8.164225,238.802246,8.840775,-23.701889,224.434799,29.846449,-16.628027,202.593674,43.359169,-2.745733,208.048264,37.031109,14.928343,211.103271,11.140893,22.953867,230.826584,25.082649,27.270695,216.363068,15.582488,57.007931,206.953674,-1.788114,48.843185,229.379578,10.475343,63.653145,209.188629,1.818996,61.430939,227.552719
492,4.881866,8.623867,237.909866,8.740461,-8.682671,237.760498,8.167138,-25.644646,223.261475,29.849268,-17.907383,202.702347,43.295910,-3.063619,208.915329,37.081089,14.812677,211.483841,10.517561,22.281527,230.783966,25.173523,26.439213,217.123337,15.129616,54.389133,206.505676,-0.961625,49.773144,232.912888,11.845628,71.937737,210.728333,3.692288,69.702621,233.418060
493,3.437006,9.067641,235.910324,7.376080,-8.500546,236.786240,7.711455,-25.805342,223.090134,29.852726,-19.283619,202.685150,43.045086,-3.494313,209.427643,36.842163,14.588925,211.666443,9.507711,22.458715,230.646454,24.430082,25.633007,216.725037,15.578266,54.651695,211.691422,-3.770172,49.235420,229.854828,11.176660,73.562881,212.381516,0.884736,73.028320,233.777222
494,3.990458,9.164775,236.895905,8.956159,-9.001031,237.260361,7.742504,-26.944838,223.365814,29.586128,-20.124058,202.245956,43.164352,-3.749299,209.819244,36.640663,14.462851,211.317780,9.833689,20.525282,229.310471,23.730400,24.825422,216.314499,13.431594,51.276257,206.143585,-2.181517,49.530701,231.912598,11.785534,74.775009,213.076340,3.308361,76.287102,237.158890
495,2.291011,9.441733,235.088806,5.989558,-9.537138,235.376160,6.870052,-30.944061,220.925888,30.454697,-23.853720,202.000824,40.504387,-3.572550,208.086929,36.942768,14.149008,211.438751,8.303535,19.461527,227.525375,24.505630,22.767979,215.170029,17.997475,50.041740,208.544357,-2.767899,50.852325,230.648651,13.359658,76.269264,214.928589,0.068316,76.780212,234.683487
496,1.744832,8.292027,234.174103,5.419294,-11.179399,234.091370,7.216956,-33.009445,221.095886,30.571430,-27.666895,201.286575,39.951820,-3.824579,207.356873,36.117821,14.234629,209.942154,7.992141,18.420368,228.584366,24.815928,21.205755,215.869247,21.031406,51.345108,211.250351,-4.576956,48.806549,229.683624,14.858524,77.917450,216.358261,-2.639750,77.706551,233.638824
497,2.528218,8.508609,234.274216,5.165331,-11.168137,233.951279,6.673256,-32.015820,221.388443,30.882845,-28.052542,202.072891,39.197956,-4.211545,206.876404,36.403130,14.188239,210.954971,7.712517,19.258051,228.771027,25.009857,21.278210,216.670029,22.648733,53.029041,218.510681,-3.298537,50.492210,228.570007,14.924364,77.108627,215.550888,-0.075070,79.088448,234.425858
498,2.459892,8.645133,233.945679,5.126378,-10.589219,231.663193,5.918718,-33.676903,220.583786,30.443895,-28.222441,201.393768,39.550423,-4.646524,207.913910,36.130741,14.130091,209.827438,7.935135,19.645737,227.626831,24.982126,21.566898,215.792908,20.111525,51.249790,214.085114,-3.125334,51.790745,228.745392,14.601740,78.648369,216.606537,1.338243,82.907272,239.529663
499,2.572150,8.456764,235.628571,4.382466,-11.724215,227.567688,6.177460,-35.717148,219.979965,30.560053,-29.974934,200.495407,38.669987,-5.323070,208.089355,35.963909,15.154012,210.109070,7.374092,15.683477,225.936630,24.652599,19.971167,214.731659,22.614143,48.715569,213.029877,-1.599762,46.832893,228.181931,14.164016,80.530960,216.326904,-1.502773,84.661903,231.673935
500,2.859897,8.682409,236.588089,5.425455,-13.375022,228.387772,6.367546,-36.920658,219.372253,31.025347,-31.241648,200.014618,36.894176,-5.587590,206.829758,35.671608,15.916032,209.917358,7.622483,15.612164,225.779541,24.747881,18.377155,214.177734,19.785637,49.287868,217.638412,-0.869494,46.719551,228.366211,14.407863,84.578590,220.909149,-0.134869,85.211990,234.053619
501,3.576203,7.962679,236.870483,5.720590,-13.262157,229.276672,6.121215,-37.706844,218.973633,30.964317,-31.500330,200.233917,37.688957,-5.784880,207.331680,35.807331,15.840481,210.014130,7.122712,16.724852,225.819778,24.643511,18.920666,214.554596,20.982777,55.266685,217.649582,-1.498760,49.512390,228.713272,14.431006,85.854401,218.768219,-0.615175,84.175758,234.551529
502,1.955637,8.659729,235.522293,5.329845,-12.922504,229.311493,6.629781,-38.568539,219.208420,30.794130,-32.785675,199.759369,35.884502,-5.853302,206.208618,35.661861,15.790927,209.956314,7.249125,17.410423,225.827759,24.547634,19.619980,214.636078,19.534920,57.470619,217.124481,-1.866219,51.885544,227.389145,14.164950,86.728203,219.933640,-1.929849,84.028839,232.794846
503,2.429869,7.757512,235.629608,5.511783,-13.484747,228.920593,6.794668,-38.798058,220.399002,30.891308,-33.010853,199.739639,35.037949,-6.118803,206.383667,35.630280,15.709066,210.324982,6.723389,16.506975,225.903320,24.038546,19.056732,214.680405,17.168747,51.803375,213.465942,-1.309286,52.592037,228.665924,15.717874,85.885063,220.112991,-1.922367,80.439377,230.778397
504,2.524732,6.456953,235.975662,4.299254,-13.711533,228.044067,5.902606,-38.127541,219.842224,31.079685,-32.769371,199.991669,35.109310,-6.452474,206.260132,35.259785,15.657933,210.339340,6.405883,15.972447,225.996826,24.083826,18.171278,214.769058,18.802635,51.372482,212.967270,-2.886621,52.600964,227.664948,13.551290,83.627113,218.390793,-1.524633,81.325851,230.336960
505,1.321614,8.711875,235.702835,4.137060,-11.880904,228.623306,6.364904,-37.872162,220.437515,30.992313,-32.901993,200.211609,33.664360,-6.177377,204.871841,34.710667,15.628521,210.040802,6.638172,15.909389,226.165863,24.204721,18.171309,214.769562,20.073917,52.950146,215.644165,-3.437231,50.702351,226.811920,14.817009,84.967903,220.867844,-4.501653,82.833847,228.324905
506,2.515579,8.090550,235.761475,4.724681,-12.704624,228.663513,6.409589,-37.834503,220.479858,31.127512,-32.306442,200.304642,34.447247,-6.204959,205.644104,34.779865,15.851834,209.786133,6.326363,16.060820,225.305847,23.722786,18.459759,214.488220,17.081242,52.775990,214.930893,-3.837676,50.324196,226.468475,13.143887,85.992912,220.174576,-3.494054,85.801048,230.458679
507,2.329256,8.569696,235.665054,4.525134,-12.092308,228.766129,6.268132,-37.647774,220.645752,30.931238,-32.180035,200.597595,35.037731,-6.148174,205.766495,35.110424,15.878468,209.988525,6.777458,15.556556,225.924133,24.036165,18.111290,214.650970,19.273111,51.792023,211.846207,-3.186000,50.689526,227.044159,13.637981,83.123611,217.442566,-2.226911,79.978363,228.610672
508,2.174750,8.249993,235.228012,4.679873,-12.296019,228.578613,6.425999,-37.637005,220.701950,30.763350,-32.217819,200.435715,34.214386,-5.994260,205.644531,34.765694,15.849934,209.946457,6.834953,15.364974,225.708984,23.970005,18.183661,214.502350,18.012751,49.356030,211.992493,-2.262985,50.271336,227.959305,13.740212,81.218590,216.765625,-3.168709,77.589111,228.151108
509,2.481481,7.312036,236.034790,4.787436,-12.639853,229.350494,6.417977,-37.642448,220.941238,30.901045,-32.403950,200.667313,34.726795,-6.067272,205.682022,34.660194,15.988068,209.308228,7.050925,15.790850,226.765274,24.267954,18.470974,214.822922,19.694345,51.084476,214.681046,-2.237565,50.795158,228.604416,14.603718,81.578957,217.473465,-3.075882,81.027122,230.917404
510,2.013830,8.958946,236.019104,4.823951,-11.840020,229.030548,6.406497,-37.448071,221.069260,30.778414,-32.373962,200.408707,34.549984,-6.070065,205.208496,34.592575,16.053328,209.433289,7.108988,16.387787,226.682556,24.434931,19.069937,214.818405,18.265778,53.010044,215.905869,-1.839108,51.975815,227.915512,15.121819,83.435669,219.389816,-2.935292,82.168114,231.360535
511,3.606592,4.434959,236.495850,4.924841,-13.726112,229.337769,6.251557,-37.536495,221.005035,30.330690,-32.172134,200.160400,34.583843,-6.171057,205.502914,34.945080,15.455908,209.540604,6.488711,16.217932,226.258530,23.789585,18.831972,214.719650,17.325840,51.962631,213.307602,-3.277603,51.517727,228.457062,14.952973,84.459274,217.147339,-2.554873,80.942070,230.988129
512,2.006342,9.284646,235.956909,4.736442,-11.258545,229.441376,6.110848,-37.403355,221.080353,30.447517,-32.128860,200.263611,34.550400,-6.137072,205.629852,34.636238,15.639740,209.391983,6.763690,16.546692,226.846588,24.156279,19.117268,214.811584,17.962154,52.120506,212.996597,-2.435605,51.464272,228.733475,14.292827,83.877571,216.642700,-4.081915,80.672523,230.207230
513,2.307115,8.751326,236.689957,4.732796,-11.394314,229.719666,6.083778,-37.509571,221.033035,30.535505,-32.030235,200.380447,34.668350,-6.021582,205.883804,34.833866,15.868834,209.953629,6.266393,16.844652,226.118301,23.950590,19.365019,214.905365,17.689085,51.521858,212.321823,-3.184461,51.061157,226.599426,14.152184,83.989502,218.159683,-3.578394,81.639450,227.277496
514,2.462245,9.388604,237.044891,4.642397,-11.011640,229.847076,6.310229,-37.059364,220.756058,30.947527,-32.141964,200.845444,34.667564,-6.036132,205.814880,35.233295,15.895389,209.789963,6.566091,17.145803,226.166595,24.353220,19.568485,215.145584,18.436174,52.954346,215.555252,-2.961236,51.226006,226.479050,14.079816,84.305428,218.873642,-2.650214,81.877968,231.262405
515,1.856223,9.230567,235.823441,4.460520,-11.603455,229.703293,6.064740,-36.680607,220.815369,30.379534,-31.963276,200.586380,35.661610,-6.157228,206.471100,35.213844,16.005665,209.945938,6.474700,17.361490,226.925522,23.889095,19.804022,215.610596,17.122578,52.640495,214.695435,-2.232875,50.958153,227.639389,13.093631,82.972145,216.458145,-3.010000,79.978943,230.091873
516,2.031287,8.047102,235.522415,4.297712,-11.216715,229.795731,5.601958,-36.334114,220.717911,30.499353,-31.594786,200.881180,35.527729,-6.203081,206.520889,35.268143,15.788541,210.161362,5.670384,18.162720,226.653198,23.751894,19.848625,215.304199,17.638594,52.848648,216.569244,-2.661180,51.686882,226.251968,15.678411,83.179306,219.915878,-2.079345,80.832802,230.363144
517,2.968855,8.194055,237.498337,4.458413,-11.177751,230.468704,5.931421,-36.166264,221.079666,30.381752,-31.464800,200.908813,36.267792,-6.204066,206.757095,35.387581,15.509377,210.006943,6.227794,17.975372,226.935013,24.019396,19.879980,215.113937,19.424345,52.083027,211.326294,-2.729395,51.507027,227.956696,13.444531,81.149567,217.009521,-2.970532,79.733269,227.541672
518,2.861290,9.485950,237.358841,4.575968,-10.256187,231.966965,5.639076,-34.893288,221.155182,30.416164,-29.997732,201.321503,36.882557,-6.035058,206.274307,35.093922,15.173197,209.918243,6.192492,18.724184,227.653015,23.916552,20.487040,215.373871,17.619576,52.578156,216.455734,-3.212422,52.474747,225.627426,14.164380,83.052933,219.959824,-1.124722,82.189781,230.019760
519,2.230748,9.884910,236.299881,5.105567,-11.324682,232.329956,5.836959,-34.650562,221.233597,30.430992,-29.094233,201.521683,37.820992,-5.957638,206.771500,35.365562,15.123075,209.841217,6.597627,19.358694,227.814926,23.877861,21.245285,215.533249,19.254074,53.258930,217.142456,-1.219452,49.840488,226.461517,13.322816,79.674095,216.971161,-1.382600,78.516968,227.466446
520,2.422339,9.447967,236.721466,4.454162,-10.955774,231.177917,5.819071,-34.269707,220.856750,30.291359,-28.596218,201.427124,38.293839,-5.597242,206.925842,35.808136,15.315689,210.232147,7.133451,18.976980,227.575714,24.339766,21.551846,215.770401,18.485064,52.116695,211.232269,-0.159731,51.682503,229.053574,12.623344,79.134094,215.990372,-0.583361,80.719116,233.756989
521,1.507983,10.366322,235.822586,3.688605,-9.111193,232.371902,5.568663,-32.260452,221.507690,30.490400,-26.609726,201.681274,38.725826,-4.948838,205.693878,35.723778,15.448690,210.045288,7.324669,20.080235,228.960388,24.390917,22.575027,215.514420,18.473761,52.466061,216.500519,-1.775650,55.400738,231.978729,14.528173,79.839783,217.004227,-1.735190,79.552017,232.894379
522,1.819848,9.190057,234.220016,5.093921,-9.604033,233.532837,5.913476,-31.451462,221.737000,30.278215,-24.985636,201.830093,39.117100,-4.567792,206.566757,35.718945,15.465372,210.116791,7.535400,20.605057,229.679718,24.107157,24.143433,216.077805,17.064276,53.127644,216.518860,-2.146705,53.995296,231.469604,13.876345,76.897446,214.741776,-1.918291,76.874443,230.957733
523,2.923770,7.916668,235.239304,4.213243,-9.451883,232.551132,5.708936,-30.448618,221.770172,30.275814,-24.185349,202.020920,39.638973,-4.271878,207.152283,36.260883,15.340231,210.399582,7.040315,20.812027,229.086914,23.694447,24.235811,215.673706,15.608004,52.671719,207.161346,-2.726874,54.961494,230.943848,13.521362,79.735298,214.696014,-2.845986,77.612915,231.507217
524,2.426432,7.773964,235.175919,5.143597,-9.431046,233.445145,5.991882,-30.214579,221.661301,29.481577,-23.978195,201.684372,39.626099,-3.868218,207.429626,35.847023,15.237659,210.104065,7.437451,19.375839,228.987137,23.324718,23.028208,215.697159,16.073481,51.196064,207.548401,-3.706099,50.940121,229.787659,13.291533,81.560265,216.667374,-1.807997,80.374573,235.001083
525,2.165812,8.230057,234.301727,4.862508,-7.887331,233.265900,6.475513,-27.537554,222.133514,30.319698,-22.312901,202.553635,39.880871,-2.823187,206.438065,36.024368,14.737735,210.562866,7.559439,21.748653,229.648880,23.227987,24.771910,215.637039,15.102155,51.733047,206.913757,-2.993540,54.075153,232.443756,12.835426,77.708786,214.312485,-1.120319,77.712479,232.372818
526,2.320630,6.196695,234.382050,4.748842,-8.655587,232.908371,6.859488,-26.386456,222.514664,30.076029,-20.826694,202.813751,39.747616,-2.267614,206.714828,35.950420,13.727209,210.405457,7.212551,22.400454,229.556076,22.971277,25.771650,215.712021,15.129425,53.069080,206.502151,-4.358691,55.321453,231.035812,12.424275,80.658394,215.527084,-1.612163,78.766083,234.872635
527,2.617877,6.366358,234.167389,6.485787,-9.896915,234.936905,7.214784,-26.010635,222.902237,30.061028,-20.803160,202.962021,39.959923,-2.319801,207.141205,35.720680,13.601516,210.287735,8.526855,22.298965,229.734009,24.128342,26.039951,216.533539,13.857002,49.943127,211.687622,-4.592865,54.170780,229.941193,9.538561,77.085541,212.060257,0.484817,79.425568,234.152283
528,3.218044,7.271212,235.932144,7.410144,-9.154525,236.179657,7.651440,-25.144514,223.222565,29.841173,-20.403568,202.462387,40.247211,-2.156951,207.302612,35.959438,13.570949,210.266586,8.832393,21.588276,228.962036,24.050797,25.482540,215.898224,13.038465,49.257988,204.431427,-3.211827,51.896156,228.753891,10.354021,77.930313,211.912827,-0.582771,79.400085,233.007538
529,3.767929,7.537574,235.524368,8.123749,-8.289654,234.340256,8.437055,-23.728172,224.643860,29.786753,-18.263847,203.339951,40.797985,-2.290962,207.513123,36.046745,13.346011,210.591766,10.907787,23.384815,231.398804,25.522711,27.106474,215.668823,17.913595,54.326057,213.384979,-1.986210,53.674576,232.026016,10.685981,81.373772,213.806870,0.122279,83.291557,233.786804
530,3.671186,6.629641,235.048370,10.256347,-8.298855,237.150589,8.370133,-21.850243,224.419205,29.450363,-16.846788,203.491180,41.430080,-1.966704,208.740723,35.307903,13.378131,210.139511,10.112307,25.609701,230.738022,25.772528,28.511105,216.345367,17.022593,56.830704,213.743912,-2.762745,55.140720,231.409790,12.924405,85.091537,214.650085,1.872780,87.601456,234.313446
531,4.389234,6.923187,236.165253,10.396372,-8.383041,237.084030,8.255337,-20.944742,224.480881,29.214003,-16.153316,203.230255,41.958546,-1.578186,208.360840,36.079525,13.346649,210.106445,10.130243,25.687035,230.322601,25.459885,29.168081,216.535690,16.124622,57.695911,212.468872,-4.590065,53.875202,231.798080,12.570832,86.475174,215.275101,2.921132,85.113251,236.990479
532,4.338035,8.178434,236.528763,10.665790,-6.316938,237.901855,8.478888,-21.053690,224.600403,29.105478,-15.718206,202.980652,41.580177,-1.500098,208.272079,35.943100,14.056008,210.456863,9.907307,26.268612,230.527313,24.563177,29.530092,216.457153,17.585596,58.480587,213.583908,-3.682226,53.696140,227.101074,13.481522,83.980110,215.458755,0.799501,82.868011,231.475235
533,4.579792,7.171965,236.065384,10.562352,-5.960904,237.974655,9.171813,-20.157747,225.707718,28.907652,-14.511960,204.053513,43.512897,-2.468404,210.315796,36.436855,13.980106,210.874161,10.048169,26.832811,231.277710,24.508987,30.036926,217.428375,13.520322,57.071838,206.453171,-3.382621,52.469021,231.691772,9.561108,80.847458,213.921432,0.379338,82.140282,232.876297
534,5.116997,7.380301,236.641220,11.467229,-6.070816,238.864090,9.535585,-18.861752,225.664627,28.969093,-13.859041,204.054443,43.433182,-2.976905,210.427032,36.411346,13.524270,210.837524,10.432892,27.045828,231.259430,24.123991,30.325457,217.272949,13.587725,57.929886,206.451782,-3.687582,51.820728,232.438980,9.431744,76.805305,212.717819,-0.054613,74.624878,230.369217
535,4.634169,7.859573,236.732773,12.530256,-6.270015,239.328705,9.953787,-18.464201,225.982574,28.550188,-13.556946,203.583542,42.960232,-2.840477,209.768585,35.678608,13.286584,210.553040,11.087907,26.765488,231.573288,23.379141,30.292915,216.506348,13.366262,54.568737,205.747711,-3.808474,51.715858,231.439072,6.931539,72.036354,212.149826,-2.113641,74.664406,226.743240
536,4.432729,8.854543,235.275635,11.298764,-4.777559,238.608948,9.915277,-17.731249,228.057495,29.068214,-12.157201,204.212570,43.250866,-1.641177,211.823288,35.763680,13.572615,210.870758,10.890553,27.035791,233.724854,24.532429,30.436102,218.229080,13.502106,54.650803,206.472244,-3.001006,52.010967,231.622101,6.733230,67.953491,208.985764,-1.362216,71.999962,227.915634
537,5.678945,7.645241,236.670181,12.821005,-5.566197,240.030914,10.387161,-17.467203,227.954010,28.904303,-11.150280,204.226059,44.508884,-0.820638,212.175751,36.476738,14.046328,211.228592,11.067265,26.972591,233.541901,24.026089,30.718210,218.345047,13.570911,53.558716,211.562576,-2.829091,52.303459,231.615173,8.134718,71.010231,211.036423,-0.838161,72.507072,227.790192
538,4.991337,8.860498,236.845016,12.403081,-4.089963,240.375488,10.326488,-17.331451,227.506531,28.663805,-10.828693,204.175323,45.153667,-0.514120,212.996094,36.573135,14.306608,211.603256,11.032220,27.138903,232.974365,23.506868,31.071894,218.078629,10.024139,51.881474,209.167999,-3.058909,52.115269,232.285828,6.757637,72.613914,211.295670,-1.469869,72.846642,229.126694
539,4.411674,9.096732,236.372589,11.717469,-4.116553,239.897629,9.567222,-17.055145,227.161560,28.449175,-10.607769,204.095352,44.330307,-1.133913,211.974915,36.658085,14.089986,211.583313,10.985718,26.747187,233.596512,23.321493,30.825420,217.896927,9.666166,52.300209,209.036545,-2.837583,51.920956,233.727463,7.220390,72.902481,211.690018,-2.235936,71.474152,229.923630
540,5.256201,8.732376,236.188004,10.586597,-5.580643,240.213348,9.112990,-17.592066,227.028275,28.553389,-10.660130,204.456650,44.412205,-1.504405,211.840256,36.466183,13.893623,211.485855,10.393125,25.887024,232.636383,23.542963,30.439394,218.095718,13.245230,54.512962,206.246307,-2.789289,50.512066,233.674835,7.307759,74.401634,214.214447,-2.273759,72.506371,231.696960
541,5.000480,7.652818,236.798111,11.907962,-5.660613,241.468964,10.465521,-17.957094,227.708206,28.653370,-10.733296,204.639481,44.628506,-2.264144,211.717514,36.590580,13.520020,211.299454,11.721656,26.752718,233.892670,24.291220,30.580082,218.231506,13.006963,55.873791,211.836868,-3.490582,51.092937,232.550980,6.006968,69.485939,211.604523,-2.190706,67.947098,224.789261
542,4.654850,6.448941,236.640411,11.489458,-7.512893,240.346298,9.829159,-18.682251,227.111481,28.195780,-10.569736,204.413971,44.640636,-2.409493,211.873322,37.060253,13.355989,211.512314,10.794147,25.700697,233.232269,23.094055,30.445755,218.308517,10.043162,56.057873,207.149902,-3.941403,49.325314,227.718674,6.687284,69.096558,214.418198,-2.109220,68.518944,232.552505
543,5.736434,6.450774,238.223236,11.883363,-7.817996,240.366272,10.140961,-18.869274,227.432663,29.035812,-10.572517,204.198196,45.032330,-1.438027,213.059204,36.735260,13.381034,211.818649,11.987464,26.132620,233.601852,24.371914,30.392832,217.532578,13.155996,56.306774,210.510498,-2.694694,50.239807,228.005493,6.671106,68.344299,209.184540,-1.885163,67.948128,225.572540
544,4.464904,7.633998,235.394211,11.054895,-6.633358,239.800949,9.431743,-18.176470,226.804123,28.828484,-10.879185,204.580231,44.936939,-1.734741,211.478607,36.705040,13.554844,211.089874,11.117023,27.027115,233.055756,23.917929,30.658482,217.768600,12.578928,56.886230,210.076492,-3.294456,53.668465,229.458328,7.705852,66.825264,212.111237,-0.337191,66.458382,227.332260
545,4.981723,6.938386,237.444717,11.319713,-7.481858,240.657761,9.664207,-18.741295,227.096924,28.913937,-11.133683,204.307449,44.453598,-1.903665,211.461884,36.703972,13.674586,211.003998,11.200593,26.130762,232.933121,23.765896,30.428423,217.331207,12.284301,57.058083,210.003799,-3.498245,54.704525,231.506516,6.913294,68.580605,210.990234,-0.745953,66.906662,228.254654
546,5.118963,6.998757,237.639954,11.598186,-6.111561,241.428772,9.881298,-19.308439,227.046295,28.922976,-11.265706,204.235397,44.275311,-1.505280,211.701019,36.951389,13.978780,211.839294,10.796901,25.087254,232.920609,23.470001,29.707378,218.071930,12.313112,56.367085,206.209732,-3.702588,53.162575,232.176498,8.025430,70.572350,212.276230,-1.326917,69.831825,231.109177
547,5.808091,7.219062,237.843216,12.247255,-7.408058,239.948914,10.182419,-19.870935,227.503403,29.390947,-11.513372,204.135605,44.193546,-1.153618,212.135269,37.120995,13.919417,212.374390,11.461940,23.998451,233.821533,23.872089,28.519670,217.578766,13.038622,55.311741,205.302155,-2.406476,52.912407,234.433090,8.834608,73.361778,211.643600,-0.625375,72.600044,229.614777
548,4.594764,9.308990,237.461502,10.756936,-5.442418,240.653915,9.899915,-18.596302,227.335892,29.670689,-12.001574,204.775040,44.049202,-1.175763,210.984482,36.873035,14.263089,212.190643,11.285598,24.856472,232.809174,24.136868,28.864752,217.095825,13.420410,54.817368,210.878662,-2.506320,49.674496,226.839630,8.955186,68.484604,209.509567,-1.326036,68.046700,228.129410
549,4.680132,8.384316,237.269638,11.572469,-6.786280,241.431274,9.684437,-19.155369,226.497528,29.268641,-12.295813,205.174484,43.898258,-1.749534,211.132874,36.970085,14.221150,211.936340,11.750504,24.269875,232.947739,24.724798,28.765224,217.885376,10.428866,52.791935,204.496948,-2.572047,48.597626,232.890808,8.901389,66.972260,206.525558,0.223228,67.682663,227.548233
550,4.168729,7.790652,237.238800,10.540257,-5.878479,240.859177,8.860212,-19.004831,226.229919,29.057386,-12.868713,205.014832,43.142120,-1.824312,210.560577,36.991623,14.150714,211.551514,11.272781,24.494431,232.961411,24.333002,28.639826,218.339767,12.426600,53.101345,204.182373,-3.408289,48.911430,229.394287,11.326825,67.305603,209.199966,1.097065,67.494987,230.607864
551,4.916651,8.034263,238.400589,10.150288,-7.121930,240.442307,8.775768,-20.475395,225.778854,29.433941,-13.237857,205.173218,42.654686,-1.521144,209.498520,37.206879,14.320902,211.534775,11.046517,24.114880,232.666061,24.489210,28.053051,218.125046,13.913489,54.386772,206.393158,-2.189001,48.003376,227.236328,10.876167,67.610359,209.050415,0.397853,66.512268,226.935364
552,3.791712,9.303798,237.225998,10.100977,-5.725112,240.731277,8.635983,-19.985781,225.902145,29.087858,-13.647310,204.928650,42.852108,-1.861497,210.206543,37.010818,14.425219,211.606445,11.296757,24.932825,232.182159,24.768333,27.893867,217.524216,15.089317,55.621727,207.143570,-1.690321,50.492657,231.342545,11.357225,65.155350,208.199890,2.474939,63.838638,224.825836
553,4.070476,9.301373,237.726318,9.882595,-6.028603,240.219498,8.728134,-20.767166,226.317902,28.745390,-14.465734,204.215622,42.897610,-2.071592,210.121155,37.129124,14.461484,211.366684,11.451754,25.597305,232.981842,25.096207,28.352419,218.098373,13.256359,54.232449,206.250519,-2.598552,51.074516,227.808762,9.273664,65.854324,207.749527,0.669887,65.018204,225.962509
554,3.363464,8.841843,236.399841,9.480268,-6.699802,239.393173,8.083225,-21.004068,225.646896,28.860128,-14.748058,204.515976,42.489002,-2.255094,210.107285,37.058525,14.506420,211.945465,10.940781,25.454062,232.673401,24.946077,28.018768,217.777023,13.396946,53.997044,211.656586,-2.806489,50.339558,227.620621,9.774730,67.635002,208.025879,1.842004,69.101082,229.408722
555,3.477119,9.087835,237.337036,9.308324,-7.176105,238.863602,8.071355,-22.045128,224.929382,28.662445,-16.049204,204.385620,42.247578,-2.773642,209.972717,37.059162,14.488063,211.981857,10.683078,24.190441,232.185730,24.524189,27.387697,218.180664,11.842081,54.316753,207.014465,-2.887170,50.320412,229.472610,10.877270,62.345562,209.108658,2.500048,63.315929,226.727142
556,4.368297,7.764150,237.617203,9.087612,-8.014715,238.830826,8.017199,-24.105888,224.389847,29.197172,-17.048141,204.590942,42.022900,-2.808963,210.082489,36.731174,14.429679,211.636551,9.716055,23.636625,230.925217,24.265604,26.723328,217.793655,12.680577,53.365265,205.667633,-2.548650,50.143051,233.028473,8.808039,68.422661,209.336792,2.492119,69.277176,230.054520
557,3.853470,8.734591,237.675446,8.717813,-6.976175,238.805725,8.009872,-24.727879,224.741913,29.221758,-17.701420,204.090347,42.029758,-2.914663,210.446518,36.820755,14.294548,211.885315,10.207528,23.203512,231.466995,24.452793,26.148556,217.474045,12.630223,52.428642,205.840485,-3.217340,49.377754,227.604874,10.386513,69.147049,210.221786,2.778580,69.116943,230.458282
558,4.234459,8.654023,238.475647,8.788319,-7.161878,238.610947,7.977061,-25.255596,225.155243,29.335609,-18.544886,204.100388,41.579288,-2.494968,209.796799,37.146282,14.104186,212.118652,10.532794,22.184031,232.471085,25.599663,25.220207,218.814301,20.769972,53.105312,206.567429,-2.579914,48.104721,230.821426,14.071990,64.082436,211.668228,5.054637,67.494408,232.009247
559,4.247341,8.151427,237.282516,7.919558,-8.796135,238.278000,7.390826,-27.502813,223.072983,29.330030,-19.773062,203.644608,41.388027,-2.140709,210.857208,36.938694,14.428400,212.257278,9.489463,19.761898,230.865311,24.170256,23.791521,217.870819,16.133961,48.228275,205.580017,-2.337926,47.283871,231.952362,14.470483,71.621407,214.061478,4.044674,68.140579,232.209274
560,4.563911,7.384471,237.667343,7.648928,-9.190552,238.377640,7.639333,-29.634985,222.211945,29.858561,-20.809870,203.439423,40.877960,-2.040648,209.581787,36.874439,14.907163,212.190475,9.377736,19.200338,231.059036,24.758930,23.094940,217.696838,19.733318,47.781670,207.539917,-1.901403,46.192768,234.582199,15.323734,73.370361,216.711716,2.905891,70.984787,234.747955
561,3.860664,7.694224,236.947662,5.625948,-10.059297,235.025681,7.340950,-29.833727,221.846985,30.279194,-21.985735,203.426239,40.555824,-2.340909,210.227646,36.826069,14.885218,212.388458,8.710409,19.598991,230.587387,24.504118,22.827171,217.552170,17.176493,49.055355,207.527771,-1.345187,47.533993,233.572220,11.403967,74.489471,215.616089,1.870230,72.525558,233.701233
562,3.784766,7.742341,237.565582,5.103156,-11.093566,235.527252,7.404737,-29.864048,222.140045,30.064724,-23.270445,203.281479,39.869762,-2.668156,209.212601,36.799370,14.615732,212.065979,7.912845,19.418793,230.000763,23.992548,22.433052,217.579376,16.693745,46.795292,213.681763,-2.591290,47.505058,230.190506,11.021854,71.936821,213.541916,0.911490,71.282257,226.955765
563,3.230932,8.257890,237.274796,3.959499,-11.213886,233.004425,6.635630,-31.577118,221.802032,30.015215,-24.983513,202.292313,38.991589,-3.174982,209.519485,36.458874,14.507831,211.701813,7.472121,18.454414,228.233780,23.719185,21.628311,216.234665,13.992501,46.415558,208.896973,-1.323261,48.499050,227.612442,14.039369,72.085709,217.293365,0.062353,70.827324,225.431793
564,2.565631,7.669675,235.692261,4.015949,-11.487028,232.838852,6.153547,-33.614761,221.117279,30.175888,-26.670698,202.500381,38.609737,-3.851725,209.000168,36.486000,14.844030,211.100098,7.501470,17.470270,228.844315,23.580803,20.717175,216.057678,16.193975,44.883320,214.915161,-1.426030,47.341125,227.895065,11.799164,70.816338,217.125336,0.240908,70.871185,227.185883
565,2.028897,8.553334,236.292816,4.597116,-11.970888,233.397400,6.322099,-34.277397,221.544586,29.994963,-28.417353,201.867554,38.052769,-5.031724,208.554810,36.720310,14.676570,211.430145,7.904218,17.938368,228.396820,24.092518,20.093504,215.022827,17.662086,42.801697,214.713318,-1.711634,45.098145,226.072632,11.722884,68.664368,212.777512,1.521994,67.997543,224.562897
566,2.642731,7.285473,236.812302,4.281618,-13.203791,232.656723,6.562657,-34.855507,221.673157,30.390156,-28.888155,202.189972,37.343586,-5.389456,207.898758,36.737083,14.483027,211.183899,8.367012,16.886171,229.714111,24.751558,19.438229,216.305542,18.938652,42.087238,214.570633,-2.052234,41.720127,227.686935,12.620232,68.142868,215.000839,1.716077,66.618629,227.979752
567,2.043785,8.929110,236.940140,3.407556,-12.979615,229.840225,5.992248,-37.371933,220.999695,30.336630,-30.537338,201.721603,37.497963,-6.148601,208.858810,36.599575,14.567130,211.313431,7.684260,16.257519,227.347137,24.740463,18.734970,215.158798,20.637936,48.802292,219.201416,-2.947381,46.056087,226.336838,13.638084,75.102699,215.428879,-2.481263,73.280869,233.415207
568,2.033961,7.247943,236.205566,3.247113,-12.885305,228.953522,6.479406,-38.334064,220.792603,29.980015,-30.939941,201.030121,37.675453,-6.514592,208.658432,36.223595,14.999319,210.779343,8.524945,16.359324,227.288376,25.072721,18.641356,215.051758,18.701437,49.183762,216.684616,-0.188385,46.647045,227.472626,12.190832,76.503815,215.044998,-0.136291,81.231689,233.103394
569,2.443353,8.093173,237.226044,2.824110,-12.798612,228.895782,5.880007,-38.300625,220.775391,30.423946,-32.288414,200.880692,35.037888,-6.559721,207.315842,35.487766,15.230730,210.543121,6.783919,15.897738,227.136307,24.231911,18.577879,215.056854,16.216724,50.616684,215.973007,-2.114829,51.652279,227.815125,15.539932,80.228416,218.054810,-0.813650,80.987251,230.542542
570,1.974430,8.036523,235.836014,3.112565,-13.213743,228.802505,5.811088,-39.226254,221.234024,30.253088,-32.653477,200.449234,35.251625,-6.552360,207.180023,35.091583,15.600451,209.936295,6.250721,15.086057,226.268158,23.912676,17.777689,214.377472,17.312424,51.760231,214.236618,-1.877593,52.661270,226.425201,16.367672,80.936073,218.350861,-1.847966,83.235909,231.627731
571,2.378809,6.364055,237.039291,2.957731,-13.110827,229.325714,6.036147,-39.285122,221.854263,30.525913,-33.011620,200.466187,32.848492,-6.176007,205.985474,35.201988,15.724156,210.048981,6.197982,15.422920,227.179474,24.260342,18.038122,215.048096,21.203033,53.887226,218.019119,-2.429142,51.512566,228.464645,15.709874,83.912651,221.155106,-1.058803,88.943138,233.984955
572,1.693650,6.433252,235.997894,2.886159,-12.679817,229.404251,6.102666,-39.183002,221.808701,30.824110,-32.940704,200.576477,33.587181,-5.858442,206.158279,35.030651,15.839141,210.286453,6.693625,15.083543,227.202988,24.444483,18.071749,215.001999,21.483475,54.107018,217.342346,-2.706514,49.855206,227.839294,15.176233,83.986259,220.421341,-3.212287,85.151550,231.367966
573,3.323964,6.866434,237.629364,2.955718,-12.887319,229.504898,6.154894,-39.004654,222.036179,30.608906,-32.838020,200.678391,33.169613,-5.958895,205.660767,35.144302,15.858730,210.207550,6.390985,15.177889,227.056213,24.216143,17.541325,214.604019,21.272923,53.469711,217.490372,-1.941150,50.454655,228.329285,15.550969,84.770592,221.270966,-1.382664,85.204445,232.567551
574,4.114545,6.181839,236.774887,2.558079,-12.136621,229.114227,5.741472,-38.515724,222.175659,30.741634,-32.871277,201.392532,32.699154,-5.777313,205.532806,35.277321,15.823290,210.600327,5.760892,15.741038,226.770096,23.976854,17.819551,214.787094,16.518002,51.769325,211.700882,-3.323764,51.745640,226.997070,14.606230,83.702080,219.089539,-1.642093,84.565765,230.137299
575,2.636320,8.095122,235.397781,2.567440,-11.644097,229.178268,5.977034,-38.454422,222.150940,30.876961,-32.355083,201.189941,32.956619,-5.578882,205.731476,34.903454,15.917133,210.214798,6.085735,16.005871,226.981613,24.016798,18.528126,214.792725,20.930426,52.142544,216.701401,-2.053570,51.125546,227.427780,14.910486,83.900131,221.129669,-2.843828,82.562225,228.535553
576,3.147760,6.778630,236.158966,2.593800,-11.747119,229.197662,5.766104,-38.469887,222.080811,30.586603,-32.278519,201.391113,32.800488,-5.592130,205.689316,35.179371,15.968609,209.970139,6.144297,16.121481,227.156845,24.224409,18.730860,215.161407,17.611183,51.921528,216.272354,-2.671962,50.626099,227.036438,15.806700,84.614815,220.906189,-2.250607,83.826904,229.440521
577,2.455785,6.536916,236.623703,2.618492,-12.186384,229.494812,5.796856,-38.568260,222.478210,30.470991,-32.125408,201.593430,32.705750,-5.473876,205.988037,35.083950,15.925915,210.225906,5.955488,16.227161,227.500046,24.087179,18.703461,215.288040,16.571217,51.233337,213.515869,-4.566379,51.455605,227.441864,13.772345,82.660820,218.499786,-1.401324,82.721695,233.019333
578,2.209515,7.102334,236.363632,2.762644,-12.806125,230.019547,5.601517,-38.491776,222.369873,30.590841,-32.047230,201.801422,33.341236,-5.515962,206.612534,34.812096,15.895455,210.646286,5.744615,16.818415,227.549240,23.840279,19.050560,215.212936,17.017334,50.912983,214.262604,-3.577332,51.005424,227.769165,14.641409,83.240173,220.977631,-0.878761,82.841774,233.312073
579,2.907856,5.019763,236.578079,2.591400,-12.336629,229.506073,5.593149,-38.191368,222.423981,30.581821,-31.948906,201.638962,33.348179,-5.729160,206.309143,34.904919,15.959619,210.425995,6.096414,16.939699,227.681396,24.109901,19.419563,215.342300,21.201176,53.036465,217.801514,-3.399865,51.016933,228.460037,14.578953,84.181854,221.505737,-1.315795,83.560028,232.802811
580,2.338715,7.209679,236.450516,1.771128,-11.789391,229.574051,5.448657,-37.948547,222.482391,30.330864,-31.801510,201.381470,32.900311,-5.525579,206.501312,34.929821,16.078117,210.727676,5.451869,17.357635,227.968765,23.692513,19.862164,215.617218,16.012415,53.230740,213.750504,-4.423571,52.506161,226.022827,14.948573,85.870888,221.548615,-0.665874,82.782829,229.638412
581,3.656212,7.785009,237.833618,1.523153,-11.632201,229.400299,5.039258,-37.341183,221.964127,30.281202,-31.718044,202.025970,33.397522,-5.757974,206.015427,34.619289,16.075787,210.435150,5.696455,16.978945,228.113876,24.322363,19.395142,216.128662,17.377914,50.802128,211.208435,-1.893681,52.670143,227.333679,13.875051,80.900436,216.892395,-0.521505,76.537117,228.300461
582,2.065881,7.209705,235.990616,1.632005,-12.329349,229.164932,5.227519,-37.342777,221.748688,30.196035,-31.523031,201.577560,33.817974,-6.051524,206.360977,34.876556,16.065813,210.575272,5.856634,17.707052,228.197784,23.897348,20.215155,215.898834,16.600380,51.225342,213.010208,-3.054505,51.163280,227.146500,14.335144,79.558670,217.972260,-0.425224,76.057350,232.307297
583,2.235989,8.121830,236.511185,1.961147,-11.999128,229.516144,5.112891,-37.481358,221.720535,30.411432,-31.344267,201.515198,36.107590,-6.249441,207.174011,35.342731,16.089102,210.356522,5.998912,17.571608,228.099625,23.958170,20.273212,215.839157,16.214277,51.141457,212.473511,-2.710631,51.572247,226.571533,13.641686,79.942924,218.476349,-0.881019,79.223999,232.303940
584,1.538551,8.713797,235.519241,1.711328,-11.905674,229.547607,5.017675,-37.491169,221.753357,30.284000,-31.359392,201.445572,37.024540,-6.169302,207.844955,35.302357,15.970921,210.338150,6.160362,17.641094,228.299820,23.820475,20.482645,215.602463,16.328520,51.009525,212.003510,-2.488568,51.891651,227.033661,12.502544,78.960083,217.222443,-1.846052,77.241470,229.041931
585,1.464384,8.480370,235.876160,1.036170,-11.593434,230.393234,4.994586,-36.336491,221.813660,30.281958,-30.400824,202.389420,37.554085,-6.019227,207.650650,35.473396,15.704390,210.821869,5.756182,18.641476,228.450699,23.881227,20.763714,216.335739,16.378468,48.897785,213.884521,-2.528201,51.370605,226.521301,11.744951,78.036377,215.347443,0.380752,76.078285,229.839218
586,0.992716,10.088603,236.199707,1.695385,-10.850829,230.995148,4.957329,-34.526825,221.639343,30.102390,-29.304979,202.446518,37.239677,-5.667030,207.350021,35.203453,16.028461,210.894928,6.624800,18.433327,228.314804,24.372166,21.036789,217.044662,16.520346,50.590176,216.648651,-1.876573,51.468430,228.743515,12.922671,79.818398,218.271027,1.173953,77.898071,237.909531
587,1.870968,9.582327,236.238693,1.625415,-10.136571,230.564774,4.757117,-34.471233,221.617905,29.862034,-29.356409,202.271408,36.949368,-5.393324,207.081772,35.195011,16.078321,210.679810,6.430409,18.218126,228.295227,24.275656,21.141144,216.908615,15.483163,52.874805,216.624542,-2.010196,50.893066,227.635101,10.494501,79.249901,216.717148,0.137854,76.555450,235.046860
588,2.178129,7.889799,235.737564,2.096049,-11.116797,231.220673,4.945794,-34.488091,221.684097,29.452927,-28.741520,202.187531,38.071995,-5.630854,207.619446,35.592808,15.583582,210.486694,6.888536,18.037729,228.675613,24.024239,21.144289,216.867493,13.306103,53.566845,215.337448,-3.286365,50.614735,227.157730,13.738352,82.309212,221.248062,3.115257,76.589127,238.565140
589,1.229022,8.650496,233.963821,2.281011,-9.530598,233.024231,4.466608,-31.319572,221.869110,29.904823,-26.718130,202.742188,38.706314,-4.798036,207.444931,36.142040,14.979785,210.577103,6.653473,20.674158,229.243286,24.159218,23.089899,216.474686,13.137649,54.165024,211.567810,-3.401301,52.737804,227.177811,12.427453,79.463882,214.695908,1.481040,76.853973,235.586609
590,2.270484,8.371044,235.687973,3.258504,-9.704857,234.141312,4.965708,-29.852448,222.815796,29.606503,-25.132977,203.269333,39.476128,-4.021797,207.991959,35.803146,14.655746,210.641418,7.411450,20.978085,229.540909,24.385876,23.826851,216.700394,13.158720,53.499474,213.540726,-4.655608,53.396324,227.510864,13.847453,78.245331,217.032486,3.459175,74.482834,236.174850
591,1.460458,7.840737,234.951126,2.106886,-8.419974,233.165314,4.538708,-29.102020,222.283478,29.482580,-24.457809,202.981750,39.253796,-4.012152,208.023865,36.197441,13.806928,211.386826,7.137425,20.446011,228.889023,24.971113,23.435949,217.351227,13.237130,51.767841,209.730576,-4.082714,51.983337,226.415649,14.889093,79.703461,216.416260,3.531473,79.214142,238.990326
592,1.332403,7.550437,235.500458,2.666049,-8.168276,233.921829,5.169948,-28.667023,223.014633,29.032093,-24.106525,202.735657,39.848618,-3.631929,208.800797,36.456909,13.597606,210.660461,8.248816,21.945229,229.803101,24.855543,24.663237,217.011581,12.826193,51.622116,214.039124,-4.069174,52.498207,226.004379,14.378153,78.652390,215.312439,6.180035,80.263908,238.090759
593,1.406964,7.782118,235.263824,3.427780,-8.124499,235.595200,5.425468,-26.500456,223.178207,29.035975,-21.947187,203.687027,39.626198,-2.818186,207.916077,35.955769,14.108765,210.704742,8.018911,23.798512,229.802109,24.715740,25.884466,216.706406,12.124015,52.154533,211.358978,-4.578495,53.244114,226.470840,11.585476,79.003578,211.084366,4.254484,79.927773,236.656509
594,1.655747,7.521569,235.329620,3.212563,-7.974223,235.379730,5.620184,-24.889263,223.248322,29.082304,-20.361208,203.932388,39.912601,-2.856585,208.499268,36.126823,14.146937,210.825546,7.469744,23.157690,229.587189,24.478882,26.608074,217.265091,13.901418,52.835464,206.040726,-4.014753,52.074566,227.179276,12.938703,80.250565,212.045547,1.721168,80.225357,236.822601
595,2.369586,7.758467,235.526871,4.331607,-7.544713,235.151764,5.787782,-24.420219,223.620758,28.698338,-19.877396,203.841644,39.842896,-2.252244,209.188538,37.293533,14.510319,212.124619,8.005219,22.806482,229.764130,24.800591,27.034286,217.743454,17.200972,53.554241,206.719635,-2.841971,52.533951,229.554749,14.869450,78.367081,210.764374,0.654343,80.258408,234.243637
596,3.134854,7.701594,235.722122,7.263779,-8.503895,238.558868,6.675564,-22.578987,225.068863,28.641273,-18.013851,204.772247,40.733086,-2.366980,209.666946,36.956261,14.410603,211.822250,9.083358,24.327232,231.292603,24.258043,27.706663,217.198959,13.449789,54.133186,205.924286,-3.145693,52.374046,227.516663,11.375872,77.313095,210.288971,1.548890,80.637466,231.371002
597,3.139929,7.074329,235.625107,5.774423,-8.399611,237.667099,6.213416,-20.830555,224.516541,28.672512,-16.984921,205.084732,41.028000,-2.444050,210.242935,36.592823,14.105468,211.607834,8.638063,25.288902,231.132523,24.422928,28.798136,217.840652,13.440165,55.894592,212.746048,-3.906371,53.486923,230.809433,8.688123,72.095276,209.557678,1.779500,77.913933,231.178253
598,3.444896,7.548492,235.537125,7.477397,-9.036625,239.580093,6.909480,-20.263700,224.876709,28.043163,-16.295774,204.639954,41.869179,-1.679781,210.558945,37.015099,14.520133,212.497986,9.625607,26.323782,231.824600,24.257420,29.156403,218.200806,9.178849,55.373367,210.798782,-3.853006,52.301968,225.852539,8.256912,74.545998,210.417267,2.573992,76.330078,230.566040
599,2.877533,6.259013,234.924408,8.059094,-8.493884,239.757568,7.169273,-20.387587,224.863388,28.214354,-16.021320,204.745560,42.094406,-1.449953,211.055862,37.008495,14.542184,211.976425,10.612871,25.882057,232.789825,24.591192,29.542152,218.864319,8.178772,54.181904,209.497803,-3.838150,50.727989,228.055283,8.543309,74.730888,212.773773,1.119100,75.245285,233.048569
600,3.183815,7.085421,235.729904,8.651096,-8.215876,238.602661,7.772997,-19.729599,226.919769,28.430269,-14.412004,205.168915,41.907047,-1.736190,210.840317,37.169998,14.295935,211.502457,10.802021,26.319630,233.222046,24.730656,29.534950,218.794708,9.692514,53.742580,209.945999,-3.286993,50.776051,227.052780,8.837916,70.933281,210.767609,0.779356,71.574501,228.445877
601,3.376211,8.050373,236.038040,8.611270,-5.788225,239.707260,7.864355,-18.178144,227.612793,28.058355,-13.051038,204.924744,42.764568,-2.102092,211.565338,36.969761,14.166681,211.747391,10.863606,27.947189,234.171722,24.300573,30.499645,218.156586,10.488008,55.895325,210.006653,-4.030947,52.615604,228.757904,6.940816,70.944069,212.563629,-0.470547,73.247505,230.502655
602,4.370991,6.173563,236.932053,9.669094,-8.034804,239.194351,7.905465,-18.236027,227.212036,27.757109,-12.531879,204.823700,43.970554,-2.408788,212.130554,36.893280,14.301321,211.369873,10.944558,26.701471,233.425766,24.284859,30.363390,218.328232,9.653755,53.217548,209.808365,-3.599596,54.915367,232.804245,7.644053,75.027458,210.925064,0.657081,75.907898,229.615158
603,4.420707,7.501196,237.571472,11.074671,-6.716577,241.370865,8.684381,-17.676142,228.337936,27.715599,-12.332994,204.635406,43.902134,-2.256389,211.743362,36.968678,14.340646,211.761993,11.810347,26.456182,234.541458,24.733496,30.155872,218.081253,9.543784,52.884823,208.032898,-4.257908,54.749973,233.447876,8.228199,77.351532,210.007935,-0.577663,76.266319,230.184525
604,3.725879,7.607690,236.120865,9.622828,-5.689789,240.259430,8.478669,-16.336466,227.927628,27.699589,-11.708800,205.051300,44.344166,-3.303374,210.803253,36.889416,13.574420,211.421371,11.323342,28.323853,233.861969,24.292896,30.847176,217.855301,12.220176,53.835564,207.219482,-3.697656,48.037289,225.362595,10.485259,79.734451,210.751038,0.133309,74.867111,229.788223
605,4.813358,6.787779,236.950302,11.365436,-7.246800,241.852356,8.700543,-16.697756,228.209274,27.528135,-11.226470,204.978653,44.714275,-3.565368,211.060654,36.765381,12.942243,211.845627,11.606478,29.070499,234.484756,23.518501,31.163063,218.626740,11.181638,52.101536,208.407578,-3.737206,48.100697,226.455322,9.310993,76.258636,211.381699,-0.914319,73.532143,227.619141
606,4.414722,7.776635,236.812195,11.060966,-5.395460,241.745850,8.924557,-16.224468,228.408447,27.872137,-11.019432,205.119675,44.982117,-3.719932,211.006897,36.762917,12.609874,211.684708,11.394705,26.428749,234.555237,23.528860,30.636797,218.600662,10.155916,51.564732,205.183304,-2.328062,48.305969,231.129059,5.802107,75.519173,210.814026,-3.149859,72.714493,226.658905
607,5.153714,6.488450,238.304428,10.388310,-6.623845,240.997131,8.518839,-16.017700,227.433014,28.036245,-10.834781,205.403046,45.113625,-3.299585,211.771622,36.620823,12.692385,211.423126,10.419131,26.223938,233.149750,23.130337,30.597462,218.283295,11.905067,53.872814,206.738113,-2.095401,51.647148,235.150787,5.560915,74.692581,213.789185,-2.345150,73.088860,227.447327
608,4.882470,7.525694,237.869751,10.839635,-6.248578,241.313034,8.725469,-16.700798,227.949265,28.135399,-10.894477,205.391159,44.690449,-2.636064,211.932053,36.890484,13.028255,211.999908,10.982310,26.467546,233.940475,23.373405,30.470867,218.595535,11.987746,53.084679,206.339249,-2.193756,51.878994,233.826767,5.825611,76.175827,213.762009,-1.649961,72.484085,225.076401
609,5.300272,6.781266,238.130478,10.793872,-6.298337,241.122223,8.720503,-17.104254,227.729111,28.174480,-11.337546,205.512390,44.301292,-2.307229,211.287354,36.845028,13.083829,211.557846,10.171362,25.763100,232.806381,23.046837,30.327803,218.540787,12.308891,53.926151,206.143799,-2.476921,50.831154,234.838516,5.875661,73.456184,212.428238,-1.315782,71.620255,228.445801
610,5.009575,7.163788,237.204147,11.109409,-6.782979,240.720917,8.503496,-17.946373,227.281052,28.638197,-12.019894,205.457520,43.916435,-2.314702,211.107407,37.687790,13.136832,212.177841,10.954802,25.940083,233.162582,24.230762,29.982992,218.809784,14.048908,55.282951,210.022125,-1.345629,53.102764,233.799683,6.495411,69.320160,207.776855,0.020428,69.445541,225.521591
611,4.884766,7.805696,237.320755,10.255384,-6.480115,240.753937,7.849951,-18.412796,226.660065,28.816694,-13.131044,204.858505,43.040604,-1.846250,211.303436,37.437752,13.641764,212.351486,10.929709,25.522961,233.167313,24.010393,29.591597,218.263245,10.881715,54.479992,209.455017,-2.028220,51.853260,232.803711,7.999212,63.797588,211.590240,-0.125324,65.617676,227.787384
612,4.602285,7.338992,237.625046,9.620305,-7.735794,240.749741,8.238202,-19.596766,226.788940,28.843815,-13.761696,204.676575,43.050896,-1.618015,211.438080,37.491615,14.212897,212.681290,10.634071,25.185152,233.435684,24.668388,29.118254,219.183990,11.417793,54.291061,209.298615,-1.686534,53.138508,229.848892,6.499494,67.367386,210.063187,-1.988317,65.749870,225.871155
613,4.202559,7.776551,237.661926,9.521045,-7.338599,240.824127,7.443789,-20.098150,225.973633,29.048357,-14.812528,205.017487,42.450970,-1.270788,211.253296,36.837521,15.007834,212.176498,10.451662,24.907118,233.074478,25.007931,28.343296,219.401917,13.849216,54.246883,210.221268,-1.183936,49.870491,230.772354,9.790055,73.448586,211.822052,1.381234,71.991592,231.478043
614,3.415826,8.085651,237.339066,8.609607,-7.512917,240.250183,7.446828,-21.545687,226.119675,28.568272,-16.074005,205.193512,42.147808,-1.845147,211.663055,36.506748,14.998013,212.260239,9.981423,24.686363,233.208160,23.911434,27.721376,219.003006,12.218895,54.956966,210.902725,-2.379904,53.575829,234.520187,10.337247,75.771332,212.329453,2.189990,73.817780,233.915497
615,3.526680,7.933511,237.378174,7.218000,-8.217925,238.684555,7.015936,-25.927057,224.346085,28.825300,-17.879948,204.608597,41.643703,-2.168147,212.059113,36.170616,14.694276,212.210495,9.128786,22.587580,231.956299,24.087645,26.697016,218.670319,13.104579,54.617535,205.857956,-3.773046,50.795734,232.783722,10.764378,71.425522,209.602570,2.297991,72.067726,231.028625
616,3.442221,8.866121,238.137634,7.169801,-7.883683,237.734177,6.479916,-26.717808,223.645752,28.855192,-20.366436,203.639542,40.172394,-2.032690,210.802933,36.221279,14.853811,212.352432,8.624231,20.069809,229.683365,24.024275,24.836288,217.610474,14.405712,50.189335,212.085403,-3.121561,48.861172,228.359070,12.946910,69.542305,217.412918,4.969983,69.690208,231.472519
617,3.103985,8.613160,237.314835,6.208352,-8.266794,237.020844,6.755054,-28.090832,223.765335,28.768198,-21.912334,203.406876,40.134907,-2.340459,210.441208,36.108795,14.932557,212.245956,9.017408,19.509783,229.922684,24.576649,23.978769,217.762741,12.471665,46.672256,207.504318,-4.205134,48.970390,227.609772,11.897447,75.455994,215.305786,4.550058,72.610863,233.292145
618,3.430748,7.695494,237.294907,5.932716,-9.000016,236.744949,6.532203,-30.284534,222.760788,28.988600,-23.068188,203.507828,39.217995,-1.826250,209.521820,36.773540,14.952800,212.298126,8.712764,19.159863,229.344070,24.781736,23.256500,217.500412,12.050360,46.793350,203.848099,-4.432534,48.800003,229.160278,14.414951,72.857208,214.498474,7.404072,73.266243,236.480682
619,1.849847,7.266349,236.067886,4.730863,-8.370000,235.388855,6.165824,-30.225170,222.647552,28.761372,-24.964016,203.109314,38.977093,-2.227787,208.901840,36.440247,14.769010,211.393799,7.731529,19.324461,228.877945,23.961994,21.875088,216.586853,12.556115,44.566540,211.288513,-2.633369,49.125687,229.222092,12.354486,73.240799,214.784164,4.322827,74.257660,233.370529
620,1.979233,7.976264,236.583389,3.949290,-10.310955,233.471130,5.702638,-32.165649,222.261917,28.885952,-26.141518,202.503983,38.272327,-3.210161,209.113800,36.731861,14.631142,211.529282,7.133434,16.661383,227.618744,23.576717,20.309313,215.740555,14.331799,45.988888,215.728195,-1.450436,48.725552,224.728745,15.000833,73.201340,218.772446,2.584076,72.032593,229.829529
621,1.508597,9.186194,236.382370,2.841532,-10.804553,231.996719,5.602321,-34.322289,221.534500,29.192240,-26.855572,202.857376,37.894398,-3.432422,208.577972,36.475574,14.771230,210.965469,7.413964,17.293501,227.618286,24.125816,19.499582,215.296783,12.144786,45.466122,213.872711,-1.234768,49.007454,225.916382,13.366103,73.037445,218.791550,2.962834,71.671242,230.797485
622,2.176769,8.466737,236.344009,2.963586,-11.530508,231.838150,5.631559,-35.444141,221.686432,29.344950,-28.065496,202.533203,37.254547,-4.052941,208.077469,36.001965,14.814803,210.826416,7.339956,16.691624,228.155731,23.699516,19.196104,215.523468,13.598397,47.876320,214.377533,-1.198079,49.391685,226.826263,8.450748,73.049095,215.468781,1.553174,72.232674,231.404816
623,1.997619,8.301102,236.780258,2.897999,-12.466816,229.785049,5.213305,-36.243656,221.197449,29.379173,-29.382454,201.738968,36.505527,-5.332735,208.348251,36.127659,15.017967,211.290451,6.693974,15.246996,227.544388,23.960815,18.529892,215.954208,18.080994,47.936096,216.788040,-1.704026,47.101696,228.242722,12.374145,74.601410,216.993912,0.629015,75.585503,233.667099
624,2.350481,7.997428,237.213303,3.177169,-12.714835,229.937256,4.994547,-37.181950,220.894928,29.352245,-30.356089,201.454956,36.898914,-5.654350,208.506271,36.004360,15.461697,211.425812,6.338297,15.954324,227.501465,23.166237,18.389042,215.226944,14.290277,49.097538,214.062424,-2.449345,48.787731,227.313232,13.476034,76.336784,216.458847,-0.553130,77.383263,230.379547
625,2.354321,6.829906,236.741562,2.944497,-12.814216,229.837036,4.912693,-38.021976,220.915741,29.592793,-31.328968,201.589600,36.141102,-5.378530,208.094864,36.156643,15.774709,211.244080,6.197913,16.123039,227.483658,22.895622,18.540476,215.608856,16.233088,49.531975,212.070786,-2.072647,47.954208,228.230164,14.102054,75.198059,216.671844,-0.814969,77.020348,229.406296
626,2.524879,3.294776,236.685486,2.665343,-13.481083,229.618866,4.739190,-38.211796,221.057999,29.139496,-32.507099,201.532547,34.214893,-6.772137,207.034729,35.621521,15.748696,211.295456,5.779955,15.794057,227.613647,23.297138,17.898169,215.632431,17.058271,49.626888,216.296143,-2.364247,48.695278,227.313675,15.060425,76.986305,218.620575,-0.306774,78.139641,232.787277
627,2.586062,5.176094,236.619583,2.611945,-12.333732,229.956161,4.709822,-38.478016,221.354202,29.399263,-32.506260,200.626968,33.548088,-6.270070,207.084030,35.571518,15.696868,211.383652,5.938312,16.626089,227.548508,23.449324,18.730286,215.126404,16.411341,50.449574,211.860886,-2.770006,50.295235,227.983215,14.121816,80.435585,219.649124,-1.154008,81.029861,231.059875
628,2.548228,3.868781,236.944687,2.834175,-13.211504,230.184326,4.781004,-38.902199,221.605072,30.176176,-32.328197,201.523621,34.513264,-5.472978,207.596298,35.627460,15.673344,211.166611,5.729011,16.498169,227.779541,23.659616,18.821875,215.696182,16.665775,53.281200,216.677429,-0.864179,52.715458,229.279984,15.403521,82.517815,221.141678,-0.006615,83.697937,233.567505
629,2.557092,3.745715,236.409943,2.530176,-12.087605,229.535934,4.794246,-38.299221,221.527618,30.506153,-31.944155,201.483627,33.794361,-4.773466,206.995453,35.031006,15.714146,210.603043,5.912223,16.733622,227.296860,23.837147,19.468388,215.209076,21.435049,55.688221,218.005585,-2.218516,51.988731,229.192184,16.322512,83.016815,220.344894,-3.132266,82.552109,231.573166
630,2.147445,8.166905,236.771698,2.392058,-11.462019,230.095062,5.129858,-38.500454,222.023178,30.478689,-31.927389,201.351379,33.610424,-4.837469,206.854004,34.996014,15.829806,210.427795,5.760955,17.019178,227.828033,23.345596,19.909765,215.394760,16.662975,52.973278,213.067032,-4.118998,51.692101,227.989014,15.631354,82.857643,219.105331,-0.792996,78.819023,234.810867
631,3.044040,4.163491,237.046112,2.744075,-11.844634,230.414917,5.016685,-38.249298,221.607666,30.548136,-32.014610,201.358994,33.580093,-5.049299,206.604462,34.818775,15.898491,210.471863,5.837609,16.899965,227.855133,23.216717,19.395594,215.235321,17.640705,51.798904,214.824265,-2.712791,51.785904,229.802261,16.338045,78.258591,217.857712,-1.762913,72.729607,231.122147
632,4.143731,4.937123,238.821472,3.330198,-12.074659,230.455780,5.115957,-37.911621,221.978653,30.686275,-32.149803,201.549011,33.588566,-5.208961,206.277084,35.032799,16.037916,210.472305,5.846594,16.716848,227.330734,23.451200,19.277853,215.278992,17.692329,50.727951,215.075485,-1.692826,53.125408,227.308945,15.807979,78.231422,219.146500,-1.176232,72.015488,232.638245
633,3.130282,4.141115,236.457428,3.026370,-13.160727,230.369659,4.940140,-38.076477,221.467041,30.096367,-31.902792,201.331161,33.316296,-4.826241,206.617981,35.020275,16.088585,210.751038,5.345574,17.057806,226.925949,22.931862,19.273916,215.155624,17.024832,51.428802,215.337631,-2.499867,51.802212,227.342270,15.987975,79.080368,220.132996,-0.710171,75.448463,233.327438
634,2.906000,4.268545,237.676010,3.644954,-12.449448,231.111099,5.321557,-37.977844,222.277557,30.705776,-31.920601,201.878143,34.002804,-5.066913,206.547592,35.257938,15.982369,210.642334,5.718072,17.109816,227.897171,23.239508,19.375666,215.435257,17.442755,50.535225,214.886673,-2.146823,50.724720,229.022202,15.991002,77.250595,218.747299,-1.272789,71.257591,231.813797
635,2.594332,5.907283,237.367508,2.289841,-11.384295,230.010544,4.916755,-37.681377,221.566315,30.642677,-31.617735,201.566635,34.196121,-5.008392,206.955887,35.377567,15.813552,210.781326,5.529415,16.518206,227.595062,23.397226,19.157909,215.762238,17.149504,49.847759,209.058487,-2.843476,50.593819,229.767532,16.243103,78.608253,219.315613,-2.602398,76.863457,230.604385
636,2.411953,5.948545,237.141479,2.712056,-12.223425,229.916840,5.039677,-37.705925,221.605667,30.244976,-31.733932,201.309250,34.278988,-5.658213,206.754715,35.340187,15.744382,210.607315,5.928387,16.614717,227.556519,23.335258,18.957098,215.260284,17.823677,49.635307,212.440994,-2.391029,52.065392,229.746155,14.805139,78.404549,218.817917,1.944190,75.443054,236.287292
637,2.321499,6.357779,237.387787,2.649123,-11.576325,229.964355,4.986822,-37.851810,221.710175,30.497963,-32.019459,201.434021,33.797596,-6.087060,205.767502,35.120182,15.377687,210.219513,5.818185,16.107321,227.532501,23.975588,18.886530,215.277863,18.309616,51.050907,217.383911,-1.673332,52.095814,229.063004,14.731148,80.807533,221.343475,-2.594613,79.467972,230.774139
638,2.156701,7.221030,237.142242,2.202004,-11.730505,229.425385,4.914165,-37.294762,221.449585,30.038322,-31.714504,200.825150,34.392887,-6.265014,205.266724,35.399670,15.361001,210.562820,5.798621,15.997006,227.195450,23.567207,18.625551,215.325409,16.135597,49.867020,211.857391,-3.495126,50.242062,226.111313,16.119749,78.477745,218.286957,1.101933,71.812317,233.190659
639,2.135366,6.244529,238.120193,2.126313,-11.659962,229.731003,4.682636,-37.299568,221.430313,29.905720,-31.777382,201.158081,35.160427,-6.516815,205.700470,34.994663,15.395068,210.218307,5.265455,16.940050,227.367401,22.691116,19.083254,215.472824,15.331051,49.328079,210.825043,-3.198355,50.259338,228.524368,11.899383,76.929085,215.812546,-1.231378,76.477669,233.302155
640,2.564793,5.558195,238.818466,2.151014,-12.270932,229.906570,4.544127,-37.419399,221.350220,29.898251,-31.593748,201.175247,35.787857,-6.579466,206.244476,35.789055,15.388501,210.710251,5.652440,16.025555,227.438034,23.599581,18.633266,215.960205,16.992632,47.881283,208.753952,-2.364490,48.473473,229.004288,15.722590,76.417206,216.896698,0.087095,71.840790,230.945892
641,2.714146,6.118381,238.179596,2.315450,-11.754367,229.948090,4.497439,-36.666782,221.563736,29.610113,-31.297413,201.244598,36.609447,-6.592551,206.813187,35.647579,14.995513,210.441971,5.821805,16.279715,227.770660,23.357689,18.666000,215.575455,16.390720,44.767139,211.406418,-2.756697,47.666943,229.055237,15.019276,75.489220,216.554016,-1.269693,73.533600,232.753693
642,1.834396,8.175463,235.494980,2.480829,-10.567796,230.403503,5.148170,-35.392529,221.362030,29.681139,-29.858469,201.526230,37.344608,-5.962187,206.756653,35.733009,14.941983,210.931183,6.458691,17.954092,228.461243,24.003952,20.297285,215.932297,18.119919,48.103481,218.225677,-3.453887,49.397400,228.237671,15.367281,75.724266,218.308441,-1.236913,74.192368,232.782898
643,1.675175,8.807228,235.266556,2.298151,-10.583739,230.475464,4.899923,-34.774246,221.029556,29.973747,-29.197704,201.710205,37.057480,-5.217300,206.300247,35.383801,15.155448,209.829712,6.644888,18.387592,227.560684,23.935415,21.282494,215.896790,16.513771,53.076576,216.339493,-3.015893,52.038822,226.083328,14.960273,79.106834,218.596436,1.192300,77.112679,234.065689
644,1.167747,9.425876,235.579987,1.127867,-9.705504,229.361343,4.886317,-34.354008,221.072571,29.684359,-28.329716,201.455948,38.720448,-5.015702,207.165268,35.572895,15.361423,209.999756,6.527475,18.388035,227.791138,23.856594,22.018366,216.307892,15.502135,52.482708,217.663406,-3.109170,52.202797,226.188431,13.861972,79.276283,219.986160,0.454114,74.524605,234.506577
645,1.151368,9.392749,235.969849,1.292364,-9.968387,229.704971,4.774910,-34.622055,221.325867,29.810331,-28.281343,201.469574,38.663834,-4.821048,207.036713,36.013172,15.598243,210.281631,7.248291,17.684269,228.195419,24.009098,21.115133,215.980042,9.375840,50.488426,210.182617,-3.414058,51.639641,227.692581,13.152722,73.968040,217.799759,6.351490,67.115845,240.492432
646,0.777833,9.907673,234.933548,2.630057,-8.946189,233.220139,5.220542,-31.039024,221.456467,29.599577,-25.430191,201.532471,39.529976,-2.659161,207.926559,36.717079,15.648790,210.589005,7.283964,20.319199,229.844910,24.082983,23.129978,215.979950,13.206901,53.606209,212.299469,-4.325468,52.867039,226.425644,10.561364,76.062546,213.705276,2.645136,74.915627,237.789261
647,1.628302,9.333817,234.469833,3.113158,-7.109987,233.514847,4.964196,-28.879026,221.841873,29.780289,-23.644293,201.805832,39.700123,-1.578420,207.646118,35.939964,15.322118,210.177963,7.249596,21.772177,229.808365,23.850836,24.928299,215.618088,11.590907,54.302963,211.821335,-3.294556,54.529652,231.154984,15.924751,76.153679,216.052032,6.477552,79.069084,239.281921
648,1.412108,7.629869,234.925888,3.212352,-7.531446,233.567596,4.759914,-28.226936,221.942123,29.086931,-22.827349,201.305817,40.013977,-1.437131,208.410553,36.102295,14.806449,210.067581,6.867029,22.986029,229.459061,23.581217,25.113417,215.350906,12.440544,54.939278,210.822906,-3.673884,55.161659,231.276566,11.459333,78.426262,212.227081,3.083165,79.562996,235.266876
649,2.329508,7.591272,235.533173,4.280143,-8.856951,233.923264,4.975621,-27.933533,221.995880,29.134592,-22.021311,201.471161,39.663830,-1.500301,207.877319,36.362572,14.427353,211.126236,7.186084,22.344410,230.269989,23.748024,25.489058,216.453659,13.276772,55.901569,213.355499,-4.209563,53.924458,227.234665,11.870053,78.205482,211.962723,3.551723,82.294228,237.039505
650,1.996406,7.442743,234.294464,3.722150,-6.505088,233.662109,5.103565,-25.671150,221.872482,29.641495,-19.877823,202.748840,39.891197,-1.231121,208.077621,36.729687,14.576694,211.573135,6.950522,22.384314,230.081528,23.276525,26.017277,216.745163,10.363638,54.289051,209.530869,-2.751284,53.966885,230.830460,10.270659,77.994560,212.783112,2.457872,81.186317,236.113403
651,2.654495,8.323742,235.800308,4.568492,-7.795308,234.538956,4.937122,-23.246998,222.221100,29.095221,-18.074083,202.697388,40.138248,-1.908061,208.223236,36.829323,13.870825,211.908966,7.089894,22.658251,230.196655,23.860243,26.212103,217.316330,16.164160,53.971870,213.028687,-2.498573,51.586029,230.412567,15.192854,82.337494,214.547913,1.484963,84.214874,236.837341
652,2.877928,6.638101,235.541275,5.815694,-9.424660,235.679626,5.617685,-22.624557,222.538849,29.149879,-17.449570,203.090057,40.246574,-2.178533,207.617218,36.948486,13.514003,211.454956,7.772246,23.459251,231.111267,24.364302,26.780523,218.123322,16.680067,54.189510,212.869629,-2.252399,52.665272,230.363678,15.558358,83.505806,216.593964,2.318209,85.718376,238.736465
653,3.030559,6.514121,236.067413,5.921912,-7.696542,235.516434,6.171550,-21.236084,223.374008,29.460136,-15.311441,203.828934,41.445305,-1.884696,209.369644,37.133179,13.561822,211.519608,8.273432,25.201303,230.150040,24.979158,27.757072,218.169891,16.927027,55.589771,206.464783,-2.674975,53.304108,230.559174,14.548349,79.831596,212.500351,1.637561,84.224869,236.540314
654,3.387051,6.937232,234.443756,6.800548,-6.975423,235.022537,6.383660,-19.371931,223.724213,29.198639,-13.944643,204.314423,41.452927,-2.002424,209.745895,36.966503,13.621712,211.950882,9.005628,24.567492,231.361969,24.026264,28.060179,218.126190,14.862161,55.309601,205.566376,-4.065545,53.670898,229.361343,12.277791,84.212082,215.371460,0.596940,83.483406,235.120621
655,3.468380,8.014579,235.875748,7.782140,-6.162660,236.021362,7.029154,-19.325766,223.965775,28.683655,-13.251646,204.072556,43.171509,-3.411789,210.325974,37.238789,13.103477,211.721893,9.166203,25.437168,231.120026,23.946081,28.031319,217.798523,15.187273,55.204342,205.072525,-2.726320,53.150249,230.510986,14.477311,84.315796,216.695190,1.863502,84.559235,236.040390
656,3.758285,6.843538,236.026932,7.118621,-7.205305,235.874146,7.596142,-19.251947,224.368454,28.428301,-13.127469,204.319778,43.073853,-3.598098,209.635757,37.725163,13.054256,211.852570,9.577221,26.190729,232.871857,23.969616,28.718811,218.654572,14.989928,55.608307,209.312485,-3.099693,50.646389,224.856277,14.350893,86.855148,219.936249,1.127402,84.067566,230.182678
657,3.148691,9.349607,235.085312,7.740321,-4.412303,235.617538,7.687937,-18.103807,225.316589,28.601025,-11.861456,203.355576,43.577778,-2.929335,210.742233,37.544571,13.191439,211.850189,11.278492,27.414000,234.344452,24.764011,29.871296,218.084290,13.214284,54.873646,211.274536,-2.717533,54.961712,231.843079,14.548717,84.629280,215.098480,2.032201,82.811707,233.155396
658,3.292674,8.878609,233.205261,7.898959,-3.009574,236.472488,8.143090,-17.248682,225.619507,28.295591,-10.863753,203.001205,43.447445,-2.161399,210.029449,36.776562,13.412241,211.384720,10.867327,26.908110,233.480499,24.487244,30.169634,217.456406,14.048860,54.600571,211.001877,-2.655051,55.364220,232.401093,13.276851,82.684685,213.693222,-0.495259,79.979729,230.847321
659,3.999240,8.459094,236.559967,7.458564,-2.984041,236.816040,8.798739,-17.036446,226.279922,28.238213,-10.592067,203.173904,44.401123,-2.282984,211.062134,36.622906,13.519209,211.415253,11.845380,27.757748,234.555283,25.279699,30.318583,218.931259,14.175093,54.603588,210.508881,-3.967004,51.232071,232.757904,10.579180,74.854843,211.697159,0.309536,73.263023,229.261246
660,3.272964,7.445098,235.194351,5.847059,-4.129683,235.294342,8.453818,-16.841007,225.356216,27.944231,-10.481009,203.349319,45.111992,-3.164529,210.824600,37.626781,13.205598,212.003662,10.471307,26.708775,233.599960,23.554115,30.158613,218.510696,13.230583,53.914009,206.050064,-3.884877,53.765560,231.202484,11.629210,76.441704,212.421051,-1.636865,72.905380,228.696365
661,4.529055,8.450771,236.412567,7.547693,-5.351197,236.085617,8.484607,-16.899084,225.377899,27.582476,-10.391052,202.954071,45.498634,-2.824794,212.221024,37.453339,13.436781,211.993912,9.867345,26.057234,233.235901,23.065557,30.013927,218.155090,14.685528,55.876633,206.317673,-2.620092,53.715595,232.736404,13.384267,80.013298,216.637878,0.076899,76.505180,234.028976
662,4.740794,8.315172,236.623383,8.737497,-5.516286,238.322891,8.789917,-16.787527,225.986694,28.222010,-10.705321,203.449417,44.551517,-1.862403,212.123108,37.494476,14.159033,212.394547,10.226328,25.289909,233.190582,24.100731,29.453745,218.851608,16.005474,56.318752,206.231552,-2.715988,50.004158,224.743240,18.367861,81.401566,219.617920,0.644216,74.893806,230.051697
663,5.141402,8.356921,237.995132,11.559831,-5.868082,241.007767,9.256652,-17.551924,226.106354,28.265930,-10.856821,203.146713,44.409821,-1.965405,211.284973,37.166843,14.473578,211.936264,10.228823,24.597170,232.823471,23.395981,28.783335,217.743134,15.360826,56.587936,208.774261,-2.172484,53.419350,234.774933,13.905501,81.262329,217.603638,0.279352,78.198334,236.125717
664,3.652968,8.809733,236.142258,8.199276,-3.498734,237.959351,8.787944,-17.105619,225.937500,28.075405,-10.940168,203.774658,44.911171,-2.290154,211.498169,37.285469,14.376755,211.290771,9.783343,25.850111,232.360687,23.459385,29.085686,217.902451,14.406150,55.934490,207.632797,-3.240670,54.000725,233.081512,13.416498,84.091957,217.263809,0.206212,81.131111,233.653152
665,3.821195,8.656306,235.982346,6.675597,-4.966613,235.893753,7.787387,-16.799913,224.765625,28.146444,-11.178050,203.426300,44.165417,-1.796520,211.078720,37.068039,14.456282,211.541016,9.767432,27.113108,232.223999,23.436129,29.720295,217.434311,14.464751,55.711502,212.171967,-2.171444,50.819916,224.652206,13.768929,79.801804,215.159897,0.706947,77.663506,227.630203
666,4.056413,8.250559,236.478683,7.144490,-5.253287,235.870392,8.279013,-17.502466,225.583145,28.274290,-11.264279,203.412338,43.986546,-1.395447,212.073013,37.542103,14.844280,212.373260,10.451457,26.151970,233.103836,24.385822,29.520287,218.341324,14.785555,53.604359,206.337814,-2.152262,52.038712,232.204453,14.513467,75.608757,213.010971,-0.113175,72.189178,227.917938
667,3.415081,7.782331,234.770309,6.893778,-4.296594,235.824524,7.901045,-17.733093,225.334641,28.173235,-11.468283,203.661774,43.731586,-1.666166,211.738434,37.392136,14.808539,212.390106,10.199029,26.019934,232.735840,24.110296,29.200920,217.821747,15.128312,52.871616,206.092896,-2.265661,50.203476,226.872574,15.841310,79.691391,215.015564,0.593488,74.242508,230.223648
668,4.674593,7.394292,237.180008,9.430543,-5.701533,238.546860,8.484510,-18.936689,225.630035,28.251535,-12.473377,203.357895,43.933544,-1.153489,212.433212,37.093609,15.104873,212.504745,10.732176,25.214643,232.732773,24.372627,28.572994,218.184311,14.782306,52.515610,205.446716,-1.747073,48.860832,228.731781,16.163219,77.980301,212.370529,0.483697,73.723442,230.497772
669,3.688064,8.922885,237.801422,9.123092,-5.752596,238.788208,8.217171,-19.238478,225.457062,28.184420,-14.161990,204.285156,44.321888,-1.925118,212.268051,37.139954,14.776134,212.547485,10.744566,24.293823,232.090790,23.763857,28.297516,217.974823,13.785616,52.374565,204.824722,-2.140347,50.629513,232.441299,13.049654,77.799599,212.933289,-0.544620,73.220741,229.532104
670,3.012882,8.896606,237.015671,8.774052,-7.330151,237.693756,7.176252,-21.067745,224.508286,28.103510,-15.152524,203.527176,42.199665,-1.887143,211.436523,37.012352,14.327782,212.236420,10.493490,22.359907,231.571472,24.410692,27.097639,217.426544,14.412835,53.051899,206.498032,-2.706147,51.701019,232.420166,16.211563,73.205345,214.342957,2.694396,71.894753,230.257553
671,3.979119,7.718653,237.561768,7.988822,-7.360194,237.482773,7.228458,-20.862778,224.473511,28.485237,-15.360893,203.421478,42.778374,-1.474729,212.242676,37.790646,14.762962,213.090256,10.264136,23.842075,232.315979,24.873444,27.335917,217.690186,14.898643,53.337524,211.641266,-2.175236,49.446835,228.649063,14.159869,74.812538,212.103714,2.402358,74.494362,230.948608
672,3.964693,8.314550,237.995712,8.317161,-7.001727,238.003418,7.305692,-22.535709,223.916595,28.583529,-16.088196,203.383331,42.116158,-1.188566,212.002792,37.744690,14.776119,213.065781,10.601853,23.212826,232.365936,24.484217,26.757040,217.706253,11.260903,53.474434,208.903137,-0.815460,48.660721,230.085861,11.641809,72.061302,212.471954,2.399866,73.400009,234.626877
673,3.463613,7.968519,236.382370,6.177741,-8.170467,235.501343,7.361840,-25.581038,223.665710,29.014505,-18.132877,203.036560,41.759663,-1.032909,210.563919,37.321751,14.919065,212.310364,10.120515,21.146643,231.790970,25.095488,26.044991,218.012009,13.681125,51.922417,207.000351,-2.959199,49.242638,233.402802,13.010486,69.241653,216.653244,3.450305,69.727814,234.062363
674,3.280629,7.636283,236.477890,5.997327,-8.086465,235.776260,7.340980,-26.002302,223.717575,28.973164,-18.857635,203.196213,40.975811,-1.254962,209.892899,36.741112,14.696609,211.185913,9.648743,21.487747,230.767365,23.910900,25.932409,216.967087,12.853172,53.151123,212.906723,-2.113400,51.281677,227.331436,10.808448,71.028816,216.150543,3.232055,71.395996,233.306503
675,3.627297,7.453595,236.909210,5.447889,-9.264411,234.799362,7.355591,-27.541023,223.167068,28.872118,-19.709139,202.824615,41.796257,-2.031967,210.517471,37.322784,14.665846,212.537445,9.539027,21.132029,231.157135,24.236988,25.391518,217.336838,10.144485,53.244133,211.414932,-2.569415,52.555866,232.292236,9.441411,72.048996,213.265396,1.917292,72.011757,233.363129
676,3.221881,8.132049,237.199020,4.174594,-9.456478,233.852417,7.037167,-30.281773,222.402939,29.101122,-22.135910,202.411301,39.648579,-2.357865,209.125168,36.817947,14.760774,212.068817,9.318678,19.571976,230.987473,25.194050,23.370392,217.598618,11.079026,51.890003,210.490982,-3.051428,52.056725,230.612976,12.113851,75.893669,217.610550,3.676215,73.247917,237.183884
677,2.787931,7.842834,235.698822,4.032576,-10.277607,231.550705,6.812111,-30.358116,221.878967,29.010799,-23.175858,201.542526,40.008026,-3.135304,209.661285,36.558201,14.788898,211.555420,8.376147,19.227026,228.380234,24.071783,23.121702,216.327713,14.090899,51.836662,207.625122,-1.750107,52.413567,230.358307,15.927373,80.794403,216.258255,0.740103,77.822739,234.773514
678,3.319163,6.924451,237.013779,3.958983,-11.793643,231.949280,6.844454,-31.584352,221.704361,29.415192,-24.381254,201.791672,39.909256,-3.136817,209.290985,37.342449,14.869595,211.838135,8.651227,17.517508,228.854767,24.972757,22.365631,217.039505,14.643074,50.672134,207.463165,-2.042222,51.506870,229.877197,15.065816,79.649612,216.194427,4.604832,78.073654,238.936356
679,2.461711,7.300043,236.724686,2.837036,-12.194039,230.893402,6.584069,-34.663826,220.439362,29.618484,-26.551250,201.197067,37.737713,-3.948146,207.325302,36.620731,15.044497,211.013107,7.318045,17.713284,227.439346,24.068937,20.461542,215.583649,16.093515,50.501965,216.402405,-1.223551,51.214954,227.462692,15.429335,78.300064,218.475540,1.023495,78.246239,231.856400
680,2.301448,7.627022,235.314789,3.623148,-12.263395,228.997971,6.464976,-35.399910,221.073563,29.394924,-27.638092,200.471527,38.062683,-4.449694,208.201355,37.132362,15.249226,211.480881,7.754550,17.268721,227.434891,24.577229,20.477682,215.714462,13.438698,50.662682,214.930649,-0.244870,52.799492,229.057739,14.506032,80.946777,218.473038,1.539579,81.356422,235.620438
681,1.538536,7.672833,234.767303,3.427824,-12.594856,228.222275,6.446990,-36.064293,220.571365,29.808422,-28.877239,200.510483,37.366966,-4.929587,207.512726,36.998531,15.303256,210.918518,7.371846,16.499537,227.500839,24.192108,19.896057,215.280884,13.943839,51.544151,214.915695,-1.698976,50.576466,228.192505,14.631628,80.762222,218.952728,0.943651,78.675835,235.817963
682,2.363618,8.113222,235.287048,3.347093,-12.702227,228.419662,6.092828,-36.710648,219.745438,30.290098,-29.783449,200.325638,37.125500,-5.370079,207.230652,36.485447,15.330474,210.642105,7.776742,16.682276,227.709183,24.861113,19.453444,215.133820,14.258251,52.249947,215.407974,-0.539219,49.964951,227.514847,14.802629,76.950722,217.131790,0.757558,72.491173,232.686172
683,2.779206,8.551729,236.661636,2.862560,-12.562289,228.943802,6.229327,-37.893337,219.725540,30.368118,-31.039270,199.723740,36.808338,-5.544568,206.838409,36.350067,15.441041,210.413406,7.315402,16.871469,227.442139,24.338907,19.334188,214.888443,15.265588,52.225544,216.152557,-1.970613,50.160301,228.352997,15.602883,78.869827,219.842804,-0.293485,79.439789,234.589432
684,2.396231,7.741428,235.804138,2.686684,-12.045683,228.298325,6.094583,-38.451340,220.403641,30.487013,-32.139851,199.205841,36.191887,-5.384031,205.968689,36.156609,15.680411,210.057480,7.294462,16.596241,227.274948,24.187498,19.113327,214.702225,14.232039,51.948391,212.050751,-2.168712,50.896877,225.641891,15.717688,78.980507,219.419037,0.065631,78.347710,230.190720
685,2.827025,6.672389,236.077118,2.376234,-13.027860,228.451508,5.624309,-38.198128,220.643875,30.455410,-32.451256,199.703506,36.192261,-5.522502,206.499344,36.549236,15.522758,210.877884,6.623663,16.593723,227.164444,23.678085,19.170387,214.627640,15.508862,52.591545,214.514008,-2.429919,50.932457,227.292984,16.492544,74.810585,216.174606,0.557922,72.639542,227.336792
686,2.312231,7.778892,235.203842,3.301624,-12.630801,228.769684,5.669264,-38.076096,220.578400,30.815199,-32.084316,200.138748,36.280697,-5.302954,206.482300,36.125633,15.654442,210.226059,6.432499,17.265347,227.106903,23.661274,19.809626,214.597763,15.364190,53.003403,214.772736,-2.516196,50.487713,227.582367,16.318895,79.856995,219.242477,0.184967,79.257011,232.723541
687,2.199989,7.546087,234.127106,3.111438,-11.482725,228.334442,5.447785,-37.666714,220.461334,30.709446,-31.903151,200.243393,36.061951,-5.362450,206.122162,36.053932,15.663962,210.150558,6.537327,16.900843,226.752228,24.048733,19.472692,214.553284,16.616043,52.397476,214.574677,-2.563846,50.519455,226.848999,17.220985,77.440529,218.203857,1.753585,75.835548,231.784210
688,2.552321,7.011362,236.019958,2.878390,-11.727900,229.059662,5.241808,-37.681953,220.680862,31.097824,-31.306074,200.583130,35.269249,-4.946177,206.390564,35.946110,15.710975,210.427155,6.145379,16.857262,227.051682,24.039484,19.510237,214.923447,16.226410,52.975834,215.001114,-2.689047,51.243740,227.729126,18.294403,80.028084,219.391037,0.079067,74.634766,230.982391
689,2.347290,7.604835,234.964737,2.795612,-11.156810,228.565674,5.367899,-37.394707,220.446945,30.869333,-31.129421,200.347519,35.798126,-4.808989,206.827774,35.896770,15.799352,210.631439,6.093567,17.078163,226.929581,23.917835,19.399853,214.860901,16.548170,52.347866,214.671127,-2.725126,50.417435,227.368103,17.040068,75.775269,217.991577,2.611766,70.732033,227.870453
690,3.151448,7.850371,235.708923,2.938350,-11.169627,228.891022,5.436466,-37.130791,220.690491,30.840286,-31.073496,200.503891,35.454685,-4.781078,206.571228,35.823620,15.890491,210.456268,6.276668,17.126204,227.091034,23.933992,19.624813,214.817810,15.011737,52.244366,213.821091,-2.492969,50.407978,227.783920,15.766741,78.818481,218.200012,0.348706,75.200531,231.802841
691,2.766361,8.766818,234.960968,2.695054,-11.435033,228.242493,5.472975,-37.395527,220.476379,30.732315,-31.064987,200.506775,34.618484,-4.929007,206.005905,35.457394,15.718369,210.140839,6.066840,17.116388,226.936935,23.834530,19.435419,214.766617,16.394524,51.598087,213.996780,-2.851645,50.843620,227.604080,16.188526,79.116722,218.149261,1.154900,77.276825,231.584091
692,2.801621,8.883517,235.861206,3.031515,-11.754435,228.881241,5.517906,-37.496826,220.800278,30.483498,-31.187342,200.315079,35.078693,-5.223142,205.566879,35.990360,15.609990,210.035751,5.931647,17.342319,227.055588,23.436161,19.718925,215.038925,17.261623,51.819817,215.314911,-2.937053,49.693386,227.014664,16.356237,78.008766,217.095779,-0.921649,78.172928,229.958023
693,2.396294,7.914655,234.961029,2.815046,-11.919786,228.701584,5.413625,-37.623478,220.760788,30.919003,-31.216391,200.582184,35.441769,-5.210278,205.657150,35.615498,15.594342,209.826050,6.355173,16.935085,227.192657,23.927574,19.734686,215.030548,17.956028,51.374866,215.297729,-2.464565,49.048534,227.062943,15.667449,73.577148,216.706558,-1.300940,70.146263,226.346054
694,2.146195,9.483287,235.300125,2.938157,-11.117045,228.968750,5.271173,-37.216518,220.902313,30.617336,-31.007442,200.421906,35.375309,-5.279536,205.411530,35.710407,15.584647,209.989960,6.251178,16.784170,227.240570,23.762358,19.474380,214.800949,16.662710,51.628254,215.474930,-2.475407,49.396667,226.298767,15.482348,74.733765,215.707489,-1.833362,71.778839,226.953018
695,2.308012,7.388480,235.644333,2.864382,-12.119198,229.699005,5.542388,-36.828415,220.692261,30.697992,-30.387808,200.876694,35.878311,-5.308348,205.797424,35.962036,15.444344,210.361298,6.367389,17.231741,227.245895,23.637798,19.664444,215.357407,15.101516,51.070568,214.735046,-1.577474,50.676086,228.138718,16.646858,75.906876,216.960052,1.515123,72.844742,234.077896
696,2.965871,7.366369,236.235275,2.539832,-11.984369,229.484390,5.577525,-36.514736,220.811234,30.711733,-30.141716,200.823456,35.978905,-5.487832,205.930328,35.434570,15.390409,210.074661,6.838613,16.802847,227.755569,24.066320,19.742483,215.938492,15.753148,51.333218,215.072449,-2.655781,48.858688,227.524704,17.138998,78.209274,218.872559,-2.436781,77.103836,232.268890
697,2.210783,8.691520,236.292252,2.360209,-10.579769,229.429977,5.354008,-35.932095,220.521561,30.542782,-29.861256,200.460266,37.098248,-5.017837,206.663208,35.331024,15.447151,210.005234,6.882998,17.486237,228.097916,24.217745,20.345823,215.301926,16.848713,52.320953,215.982849,-2.740452,50.469006,228.820831,16.458014,72.573257,214.862473,-0.343720,72.499390,230.679871
698,2.676543,8.666772,237.125534,2.966929,-11.621848,230.211609,5.385745,-36.014194,221.010025,30.557730,-29.633570,200.573410,37.028103,-4.602899,206.764053,35.229679,15.599856,209.584549,6.861685,17.489758,228.147354,24.595381,20.719893,216.262054,16.606426,52.121990,215.887024,-3.002887,51.111889,227.697250,18.555634,80.472015,220.756897,1.126289,78.766014,236.003601
699,1.416855,8.265539,233.453140,3.233321,-10.561125,231.959717,5.727198,-34.014069,220.622757,30.855215,-28.185738,201.522705,36.638786,-3.845848,205.248123,35.196171,15.560606,209.994980,7.311992,18.543343,228.768677,24.450571,21.972515,215.941589,17.292139,53.414955,217.284973,-0.729002,52.737782,228.493652,16.621897,75.932877,218.230759,-0.699352,77.422691,232.417328
700,1.971806,8.219168,233.677872,2.644061,-8.571117,231.969131,5.013874,-31.354998,220.573303,30.241014,-25.863022,201.377563,38.414673,-3.231086,206.764633,35.552319,15.493234,210.597885,6.654014,19.485281,228.580032,24.031828,22.913549,215.713425,15.634294,53.672531,210.203125,-2.678702,51.830692,229.366455,16.901926,76.272728,218.024536,-0.736685,73.192291,231.919174
701,1.089136,8.333353,233.041122,3.296973,-9.381810,232.233887,5.017618,-31.451443,220.457794,29.835960,-24.606674,201.272614,38.525158,-2.439819,207.189163,35.965897,15.557652,211.563858,6.612269,18.618963,227.947876,24.093737,22.713778,216.150269,15.840622,52.637028,207.680328,-3.135859,51.155888,230.384033,13.035090,74.742279,215.440247,-0.060183,71.810486,234.217758
702,2.065016,7.326295,234.664352,3.259692,-10.769073,232.255630,5.443708,-32.572609,220.754044,29.648582,-24.944613,201.004883,38.016888,-2.491409,207.087723,36.786583,15.466030,211.788269,7.000478,18.334267,228.194794,24.237398,22.177345,215.867401,13.314857,51.668911,208.254578,-3.117161,50.143970,230.006973,13.545222,74.215858,215.458527,3.618944,72.249023,237.403885
703,2.748040,8.076679,235.440750,4.592711,-8.347396,233.368683,5.725141,-27.766483,221.381790,30.522184,-22.373192,202.916168,38.768517,-2.073649,206.071884,36.655071,15.269825,211.078110,8.320203,21.738388,230.606598,25.215036,24.452940,217.922104,16.273930,52.902939,214.363373,-2.434968,54.109043,230.657516,16.793680,76.598267,212.596649,2.410652,76.553543,238.359177
704,3.309675,7.291049,235.104233,4.672175,-8.953441,233.997910,5.339876,-24.139088,221.489334,30.074951,-20.523491,202.973801,39.136578,-2.250521,207.311539,36.588566,14.385441,211.119522,7.694808,22.372728,229.404282,24.513418,26.083570,217.151962,14.380839,53.374756,212.663391,-2.589810,56.853119,229.499802,15.137507,75.014114,211.501770,1.631696,75.943153,234.423126
705,3.376903,6.708354,235.412033,4.807716,-9.081607,234.179001,5.897415,-26.178350,221.596222,29.829315,-19.585629,203.037231,38.902473,-2.371591,207.297455,36.592323,13.553591,211.040329,7.980700,21.046059,230.144882,24.111616,24.741556,217.442413,12.333170,52.572445,212.155624,-3.765062,53.931751,230.668747,11.904282,76.600975,212.475037,0.898171,74.669937,235.960068
706,3.819769,6.421518,235.330338,6.527288,-9.179350,236.018585,6.635289,-24.710857,222.111191,29.416340,-18.722439,202.316727,41.336994,-2.187694,208.030121,37.055847,13.194609,211.247757,8.465704,22.940947,229.915131,24.213499,25.977327,217.140305,13.533223,52.983944,211.888550,-2.697785,52.434052,230.185013,13.058504,79.002426,214.745514,-0.333721,77.572212,235.201706
707,3.063013,6.330707,234.230530,7.949989,-8.333016,237.042694,7.327546,-21.611534,223.802628,29.617371,-15.382381,203.343140,42.273739,-2.951546,209.280716,37.134964,13.211334,212.273911,8.868762,24.780083,231.571487,24.648581,26.826902,218.710358,15.091289,53.954784,210.598373,-1.991275,53.868599,231.343781,14.440845,82.226387,214.447556,1.616644,80.510651,235.227158
708,3.233666,6.928621,234.522324,7.994731,-8.676044,236.561295,7.336066,-18.933455,223.951157,29.535030,-13.806776,204.048523,44.161865,-3.501216,209.456573,37.228611,13.111277,211.853928,8.577868,23.651146,230.348267,24.510128,27.312862,218.370667,15.957243,54.420704,212.055618,-1.313193,51.738895,231.923782,17.651669,84.972755,216.014374,0.974652,82.345566,235.801727
709,3.543920,6.990336,234.161041,8.997245,-7.997324,238.184235,7.351895,-18.632380,224.027420,28.571657,-13.196103,203.606781,45.516209,-3.881036,209.964722,37.239353,13.081979,211.640549,9.262016,26.382401,230.401306,24.069525,28.370359,217.954391,13.753300,55.370445,212.465393,-2.927348,51.528755,226.331848,14.719747,84.502731,217.530060,1.575786,83.799538,234.019455
710,4.859365,7.582170,236.098160,9.970720,-6.817372,237.417786,8.489403,-16.740509,226.664932,28.812481,-10.837856,204.147568,47.248062,-2.837195,213.761612,36.989773,13.296059,211.709900,11.072659,28.253958,233.729065,25.113882,30.250654,219.271393,11.246331,54.303013,210.909424,-3.085336,52.759708,231.032501,9.890457,80.617401,212.936859,1.748298,80.015907,231.880981
711,3.731425,8.644580,234.700180,9.052091,-5.728047,236.514603,8.498214,-14.827234,226.659668,28.083778,-9.683796,204.127136,47.273506,-1.930026,213.405609,37.053272,13.270307,212.018692,10.742488,28.238092,233.178253,23.616539,30.516691,217.984695,13.145710,55.014538,206.295883,-2.902558,51.551254,229.709213,10.377104,77.853836,208.997864,0.262546,73.879295,226.513306
712,4.599321,8.327953,235.974747,9.744448,-6.641898,238.426300,8.871847,-15.041484,226.422943,28.299959,-8.995509,203.593826,46.737865,-0.637467,213.936462,37.278225,13.770477,212.603561,11.089190,26.873127,233.967178,24.231392,30.275202,218.488419,13.406206,53.128288,205.807907,-2.515541,53.370773,231.461334,13.943295,79.203712,213.894989,0.375382,74.012321,228.894394
713,3.341844,8.961484,235.208862,4.560153,-4.482761,234.796112,8.554037,-14.206969,225.999741,28.393387,-8.597497,203.504501,46.245045,-0.260132,213.059006,37.260624,13.662223,212.291870,9.819145,27.121790,233.134598,22.558367,30.214935,218.222336,16.257593,55.931351,214.052048,-2.538870,54.225960,232.872604,11.196622,78.596817,215.231003,-2.286223,74.704727,231.016129
714,5.610087,6.593526,235.187805,11.774150,-7.218993,240.736496,10.086452,-15.758926,226.186035,29.353237,-8.319538,203.857178,47.334270,-1.216450,214.756317,37.411369,13.338176,212.349442,11.324221,25.849640,233.873978,24.851284,29.876760,219.109390,20.530512,57.509838,206.624603,-0.764057,52.147022,232.997528,17.465059,76.438065,214.435760,1.154704,73.698494,230.751251
715,5.145643,6.430708,234.591660,8.957186,-7.077464,237.723129,9.898165,-16.455963,226.091583,29.951017,-8.982923,204.003250,45.992413,-0.926223,214.075485,37.579361,13.826062,212.942154,10.092943,25.042427,232.976364,23.838718,29.665735,218.999557,17.794071,56.320698,214.693329,-1.703397,51.886120,233.454636,12.265157,75.788383,215.986557,-1.178052,73.404243,233.080704
716,5.329835,7.176126,234.223419,9.897511,-4.779872,238.029144,9.732242,-16.686083,226.484833,29.898716,-9.089200,203.836533,46.995731,-0.968444,214.518890,37.312511,14.110903,212.950699,9.955973,25.278847,232.617035,24.288822,29.223131,218.729172,16.001144,57.044521,213.619385,-0.734512,50.084633,228.011078,15.239293,77.390739,214.786865,-0.137732,74.718834,231.879974
717,5.466467,7.524719,235.257019,10.112712,-5.326121,239.629669,10.158076,-16.801622,226.626816,29.955086,-9.622407,203.657440,46.206722,-1.239227,213.925125,37.595772,13.647167,213.150177,10.704802,24.733704,232.657074,24.179617,28.640024,217.595825,16.026899,55.030922,213.826492,-0.110442,48.140804,228.426270,14.039300,77.852180,213.204361,0.450933,74.414459,231.337219
718,4.903355,6.949449,236.015427,9.642083,-7.109456,239.588547,9.706306,-17.789738,225.134140,30.258791,-10.259012,204.149765,45.325283,-1.163252,213.006851,37.369053,13.944016,212.496826,10.825915,24.256002,233.203232,24.107389,28.657225,218.210922,13.967627,54.084465,212.257935,-1.307445,48.549015,228.416534,12.005786,79.010727,213.742661,-0.705565,76.549026,233.167023
719,5.068093,7.675667,235.661469,9.856172,-7.449053,239.404327,9.821811,-17.763483,225.046371,30.281881,-11.145147,204.526825,45.083366,-1.450403,211.433975,36.722088,13.961912,211.601547,10.320414,24.424978,233.150131,24.242924,28.777937,219.350861,15.541489,55.269550,213.075882,-0.429385,52.935856,235.172714,12.913568,75.039375,212.812332,-1.013551,72.573723,231.668839
720,4.765207,7.863480,235.454239,8.756848,-6.611045,239.211441,9.446961,-17.241215,225.408279,30.267023,-10.671497,204.399506,45.740452,-1.315856,212.652603,36.951656,14.251266,212.311035,10.304029,25.450405,233.202423,24.612139,29.334450,219.127533,16.893145,56.455502,213.183411,-1.045921,50.747364,228.746323,17.498697,72.788887,210.842865,1.096519,73.287903,230.035263
721,4.729974,8.709336,235.467896,8.760844,-6.061446,239.072372,9.500366,-18.695339,225.528000,30.133152,-11.513749,204.848694,45.243877,-1.074854,211.147736,37.043571,14.021094,211.865356,10.648117,24.430744,232.430130,25.178850,28.780403,218.727661,17.367016,55.928684,213.459000,-0.861528,48.659328,228.664719,16.214367,73.654205,211.789825,0.019164,69.047630,227.042236
722,3.274823,9.487255,235.441559,7.775742,-5.609889,238.527756,8.764057,-18.459282,224.722641,29.687546,-13.291072,203.944077,43.529957,-1.575266,210.132599,36.668846,14.497655,211.361679,10.728160,25.503859,233.065002,24.188959,29.117825,218.527435,13.265444,54.500397,210.825363,-1.716067,48.494392,228.614212,10.381501,68.811440,209.289505,-0.128971,67.067879,227.671097
723,3.727408,9.274393,236.575211,7.901224,-6.761447,239.202652,8.379610,-19.585667,224.176117,29.652422,-14.738540,203.955566,43.010395,-1.915110,210.103424,36.361958,14.764415,211.506012,10.359402,25.200752,232.526077,24.912851,28.151455,218.644714,15.016650,55.203655,212.553101,-2.043109,50.732288,227.577576,14.761848,73.501366,213.338943,1.726450,69.332405,229.080017
724,3.188238,9.033806,234.700546,7.168073,-7.164599,238.293091,8.243426,-20.231630,223.999069,29.932121,-14.640875,204.027557,43.199009,-2.259331,210.793915,36.564056,14.752383,211.948730,10.651803,25.319876,232.547318,24.802158,28.024439,218.607864,13.941457,54.836403,211.804993,-2.047988,53.841503,231.116302,13.361423,71.316353,213.507355,2.308083,67.598396,228.862839
725,3.040340,9.500317,235.979736,6.478014,-6.622890,237.668747,7.999308,-21.372505,224.269562,30.039612,-16.878668,205.276062,42.794205,-2.313999,210.432953,36.723793,14.743051,211.753113,10.642965,24.201839,233.045731,25.389320,27.391720,219.787308,15.084270,55.151943,213.887955,-2.441306,51.715000,228.143097,16.256939,71.085632,215.580673,2.791582,69.195435,231.725861
726,4.050897,8.144806,237.477859,6.630790,-7.820505,237.509659,7.713369,-23.631390,223.969009,29.421286,-18.659195,204.816010,41.745728,-2.803650,210.114426,36.227997,14.460382,211.163376,10.008838,21.879734,231.428497,25.257914,25.764637,218.922623,14.466094,53.331730,206.794083,-1.474351,50.214180,234.728638,14.912333,70.904869,213.055267,3.333878,72.521461,234.011703
727,4.112384,7.760315,236.882950,6.285936,-8.554993,236.721909,7.079631,-24.224253,223.284286,29.081411,-19.785416,204.586639,41.246925,-3.328722,209.562683,36.175457,13.879354,210.827011,9.870642,21.482021,230.507812,25.124043,25.357161,218.209305,15.100858,53.072845,206.002045,-2.191582,52.161240,232.352371,13.069356,69.489044,212.416412,0.671018,70.469971,227.673615
728,4.281998,7.372463,237.070770,6.549039,-9.065264,236.791489,7.314186,-26.340042,223.133072,29.394306,-20.291153,204.588654,41.307537,-3.714453,209.738663,36.203835,13.342841,211.185883,10.964379,21.460049,232.217758,25.343725,24.675016,218.260864,13.328812,52.741615,205.761444,-1.576856,52.464237,235.538895,12.080477,72.594513,212.886475,3.348055,74.394608,235.798721
729,3.882888,6.937704,237.182693,6.604226,-9.051459,237.328232,7.509728,-26.947418,223.412781,29.416351,-21.430918,204.393387,40.952404,-3.766999,209.545807,36.212257,13.487997,210.949249,10.537785,20.928425,232.359695,25.488241,23.606337,218.666000,13.318374,51.333122,206.512726,-2.564066,52.185421,235.713760,12.459040,77.712914,216.461304,0.375120,75.875343,234.224731
730,3.892134,8.203141,236.762451,4.810172,-9.081061,235.269699,7.269168,-28.851807,222.523880,29.118134,-23.205164,203.055679,40.630604,-4.092339,208.848679,36.189808,13.406758,211.008713,9.248556,18.867804,230.248459,24.910704,22.553633,217.266678,15.777615,51.612621,213.191635,-1.769463,51.428608,232.760208,14.608106,79.263695,217.784714,0.897908,76.797363,233.410492
731,3.957791,8.207721,236.230484,4.554413,-9.584937,234.717484,7.004192,-29.644087,221.972412,29.735306,-24.177961,203.383743,40.201363,-4.236690,208.781433,36.210888,13.605823,211.378326,9.131698,18.529165,230.571960,25.027184,22.112175,217.499542,12.001497,50.685940,208.654419,-3.049677,49.424210,231.909149,12.687661,74.809097,219.268524,1.232535,76.942329,234.572968
732,4.360954,7.541356,236.978287,4.681603,-10.184283,234.462997,7.107287,-30.046078,221.732559,29.954519,-24.241205,203.319061,40.565754,-4.254511,208.506012,36.548817,13.624621,211.286392,9.305567,20.186995,230.430862,25.188622,22.436991,217.101715,14.522626,52.726921,211.181778,-2.156796,52.055218,230.554596,15.039814,79.805664,220.816803,2.084282,78.777527,234.955658
733,3.922127,7.271318,236.735153,4.071913,-11.354462,232.114273,7.254238,-31.650616,221.618729,29.822279,-25.261644,202.240891,40.078548,-4.584427,208.896027,36.398762,14.278607,211.390671,9.170431,18.094519,229.601059,25.174274,22.016403,216.712296,13.162150,52.403610,207.425064,-2.221800,51.719738,230.813004,11.809503,76.286964,216.524567,1.117776,78.953476,234.287567
734,3.537234,7.444782,236.518356,3.122038,-12.823188,231.095200,6.560868,-34.733753,220.457596,30.228949,-28.905800,202.217682,38.233368,-6.038642,207.512939,36.617867,14.695194,211.379196,8.061558,15.802552,227.723236,25.040890,19.653095,216.896805,15.199133,50.654140,216.998047,-1.946178,48.987549,226.051804,13.816664,71.830574,217.254181,-0.171080,72.408485,231.701904
735,3.024507,7.312763,236.480576,3.410862,-13.384756,231.233475,5.986926,-35.668808,220.403320,30.511829,-30.956400,202.258682,37.448063,-6.504527,206.485016,36.598621,14.770442,210.738815,7.559172,16.196632,229.045486,24.839113,18.606239,216.519684,14.878836,49.735458,209.542236,-1.861433,48.453636,228.002335,15.456201,76.026001,220.343246,-0.927423,73.910606,231.289581
736,2.906124,7.120234,236.056274,2.784794,-12.341879,230.597565,6.003006,-35.765175,220.141327,30.811861,-31.713676,202.494598,37.122135,-7.271042,206.380707,36.283249,14.504496,210.785873,7.368849,17.144732,228.977219,24.383768,18.968231,216.202179,15.423015,50.652763,216.347214,-1.737516,48.478035,228.017624,13.412378,75.942955,216.704849,-0.541747,76.285202,230.951813
737,2.150697,7.830787,235.171570,2.310777,-12.357388,228.147079,5.699208,-37.816814,220.367096,30.722191,-32.877773,201.352844,36.172787,-7.233176,207.695526,36.228100,14.555768,211.106476,6.358106,15.779726,228.589966,24.078873,18.269457,216.731735,19.319832,50.279243,213.249939,-2.338139,48.410324,229.025589,15.547265,74.586258,216.750092,-0.338159,75.121735,230.394760
738,2.980138,7.466938,236.524078,2.587859,-13.032894,228.335312,5.919488,-39.596622,221.135529,31.076900,-33.516148,201.203384,35.957203,-7.176826,208.007568,36.276470,14.660066,211.033875,6.653080,14.980497,228.413467,24.400341,17.343359,216.203903,16.625175,49.419830,215.358521,-2.581806,48.290417,227.934921,17.383919,72.839661,217.527054,-1.313747,73.440430,226.103348
739,2.249727,8.557447,236.414078,2.678596,-12.850363,229.402252,6.071929,-39.258698,221.459091,31.058355,-33.088985,201.389648,35.573357,-6.636961,207.689453,35.671963,14.844504,210.844009,6.558400,14.864778,228.483292,23.373024,17.368086,215.589050,15.332825,48.071548,213.716888,-2.884796,47.663006,229.572693,15.911655,70.450211,216.914871,-0.687687,71.733612,229.091324
740,2.125274,8.929904,236.257965,2.813907,-12.502536,229.156555,5.903552,-38.641827,221.501450,30.934368,-32.910431,201.583237,35.160973,-6.526643,207.706131,35.486950,14.873533,210.829910,6.318951,15.303228,228.173843,24.179295,17.589821,215.845108,20.529787,48.044579,215.961548,-2.527977,46.911907,229.655930,14.945910,72.339561,216.037521,-1.350597,72.056221,231.517944
741,3.230109,8.139887,236.812439,2.122700,-12.914830,228.272232,6.051887,-38.676228,221.507812,30.792940,-32.635422,201.526047,33.238068,-6.173410,206.313187,34.960365,14.947245,210.788208,6.495111,14.915366,227.304367,24.107563,17.433475,215.669983,16.254011,46.814255,211.481796,-2.087368,46.646538,229.890167,14.767846,76.974342,216.900864,-1.772750,74.491402,231.787628
742,2.127776,9.264349,235.896927,3.088920,-12.456740,228.982910,6.545705,-38.598412,222.149200,31.172415,-32.653740,201.988205,34.681450,-6.005329,206.625137,35.440224,15.081566,210.880859,6.868212,15.203310,228.344177,24.023832,17.767948,216.015717,16.069141,48.236282,215.328369,-2.590496,49.202679,227.748627,13.882682,74.596581,215.901535,-2.046617,74.273178,228.246994
743,2.936486,8.057460,236.683884,2.587157,-12.601835,228.680725,6.514027,-38.467049,222.264313,31.188396,-32.640167,202.011475,34.870289,-6.254250,206.698120,35.662643,14.929383,210.904526,6.733306,15.351340,228.254761,23.970861,18.060869,216.012711,16.936312,48.467159,214.619812,-2.564255,47.890217,227.887894,14.442481,75.987198,217.414978,-2.450461,75.800026,230.526672
744,2.601582,8.955766,236.488373,2.625067,-11.342837,229.498337,6.390258,-37.620361,222.109665,31.266193,-32.229897,201.972595,35.235489,-6.099888,207.300369,35.604568,15.101928,210.852676,6.746771,16.177380,227.899948,24.300724,18.592175,215.816879,16.945404,50.026592,216.068695,-2.850177,49.667873,227.281830,15.028319,77.887589,217.788910,-3.283660,76.804512,229.299530
745,2.758852,8.455528,235.712769,2.500713,-11.134356,228.890717,6.433162,-37.618591,222.340256,30.928490,-31.905935,201.568283,34.940090,-5.712757,206.516281,35.520168,15.338997,210.128342,6.788765,16.213091,228.100266,24.201164,18.756712,215.649857,15.741967,50.942200,216.080078,-3.205618,49.909241,227.360535,16.428574,73.955254,217.798157,-2.486116,75.405327,228.819336
746,3.349535,8.639640,236.945007,2.421755,-11.309314,229.457626,6.186978,-37.617645,222.405563,31.019072,-32.064743,201.808334,34.662781,-5.751288,206.491531,35.828556,15.287519,210.555069,6.730808,17.007317,228.099701,24.156641,19.362568,215.812088,14.266642,51.396587,214.626968,-3.321589,49.669437,226.803070,14.077724,69.312050,213.597000,-2.290668,68.554222,223.616714
747,2.876239,7.692765,236.100769,1.711069,-11.999795,228.845627,5.952943,-37.472393,222.173325,31.307661,-31.900600,201.946411,35.739155,-5.623932,206.843781,36.044121,15.395574,210.977127,6.559760,17.152630,228.027939,24.576248,19.789612,215.967667,14.553022,52.215115,215.969910,-1.971047,51.785492,230.127518,14.297580,71.639153,214.721268,0.983931,68.391930,227.961014
748,1.861253,8.484442,234.531189,1.361432,-11.306556,227.678452,5.594893,-37.121510,221.610672,31.210846,-31.764004,202.115768,35.251167,-5.482315,206.573242,35.520573,15.523101,210.688095,6.178803,17.147135,228.020187,24.541706,19.956938,215.981049,17.686249,53.648190,217.309723,-1.148710,52.509075,229.462601,17.893879,73.277229,216.548584,2.164532,73.291832,232.355362
749,2.343035,9.050953,234.711594,1.321596,-11.128579,227.856308,5.455084,-36.626064,221.408386,31.233881,-31.543924,202.421936,35.651192,-5.337616,205.937378,35.747444,15.533195,210.415268,6.433017,17.008041,227.532669,24.541197,19.768764,215.897614,14.648582,53.610432,216.230667,-3.142433,50.315178,228.047287,15.847177,77.087357,219.300095,2.090885,77.267601,235.242996
750,1.766241,8.989202,234.234467,1.943531,-11.935305,228.442215,5.557309,-36.825520,221.506882,31.018707,-31.517954,202.351196,37.343891,-5.621928,206.771912,35.993763,15.543886,210.459061,6.482547,17.106672,227.574921,24.472769,19.977217,215.756531,15.130137,53.880486,216.143417,-3.017706,49.527176,227.671082,14.774772,76.702316,217.331406,1.996488,78.991592,235.237595
751,1.871857,7.443274,234.157303,2.135533,-12.557965,228.177322,5.639792,-36.414253,221.576904,31.175480,-31.322306,202.220322,38.067749,-5.857173,207.245575,36.046093,15.461916,210.424149,6.672672,17.045221,227.890869,24.099932,19.949902,215.589661,16.224550,53.935322,216.449982,-2.932952,49.286331,226.975662,17.377485,76.340843,218.966064,1.506727,78.725075,232.564163
752,2.370374,8.651625,235.235779,2.824436,-11.550993,229.142624,5.831270,-35.394352,222.064529,30.512136,-30.473085,201.753647,38.350189,-5.592183,207.518814,35.888721,15.505198,210.237656,7.374928,17.925924,228.277634,24.452766,20.455534,215.647705,14.014669,52.672955,215.937256,-1.723120,50.506084,227.782227,14.969782,73.694633,214.931580,3.065724,74.073364,232.283554
753,2.194434,8.062723,235.490372,3.014259,-11.569217,230.442596,6.256194,-34.735382,222.119751,30.883907,-29.722389,202.426086,39.041962,-5.538396,207.350159,36.053307,15.087912,210.801514,7.792217,17.946041,229.205536,25.043381,20.721682,216.493622,15.254753,51.426414,214.632874,-3.398520,49.991219,226.557159,17.526840,81.621574,220.446045,0.276102,77.981506,233.227905
754,1.790015,7.447633,234.500076,3.301296,-9.950310,233.346527,6.403712,-31.658739,223.350845,30.901606,-27.046000,203.763184,38.818928,-5.039283,207.143539,35.753181,14.431020,210.135010,8.500923,20.419779,231.487152,25.151245,22.766041,217.836044,14.653502,52.047523,214.576263,-2.618051,53.625019,229.827682,15.242372,75.777855,214.521759,0.684641,75.682167,234.964310
755,1.828525,7.852202,234.449326,3.541466,-9.769281,233.296814,6.254921,-30.764498,222.986252,30.618153,-24.979137,203.800980,38.826382,-4.289388,206.918945,36.184540,14.486520,210.884918,7.461377,21.537405,230.350861,24.557703,24.711845,217.038376,15.744519,53.330303,213.205399,-1.380996,58.022964,230.270599,15.924205,70.449341,212.541443,1.034718,68.714401,227.870148
756,2.298719,7.252929,235.076981,2.903929,-9.477041,232.588745,5.404873,-29.124739,222.382553,30.423136,-25.043800,204.020416,40.059811,-3.426103,208.307556,36.668636,14.279232,211.654785,7.817033,22.228865,230.306030,25.391930,24.833294,218.353027,14.922525,53.532513,214.081268,-3.227003,53.202686,227.654114,15.029874,77.597725,213.261749,2.096617,76.965904,235.055862
757,3.039963,7.534047,235.666977,3.555304,-9.552569,232.245743,5.901402,-29.362143,222.610626,29.806852,-24.449717,203.793747,39.425602,-3.290452,207.812531,36.433128,14.176257,210.875305,7.757487,21.145536,230.005325,25.044151,24.122513,218.278976,16.060184,54.137634,213.961090,-2.472615,51.027218,227.511719,15.912197,74.900543,211.147461,3.673027,80.389915,235.809372
758,4.211338,7.022612,236.234940,4.067187,-8.810830,235.398987,6.411169,-26.570387,223.436432,30.145523,-22.226196,205.170883,39.920609,-3.191059,208.748932,36.169945,13.989278,211.160919,8.122085,22.499582,230.879990,24.913219,25.185495,218.647675,15.168040,52.325279,205.207138,-2.992491,50.148117,230.990677,13.764610,77.270126,211.912094,1.075918,80.255302,236.832336
759,3.858396,7.260779,236.616699,5.025094,-8.296470,236.145508,6.067753,-23.989182,223.503967,29.992016,-20.819248,205.335342,39.590958,-2.791972,208.538727,36.713284,13.540039,211.500916,8.148684,22.292614,230.127258,25.046261,25.499043,218.812531,16.891722,51.097954,206.612518,-2.907522,48.604195,231.425430,14.601213,73.947533,210.705200,0.657322,79.571411,235.396027
760,4.010990,7.225076,236.445175,5.228655,-8.497155,236.205658,6.446774,-23.645763,223.844345,29.676119,-20.364697,205.130096,40.585445,-2.957083,208.895859,36.444130,13.458102,211.674225,8.475504,21.937687,230.813202,24.692327,25.284100,219.000092,16.087233,50.579159,215.966019,-3.026975,48.997795,230.560974,13.443971,74.843010,213.436722,0.268882,79.053833,234.122345
761,3.943114,7.759953,236.675140,5.255656,-7.657058,237.723297,6.600699,-21.842270,224.634933,29.916868,-17.863785,206.192566,40.801838,-2.638171,208.409286,36.388485,13.780731,211.802216,8.524796,23.981039,231.116058,25.006195,26.606890,219.141449,15.484618,52.170361,206.942871,-2.410632,51.104343,230.714859,15.817267,77.453865,213.944763,1.176101,79.694221,232.606033
762,4.171220,8.108459,236.606293,5.454491,-7.947671,237.917694,6.437483,-19.837708,224.552292,29.546736,-15.927977,205.943314,43.804596,-3.379686,210.671356,36.842068,13.896055,212.152084,9.160479,25.738592,231.858612,24.720818,27.640926,219.226059,14.486750,52.528435,206.892899,-3.018745,51.881481,230.879913,13.178977,80.109879,210.220459,0.898807,80.008255,230.551407
763,4.168986,7.299043,236.315704,4.997077,-8.315004,237.386139,6.665170,-18.828146,224.629547,29.627668,-15.576256,206.070938,44.222301,-4.153331,211.037064,36.753502,13.837708,211.522232,10.053988,25.600069,232.345520,25.728825,28.537020,219.042038,16.429455,53.030960,207.895355,-2.205411,50.773327,226.609970,16.176903,85.415039,211.609940,1.864700,82.102921,234.100372
764,3.948980,7.430874,236.100174,5.383168,-8.914798,236.935669,6.717386,-20.450621,224.772034,29.506880,-15.190314,205.992096,44.195171,-4.019009,210.493439,36.798580,13.730237,211.236084,9.946853,25.865105,232.230896,25.169542,28.965921,219.182846,14.953858,53.641953,213.239822,-2.469911,50.442287,226.547592,15.485966,80.062714,214.275986,-0.077844,81.576141,230.262329
765,3.822536,8.339234,234.908264,5.767776,-7.376187,236.089935,6.807129,-18.324562,226.438034,29.755119,-13.944039,206.651993,44.691780,-3.477998,211.085037,37.325378,13.773947,211.951859,10.677217,27.066189,233.730652,25.707436,30.010347,219.298035,14.530001,54.453175,214.306076,-3.150036,51.271885,225.639084,14.015171,74.019096,209.304138,-0.799639,76.248108,226.742783
766,3.861177,8.210534,236.037735,6.817120,-8.120916,237.306229,6.768723,-16.058872,226.417313,29.197340,-12.731914,206.047256,45.699364,-3.133455,212.407990,37.085011,13.841358,211.969055,10.481911,28.260756,234.581970,24.986111,31.463068,219.470306,13.316761,53.283543,212.368027,-3.391676,50.971634,228.243820,11.411343,77.853310,209.813736,-0.880166,74.979698,230.309799
767,4.271043,7.360054,236.389847,6.357438,-8.392439,238.970291,6.569404,-17.102388,225.793198,29.765989,-12.683619,207.054138,46.394863,-2.926445,213.293198,37.019997,13.600586,212.113251,9.743306,27.109890,233.232437,24.798313,30.527166,219.370453,14.566908,52.052608,204.086304,-3.335616,53.231503,233.408264,14.367970,78.302612,211.071411,0.064592,75.811302,231.316391
768,4.547567,7.652306,237.162704,7.829544,-7.941387,241.026672,7.083187,-17.486397,226.782166,29.428253,-12.358138,206.501129,45.895157,-2.807986,212.907181,37.554829,13.178707,212.448578,9.863241,26.993717,233.748367,24.918356,30.213240,219.482544,15.005755,53.209110,205.467865,-2.536727,50.202999,230.079391,13.972673,78.100342,209.722198,0.142699,76.572479,230.575439
769,3.741899,8.528253,236.041718,7.259966,-6.443500,239.956833,7.211951,-17.749836,226.386139,28.984007,-12.432032,206.445114,45.694237,-2.685273,213.342224,37.354088,13.101534,212.290909,9.376214,26.430025,233.147842,23.968973,30.036631,219.751373,14.930509,53.750637,208.225815,-2.490909,50.862263,234.506592,13.253935,83.669281,216.227432,0.279402,79.231674,234.194046
770,3.899046,9.022726,235.294861,6.774753,-5.193688,239.734818,7.020132,-17.473358,226.782303,29.408970,-12.574292,206.427536,44.700066,-2.354645,212.737640,37.045258,13.266490,212.212418,9.237022,26.420824,231.791016,24.303253,29.932835,219.014923,16.472927,54.332439,206.556992,-0.913143,50.261368,230.563843,13.676172,79.869164,215.894989,-0.813707,75.595337,232.002335
771,3.677736,9.856992,236.526886,8.026886,-5.370281,241.769089,7.511382,-17.935856,227.196609,29.377827,-12.803568,206.630188,45.195847,-2.214152,212.955276,36.926144,13.401170,212.116211,9.426488,26.183264,232.504608,24.117638,29.460863,219.062683,16.287287,55.145832,208.827026,-1.471923,50.858158,229.753632,15.311306,78.319519,211.653351,1.600276,79.129318,233.047150
772,4.537377,8.497510,236.801453,7.480839,-7.109518,241.371933,7.770099,-18.542402,227.175110,29.669714,-12.913277,206.757034,44.781395,-2.026412,212.043488,36.970123,13.407470,212.476151,9.703590,25.696236,232.832230,24.358727,28.991417,219.143219,15.595506,54.772518,207.012680,-1.268747,51.371445,230.095032,13.379560,79.103889,214.241257,1.441277,78.373154,233.341049
773,4.448820,7.921073,237.171112,7.233720,-7.689853,240.457657,7.663826,-18.245718,226.979660,29.480442,-12.904252,206.625381,44.536743,-2.047529,212.091492,36.856934,13.438725,212.469788,9.510126,25.829985,232.455887,24.104872,28.816370,218.888168,15.261385,53.486763,206.923981,-1.630706,49.351269,230.346313,12.955523,76.492119,213.817123,0.743062,74.834915,231.887344
774,4.461842,7.444647,236.776566,6.951560,-7.821021,240.919540,7.580064,-18.513124,226.507568,29.177031,-12.867767,206.079025,44.232445,-2.126568,211.982559,37.232491,13.778112,212.685257,9.910542,25.964329,233.333817,24.570457,28.773722,219.483032,17.095778,54.626259,214.713104,-0.315202,49.809052,229.577179,13.967728,71.463371,211.468307,1.002586,72.749893,230.767410
775,4.347364,7.988833,236.679672,7.712753,-7.851570,241.739059,7.484511,-18.844229,226.487808,29.490211,-12.832551,205.812637,44.317577,-1.537117,211.309906,37.030449,14.343162,212.666687,9.748736,25.776167,233.178146,24.663921,28.659330,219.469086,15.517880,55.565170,208.809265,-0.633392,52.056057,230.032776,15.134133,75.842094,213.551071,1.550791,74.339912,231.272614
776,4.325372,8.524343,236.734726,7.541109,-6.744181,241.168457,7.332035,-19.188082,226.012131,29.250546,-13.204787,205.646378,44.065674,-1.473896,211.576767,36.938976,15.077672,212.707809,9.910648,25.710804,233.132645,24.589720,28.819782,219.017731,16.500483,55.369514,208.136414,-0.441326,53.159920,235.525391,14.092293,72.816383,210.137955,1.183568,73.815636,227.844376
777,4.774393,8.323339,236.208237,7.400624,-7.920754,241.170944,7.366078,-19.715036,225.888077,29.489172,-13.847802,206.182358,43.952026,-1.612493,210.881592,37.007530,15.256568,212.119049,10.750587,25.025873,232.832367,25.754126,27.803318,219.586639,17.129539,54.588356,211.910141,-0.702818,50.487335,228.412918,15.013087,70.072304,208.478134,2.128617,71.582283,229.347870
778,4.020349,9.391481,234.595245,8.390105,-5.724567,242.378845,6.919554,-19.084953,225.887833,29.102798,-13.841823,205.207001,43.690552,-1.641727,210.518234,36.684155,15.084034,212.000656,10.416443,25.588451,233.131943,25.166918,27.993471,218.674622,14.645840,53.187325,205.979889,-2.119431,50.041492,231.641556,15.673849,75.745140,210.322769,2.982418,73.671257,231.877747
779,4.048235,9.165232,236.473618,7.470945,-5.843297,242.593155,6.700828,-19.552338,225.600739,29.360018,-14.262739,205.903778,43.317089,-1.465914,211.196060,36.572540,15.076958,212.440125,10.232331,25.072670,233.727692,25.160032,27.993479,219.962173,15.602492,52.690834,205.606140,-2.125075,50.316120,230.073181,13.745500,76.886696,213.676392,0.232620,73.864418,231.209534
780,5.186695,7.605901,238.814117,6.213900,-8.657156,240.031738,6.622581,-21.537418,224.708160,29.053909,-14.924587,205.578598,43.313873,-2.004997,212.197052,36.032097,15.156865,211.214462,9.631627,24.352627,232.405136,24.696390,27.263914,219.319366,17.236471,53.941582,208.760376,-0.974071,49.679001,230.165756,13.460138,74.650688,211.992905,0.590195,73.793732,230.444870
781,4.624289,7.680780,237.935410,7.276382,-8.409590,240.491394,7.021597,-22.751299,224.831528,29.360395,-16.139071,205.082642,42.155617,-1.905962,210.747345,36.182823,15.165305,211.142502,10.506585,23.997602,233.033569,25.507463,26.673126,218.853973,17.026613,55.711636,208.818710,-1.911001,51.151814,229.711166,17.888296,76.590561,217.657318,1.608966,74.408363,231.276901
782,4.123074,8.068351,237.497925,7.012290,-7.884819,240.138885,6.841424,-22.048615,225.049423,29.514135,-16.521082,205.381653,42.486679,-2.571360,211.205063,36.786713,15.066728,211.953674,9.816184,24.836098,232.311081,25.348478,27.293705,219.068817,14.593799,54.117611,207.102554,-2.394173,53.321514,232.602371,14.174183,78.497139,216.216202,1.988496,75.710342,231.897110
783,4.229909,8.351330,237.099121,7.029555,-7.480464,239.952347,7.059211,-22.324091,225.029922,29.535347,-16.845556,205.045456,42.444080,-2.202772,211.004623,36.820717,14.977364,212.358612,10.951400,24.437698,232.960297,25.500580,27.413303,218.600937,15.113759,53.935780,213.059433,-3.237287,49.841129,227.597534,13.626754,71.010979,211.555847,-0.543614,71.472290,227.241211
784,3.745238,8.478095,236.968994,4.657979,-8.434880,237.289902,6.235030,-24.532654,224.240494,29.895140,-18.932671,205.395584,42.150307,-2.518198,210.588181,36.824764,15.021189,212.297516,10.747462,23.801634,232.831009,26.736656,26.334145,218.339783,14.995969,53.517902,212.333572,-3.636229,51.477478,229.295898,15.835681,70.748299,211.221588,0.607286,69.084282,227.361435
785,3.666637,7.839782,237.671844,5.431364,-8.953359,237.947891,6.197161,-25.201630,224.024994,29.513184,-19.259533,205.029816,42.192673,-2.662027,210.915741,36.961082,14.818272,212.142517,10.557434,23.305626,232.346893,26.168304,25.815693,218.356094,14.558230,53.741161,213.260620,-3.127705,52.581314,227.583939,15.059821,71.904793,212.262192,0.517213,72.877007,230.579254
786,3.881259,8.116676,236.757874,4.499359,-8.626394,237.367706,6.565858,-26.114695,224.551315,29.513477,-20.166292,204.995010,41.589508,-3.117627,210.862030,36.977196,14.777101,212.349045,10.073264,22.745363,232.696320,25.783329,25.577236,218.641434,14.692239,53.611301,212.405319,-3.572383,54.734386,231.610458,14.816067,78.754478,213.451660,0.434339,76.051636,231.685638
787,3.617653,8.307203,236.337524,4.596496,-8.812668,235.867599,6.313174,-26.738268,223.750351,29.493052,-21.385357,204.950745,41.630497,-3.320161,210.640411,36.928329,14.779237,212.058609,9.516724,22.186796,230.860764,25.667765,25.001400,217.822876,14.741943,53.864941,213.645676,-3.479189,53.940437,228.334015,15.314172,76.063614,215.156021,0.010548,77.142738,230.877884
788,3.320041,6.837967,236.489548,2.454278,-10.530313,233.920532,5.758879,-30.404608,223.108490,29.416695,-23.740330,204.566284,39.614254,-3.251926,209.788422,36.823090,14.788917,212.859344,8.742697,20.625395,231.706375,25.477875,23.270235,218.246735,15.631743,53.672115,214.927200,-3.053154,52.161991,228.116058,14.357163,75.570290,216.441437,0.932013,77.364937,234.940765
789,3.665224,6.883944,237.205093,1.727120,-10.044172,234.562912,5.796292,-30.926947,222.682892,29.167536,-25.605167,204.093369,39.279243,-3.795518,209.276352,36.665215,14.541587,211.996628,7.805673,19.533129,230.754074,24.910604,21.892122,218.457474,14.021315,52.819920,208.596329,-1.725497,53.265862,231.337769,14.667125,80.718048,216.341736,0.043664,78.821457,235.773453
790,3.542010,7.778602,237.293747,2.677538,-10.403961,234.992508,6.079542,-30.694653,223.074020,29.237516,-26.033705,204.228149,38.616619,-4.195188,208.651016,36.545700,14.302526,211.540634,8.064510,20.562895,230.903076,24.683666,22.037947,218.362656,14.712319,51.815441,212.613281,-2.397304,50.684650,225.477280,13.137075,80.612083,215.643784,2.408322,79.804146,235.017441
791,3.556418,7.123178,236.646866,2.025434,-10.837684,232.597610,5.657972,-32.875423,222.888733,28.962767,-27.336967,204.153458,38.510361,-4.897315,208.637161,36.473431,14.224331,211.875412,7.484803,19.232841,229.856613,24.311649,21.002544,217.792969,14.613849,52.972466,215.530350,-1.964984,51.448944,228.304825,14.904128,77.202194,217.626648,1.391000,78.328712,236.075882
792,2.953290,7.929570,237.171082,2.500614,-12.053191,229.884460,5.222511,-34.470158,222.936859,29.026089,-28.995996,203.648712,37.824944,-5.800312,209.025864,36.183075,14.366982,211.126251,6.958863,16.516333,228.377777,23.629217,20.007429,217.133636,15.506537,51.675606,215.974426,-1.871000,49.673107,227.673309,18.012905,79.383720,221.223236,1.740187,75.365341,233.991837
793,1.390032,8.297985,236.592804,2.729429,-11.589002,230.877930,5.082187,-34.901348,222.638824,29.270939,-29.893248,203.449753,37.022823,-6.216871,208.720596,36.061714,14.497515,210.935959,6.658182,15.722376,228.428299,23.658840,19.367464,216.676102,16.093510,49.754837,217.038635,-1.964149,46.780052,226.827560,15.892570,75.331116,217.075684,0.346064,75.011734,231.309891
794,2.342383,8.207841,238.126053,2.673270,-11.995810,230.883820,4.969241,-36.105118,222.182098,29.205223,-30.703733,203.191620,36.888935,-6.317575,208.451797,36.058838,14.484411,210.516937,6.828880,16.125759,229.174774,23.934912,18.770039,216.831360,16.379517,49.400627,217.495285,-2.171770,47.117817,227.156952,16.256712,76.637375,221.111984,0.161267,74.453796,232.218597
795,2.923793,8.893444,238.379684,1.946325,-10.727489,229.978638,5.040805,-36.498341,222.363556,29.635187,-31.790426,202.926376,36.267075,-6.353974,208.318054,35.721775,14.760360,210.657532,6.387300,15.977642,228.674683,24.016363,17.850611,216.129791,17.243504,46.882725,214.996704,-2.787856,46.216618,228.513367,16.723871,73.619759,217.205780,-0.133542,72.536140,228.913101
796,2.943594,9.082807,237.460846,1.930609,-12.120913,229.136124,5.063520,-38.331516,221.832336,29.787952,-32.360924,202.585159,35.972496,-6.744678,208.873947,36.063690,14.743294,211.063965,6.730562,15.524965,227.818298,24.005703,17.543066,215.493835,16.782593,48.143368,216.667236,-2.663650,46.777237,227.415543,13.686684,72.850746,217.779205,-1.882134,74.232620,231.120010
797,1.773928,8.577482,235.499893,1.721181,-12.891472,228.893646,5.225717,-39.547180,222.069794,29.635498,-32.596951,202.354858,33.260727,-6.401726,207.242188,35.746239,14.734440,210.758469,6.158092,15.167480,227.275192,23.724491,17.277250,215.191696,16.135149,49.945610,215.774918,-3.505615,47.736557,226.868866,13.748610,73.088577,213.898590,-1.243016,75.303650,228.813034
798,1.918440,9.709579,236.345062,1.719266,-11.883216,228.800735,5.200505,-39.043556,222.482712,30.050047,-32.989426,202.557571,33.874046,-6.272594,207.209305,35.849316,15.117941,210.961533,5.775634,16.469236,227.715393,23.976242,18.314075,215.759796,16.133297,51.966297,216.432312,-2.905384,48.704254,227.298889,14.824405,76.678352,217.325638,0.047900,76.374863,230.333923
799,1.632715,9.272341,235.931610,1.405089,-12.025364,229.388199,5.512078,-39.032196,223.084854,30.224911,-32.864990,202.697876,33.438328,-6.181424,207.347855,35.629044,15.363987,211.013611,5.923126,16.293510,228.161423,23.614046,18.263151,215.703186,15.354122,51.873600,215.888779,-3.415698,49.549618,228.052185,14.923366,73.835342,216.114243,-1.345446,72.444168,226.019394
800,2.545663,8.594775,236.789490,1.195377,-11.794486,228.990891,5.483441,-38.991486,223.203415,30.251772,-32.635372,202.302307,32.966347,-5.966546,206.792618,35.819897,15.369021,211.101578,5.930322,16.321964,228.223450,24.050322,18.288584,215.823532,16.349966,51.535652,216.019562,-3.491161,49.413872,227.977493,16.193245,77.900375,219.245499,0.099462,72.680504,229.971771
801,1.613914,9.079647,235.309677,1.393640,-11.033157,229.207886,5.370786,-38.464546,223.345551,30.350460,-32.287708,202.477051,33.037453,-5.717001,206.770782,35.872665,15.596317,211.034958,5.839970,16.876104,228.179779,24.318264,18.800877,215.591965,16.749529,50.493900,214.790909,-4.039048,50.179485,230.064087,15.717545,72.146637,213.523499,-0.130220,70.350380,227.135223
802,1.964743,9.213690,235.960953,1.660027,-11.334028,229.381500,5.329421,-38.403942,223.324066,30.155270,-32.253109,202.540924,32.859241,-5.622358,206.565277,35.168652,15.681988,210.442871,5.937582,16.582434,228.001373,23.848461,18.829460,215.493515,14.606246,49.787937,212.526474,-3.117786,50.499496,228.588898,16.242676,75.737473,216.993546,-0.103184,74.585815,231.241364
803,2.093631,9.462076,236.392090,1.633709,-11.253378,229.427490,5.434469,-38.164085,223.594299,30.160416,-32.137615,202.651108,33.437462,-5.668887,207.178864,35.294479,15.817936,210.602737,6.032624,16.460672,228.558350,24.143179,18.719219,215.973907,14.769932,49.661789,214.764725,-2.870232,49.767506,227.715836,16.809156,74.585419,216.063934,0.360960,75.753983,231.574921
804,2.616926,9.521592,236.624359,1.240722,-10.981721,228.691376,5.016314,-37.594769,222.956863,30.252804,-32.350536,202.670959,32.533314,-5.528028,206.495850,35.092911,15.739559,210.314758,6.272397,16.359386,228.031631,24.369965,18.630066,215.741638,14.404276,50.611412,214.721619,-2.652683,50.434776,228.915009,15.518492,76.614502,215.423141,0.005574,76.024216,228.718094
805,3.493355,8.378533,237.045380,1.606786,-11.782917,229.171143,5.114185,-37.751667,223.004822,30.408817,-32.321522,202.687012,34.413898,-5.659918,207.343643,35.782955,15.868434,210.791306,5.764977,17.117975,227.739792,24.413815,19.177357,215.663605,16.095798,52.170845,216.043976,-3.954959,50.497643,226.840576,17.091267,75.967834,215.780197,0.508259,76.726746,227.077789
806,3.437105,8.746957,236.868301,1.908567,-11.799829,229.312958,5.068021,-37.631031,223.078400,30.508232,-32.141850,202.685257,34.868332,-5.621192,207.570099,35.918171,15.779436,211.051102,6.118072,16.907013,228.192795,24.648865,19.151714,215.851608,16.657579,52.513554,216.678314,-3.423494,49.778164,227.782822,18.232712,79.895943,219.066010,-0.261832,79.060356,230.512787
807,3.362086,8.572129,237.318436,2.238416,-11.982344,229.383926,5.106858,-37.686485,223.100494,30.485220,-32.252445,202.825897,34.891155,-5.559140,207.458191,35.714069,15.767346,210.545990,6.292262,16.529129,228.064987,24.509121,19.054871,215.959198,15.665739,51.404526,215.000305,-3.604213,48.547638,227.226257,17.296391,80.020126,217.730789,-0.807456,80.700073,231.343079
808,3.575472,8.612720,237.952774,1.947965,-11.720341,229.520493,5.106673,-37.640827,223.235672,30.485624,-32.234009,202.673233,35.118576,-5.465973,207.250488,36.044109,15.915493,210.660980,6.385453,16.611115,228.334778,24.703442,19.046574,216.081299,17.107271,50.549168,216.099731,-4.045871,49.758293,226.678986,17.443325,80.509064,218.900879,-1.700410,81.399582,230.962723
809,3.252804,8.204502,237.077042,1.751644,-11.996357,229.283234,5.072798,-37.709343,223.124130,30.327480,-32.207634,202.758438,34.755291,-5.488109,207.301422,35.547558,15.861106,210.582199,6.329305,17.045893,228.444870,24.214479,19.346806,215.781586,15.885306,51.694454,215.997147,-4.580180,51.089489,227.240158,18.221664,81.034142,218.171326,-2.024107,81.354942,230.451324
810,2.624117,9.465636,237.428818,2.216946,-11.191656,229.698486,5.100950,-37.439484,223.162598,30.359608,-32.160725,202.381607,35.552818,-5.512553,207.328613,35.469818,15.869023,210.013840,6.558818,16.687950,228.332001,24.712713,19.115265,216.056549,16.400551,52.044853,212.713409,-3.630017,49.949341,227.581894,18.977243,81.838943,220.924576,-0.532954,81.131149,231.631165
811,3.007054,9.446110,237.593521,2.151184,-10.743563,229.946732,5.006279,-36.834724,223.458008,30.485096,-31.960356,202.991150,36.200954,-5.495634,207.281769,35.583904,15.832834,210.438736,6.357283,16.677448,228.329758,24.518944,19.019060,216.631729,16.386375,50.815525,216.026245,-3.529519,49.511448,225.934540,17.722511,79.704613,219.522110,-1.311181,79.577057,228.772903
812,3.002880,8.644900,238.123108,1.982575,-10.980529,230.291321,4.762742,-36.709335,223.441879,30.374268,-31.841501,202.976501,36.231304,-5.599977,207.467819,35.197163,15.708067,210.163834,6.647271,16.309887,228.703766,24.711988,18.840271,216.786285,14.879368,49.634048,212.425217,-2.979332,50.573044,228.492767,15.954202,75.378540,217.265747,-1.356455,76.798645,228.074921
813,2.515913,10.201935,237.856735,2.058563,-10.038565,230.552536,4.548354,-36.130627,223.388657,30.192083,-31.356356,202.708527,36.943855,-5.533422,207.298920,35.840523,15.400170,210.385056,6.473280,16.774656,228.759781,24.776960,18.956224,216.723907,16.516020,49.871719,213.346573,-3.203481,50.188251,227.383804,16.405079,75.501411,217.687744,-1.457508,75.866669,229.541595
814,1.728618,11.478460,236.579666,2.102739,-9.716471,230.482925,4.403211,-35.909271,223.127136,30.034317,-31.103155,202.674103,37.222771,-5.665611,207.933975,35.954994,14.771523,210.431198,6.464809,16.773649,228.715714,24.394846,19.108347,216.398773,16.974258,49.828533,213.039993,-3.502676,50.183949,225.653442,17.462702,79.561783,220.812622,-1.700530,77.586090,228.741562
815,1.852229,10.129125,236.657532,2.261919,-9.812111,230.544083,4.474128,-34.538738,222.247482,29.789898,-29.883339,202.777588,37.398369,-5.544979,208.430923,35.867622,14.592840,210.773270,7.199938,17.345959,229.019272,24.948837,19.780321,217.231613,16.850985,49.955425,212.926147,-3.483485,49.851482,226.273865,16.044502,81.911896,218.252548,0.040902,81.378334,236.081451
816,2.020916,10.280393,236.742813,2.397591,-10.142867,231.417755,4.510496,-34.041706,222.460938,29.649311,-28.497671,202.713593,37.492271,-4.871878,208.562454,35.745255,14.612620,210.967316,7.148996,17.589333,229.270935,24.974552,20.639982,217.577866,16.324982,50.590679,215.381149,-2.393377,50.731274,228.592392,16.102257,80.722794,220.453873,-1.082501,81.556755,233.029816
817,2.225468,9.490069,236.473206,2.406842,-9.833399,230.930542,4.513522,-33.531807,222.543457,29.436474,-27.969053,202.766205,37.703007,-4.526176,208.969879,36.444988,14.419276,211.744415,7.342624,18.378115,229.172913,25.491423,20.863260,217.896683,16.756538,49.989674,217.457474,-4.743282,47.978325,225.820190,14.929452,77.075500,219.041870,2.187507,74.331612,234.171051
818,1.886309,8.246887,235.325745,2.694418,-9.826700,232.232254,4.397181,-31.710949,222.532745,29.414841,-26.312748,203.388214,38.267349,-4.065772,208.213425,36.671211,14.242341,210.825165,7.044677,19.505188,229.994034,24.843346,21.933426,218.032928,15.984302,51.642696,213.997452,-2.850594,49.753338,228.881943,15.326253,76.983147,218.045227,0.439050,76.677429,236.398270
819,1.932178,7.562310,236.594803,2.912272,-10.380238,231.871902,4.612735,-31.543047,222.758850,29.099070,-25.200573,202.901657,38.025459,-3.605307,207.872757,36.318363,14.167645,210.708298,7.421340,20.078175,230.318893,24.647600,22.593311,217.347900,14.963054,53.239449,215.710495,-3.713758,52.036747,230.289230,17.362040,73.867912,217.139694,3.630903,74.948555,237.957809
820,1.110818,8.249457,235.349945,2.706959,-9.960200,231.757935,4.661846,-31.240391,222.947876,28.885294,-24.620495,203.054108,38.680569,-3.304584,208.369705,36.685387,14.156425,211.649307,7.294955,19.687811,229.514664,24.239836,22.450563,216.998840,15.573239,52.880039,213.090073,-4.319083,51.386330,225.884262,17.671677,79.005318,219.819672,1.559758,76.448669,236.779037
821,1.690352,7.941131,234.984451,2.709673,-9.845388,232.339813,4.564589,-30.471203,222.486130,29.220671,-24.040543,203.378128,38.974876,-3.231611,208.393494,36.679993,14.205701,211.015396,7.551858,20.106945,229.496140,24.592834,22.687069,217.554642,16.221262,50.120647,215.847519,-4.519917,49.819775,229.380249,15.215284,74.190727,213.525452,0.360537,72.499542,232.807877
822,2.424177,7.268738,236.324127,3.019983,-9.288879,234.690323,5.207130,-28.592613,223.750504,29.798616,-22.886850,204.678177,40.227802,-2.931569,208.508331,36.939686,14.193856,211.714691,8.050492,21.026844,231.220993,25.086706,24.066399,218.555283,16.611980,47.262722,214.796860,-4.989305,47.631618,228.202606,16.937572,70.525528,214.919464,1.759817,66.047112,226.539429
823,2.828135,7.544811,236.544418,3.853472,-8.467013,235.561188,5.172290,-26.021790,224.145798,29.671114,-21.780605,204.663986,40.608315,-2.581913,209.413834,36.789974,14.343327,211.310562,7.857279,22.518923,230.745361,24.303797,25.714832,217.615021,14.289284,49.236370,204.201904,-3.258598,49.660362,231.836273,15.148355,71.733635,212.256165,2.157237,67.779961,231.425598
824,2.897046,8.057900,236.438263,3.543229,-8.615921,234.609497,5.131846,-26.903530,223.768616,29.309526,-21.238964,204.337738,39.967556,-2.596308,209.368271,37.024124,14.117405,212.447388,7.472703,20.747046,230.089432,24.623539,24.397081,217.799652,17.029558,50.320206,206.421463,-3.001641,51.303799,232.440216,15.487770,74.427582,214.931351,-0.603086,72.273842,230.754440
825,2.872959,8.249257,237.057541,3.872817,-8.954027,234.849884,5.247889,-27.777893,224.054367,29.360584,-20.823963,205.049118,39.836666,-2.741398,209.328186,36.903923,13.833864,212.124756,7.711518,21.052946,230.910614,24.810831,24.155039,218.384537,16.745855,48.397022,206.623840,-4.709367,49.035572,231.108826,13.391667,70.709915,211.261841,2.061303,72.303291,233.965134
826,3.711927,7.763507,237.682281,4.287815,-7.846827,237.980606,5.545608,-23.960436,224.927353,28.790821,-18.278328,205.861710,41.374676,-3.018735,209.954300,36.670406,13.813965,211.500488,8.262609,24.877619,231.539261,23.854822,26.650784,218.610168,13.263009,52.493553,207.705139,-3.707983,53.540455,230.462128,9.899776,73.195114,214.434311,1.460323,72.981232,234.118820
827,3.559576,8.684601,237.521744,3.998912,-7.188941,238.244781,5.319691,-22.010836,225.179947,28.546057,-17.294359,205.786026,42.248314,-3.009317,210.194443,36.740627,14.112408,211.972778,8.340912,26.088673,231.440536,24.094172,27.875637,218.106567,14.003848,55.414169,214.847122,-2.945783,54.710903,225.884781,10.179262,73.355751,210.769699,0.841379,75.811813,228.891693
828,2.875945,8.681696,236.291306,4.851406,-7.312010,238.186188,5.287531,-20.714272,224.670471,28.476395,-16.879028,205.912308,43.115097,-3.033584,210.404312,36.914757,14.179548,211.767181,8.717732,25.419537,231.513153,24.734861,28.512863,219.358856,14.751143,55.541355,213.187500,-3.271685,54.181484,228.389465,16.575834,81.300499,215.307434,2.687166,79.767479,231.369904
829,3.735260,8.744277,235.882401,6.059654,-7.749825,238.461624,5.982553,-19.443966,226.857895,28.425119,-14.673408,206.615906,43.409729,-3.878171,210.637283,36.984257,13.924363,212.273758,9.187079,27.423170,233.251068,25.042305,29.501787,220.477493,14.010092,54.752556,212.002899,-3.126376,54.978806,230.173126,15.958035,83.551567,213.943298,2.976880,81.968254,234.089737
830,3.042915,9.162395,235.508896,6.204090,-6.425384,239.498001,5.747147,-17.505760,226.987076,28.363720,-13.091445,206.093674,44.537544,-3.396818,211.551788,37.253666,14.485122,212.675690,8.825101,28.055277,232.312698,23.669970,30.072981,218.661987,13.416004,55.004620,212.504547,-1.381067,54.714478,229.959625,13.608151,82.765930,211.242477,1.594464,82.175835,229.577744
831,2.774499,9.000865,235.354553,5.558734,-6.333839,238.330383,5.867364,-16.945704,226.806854,28.274229,-12.653386,206.725479,44.092922,-3.098102,210.713943,36.758587,14.806897,212.162949,8.768615,27.810186,232.751968,24.235563,30.222794,219.561249,14.293055,55.449600,212.301025,-2.773533,54.801125,231.644302,16.359888,81.771652,211.133362,3.336538,82.351685,232.710251
832,4.367910,6.508118,236.296341,6.859765,-7.301585,238.729538,6.096806,-17.162893,227.421692,28.160645,-12.705939,206.411346,44.680088,-3.327989,211.801941,37.060394,13.811268,212.238846,8.842093,26.997622,232.636719,24.028261,30.333385,219.421921,15.744902,55.798882,212.902786,-2.162457,54.281639,231.509262,16.721228,80.401833,213.402908,1.844134,81.310837,231.703903
833,3.671029,8.256778,236.147537,6.838172,-5.459904,239.118286,6.108274,-16.144857,228.143936,28.247021,-12.082599,207.014954,45.063831,-2.898867,213.547913,37.315720,14.143079,213.605850,8.737014,27.683592,233.636032,23.541615,30.147034,219.742767,15.566607,54.049221,204.999588,-1.675641,53.729168,233.155594,14.127430,78.005424,211.869278,0.559921,78.883400,231.419098
834,3.549224,8.931953,235.838943,8.217332,-5.424896,239.373184,6.310010,-16.820780,227.537949,28.412909,-11.055499,207.049759,44.089230,-2.218654,213.382980,37.189678,14.608265,213.538040,8.809353,26.812065,233.148590,23.976770,30.103662,219.927505,19.411880,54.878887,206.553009,-1.464802,53.227158,234.380173,14.922091,80.868904,214.111191,0.347715,78.339836,231.781311
835,3.157722,10.875331,236.909149,8.379531,-2.902759,240.496704,6.733644,-16.112183,228.550980,28.330523,-10.775476,206.232208,44.341850,-1.183644,214.215591,37.299828,15.219237,213.556625,8.973866,26.513817,232.857590,24.353119,29.964289,219.678574,20.554337,55.165707,207.176865,-1.439396,50.260704,234.502975,15.510573,81.278519,212.691284,0.828841,79.811981,233.307495
836,3.980927,10.214894,236.886780,9.533383,-3.100301,242.373856,7.442519,-16.628056,229.131958,28.634195,-10.706347,206.370789,44.061180,0.090824,214.120880,37.487503,16.010569,214.090164,9.607548,27.420547,233.817673,24.297422,30.508018,219.879913,16.203032,55.634956,207.576096,-2.303475,50.969330,229.444839,16.048450,79.198845,213.610352,1.461940,78.796280,230.493393
837,4.445193,8.409338,237.838318,8.518776,-4.884024,241.856186,7.429314,-18.159534,229.042831,28.484188,-10.529267,206.605087,44.129379,0.345684,214.192917,37.194332,16.603592,213.986740,9.177955,26.864737,233.913651,24.465370,30.434498,219.856644,17.586203,55.783009,207.857208,-1.944454,51.313953,230.142700,16.525991,79.660095,212.829605,1.549191,78.182045,231.153961
838,3.670595,10.072811,237.854935,8.359310,-2.839398,242.402023,7.237909,-17.416340,228.782990,28.425779,-10.968037,206.629425,43.549881,0.659415,213.945694,37.534180,16.510820,213.843018,8.976603,26.779703,234.008896,24.529251,30.375978,220.458801,17.300646,55.476952,207.084854,-2.222925,50.671757,232.112991,16.449131,80.374001,215.347412,1.464195,79.095894,233.553268
839,3.870737,9.301157,237.679977,8.104860,-4.195108,241.795013,7.020055,-17.975199,228.538971,28.491583,-11.344306,206.765503,43.720062,-0.160763,213.853424,37.683655,15.728601,214.142426,8.963741,26.505486,234.257462,24.789444,30.205818,221.190643,17.555113,56.177200,212.029327,-1.225458,51.333992,233.131882,16.025541,79.497337,214.723602,2.478871,78.694962,234.607559
840,2.929560,9.574728,236.925049,7.707404,-3.987595,241.152542,6.888412,-17.239090,227.549774,28.012781,-11.697205,206.263245,43.266743,-1.380876,212.720718,37.027996,15.080118,212.875595,8.700018,27.326523,233.154953,24.031923,30.227938,220.321976,16.000908,54.670078,207.940811,-1.911276,50.699577,235.719620,16.544714,77.925758,219.199402,1.075280,76.738884,233.436310
841,3.984101,8.233818,238.019791,7.567185,-6.526628,240.449005,7.170218,-18.309669,227.986954,27.918135,-11.948539,206.298370,43.700558,-2.086586,212.895218,37.645447,14.868347,213.483322,8.606402,26.603897,233.407669,23.727907,30.105772,220.392929,14.382589,53.870884,206.144913,-1.774717,51.664177,235.881409,10.484655,75.830780,213.341431,-0.332143,74.818138,232.511444
842,3.829775,7.529345,237.004166,7.387002,-6.665210,240.383194,6.478725,-18.058805,227.586639,27.966713,-11.575525,205.565811,44.068569,-2.264884,213.273605,37.143513,14.794016,213.445602,8.695146,27.072027,234.216858,24.115702,30.252111,219.944595,16.181976,53.575203,204.257675,-1.804176,52.998943,237.716675,14.400601,76.050278,210.788284,0.207131,74.707657,232.193176
843,3.624974,8.773090,236.989822,8.498739,-6.674711,242.019135,7.257963,-19.380543,227.657196,28.034607,-12.013962,205.915985,44.434685,-2.634075,213.405899,37.554474,14.947916,214.055115,9.411982,26.404696,234.233856,24.139755,30.155449,220.334259,18.770578,54.999710,208.116470,-1.543533,51.733578,230.472855,14.477232,76.022751,216.707870,0.383033,74.487320,230.485596
844,4.082084,7.230923,237.941132,7.471048,-8.290846,240.582947,6.818481,-20.595299,225.885162,28.359394,-13.222510,205.545456,43.440727,-2.505924,211.136551,37.192020,15.153836,212.711411,9.236510,25.633820,233.400009,24.358927,29.118690,219.597549,16.002342,54.583321,207.268143,-2.002499,54.240116,234.115402,15.626018,76.525978,214.166733,1.229976,73.412720,230.729919
845,4.520339,7.212735,238.566406,7.444166,-8.988541,240.231888,6.518443,-21.617180,225.119766,28.334681,-15.041211,205.208557,42.742203,-2.646840,210.222870,37.107151,15.134040,212.087494,9.222178,24.319351,231.961685,24.320303,27.924191,218.972839,15.292550,54.962666,209.771454,-1.349579,52.066563,228.359985,16.493357,73.561478,212.607758,1.713904,71.863495,226.103043
846,3.864036,8.256290,237.208572,8.076606,-8.696605,240.959457,6.451445,-22.297607,225.330948,28.287291,-15.626476,205.113083,42.468506,-2.860044,209.342087,37.034687,14.917722,211.621811,9.233074,24.808386,232.119720,24.124109,28.066900,218.615906,15.381730,54.926865,212.156921,-1.754719,51.470406,226.954590,16.942657,75.189560,218.245941,2.841989,73.927597,228.990204
847,3.692273,8.608152,237.751373,7.111901,-7.594726,240.179398,6.228100,-23.255507,224.809875,28.410404,-16.322741,204.428085,42.156067,-2.669681,209.682922,36.915771,15.048863,211.879105,9.464222,24.489210,231.756195,24.702436,27.428209,218.394440,13.940102,54.175907,212.314667,-1.920893,52.616669,229.282791,14.862012,73.029671,214.623444,1.117923,73.158356,226.572968
848,4.250694,7.671597,238.138641,6.357692,-8.759208,239.587006,6.546562,-24.633663,224.742416,28.674294,-17.228975,204.537384,42.189999,-2.735200,210.045883,36.845726,15.141457,212.006378,9.477618,23.979053,232.364304,25.381077,27.019726,219.389771,15.462099,54.089832,211.824707,-2.286065,53.564812,232.063583,16.725677,74.307304,217.311859,2.670822,74.985497,230.657150
849,3.772582,6.987296,237.598511,5.888149,-9.084744,237.955673,6.491179,-26.635843,224.292999,28.473408,-18.485630,203.969635,41.946861,-2.986959,209.878418,37.203373,14.939355,211.901993,9.084749,21.501135,230.989609,24.535072,25.863939,218.152740,15.657680,51.799297,215.048157,-3.673864,51.052711,231.459488,10.510244,69.803513,212.999176,0.301831,69.880974,227.811005
850,3.641214,7.066955,236.186127,5.045075,-9.662572,235.878799,6.411100,-28.518320,223.217239,28.362692,-19.821030,203.994278,41.806568,-3.411555,209.955460,37.446228,14.719088,213.328827,8.815390,20.407032,230.741013,23.758617,25.060314,218.111526,11.221916,50.268166,212.173462,-2.304063,51.024220,229.206970,7.372600,69.335266,211.582672,-0.632365,70.185501,229.357086
851,3.727374,7.318658,237.296432,4.092823,-9.953152,236.100800,6.126807,-29.616735,223.095535,28.494408,-20.721777,204.290848,40.315819,-3.413059,208.115540,37.309017,14.261969,211.914917,8.497453,19.685366,230.556946,23.830450,23.349703,217.557571,13.189813,50.766628,206.912369,-2.662423,52.122269,230.669479,13.793325,77.304749,216.419662,1.732252,75.451439,235.053299
852,3.141298,7.173542,236.634415,3.704638,-10.214908,236.021271,6.539264,-30.132912,223.283447,28.621336,-22.036341,203.646576,39.486195,-3.243000,207.376404,37.185246,14.281816,211.255356,8.528586,19.608322,230.723251,23.916334,22.909206,217.698135,13.306994,51.675236,207.514297,-2.520398,51.340946,230.362625,11.648259,76.090797,215.710129,1.474432,75.596733,234.535416
853,3.561981,7.195776,237.230606,3.126216,-11.001187,233.018936,6.599539,-32.253937,222.633392,28.678736,-23.893736,202.838989,38.454159,-3.419165,207.810074,36.830872,14.280465,211.354385,7.603431,17.696339,228.809708,24.039951,22.055689,217.338959,16.498262,48.682392,215.252289,-2.410969,50.006950,227.994263,15.999674,74.510101,219.460007,0.897520,73.518059,230.055725
854,3.068369,7.493656,236.983612,3.135727,-11.980566,233.418106,6.082579,-34.630894,221.913605,28.782190,-25.175249,202.731186,37.441051,-3.895222,206.701141,36.851456,14.396297,211.008926,7.453427,17.907373,229.159424,23.409107,20.759710,216.147293,15.169518,46.362713,214.640366,-1.930887,48.930428,227.976532,14.434072,72.805618,218.355682,0.831161,71.979729,231.375229
855,2.637511,7.277541,236.225937,3.307111,-11.162196,233.393784,5.998853,-33.646229,222.830643,28.468809,-25.191023,202.568344,38.708881,-3.924110,207.393265,37.046803,14.364797,211.352707,7.979928,17.727720,229.744522,23.895506,20.464363,216.403427,13.601696,47.601650,212.933899,-1.871476,49.253166,229.685242,13.919733,73.174446,217.106750,-2.116195,69.992737,227.860016
856,1.557490,8.426675,236.922623,3.055032,-12.621371,231.166458,4.993300,-35.660557,221.332092,28.540009,-28.355227,201.703140,36.102814,-5.236002,207.200638,36.304115,14.372082,210.246552,6.525477,15.559242,227.604446,23.296257,19.094337,215.498413,14.302258,47.547630,215.849380,-2.969358,47.779121,227.224533,13.942043,75.089455,220.679398,-0.462415,73.175644,232.096985
857,1.334165,8.290758,236.704376,3.237960,-12.998837,231.421814,4.986868,-36.463787,220.809448,28.831223,-28.816101,201.618027,36.484501,-5.148892,207.235550,36.266582,14.506450,210.200302,6.987442,15.876447,228.404739,23.568577,19.031509,215.552719,16.621571,48.900753,217.544983,-2.704355,47.341114,227.753082,14.883053,76.890366,221.539169,-1.066571,76.789597,230.421280
858,2.961694,7.125067,238.449478,2.305871,-13.525038,230.866180,5.034916,-37.688477,220.739548,28.778549,-29.482399,201.525620,35.900066,-6.077129,206.859467,36.163826,14.354925,210.302856,6.713206,15.665008,228.695923,23.859058,18.094255,215.891205,17.106400,49.377243,218.464020,-2.170763,47.841625,225.706589,16.556540,77.916321,224.304459,-0.679369,76.798973,232.009186
859,2.589019,7.643606,237.806427,2.323489,-13.162596,230.112167,5.149454,-37.908066,220.905502,29.215790,-30.665512,201.556229,35.711521,-6.496330,207.306885,36.052814,14.349907,210.518372,5.971266,15.231421,227.984329,22.778807,17.873560,215.698044,15.604650,49.587967,214.230072,-1.910149,49.284546,228.938583,14.595812,78.481453,220.460281,-0.659126,78.840050,233.379150
860,2.951259,6.177317,236.974091,2.404645,-13.360976,229.938889,4.690401,-38.962391,221.392578,29.549889,-31.883783,201.167709,34.330475,-6.787475,207.277222,35.867661,14.297576,210.712204,5.296051,14.953650,227.673752,23.289785,17.508656,215.371216,19.975546,52.045624,218.478195,-2.994246,49.560757,228.123566,15.793121,81.175941,222.248062,-1.182423,79.382713,231.772003
861,3.222029,5.176859,237.274673,1.692295,-13.049802,229.644531,4.609273,-39.232758,221.883804,29.410215,-32.021477,201.186356,32.932732,-6.433458,206.650909,35.565319,14.466181,210.960144,5.397471,15.580602,227.451401,23.329470,17.739204,215.089111,16.245014,49.701572,212.556152,-3.085109,48.678509,228.112946,13.670524,79.418175,219.251312,-0.412253,78.355621,230.629913
862,1.858868,6.686190,236.581146,0.668801,-11.041735,228.685577,4.681794,-38.553356,222.237015,29.673784,-32.404648,201.525604,32.706589,-6.238431,206.181091,35.674648,14.621841,210.690842,5.326166,16.441090,227.583908,23.425236,18.523964,215.287262,19.876785,50.782646,215.599716,-1.947094,48.294647,228.882538,13.905085,79.092056,218.689896,-1.089983,77.763527,232.261612
863,3.485919,5.520009,236.646347,1.462675,-12.199736,229.052551,4.526592,-38.367062,222.132965,29.390326,-32.466129,201.284439,32.837276,-6.044368,205.726685,34.839451,15.195679,210.225922,5.987730,16.401207,226.684982,23.453403,19.198637,214.589310,16.037643,51.923519,215.916519,-2.497245,50.252895,228.083450,12.876609,79.883110,218.514145,-1.912213,80.761429,229.756409
864,2.091949,8.420595,235.171158,1.354731,-11.257448,228.482239,4.945192,-38.208385,222.190308,29.207064,-32.533978,201.289505,33.703182,-6.044558,206.493118,35.768665,15.214089,210.613571,5.424042,17.304478,225.924454,23.227459,19.604357,214.276489,16.262907,53.306992,215.410324,-3.246684,51.889095,226.761185,15.805876,83.959938,219.981644,-2.291651,84.121521,228.517517
865,3.582142,7.292925,237.421768,1.649841,-11.060159,228.563217,4.940120,-38.082550,222.311691,29.248775,-32.396244,201.301651,33.104465,-5.784678,205.887848,35.146515,15.411254,210.118164,5.146100,17.305231,226.076233,22.997129,19.756319,214.295853,15.305077,52.496807,214.619995,-4.034603,51.040184,226.470093,15.284636,82.391693,218.060486,-1.833583,84.356964,229.381836
866,3.766339,7.192474,237.702454,1.938974,-10.983619,228.977737,5.150784,-37.632305,222.637100,29.063442,-32.390030,201.254684,32.925701,-5.825788,205.709351,34.860123,15.419945,209.944839,5.872638,16.448832,226.626526,23.766970,18.973381,214.697021,18.064560,50.039181,216.734863,-4.117909,49.368889,226.515289,16.794075,81.883018,220.767807,-3.803656,82.609680,228.253403
867,3.786812,7.251875,237.420959,1.986499,-11.155943,229.255875,5.322179,-37.681370,222.651474,28.987709,-32.293625,200.809311,32.744606,-5.740150,205.663269,35.047256,15.600815,210.157730,5.749616,17.152737,226.783569,23.622702,19.499828,214.593521,18.492262,50.650200,216.643936,-3.261066,50.591293,227.738968,16.392166,82.190231,220.307785,-1.302646,82.647102,231.347519
868,2.065776,10.015615,235.927292,0.838613,-10.549346,228.667358,5.287051,-37.491169,222.953033,29.447422,-32.301655,201.424103,33.052673,-5.604712,205.642624,35.214855,15.528265,210.074783,5.892177,17.296211,227.346497,24.061937,19.715263,215.361923,18.315001,51.365746,216.641907,-2.959352,50.752972,228.001923,15.782911,79.622345,217.859299,-1.716590,81.870064,229.725113
869,2.743071,8.453147,236.353241,1.721014,-11.493257,229.101852,5.471618,-37.798367,222.963715,29.443872,-32.203636,201.309494,32.864361,-5.607625,205.453064,35.329838,15.583954,210.052322,6.094213,17.028891,227.251404,23.985939,19.620003,215.139008,18.667223,51.767864,216.602859,-3.686726,49.662621,226.629486,15.991773,76.464691,215.148956,-2.723746,78.240547,226.389435
870,2.438429,8.367295,236.090881,1.381600,-11.923569,228.799667,5.548978,-38.106251,222.873138,29.250553,-32.189560,201.156967,32.754299,-5.603437,205.039871,35.277855,15.584006,209.960663,5.857901,16.816805,226.943359,23.484268,19.573994,214.696243,17.832525,52.655491,216.300995,-2.308959,51.703472,227.305542,15.266779,79.109390,217.341873,-2.202585,77.814041,226.601471
871,3.215895,8.625394,237.256424,1.346709,-11.311308,229.075409,5.441075,-37.526440,222.973801,29.275188,-32.173347,201.235199,33.667355,-5.769423,206.262405,35.368732,15.467841,210.240814,6.051607,16.941982,227.653503,24.273758,19.537474,215.543411,17.802372,51.750423,216.670700,-2.337940,50.571262,227.764786,16.557522,81.958427,219.246567,-1.323089,81.621727,230.774689
872,3.117444,8.248669,236.902740,1.382106,-11.126136,228.464310,5.260524,-37.219849,222.810989,29.373560,-31.985374,200.827011,34.078171,-5.599983,205.718140,35.736118,15.327483,210.152176,5.792203,16.904734,227.210983,24.524540,19.741957,215.354462,18.319794,50.645718,214.056519,-3.944802,49.743446,226.320145,15.627692,76.815468,215.559677,-0.834198,79.545357,229.974106
873,3.432521,8.942930,237.490417,1.584609,-11.594803,228.883774,5.416401,-37.368168,222.883835,29.126089,-31.578701,200.650055,34.017933,-5.487664,205.734467,35.366474,15.563735,210.202393,5.907919,16.958706,227.452530,23.995651,19.926449,215.178070,16.998043,49.880745,212.205780,-2.951170,49.659374,226.892120,15.336702,77.127777,215.218323,-1.587518,78.610092,229.067078
874,2.867126,9.167751,236.352051,1.169088,-10.494727,228.600449,5.311315,-37.090462,222.863068,28.991392,-31.728300,200.722183,33.237167,-5.393320,205.343506,35.208237,15.580416,209.995056,5.981226,16.847849,227.272644,24.563101,19.751041,215.313446,18.234013,49.305676,215.941727,-3.030620,48.356434,227.255905,15.686330,76.298897,216.785568,-0.764318,78.163361,230.174545
875,2.309982,8.605933,235.746033,1.367883,-11.143828,228.955383,5.131131,-36.710873,221.999130,29.392904,-31.643705,200.836060,34.772064,-5.482474,205.382111,34.965031,15.733379,209.376816,5.592869,17.720434,227.407394,23.858360,20.316948,215.115997,17.428406,49.847355,216.069717,-3.219794,49.639603,227.462372,15.538543,79.586746,219.081955,-1.475689,80.337975,229.848434
876,1.024994,9.499157,233.998825,1.446999,-11.572126,228.817734,5.181608,-36.936523,221.940598,29.465733,-31.401617,200.713791,35.540134,-5.617916,205.663086,35.662941,15.415467,209.962433,5.808799,17.491056,227.336075,23.619446,20.273046,214.949661,15.331226,51.198959,215.499176,-2.754750,50.615902,227.093262,13.923578,77.824081,218.031891,-0.168392,79.290894,231.245468
877,1.356323,9.415224,234.308990,1.272161,-11.766269,228.356857,5.158030,-36.882427,221.892105,29.211006,-31.530613,200.674149,35.683693,-5.768589,205.739655,35.619640,15.318615,209.912888,6.109957,17.357378,227.434280,23.748514,20.359255,214.777573,16.381670,51.874802,216.704559,-2.150833,51.194904,227.206360,14.072403,76.642532,217.265793,0.345516,75.692261,228.845352
878,1.723819,8.486446,234.736511,1.315336,-11.840315,228.639618,4.950953,-36.663204,221.777542,29.158852,-31.233889,200.766373,36.419697,-5.907907,206.146484,35.594189,15.290277,209.882980,5.854093,17.520870,227.276566,23.335569,20.223970,214.470123,14.746603,51.226345,215.298706,-2.391425,50.965729,227.522583,12.513467,74.469124,215.682495,-0.614566,76.523315,230.824097
879,2.285503,5.571350,234.435898,1.743276,-12.641829,229.479568,5.121266,-35.982292,221.526123,29.207609,-29.952259,200.650452,35.288017,-5.705764,203.937073,35.400494,15.008778,209.634811,6.272172,17.789673,228.541183,23.909048,20.468706,215.619049,15.041919,50.616673,215.178497,-2.879116,49.318848,226.955276,13.498054,70.034126,214.395615,-1.484501,72.776199,228.961517
880,1.453694,8.643872,234.624680,0.534685,-11.384423,228.640503,4.636406,-35.100655,221.589600,29.554438,-29.044125,201.073746,36.701065,-5.700522,205.372665,35.938866,14.871732,210.820175,6.182469,18.457689,228.287292,24.271862,21.237919,215.744568,17.567631,51.751369,217.752350,-3.912694,48.447136,226.604401,13.124453,70.865707,216.422913,-0.495311,70.621513,231.210358
881,1.575677,7.339218,235.158325,1.605038,-12.200714,229.249680,4.827617,-35.406937,221.552704,29.224121,-28.733952,201.008072,37.813141,-5.779690,205.770370,36.162048,14.714453,210.518448,6.542657,17.737333,228.437073,24.284212,20.833158,216.007401,15.439115,52.016998,215.060944,-4.095732,47.818760,226.277725,15.060028,79.295753,220.527313,0.520376,76.352654,233.912277
882,2.531430,8.326426,236.374283,2.327481,-11.632538,230.556763,5.080719,-34.817772,221.640930,29.301218,-28.214336,200.924362,37.751602,-5.816304,206.164978,36.413914,14.587526,210.324402,7.114459,17.769100,229.065628,24.072676,20.589170,215.908554,16.541246,50.900826,217.167923,-2.878589,47.915375,227.098541,15.413998,76.221634,219.077698,-0.625695,73.452599,231.616913
883,2.177142,7.168667,235.163681,2.468397,-11.585479,232.216370,5.329906,-32.956028,222.734390,29.249485,-26.267187,200.952759,38.470730,-4.775003,206.840439,36.562168,14.441350,210.845581,7.513323,19.383492,230.193405,24.133907,22.018944,216.327560,14.156392,49.837982,214.870224,-4.335267,47.280811,226.272324,14.795827,71.280502,217.087433,1.738708,66.172180,232.727478
884,1.809284,7.809216,234.891403,3.207296,-11.194317,232.014374,5.124135,-31.828169,222.540466,29.347996,-24.674173,200.993225,38.447746,-3.523126,207.274460,36.435886,14.952682,211.223648,7.223495,20.214142,229.919357,24.248508,23.602573,216.501816,12.843596,49.266403,214.088181,-3.085099,48.928787,229.980759,7.874164,71.307961,214.000076,1.605288,69.325943,233.721420
885,2.072040,8.093964,236.622894,3.782241,-10.959983,233.417633,5.163520,-30.885584,222.484909,28.923710,-24.055691,201.070587,38.579746,-2.899465,207.238831,36.642902,15.200987,211.200333,7.050565,21.055691,229.772461,23.839809,24.313040,216.412796,14.779627,48.369370,211.625809,-3.766033,49.470798,230.013153,11.803915,70.085205,215.248840,0.337726,66.128876,228.197235
886,1.839710,7.385311,235.377380,2.113951,-9.048387,233.894302,5.085207,-27.995968,223.478073,29.646709,-22.223244,202.753067,39.570400,-3.064489,207.566788,36.694607,14.506117,210.675507,7.778295,22.253265,230.435150,24.605265,25.122816,217.016846,15.203099,51.049145,213.738449,-3.674700,51.746563,230.271957,14.668979,72.763161,213.355789,4.481928,68.012169,235.368240
887,2.310711,6.729936,235.111435,3.385272,-8.912619,235.214905,5.603256,-25.967989,224.387558,29.108145,-20.577164,202.501923,39.332108,-3.012772,207.726120,36.487968,14.680593,210.875275,7.924033,23.571045,230.995178,24.802259,26.936832,217.896942,20.387451,55.651253,215.981216,-6.102565,52.217484,226.213242,13.426826,76.728119,216.562576,1.234588,75.147438,233.976913
888,2.291409,6.533411,235.342163,3.885401,-8.299256,235.465118,5.248706,-25.277430,223.848251,28.701258,-20.033833,202.502304,39.391781,-2.710579,208.077408,36.661346,14.387183,211.383682,7.503256,23.521961,231.298813,24.243017,27.838917,218.105515,14.653147,56.345329,207.379349,-4.823549,53.977360,228.754456,14.308050,80.957062,215.767654,-0.645107,78.977905,229.640656
889,2.692207,7.091091,235.849045,5.768811,-9.356853,236.680954,5.808916,-25.377121,224.122879,28.451725,-19.462433,202.091476,40.134430,-2.810789,207.994766,36.790668,14.499565,211.032074,8.034587,24.167854,231.514008,24.175949,27.788193,217.794510,16.266743,57.720211,213.872070,-4.002321,57.125412,228.610245,13.873588,76.197609,213.980530,2.371636,80.231911,235.097916
890,2.890223,7.113496,236.818726,5.763851,-8.757524,238.392532,5.795590,-23.435724,226.092300,28.548368,-17.654303,203.691833,40.355465,-3.624808,208.189560,37.303570,13.701651,211.125671,7.312107,25.325075,232.296982,23.087860,28.592823,218.271759,13.314320,55.783504,212.934647,-4.242095,55.348560,230.056381,8.932396,72.620300,211.489090,-0.684585,77.023361,232.247635
891,3.148371,6.599967,235.394226,8.900239,-9.956270,240.066238,6.201634,-20.892569,226.074219,28.079332,-16.147600,203.344986,42.003063,-4.355430,209.095459,37.737259,13.428234,211.135956,8.481511,25.727364,232.157440,23.624077,29.039288,217.981277,12.796112,55.315899,207.371124,-2.526939,55.470520,229.954773,8.758470,74.758728,213.820770,3.119514,79.765442,232.357910
892,3.378838,6.339595,235.724945,8.186872,-10.188539,240.124588,6.410288,-20.379835,225.746780,27.958096,-15.528069,203.472000,42.599384,-4.298273,208.996201,37.065296,12.890505,211.195770,9.032310,26.046740,232.124039,24.440329,29.534571,218.426453,14.876427,55.531311,213.126572,-3.427475,55.431431,228.622665,12.147081,73.336647,206.984802,1.035230,77.982483,228.945877
893,3.078188,7.221656,236.073273,7.964645,-9.155052,240.381180,6.065577,-20.811237,225.372849,27.241093,-14.929317,202.825424,43.093208,-4.167074,208.837280,37.037029,13.255076,210.926514,9.886648,27.610159,232.915207,24.500257,30.212793,217.771042,12.005510,53.391476,210.567871,-3.026932,53.437576,228.262360,11.473718,76.531708,210.590561,1.523191,78.328819,229.425354
894,1.436275,8.417032,234.988464,2.507902,-4.553208,235.670685,6.100216,-18.325405,227.908783,27.236134,-13.044745,203.684525,42.484913,-3.771937,208.852707,37.498055,13.633381,211.483932,9.217272,29.908989,233.343872,24.499886,31.003027,218.695633,12.823443,52.561668,211.252457,-3.691553,55.072914,232.171906,11.009274,82.848778,214.027847,0.472842,80.781654,231.309860
895,2.180982,8.376257,235.473328,6.743783,-4.361194,239.216843,5.663747,-17.221458,226.392410,26.840837,-11.563425,203.526382,44.569691,-3.775435,210.515503,37.121292,13.993131,210.942337,10.248623,30.063158,234.840530,25.204008,32.205643,219.255157,16.758913,53.713955,213.989639,-3.092501,49.925079,226.011307,12.073823,84.798119,215.002304,0.847152,78.804680,229.981613
896,2.729952,8.369905,235.119522,7.144284,-6.075134,238.262314,5.983473,-17.095516,227.152695,27.203119,-10.650910,203.436920,43.603951,-3.355407,209.761414,37.141285,14.183794,211.450226,10.088532,29.822170,234.761154,24.674946,33.257957,218.874176,13.068435,53.901764,211.289383,-3.628293,51.689922,226.542969,10.179548,80.511635,212.383362,-0.379179,75.584724,227.026169
897,2.417946,8.349488,235.328308,3.625113,-5.037157,237.142166,6.313508,-16.140224,227.423096,27.051926,-10.530196,204.679535,45.099705,-4.078598,212.356171,37.463558,13.706027,212.782715,9.477009,31.096289,234.270782,24.091627,33.023693,219.324310,12.656516,54.617348,208.927017,-3.488962,53.778839,227.176804,10.378942,79.406372,211.298721,0.222809,76.676636,228.755829
898,3.222746,8.417534,235.753738,5.380509,-4.787450,236.934586,6.814417,-15.839178,228.054153,26.498598,-10.125614,204.321091,45.033733,-4.020230,211.784515,37.217434,13.153411,212.264938,10.006564,29.874201,234.377899,23.111336,32.639839,218.666260,12.345897,54.157215,209.368637,-3.927448,51.828747,226.358414,8.247175,75.647285,211.765350,0.059639,76.327393,229.957169
899,2.759145,8.240122,235.315414,5.856867,-4.881184,237.083023,6.434922,-15.537125,227.874283,26.308577,-10.106050,204.460663,44.850018,-4.041423,211.548752,36.915283,13.206846,211.300171,9.339830,30.168385,233.444183,22.808983,32.617836,218.293671,12.446372,54.018578,206.948929,-3.823725,52.996696,226.971695,8.312601,77.807526,213.561600,0.281114,76.772141,229.103271
900,4.338367,5.196898,236.049438,7.016100,-9.208356,237.638535,6.708458,-16.298347,227.686707,26.418184,-9.940833,204.178802,44.942513,-4.161564,212.005905,37.918808,12.858851,212.582886,9.556347,27.574587,233.895569,23.445761,31.119289,218.725861,13.381447,52.165791,205.647064,-3.040319,51.826633,228.384750,9.252997,80.180801,213.148026,0.975497,79.369904,231.653320
901,5.047241,6.121729,236.338120,10.889158,-7.177403,243.601151,7.722457,-16.524134,227.933975,27.109755,-10.085260,203.287811,45.074009,-2.843410,212.902466,37.598675,13.540482,212.034409,10.806336,28.263630,234.177292,24.578478,30.882418,218.236557,14.957954,52.097000,205.250244,-3.256289,54.805786,233.277954,12.858270,80.994492,212.450760,0.569004,79.742195,231.903076
902,3.571892,8.623803,235.547867,9.208640,-5.736113,241.280319,7.133245,-16.590227,227.154831,26.729603,-10.508989,203.189697,46.129585,-2.494051,212.573669,36.758976,14.331029,210.842346,10.919406,28.142385,234.505722,24.127388,30.880186,218.631790,14.829535,52.423779,210.774887,-3.639756,49.769844,226.532059,11.415131,79.029053,211.651001,-1.529499,74.319786,226.883041
903,3.908704,8.302817,236.109238,9.034436,-5.995386,241.601440,7.372412,-17.153177,227.606857,27.517570,-10.987433,203.233826,44.575588,-0.849966,212.476196,37.412731,15.205618,211.842392,10.176423,27.195759,234.234604,24.156252,30.382526,219.120575,12.512581,53.301636,206.759659,-2.284584,53.146465,232.923752,10.448807,74.511414,214.131302,0.122638,72.776237,228.322632
904,4.047570,7.111296,236.869385,8.648274,-7.448747,241.482452,7.028035,-18.002991,227.348526,27.976357,-11.193224,204.148148,44.554516,-1.433761,212.010803,37.163429,14.608114,211.787598,10.219564,25.451622,234.205429,23.974548,29.031975,219.380157,13.793891,53.128483,205.152542,-3.334632,52.879658,231.434082,14.061537,79.073959,212.188034,0.392651,74.396118,231.773544
905,5.245844,5.482285,237.457474,10.136811,-9.332345,242.293152,7.965256,-17.659494,227.304108,27.756500,-10.807335,203.581070,45.067005,-2.254918,211.254913,37.532383,14.183306,211.584763,10.634526,26.708481,233.981201,23.753479,30.108952,218.547577,15.043200,55.288349,206.750366,-1.930655,53.985989,233.071976,13.631919,73.559105,213.487091,-1.607632,70.767334,225.458466
906,4.961380,6.340212,235.905457,11.071288,-7.828345,243.255630,8.465135,-17.703442,227.736496,27.672232,-10.568564,203.027496,44.615231,-2.034232,210.804123,37.559864,14.830852,211.470871,11.382128,27.015100,234.689453,24.550371,30.519129,218.400269,15.134029,55.029434,210.219589,-1.798382,50.398651,227.859650,9.734298,78.802132,212.310196,-0.039641,72.968597,227.945435
907,4.143363,6.164814,236.104843,7.706673,-8.446807,240.932007,6.874245,-17.948441,226.233353,28.183271,-10.887023,204.243744,44.609219,-2.318183,210.992157,37.472309,14.613613,211.793182,9.977471,26.125099,233.848465,23.902857,29.918417,219.078827,13.075114,52.930264,205.339569,-2.989460,52.613903,233.225739,11.861264,76.987221,213.179779,-1.565227,71.217781,227.124069
908,5.177088,5.056483,236.942032,10.611483,-9.138145,243.017654,8.209542,-19.025513,227.013535,27.325586,-10.723811,203.351562,44.367691,-2.916588,210.371277,37.251514,14.259427,211.517029,10.362626,26.348743,233.986694,23.318945,29.963314,218.289780,15.394608,54.485535,204.885345,-2.534685,53.905849,231.497574,11.323394,73.753593,211.804886,-0.829498,71.046349,226.692810
909,4.989576,6.471971,237.593948,10.917521,-7.640305,244.084976,7.782056,-18.142784,226.816162,27.343935,-10.838616,202.940857,45.387905,-2.611930,210.731430,37.710838,14.153145,211.447159,10.321667,26.905176,234.208694,23.825134,30.253960,218.242737,15.398104,54.842861,208.796051,-2.235169,51.540550,230.556656,12.202148,76.029953,209.552704,-0.936921,73.064941,229.097961
910,4.799014,7.028853,237.593552,10.346752,-7.479566,243.324387,7.356877,-18.298330,226.527481,27.624905,-11.196095,203.153275,45.355122,-2.505882,210.255341,37.592087,14.110219,211.283478,9.949430,26.925352,233.457855,23.804663,30.410933,218.419998,14.094707,55.112476,205.882523,-1.969471,50.580688,227.773422,14.135026,75.847404,211.005737,-0.457154,72.892982,228.477203
911,3.821486,8.117147,235.933289,8.036132,-7.466588,241.183426,6.758173,-17.569841,226.016449,28.053293,-11.777186,203.448502,44.831158,-2.581475,210.561981,37.342113,13.961426,211.873520,9.852663,27.229233,233.539200,23.803274,30.589371,218.782944,14.993474,54.529488,205.693695,-1.753209,52.925137,235.210556,13.916908,77.513382,215.205444,0.501109,73.884903,229.965912
912,3.008567,9.863008,235.678757,8.860624,-5.890714,242.037292,7.896254,-16.836643,227.465164,28.624687,-12.085755,203.822830,44.157337,-2.744363,210.468658,37.406162,14.044659,211.769287,10.263984,27.915052,234.014374,23.864111,30.577742,218.753113,15.180049,54.274860,206.044479,-1.715874,53.812233,233.139893,13.518193,76.275864,211.595123,1.027938,73.337334,227.718735
913,2.928089,9.711239,236.744324,7.617929,-5.862488,239.996307,6.473650,-17.697186,225.084229,28.146872,-13.604688,203.837982,44.246254,-3.463669,210.319763,37.533432,13.986816,211.316727,8.856410,26.713383,231.497650,23.442951,30.162529,217.760315,14.935011,54.556622,208.503708,-1.564245,52.005642,232.762054,13.773378,76.141769,212.734314,0.056923,73.391487,225.804886
914,3.024655,9.029177,236.502960,7.659286,-6.740151,239.897491,6.214381,-20.078421,224.543411,28.067863,-14.448538,203.727219,43.423000,-3.483330,209.648300,37.387054,13.887851,211.356766,9.816322,25.056541,232.634445,24.270758,29.085295,218.465775,13.154644,52.267883,205.722794,-1.734811,49.794731,228.382523,10.061311,82.162010,214.434998,-1.024478,76.129082,229.971771
915,3.749592,7.774331,237.218475,7.634923,-8.524081,239.624893,6.005541,-21.485634,224.485825,27.923820,-15.043386,203.573456,42.657917,-3.322597,208.774582,37.436676,14.132313,211.604172,9.171348,25.163326,232.069214,23.733353,28.595171,217.655090,14.019495,54.418186,212.528183,-1.052496,51.801994,228.085922,10.101557,70.423431,209.838120,-0.844122,70.000084,221.755875
916,2.866076,8.444449,235.343399,7.120617,-7.324147,238.237183,6.312048,-22.165674,224.113495,27.894480,-16.601519,202.288498,42.647583,-3.302100,208.369278,37.160351,13.975507,211.322815,9.507737,24.196335,231.316833,24.542292,27.600357,216.818451,14.405784,53.058563,212.090363,-1.746073,52.004284,228.824417,14.840617,71.628571,211.944092,1.146459,70.409142,224.851166
917,3.498652,6.976332,235.427765,6.712530,-7.895020,237.646286,6.092550,-24.072592,223.743408,28.404919,-17.885303,202.250763,42.193157,-3.293946,208.765671,37.729023,13.930283,211.322723,9.928801,23.228495,231.945831,25.270899,26.583067,217.067856,13.020593,53.698971,211.564392,-2.323052,52.542606,229.872253,12.431522,71.972168,214.060455,1.505187,69.385864,226.864258
918,4.101687,6.900400,237.140686,6.331428,-7.967174,238.697021,6.129824,-25.949440,222.938324,28.756609,-18.792459,202.547363,41.682774,-3.497364,208.337662,37.468727,13.884979,211.230377,9.541469,23.060722,231.676132,25.118254,25.721186,217.839432,11.963945,54.043594,212.846603,-2.832406,54.231884,231.302399,8.845801,66.607674,210.009125,1.824878,67.773972,226.873672
919,3.600087,6.605336,236.836090,5.168462,-8.615592,236.609863,6.220671,-27.056644,222.664017,29.198164,-19.861877,202.912598,40.884163,-3.303558,208.063065,37.493801,13.965685,211.560577,9.009275,23.054258,230.824951,24.843075,25.474215,217.148163,14.522768,54.490673,213.387024,-3.423460,54.014576,229.816010,11.080159,65.846275,210.624191,1.601268,66.321976,226.733765
920,2.716037,6.689995,235.193817,3.791823,-10.935698,232.286087,6.032016,-28.451595,221.279617,28.938377,-21.631891,200.991638,40.316677,-3.409959,208.428177,37.626457,14.460737,211.932098,9.015407,21.019558,229.532959,25.235172,24.645565,216.820312,14.188306,53.401390,214.808014,-4.991301,50.777225,227.307587,12.003413,67.167099,212.102600,1.926278,69.654816,231.776535
921,3.086861,6.636412,234.867645,3.703677,-11.504885,232.545380,6.114348,-29.736811,220.770340,29.300371,-22.825809,200.886230,39.400658,-3.332785,207.425446,37.819164,14.465956,211.859177,8.684307,19.783329,230.011002,25.101757,22.859997,216.491623,16.971626,53.571327,215.018921,-4.896961,49.049843,225.427948,14.866966,75.393143,218.166321,0.886093,73.889313,233.360535
922,2.506638,6.723738,235.711792,3.827666,-11.368940,233.286942,6.164600,-31.236368,220.703766,29.394876,-23.765343,200.933029,39.189713,-3.570768,207.542358,37.467606,14.448148,211.903198,8.084272,18.703083,229.761993,25.007637,21.707090,216.788635,16.043770,51.151203,206.039169,-3.573617,49.964252,230.860672,14.585964,75.638451,217.458542,2.625158,72.822937,232.405273
923,2.977442,7.014650,236.733032,4.491352,-11.255686,233.500702,5.819584,-32.005962,220.515198,29.098814,-24.039808,200.911011,39.183403,-3.573551,207.085938,37.353928,14.197591,210.790695,7.469184,19.382517,229.215515,23.660547,22.065866,215.839020,14.059877,50.240803,208.835556,-3.172424,50.366844,230.227600,10.890024,71.493553,216.185104,4.397820,71.104149,234.473602
924,2.177666,8.262628,235.474640,3.266387,-11.356747,230.610153,5.029354,-32.307781,219.568787,29.005936,-25.936150,199.322372,39.240730,-4.245213,207.513840,37.141994,13.853976,210.625137,6.774427,18.157314,226.406662,23.427633,21.739147,214.707947,14.059866,46.892628,214.161880,-2.740429,49.959404,226.718903,10.798685,74.476860,215.673782,1.197997,74.319351,227.255508
925,2.066560,7.508019,234.766388,3.871160,-12.101110,230.673401,5.269520,-33.736794,219.878616,29.840145,-27.032991,200.121964,38.868683,-4.598240,207.227417,36.760849,14.474210,210.454117,7.207971,17.688047,227.011322,24.251724,21.022141,215.453354,16.014790,46.118206,215.782288,-3.273259,47.964802,227.181732,14.826837,79.717194,221.327576,3.681663,77.337494,235.367523
926,2.615694,7.830159,237.006866,1.732813,-11.604467,229.447845,4.758225,-35.663918,219.379486,30.026434,-28.448032,199.736908,37.788612,-4.670041,206.625885,36.736267,14.679317,210.738541,6.694153,16.971207,227.982773,23.866102,19.831453,215.328293,16.677397,46.340939,210.229309,-3.281255,48.570660,229.513412,15.429298,78.610741,218.333206,-1.165765,76.772079,232.034210
927,2.183630,6.949483,235.713196,2.055664,-10.981439,230.099030,4.316784,-35.560043,219.489182,29.981756,-29.629847,199.518799,37.152142,-5.010339,206.003738,36.429512,14.710623,210.236389,6.411926,18.149790,228.146164,23.857430,20.602144,215.154388,17.333918,50.072384,216.485641,-3.767478,48.186619,228.358139,13.191526,74.470680,215.892670,-2.686141,71.609291,230.051208
928,3.186319,6.396419,235.564316,1.726741,-11.848724,226.152130,4.828260,-37.289295,219.251190,29.857176,-31.023306,198.958328,36.384766,-5.797582,206.270294,36.369003,14.882939,210.577209,6.655971,16.520149,225.705063,23.818609,19.697256,214.264084,15.245255,51.987370,211.035645,-2.175814,50.447472,225.445679,16.430702,79.369614,217.682831,1.281226,76.100899,229.432327
929,2.006704,8.929993,234.447556,1.526101,-10.761846,226.888092,4.390870,-37.453487,218.875656,29.726952,-31.311314,199.010956,36.335590,-5.773636,206.272293,35.900902,15.225042,210.316895,5.820729,16.107519,225.666840,23.598494,19.868052,214.036392,16.912834,51.104595,211.132706,-2.991018,51.214973,225.334198,15.219284,79.672165,217.496613,-0.527367,77.986481,229.639359
930,2.350430,6.322998,234.476349,1.272293,-12.785168,226.586487,4.588712,-38.370117,219.401352,29.900227,-31.845684,199.123322,35.607994,-6.125225,205.729736,36.306892,15.255068,210.616028,6.601909,16.354805,226.663956,23.470486,19.322655,213.974548,17.450880,51.273201,214.305725,-2.050955,48.588596,227.740295,17.012552,78.879654,218.079987,-0.836125,79.708115,231.664398
931,2.121248,6.013139,234.127365,1.279760,-12.278202,226.595871,4.499638,-38.186558,219.169113,29.506062,-32.170361,198.251587,34.849403,-5.960227,205.157715,36.540218,15.227629,210.908249,5.987321,16.396826,226.037796,23.313126,18.974504,213.622391,17.538565,51.572010,215.916580,-3.299057,49.939850,228.475952,16.275000,79.034477,216.966904,-2.459404,80.199539,230.721100
932,2.236477,7.308362,234.207306,1.096084,-11.499856,226.771790,4.261022,-37.869766,220.274048,30.041536,-32.639111,199.383057,35.253632,-6.052507,205.916122,35.947376,15.233889,210.213028,5.800034,16.350449,225.917511,23.352253,18.894993,214.179810,16.031126,51.678623,212.464645,-3.372896,50.636135,226.811096,15.834869,81.827477,218.070312,-1.677009,82.378311,230.654099
933,2.219033,6.972832,235.133194,1.504722,-11.887797,227.770508,4.335694,-38.062405,219.846344,29.624901,-32.578800,199.141388,34.806873,-6.273013,205.755981,35.889618,15.248671,210.320206,5.616114,17.013824,225.908295,23.052542,19.666786,213.696091,18.714031,53.395054,216.822601,-3.613719,52.260139,228.115097,16.382278,80.152100,217.299866,-2.425596,80.457535,231.424377
934,2.465925,7.365438,234.392609,1.401782,-11.549515,227.259079,4.428119,-37.968697,220.335663,29.857183,-32.461826,199.116852,33.961235,-6.266924,205.342087,35.728897,15.171339,210.292099,5.626048,17.125116,226.101852,23.352011,19.663998,214.114883,16.386377,52.601532,212.454651,-4.237198,51.006454,226.350891,15.511558,78.834267,216.234131,-2.389261,78.303444,230.347824
935,1.917125,8.917606,234.529114,1.445141,-10.860147,227.820267,4.440311,-37.413727,220.575836,30.128153,-32.111736,199.536026,34.054405,-6.150975,205.316635,35.515209,15.165745,210.201538,5.617235,17.336639,226.266739,23.459246,19.762667,214.187668,17.790970,52.605347,213.323471,-3.626984,50.264275,226.762741,17.023939,79.884361,217.222198,-1.555968,78.166878,229.574387
936,1.604186,10.149565,234.759277,1.361010,-10.206429,227.944672,4.604010,-37.041302,220.702057,30.179483,-31.893051,199.818405,34.232651,-6.034952,205.196732,35.331501,15.270844,209.500809,5.297277,17.836767,225.885437,23.506374,20.226419,214.076248,16.755674,52.715065,213.637939,-3.549031,51.098179,227.373871,16.260109,83.437981,219.378220,-1.515093,80.227280,230.675766
937,1.883213,9.754499,233.950012,1.351102,-10.555995,227.478134,4.718729,-37.204788,220.374268,30.092361,-31.927383,199.685287,34.625412,-5.977720,205.021423,35.704571,15.282406,209.916656,5.736979,17.301416,225.942749,23.794592,20.199888,214.086700,17.354773,53.226067,216.132965,-3.534884,50.675838,228.008209,16.349903,83.681694,219.838181,-1.399870,82.009369,231.191681
938,2.084993,9.655907,234.870041,1.366950,-10.922926,227.799637,4.485684,-37.346619,220.676865,29.716431,-31.929417,199.506165,33.725384,-5.897990,204.892914,35.524303,15.313151,209.570572,5.456676,17.135595,226.013000,22.852816,20.068108,213.775284,17.150587,51.256878,212.860657,-3.697686,50.135918,227.374985,15.957232,80.699066,218.058075,-2.768587,78.630836,228.494995
939,2.015142,9.872867,233.657150,1.445670,-10.483979,227.388855,4.735893,-37.131294,220.486710,30.063211,-31.924185,199.739822,34.595966,-5.831260,204.798248,35.608662,15.365193,210.026398,5.813581,17.670860,226.510620,23.943380,20.427458,214.471603,17.776964,52.969975,217.546265,-3.899097,51.360725,228.601562,16.420679,81.613747,220.068604,-1.933285,82.080513,231.030975
940,2.239035,9.132321,235.131805,1.480327,-10.590867,228.261688,4.410147,-37.032673,220.605453,29.845488,-31.890699,199.328094,34.355614,-5.564068,204.692703,35.721760,15.446897,209.992508,5.225010,18.049574,226.381714,23.476427,20.738697,214.299118,18.022257,52.246109,216.153259,-5.481643,51.927601,226.550217,16.589037,80.190933,219.224899,-1.360825,77.989136,231.636383
941,2.552855,8.428203,233.547989,1.617468,-10.178147,227.460159,4.535103,-37.056686,220.263794,30.051474,-31.797127,199.439453,34.806194,-5.486106,205.167313,35.887943,15.495665,210.095215,6.107201,17.003292,226.168381,24.097401,19.853397,214.240997,18.059025,53.943871,218.333054,-4.198072,50.858974,227.911240,19.045944,82.222725,221.721649,-2.749180,79.462189,231.571075
942,1.915153,7.727714,234.321854,0.234978,-10.528747,226.554855,4.377311,-37.196018,220.284729,29.675962,-32.037933,199.329285,34.325668,-5.292314,204.203568,35.746925,15.611888,209.953537,5.476616,17.549072,225.951767,23.695940,20.380745,214.308975,19.375666,53.695705,218.421005,-4.178010,52.727253,227.432480,16.074347,80.020096,219.548203,-1.825478,77.818558,231.116562
943,2.252165,8.795806,235.113922,0.696395,-10.027326,227.672455,3.972936,-36.550400,218.955505,29.311529,-31.916433,198.572464,34.436169,-5.594176,205.072281,35.914467,15.553391,210.194839,5.309066,17.803959,226.484573,23.306898,20.351622,213.939896,21.284542,54.154964,218.853378,-3.983130,50.986122,228.738083,15.704014,72.332085,214.897583,-0.830499,73.602409,231.373703
944,2.452529,9.364952,236.151047,0.421438,-9.861631,227.102051,4.153353,-36.818516,219.873184,29.939552,-31.843002,199.238388,34.553745,-5.736671,205.169769,35.441727,15.545916,209.506393,5.461557,17.020441,226.439392,23.993542,19.813715,214.488373,18.163937,51.181942,217.098892,-5.313273,49.540447,226.375992,17.145927,73.760902,218.647827,-2.817547,74.472969,231.055191
945,2.713075,10.053366,235.649460,0.783018,-10.208905,227.476990,4.020210,-36.525135,219.702026,29.722557,-31.745136,199.087311,34.711811,-5.837683,204.782043,35.790466,15.431374,210.283813,5.696865,17.239223,226.531296,24.103552,19.946312,214.599396,20.242210,52.249222,218.830856,-6.018419,48.952618,226.411102,17.771002,74.636353,218.790482,-3.943395,74.141884,229.930923
946,2.964348,9.444209,236.153091,1.090013,-10.580308,227.563126,4.159102,-36.615589,220.081100,29.731983,-31.798903,199.308655,34.907421,-5.967395,204.525162,35.449814,15.421887,209.579468,5.443656,17.514282,226.611099,23.813347,20.201267,214.383133,19.125660,50.930683,216.921310,-5.403876,48.724804,226.453171,17.143394,79.194168,219.152542,-2.585521,78.286247,232.578888
947,2.785780,8.620416,235.394730,0.945493,-10.550788,227.534302,4.132542,-36.309311,219.606598,29.536345,-31.571810,198.727936,34.510860,-5.779636,203.779465,35.695190,15.352736,209.929642,5.641026,17.666052,226.203903,24.083136,20.205446,214.174667,23.676302,53.096497,220.255951,-4.965573,49.698017,226.364319,17.701820,77.042694,217.889771,-2.535577,77.191429,229.410660
948,1.865551,8.884532,235.309891,0.793284,-11.410138,227.233994,4.080254,-36.100975,219.531723,29.271564,-31.675175,198.535080,35.065128,-5.768233,204.095047,35.804523,15.526799,209.911285,5.981939,17.627790,226.405273,23.307821,20.383472,213.724167,17.767982,53.411366,216.959183,-3.485724,50.614040,228.345932,16.111111,78.314537,218.314697,0.506057,73.698410,233.433472
949,2.067309,6.988833,235.740753,0.598660,-10.694324,227.092590,3.893361,-36.051357,219.398148,29.181240,-31.691635,198.569901,34.953403,-5.724073,204.232513,35.659622,15.560699,209.887070,5.811738,17.725435,226.747574,23.561478,20.541384,214.050461,21.684818,54.018005,219.241577,-4.886603,49.647556,227.242645,16.916149,80.146523,219.183441,-1.947687,79.297897,234.594437
950,1.997291,8.620274,234.921951,1.033770,-10.171591,227.852661,4.152057,-35.447407,219.991028,29.476053,-30.801514,198.849030,35.189739,-5.568611,203.931610,35.739559,15.342515,210.065765,6.028249,18.932655,226.354172,23.701248,21.422792,213.873718,19.275515,54.416824,217.933090,-5.233348,51.375767,228.116028,16.380087,76.349487,215.576645,-2.704770,75.275764,230.618317
951,2.025126,8.560950,234.852188,0.418942,-9.432817,227.499054,3.759041,-34.984142,218.746796,29.149427,-30.192118,198.756485,35.595695,-5.458210,204.236359,36.006489,15.113543,210.230713,5.547160,19.397314,226.328522,24.335075,22.184736,214.836105,24.050451,54.015160,218.453201,-5.943188,52.515659,224.704391,17.598965,76.581734,215.928680,-0.563779,77.295349,231.635941
952,1.824446,9.355970,235.432007,0.470496,-9.645893,228.260620,3.641929,-34.696301,219.256516,29.338293,-29.636326,198.950836,36.000164,-5.421750,204.930038,36.188793,15.066120,210.837814,5.461414,19.731487,226.837784,24.092714,22.316460,214.860123,20.542450,53.783813,220.326813,-5.416050,53.369713,226.646530,18.686592,73.394295,215.717468,-1.502432,73.120415,227.837311
953,2.170495,8.883566,234.745209,0.405527,-8.505787,228.290146,3.422847,-34.354839,218.940262,29.310883,-29.242678,198.941833,36.450073,-5.302584,204.962265,35.901150,15.105800,210.900299,5.417440,19.513372,226.934219,24.082302,22.245579,214.661865,23.761276,54.858891,220.220169,-5.884153,50.443233,226.346436,18.156490,70.570343,212.989273,-1.002249,71.174759,230.542023
954,2.030507,8.470670,236.031769,0.636672,-8.896515,229.122742,3.661455,-34.270466,219.196732,29.207933,-29.016216,199.307083,36.032345,-5.297907,205.236664,35.693310,15.214771,210.882477,5.343578,19.270105,228.354904,24.054998,22.044031,215.636429,19.581821,52.238201,216.083359,-6.273761,49.805351,226.503906,18.588806,75.710472,219.880280,-2.334467,73.321747,232.430634
955,1.299791,8.083780,234.133301,1.023652,-9.390196,228.829315,3.763596,-33.905029,219.324066,28.861433,-28.245426,199.111404,36.868958,-5.107212,206.172836,35.614216,15.204980,211.435806,5.300048,19.953577,228.005371,23.217993,22.367495,214.816025,14.703879,52.410309,213.044937,-4.218588,51.582722,228.683670,9.083685,70.943642,211.283051,-2.443430,72.358017,228.186295
956,1.670454,8.939627,234.843094,1.649622,-10.945296,229.321030,3.881961,-34.162910,219.423569,28.685696,-28.166677,199.045364,37.365894,-5.055368,206.052567,35.873634,15.345343,211.001511,6.277335,19.517212,228.375443,24.069128,22.093668,215.398254,16.933130,52.521721,214.917999,-3.500165,49.941029,228.695450,13.556132,73.163200,214.285614,-0.093739,71.805351,230.666550
957,1.612099,8.855867,234.608673,1.420984,-9.545786,229.380798,3.517696,-33.074509,219.589645,28.690207,-27.408180,199.238068,37.010948,-4.953482,205.938812,35.816727,15.493118,211.356247,6.356338,19.282038,229.745895,24.357311,22.278454,216.106430,23.603724,54.084843,221.869858,-5.048725,49.916489,228.661423,18.588963,76.083824,222.714294,-1.301908,73.480736,230.687378
958,1.550098,8.127839,234.731659,1.886347,-9.703584,230.584702,3.141154,-31.243467,219.435257,27.636606,-26.354942,198.620941,37.787312,-3.962083,206.363205,36.316563,15.348330,211.640381,5.975250,21.373690,228.216751,23.786367,23.607313,215.214508,14.421925,52.502499,216.529785,-4.015316,51.563206,228.120850,6.186831,72.213470,211.873825,1.045345,69.297867,232.258881
959,1.398248,8.278529,234.298065,1.797572,-9.208167,230.185745,3.350771,-30.566380,219.776917,27.310972,-26.151608,198.574829,37.904755,-3.947015,206.597168,36.236706,15.481483,211.115707,6.255973,21.592215,228.613022,24.075994,24.106920,215.792892,14.055149,53.221550,213.833603,-4.520757,52.048363,227.970703,10.281191,72.804016,210.342331,2.146538,72.255119,231.812347
960,-0.235455,8.737936,233.069626,1.684624,-7.601519,230.348267,3.630836,-30.080395,220.374329,27.098209,-25.695936,198.393982,38.305565,-3.410453,207.033691,36.643410,15.649825,211.861023,6.321124,22.847095,228.972656,23.918594,24.715757,215.398331,19.813953,55.538982,216.299728,-5.695203,52.711624,226.243362,13.937950,79.512894,215.558228,1.595982,76.751816,233.484192
961,2.178810,6.854765,234.338669,3.774089,-9.581101,234.332474,3.978082,-27.609301,221.386658,26.743343,-22.871672,198.693695,38.398285,-2.654331,207.551025,36.805309,15.256053,211.877899,6.754675,23.699480,229.838669,23.166815,25.831028,215.239532,15.230608,55.778282,214.305893,-4.167261,56.041214,230.136017,9.639859,70.614815,208.963181,-1.040002,72.240036,227.615997
962,1.886986,7.264856,234.147324,3.043908,-6.724302,234.133331,4.132241,-23.777502,223.759903,26.899904,-19.626974,200.605453,38.392979,-2.996599,207.303711,37.060261,14.708533,212.550629,6.329955,28.424105,230.759628,22.881119,28.697449,216.174301,12.944799,56.865643,213.895966,-3.889711,57.484985,227.438126,7.441467,66.378662,209.761841,0.356741,69.102219,224.801407
963,1.767658,8.825017,234.152695,2.849158,-4.475964,234.875610,3.699185,-22.399324,223.082321,27.158445,-18.708225,201.644760,39.305984,-4.104775,208.673874,36.399349,14.208494,210.138306,7.410449,27.709381,230.260712,24.390327,30.164101,217.058060,12.250731,55.729939,212.442139,-3.977854,54.050728,226.379593,5.251369,65.792526,206.432495,2.393851,69.890732,225.955856
964,1.945999,9.774296,235.777283,3.853645,-4.371465,235.238983,3.955691,-21.532715,223.128448,26.364618,-18.645386,200.615829,39.647362,-4.414550,208.893906,36.689018,14.007981,210.584854,7.484406,28.276590,230.339920,24.101587,29.879362,216.503983,14.819666,55.947495,213.463043,-4.165189,53.794914,226.558426,6.773850,66.469040,206.637009,-0.503878,69.041061,224.570648
965,1.614609,9.597857,235.993561,5.298213,-5.735086,235.747269,4.302969,-20.045200,223.782043,25.641157,-17.429092,200.057281,40.623749,-5.204006,209.033768,36.999741,13.711884,210.879990,7.583115,28.351727,230.657043,23.371695,30.132607,216.837570,13.175080,55.881573,211.621964,-4.818976,54.167702,225.577759,8.894011,70.682602,206.901703,-1.208360,71.112473,225.423447
966,1.602468,5.516143,233.586990,4.751666,-7.894955,236.460754,4.591889,-18.572922,225.643707,26.408932,-15.464004,201.582306,40.449226,-5.087852,208.632431,36.847389,12.959455,210.394592,8.573932,28.118715,231.996902,23.788542,30.679413,217.176254,12.354995,55.632435,211.202225,-4.270785,55.292450,226.916931,10.005725,72.378387,210.516068,-0.857856,75.161102,229.400620
967,1.701578,7.395181,234.535431,1.758237,-5.468832,234.462311,4.554299,-16.418869,225.261780,26.304001,-14.101028,202.367783,40.851749,-4.882371,208.207687,37.043392,12.359772,210.030228,7.988093,31.197466,231.936584,23.939510,31.975863,218.363922,12.520203,55.727196,211.490021,-4.079066,54.451473,226.951675,8.457169,74.630890,211.843887,1.134164,79.178200,231.112122
968,1.618731,8.165167,235.084427,5.320208,-5.648730,237.617142,4.576641,-16.296951,224.439957,26.125137,-12.791734,202.200806,43.827438,-5.375349,209.661804,37.529732,11.855025,210.208954,9.798614,29.621172,232.199371,23.928667,31.564278,217.024460,10.942697,56.063305,208.845001,-4.537428,54.710472,231.300690,5.678345,65.628403,209.347885,-1.798592,67.851692,224.191757
969,1.503984,9.309112,235.931900,1.179313,-0.601015,235.489243,3.799891,-14.005733,224.623672,26.050486,-11.838377,204.205414,42.410667,-4.981905,208.861954,36.758080,12.287481,210.411865,8.517474,32.236355,233.514984,24.350962,32.905407,220.342712,14.560184,56.527149,207.124939,-3.408529,55.342106,228.536301,8.299376,74.901878,212.633194,0.345677,72.362396,230.349777
970,1.106055,9.745994,235.095413,4.231931,-1.369880,237.764069,5.086993,-13.822347,225.947098,25.728971,-10.918151,203.925278,43.369560,-4.680478,209.685898,37.451313,12.474991,210.764801,8.686369,30.628227,232.567017,22.630817,32.648079,218.446457,13.998709,55.366867,211.753555,-3.483705,53.277969,228.369843,10.046184,82.245705,214.130600,-0.413970,76.602158,231.714600
971,1.221860,10.072271,235.298264,1.938956,0.032961,235.801117,4.468328,-12.822040,225.101395,25.579067,-10.377151,203.603836,44.301792,-4.527908,210.274979,36.886414,12.834953,210.259155,8.489844,30.207184,232.440567,22.532089,32.520397,218.663834,11.558185,53.653263,211.235153,-2.828907,52.012314,228.078659,9.260190,77.751617,211.462784,-1.005578,75.452812,228.007874
972,1.866799,8.360777,235.587280,3.019314,-2.519895,236.987366,4.411684,-13.332934,224.993149,25.399708,-10.048099,203.743103,44.348167,-4.072369,210.416718,37.175232,13.322435,210.462021,7.778383,29.564415,232.210052,22.388113,32.240662,219.021866,12.920981,52.911266,205.730042,-2.072013,50.407928,228.868408,9.863654,76.793137,210.782898,1.354470,76.393860,233.386765
973,0.871688,10.602295,234.966019,2.600828,2.247825,235.963303,4.666496,-11.830700,225.432297,25.164846,-10.008558,203.416718,44.231792,-3.916112,211.817780,36.753551,13.648542,210.888458,7.660766,29.776529,232.758057,21.534147,31.729828,218.764252,13.801666,52.936714,206.381546,-3.953256,47.800079,227.098572,10.790709,73.917419,210.852310,-0.677472,72.567924,230.342697
974,1.928749,7.890970,235.056076,6.054550,-4.820642,237.205444,5.430419,-13.190231,225.668152,25.353054,-10.228885,203.354904,43.575436,-3.766916,211.109741,37.043232,13.742747,210.789734,8.367179,27.794315,232.613297,22.154594,30.643702,218.482056,14.354009,53.127609,205.090500,-0.988874,48.462574,229.556183,10.136989,71.250595,209.964676,-1.180476,70.478714,228.979065
975,2.812735,9.385528,236.404755,6.090238,-5.269974,238.214584,5.989907,-13.565857,226.140945,26.172924,-10.708890,203.742432,43.826702,-3.780396,211.893402,37.296654,13.926095,211.917999,9.095676,27.971430,233.068634,22.664410,30.381283,218.326080,14.182839,55.315720,207.061996,-1.327217,50.549412,231.270538,9.834437,69.360458,209.109497,0.324858,69.543480,227.524277
976,3.473920,8.093952,236.796936,7.393096,-6.832587,237.982727,6.111086,-15.269654,226.565720,26.512920,-11.531136,203.652054,43.834164,-3.745137,211.947311,36.995781,13.784728,211.661697,9.423712,27.926075,232.953812,23.043598,30.340057,218.323120,14.382868,57.388000,207.233612,-3.310055,51.999630,227.726105,10.118350,70.403572,209.711380,-1.352288,67.936462,222.584946
977,2.888135,9.006076,236.354675,7.564558,-6.264638,239.516907,5.928714,-15.643533,226.361343,26.790154,-12.357505,204.474136,43.616009,-3.464141,211.233093,37.591297,13.647924,212.854492,10.027652,27.627581,233.305527,23.642618,29.862904,218.458496,13.764516,54.591446,207.873108,-2.620059,50.690723,231.536545,8.726910,73.242126,209.723068,-0.652712,72.625435,227.981506
978,3.470237,7.263227,237.122131,6.891621,-6.067678,238.953995,5.628664,-15.876534,226.079926,27.272232,-12.504772,204.378799,43.436153,-3.044753,211.301743,37.267700,13.768945,212.319992,9.852191,27.709702,232.694229,23.977076,29.787506,217.480072,12.758761,52.642883,204.939819,-2.695724,51.145714,229.851257,8.342403,80.179230,213.176727,0.263809,75.779022,227.782150
979,2.933449,9.045377,236.343567,7.583766,-5.501899,238.940765,5.983515,-16.201448,226.554581,27.146410,-12.187666,204.352203,43.400635,-2.865127,211.319794,37.516701,13.946731,212.706482,9.753795,28.287275,232.930298,24.266602,30.122072,218.044067,13.523102,54.275452,206.372498,-2.825158,51.401787,229.340591,9.367090,77.592705,210.535034,-0.831102,75.710350,225.895706
980,3.335207,7.575430,236.874207,7.277378,-6.061684,239.183929,5.671708,-16.492611,225.944366,27.099993,-12.303716,204.643265,43.432835,-2.925627,210.490417,37.327572,13.832373,212.323837,9.451873,28.189482,232.587143,24.062691,30.304207,218.085571,14.854735,53.793667,204.263550,-3.029518,51.417488,229.816345,6.704886,75.710938,210.330246,-0.234340,78.231010,227.696594
981,3.669566,8.390913,238.005142,7.248844,-5.944798,240.706177,5.914659,-17.116833,226.037384,27.252321,-12.305957,204.292267,43.026207,-2.990626,210.048721,37.372734,14.042993,212.266617,9.259925,26.763977,232.376556,23.602377,29.737696,218.088852,14.760894,54.114609,208.456650,-2.737957,51.890862,229.051682,10.089245,73.833481,208.658157,0.214710,74.471642,225.391739
982,3.344970,9.109971,236.301895,6.668178,-5.896046,238.526077,6.164546,-16.907866,225.905167,27.692059,-12.426420,204.542572,43.170151,-3.016109,210.799133,37.600033,14.316124,212.474579,9.824940,26.977839,232.886612,24.128578,29.332609,218.562759,12.387267,54.325821,209.664597,-2.462752,52.581806,228.628525,9.952437,71.796204,209.989883,1.300871,70.198273,226.241943
983,4.001837,7.956369,237.465591,7.619337,-6.352027,239.463165,6.267417,-16.444864,226.029251,27.886421,-12.199692,204.983047,43.407795,-2.764531,210.833252,37.420315,14.330628,212.468719,9.166388,27.024754,233.534393,23.470425,29.416088,219.435654,13.304117,53.500500,204.827820,-2.180179,54.180920,233.405106,12.300588,73.709633,209.139160,0.909172,71.030968,228.258865
984,3.918558,8.242249,237.031525,7.988002,-5.373706,241.229233,6.419433,-16.563044,226.352768,28.269606,-11.947401,204.602341,42.905567,-2.488721,210.674683,37.460651,14.409606,212.563049,9.168657,26.984589,233.095825,23.969423,29.548639,219.031387,14.841491,53.631844,205.514297,-2.666705,52.423077,231.823715,14.535379,76.233650,211.752457,2.648678,70.972633,229.286301
985,4.136845,8.554327,236.388550,8.774840,-6.800968,243.313690,6.750223,-16.824324,227.106262,27.996216,-11.898994,203.621490,43.571053,-2.398381,211.167450,37.778988,14.831907,212.502396,10.442160,26.384438,233.922745,24.494041,29.176815,218.811783,14.233349,54.293495,205.210236,-3.132195,50.491627,227.836197,11.511324,75.834778,211.983978,3.539920,70.807343,232.155472
986,4.346346,8.007074,236.951645,7.554999,-7.120813,241.807785,6.858239,-16.237888,227.041245,28.365314,-12.097369,203.930420,43.470810,-2.061161,210.734604,37.314182,15.045369,212.030228,10.184587,26.683702,233.217163,23.960415,29.425163,218.442902,14.070643,54.981224,205.840591,-2.140511,51.214123,229.452591,9.701263,70.918663,209.948883,0.426106,69.114006,227.770996
987,4.107838,7.840647,236.453201,7.890045,-6.389998,240.805405,6.915031,-16.494246,227.040741,28.384148,-12.226915,203.606689,43.596840,-2.246200,210.842209,37.638420,14.679929,212.264679,9.886072,26.607164,232.981506,23.773544,29.288534,217.986130,14.153988,55.622345,208.741058,-2.087810,51.162605,228.458023,12.711490,69.015099,209.843979,0.993963,68.946060,226.486206
988,4.056998,8.050051,235.537750,7.921684,-6.186681,241.394485,6.715112,-16.506845,227.207550,28.402716,-11.977509,204.171265,43.672985,-2.425479,210.667999,37.510281,14.673629,212.111481,9.422009,27.196543,232.730957,23.807285,29.536449,217.483826,14.081432,54.809620,205.177658,-2.266038,50.460918,228.776413,11.117665,74.066223,209.856689,2.227556,72.756111,228.745178
989,4.088001,8.611415,236.436020,7.833916,-5.219368,240.893417,6.632180,-16.472595,226.713364,28.418190,-12.055185,204.189941,43.443138,-1.801764,211.222137,37.128277,14.869864,211.930710,10.242047,27.329582,233.546936,24.495632,29.572256,218.490326,13.821701,52.868359,205.233261,-2.080698,51.635654,229.839661,11.128859,79.255791,212.074081,4.210506,76.823586,231.127930
990,3.857277,8.630004,235.874802,6.853734,-5.826304,240.660049,6.103984,-16.142775,225.238922,28.374180,-11.604863,204.155609,43.928753,-2.329535,211.140350,37.266106,14.647845,212.068405,9.119783,28.013895,232.879379,23.590981,30.438513,218.569626,14.187573,53.852844,208.219055,-1.615155,50.716881,230.395554,11.112183,71.893822,212.032303,1.711948,72.081604,229.054565
991,3.031448,9.079269,235.651260,7.470088,-5.329129,240.818222,6.406825,-15.679869,226.965668,28.579182,-11.640160,203.946304,44.558010,-2.277481,212.173187,37.474720,14.583414,212.153412,9.287056,27.583889,233.071198,23.544928,30.645103,219.367111,12.270953,54.952332,206.843033,-1.961599,53.633854,233.794235,8.033437,72.363434,211.752274,-0.436040,69.770691,228.378723
992,2.980070,9.150996,236.934860,6.884823,-5.044924,240.897202,5.892968,-15.298136,225.839279,28.506569,-11.805716,204.458038,44.682163,-2.743790,211.945251,37.984207,14.435363,213.193298,8.361497,27.489973,232.246704,23.018080,30.559353,219.177338,15.643014,56.137527,209.809097,-2.088534,54.927959,232.468002,12.477420,82.870682,217.569794,-0.845931,73.598228,229.674118
993,3.820238,8.083521,237.490128,7.365138,-6.691053,241.454086,6.455042,-15.944034,226.646332,28.495209,-11.789850,204.649551,44.589672,-3.043687,211.372101,37.712757,14.380261,213.309296,8.409635,27.311779,232.067856,23.083563,30.513519,218.781830,15.370796,56.136333,206.907211,-2.087495,55.894733,231.953232,12.731222,83.931458,216.786606,-0.215312,77.045616,230.617249
994,3.686096,7.961056,236.417114,7.251456,-7.249758,240.313339,6.378368,-16.536871,225.767090,28.319330,-11.831060,204.535370,44.166855,-3.175857,211.028519,37.607937,14.318456,212.717056,8.929969,27.076410,232.165833,23.704741,30.065271,218.841293,15.453102,55.592342,209.535873,-2.033275,52.125744,229.704880,13.408500,79.104988,215.900101,1.012538,77.113792,229.460342
995,3.898425,8.141523,236.516342,8.623972,-6.895635,242.668579,6.757839,-16.470352,226.432358,28.322601,-11.701635,203.808975,43.568310,-2.164292,211.843048,37.281704,14.998844,212.347809,9.922147,26.630547,233.448532,23.978348,29.303759,217.888077,14.501775,54.952229,208.999939,-2.530746,51.202393,229.755936,12.717353,73.543304,211.111206,0.972607,72.383499,226.003571
996,3.428309,8.944684,236.876083,7.334522,-5.293077,241.293701,6.435477,-16.155441,227.331589,28.324617,-11.708678,204.167358,44.339748,-2.272910,211.462875,37.604660,15.128972,212.554749,9.151302,27.595762,232.379364,23.271614,29.453938,217.877747,14.570455,54.129204,204.866318,-2.824845,53.357265,232.813339,13.835006,71.584030,212.827667,1.041474,68.266205,227.012527
997,3.148042,9.193404,235.911560,6.577364,-6.139255,240.951248,5.836897,-15.989913,225.688568,28.110212,-11.394587,204.065338,43.668056,-2.259653,211.500565,37.721134,14.838059,212.510666,9.232728,27.384926,232.611328,23.302505,29.984949,218.172089,14.420183,54.473564,209.734558,-2.882523,50.948605,228.965149,10.789436,72.930878,212.966309,1.668143,70.678879,230.514267
998,2.758042,9.754627,236.322556,6.473370,-5.120550,241.101730,6.110067,-15.578900,227.333923,28.497169,-11.329963,204.052292,44.453735,-1.889627,212.474823,37.338871,15.125696,212.270325,9.343715,27.562044,232.377823,23.888384,30.320333,218.696487,13.160685,55.994209,206.448151,-2.665458,52.099426,228.516464,11.090985,71.497635,209.807129,0.198571,69.732506,226.024734
999,2.962475,9.194909,236.118393,6.985841,-5.628655,240.661621,5.849864,-15.653285,226.186050,28.474592,-11.503584,204.638351,43.975567,-1.977507,211.527039,37.297180,14.909248,211.703079,9.601714,27.465368,233.181107,23.871778,29.985899,218.284744,13.477940,54.883228,205.057617,-3.176260,52.590366,230.488586,11.315185,72.327095,209.572433,0.589949,69.316101,228.385956
1000,2.571613,10.308455,235.321487,6.994840,-4.880443,241.029892,5.878647,-15.588192,226.918488,28.121126,-11.339350,204.164749,44.145683,-2.368412,212.030579,37.521774,14.830516,212.779312,9.189853,28.255054,232.769180,23.734249,30.495893,218.685013,13.996592,53.957626,205.440155,-3.241538,51.335693,228.574463,12.173717,74.202545,209.035568,0.738378,72.594139,226.583542
1001,3.275039,9.670051,235.804092,7.479632,-4.424967,241.892700,6.275898,-15.394416,226.659027,28.106394,-11.038530,203.851273,44.093803,-2.524446,212.334503,37.645634,14.663636,213.304214,9.756217,28.313652,233.699768,23.621567,30.790409,218.065384,13.230103,52.693348,205.049469,-2.045023,52.374279,235.283615,10.308653,73.083626,210.337021,0.494011,70.530273,228.023514
1002,3.463910,8.507998,237.028610,5.787778,-5.949346,240.736984,5.845283,-15.275624,227.061447,28.478445,-11.054567,204.776459,44.715160,-2.758183,212.000671,37.358505,14.245525,212.530838,8.450113,28.040478,233.114288,22.961681,30.743576,219.192825,13.118013,53.141037,204.784012,-3.595199,53.015148,234.762192,8.039849,75.445000,211.715805,-1.700117,72.131531,229.988724
1003,4.393112,8.025292,237.669846,7.546061,-6.042674,241.792496,6.422057,-15.871210,227.667679,28.296373,-11.566901,204.978989,43.637566,-2.736712,211.055344,37.310482,14.269584,212.884689,8.717583,26.655373,232.465057,23.307789,29.957771,218.950302,14.873909,54.562107,206.348282,-2.491576,54.779942,233.870071,11.840458,77.419937,215.050537,-0.061040,73.588860,230.860046
1004,3.923552,8.912059,237.172531,7.303226,-5.424193,242.123169,6.183409,-15.154131,226.708694,28.091431,-11.544724,204.515259,43.903687,-2.694685,211.908401,37.616077,14.511545,213.023880,9.084721,27.895189,232.105865,23.624489,30.255154,218.330490,14.621105,54.918190,206.112396,-1.979501,52.439594,229.739777,12.029696,74.585236,213.324005,-0.810936,71.417336,225.450623
1005,3.147864,9.663175,235.916885,7.184061,-3.844280,241.693985,6.030362,-14.959427,226.854187,28.391939,-11.491661,204.842957,43.918556,-2.764158,212.104736,37.388432,14.459632,212.837219,9.329358,28.304617,232.878723,23.708567,30.658920,218.687164,13.872712,53.915768,205.016373,-3.482201,50.300426,228.001068,12.308029,73.937782,208.925766,0.363835,72.184944,226.904724
1006,3.612023,9.020774,236.287506,7.997451,-4.992420,241.680466,6.561842,-15.442691,227.742401,28.186207,-11.524617,204.623138,44.174717,-2.616918,212.456284,37.532753,14.307216,212.814896,9.171854,28.155048,232.971207,23.518829,30.610762,218.769333,14.036804,53.635715,205.496536,-2.235844,52.184433,231.401154,11.665645,75.813492,212.404053,0.530447,72.769157,229.606674
1007,3.768980,8.732619,236.737106,7.690058,-5.551833,243.229523,6.454068,-15.426517,227.215973,28.358339,-11.457019,204.936890,43.862255,-2.219290,211.709122,37.246037,14.408532,212.644730,9.245939,27.885496,232.902359,23.904457,30.537283,219.559891,14.521363,53.225235,205.621979,-2.585973,51.548759,228.706360,13.683733,76.067955,215.328003,1.558442,73.791321,229.030960
1008,3.829700,8.973837,237.078094,7.773108,-4.166760,241.363831,6.596104,-15.256909,228.045731,28.692320,-11.658916,205.388306,44.426476,-2.245324,211.625427,36.915154,14.586915,212.168625,8.834021,28.571579,233.111572,23.456398,30.674362,219.216003,14.546671,53.127213,204.805756,-2.505522,54.710613,234.630692,9.302683,78.138222,213.720047,-0.820464,74.659348,231.367538
1009,4.362486,8.641247,237.449539,8.020180,-5.904340,241.588104,6.399506,-15.385541,227.000473,28.562031,-11.464781,204.908188,44.368439,-2.341538,211.474503,37.361423,14.655787,212.947510,8.861832,28.026049,232.907410,23.576815,30.571743,218.815521,15.157621,53.995430,205.260529,-3.048540,54.749531,233.972488,11.865018,78.798935,215.595978,0.593699,75.810928,230.920853
1010,3.616723,9.460464,237.350449,7.656174,-4.666222,241.721603,6.401387,-15.205078,227.410248,28.508968,-11.389229,205.350372,44.622494,-2.425172,211.694183,37.203758,14.562094,212.515289,9.045753,28.257484,233.279816,23.336363,30.724277,219.557434,14.287119,54.244797,205.496887,-2.481819,53.951157,234.293915,7.166914,76.330978,214.576828,-1.814192,75.035088,228.689560
1011,4.719127,8.415106,238.455811,8.311411,-4.885566,242.496521,6.816438,-15.789774,228.017456,28.601595,-11.364769,205.529587,45.094181,-2.189648,211.238922,37.621670,14.366544,212.793991,8.635882,27.806047,232.553574,23.405678,30.571222,219.433197,14.627357,53.756573,205.286362,-2.907413,53.436760,234.710983,9.163544,78.620728,212.977127,-1.467793,74.219444,229.741089
1012,4.311688,8.455370,238.413254,7.387002,-4.798240,241.847931,6.821936,-15.012202,227.693893,28.508451,-11.348448,205.468048,44.920391,-2.028405,211.344116,37.272209,14.609758,212.275192,9.285416,27.839186,233.078201,23.607740,30.537241,219.443680,14.321851,53.314510,204.494766,-2.787121,53.404552,234.191330,11.263388,78.473312,213.571182,-0.053263,74.676041,229.539261
1013,4.176803,8.576195,238.124390,7.837821,-3.754755,242.400787,6.751212,-15.148871,227.747772,28.615673,-11.300545,205.894455,45.225071,-1.872193,211.391739,37.551228,14.595215,212.702286,8.862730,27.981237,232.416077,23.145155,30.467058,219.132477,14.548223,53.171734,204.948364,-2.283068,53.679913,234.793503,9.115040,79.796761,213.112976,-1.940101,76.179626,228.791336
1014,4.165073,7.731615,238.499817,6.893561,-4.893698,241.561539,6.937190,-15.378322,227.481735,28.230560,-11.365698,206.100845,45.207478,-1.820647,211.380707,37.260109,14.248199,212.122620,8.718857,27.447136,232.835846,23.082981,30.375406,219.542557,14.586532,52.923111,205.022781,-2.821488,53.521481,234.668808,11.728293,79.753075,211.628525,-0.071552,78.025528,231.597000
1015,3.775930,9.175594,238.002686,8.213759,-3.233993,242.058243,7.552536,-15.256399,228.359680,28.740709,-11.492935,206.574341,45.422573,-1.530979,211.569077,37.091560,14.520196,212.334961,9.178427,27.766989,233.465714,24.181002,30.418203,220.591385,15.066416,53.207870,206.492752,-2.466227,54.212738,235.091492,13.537570,80.279884,213.433487,0.112520,77.515686,231.428452
1016,3.227223,10.464128,237.535110,7.437594,-1.879220,241.785202,7.226966,-14.613558,228.365829,28.825058,-11.456631,206.545822,45.555531,-1.426710,212.195053,36.798840,14.596749,212.464966,8.607133,28.343838,232.111511,23.757641,30.551903,219.715836,15.167675,53.932037,205.956696,-2.412443,54.077389,233.964035,12.523662,79.631889,212.825165,-0.248144,76.874451,229.921783
1017,3.868897,9.249929,237.143570,7.754498,-3.045741,241.041229,7.528771,-14.481204,228.447617,28.508028,-11.372628,205.960617,45.060791,-1.225079,211.783768,37.118080,14.554690,213.189682,9.354132,28.186075,233.514053,23.702988,30.666494,219.715515,14.318233,52.801235,205.698975,-2.191207,53.116058,235.094009,10.921464,80.540848,214.344498,-0.260831,77.927376,232.197601
1018,3.630677,8.903015,237.466125,8.658802,-2.798059,241.283188,7.902414,-14.723489,228.514435,29.157936,-11.506023,206.626938,45.569691,-1.063477,212.885117,36.953697,14.782611,212.837692,9.472086,28.207321,233.946503,24.013443,30.702122,220.427399,13.360740,52.941399,205.352173,-2.760824,53.531898,235.123978,9.624311,78.084015,211.882660,-1.376623,77.394005,230.308212
1019,3.606208,10.056634,239.553482,8.071311,-1.456717,242.449631,7.928825,-14.330529,228.580933,29.186260,-11.420751,206.800827,45.728664,-0.726431,212.786926,37.364906,15.074962,212.796875,8.563952,28.912846,232.446182,23.298065,31.184956,220.395264,15.865765,54.282257,212.307968,-1.678919,53.971424,232.420120,12.223820,76.816887,212.697174,-0.787533,75.149330,227.743378
1020,3.881258,9.718303,238.128784,8.678545,-1.763190,242.576874,8.057360,-14.927134,228.862213,29.712894,-11.963372,207.587540,45.432617,-0.620271,212.216675,36.985973,14.993717,212.117050,8.788290,27.057535,232.952850,23.852758,30.579172,221.072006,14.172165,53.514042,206.336868,-1.620071,51.584423,231.424103,14.021983,79.721825,215.751663,0.417564,74.712357,231.633224
1021,3.825795,11.248137,237.628525,8.392852,-0.528933,241.556442,8.170838,-15.032211,228.700043,30.079573,-12.331800,207.397491,45.322578,-0.560827,211.932480,36.691723,14.714356,212.608856,7.759505,28.277014,231.748657,23.417816,30.556583,220.340485,16.172365,53.657223,208.953033,-1.965723,49.938717,229.030609,14.868205,79.104103,216.777374,-0.235561,74.298126,228.361816
1022,4.550060,9.688229,237.892166,8.997565,-0.949800,241.893814,9.149388,-15.263145,229.441620,30.379000,-12.009463,207.625473,45.926094,-0.589434,212.860229,36.404537,14.592809,212.097061,8.985877,27.929623,233.903610,23.154772,30.579155,221.039276,15.058917,53.337902,207.861847,-1.060441,52.396694,234.368561,9.796988,76.460846,214.114273,-2.940197,72.043182,229.525772
1023,4.262973,10.032003,237.698441,9.240085,-0.605533,242.077530,9.744945,-15.366248,229.850708,30.698500,-11.942673,208.279846,46.673321,-0.402670,212.677124,37.518200,14.288332,213.471008,9.558719,27.456610,233.853546,24.020811,30.588041,221.588760,16.602751,54.914997,208.632782,-1.369733,51.633392,234.364288,9.402302,79.447197,214.699524,-1.973495,74.618073,230.163605
1024,5.277449,9.142873,238.660522,10.894519,-0.393072,243.194244,10.016922,-15.135667,230.126129,30.945787,-11.658892,208.265976,46.670444,-0.341843,213.741165,37.325523,14.261180,212.989334,9.997594,27.738232,233.953094,24.220510,30.647366,220.577789,15.724718,54.539829,208.261246,-1.379287,49.735973,230.727509,8.193178,76.464951,212.386429,-2.767770,72.948311,228.367538
1025,4.639773,9.095243,238.016296,8.843977,-1.161775,241.348923,10.125161,-15.399786,231.047821,30.618809,-11.633764,208.339523,46.684391,-0.154091,213.260971,36.295670,14.620579,212.792831,9.292857,28.152571,233.923737,23.434341,30.688076,221.338806,13.595727,54.503239,206.781418,-1.342885,53.335300,233.230011,6.767785,75.464615,212.589661,-1.674146,74.254578,227.932556
1026,4.605085,9.507779,237.850311,9.794456,-0.039170,243.155228,10.457451,-15.527617,231.291718,31.099001,-11.546601,208.763763,46.505619,0.419766,212.984787,36.435516,15.148602,213.064682,9.547387,28.686825,234.321976,24.369614,31.107723,221.893814,15.741527,53.957844,208.537033,-1.675809,51.108738,230.048126,10.136376,78.993271,213.347382,0.480780,76.371063,231.546951
1027,3.995697,10.306835,238.698700,8.023875,1.389093,242.320618,10.237249,-15.441768,230.816559,30.871305,-11.755407,208.527817,46.737965,0.440459,213.473450,36.360733,14.994267,212.501358,9.541965,29.077425,233.749008,24.077772,31.152205,221.449600,17.219170,53.741428,209.086670,-1.445421,50.509220,233.377396,10.100543,79.531807,213.483627,-1.394397,76.078194,228.355438
1028,3.832723,10.588470,237.719681,8.262644,1.633106,241.644760,10.029429,-15.243513,230.376694,30.787352,-12.036679,208.567535,46.842770,0.376532,213.638092,36.995979,14.190040,213.037689,9.126627,28.883116,233.627975,23.797890,31.045353,221.218826,16.096951,56.059536,209.415283,-1.739299,52.276669,230.481384,11.174160,80.595901,214.201599,-0.044874,78.674789,230.919525
1029,3.689936,9.734064,238.238464,7.337053,1.057010,240.942459,10.141971,-15.356997,230.265839,31.073517,-11.999875,208.886566,47.248779,0.457322,214.800507,36.615993,14.408513,213.907120,9.230999,29.066162,233.635330,23.790173,31.172091,221.117310,15.971959,54.488697,208.353149,-0.584190,50.278301,232.759216,10.944479,79.359566,213.482925,-0.434773,78.544632,229.992416
1030,3.931856,9.848545,238.171387,7.764409,0.512497,241.389206,10.179648,-15.761756,230.445160,31.033911,-11.612331,208.657455,46.977600,0.708023,214.887848,36.895702,14.746202,214.041428,8.829785,29.211159,233.276245,23.967510,31.207281,221.099487,16.193550,54.019703,207.788834,-2.206483,53.327496,233.345490,13.633202,78.451477,213.996918,0.048802,76.433929,227.796738
1031,4.266690,8.930566,238.092087,8.814223,-1.440780,242.308075,10.497591,-16.120827,230.556229,31.068741,-12.059486,209.314255,46.505375,0.926709,213.561920,36.902401,14.116943,213.508621,9.515060,28.728920,234.086929,24.021900,31.171902,221.734329,15.574693,53.323315,208.334396,-1.038417,50.933792,230.952179,10.145174,78.129318,213.248474,0.454303,77.296417,230.765289
1032,4.564893,7.910842,237.072586,8.762001,-2.219200,242.060608,10.720697,-16.656761,230.789093,31.077274,-12.114117,209.057129,47.032429,0.739966,214.152527,36.930916,13.938921,213.456680,9.443304,28.049629,234.163467,23.928951,30.841108,221.498001,17.839031,54.620285,208.656769,-0.819537,52.492989,235.684814,14.124848,79.045258,216.328064,0.619615,76.829063,230.880692
1033,4.902215,8.537682,238.846603,9.284356,-0.804605,243.014420,10.949749,-16.258425,230.996323,31.359962,-11.917241,209.763504,47.373516,0.792979,215.485397,36.850403,14.195348,213.750549,9.851032,27.906462,234.631607,24.025282,30.759306,221.869263,17.567682,53.558075,207.715195,-1.253409,51.982990,235.063766,11.246981,76.020004,214.164185,-1.456032,74.773033,229.073074
1034,4.260760,9.903772,237.329391,8.740749,1.081995,242.591110,10.869377,-15.673391,231.289261,31.331177,-11.391679,209.014038,47.410416,1.294109,216.045120,37.046860,14.319939,214.123718,10.162828,29.205242,234.933167,24.277954,31.511198,221.262985,17.512934,55.240578,214.662292,-1.649552,51.870674,229.797745,11.988104,79.793999,217.423416,0.968812,78.400360,233.749405
1035,5.207126,8.966327,238.557999,10.161404,-0.142150,244.471375,11.366652,-15.956984,231.199585,31.706810,-11.245341,208.954758,47.065121,2.273038,215.684189,36.818317,14.323621,213.626556,10.621913,28.549654,235.089203,24.685493,31.459070,221.405090,15.188725,54.184017,205.500992,0.039413,52.979931,238.885468,14.604661,79.880363,215.125778,0.745896,79.155640,233.185226
1036,5.691770,8.238013,238.491837,9.519970,-1.042635,242.614182,11.456351,-15.813378,231.258347,32.255936,-11.684269,209.986969,46.402393,2.708811,214.592972,37.500973,14.222024,213.493484,10.538479,28.234205,235.581604,24.622873,31.323294,222.099136,19.088627,55.632072,212.547379,-0.963067,50.124466,232.102768,10.134098,77.561584,214.811035,0.125681,78.258629,234.165100
1037,5.165913,8.621083,239.622620,9.409734,-1.210047,244.001938,11.305962,-15.790257,231.063889,31.763384,-11.660615,209.728302,46.667538,2.941471,215.616776,37.145950,14.410993,213.410614,10.226389,28.471535,234.613464,24.670336,31.536795,221.794250,17.185961,53.892570,206.045670,-0.546910,48.703388,231.886490,15.133849,78.239975,215.280426,-1.170156,76.997604,231.176086
1038,5.549065,8.538767,237.823929,10.267438,-1.351583,243.175827,11.541119,-16.010672,231.388763,31.881496,-11.943037,209.830185,45.842094,2.879421,215.486588,37.143501,14.599456,213.788757,10.490218,28.114014,234.859406,25.299114,31.202196,221.815506,16.833366,53.456806,207.409515,-0.853974,50.476112,231.238754,15.168277,78.732376,217.311874,0.008740,76.991150,232.352478
1039,5.138298,8.602638,239.102295,8.620768,-0.984159,243.187531,11.255420,-15.848984,231.327805,31.994989,-11.858463,209.848648,45.723412,3.136749,214.746521,37.532249,14.135721,213.543777,10.133558,28.001680,234.531586,24.777599,31.015303,221.836426,20.892515,54.131039,207.893661,-0.891687,51.336994,237.567795,10.726064,77.694809,214.892136,-2.544290,74.738060,230.422699
1040,4.839442,9.282017,238.427429,8.728818,-0.342644,242.605072,11.512617,-15.654972,231.681061,31.726540,-12.133286,209.637558,45.930584,3.067680,214.880173,37.400703,13.841537,213.604691,10.806495,28.408749,235.286255,24.713211,30.901484,221.919434,18.949085,55.010624,212.518692,-1.633707,52.534660,235.344177,11.257144,78.717438,215.038437,-2.442377,75.303139,230.186935
1041,4.892908,8.971758,237.612717,8.937397,-0.159217,242.857300,11.503319,-15.727289,231.757187,31.846601,-12.428761,210.018585,46.140644,2.978858,214.650146,37.496475,13.987890,213.940353,10.632719,28.428877,235.311798,24.715675,31.080887,221.919174,18.102236,55.500820,212.285843,-0.988715,50.168720,230.978210,9.912155,78.154045,214.386948,-0.595175,77.946793,232.440079
1042,4.838086,8.922518,237.969025,9.026172,-0.284309,243.079483,11.679046,-15.657110,231.569534,31.890692,-12.228931,210.064484,46.125114,2.706378,214.724380,37.375164,13.828223,213.777466,10.668730,28.404943,235.431335,24.925024,31.106647,222.349915,18.464487,56.419060,212.451294,-0.961182,51.636566,230.654587,11.851127,77.268929,214.449326,-0.663844,77.677788,232.748611
1043,5.422858,8.287691,239.025696,10.037392,-0.342674,244.580017,11.688563,-15.756571,231.455719,32.034908,-11.425748,209.803421,46.672176,3.885639,216.106247,37.374836,14.774357,213.702957,10.801198,28.790392,235.954025,25.465778,32.017044,223.003189,19.612574,57.557739,213.002823,-0.736846,50.192535,230.862000,13.307824,76.441109,215.536316,-1.565637,75.651772,230.820557
1044,4.862391,9.301850,238.824722,8.738521,0.446406,243.425552,11.454688,-15.458534,231.338638,32.379833,-11.211034,209.945572,46.362331,4.172873,215.911682,36.882111,15.103498,213.678162,10.293985,28.727180,235.121994,25.615398,32.015667,222.694748,19.870108,57.801121,213.941406,-1.329766,50.861401,230.562927,16.843281,77.212967,216.365692,1.022714,76.942505,233.157379
1045,4.522899,9.771492,237.937027,8.947522,1.355510,243.713501,11.757226,-15.125328,231.683594,31.956783,-11.420314,209.949448,46.803741,4.404551,216.493607,37.072475,14.978411,213.440964,10.413980,28.822670,234.978317,25.372116,31.746784,222.665756,17.526093,56.121399,207.832092,-2.006450,51.556793,231.305161,15.477029,79.571953,218.680466,1.115063,77.933304,234.334534
1046,4.604574,9.662533,238.101028,9.190427,1.328634,243.578033,11.746189,-15.175070,231.729248,32.099056,-11.445443,209.983719,46.687458,4.831573,216.527298,37.068813,14.980727,213.455338,10.326042,28.752640,235.101822,25.356470,31.658642,222.731445,18.597153,55.936787,207.933746,-2.103277,51.294048,230.701141,15.379033,77.610184,217.562302,0.899907,77.599838,234.667374
1047,5.242056,8.431615,239.193008,8.783170,0.645469,243.869598,11.821568,-15.222783,231.889221,32.300278,-11.364535,210.326447,46.523613,5.085929,216.413422,37.008011,14.873456,213.289627,10.696703,28.807856,235.072388,25.383318,31.726454,222.696136,19.493204,56.163757,213.135132,-1.057692,50.437176,230.606888,14.202972,76.864449,216.027176,-0.244523,75.714958,231.387650
1048,5.252931,8.991911,238.866577,9.067505,1.611879,243.160477,12.043400,-15.372909,232.164978,32.030632,-11.966058,210.364822,46.099033,4.500105,216.109695,36.882671,14.522726,213.025482,11.347852,28.598076,235.371109,25.074732,31.067497,221.722870,15.691952,53.661808,205.399887,-1.242638,50.025864,231.155777,11.042040,70.576973,210.349777,1.339613,73.510986,231.369934
1049,5.181252,8.848619,238.179077,9.912835,0.622053,242.487579,11.956665,-15.090449,232.307251,32.232216,-11.981514,210.536346,46.719639,3.833017,216.805832,36.950371,13.697819,213.276718,11.504751,28.590393,235.481354,25.043447,30.834419,221.261780,17.355022,53.552681,211.450943,-0.820220,49.355511,230.995026,7.921567,69.082413,209.513458,0.568740,72.447563,228.801437
1050,5.297788,9.038707,239.027695,10.226669,-0.074843,244.279297,11.871375,-15.066005,232.079544,32.106159,-11.831705,210.443359,46.713078,3.410763,216.778427,36.404903,13.670835,212.725861,11.312331,29.202162,235.794617,25.067390,31.107334,221.792740,15.119311,54.326580,210.344055,-1.192493,51.084713,229.843140,7.932037,70.007103,209.061005,1.218527,73.156319,230.284012
1051,5.126562,9.066906,238.849823,9.970016,0.743110,244.047775,12.034610,-15.027207,232.597015,32.288483,-12.014212,210.635651,46.675198,3.289515,216.306961,36.816509,13.640126,212.872223,11.001422,28.750410,235.233826,24.864256,31.191225,221.732483,16.907173,55.120495,212.064850,-0.183996,51.535492,231.501984,9.714148,73.071533,211.031433,1.542457,74.482445,231.059326
1052,4.515655,9.300756,237.894882,9.221182,0.424004,242.889496,11.765473,-14.965345,231.991241,32.374649,-11.763083,210.280197,46.700977,3.248793,216.557755,36.663261,13.629317,212.833084,10.743913,28.603220,234.909225,25.254873,31.568285,221.919418,18.276680,55.708076,212.411942,-0.213835,51.147839,232.508377,11.718056,75.155273,212.989990,1.419919,75.662750,234.304626
1053,5.025700,9.778567,239.231018,10.015528,0.902222,244.204620,12.180984,-15.138593,232.282486,32.295151,-11.946292,210.384659,46.429600,3.516391,215.655594,36.721687,13.909309,212.994415,11.308256,28.118664,235.731689,25.265419,31.247242,222.686325,17.067410,54.759018,206.521362,-0.888960,52.883469,236.246399,12.256641,73.675133,211.850220,1.806132,75.161949,232.950836
1054,4.989445,8.902720,239.201263,9.435231,0.444024,243.547760,12.115104,-15.031346,232.286133,32.258186,-11.703419,210.330719,46.363918,3.666358,216.036819,36.557465,13.991288,213.105637,11.213419,28.504578,236.315659,24.961786,31.512177,222.518188,20.000105,55.948486,214.134460,-1.449701,49.108643,230.514877,13.043307,74.266434,213.472702,-1.520284,72.683777,229.476776
1055,4.918952,9.035896,239.038406,9.027114,1.261348,243.124756,11.931242,-14.732782,232.200577,32.383312,-11.823403,210.571381,46.266602,3.781178,215.849579,36.733826,13.762671,213.050980,10.905026,28.257519,235.313614,24.858294,31.267511,222.029907,19.974337,56.463959,213.161926,-0.860145,50.639408,236.803497,14.571295,75.470428,215.840851,-1.386646,73.229736,231.808319
1056,5.074536,8.561001,238.835938,9.526458,1.164043,244.114777,12.173038,-14.909782,232.125076,32.285831,-11.711814,210.623810,46.254578,3.802015,215.624863,36.867001,13.852479,212.891495,11.182580,29.186867,236.362503,25.382318,31.768209,222.974075,19.014994,55.144276,211.776794,-1.334023,50.494324,232.226135,9.761830,72.775742,211.226440,-1.144688,73.429161,229.874588
1057,5.463264,7.083582,239.744736,9.256880,-0.315620,243.180695,11.999441,-15.745132,232.099411,32.384933,-11.620447,210.747284,46.370865,3.672298,216.766861,36.581329,14.068917,212.721832,10.190438,28.167095,234.446136,24.939760,31.533709,222.463455,19.186598,55.747643,212.169724,-0.917953,52.013248,238.127335,11.669737,76.843300,216.385880,1.366041,75.955338,235.660873
1058,4.781960,8.725121,238.352814,8.685677,0.577475,242.995621,11.878469,-15.135470,232.082428,32.419380,-11.918496,210.951782,46.199398,3.495066,216.026413,36.441769,13.678256,213.120514,10.467993,27.647406,234.459381,24.619537,30.908869,221.758072,16.639311,54.642380,207.484070,-2.370987,49.281582,231.619431,12.487170,80.386353,216.340546,-0.559379,77.997986,233.158920
1059,4.893711,9.198921,238.167587,8.638288,0.359419,242.813492,11.669155,-14.888098,231.697083,31.979834,-11.813587,210.395721,46.838116,3.272508,216.100830,36.487057,13.950995,213.282776,10.260399,28.054903,234.459503,24.749067,30.896572,221.963593,17.736132,54.145100,207.573135,-1.777332,51.411602,234.641525,11.225216,76.693657,213.500778,-2.014032,75.649460,229.657059
1060,5.183956,8.674109,239.002441,9.182681,0.222545,243.461746,12.148328,-15.340576,231.946945,32.297489,-11.352653,210.014328,46.913689,3.944954,215.282089,36.140766,14.083175,212.821976,10.694419,28.681908,235.643570,25.150518,31.164558,222.221558,21.569054,55.957577,214.279755,-1.242609,49.274281,232.085068,15.368847,76.999100,213.784103,-0.516707,75.528511,229.570892
1061,4.958642,8.378682,238.925323,8.955684,0.419701,244.568634,12.153399,-15.526741,231.971832,32.531536,-10.973413,210.457275,47.114799,4.402785,215.650833,36.452816,14.022204,212.914856,10.902692,28.912374,235.885147,24.884747,31.331671,222.509079,19.019665,56.081100,212.444885,-0.687778,49.460411,229.779770,13.119148,73.430359,213.553497,-0.523865,74.029694,226.228928
1062,5.117449,7.864136,238.263153,9.050408,-0.278782,243.283447,11.993605,-15.587854,232.247879,32.438950,-11.073513,210.465820,46.788166,4.516856,215.292328,35.787060,14.103814,212.078186,10.387237,27.986504,235.017319,24.630499,30.759253,221.875595,15.829166,54.115852,207.779068,-1.136455,49.656837,232.003296,14.026671,77.799850,216.571701,-0.513202,76.110275,232.584824
1063,4.216147,9.174187,238.349915,8.666210,0.448875,245.468445,11.837060,-15.002087,231.697647,32.406883,-10.914965,209.865601,46.708565,4.932400,213.416626,35.946514,14.304896,211.814651,10.422791,28.866995,235.085403,24.866600,31.309898,222.030548,16.304434,54.161316,210.822006,-1.464168,50.500465,230.618011,13.457559,78.930862,214.797531,-1.308746,77.856621,231.283035
1064,4.377272,8.700358,238.196396,8.420297,-0.817512,246.773544,11.881179,-15.192401,231.640900,32.777611,-10.481219,210.435959,46.745819,5.318818,214.206482,35.693607,14.849648,211.067413,10.726800,29.365583,235.949738,25.058174,31.940769,222.425842,17.922306,56.412449,211.591431,-1.237965,51.472744,230.856445,11.021224,73.796783,212.692062,-0.900984,76.156296,228.527557
1065,4.517832,7.909401,238.442505,8.142715,-1.436258,246.020279,11.821850,-15.077526,231.602081,32.872440,-10.414544,210.770844,47.611954,5.493506,214.785889,35.760555,15.223404,211.402588,10.462514,28.931385,235.130203,25.783934,31.789877,222.827087,20.596815,56.538841,212.502045,-1.382248,51.851265,231.193008,18.174177,74.674011,216.877975,-1.987419,73.446602,227.570145
1066,4.197507,8.663746,238.595093,8.247359,0.236610,244.252426,11.843727,-15.223557,231.565613,32.816357,-10.426158,210.472061,46.968727,5.584275,214.504791,35.787922,14.927433,211.097595,11.146682,29.103212,235.337250,25.370829,31.715147,221.786911,19.999233,56.603104,212.158661,-0.962725,50.788387,231.511810,13.241294,76.692650,215.336456,-0.193921,75.227516,230.014008
1067,3.858192,9.608825,238.733948,8.311114,1.789565,247.705536,11.827315,-14.759133,231.543030,32.639400,-10.732666,210.200256,45.463146,6.240538,209.951416,34.355091,15.430205,211.001419,10.797544,29.016840,235.492859,25.729683,30.922121,222.081009,16.231579,53.994209,204.847336,-1.989899,51.389557,230.432251,13.511292,76.650345,212.811203,2.123473,78.516022,231.824493
1068,3.651966,9.419420,239.434570,7.122806,0.958236,246.094498,11.513494,-14.446313,231.281921,32.650116,-11.085604,210.147751,45.310432,6.353552,210.550232,33.060425,15.628867,209.952682,10.320539,29.173697,234.462540,25.665216,31.305828,221.789749,16.681063,53.266369,207.511093,-1.700929,51.032902,230.953415,15.379408,81.126030,216.748444,0.414373,78.457184,230.659637
1069,3.335590,9.397418,238.744278,7.495817,0.635750,246.818375,11.816627,-14.791639,231.625977,32.937786,-11.271193,210.769592,45.190178,6.484874,209.808884,33.712421,15.460202,210.600616,10.334022,29.153753,235.222153,26.120836,31.396433,222.316315,18.092915,55.793812,210.907150,-2.474298,51.438442,230.022964,13.678378,74.314018,211.680786,1.902359,76.857857,229.288696
1070,2.194854,9.907343,237.375473,6.050412,1.748910,245.594650,11.459351,-14.459745,231.115417,32.731754,-11.055281,210.373947,44.848312,7.003204,210.361267,31.461304,15.137075,209.174896,10.873155,28.824760,235.323257,26.183226,30.988899,222.349976,18.079636,53.914848,205.641861,-1.864282,50.825672,230.555420,15.678473,75.133278,215.398651,2.492128,75.348091,229.298050
1071,2.357508,10.218519,238.684204,6.331236,1.629220,247.563339,11.738049,-14.739916,231.586395,32.832500,-11.461796,210.908051,44.338928,7.233380,207.821304,31.739113,14.337906,210.454575,10.840540,29.068848,235.549377,26.252047,31.466072,223.056076,21.816227,54.851418,211.969635,-1.533494,52.589302,235.519104,13.999665,78.160126,216.923691,0.370646,78.893387,233.861679
1072,1.411784,10.078567,237.780716,4.944348,1.818952,246.158661,11.606580,-14.110724,231.126251,33.320282,-11.570951,211.034836,42.946171,7.991156,206.254471,29.177450,13.872437,209.256790,11.322323,30.484457,235.821243,26.406843,32.693794,222.674622,21.290445,55.672802,213.156021,-2.413967,51.184143,230.281525,9.188785,71.702972,210.921082,-0.673759,74.759827,228.774918
1073,0.479289,9.363826,236.969009,4.665639,1.480703,245.524292,11.563992,-13.759370,230.671371,33.541458,-11.468957,210.569702,42.527721,8.370103,207.094391,27.674780,13.970552,207.596802,11.372381,30.666590,235.471634,26.795403,33.265507,222.424850,18.911484,54.715431,211.259857,-2.063651,51.004925,231.703262,9.437677,73.949593,212.456039,1.052842,75.932968,233.241730
1074,0.903108,10.679142,235.618317,5.093318,0.625220,245.629013,12.220434,-14.485152,231.083267,33.409622,-11.993664,210.767822,43.493435,8.706293,208.252457,28.234648,13.748489,211.711609,12.692688,29.799992,234.614944,26.765011,31.970379,221.706146,25.890291,52.276421,214.349670,-2.158985,49.944931,230.793640,9.478253,76.241112,216.367203,5.664300,78.343208,236.056259
1075,0.286374,10.544046,234.840881,4.334721,0.013753,245.722107,12.259736,-14.424517,230.948029,33.523594,-12.014587,211.017502,41.947136,9.836082,207.694183,25.402004,13.811462,210.041519,13.902432,29.138487,235.157776,26.709148,31.595438,221.240997,22.176548,51.674480,212.925751,-0.037822,48.584175,234.471176,8.650553,77.967842,216.164230,6.102722,82.435417,238.470428
1076,0.531533,10.611951,234.433319,4.566778,0.181854,245.543655,12.008511,-14.328968,230.657730,33.309601,-12.017706,210.777786,42.445465,9.637953,208.085770,25.736820,13.714126,209.830582,13.885595,29.514629,235.053574,27.025503,31.652969,220.639664,24.908054,51.381119,214.536728,-0.958824,49.177338,231.213150,11.083733,74.656326,214.568878,6.900952,78.060844,235.885742
1077,-0.439904,10.633330,233.079605,3.558132,0.472382,244.480728,11.693449,-14.469499,230.434006,32.784615,-12.089119,210.592621,41.525421,9.744905,207.182312,24.539175,13.609642,209.493484,13.305885,29.580793,234.660721,27.119343,31.494049,220.573853,26.216183,48.940331,211.761520,-1.324151,50.188576,235.107056,12.966135,78.569366,214.157242,8.724496,82.979889,241.932602
1078,-0.172767,12.638532,229.550400,3.811375,1.851081,241.161255,11.838179,-14.590498,229.946457,33.060257,-12.230095,210.799591,40.569096,9.221556,207.985962,23.711493,13.376774,211.031265,13.608856,29.629311,235.092850,26.446451,31.568884,220.677750,23.140680,50.565582,214.431030,-2.117514,46.392677,233.477112,10.232156,71.926880,215.835602,4.961388,77.656883,237.330322
1079,-0.810623,13.614140,228.978058,3.661299,1.795952,241.194565,11.894241,-14.443336,230.010132,33.190353,-12.127966,210.855148,39.858368,9.137290,207.277298,22.030725,13.538218,210.415710,13.456676,29.761141,234.721802,26.898516,31.532209,220.617508,19.790089,50.255077,211.981110,-1.155626,51.005421,232.308029,7.607064,72.619537,215.332748,8.212285,81.248985,236.319794
1080,-1.457485,14.394535,228.100189,2.563417,1.664326,239.570343,11.960346,-14.388037,230.109863,33.128757,-12.071752,210.748016,37.501446,9.083969,206.117538,20.751684,14.150846,209.546631,13.224488,29.897184,234.874008,26.955933,31.405334,220.776398,21.335339,49.461388,213.428421,2.429741,52.552738,236.552322,6.804754,72.014778,213.769226,9.747560,83.907066,238.470978
1081,-1.760862,14.401950,227.924362,2.636631,1.377973,239.938416,12.381066,-14.873442,230.188416,33.502926,-12.310783,211.085037,36.027836,8.820204,205.313034,19.089750,14.601459,208.600937,13.316385,29.842329,235.079300,27.020504,31.471418,220.780441,17.726299,47.784145,211.047623,0.289289,51.919701,235.043152,6.929482,70.070549,215.708847,8.548244,80.595970,238.945251
1082,-1.329051,19.501904,224.776260,2.233311,3.506773,231.330643,11.996448,-15.087677,229.169922,32.961662,-12.411584,211.702911,36.017525,8.654392,213.156052,19.209900,19.626556,212.472565,12.225255,29.314425,235.065598,26.846943,32.065311,223.080826,21.365376,47.702976,210.868271,0.852480,52.358822,231.082001,5.218884,65.991470,214.134979,8.083046,80.906693,237.196335
1083,-1.066473,21.427786,224.555984,3.029894,4.578922,232.236130,11.679300,-14.569671,229.213104,33.236229,-12.013783,211.614578,34.284267,9.196348,212.615326,17.368620,22.722980,211.438034,11.456307,30.664505,234.202972,26.826696,32.940052,223.192505,20.362778,48.890331,213.109512,-0.318580,53.291542,230.409378,11.059306,65.830399,213.670029,8.333743,72.302795,230.719604
1084,-0.753125,25.186209,225.039017,4.245447,4.528055,234.346649,12.750737,-15.288031,230.883698,32.768227,-12.013826,211.886703,30.780550,8.909374,210.383087,14.645012,24.267153,209.308105,13.897643,25.325405,236.292831,26.681240,26.562683,223.945267,30.342331,34.611160,217.757507,6.609919,52.867546,238.678696,5.833744,57.793926,214.276932,22.624413,77.183800,252.436554
1085,-0.985279,28.203926,221.014816,3.333550,7.131517,227.471924,12.226582,-14.354697,230.693390,32.702343,-11.587884,211.897293,31.442724,10.576572,215.775452,15.028705,27.864727,210.658829,11.796863,26.604746,234.354431,25.295519,27.212540,222.220703,17.121210,39.270355,206.297455,-1.100307,50.666439,228.806427,7.489922,68.805954,213.806442,8.653924,76.505119,233.777069
1086,2.698752,31.781664,224.670593,7.036792,11.563269,231.837097,11.857354,-13.434155,230.586441,32.405907,-10.958801,212.013443,29.421679,12.374501,215.096817,18.045671,32.852154,211.950714,12.740490,24.019011,234.246506,25.644543,25.659819,222.963120,24.162815,39.567921,209.479889,-1.715795,46.882530,230.228607,16.239426,66.993744,213.333496,6.000742,73.700310,230.991180
1087,3.914970,33.012447,225.843338,7.078305,12.889517,231.727875,11.124315,-12.872169,229.137146,32.134258,-10.856764,211.747543,30.430258,12.867288,215.498230,19.403687,33.316750,212.986328,12.749210,22.335873,232.633453,25.954964,23.565800,222.228653,27.317741,33.880859,209.768112,-0.548853,40.958519,226.021164,15.816566,60.820000,213.498749,2.196861,70.981049,224.626404
1088,4.632556,33.655888,226.874863,7.511647,12.902150,232.247757,11.258753,-12.601564,229.241150,32.370930,-10.239897,211.660797,30.070089,13.477843,215.175415,19.565910,33.870426,213.469543,12.924315,22.939255,232.849243,25.615202,24.822678,222.162323,25.598135,37.959484,209.695450,0.430076,43.734459,230.373001,12.861195,59.752655,214.254456,4.713886,70.472946,226.110382
1089,5.631002,36.812363,226.008347,8.263087,14.640475,232.846664,10.831215,-12.029265,230.091507,32.429970,-10.004279,212.198700,30.623051,13.992862,214.747528,19.695608,34.234653,214.651611,12.431584,24.615517,231.877945,26.344875,25.869936,223.891663,24.083384,42.314972,209.644135,-1.093256,43.951820,222.334915,17.715027,62.453690,214.809525,3.294121,65.954208,224.594818
1090,5.732416,37.661999,226.087402,8.237884,14.173112,233.276917,10.643404,-11.922391,229.484894,32.542759,-10.394588,212.476105,32.262833,14.079288,215.979828,19.770363,34.259541,214.809845,12.532053,24.763968,231.177246,26.265923,25.588568,223.212601,28.046082,36.810432,209.233002,-1.008521,39.961143,218.489120,17.731747,58.355225,214.020309,6.040575,60.063408,225.453659
1091,6.045398,36.639130,227.072891,8.091525,13.609773,232.766617,10.458785,-11.769418,229.469482,32.373005,-10.177048,212.503647,32.237164,14.206029,216.015381,20.033974,34.138691,214.507690,12.682772,25.630999,231.618713,26.202618,26.227297,222.917953,23.764412,38.478138,205.751984,0.348993,45.705456,226.614899,12.594620,61.138187,211.587021,7.450163,63.840374,228.388000
1092,5.568869,35.914577,226.685822,7.010280,13.380339,231.927536,10.204877,-11.608595,229.460861,32.172207,-10.200920,212.274155,32.570107,14.407571,216.351303,20.280880,34.268532,214.873642,12.617081,25.502958,231.205704,26.316643,26.202032,222.217285,23.199057,37.690968,204.620193,-0.492499,39.090233,223.967453,13.999696,63.569191,211.342361,7.485864,64.375404,227.109100
1093,5.347703,35.610405,225.701569,7.470634,13.502097,232.608978,10.457629,-11.555750,230.253326,32.292168,-9.945666,212.502625,32.532051,14.931556,214.808212,20.716534,34.372417,214.210205,13.065805,27.302990,232.123398,26.671259,27.796455,222.360565,27.853241,42.070114,211.404785,-2.058872,47.092957,227.017075,19.312077,66.353394,211.806870,6.209517,68.941132,223.125443
1094,4.834855,35.122833,226.537643,7.290021,13.459666,232.962067,10.504263,-11.515084,230.749405,32.332947,-9.385273,212.610596,32.177357,15.563861,214.145416,20.808565,34.342190,214.249985,13.017783,27.011400,231.885910,26.759886,28.084606,221.970215,23.563951,41.691044,208.985992,0.032937,45.467365,225.914871,10.039441,65.981895,210.833603,11.079413,73.218445,224.277130
1095,5.099977,34.496868,226.996536,7.389020,13.094277,233.223358,10.793284,-11.632782,230.757904,32.291744,-9.272849,212.635071,32.438793,15.811979,214.847946,20.914026,34.354847,214.764923,13.738044,27.053364,232.395691,26.929436,28.661634,221.605316,20.357407,47.248745,209.653519,-0.376781,46.897499,228.073166,10.116685,66.857857,210.758438,9.711810,74.725067,225.934601
1096,5.218937,34.207592,226.778885,7.397819,12.925932,233.043121,10.961570,-11.656960,230.856216,32.558743,-9.227118,212.960052,32.315144,15.804527,214.776138,21.024292,34.444279,214.764465,13.611756,27.568544,231.641113,27.468550,29.055538,221.405487,23.909491,49.553753,210.290924,-1.757295,47.924171,225.664764,14.843637,71.171333,210.122498,5.668638,73.676033,222.895721
1097,5.531215,34.350056,226.592880,7.206521,12.797346,232.818451,11.129323,-11.805844,230.985275,32.670517,-9.139112,212.925018,32.029602,15.809494,214.212296,21.247364,34.559765,214.730728,14.231092,25.942465,231.075424,27.614084,27.546165,221.016266,25.248621,43.390785,210.076294,0.535873,43.681381,224.557632,12.507922,65.989754,210.795227,9.727606,71.466667,220.576813
1098,5.662073,34.054111,227.608093,7.441054,12.929719,234.105377,10.544348,-11.626900,231.157883,32.579880,-9.205936,213.252823,32.310181,15.798273,214.865906,21.465757,34.584827,215.317780,13.968735,26.195927,231.260239,27.566692,27.512249,221.624481,20.796761,46.017273,209.097565,-0.720252,44.391068,227.930176,11.918798,66.827431,212.304657,9.006408,70.596680,225.159012
1099,5.338236,33.642605,227.368805,7.234295,12.897107,233.738464,10.247254,-11.553962,230.395065,32.355259,-9.054458,212.892227,31.918444,15.913705,214.467239,21.148993,34.568638,215.098282,14.035223,26.069345,231.514679,27.107109,27.330664,220.610596,23.231876,44.628677,211.592270,-1.730489,45.552284,226.087006,9.410586,63.191017,211.625198,10.696050,65.097374,222.979019
1100,5.376786,33.597057,227.470459,7.183593,12.592235,233.665894,10.351278,-11.525038,231.047073,32.257374,-9.131497,213.072800,31.971590,15.672597,214.532272,21.037361,34.423805,215.105850,13.397167,26.956011,232.201859,26.872862,28.072662,221.557358,25.799498,44.061523,211.459122,-0.582552,51.137577,225.884384,10.230448,63.650028,210.309143,10.538908,71.522827,225.027542
1101,4.719594,33.718632,227.647308,7.359375,13.037545,233.644836,10.666760,-11.503397,231.123276,32.183865,-8.986168,212.996872,31.850405,15.929849,214.831467,20.673643,34.355145,214.708618,13.663679,27.645575,233.658905,26.916113,29.532076,222.665619,19.884029,50.790047,209.831863,-1.372942,49.467010,229.061981,10.900920,71.129234,211.556442,6.380269,75.353607,228.204132
1102,5.003673,33.783348,226.792831,7.344985,12.871257,233.421127,10.600714,-11.442869,231.349960,32.325783,-9.646173,213.219528,33.145710,15.418438,215.278473,21.412832,33.982147,214.872116,12.956196,27.956772,233.514191,26.752228,30.309324,223.341751,25.639637,47.150944,213.556366,-1.589467,48.721645,229.555054,12.857061,73.565208,215.538605,7.790092,81.393753,234.331711
1103,5.040539,33.651615,227.488449,7.100878,12.730639,233.707581,10.776529,-11.674582,231.767517,32.187775,-9.635877,213.077957,32.465366,15.468661,214.003281,21.135807,33.949146,214.431625,12.387646,28.790363,234.591309,26.148161,31.359922,223.673462,23.295465,50.350159,212.352249,-1.779664,47.035278,229.405640,11.686524,75.219643,214.823502,0.839218,80.888947,229.851700
1104,4.678414,33.895771,226.372345,7.083791,13.140635,233.453369,10.617371,-11.351214,232.112549,32.216084,-9.190570,213.051224,32.323673,15.650734,214.541763,21.536375,34.055500,215.022324,11.779618,29.822618,235.565231,25.566532,32.370365,223.897888,24.064945,52.465046,213.434387,-2.341045,51.142162,229.953873,14.480473,77.872894,217.759659,4.733587,80.194572,234.637222
1105,4.646743,33.420757,227.289825,6.716179,13.114578,233.036499,10.675573,-11.199723,231.763992,32.452526,-8.883215,212.821320,32.103642,16.016014,213.795670,20.830362,34.178665,214.780228,11.604040,30.172058,235.942871,24.572500,33.034576,222.601013,23.174812,51.195824,211.294754,-2.683384,48.787292,230.480957,13.392834,72.065010,218.444901,5.603982,72.027580,229.060349
1106,3.938421,33.382637,226.615051,6.863749,12.965784,233.277710,11.031919,-11.397655,231.805176,32.733295,-9.029671,213.151642,32.656822,15.989311,214.149139,21.412043,34.116611,215.238480,12.754006,29.591541,235.903000,25.663254,31.232426,223.618027,22.703207,49.667496,209.703415,-2.908185,49.176941,228.677780,11.377685,73.055473,214.734497,5.362467,76.064590,226.873032
1107,3.581862,33.836636,226.038681,6.951749,13.394217,232.906235,11.033543,-11.007092,232.258057,32.696568,-8.992226,213.552353,32.497494,15.904350,214.208160,21.341440,33.963299,214.696518,12.037349,31.425606,235.508942,25.894793,32.846500,223.726212,22.529737,50.168629,209.394913,-1.395726,55.406734,230.220795,10.879283,74.110634,214.263702,7.196848,80.504654,226.654572
1108,3.413158,33.583355,225.808029,6.775671,12.696005,233.316605,11.174406,-11.226269,232.314941,32.693039,-9.153755,213.338608,32.280308,15.827217,214.093109,21.247389,33.893242,215.161118,13.078698,29.709335,234.620743,26.497910,30.937845,223.351074,24.539055,45.956268,209.923950,-0.608199,53.661091,228.659439,9.188861,71.683693,214.280380,9.580623,82.453720,227.360657
1109,3.428465,33.370258,228.266617,7.005969,13.099082,234.020569,10.747905,-11.052669,231.894257,32.577950,-9.354986,213.329590,33.089310,15.785355,214.431931,21.803133,33.564621,215.339493,12.589096,29.863886,233.331818,26.735868,30.502922,222.803009,26.285301,44.261013,209.432358,-1.235522,53.584404,226.724365,11.194746,70.163948,213.751770,10.793007,76.663589,229.524521
1110,2.846574,33.041195,227.689972,7.009282,13.519942,234.149292,10.504484,-11.005035,232.034607,32.505959,-9.481812,213.266800,32.293755,15.950485,213.816284,21.754107,33.640244,215.635300,12.948548,30.202936,233.479095,27.009037,31.052839,222.575058,22.962517,47.234600,209.781860,-1.673361,57.590668,229.164642,11.928230,71.136490,213.448853,11.226178,77.470184,231.945267
1111,2.781226,33.443501,227.429855,7.209487,13.899438,234.398972,10.375572,-10.809985,231.585281,32.505898,-9.070696,213.324570,32.445835,15.980139,214.248276,22.090042,33.691414,215.427414,13.038650,30.312410,232.922119,27.291348,31.129442,222.059631,23.960459,48.086155,210.520401,-0.588615,55.008316,233.626312,13.735274,73.550934,216.665649,10.442332,78.588181,234.016449
1112,2.461776,34.052132,227.840942,6.542431,13.643414,234.006439,10.063993,-10.864622,231.271820,32.155128,-9.030632,212.978333,32.231449,16.141481,214.365555,21.491146,33.800243,215.148010,13.200082,29.809008,232.983032,27.298910,31.082880,222.485352,22.158524,47.816128,208.986115,-2.361145,51.746418,233.262268,10.269854,73.025536,213.803619,9.683872,74.997032,233.219025
1113,2.424245,34.241570,227.566238,6.586573,13.285348,233.955353,10.001658,-11.121556,231.743988,32.206848,-8.829153,212.902908,32.057312,16.437248,214.711594,21.295773,34.212410,215.002899,12.790775,29.674435,233.485321,27.429527,31.183054,222.885956,24.107141,46.608814,211.513657,-1.602990,52.333920,229.794800,11.780338,73.338341,215.742218,11.022253,78.969582,235.936981
1114,2.575269,33.960869,227.752762,6.923188,13.879425,234.223709,9.872866,-10.942911,231.660477,32.369495,-8.953025,213.113098,32.045071,16.495031,214.183456,21.272669,34.303661,215.296707,12.659929,30.125586,233.475677,27.142006,31.098660,222.556442,23.064369,45.295834,209.858841,-1.907454,52.071156,227.999405,12.166661,73.595467,214.233826,9.844315,78.184418,232.088364
1115,2.346283,33.962345,227.519791,7.024880,13.698216,234.002640,10.264266,-11.295100,231.678299,32.208710,-9.093486,213.038910,31.675449,16.247622,213.861938,20.960602,34.509842,215.051483,13.194814,28.631790,233.665359,26.482182,30.172615,222.281479,22.359407,44.467766,210.601593,-1.757409,50.778950,229.541473,9.392811,66.217506,215.277283,12.340151,76.014839,234.726944
1116,2.426839,33.477943,227.698196,6.781328,13.002888,233.848709,10.464658,-11.431087,231.645813,32.124958,-9.169538,212.863831,31.648888,16.027147,213.764069,21.222645,34.699780,215.405670,13.430334,28.533827,233.444244,26.642672,30.405712,222.443054,19.488682,46.917587,209.249466,-3.977909,46.661709,228.852814,7.484899,66.716454,214.135345,11.929712,70.546463,235.516602
1117,1.963323,33.889324,227.522293,6.787922,13.018960,233.557312,10.566079,-11.548124,231.562134,32.240292,-9.157187,213.012314,31.510164,16.222006,214.237839,20.803604,34.938396,215.203079,13.137162,28.522234,233.328705,26.643759,30.396391,222.856689,20.113585,50.534912,210.426987,-2.869166,50.741863,229.490234,8.970517,70.130455,215.160431,9.743069,72.892471,234.979095
1118,2.373733,33.886292,227.744980,6.771634,13.285700,233.649017,10.323329,-11.379416,231.722900,32.126785,-9.041615,213.070480,31.500504,16.400215,214.517059,20.709824,35.115505,214.987778,13.222410,27.802956,233.440948,26.422585,29.831627,222.537918,23.335609,50.130901,210.689224,-4.453511,49.860455,228.519974,10.708422,68.879723,214.632355,9.679652,67.033714,231.127380
1119,1.732156,34.155941,227.165848,6.140672,13.041119,233.210617,10.411568,-11.718800,231.893829,32.114113,-9.088558,213.102615,31.628937,16.215820,214.512802,20.436937,35.174927,214.551056,12.869843,28.406696,234.179703,25.799740,30.276981,222.504593,22.070385,48.845119,208.947052,-5.714457,48.688366,228.677521,9.362158,71.627007,215.218475,4.853730,74.086685,231.636063
1120,2.219630,33.602299,227.191345,6.386398,12.753817,233.216385,10.417925,-11.548216,231.894119,31.713831,-9.275002,212.737442,31.936403,16.035614,214.406601,20.582630,35.138474,214.931793,12.645765,28.542887,234.036530,25.555738,31.033615,222.546692,19.678541,50.679413,207.822845,-3.940837,48.620491,230.574127,11.986136,75.677704,215.744995,3.845828,73.128525,230.430664
1121,1.941084,34.074379,227.301224,6.300165,13.429447,232.966461,10.006162,-10.953465,231.391510,31.814058,-8.836333,212.368805,31.602421,16.165430,214.545731,20.585741,35.119656,214.869919,12.055962,29.163441,233.395065,25.487988,31.609924,222.015991,21.046976,51.444344,208.557999,-3.632205,51.123749,228.335526,12.701947,78.103256,219.598999,2.309595,77.611847,227.518250
1122,2.348666,33.665340,227.524078,6.299838,13.163366,233.536179,10.127719,-11.199100,231.629593,31.858725,-8.920285,212.950256,32.150059,16.250731,214.997803,20.620825,35.056343,215.117065,12.272490,28.516834,233.283920,25.881090,30.858673,222.948624,23.638680,47.186356,209.278976,-3.419274,51.958111,229.373581,10.512377,73.893028,216.068726,7.639634,77.292793,234.246475
1123,2.042784,34.210545,226.941284,6.061129,13.629565,232.732697,10.108778,-11.117952,231.587753,31.743750,-8.678669,212.626648,31.785122,16.386513,214.762390,20.758062,34.994633,215.130997,11.833033,29.209375,233.691330,25.489124,31.623806,222.784836,21.864614,50.909454,209.296417,-2.696120,52.574669,228.000397,12.862100,79.628555,220.121140,2.267146,79.108643,227.218369
1124,2.217412,33.990730,227.351852,6.277929,13.756209,233.282150,10.299628,-11.161200,231.861801,31.927887,-8.713284,212.917252,31.920095,16.562666,215.094345,20.771297,34.914204,214.808868,11.680775,30.122442,233.551239,25.737398,32.242661,223.102432,22.225582,52.099094,211.187775,-3.235728,53.407810,227.636566,13.110590,78.554092,218.893768,4.401583,78.033424,228.562637
1125,2.303551,33.789799,227.372604,6.124099,13.488494,233.332611,10.505155,-11.244060,231.865845,32.143955,-8.630401,213.152451,31.550436,16.689190,214.795547,20.535742,35.091686,214.713974,11.913157,29.418701,233.329803,25.696772,31.797794,223.463074,23.692852,50.505779,211.032471,-3.402094,51.790855,226.827606,11.967860,77.098587,218.839722,6.452359,78.013092,230.204163
1126,2.335639,33.560383,227.321274,5.944149,13.639877,233.185883,10.294798,-10.863025,231.429947,32.118458,-8.711018,212.988281,31.695061,16.686054,214.814789,20.442944,35.206173,214.570648,11.736680,29.731758,233.228638,25.823038,31.757439,223.202103,23.111992,47.674397,209.081787,-2.232995,52.285709,227.711945,11.449548,72.820816,217.224411,8.429601,77.749794,232.119858
1127,2.505245,33.534882,227.705582,6.301580,13.317829,233.373749,10.538462,-11.068113,231.979095,32.280865,-9.029278,213.302719,32.282879,16.481644,215.342026,20.747770,35.212952,215.259094,12.208914,28.038107,233.090057,25.553366,30.487980,222.817291,23.491161,48.275513,210.128571,-2.895280,49.586662,229.193375,12.316667,71.122368,217.907410,7.548875,71.487701,230.564590
1128,2.230301,33.571583,227.690613,6.354124,13.350863,233.315521,10.539370,-11.117395,231.875031,32.247421,-8.789796,213.221054,31.794394,16.472979,215.031738,20.691994,35.006187,215.070816,12.292264,28.643204,233.120300,25.567871,30.632971,222.604050,20.675518,47.003654,207.425507,-3.583640,49.080845,226.393250,10.993833,70.677650,217.898544,7.174033,70.648109,230.772934
1129,2.020654,33.468761,228.670105,6.352250,13.580341,233.870743,10.552028,-11.128681,232.179535,32.238255,-8.774219,213.538559,31.993652,16.422132,215.585190,20.871099,34.941322,215.556686,12.273271,28.756399,233.904999,25.979675,30.881821,223.507202,20.597757,47.482677,207.783554,-3.940137,47.043819,230.553299,12.065748,74.358665,217.022964,6.518919,75.072395,239.861267
1130,2.395551,33.536865,228.010330,6.438083,13.005709,233.173065,10.732348,-11.319243,231.990555,32.266594,-8.675300,213.342529,31.561438,16.596954,214.799820,20.709293,34.851307,215.064041,11.908861,29.085196,234.569244,25.127684,31.311047,222.826004,21.745508,49.502403,210.843369,-3.041950,49.575073,226.468781,11.460039,74.968506,218.639008,2.128831,75.325005,228.001282
1131,2.313593,33.194099,228.692001,6.543186,12.278629,233.074371,11.172226,-11.582746,232.503143,32.458664,-8.655931,213.430771,31.948765,16.540224,214.650665,20.499756,34.856747,214.843826,12.602180,28.203470,233.755417,25.654053,30.006210,223.282257,23.158535,47.292778,210.827118,-4.108424,47.330051,228.572250,12.302974,70.390686,216.550323,7.114210,70.904640,225.662659
1132,1.930306,33.852806,228.265915,6.467994,13.107596,233.052383,10.654043,-11.271585,231.802322,32.205196,-8.624520,213.251328,32.111485,16.437723,214.868042,21.014494,34.641880,215.302673,11.984720,29.330053,233.490158,25.727047,31.395933,222.957336,19.958691,49.318375,209.712448,-2.782975,52.630623,229.353607,11.046017,73.680786,217.196884,4.555892,74.216026,228.578278
1133,1.995237,33.646236,228.870651,6.310234,12.832313,233.139679,10.595626,-11.209146,231.983780,32.353893,-8.680578,213.574661,31.942209,16.394283,215.230698,20.515230,34.585918,214.508957,12.006145,29.903076,233.835739,26.134773,31.502455,223.405685,24.544683,49.288609,211.815521,-2.399823,52.892559,230.545227,12.115193,73.115356,215.308273,7.838230,76.025909,235.519897
1134,1.997111,33.478710,228.219910,6.360636,13.269817,233.212585,10.491081,-11.199889,231.915619,31.990902,-8.786936,213.223846,31.868526,16.397076,214.958755,21.148321,34.677914,215.384949,11.883673,29.812603,233.228241,25.487753,31.814758,222.613098,20.474075,50.513027,209.029877,-3.408906,50.298992,228.715149,13.984120,74.934341,217.325638,6.754102,74.025337,234.943436
1135,2.424229,33.848351,228.458572,6.518954,13.237711,232.687546,10.678569,-11.601327,231.834778,31.947422,-9.220207,213.049118,32.146172,16.241167,214.703598,20.839756,34.587921,215.132721,12.482365,29.257496,233.768936,25.440624,31.068388,222.341873,20.865953,50.562458,210.369171,-3.267200,52.693245,228.653152,15.571155,72.817230,216.801376,8.330794,69.833771,228.386292
1136,2.289321,33.779202,228.404480,6.479607,13.310224,232.985077,10.373365,-11.425909,231.609207,32.105591,-9.250562,213.121033,32.087090,16.141733,214.584076,21.083845,34.435135,215.269424,12.028241,29.582413,233.603897,25.566517,31.548445,222.931625,15.940388,51.472771,208.445770,-2.464505,53.504452,229.544891,14.563121,73.767281,218.656555,7.796171,74.120613,231.523468
1137,2.613054,34.006367,228.958160,6.354256,12.982480,232.789993,10.664747,-11.457116,231.861496,32.360699,-9.241523,213.234283,31.950150,15.908258,214.612808,20.934437,34.386566,215.088013,12.412239,29.362906,234.251801,25.365749,31.405439,222.218414,19.517790,51.484051,209.734604,-2.269791,52.397713,230.143158,13.657073,73.258446,217.445786,6.194882,73.611465,227.270813
1138,2.365111,34.062344,228.295639,6.350984,12.840189,232.410355,10.638287,-11.472486,231.621307,32.169399,-9.436483,213.080414,32.423054,15.786118,214.943893,20.960543,34.182899,214.953613,12.342717,28.836149,233.282059,25.369595,30.706005,222.714874,18.646828,49.890060,208.616013,-2.020326,52.904270,228.407730,12.940278,72.165558,217.229233,9.033796,71.542465,228.232559
1139,2.522532,34.289829,228.534653,6.516263,12.702168,232.648697,10.635018,-11.523485,232.098984,32.173447,-9.320691,212.857788,32.413326,15.754948,214.989716,20.841614,32.927979,214.422577,12.330939,28.637220,233.956924,25.332056,30.807722,223.455429,23.052570,46.938969,209.224564,-1.955429,50.526627,228.481781,11.033600,67.810165,215.474396,7.761896,72.318588,230.012619
1140,2.460302,34.266636,228.057266,6.554920,13.120762,232.546387,10.709224,-11.547875,231.902557,32.354996,-9.301973,212.993729,31.975557,15.816973,214.210358,20.396563,31.596699,213.499939,12.256946,29.822184,234.934036,25.269720,31.847853,223.464233,22.243929,46.886932,210.485611,-1.808662,50.579723,229.681091,8.160152,67.983818,213.569702,5.720338,73.129883,227.084045
1141,2.539089,33.582317,228.029373,6.835012,12.989514,233.011063,11.127018,-11.733399,231.963806,32.479259,-9.239821,213.044769,32.274448,15.675438,214.191528,20.937346,30.749254,214.276520,12.166542,28.963284,234.750473,25.155226,31.067995,223.674942,18.300339,48.576363,208.194641,-1.980735,52.865707,230.229492,13.293791,71.087166,216.715988,5.768043,74.514214,228.604279
1142,2.592470,34.083889,228.789062,6.710418,13.091139,233.145584,11.029761,-11.790480,231.877289,32.263416,-9.192842,212.408066,33.675308,16.079132,218.431564,20.432684,27.268959,210.343018,12.359250,29.845078,235.420334,24.994373,32.264370,222.827530,21.222567,48.683899,212.920914,-1.695427,51.891609,232.063965,10.656116,70.416283,212.766617,4.313412,75.210464,228.145981
1143,1.613656,33.442341,227.307968,6.127343,14.059816,232.858109,11.426686,-11.153304,232.630371,32.971222,-9.016258,212.937485,35.329159,16.973858,220.153580,15.147309,20.766205,210.319122,13.532564,31.942644,235.250977,26.677649,33.635765,223.858658,15.421721,50.544960,211.559677,-3.189548,53.319530,228.942017,12.280986,74.004761,212.895752,3.796364,74.068932,221.964340
1144,2.324394,34.004032,228.239258,6.076813,13.197848,232.969543,11.212776,-12.076539,232.615509,32.525612,-9.078789,212.778336,33.141895,16.918936,218.525574,14.171214,14.069109,205.576172,12.388204,32.381401,235.625854,24.927128,34.481144,222.568161,10.649068,53.788445,208.330612,-2.681024,56.784836,233.282776,10.622846,76.917236,212.823441,3.684682,78.050674,227.020645
1145,2.208365,33.069523,227.416656,5.847198,13.054599,232.503494,11.659993,-12.149998,232.638855,32.503746,-8.739769,212.642853,34.075062,18.039644,220.089890,16.615032,13.814036,207.533051,11.809737,34.143570,235.343842,24.694298,36.070091,222.776779,9.935550,56.933498,207.993286,-2.642055,57.013134,231.752670,10.753695,74.773003,212.118423,4.493346,77.741577,229.288254
1146,1.668509,33.617039,226.873535,5.740438,13.187901,231.900757,11.487719,-11.871698,232.032852,32.862812,-9.717133,213.864792,33.171795,17.530983,214.240128,17.183529,7.524549,207.965775,11.602292,32.683559,234.208725,24.741135,35.450581,222.488937,10.391299,53.646877,207.569962,-2.955876,54.846680,227.455673,10.533507,76.358261,218.349350,3.982791,78.362404,226.169296
1147,1.746728,33.702202,227.311737,5.339164,13.262152,231.643845,11.315223,-11.338945,230.595490,32.521336,-9.138645,212.161148,32.419277,16.915632,214.014557,17.247654,-1.889462,212.147675,11.772081,33.187969,233.549408,25.021433,34.844032,221.568390,10.694918,50.668606,206.060364,-1.505273,55.045830,229.033997,6.999250,76.002945,212.837738,3.313409,79.925636,225.845474
1148,1.877855,33.525154,227.925171,7.009436,13.322255,233.289230,12.126179,-11.604021,231.443863,32.877182,-8.636295,212.521393,32.535088,17.174290,214.201111,18.083208,-3.615391,212.315155,12.790359,33.160912,234.066971,25.891750,34.295078,221.993729,13.690009,50.769585,208.099854,-2.542326,56.281261,232.147156,7.504826,76.192947,213.578171,2.802089,80.516502,228.632706
1149,1.972706,33.614185,227.475693,6.631610,13.291431,233.447556,11.784185,-11.285040,231.053177,32.837433,-8.760783,212.465439,32.522930,17.222462,214.572235,18.706459,-4.626777,212.665604,12.324632,31.931141,233.310944,25.402912,33.961113,221.830399,14.640464,50.261795,208.745834,-3.637194,52.584427,225.551086,7.886292,76.598038,215.318466,0.744388,77.136055,225.712448
1150,1.646445,33.400585,227.842789,6.382865,13.149888,233.269760,11.260348,-10.865288,230.988541,32.874294,-9.029411,212.606812,31.935066,17.045782,213.916931,18.841791,-5.707038,212.673691,12.784015,32.082363,233.687256,26.098696,33.670784,221.854263,14.942966,50.548794,208.377762,-2.424388,54.485958,228.702423,9.543218,77.636917,213.913681,2.436225,79.899704,224.749893
1151,2.238595,33.853138,228.693176,6.642342,12.804993,233.063904,11.171359,-11.649353,230.812286,32.851665,-9.379933,212.629745,31.348423,16.504906,214.049591,19.401173,-8.372249,212.069901,12.461409,32.150593,234.514816,25.600283,33.720570,221.774338,14.728981,50.840580,209.219696,-2.830802,54.313053,229.429733,9.158466,78.782356,216.044098,1.495301,81.586510,233.377502
1152,1.477565,33.664371,227.836853,6.653503,13.241177,233.468094,10.633993,-11.309066,230.306030,32.477745,-10.153851,212.223679,31.973635,15.982331,214.330322,20.435648,-9.740103,212.632996,12.831773,32.073429,234.385712,26.060877,33.782734,222.267761,17.262215,48.685783,207.739349,-2.381458,50.263397,227.400497,10.137106,77.656044,216.227631,5.719370,76.904228,233.150696
1153,1.501519,33.612370,228.016037,6.799794,13.523988,233.674103,10.613748,-11.315931,229.872055,32.266209,-10.187498,211.959412,31.433846,15.495221,213.942703,20.837589,-10.098991,212.579987,12.478555,32.238003,234.219833,25.569843,33.681923,222.363785,18.735987,48.536640,208.895889,-2.524384,49.808414,226.667603,10.570848,77.540604,217.642776,5.460250,76.966072,231.976135
1154,2.148957,34.282543,227.839432,6.999974,13.161983,232.925278,11.121950,-11.426557,230.612885,32.034050,-10.164898,212.096252,30.856455,14.941904,213.176483,21.260559,-10.934470,212.983749,11.427949,32.279835,233.407120,24.421234,33.554546,221.130081,15.777010,48.019089,209.495377,-1.662727,54.454563,229.544525,7.664661,75.910904,215.168411,2.295146,75.398033,223.059738
1155,2.117991,34.196907,227.326813,6.955031,13.494357,232.732895,10.946579,-11.349520,230.867584,31.952789,-10.153058,211.934204,30.736322,14.483092,213.443832,21.311716,-11.231179,212.315643,11.415854,32.394882,233.635223,24.388920,33.155170,220.490723,15.035366,49.291317,207.301056,-1.800926,54.323792,230.760147,10.231606,75.847649,214.108154,3.625750,77.000320,222.661377
1156,1.658241,34.008656,227.949188,6.645575,13.086528,233.165741,11.459542,-11.484262,231.413315,32.442581,-10.355374,212.425644,30.692423,14.027140,213.892426,21.350039,-11.712721,211.398468,12.299490,32.012131,234.204163,25.908615,33.059765,222.520462,18.227854,49.078857,210.332642,-1.902817,53.297356,229.456055,10.890271,78.437920,215.915161,4.346154,81.046165,230.263733
1157,1.395374,34.478970,227.433441,7.065202,13.310884,233.864578,10.867235,-11.337428,230.872330,32.394096,-10.404032,212.354156,30.596609,13.980868,213.680481,21.710102,-12.298748,212.240082,11.615572,31.471243,233.711685,25.518852,32.810230,222.280350,17.068367,50.614960,210.230042,-1.380370,53.670006,227.339645,11.093880,80.448959,217.535095,2.573697,81.280396,226.279648
1158,1.702152,33.749973,227.175751,6.707727,12.972960,233.208115,10.874282,-11.282938,230.305069,32.205193,-10.244781,212.276718,30.886478,13.901305,213.722763,21.803934,-12.026184,212.918320,11.036635,31.615400,233.150269,25.161695,32.705414,221.036774,18.961990,51.126701,210.760712,-1.313848,55.243172,232.111496,13.046652,80.509377,217.883514,3.345227,82.010559,227.440063
1159,1.519932,33.907784,227.051300,6.773764,13.222662,233.064987,10.816663,-11.259482,230.289810,32.340294,-9.945229,212.435242,30.493847,13.805252,213.569885,21.668661,-11.862406,212.724411,11.449358,31.769098,233.578720,24.879345,32.744846,221.266541,19.094498,50.529961,211.457932,-1.332509,56.296013,231.393250,11.345528,79.546913,217.999359,3.219825,80.397453,230.067017
1160,1.674044,34.279633,227.715500,6.687831,13.392904,232.526794,10.826832,-11.160399,230.565475,32.375053,-10.036859,212.695007,30.513416,13.624872,214.255768,21.724627,-11.820861,212.635941,11.498777,32.403938,234.151581,25.424973,32.878307,221.931610,18.953156,50.178440,212.468582,-1.967935,54.188290,229.849777,10.592913,79.379463,216.731110,3.507036,81.155121,226.634735
1161,1.591739,34.507694,227.553406,6.879065,13.294223,232.441330,11.325952,-11.289108,230.720612,32.355095,-10.154195,212.516998,30.510061,13.480216,214.226959,21.784534,-11.753642,212.567001,11.788091,32.609051,234.429626,25.067270,32.747993,221.810806,17.270149,50.403717,211.389725,-1.666146,55.089741,230.967072,11.889000,79.887215,217.354782,3.774145,80.883064,226.852905
1162,1.427436,34.337543,227.544250,6.980003,13.394154,233.651062,10.886616,-11.215961,230.703110,32.708847,-10.276992,212.553604,30.996565,13.543878,214.278091,21.632282,-11.496575,213.125610,11.743931,31.892706,232.806122,25.844685,32.930908,221.855911,17.423491,52.536774,210.933472,-1.287730,55.116344,227.011642,11.738755,81.877289,219.545044,3.036916,82.405777,227.493149
1163,1.672159,34.035767,227.505035,6.964282,13.244608,233.236694,10.683046,-11.313958,230.131271,32.315647,-10.214471,212.176117,30.857016,13.536901,214.586746,21.402605,-11.635297,212.834778,11.802263,31.795609,232.755386,25.828382,32.794235,221.600159,21.708481,52.401215,214.931366,-1.182724,54.295238,226.830521,12.482065,83.105133,219.277451,6.392329,84.967590,232.766190
1164,1.436635,33.785778,228.118637,7.284307,13.573846,234.322388,10.540723,-11.405108,231.060516,32.947227,-10.221736,212.725708,30.941296,13.740011,214.277618,21.682808,-11.584718,213.024826,12.607611,32.296318,234.051544,27.073250,32.690567,222.697678,24.363689,50.423527,214.388321,-1.834792,53.684139,227.743744,14.043397,80.000420,216.513748,8.073663,81.114044,231.668030
1165,1.280797,33.683285,228.042587,6.686020,13.373068,233.799667,10.674429,-11.301676,230.861633,32.625206,-9.940383,212.595352,31.195023,13.839758,214.566956,21.691618,-11.348749,212.723602,12.350080,32.668949,234.119827,26.920397,32.769524,222.398804,22.134890,50.310989,213.329834,-1.578315,55.020355,228.685440,13.102039,78.893234,218.436539,6.235674,80.377686,230.148636
1166,1.529724,33.753361,228.018738,6.963131,13.074768,233.816986,10.890718,-11.565804,230.681931,32.593575,-10.052388,212.330582,30.665157,13.937479,213.917419,21.680651,-11.591530,212.947937,12.796863,31.989080,234.287170,26.401445,32.750713,221.723373,18.747065,49.013496,211.822739,-1.268501,53.913025,228.844711,10.164150,78.919144,216.636963,4.582865,82.386803,232.654495
1167,1.678634,33.743103,228.444626,7.580039,13.349376,234.283295,10.691912,-11.273438,230.072220,32.648838,-9.928133,212.407654,30.939524,14.057907,214.250610,21.593622,-11.374879,212.890717,12.681746,31.967730,234.102356,26.233662,32.897598,222.131180,21.113447,50.408401,212.397156,-2.187471,52.080051,227.635529,10.622005,79.487885,215.827957,5.357242,82.815712,234.207153
1168,1.404382,33.599030,227.522125,6.984243,13.343123,233.737991,10.839277,-11.003898,230.486450,32.568161,-9.953089,211.996552,30.346582,13.935168,213.986359,21.597733,-11.374694,213.519272,12.448457,31.903551,232.998077,26.272306,33.019627,221.895737,22.300531,51.582413,215.624802,-1.797260,53.009258,226.900665,13.063959,82.194542,220.449799,5.654155,83.813255,235.346985
1169,1.693229,34.133858,228.918716,7.135162,13.212376,233.832428,11.005701,-11.359793,231.296646,32.713070,-9.874327,212.778046,30.203938,14.053378,214.095963,21.467852,-11.052014,213.231873,12.978985,31.540979,234.478958,25.936319,32.366047,221.948959,13.482054,50.900372,210.003860,-1.944239,54.529457,228.290863,11.999866,83.020569,217.521988,6.482829,84.218994,232.154251
1170,1.576016,34.212967,228.959549,7.350705,13.373117,233.706894,10.566479,-11.531728,230.711533,32.641876,-10.016768,212.605972,30.876053,14.205458,214.609100,21.448616,-10.943189,213.123947,12.506011,30.856035,234.212814,26.200769,31.759068,222.162537,18.580511,50.615265,212.398224,-1.575656,54.028316,228.294281,12.491467,82.722382,217.988510,7.209625,83.166054,234.083908
1171,1.814397,34.635212,227.865234,7.282648,13.309786,232.991318,10.695677,-11.352879,229.982040,32.033840,-9.897120,212.024307,30.545414,14.236659,214.056625,21.276367,-11.028625,213.245590,11.302298,31.235668,233.262985,24.988230,31.887764,222.043640,15.603161,51.691647,210.474030,-1.017380,55.783928,229.330521,9.452501,80.860847,216.671356,3.635739,81.955963,228.366364
1172,1.871679,34.123383,227.501328,7.032508,13.013651,233.032974,10.955903,-11.426515,230.291397,32.360634,-10.037161,212.404190,30.474194,13.988106,213.917877,21.411682,-11.077825,212.916214,11.349719,31.233215,233.363770,25.181753,32.094631,222.204498,20.052477,50.931999,212.220505,-0.286829,57.071072,231.581406,10.988622,78.766006,217.206787,5.707786,82.160934,232.358063
1173,2.015720,33.434834,227.134109,6.714797,12.688877,232.634018,10.963372,-11.286904,230.017807,32.221748,-10.012342,211.832626,30.561871,14.113538,213.889053,21.337067,-11.041949,213.827499,10.921666,31.621010,233.298325,24.180082,32.760078,221.322861,14.776908,51.812145,210.811646,-0.452766,57.186298,234.710861,7.705964,78.285072,216.883179,1.705260,80.615814,233.661316
1174,1.891660,33.796722,228.003357,6.736387,12.595959,233.275711,11.674016,-11.440494,231.338394,33.010345,-9.924450,212.694672,30.554993,14.394928,214.233734,21.424160,-10.229753,213.167114,12.282211,31.915634,233.813797,26.337906,33.166241,223.153519,21.461008,52.211903,215.086426,-0.766958,55.787762,228.735641,13.488602,79.835861,219.832855,3.910698,81.591232,231.009109
1175,1.835091,33.308140,227.970230,6.934139,12.410455,233.611450,11.391393,-11.525041,231.240463,32.847500,-9.736506,213.254578,31.076078,14.779148,214.757767,21.383240,-9.770327,212.577209,12.481594,31.095064,234.610886,25.898487,33.075760,223.475372,17.110250,52.764965,213.486496,-0.301881,55.402401,229.591599,10.044429,81.426849,219.623154,3.389740,83.502266,233.106552
1176,1.722392,34.378410,227.494263,6.511630,13.458611,232.584946,10.948086,-11.395617,230.294052,32.627674,-9.651724,212.713867,30.884081,14.946651,214.230988,21.234482,-9.864780,213.212555,11.441493,32.011978,234.139999,24.699640,33.262558,221.928848,17.508549,51.914433,212.000046,-1.587029,56.690842,231.912247,7.890885,77.466942,217.005173,3.175130,78.968735,228.271133
1177,1.500479,34.095509,227.945999,6.660190,13.596362,233.187958,10.728004,-10.942068,230.011765,32.574791,-9.940596,212.644836,31.304789,15.031960,215.053284,21.393557,-9.720868,214.056580,11.693707,31.830275,232.451920,26.554176,32.997406,222.890854,27.232141,49.727039,216.125717,-1.636256,54.094002,225.739380,17.197767,76.690521,219.178543,4.977857,79.279388,223.472137
1178,1.278999,34.075367,227.468063,6.505116,13.334917,233.531082,10.796609,-11.115098,230.256378,32.391792,-9.452456,212.397949,30.705421,15.443072,214.636581,21.182775,-9.501945,213.989639,12.110976,31.466606,233.240677,25.064934,32.750713,221.619446,17.402498,50.754688,212.247757,-1.011661,55.125217,228.208023,10.716790,76.885918,219.185913,5.787820,77.943016,226.603897
1179,1.377766,33.700245,227.704636,7.144154,13.402418,234.406570,10.669149,-11.283707,230.845398,32.541901,-9.354112,212.403992,30.893484,15.655731,214.896408,20.946754,-9.301625,213.637619,12.430701,31.345657,233.068192,25.661705,32.889622,221.667313,16.217672,50.796413,211.588242,-0.842098,55.179573,229.336273,10.813636,79.329819,220.571579,7.105729,81.105484,236.455170
1180,1.222493,33.767208,228.400848,7.175926,13.581284,234.296692,10.694657,-11.511709,230.535278,32.551662,-9.383068,212.212997,31.266489,15.807872,215.782791,20.635120,-9.415999,213.172699,12.908964,30.962412,233.238953,27.107668,32.431507,221.760635,20.414661,50.754837,213.150314,-2.327110,52.330944,225.172455,11.036997,78.697983,216.323364,6.004492,78.147995,225.117416
1181,1.784895,33.200348,228.249054,7.035261,12.868478,233.644089,11.344906,-12.060663,230.773911,32.992722,-8.624024,212.368210,30.653433,16.662161,215.328934,19.537745,-6.124880,214.198776,13.495708,30.209003,232.331573,25.832539,32.068180,220.469360,11.846567,51.840675,209.475861,-1.677250,52.219662,226.445587,9.500878,76.906616,212.840271,4.792156,73.369164,221.316269
1182,2.390550,32.795567,228.541138,7.617860,12.825562,233.763763,11.376567,-12.329503,230.865021,33.055851,-8.407892,212.875214,30.437778,17.251297,214.489105,18.767395,-2.702298,213.992157,13.682258,31.186619,232.783279,26.424269,32.246433,220.820145,12.713184,54.256432,209.614182,-3.388667,53.160751,225.617142,11.075214,81.198380,215.096313,3.955053,79.272415,225.677979
1183,2.311047,32.738953,228.348938,7.468670,13.188017,233.766357,11.407309,-11.792794,230.912613,32.852322,-8.066580,212.437057,30.951946,17.229115,215.115616,16.483803,-1.965832,212.576279,13.546691,31.194424,232.138657,25.913843,32.279625,220.537308,10.031854,53.604259,208.952637,-3.508906,52.583851,225.216812,10.867438,81.693352,214.748352,4.174215,82.124367,225.495499
1184,2.569587,33.002541,228.854111,6.615566,13.051145,233.150803,11.443209,-11.279762,231.152557,33.021530,-8.475844,212.702866,32.199692,16.749186,215.157440,14.500339,-0.667426,211.509216,13.752141,31.641590,232.950424,26.357243,32.128223,221.028931,11.481702,54.599838,212.344635,-3.771657,53.522415,224.663620,10.273920,81.692513,216.201645,3.747514,78.966637,220.148514
1185,2.407670,32.732513,228.260544,6.619673,12.991632,233.329224,11.455886,-11.172771,232.412796,32.721336,-9.043451,212.883286,32.249180,15.810826,216.636719,15.441880,7.490574,216.330902,13.292047,32.491337,235.319580,25.935522,32.435997,223.213547,10.695993,50.494934,206.363419,-3.531879,51.321640,226.906754,8.413473,75.636887,210.327255,3.375795,76.588249,227.769012
1186,1.980464,33.254177,227.445557,6.082045,12.480006,231.808380,11.716635,-11.482996,232.351700,32.835720,-9.550844,213.312515,32.307281,14.674690,214.951630,12.649563,12.669940,214.890045,12.096220,31.883211,234.462036,25.969500,32.686962,224.526291,15.153823,45.909626,208.321808,-2.970323,46.693642,222.805328,12.691895,68.884583,211.863312,3.103783,71.373100,221.934250
1187,1.815501,34.345421,226.607224,4.661145,13.981516,230.945328,11.485947,-11.097695,232.546326,32.901749,-9.306610,213.131668,32.353565,14.187212,216.210999,12.227928,14.527768,214.049911,11.825337,30.614431,235.532089,25.663202,32.835320,224.238876,15.252160,45.718292,207.783539,-2.935565,46.635548,227.195175,11.669473,67.361603,214.534531,0.941677,71.554527,227.598679
1188,2.166162,34.266361,228.577011,6.030201,14.478710,232.309509,11.190243,-11.148564,232.942810,33.429050,-8.738155,213.419250,32.841118,14.476084,216.016510,12.783822,23.772873,213.137863,11.288581,30.022146,235.151779,25.129663,32.784370,223.948090,14.495679,47.802799,208.903290,-3.283925,52.155991,229.462967,10.264944,69.654602,213.198166,0.431691,72.376518,224.501266
1189,1.474690,34.069420,228.324646,5.421422,13.851258,232.014038,11.045579,-10.510941,233.148361,33.095066,-8.821296,213.560822,32.764275,14.555888,215.869019,12.608659,26.244978,212.427887,11.554133,28.788519,235.731003,25.035934,31.375671,224.714478,17.868456,45.925724,210.340363,-3.001669,53.219978,230.261383,9.081497,66.778618,211.898834,1.926327,67.080399,223.823959
1190,1.209670,33.804600,228.243774,5.593727,13.563443,232.108963,11.174726,-10.649765,233.117889,32.312412,-8.635165,212.794510,32.106567,14.663588,214.901062,12.765581,28.778858,212.810257,12.029152,26.974342,235.850143,24.252247,29.346848,224.071274,17.649727,44.441956,207.881943,-1.421305,45.335793,224.949905,9.592903,62.775082,212.289597,4.613818,60.120895,221.040375
1191,1.859911,33.190071,228.214905,5.810351,12.768080,232.229279,11.023296,-11.062930,232.686569,32.271572,-8.832913,213.007462,31.289158,14.610012,214.464218,16.327702,30.297274,213.937286,11.148120,27.376846,234.861145,23.741093,29.654848,223.441238,15.495010,42.282665,205.730530,-1.815989,46.334400,227.781921,9.007462,64.157104,211.854843,5.406950,67.473564,231.708115
1192,2.336292,33.671597,228.522095,6.259757,12.996327,231.432846,10.879474,-11.035388,232.264328,32.174961,-8.897582,212.863297,30.890503,14.719216,213.788544,18.425835,33.384747,212.316040,11.081919,28.583149,234.144348,23.646502,30.809406,222.607529,19.431772,46.341312,208.939545,-2.641626,53.014149,230.571686,10.952490,68.796455,217.505005,5.978670,72.774063,234.883636
1193,1.824303,34.247124,229.044571,7.017298,13.360231,232.846344,11.097244,-11.008068,232.286774,32.251053,-8.528315,213.031708,30.745346,15.220858,213.951614,20.279346,34.853668,214.181259,12.254930,30.263018,234.893112,25.050234,31.736086,223.259689,24.138256,46.367821,210.068253,-1.707147,51.516552,230.452637,11.438653,68.828690,217.192459,8.748266,75.367355,233.777847
1194,1.587976,34.059139,228.761688,6.705543,13.500958,233.623657,10.749074,-11.065863,232.069473,32.331226,-8.640689,213.294617,31.871908,15.601771,215.529160,20.907206,34.254498,215.199371,12.522720,28.209223,233.446625,25.383348,31.074842,223.392090,22.365797,48.660984,210.974365,-1.936465,51.479187,229.940369,10.680612,67.958260,218.247467,7.412171,71.351181,233.765839
1195,1.872095,34.436993,228.941360,6.853359,13.452490,233.407700,10.822051,-10.951801,232.045380,32.408382,-8.536275,213.400833,31.745543,15.841439,215.649963,20.669039,34.300896,215.249588,12.584789,28.720955,233.765152,25.531170,31.371197,223.571915,21.204504,47.410385,210.955383,-1.808418,54.161995,229.820023,9.736410,66.251595,215.549393,9.840363,72.381599,231.466324
1196,1.803950,34.224392,228.847351,6.748174,13.434066,233.252350,10.841872,-10.918867,231.923340,32.372898,-8.482817,213.252792,32.168430,16.045502,215.768539,20.720198,34.170341,215.277740,12.585067,28.620279,233.684662,25.445406,31.195900,223.530243,18.723646,47.974937,208.630157,-4.240103,52.241150,228.373474,9.451489,67.507286,214.692459,7.120889,71.004669,229.392136
1197,1.801182,34.573540,228.952728,6.778483,13.415928,233.402084,10.921316,-10.962790,231.903259,32.321426,-8.516243,213.099670,31.678579,16.268110,214.767181,20.331114,34.299129,215.144867,12.808898,28.713249,233.839508,25.538914,30.802986,223.561905,18.650219,47.192310,208.768234,-1.896806,54.029980,230.475784,9.830040,68.130478,214.853836,8.717675,72.448029,230.665909
1198,1.959022,34.103535,229.179108,6.988132,13.408073,233.706985,10.900791,-10.888200,231.912643,32.468552,-8.463576,213.317062,31.848545,16.324938,215.111053,20.428782,34.324368,215.239334,12.574924,28.734209,233.867218,25.350447,31.358618,223.934799,19.297085,46.888596,208.405731,-3.703017,51.417953,228.541321,10.108109,69.827042,216.591736,7.928244,73.857948,231.483200
1199,2.091008,33.795128,229.344635,6.532306,13.137037,233.157104,10.863058,-11.061881,231.907547,32.440945,-8.468531,213.443054,31.997562,16.284121,215.308502,20.298998,34.216373,215.325531,12.750891,28.313549,234.012070,25.586071,30.514538,224.199875,20.910946,46.250488,209.769928,-2.111423,52.393097,231.490479,6.667192,68.795135,215.825775,7.509835,75.997276,232.984116
1200,1.913168,34.014896,228.744980,6.693154,13.299818,233.353836,11.109829,-11.158562,232.013290,32.453209,-8.352447,213.193741,31.556566,16.320932,214.220474,20.371536,34.184956,214.884857,12.468059,28.620104,233.987167,25.272741,31.059486,223.860565,18.786633,48.913696,209.242554,-2.074481,52.262333,228.380707,8.871051,72.534370,216.260696,6.711744,77.065414,231.248260
1201,1.826535,34.185474,228.951065,6.511637,13.344294,233.039398,10.905420,-11.209678,231.680511,32.482319,-8.319669,212.979462,31.942362,16.357325,214.371857,20.283098,34.194748,214.432800,12.292252,27.845005,234.184464,24.826805,30.645761,222.604965,21.339365,47.636765,209.635239,-1.751758,51.131153,229.933563,8.240318,71.131065,216.174500,7.543649,75.470222,233.012039
1202,1.970964,34.493427,228.711731,6.733914,13.730556,232.772964,11.058563,-10.992431,231.950760,32.532372,-8.451474,213.110886,31.813105,16.401888,214.562775,20.152395,34.231163,214.367462,12.691030,28.840969,234.720093,25.325249,31.261341,223.636414,22.489130,46.767315,210.916473,-1.930165,50.161953,228.486633,7.029203,67.258293,215.321136,8.675140,72.577606,230.578369
1203,2.155619,33.994026,229.009888,6.881106,13.090755,233.455872,11.124463,-11.245290,231.718857,32.505352,-8.509666,213.054977,32.713474,16.251966,215.141815,20.800129,34.259689,215.480972,12.114785,28.358564,232.788376,25.367956,31.780153,224.026077,16.971308,49.571350,207.303421,-1.940341,52.305336,227.163269,10.537186,73.813698,218.904190,7.634035,75.145859,231.621918
1204,2.255098,33.830772,229.193008,6.741065,12.924264,233.559830,11.169229,-11.434157,232.121628,32.549580,-8.296576,213.195129,31.433834,16.371984,213.900070,20.247744,34.289436,214.681412,12.603743,27.737411,233.762619,25.317926,30.579300,223.719009,20.674417,45.857681,209.472946,-0.856005,51.231510,228.888580,5.770814,68.752739,215.914062,8.861345,76.372711,234.277664
1205,1.908551,34.243160,228.593872,6.637947,13.485111,233.055557,11.029899,-11.260025,231.803284,32.449310,-8.285088,213.041534,31.881243,16.318100,214.445541,20.312943,34.318199,214.821838,12.716936,28.634935,233.998291,25.488417,30.834566,223.656754,21.842558,47.528507,210.624496,-4.142193,48.481491,227.380264,9.230440,69.379074,213.344666,6.855107,72.585419,228.914825
1206,2.053745,34.256229,229.256058,6.868731,13.221684,233.180298,10.794921,-11.171848,231.325974,32.693913,-8.139777,213.126953,31.812904,16.396229,214.608032,20.475933,34.333027,215.228745,12.548743,29.291401,233.829254,25.830135,31.037081,223.180374,22.049068,47.094761,210.414322,-0.897184,54.011784,230.611679,8.611618,71.583504,215.694519,11.780839,80.614639,239.435455
1207,2.096312,33.569321,228.932343,7.072201,12.758554,233.432617,11.436714,-11.660069,232.124176,32.794243,-8.408550,213.034363,32.201183,16.406832,214.490158,20.392416,34.393066,214.783127,13.088712,28.084019,233.941101,25.806543,30.623365,223.358795,22.085812,45.762032,209.983673,-4.440657,47.581120,230.179001,8.886585,64.663223,215.063004,4.774805,69.180672,230.392990
1208,1.932995,33.934517,228.880127,6.807059,13.040310,233.087311,11.351565,-11.443671,232.104736,33.112568,-8.093850,213.329544,31.803419,16.513994,214.582962,20.333897,34.528828,214.869263,13.343212,28.033558,234.201279,25.967752,30.884516,223.483109,20.442671,46.613159,210.701508,-4.652245,48.374062,229.482513,8.222778,65.669464,217.310974,6.796762,70.141129,233.152557
1209,2.022007,34.108135,228.938400,6.928936,13.037283,233.184464,11.230786,-11.448421,232.040863,33.125790,-8.022350,213.447891,31.704859,16.593912,214.473160,20.348425,34.628136,214.919418,13.289954,28.174091,234.298874,25.994421,30.895760,223.821167,21.337811,46.190742,211.227936,-3.708911,49.455730,230.008835,7.318717,65.446350,216.247986,6.764326,70.997375,232.740143
1210,1.970142,33.962063,229.003876,6.781329,13.090255,233.374039,11.098145,-11.212765,231.773178,33.097393,-7.818942,213.226379,31.804308,16.701504,214.585907,20.316835,34.619911,215.152878,12.513696,29.901144,233.731537,26.068432,32.013676,223.549866,21.789511,48.270214,210.725632,-1.698720,53.327770,231.018005,10.771142,70.965553,214.954391,8.539375,75.591599,231.671173
1211,1.700540,33.563759,228.158737,6.618796,12.918430,233.270752,11.419590,-11.639308,231.915802,32.794796,-8.234659,213.221588,31.885996,16.721199,213.923538,20.407398,34.787804,215.145615,12.391714,29.733992,233.545654,25.587761,32.130440,223.226990,22.441904,48.040257,210.015472,-1.688624,53.255470,228.457962,11.459993,70.898277,216.847870,7.035587,72.958717,227.649200
1212,2.101354,33.520084,228.742828,6.805031,12.760800,233.393387,11.217198,-11.791452,231.546310,32.668419,-8.226922,212.681046,31.896587,16.705006,213.570953,20.350992,34.861019,215.223755,12.128057,28.364687,232.604065,25.492954,30.695704,222.764252,21.476379,49.151356,211.029221,-1.564452,51.433949,232.067230,13.443769,71.823799,219.334625,7.639733,71.242760,230.437592
1213,2.427383,33.902599,228.738266,6.877071,12.521523,232.969803,11.285102,-11.840814,231.744003,32.753906,-8.287908,212.856064,32.105282,16.495203,214.225113,20.457136,34.854580,215.047455,12.893781,28.461916,233.641571,25.671335,30.798773,223.234711,18.212212,51.025005,210.172333,-1.862658,51.922848,229.284317,11.646626,67.220757,217.789658,6.874835,69.903465,227.328217
1214,2.405582,33.774849,229.013779,6.911285,12.644093,233.568695,11.141255,-11.782163,231.784546,32.889053,-8.324636,212.750595,32.344498,16.597126,214.159653,20.457212,34.832088,215.303635,12.760110,28.951576,234.039688,25.896273,31.431820,223.150421,23.148338,48.223118,212.390976,-3.752122,49.320999,230.418640,10.900567,63.834766,214.289566,7.880823,67.826576,228.830444
1215,2.201565,33.948147,228.486755,6.827722,12.947542,233.180679,11.284390,-11.811515,231.671295,33.032646,-8.288901,213.012466,32.094284,16.653490,213.942657,20.045582,34.762939,214.799927,12.474168,28.346281,233.244858,25.733965,31.527954,223.771912,19.867544,48.924019,209.605942,-1.873950,49.313084,229.261017,10.245710,66.118187,218.580948,5.978526,67.975060,230.856018
1216,2.601970,34.133968,229.242004,6.860890,12.708349,232.882248,11.309433,-12.058446,231.834656,32.967216,-8.367802,212.919098,32.327347,16.541809,214.308670,20.364429,34.755421,215.152847,12.245347,28.642151,233.941864,25.690592,31.624937,223.834427,22.796625,46.791943,210.629776,-1.677656,51.102932,230.571991,10.274169,67.661133,216.135620,7.412320,70.900513,231.185425
