frame,joint_16_x,joint_16_y,joint_16_z,joint_14_x,joint_14_y,joint_14_z,joint_12_x,joint_12_y,joint_12_z,joint_11_x,joint_11_y,joint_11_z,joint_13_x,joint_13_y,joint_13_z,joint_15_x,joint_15_y,joint_15_z,joint_24_x,joint_24_y,joint_24_z,joint_23_x,joint_23_y,joint_23_z,joint_25_x,joint_25_y,joint_25_z,joint_26_x,joint_26_y,joint_26_z,joint_27_x,joint_27_y,joint_27_z,joint_28_x,joint_28_y,joint_28_z
0,0.434861,-0.405271,3.796778,0.515769,-0.535557,3.737764,0.510686,-0.780469,3.734648,0.928391,-0.685104,4.028800,1.166197,-0.425036,4.002372,1.012677,-0.186305,3.996425,0.572343,-0.196754,3.918771,0.833143,-0.078243,3.980347,0.568285,0.250654,3.875656,0.273076,0.010573,3.872009,0.497719,0.394859,3.691744,0.297247,0.302200,3.662112
1,0.317926,-0.378859,3.802024,0.410545,-0.579361,3.738343,0.425092,-0.790758,3.726391,0.822745,-0.684193,4.050448,1.112335,-0.391310,3.999546,0.924129,-0.199349,4.022242,0.529440,-0.155317,3.884326,0.776119,-0.024666,3.958787,0.580945,0.285238,3.850201,0.196430,0.060022,3.832713,0.559329,0.488152,3.577539,0.228183,0.389642,3.564170
2,0.363618,-0.378786,3.781923,0.459326,-0.560928,3.723063,0.466449,-0.764038,3.738062,0.864480,-0.664880,4.045317,1.113556,-0.382123,3.998065,0.959042,-0.195932,4.013856,0.497029,-0.171716,3.891094,0.709695,-0.014490,3.965311,0.459926,0.220935,3.902992,0.181796,0.031635,3.838825,0.431841,0.489915,3.565703,0.203353,0.378673,3.528914
3,0.378164,-0.381546,3.791312,0.473666,-0.553873,3.727811,0.481026,-0.776473,3.742622,0.893066,-0.680780,4.044756,1.141464,-0.375005,3.993040,0.971959,-0.189765,4.014515,0.510673,-0.165126,3.891759,0.740287,-0.020816,3.967456,0.455445,0.212972,3.904928,0.197130,0.024366,3.860536,0.416302,0.529193,3.505412,0.216557,0.365278,3.557369
4,0.380306,-0.397465,3.793475,0.470353,-0.585191,3.725263,0.480473,-0.800323,3.739860,0.891221,-0.679522,4.046800,1.151324,-0.384262,3.996830,0.970866,-0.195410,4.016741,0.519519,-0.182843,3.897354,0.750076,-0.042757,3.974741,0.445934,0.212209,3.908719,0.216722,0.014899,3.864447,0.377719,0.533329,3.511766,0.217120,0.338646,3.600845
5,0.387451,-0.391001,3.794162,0.469432,-0.577789,3.728879,0.480332,-0.796875,3.744234,0.897711,-0.685432,4.046237,1.165149,-0.396459,3.993489,0.973743,-0.195870,4.012285,0.530631,-0.175846,3.897805,0.769677,-0.034797,3.971273,0.495927,0.275426,3.867204,0.206595,0.032429,3.854662,0.464280,0.523286,3.539870,0.239389,0.347981,3.597211
6,0.399940,-0.395986,3.793709,0.483624,-0.580398,3.731429,0.493682,-0.772506,3.750507,0.902636,-0.680209,4.048906,1.181745,-0.402404,3.996689,0.970302,-0.200251,4.014892,0.549472,-0.178165,3.901625,0.785228,-0.029979,3.971300,0.412582,0.192052,3.917033,0.213595,-0.037029,3.895187,0.394577,0.441409,3.620276,0.228233,0.319836,3.631722
7,0.394623,-0.397937,3.799410,0.493206,-0.568708,3.738648,0.489195,-0.791900,3.747905,0.912480,-0.668699,4.048777,1.164215,-0.410142,4.005281,0.966629,-0.210491,4.018670,0.552256,-0.179380,3.907723,0.791881,-0.034989,3.975293,0.470046,0.247298,3.888177,0.224215,0.006088,3.872985,0.435361,0.444108,3.613303,0.255316,0.270504,3.694676
8,0.395072,-0.391014,3.800807,0.491377,-0.558518,3.746200,0.488681,-0.781272,3.750907,0.903380,-0.661560,4.048995,1.169372,-0.386736,3.997694,0.963919,-0.209539,4.020823,0.556040,-0.176522,3.901698,0.803023,-0.025151,3.968327,0.465906,0.246384,3.885598,0.219854,0.003080,3.876566,0.453857,0.453965,3.595770,0.242313,0.259314,3.675272
9,0.394900,-0.403734,3.799405,0.486549,-0.579501,3.747450,0.482670,-0.792744,3.750601,0.900127,-0.669599,4.048153,1.151682,-0.405060,4.009717,0.968967,-0.209970,4.020719,0.546736,-0.188699,3.909021,0.796007,-0.041062,3.976810,0.504914,0.292279,3.861417,0.221561,0.005585,3.874137,0.474814,0.482727,3.560324,0.271174,0.340769,3.602104
10,0.400900,-0.390118,3.805515,0.500887,-0.542843,3.751469,0.491811,-0.779605,3.751275,0.902775,-0.671615,4.051690,1.162283,-0.396454,4.001065,0.964990,-0.206213,4.020883,0.566437,-0.165273,3.895502,0.808066,-0.034578,3.969699,0.507494,0.283926,3.869860,0.224239,0.044094,3.854275,0.493724,0.513737,3.554362,0.272231,0.373342,3.576931
11,0.395475,-0.392487,3.803341,0.491999,-0.555735,3.737123,0.489984,-0.791104,3.751697,0.905115,-0.669308,4.052945,1.159836,-0.397657,4.000731,0.967970,-0.204542,4.018174,0.548480,-0.189518,3.903875,0.792486,-0.040604,3.975140,0.478711,0.254128,3.884003,0.227797,-0.014217,3.886531,0.470868,0.507112,3.551175,0.247276,0.355423,3.593358
12,0.402692,-0.393361,3.805833,0.492032,-0.571118,3.743523,0.487449,-0.785641,3.749714,0.917903,-0.675480,4.052409,1.155666,-0.399783,4.006029,0.966100,-0.204076,4.016884,0.547580,-0.177456,3.898082,0.793962,-0.039173,3.972989,0.509042,0.287848,3.861213,0.235360,0.024039,3.865671,0.458671,0.506558,3.566133,0.260021,0.378368,3.592995
13,0.400758,-0.394080,3.804065,0.499435,-0.559018,3.737052,0.493821,-0.788888,3.751507,0.917344,-0.660390,4.046087,1.151868,-0.399365,4.006416,0.972556,-0.202942,4.017407,0.546889,-0.169005,3.897302,0.797971,-0.029046,3.967523,0.523414,0.293408,3.857367,0.229602,0.030504,3.860016,0.459557,0.477756,3.587326,0.268036,0.369401,3.594798
14,0.400180,-0.393240,3.800431,0.498451,-0.557487,3.746632,0.487662,-0.780519,3.750199,0.920347,-0.672228,4.043888,1.141463,-0.405635,4.010636,0.969238,-0.205095,4.016956,0.544704,-0.175336,3.900203,0.792329,-0.037325,3.973074,0.460766,0.234078,3.895834,0.228661,0.023477,3.862938,0.414649,0.456708,3.610602,0.228039,0.358587,3.606646
15,0.394780,-0.393085,3.801240,0.492926,-0.560053,3.742234,0.491505,-0.777792,3.751921,0.909012,-0.676101,4.048996,1.157804,-0.413707,4.004212,0.968681,-0.208121,4.018454,0.546976,-0.168007,3.896798,0.793363,-0.026826,3.967525,0.469370,0.261555,3.878530,0.234877,0.029194,3.861876,0.409268,0.473145,3.591084,0.243763,0.365766,3.597242
16,0.396769,-0.390333,3.798637,0.493368,-0.554412,3.741937,0.487103,-0.786289,3.749831,0.907451,-0.686251,4.049868,1.132325,-0.407970,4.010603,0.971155,-0.204060,4.013509,0.550427,-0.171138,3.895804,0.790338,-0.042606,3.974343,0.477989,0.265171,3.876448,0.232024,0.014019,3.871472,0.405000,0.469517,3.595472,0.267103,0.372396,3.586132
17,0.392362,-0.398964,3.803059,0.492467,-0.548054,3.747991,0.486970,-0.780368,3.749341,0.913105,-0.683801,4.049813,1.157216,-0.424775,4.009062,0.967716,-0.207946,4.019643,0.551230,-0.177303,3.896610,0.790019,-0.048073,3.975806,0.490669,0.276120,3.868397,0.226330,0.020238,3.868340,0.419151,0.482349,3.571506,0.231205,0.357134,3.579190
18,0.397753,-0.394715,3.805691,0.492514,-0.557855,3.746138,0.487040,-0.787003,3.747226,0.907475,-0.679378,4.046564,1.138142,-0.399446,4.010681,0.977250,-0.203658,4.016388,0.552191,-0.166557,3.895046,0.802005,-0.035410,3.968334,0.522605,0.294301,3.852956,0.232658,0.040382,3.861307,0.449684,0.511293,3.540119,0.250973,0.372521,3.562655
19,0.392399,-0.395882,3.805546,0.489159,-0.555539,3.750422,0.488415,-0.786474,3.744811,0.893472,-0.684743,4.050787,1.148901,-0.410428,4.007835,0.964639,-0.207466,4.017822,0.558486,-0.182926,3.897581,0.790865,-0.054688,3.975355,0.489052,0.284366,3.859788,0.233430,0.023372,3.861883,0.438040,0.486496,3.574885,0.233784,0.362961,3.564287
20,0.402851,-0.389269,3.805923,0.495800,-0.564305,3.751947,0.492335,-0.785797,3.746295,0.903850,-0.678044,4.050102,1.148075,-0.412158,4.005766,0.972602,-0.202605,4.015995,0.552928,-0.186219,3.899228,0.794968,-0.055939,3.975573,0.438125,0.238946,3.888475,0.229736,0.004694,3.867628,0.434503,0.487379,3.583829,0.227979,0.359635,3.597519
21,0.401180,-0.394416,3.805281,0.490508,-0.575992,3.746871,0.492693,-0.793634,3.747353,0.901279,-0.680293,4.051176,1.152697,-0.411772,4.006767,0.965199,-0.205101,4.019674,0.556117,-0.188968,3.899458,0.794233,-0.054520,3.977792,0.410441,0.215020,3.898620,0.216623,-0.025417,3.892717,0.424547,0.455048,3.615154,0.249786,0.336801,3.609043
22,0.393098,-0.396137,3.809336,0.483215,-0.561256,3.740079,0.486488,-0.784719,3.751001,0.898931,-0.681335,4.050082,1.137979,-0.411043,4.008829,0.963692,-0.205631,4.018308,0.545378,-0.182757,3.898899,0.785549,-0.041042,3.974499,0.411675,0.223603,3.896055,0.218079,0.029581,3.864827,0.423879,0.490945,3.558701,0.227616,0.364802,3.581438
23,0.397307,-0.383708,3.806152,0.494837,-0.548253,3.751086,0.492406,-0.776285,3.748519,0.908982,-0.671673,4.048577,1.141828,-0.399263,4.010725,0.966161,-0.203786,4.020766,0.559791,-0.176130,3.895190,0.792754,-0.045898,3.974472,0.481571,0.271244,3.874550,0.239443,0.039530,3.850445,0.438618,0.499549,3.570593,0.255797,0.385439,3.575823
24,0.388343,-0.384972,3.807827,0.490981,-0.543791,3.753877,0.492717,-0.774189,3.744418,0.908374,-0.668400,4.050191,1.152775,-0.390662,4.003519,0.967781,-0.203786,4.018182,0.563575,-0.171999,3.896279,0.794971,-0.039560,3.970445,0.473372,0.252657,3.883897,0.224756,0.015612,3.869405,0.441095,0.483868,3.587770,0.247934,0.373963,3.574347
25,0.391394,-0.394542,3.812267,0.487219,-0.556339,3.749386,0.490978,-0.775049,3.750138,0.905434,-0.670584,4.050931,1.145225,-0.398213,4.010818,0.964184,-0.204479,4.018685,0.548246,-0.174731,3.898239,0.788315,-0.036264,3.975073,0.484373,0.291293,3.858770,0.228028,0.033257,3.852026,0.432008,0.494574,3.567041,0.252577,0.393108,3.572047
26,0.398276,-0.392310,3.807676,0.496210,-0.550686,3.747208,0.488634,-0.782845,3.750210,0.919033,-0.671425,4.047754,1.150743,-0.407659,4.010056,0.969867,-0.204524,4.019168,0.546030,-0.175775,3.897609,0.794679,-0.032197,3.970948,0.489368,0.285465,3.865102,0.228279,0.025254,3.856494,0.417900,0.470977,3.593641,0.260984,0.378698,3.589111
27,0.405005,-0.398584,3.809031,0.499933,-0.573105,3.756873,0.488032,-0.803215,3.745935,0.921250,-0.672343,4.049957,1.144929,-0.401392,4.008046,0.974628,-0.203971,4.018333,0.546997,-0.186280,3.900203,0.799921,-0.041639,3.974505,0.526922,0.292106,3.861441,0.230348,0.037348,3.864229,0.438215,0.467452,3.594291,0.250351,0.358569,3.603247
28,0.398494,-0.393279,3.800100,0.494791,-0.552450,3.737623,0.488456,-0.790185,3.752460,0.912956,-0.658245,4.052186,1.171652,-0.382873,3.998224,0.972310,-0.203417,4.018346,0.548048,-0.181585,3.898643,0.792870,-0.028791,3.968493,0.501897,0.285226,3.865213,0.234745,0.015454,3.873050,0.406147,0.461807,3.594990,0.216839,0.345341,3.602721
29,0.399445,-0.401521,3.800757,0.502567,-0.555208,3.747111,0.486598,-0.784968,3.747470,0.915260,-0.673733,4.049830,1.133932,-0.398964,4.009045,0.965279,-0.207720,4.017016,0.544242,-0.177889,3.900944,0.793126,-0.039123,3.973377,0.517945,0.290495,3.860336,0.232105,0.007930,3.877100,0.431889,0.482164,3.588717,0.244347,0.280852,3.687920
30,0.391709,-0.391216,3.802202,0.491711,-0.561623,3.732308,0.492386,-0.779128,3.756460,0.899418,-0.673755,4.053449,1.145711,-0.402378,4.006930,0.966426,-0.208481,4.017793,0.545238,-0.175875,3.900031,0.793470,-0.029193,3.969549,0.488885,0.284106,3.863733,0.234739,-0.015928,3.890345,0.407652,0.434079,3.635122,0.219432,0.318943,3.624317
31,0.403102,-0.397864,3.802290,0.497639,-0.574034,3.750038,0.484418,-0.798823,3.743908,0.915256,-0.678039,4.050292,1.136232,-0.405548,4.010011,0.969803,-0.208239,4.018315,0.546670,-0.184209,3.898833,0.797141,-0.046256,3.973980,0.501455,0.279848,3.868425,0.224755,0.034421,3.865172,0.434138,0.453251,3.607990,0.234004,0.358397,3.590044
32,0.392582,-0.392208,3.804941,0.492100,-0.551814,3.751014,0.487215,-0.775152,3.750860,0.910768,-0.676718,4.052835,1.152482,-0.404454,4.004676,0.964770,-0.207458,4.020971,0.550056,-0.161305,3.896540,0.789101,-0.025601,3.969509,0.437690,0.239644,3.887309,0.225866,-0.006514,3.884634,0.411153,0.464591,3.603496,0.230001,0.370667,3.582562
33,0.392949,-0.393369,3.803595,0.493535,-0.545120,3.756397,0.484753,-0.767692,3.746772,0.914826,-0.678309,4.045692,1.132968,-0.419327,4.009227,0.968980,-0.208582,4.016817,0.560199,-0.142925,3.893380,0.808102,-0.019827,3.965451,0.499909,0.271781,3.875797,0.244249,0.027962,3.860605,0.430936,0.503329,3.564754,0.248980,0.386324,3.579848
34,0.390379,-0.397752,3.797387,0.483049,-0.570369,3.743579,0.484474,-0.787150,3.748371,0.896068,-0.671147,4.050693,1.138735,-0.404270,4.011890,0.959425,-0.205438,4.020988,0.545448,-0.172406,3.905573,0.785097,-0.025742,3.974755,0.490412,0.277268,3.870601,0.225672,0.039280,3.855938,0.445416,0.495925,3.568657,0.232428,0.373618,3.583497
35,0.397791,-0.399307,3.803524,0.496968,-0.573081,3.744885,0.488288,-0.784767,3.753284,0.905333,-0.670389,4.049365,1.148415,-0.398265,4.006795,0.962702,-0.210538,4.021685,0.566163,-0.172421,3.895561,0.807050,-0.036514,3.967689,0.477436,0.259253,3.882297,0.220609,0.024485,3.854479,0.474296,0.472755,3.588158,0.270010,0.356395,3.573202
36,0.393147,-0.400414,3.802627,0.486733,-0.585236,3.747746,0.489510,-0.789886,3.741988,0.903341,-0.684581,4.055412,1.143301,-0.431253,4.012452,0.962857,-0.217578,4.019410,0.551137,-0.182567,3.896639,0.783348,-0.046536,3.976095,0.456332,0.224884,3.901401,0.226103,0.023856,3.869884,0.409154,0.455669,3.604699,0.246770,0.375266,3.582103
37,0.399223,-0.386844,3.807143,0.491456,-0.558735,3.742920,0.485992,-0.774469,3.750110,0.915959,-0.681483,4.045071,1.156020,-0.400839,4.004717,0.978352,-0.210551,4.017369,0.555497,-0.169600,3.894358,0.801050,-0.042728,3.968598,0.490108,0.255763,3.884096,0.227230,0.017505,3.871703,0.430029,0.495272,3.560890,0.249801,0.354972,3.587719
38,0.399190,-0.397434,3.804328,0.486971,-0.564598,3.749487,0.481870,-0.784162,3.745366,0.910122,-0.685643,4.050902,1.139289,-0.411776,4.013016,0.976154,-0.208469,4.018655,0.556834,-0.174485,3.895152,0.799757,-0.050912,3.974264,0.480612,0.241062,3.891231,0.227756,0.026103,3.857187,0.443074,0.503855,3.563253,0.253926,0.368944,3.581680
39,0.400809,-0.393795,3.805437,0.484661,-0.577769,3.738374,0.488328,-0.793583,3.745781,0.897689,-0.685099,4.053419,1.149320,-0.399932,4.004651,0.965362,-0.211275,4.020291,0.557816,-0.183512,3.895706,0.790567,-0.055971,3.976096,0.408452,0.199065,3.905992,0.229839,0.006571,3.867692,0.436800,0.483927,3.597594,0.266162,0.388520,3.580381
40,0.395838,-0.397289,3.802209,0.485979,-0.565082,3.753576,0.481905,-0.783848,3.743855,0.914155,-0.680607,4.047908,1.152415,-0.396573,4.000654,0.973892,-0.208200,4.014358,0.544448,-0.170683,3.895451,0.798524,-0.042165,3.973641,0.525506,0.268082,3.884601,0.227322,0.046361,3.860346,0.458565,0.503337,3.547971,0.239729,0.364373,3.589594
41,0.401213,-0.393632,3.807339,0.487702,-0.574444,3.744643,0.489899,-0.793002,3.745522,0.901738,-0.677725,4.051459,1.144838,-0.415456,4.007998,0.967216,-0.200853,4.019255,0.559263,-0.189093,3.899815,0.795504,-0.061380,3.977880,0.508922,0.266532,3.880769,0.229209,0.023258,3.867353,0.420435,0.464240,3.601451,0.232960,0.352216,3.576909
42,0.393212,-0.387919,3.798092,0.491417,-0.564349,3.750022,0.489044,-0.786925,3.742545,0.902465,-0.676073,4.048652,1.139474,-0.399567,4.006899,0.966557,-0.207247,4.019261,0.573044,-0.176032,3.897636,0.807348,-0.044288,3.972989,0.501350,0.265248,3.874945,0.227354,0.017924,3.861045,0.449089,0.471063,3.598158,0.264111,0.322634,3.656986
43,0.389066,-0.393727,3.804429,0.490816,-0.555637,3.750273,0.484769,-0.792919,3.743533,0.898784,-0.672492,4.053404,1.149208,-0.408969,4.005598,0.963366,-0.206584,4.020995,0.554269,-0.178659,3.899585,0.790280,-0.035708,3.972085,0.484218,0.279792,3.860907,0.222056,0.022050,3.861783,0.445965,0.480771,3.577696,0.262658,0.341653,3.600307
44,0.388379,-0.393094,3.800641,0.493733,-0.554518,3.747623,0.489682,-0.782177,3.746192,0.907448,-0.664195,4.052016,1.152954,-0.402373,4.003039,0.961400,-0.210700,4.018836,0.552174,-0.174258,3.897047,0.786425,-0.029596,3.971992,0.457204,0.241153,3.890464,0.230376,0.028298,3.867610,0.453227,0.488234,3.574343,0.247974,0.375505,3.572196
45,0.392094,-0.387229,3.800398,0.489344,-0.560770,3.746251,0.487867,-0.786602,3.747984,0.898121,-0.684844,4.054138,1.134235,-0.407734,4.012350,0.961421,-0.211193,4.020252,0.553747,-0.178055,3.896629,0.787606,-0.042739,3.974772,0.477477,0.263200,3.877253,0.234027,0.026126,3.869201,0.415810,0.467543,3.592567,0.241743,0.357764,3.583320
46,0.396951,-0.402350,3.802664,0.493244,-0.569871,3.743999,0.490063,-0.796506,3.746899,0.903304,-0.697591,4.055011,1.149582,-0.417094,4.005335,0.968908,-0.210156,4.018870,0.549943,-0.187877,3.898843,0.782439,-0.055219,3.978234,0.450492,0.209437,3.909725,0.230526,0.014752,3.879978,0.406766,0.473875,3.595270,0.244948,0.363225,3.579392
47,0.391060,-0.392438,3.799116,0.492771,-0.557062,3.744463,0.487474,-0.794517,3.749610,0.912991,-0.681912,4.050944,1.145773,-0.409523,4.007706,0.974829,-0.208678,4.020003,0.550848,-0.178244,3.898766,0.793922,-0.044051,3.973923,0.477937,0.266324,3.873019,0.225411,0.002528,3.871776,0.402099,0.477602,3.571198,0.225812,0.353344,3.578583
48,0.397100,-0.394441,3.803122,0.494939,-0.554341,3.744512,0.490294,-0.787855,3.752832,0.906974,-0.698350,4.056919,1.150542,-0.419103,4.002768,0.971265,-0.211647,4.017897,0.545539,-0.185162,3.901708,0.781306,-0.052591,3.978512,0.455047,0.223596,3.900996,0.231495,0.019391,3.872363,0.428095,0.470077,3.595174,0.233262,0.373373,3.586358
49,0.399684,-0.393266,3.804161,0.492097,-0.551140,3.751732,0.488173,-0.784292,3.746388,0.912150,-0.681650,4.046627,1.133926,-0.400825,4.011497,0.966106,-0.207662,4.019614,0.552958,-0.167667,3.897682,0.797824,-0.042196,3.972812,0.451035,0.213163,3.905969,0.231471,0.014007,3.875089,0.425124,0.479237,3.583388,0.217336,0.354915,3.579141
50,0.393123,-0.381277,3.806025,0.492837,-0.543757,3.749845,0.492677,-0.779621,3.747625,0.905132,-0.680847,4.050606,1.143451,-0.396228,4.005429,0.960669,-0.204770,4.020289,0.562030,-0.170316,3.898528,0.795684,-0.039001,3.970374,0.475235,0.274210,3.867755,0.220490,0.034725,3.853599,0.446212,0.510095,3.560118,0.241017,0.378651,3.565400
51,0.389960,-0.384014,3.804200,0.488867,-0.549995,3.744519,0.485270,-0.783569,3.751383,0.903662,-0.681508,4.050722,1.141130,-0.391296,4.005936,0.962398,-0.206377,4.019143,0.553994,-0.180130,3.900543,0.788197,-0.045819,3.977518,0.471577,0.285851,3.856607,0.224765,0.026918,3.869695,0.420325,0.473791,3.582404,0.234331,0.357160,3.569672
52,0.389368,-0.399052,3.800859,0.485226,-0.566381,3.740070,0.487857,-0.783871,3.750184,0.901456,-0.677687,4.048958,1.139871,-0.406287,4.009814,0.959554,-0.213673,4.019694,0.544682,-0.178883,3.900328,0.785099,-0.031347,3.972216,0.485398,0.300757,3.851564,0.223779,0.032551,3.865758,0.446291,0.503616,3.550582,0.240571,0.367018,3.576750
53,0.391850,-0.387753,3.806523,0.492470,-0.557337,3.748863,0.489605,-0.779958,3.748469,0.907542,-0.672857,4.045835,1.145565,-0.390647,4.006123,0.964704,-0.209762,4.017614,0.551838,-0.177240,3.902330,0.783990,-0.041956,3.977079,0.430984,0.237752,3.887588,0.226005,0.019815,3.871134,0.409892,0.483204,3.579155,0.247853,0.393790,3.572760
54,0.394937,-0.402255,3.801189,0.492543,-0.576690,3.741294,0.490577,-0.786331,3.751334,0.904407,-0.673393,4.047486,1.141286,-0.398016,4.010008,0.968841,-0.209526,4.018255,0.547186,-0.179474,3.900481,0.782034,-0.036118,3.972535,0.488401,0.279724,3.866725,0.222969,0.033207,3.860788,0.455411,0.489784,3.561942,0.272457,0.360921,3.579210
55,0.391035,-0.393593,3.801025,0.494009,-0.557146,3.756137,0.492262,-0.788182,3.751989,0.908219,-0.679431,4.049071,1.159548,-0.413153,4.002680,0.967633,-0.209566,4.015837,0.552592,-0.182945,3.899530,0.781761,-0.045145,3.976243,0.425002,0.229073,3.892083,0.227472,-0.015050,3.885358,0.397929,0.435321,3.625858,0.206959,0.335193,3.610934
56,0.397602,-0.395802,3.804189,0.492951,-0.561285,3.745583,0.490979,-0.791786,3.753397,0.907370,-0.678948,4.053950,1.150480,-0.416532,4.004985,0.966671,-0.208161,4.017172,0.549575,-0.191974,3.902749,0.780985,-0.059244,3.981946,0.446483,0.245155,3.884090,0.231176,0.030428,3.871410,0.417008,0.488397,3.586550,0.258120,0.391308,3.594188
57,0.392978,-0.400773,3.809147,0.495344,-0.562853,3.751044,0.486375,-0.805866,3.746027,0.912356,-0.676085,4.048603,1.148305,-0.405685,4.004967,0.971197,-0.208574,4.016496,0.549469,-0.187990,3.901470,0.790029,-0.050063,3.978527,0.471172,0.255340,3.883107,0.239375,0.008383,3.878563,0.431532,0.479940,3.599908,0.275811,0.384530,3.610662
58,0.394451,-0.389106,3.807896,0.484706,-0.566123,3.747499,0.487603,-0.788081,3.749197,0.904014,-0.680400,4.050578,1.155342,-0.409203,4.005947,0.963604,-0.202211,4.018508,0.553880,-0.194064,3.904291,0.792104,-0.059580,3.979601,0.481881,0.256051,3.882738,0.231631,0.013668,3.868974,0.431548,0.468337,3.599933,0.253136,0.350135,3.600970
59,0.401974,-0.402826,3.803569,0.481818,-0.587340,3.748940,0.489259,-0.796214,3.746477,0.896995,-0.681998,4.051707,1.145049,-0.403425,4.005371,0.958624,-0.203203,4.017987,0.544420,-0.195207,3.901411,0.781326,-0.041280,3.977019,0.491705,0.279270,3.867559,0.214282,-0.004493,3.882481,0.469535,0.502176,3.562350,0.256599,0.273036,3.700179
60,0.390428,-0.398766,3.799447,0.486437,-0.563351,3.744244,0.488546,-0.791564,3.746508,0.899690,-0.688250,4.054876,1.125220,-0.409812,4.011432,0.958021,-0.207946,4.022435,0.545917,-0.180420,3.897617,0.782958,-0.041290,3.974888,0.483761,0.284425,3.863425,0.227570,0.038804,3.863197,0.438250,0.498025,3.557005,0.245745,0.381716,3.575889
61,0.392594,-0.390500,3.804837,0.489690,-0.564582,3.743922,0.486399,-0.784717,3.750635,0.907875,-0.678186,4.047432,1.152718,-0.406384,4.007969,0.971511,-0.203610,4.019638,0.554854,-0.171328,3.900424,0.798608,-0.040928,3.973060,0.484196,0.276838,3.868206,0.227571,0.015053,3.873165,0.410760,0.476571,3.581112,0.242930,0.360053,3.585389
62,0.392911,-0.392881,3.799595,0.487797,-0.566105,3.739491,0.486963,-0.786596,3.749882,0.902759,-0.677524,4.049139,1.140919,-0.405728,4.010832,0.965211,-0.213896,4.020494,0.546125,-0.183102,3.899331,0.787743,-0.038932,3.973117,0.502706,0.287016,3.866033,0.224226,0.028028,3.869126,0.461641,0.488303,3.562652,0.256044,0.355503,3.585717
63,0.390131,-0.396779,3.804840,0.489590,-0.556058,3.756336,0.485737,-0.784261,3.745534,0.913673,-0.678128,4.043722,1.157595,-0.407848,4.005744,0.966444,-0.213468,4.018885,0.551839,-0.180551,3.901822,0.786555,-0.041481,3.976523,0.411803,0.202196,3.904910,0.223603,-0.010992,3.888327,0.409245,0.460342,3.598892,0.211677,0.358556,3.597870
64,0.389643,-0.389397,3.798504,0.493865,-0.547621,3.739686,0.493331,-0.778371,3.752508,0.897525,-0.678614,4.054435,1.157281,-0.402980,4.004565,0.965514,-0.208888,4.018878,0.544622,-0.187198,3.900347,0.781164,-0.040163,3.973509,0.448939,0.276662,3.862957,0.227991,0.035569,3.862231,0.432735,0.475812,3.584184,0.251549,0.375108,3.591905
65,0.398037,-0.401081,3.798801,0.493496,-0.577533,3.743918,0.484829,-0.797125,3.741607,0.916639,-0.669124,4.048391,1.145130,-0.394681,4.007758,0.971806,-0.201419,4.014544,0.543664,-0.171678,3.899107,0.796268,-0.039444,3.975045,0.535097,0.285267,3.867651,0.235128,0.033061,3.865915,0.450186,0.500496,3.547738,0.265262,0.367444,3.598767
66,0.389846,-0.393075,3.805637,0.492217,-0.562093,3.744059,0.493953,-0.786123,3.749303,0.900159,-0.675030,4.054577,1.135053,-0.403471,4.009860,0.959976,-0.205366,4.018007,0.553495,-0.168938,3.898808,0.789322,-0.032912,3.972314,0.503917,0.279386,3.870435,0.221649,0.026727,3.858840,0.452051,0.475275,3.586953,0.265055,0.367219,3.584204
67,0.395449,-0.394514,3.796724,0.491313,-0.562663,3.743397,0.486571,-0.788910,3.750303,0.906353,-0.671890,4.046170,1.147647,-0.416212,4.011006,0.968458,-0.205778,4.018432,0.540367,-0.174459,3.902477,0.786131,-0.023188,3.966682,0.493250,0.283960,3.860813,0.184749,0.003472,3.871376,0.428512,0.452396,3.601886,0.221561,0.311082,3.622828
68,0.392036,-0.395605,3.805180,0.486524,-0.564673,3.747112,0.487273,-0.781872,3.747310,0.909576,-0.672996,4.051991,1.155841,-0.403364,4.003734,0.970226,-0.206166,4.019647,0.547704,-0.168661,3.898952,0.793566,-0.028000,3.970778,0.484532,0.292297,3.857219,0.235135,0.032690,3.852162,0.413126,0.484659,3.587326,0.260900,0.379353,3.584781
69,0.390085,-0.399382,3.802453,0.485462,-0.567122,3.744445,0.486749,-0.781478,3.748599,0.909379,-0.675773,4.052668,1.136253,-0.408530,4.010058,0.970621,-0.205945,4.018115,0.551685,-0.159322,3.897287,0.798277,-0.026651,3.969714,0.503564,0.286401,3.866658,0.231040,0.022964,3.870188,0.430288,0.480713,3.572191,0.247927,0.367753,3.584391
70,0.395309,-0.398579,3.796597,0.490635,-0.575990,3.746480,0.484583,-0.792741,3.748898,0.909398,-0.677119,4.043994,1.146403,-0.388773,4.006755,0.964624,-0.207494,4.019390,0.543045,-0.182602,3.906063,0.783755,-0.041025,3.973881,0.506427,0.274330,3.867393,0.227692,0.034209,3.863844,0.452981,0.486935,3.567533,0.251432,0.278790,3.678982
71,0.385770,-0.398528,3.801757,0.483699,-0.566385,3.748143,0.489519,-0.788033,3.745244,0.895132,-0.679437,4.050147,1.135514,-0.403964,4.011697,0.961369,-0.212054,4.019839,0.555624,-0.171056,3.898567,0.789598,-0.037793,3.975350,0.484003,0.281108,3.867440,0.228286,0.038225,3.847775,0.436483,0.480106,3.587234,0.258912,0.371350,3.590277
72,0.391087,-0.385753,3.806252,0.494983,-0.542022,3.747446,0.493910,-0.783965,3.751808,0.895947,-0.683854,4.055893,1.140071,-0.407812,4.010566,0.959379,-0.214111,4.021714,0.552448,-0.176962,3.899380,0.786171,-0.038131,3.973663,0.478730,0.274757,3.869427,0.220130,0.016255,3.868537,0.452839,0.471874,3.589395,0.259436,0.357433,3.586316
73,0.398861,-0.395696,3.802678,0.498780,-0.562881,3.737549,0.483139,-0.796659,3.748015,0.910942,-0.684517,4.049417,1.144606,-0.406357,4.007557,0.971726,-0.208237,4.016508,0.545753,-0.179983,3.899035,0.797294,-0.045822,3.973654,0.505886,0.293104,3.855003,0.221087,0.030539,3.867937,0.447651,0.477424,3.578815,0.252414,0.367230,3.579078
74,0.390533,-0.396717,3.810401,0.486520,-0.563342,3.744883,0.485451,-0.785214,3.747977,0.909336,-0.689447,4.049606,1.144082,-0.414254,4.010663,0.966837,-0.208952,4.019832,0.555759,-0.178308,3.898648,0.791399,-0.048699,3.977132,0.484406,0.258653,3.878210,0.227231,0.014674,3.861662,0.406296,0.461328,3.605259,0.248535,0.357203,3.575477
75,0.390012,-0.385496,3.804925,0.489446,-0.557030,3.751329,0.489541,-0.784492,3.744920,0.902763,-0.684060,4.049509,1.142260,-0.407093,4.009480,0.961213,-0.209560,4.021531,0.560882,-0.179520,3.895584,0.799766,-0.049257,3.972478,0.478551,0.265538,3.873625,0.228978,0.026619,3.862521,0.420189,0.480508,3.588577,0.255288,0.306884,3.638374
76,0.398747,-0.392528,3.804415,0.489837,-0.568690,3.749271,0.490057,-0.781674,3.748241,0.907762,-0.675185,4.049518,1.163370,-0.397379,4.002776,0.970836,-0.208213,4.021226,0.558259,-0.168194,3.894459,0.803597,-0.048897,3.972543,0.497326,0.284000,3.860374,0.226775,0.018893,3.864280,0.433790,0.493133,3.556775,0.246793,0.376205,3.557421
77,0.398673,-0.388874,3.806857,0.484041,-0.569641,3.749558,0.485490,-0.790762,3.747479,0.911424,-0.664779,4.048312,1.163258,-0.385216,3.999316,0.969525,-0.204429,4.018866,0.563055,-0.185278,3.897268,0.799850,-0.054737,3.974716,0.451682,0.237787,3.890478,0.220619,0.012596,3.870138,0.454787,0.493931,3.576702,0.229541,0.351055,3.570971
78,0.392943,-0.388754,3.805705,0.497717,-0.539886,3.747400,0.491973,-0.776117,3.753108,0.910331,-0.675938,4.050278,1.152811,-0.403568,4.006371,0.966891,-0.210064,4.019882,0.556125,-0.180408,3.898073,0.786450,-0.045500,3.977433,0.473194,0.257665,3.881532,0.224360,0.020268,3.869416,0.439474,0.465318,3.600088,0.241475,0.372792,3.576251
79,0.394567,-0.395533,3.803588,0.496490,-0.543575,3.749423,0.485283,-0.787227,3.752317,0.909873,-0.691748,4.050706,1.149168,-0.410631,4.006989,0.964891,-0.210464,4.019178,0.545243,-0.184348,3.898938,0.785806,-0.050337,3.976763,0.482482,0.269537,3.873197,0.226541,0.017161,3.874919,0.438338,0.497619,3.565520,0.246443,0.292824,3.650206
80,0.398649,-0.394577,3.804734,0.497947,-0.552589,3.748339,0.485629,-0.795345,3.748690,0.906936,-0.693648,4.050868,1.122243,-0.419727,4.016908,0.973090,-0.209061,4.019651,0.550973,-0.180373,3.900559,0.793584,-0.051161,3.978273,0.456254,0.235600,3.892197,0.229184,-0.018607,3.891450,0.399019,0.461009,3.589788,0.214351,0.324093,3.598032
81,0.400594,-0.399672,3.807621,0.483848,-0.583316,3.748466,0.491844,-0.793730,3.748248,0.902713,-0.680019,4.052832,1.149305,-0.404951,4.005667,0.965152,-0.212482,4.019874,0.547566,-0.187239,3.899354,0.787982,-0.037761,3.975683,0.474876,0.270587,3.870358,0.221013,0.021168,3.860150,0.443355,0.510267,3.548503,0.216976,0.370376,3.578051
82,0.390695,-0.388357,3.806332,0.493446,-0.545048,3.750465,0.490556,-0.782483,3.750214,0.897618,-0.683982,4.051595,1.140003,-0.407780,4.009608,0.964738,-0.215763,4.021820,0.557151,-0.169430,3.897631,0.787607,-0.035416,3.973943,0.468237,0.273230,3.866410,0.229422,0.026643,3.871242,0.428207,0.488495,3.566359,0.245260,0.373154,3.563002
83,0.390021,-0.396707,3.801528,0.489654,-0.560691,3.746286,0.487911,-0.783655,3.746630,0.901258,-0.685436,4.054317,1.138660,-0.419370,4.011979,0.966725,-0.211919,4.019722,0.543535,-0.181783,3.898607,0.786908,-0.038640,3.974104,0.490865,0.290516,3.857389,0.232207,0.035304,3.862859,0.447692,0.502780,3.550496,0.258033,0.375183,3.580333
84,0.389965,-0.381240,3.803786,0.487043,-0.547090,3.751370,0.487422,-0.774203,3.749058,0.907929,-0.670724,4.050555,1.156309,-0.391919,4.005466,0.966649,-0.207278,4.021612,0.556050,-0.177180,3.899731,0.790834,-0.044432,3.975553,0.480789,0.261036,3.876502,0.222905,0.018808,3.869819,0.430135,0.469081,3.592705,0.231963,0.356966,3.565828
85,0.394314,-0.395119,3.803114,0.487905,-0.557228,3.747767,0.488215,-0.783590,3.745795,0.898762,-0.685045,4.054769,1.129308,-0.413898,4.012546,0.959907,-0.214100,4.019934,0.543433,-0.175828,3.898346,0.783226,-0.036741,3.974456,0.475489,0.275504,3.868669,0.229417,0.035829,3.861753,0.430475,0.488326,3.564399,0.239673,0.369270,3.569651
86,0.399998,-0.389849,3.808730,0.498760,-0.558868,3.744940,0.490928,-0.783627,3.755538,0.911514,-0.671692,4.051583,1.162365,-0.398574,4.000412,0.965121,-0.209860,4.019974,0.556046,-0.186294,3.901459,0.786333,-0.045572,3.978053,0.418280,0.209994,3.905162,0.231873,0.010027,3.873361,0.397635,0.448854,3.625286,0.219731,0.364269,3.598973
87,0.398152,-0.397086,3.800492,0.494104,-0.558425,3.745951,0.491627,-0.786001,3.753178,0.910671,-0.682750,4.050546,1.127295,-0.407592,4.011660,0.968824,-0.214029,4.018895,0.544071,-0.182002,3.901572,0.785087,-0.040908,3.974236,0.462510,0.261369,3.876447,0.222241,0.017138,3.870296,0.410347,0.462188,3.587296,0.233063,0.287702,3.652578
88,0.396421,-0.394743,3.807014,0.488097,-0.562703,3.745485,0.491266,-0.791545,3.754278,0.909531,-0.689090,4.051713,1.146858,-0.401036,4.004722,0.970130,-0.211469,4.019670,0.550355,-0.184437,3.901809,0.788581,-0.043607,3.978568,0.470956,0.273462,3.870098,0.216339,0.020066,3.858645,0.416087,0.481105,3.586668,0.225257,0.357705,3.597477
89,0.392794,-0.401106,3.802350,0.484682,-0.574825,3.746697,0.494025,-0.793278,3.746197,0.903687,-0.670102,4.051323,1.156054,-0.395654,4.001505,0.969445,-0.210669,4.018635,0.558655,-0.188862,3.898406,0.788857,-0.046529,3.972963,0.422715,0.209705,3.902395,0.216700,-0.008185,3.874902,0.432236,0.479075,3.602110,0.220392,0.335720,3.612243
90,0.393832,-0.390856,3.807529,0.482933,-0.578281,3.748216,0.483832,-0.786349,3.743418,0.902572,-0.667492,4.049436,1.158948,-0.391555,3.999326,0.970891,-0.203535,4.020329,0.558152,-0.172271,3.897026,0.797740,-0.045769,3.972672,0.419664,0.189238,3.920759,0.220934,0.003399,3.872700,0.424781,0.487359,3.568978,0.243622,0.355704,3.565163
91,0.391103,-0.383056,3.799348,0.494853,-0.551373,3.742593,0.491392,-0.787855,3.751624,0.898837,-0.674290,4.053547,1.146322,-0.393514,4.002765,0.961853,-0.209135,4.019425,0.551264,-0.179289,3.898009,0.786266,-0.044325,3.976052,0.440460,0.229450,3.893507,0.223463,0.026064,3.859258,0.427530,0.482753,3.564129,0.232337,0.372982,3.553010
92,0.403883,-0.395949,3.802626,0.497526,-0.570290,3.737590,0.479297,-0.795240,3.751046,0.914674,-0.671520,4.049728,1.130761,-0.392269,4.009797,0.969621,-0.205588,4.017162,0.544675,-0.175112,3.901072,0.797441,-0.037572,3.973273,0.507530,0.288016,3.866672,0.225575,0.034242,3.865566,0.468146,0.483686,3.588551,0.265735,0.382526,3.581994
93,0.398064,-0.403599,3.805814,0.487990,-0.591968,3.741978,0.486256,-0.797455,3.748619,0.907954,-0.661076,4.050464,1.146782,-0.384704,4.004718,0.964486,-0.206618,4.021913,0.555849,-0.179806,3.901998,0.798020,-0.039830,3.972533,0.516924,0.290613,3.861937,0.228692,0.028392,3.864640,0.452515,0.463766,3.597039,0.271710,0.344371,3.591452
94,0.397686,-0.390488,3.802463,0.491545,-0.553350,3.737741,0.485454,-0.803078,3.753878,0.904738,-0.662825,4.051643,1.148057,-0.386306,4.002132,0.963343,-0.210360,4.020339,0.550952,-0.189920,3.902404,0.790370,-0.044793,3.977026,0.498434,0.292016,3.860416,0.210804,-0.012731,3.884902,0.432583,0.468435,3.584783,0.233638,0.334685,3.604441
95,0.403866,-0.389197,3.800522,0.501880,-0.554050,3.740546,0.487470,-0.793340,3.750255,0.911853,-0.668505,4.054231,1.136972,-0.394390,4.010399,0.968958,-0.208779,4.019948,0.551138,-0.176566,3.899264,0.796779,-0.029586,3.969428,0.524178,0.306845,3.851026,0.233157,0.029193,3.855345,0.452248,0.464885,3.600216,0.244445,0.347015,3.603344
96,0.396982,-0.400780,3.802270,0.494372,-0.555881,3.742019,0.482136,-0.785639,3.751328,0.911829,-0.674394,4.048942,1.131101,-0.399784,4.012499,0.970360,-0.203911,4.017563,0.545799,-0.172469,3.899097,0.792638,-0.031984,3.969983,0.522137,0.304520,3.850617,0.224567,0.016477,3.863672,0.471473,0.481041,3.597743,0.248324,0.357422,3.601560
97,0.389753,-0.394029,3.795497,0.484689,-0.565722,3.747297,0.485226,-0.781098,3.750253,0.904572,-0.670390,4.049434,1.154637,-0.411200,4.006218,0.963608,-0.210305,4.019353,0.541315,-0.176239,3.903035,0.780483,-0.029403,3.971330,0.433862,0.235197,3.890725,0.236234,-0.009515,3.881697,0.405681,0.430836,3.632051,0.229089,0.331426,3.629457
98,0.390933,-0.399498,3.796992,0.488464,-0.556374,3.734982,0.485293,-0.783293,3.755573,0.901224,-0.677014,4.052164,1.152581,-0.406124,4.008345,0.965603,-0.208266,4.019595,0.542888,-0.173999,3.902823,0.780872,-0.030495,3.970169,0.454006,0.265535,3.871579,0.233199,0.015110,3.867873,0.398620,0.457760,3.600035,0.234778,0.339188,3.598825
99,0.396135,-0.395802,3.804595,0.494552,-0.570110,3.745448,0.487061,-0.796816,3.744363,0.907822,-0.690902,4.047517,1.132584,-0.406929,4.010272,0.966447,-0.209413,4.020516,0.560087,-0.175061,3.895634,0.799042,-0.051493,3.974384,0.440983,0.221881,3.899581,0.225073,-0.000179,3.871715,0.444792,0.464141,3.612086,0.239819,0.360059,3.582090
100,0.398703,-0.390158,3.800484,0.489539,-0.564926,3.743892,0.484336,-0.787466,3.748763,0.905781,-0.683708,4.050939,1.138808,-0.421345,4.008390,0.964120,-0.210288,4.018878,0.551300,-0.178683,3.896385,0.792043,-0.056618,3.977780,0.488668,0.260166,3.878685,0.226286,0.021146,3.862956,0.451343,0.478367,3.582151,0.252396,0.306002,3.639430
101,0.393888,-0.392689,3.803134,0.489039,-0.557092,3.748113,0.481678,-0.784237,3.749071,0.906749,-0.687086,4.049366,1.146452,-0.413354,4.007006,0.967242,-0.209954,4.016270,0.553232,-0.173445,3.897748,0.788258,-0.047119,3.978729,0.488554,0.260204,3.881915,0.226759,0.019622,3.863045,0.428290,0.471376,3.591501,0.253879,0.372592,3.583266
102,0.392398,-0.390338,3.797866,0.490216,-0.554627,3.744621,0.489317,-0.783627,3.748657,0.892150,-0.681747,4.051864,1.149398,-0.406454,4.006488,0.961370,-0.210722,4.020433,0.547344,-0.176028,3.895683,0.783755,-0.036443,3.972129,0.485406,0.277567,3.869863,0.229991,0.031722,3.863617,0.451227,0.506202,3.559699,0.260945,0.394296,3.569429
103,0.392055,-0.397275,3.799398,0.488199,-0.556814,3.741201,0.487556,-0.775285,3.752381,0.912559,-0.680842,4.050766,1.125327,-0.412900,4.016981,0.970533,-0.207445,4.015919,0.549240,-0.163343,3.894349,0.793891,-0.033627,3.971221,0.494024,0.286803,3.863176,0.227393,0.020597,3.872468,0.428567,0.471282,3.587459,0.266728,0.360394,3.588386
104,0.401763,-0.400712,3.803249,0.498505,-0.568619,3.747102,0.483508,-0.802507,3.741951,0.912759,-0.681999,4.053223,1.131761,-0.407529,4.010070,0.965246,-0.207741,4.018236,0.546197,-0.182206,3.897794,0.791126,-0.047924,3.976575,0.500907,0.285179,3.864027,0.233348,0.040486,3.860685,0.435555,0.479116,3.578186,0.246395,0.365497,3.576511
105,0.396836,-0.387855,3.806872,0.490483,-0.561402,3.747663,0.483333,-0.787005,3.745253,0.900104,-0.678626,4.054643,1.144604,-0.400551,4.008269,0.966105,-0.206724,4.018927,0.553342,-0.178894,3.896714,0.791340,-0.052279,3.976825,0.493807,0.255368,3.881530,0.227677,0.013512,3.868545,0.428506,0.475062,3.590072,0.258411,0.378889,3.573595
106,0.391119,-0.386764,3.806337,0.488673,-0.551903,3.743352,0.487049,-0.783210,3.752824,0.897270,-0.680807,4.052060,1.147342,-0.402529,4.005968,0.963272,-0.208573,4.019794,0.553019,-0.182449,3.901577,0.782835,-0.053760,3.980381,0.477099,0.241655,3.891829,0.227530,0.022389,3.859238,0.427943,0.476334,3.579293,0.248237,0.374195,3.568150
107,0.395670,-0.396551,3.807702,0.478688,-0.571778,3.748041,0.485967,-0.791764,3.744637,0.905352,-0.666542,4.051210,1.147393,-0.385712,4.002959,0.962613,-0.211271,4.020523,0.550409,-0.183829,3.900727,0.789176,-0.040098,3.974861,0.480603,0.270586,3.870548,0.228224,0.032451,3.855891,0.441310,0.499426,3.562155,0.253516,0.388970,3.576901
108,0.394691,-0.384545,3.800508,0.496738,-0.542892,3.740589,0.491147,-0.788520,3.754644,0.895818,-0.672701,4.055059,1.126599,-0.415675,4.012702,0.962536,-0.213835,4.021017,0.549181,-0.181552,3.902922,0.780436,-0.045621,3.978229,0.432310,0.227090,3.893236,0.229334,0.025352,3.870815,0.438524,0.484228,3.573536,0.259665,0.377900,3.575166
109,0.398923,-0.387920,3.806574,0.499286,-0.552313,3.751159,0.489500,-0.784511,3.748589,0.908225,-0.679451,4.045791,1.134133,-0.393759,4.010441,0.972210,-0.203543,4.019231,0.556431,-0.162199,3.898506,0.795439,-0.034351,3.972185,0.508662,0.273395,3.872995,0.231310,0.031467,3.856585,0.451576,0.489816,3.565063,0.250945,0.374439,3.579699
110,0.395842,-0.396462,3.800384,0.490800,-0.583018,3.739586,0.490182,-0.792651,3.750765,0.892518,-0.680447,4.054895,1.132890,-0.423874,4.012525,0.964866,-0.210392,4.018583,0.547490,-0.191877,3.900599,0.784648,-0.046459,3.976422,0.494661,0.287516,3.864518,0.226713,0.016647,3.862966,0.452041,0.476852,3.585844,0.274053,0.319925,3.642864
111,0.393786,-0.394873,3.800581,0.494271,-0.559722,3.738714,0.481454,-0.791334,3.749631,0.910737,-0.681418,4.052868,1.132437,-0.391659,4.009534,0.964637,-0.205824,4.017479,0.549049,-0.173571,3.896765,0.790722,-0.046530,3.972506,0.491830,0.272542,3.872081,0.221072,0.011597,3.879184,0.425363,0.464424,3.586640,0.256934,0.308015,3.633641
112,0.395870,-0.392722,3.802162,0.495018,-0.576553,3.742681,0.485150,-0.793937,3.750743,0.906676,-0.675072,4.048119,1.139719,-0.391536,4.009458,0.966297,-0.195692,4.019251,0.556400,-0.166338,3.897944,0.805764,-0.033440,3.970334,0.527782,0.298747,3.853272,0.224440,0.032916,3.854897,0.452347,0.497198,3.550130,0.237519,0.340790,3.591885
113,0.400752,-0.397146,3.804691,0.498770,-0.571526,3.747254,0.487683,-0.791154,3.748237,0.897376,-0.673430,4.053457,1.140805,-0.393492,4.007167,0.963775,-0.210298,4.020946,0.556592,-0.176741,3.900944,0.795113,-0.037368,3.972816,0.500056,0.284508,3.862629,0.227835,0.023490,3.872238,0.454098,0.460026,3.590792,0.257735,0.355214,3.572875
114,0.402219,-0.393736,3.803602,0.494447,-0.576686,3.744729,0.486947,-0.790427,3.746439,0.901026,-0.668196,4.052942,1.145586,-0.379343,4.001347,0.963203,-0.210039,4.021006,0.553285,-0.177450,3.898460,0.795771,-0.034408,3.971287,0.507476,0.296002,3.855414,0.228899,0.026209,3.870339,0.465773,0.468617,3.579824,0.268574,0.343825,3.579845
115,0.387814,-0.388539,3.800754,0.488089,-0.558468,3.744905,0.489255,-0.781324,3.747262,0.904132,-0.663035,4.052105,1.141709,-0.377950,4.001092,0.968072,-0.205970,4.018490,0.553747,-0.170196,3.895859,0.794004,-0.031932,3.969353,0.498851,0.272433,3.871117,0.230677,0.017760,3.861665,0.440756,0.465203,3.586628,0.240214,0.368926,3.565882
116,0.395576,-0.391651,3.808201,0.487893,-0.568808,3.744148,0.483662,-0.791698,3.747220,0.906359,-0.687070,4.054401,1.123840,-0.401841,4.014347,0.966357,-0.208069,4.018595,0.555827,-0.177561,3.896877,0.796318,-0.052341,3.975052,0.447473,0.211523,3.909690,0.221258,-0.009578,3.884581,0.407400,0.460027,3.596211,0.230371,0.344068,3.588561
117,0.395395,-0.392339,3.799944,0.491699,-0.551407,3.734653,0.483121,-0.782442,3.755182,0.916104,-0.675076,4.051418,1.134020,-0.389622,4.010205,0.965989,-0.205290,4.016392,0.545115,-0.172144,3.899605,0.790541,-0.043216,3.974213,0.490989,0.257003,3.883449,0.224262,0.026908,3.861824,0.429123,0.486633,3.566936,0.277944,0.312381,3.639051
118,0.404470,-0.395185,3.803103,0.503475,-0.561624,3.750814,0.491761,-0.779528,3.747656,0.909950,-0.693197,4.047900,1.123367,-0.409270,4.014479,0.964547,-0.206332,4.019861,0.548810,-0.162487,3.896886,0.796105,-0.038280,3.971481,0.527135,0.277743,3.870294,0.227114,0.025515,3.869606,0.464391,0.470605,3.576786,0.250769,0.363012,3.582969
119,0.392139,-0.392255,3.805773,0.491361,-0.560158,3.748046,0.489465,-0.782219,3.751646,0.899584,-0.684357,4.056504,1.139116,-0.400469,4.006514,0.971852,-0.205879,4.016147,0.547592,-0.174415,3.901639,0.789978,-0.036851,3.976092,0.500060,0.291450,3.860381,0.230575,0.040070,3.863512,0.430563,0.493551,3.561436,0.272658,0.387395,3.568637
120,0.403907,-0.404913,3.808037,0.500102,-0.570287,3.746210,0.482312,-0.798604,3.743544,0.903551,-0.659890,4.050532,1.149252,-0.390721,4.003719,0.962275,-0.203394,4.020682,0.559556,-0.183520,3.902320,0.797240,-0.040993,3.973825,0.459307,0.218593,3.904955,0.222518,-0.014042,3.880213,0.448870,0.469463,3.603351,0.274768,0.353744,3.602908
121,0.389783,-0.395929,3.804024,0.493016,-0.568004,3.738828,0.494363,-0.786571,3.751254,0.899652,-0.663263,4.053231,1.142801,-0.396592,4.004541,0.957314,-0.206853,4.018157,0.547427,-0.183664,3.901798,0.782420,-0.035497,3.974380,0.480788,0.276450,3.868028,0.229906,0.025999,3.854394,0.487541,0.493374,3.588412,0.282557,0.308903,3.670125
122,0.395432,-0.388270,3.803364,0.494411,-0.558077,3.741315,0.478134,-0.788882,3.750087,0.909510,-0.679874,4.046783,1.135399,-0.405223,4.013011,0.968532,-0.205614,4.019522,0.545126,-0.171903,3.901822,0.793922,-0.035270,3.972720,0.512806,0.283573,3.863901,0.222557,0.027871,3.859130,0.459050,0.482767,3.574178,0.236939,0.352819,3.590622
123,0.391964,-0.395183,3.805724,0.492118,-0.573412,3.747473,0.488790,-0.786744,3.750289,0.892199,-0.684998,4.052485,1.133731,-0.420033,4.016969,0.964714,-0.212459,4.020288,0.552152,-0.179078,3.901525,0.781926,-0.047953,3.980162,0.506209,0.292819,3.858200,0.230676,0.030021,3.856527,0.454504,0.479504,3.558717,0.251918,0.365178,3.560907
124,0.396424,-0.387168,3.804399,0.497745,-0.564341,3.742000,0.489988,-0.786610,3.750780,0.893436,-0.686217,4.055083,1.138495,-0.412833,4.012250,0.963775,-0.212697,4.021655,0.551104,-0.183041,3.899968,0.779448,-0.047806,3.978256,0.503911,0.285222,3.863922,0.228370,0.029925,3.870833,0.464369,0.500182,3.558628,0.282438,0.400290,3.551226
125,0.397302,-0.398438,3.801464,0.490675,-0.573018,3.751855,0.488868,-0.788804,3.745906,0.900168,-0.695415,4.056752,1.138509,-0.421383,4.010394,0.964477,-0.213527,4.019821,0.551809,-0.187189,3.898650,0.781191,-0.053447,3.980492,0.449789,0.210171,3.909359,0.232989,0.022922,3.873062,0.417670,0.472045,3.592258,0.233961,0.352621,3.586549
126,0.391886,-0.393496,3.802391,0.488586,-0.554531,3.751567,0.487288,-0.787417,3.749174,0.897100,-0.683901,4.052220,1.129027,-0.399579,4.010190,0.962502,-0.210225,4.020757,0.554388,-0.181537,3.899081,0.789071,-0.057187,3.977456,0.466466,0.254285,3.881483,0.230490,0.014335,3.875758,0.420077,0.469238,3.594492,0.242433,0.294747,3.657218
127,0.394620,-0.391535,3.807125,0.488435,-0.564889,3.749999,0.489016,-0.786612,3.748005,0.896719,-0.676505,4.051527,1.149637,-0.406731,4.005980,0.964989,-0.205261,4.018107,0.561650,-0.182764,3.900200,0.794200,-0.057264,3.977844,0.450216,0.227987,3.898435,0.233756,-0.005425,3.892383,0.441612,0.500602,3.585358,0.257453,0.311598,3.643084
128,0.395920,-0.392627,3.804805,0.491918,-0.564387,3.752133,0.488280,-0.782851,3.749332,0.890517,-0.684963,4.054850,1.144772,-0.411429,4.006531,0.962316,-0.201570,4.018614,0.554657,-0.186839,3.897695,0.788495,-0.050799,3.975539,0.467326,0.258379,3.877379,0.233698,0.017897,3.876641,0.447158,0.468336,3.603546,0.248911,0.358478,3.585412
129,0.393877,-0.391897,3.803486,0.484111,-0.568448,3.746634,0.486393,-0.788602,3.746605,0.900177,-0.677601,4.051151,1.145507,-0.405291,4.007106,0.969812,-0.198909,4.017662,0.562465,-0.190055,3.902598,0.797907,-0.057974,3.977887,0.429047,0.220029,3.898070,0.230293,-0.015053,3.887685,0.446555,0.504439,3.571068,0.263312,0.360284,3.594310
130,0.393036,-0.390026,3.802620,0.480378,-0.564240,3.747992,0.480539,-0.793677,3.747884,0.892303,-0.676514,4.055347,1.144989,-0.403329,4.005778,0.970136,-0.199692,4.016735,0.554466,-0.192347,3.901524,0.791599,-0.052096,3.978002,0.408966,0.222176,3.902518,0.219321,0.014908,3.876156,0.436307,0.483856,3.585466,0.208208,0.350349,3.586769
131,0.401126,-0.404433,3.803724,0.485683,-0.586359,3.743317,0.491423,-0.797037,3.747422,0.898264,-0.673390,4.053073,1.124598,-0.410130,4.009235,0.965243,-0.201014,4.015396,0.546689,-0.188750,3.901285,0.782440,-0.037750,3.975642,0.416924,0.220870,3.900624,0.211621,-0.009665,3.885034,0.449256,0.490291,3.570953,0.229783,0.350230,3.605263
132,0.386014,-0.393399,3.803794,0.485815,-0.561844,3.757030,0.489755,-0.786534,3.745249,0.896051,-0.680234,4.058566,1.124676,-0.414973,4.013883,0.962584,-0.207323,4.020055,0.549083,-0.180764,3.896381,0.780674,-0.041939,3.976269,0.464751,0.276628,3.866297,0.229223,0.035045,3.867219,0.419448,0.491547,3.570149,0.262439,0.394091,3.565414
133,0.393009,-0.387233,3.807194,0.486601,-0.548869,3.753495,0.482675,-0.784896,3.747391,0.903716,-0.680872,4.050806,1.139887,-0.402242,4.010495,0.974480,-0.203162,4.020074,0.558659,-0.170242,3.898487,0.797063,-0.044003,3.975210,0.492426,0.279251,3.868214,0.227024,0.012753,3.865369,0.429789,0.492265,3.573121,0.243646,0.358246,3.583372
134,0.390387,-0.391835,3.804381,0.484862,-0.559956,3.749758,0.494331,-0.789403,3.747746,0.899723,-0.672496,4.053505,1.146036,-0.404182,4.007600,0.961925,-0.210164,4.021330,0.546186,-0.189581,3.898888,0.780698,-0.037150,3.973573,0.493461,0.281803,3.866151,0.230187,0.015433,3.873623,0.448131,0.485904,3.571826,0.268514,0.319723,3.631265
135,0.399705,-0.393542,3.803756,0.498116,-0.560692,3.742033,0.483972,-0.798948,3.747157,0.905589,-0.678063,4.050267,1.120811,-0.410104,4.014704,0.974983,-0.205060,4.014707,0.547477,-0.182229,3.898924,0.791714,-0.044911,3.974859,0.462403,0.240880,3.891441,0.233119,0.004534,3.871469,0.403199,0.476032,3.578846,0.250648,0.366452,3.590064
136,0.391767,-0.386441,3.806431,0.482796,-0.554157,3.757587,0.487152,-0.780749,3.747769,0.900178,-0.679696,4.048635,1.141318,-0.417158,4.010788,0.969632,-0.203677,4.018660,0.557030,-0.175546,3.897565,0.791967,-0.044985,3.975172,0.477972,0.265682,3.874143,0.228415,0.016893,3.866157,0.443497,0.484618,3.583523,0.245168,0.306315,3.656639
137,0.392358,-0.381394,3.806262,0.490627,-0.539226,3.760905,0.485031,-0.781261,3.748522,0.889645,-0.685606,4.055615,1.129253,-0.425709,4.014904,0.969012,-0.206307,4.019214,0.561522,-0.180974,3.900512,0.792195,-0.052597,3.978343,0.491053,0.275052,3.869347,0.218866,0.027780,3.847631,0.470094,0.501177,3.570044,0.254532,0.385242,3.561527
138,0.395011,-0.398079,3.801816,0.487599,-0.568070,3.741139,0.488812,-0.796435,3.749582,0.898355,-0.678437,4.056686,1.142958,-0.404518,4.004887,0.962320,-0.209489,4.019836,0.548260,-0.186092,3.900975,0.783509,-0.039909,3.975967,0.425068,0.225786,3.896500,0.217075,0.021660,3.862659,0.448688,0.497015,3.565411,0.239634,0.385021,3.577111
139,0.398274,-0.396971,3.801880,0.496450,-0.561284,3.745682,0.480760,-0.783693,3.748856,0.909475,-0.681677,4.054872,1.127048,-0.413113,4.010191,0.968453,-0.206937,4.016623,0.547730,-0.182083,3.895975,0.783724,-0.046585,3.974962,0.437132,0.209782,3.906702,0.231791,0.016497,3.875146,0.428560,0.484201,3.575861,0.264645,0.372032,3.592479
140,0.394682,-0.387726,3.806350,0.491400,-0.554572,3.750113,0.483812,-0.780368,3.747411,0.904229,-0.693946,4.050373,1.123354,-0.407795,4.012848,0.975610,-0.203066,4.016248,0.560349,-0.166436,3.896816,0.810280,-0.046078,3.971337,0.523417,0.262247,3.888760,0.231578,0.021487,3.865774,0.440603,0.496893,3.566851,0.251398,0.370481,3.577323
141,0.397843,-0.393427,3.804571,0.483295,-0.570187,3.750329,0.486794,-0.780410,3.749850,0.899798,-0.686371,4.053266,1.127928,-0.414652,4.016150,0.965913,-0.206501,4.020250,0.554289,-0.178931,3.898540,0.793027,-0.055180,3.978617,0.509389,0.288332,3.859763,0.230913,0.033813,3.855327,0.444214,0.504449,3.553454,0.247634,0.386863,3.550041
142,0.397894,-0.391375,3.805024,0.485221,-0.555151,3.744705,0.485030,-0.775865,3.749715,0.896217,-0.685478,4.054071,1.131873,-0.407222,4.010939,0.962655,-0.214151,4.020379,0.550610,-0.177009,3.896630,0.788269,-0.050766,3.977420,0.462627,0.240728,3.887824,0.225060,0.037290,3.868184,0.458196,0.508148,3.553046,0.261283,0.393673,3.557817
143,0.390300,-0.387897,3.803170,0.485356,-0.538417,3.757871,0.485642,-0.777528,3.746312,0.901985,-0.679181,4.050042,1.140664,-0.416138,4.010209,0.967360,-0.208334,4.020328,0.554471,-0.179170,3.898945,0.789280,-0.047572,3.976073,0.448981,0.231568,3.894227,0.233215,0.009432,3.880653,0.442428,0.478847,3.584438,0.226460,0.349743,3.593046
144,0.398946,-0.383884,3.806943,0.492953,-0.545337,3.756032,0.485932,-0.786733,3.746360,0.889265,-0.685098,4.051888,1.134426,-0.417605,4.009905,0.971015,-0.207231,4.022155,0.558952,-0.181108,3.899524,0.790207,-0.057023,3.978352,0.466661,0.254976,3.882381,0.222785,0.036152,3.851909,0.438721,0.490638,3.575100,0.243266,0.376491,3.565136
145,0.393072,-0.386919,3.811886,0.492303,-0.552825,3.753172,0.491353,-0.779144,3.747327,0.898728,-0.684982,4.056547,1.137692,-0.412385,4.011548,0.962662,-0.208988,4.020719,0.563900,-0.170268,3.895674,0.797786,-0.045089,3.973248,0.491910,0.281884,3.865755,0.228538,0.037739,3.855448,0.448346,0.495595,3.575549,0.246406,0.374591,3.564239
146,0.388400,-0.386941,3.804948,0.485044,-0.558946,3.752938,0.485417,-0.781434,3.750244,0.893932,-0.690227,4.053595,1.133662,-0.413985,4.009947,0.964374,-0.203811,4.020836,0.556742,-0.178111,3.900102,0.785962,-0.051110,3.978126,0.483463,0.266997,3.875218,0.232333,0.005138,3.874407,0.448762,0.473609,3.601646,0.244277,0.379417,3.588410
147,0.388909,-0.389034,3.806335,0.478581,-0.561754,3.750888,0.489651,-0.789985,3.750688,0.890955,-0.684266,4.056278,1.143637,-0.408233,4.008295,0.967068,-0.209074,4.021659,0.553591,-0.186329,3.899670,0.787212,-0.046757,3.975903,0.429474,0.222745,3.896945,0.223398,0.025262,3.860899,0.458952,0.489974,3.579136,0.237233,0.370195,3.580567
148,0.391673,-0.390298,3.808935,0.483472,-0.557822,3.759813,0.485024,-0.781259,3.749828,0.894580,-0.688574,4.054236,1.136463,-0.407997,4.009813,0.964277,-0.211200,4.023364,0.557127,-0.181001,3.899682,0.789323,-0.053089,3.978860,0.455152,0.246587,3.885146,0.230152,0.012962,3.867746,0.440246,0.477428,3.586586,0.241511,0.354331,3.583040
149,0.398160,-0.401559,3.802222,0.480626,-0.584453,3.750710,0.491326,-0.787687,3.747540,0.902896,-0.677812,4.061316,1.127810,-0.417149,4.013156,0.961904,-0.211129,4.019641,0.544435,-0.187411,3.900231,0.784462,-0.039934,3.978384,0.499353,0.283982,3.868370,0.222824,0.030999,3.867790,0.474757,0.496668,3.569246,0.272921,0.323338,3.649620
150,0.400918,-0.394561,3.808127,0.488958,-0.563330,3.749652,0.497491,-0.787025,3.748027,0.909056,-0.669051,4.057429,1.131670,-0.395960,4.009997,0.966603,-0.204992,4.019407,0.549642,-0.186483,3.899095,0.792876,-0.040205,3.975470,0.498810,0.283026,3.863940,0.227070,0.020210,3.862773,0.428177,0.475490,3.599454,0.263846,0.313242,3.656977
151,0.397459,-0.402078,3.810486,0.481781,-0.590151,3.756741,0.493306,-0.795963,3.744363,0.910924,-0.680410,4.056839,1.127610,-0.402267,4.012288,0.969699,-0.202782,4.017597,0.557007,-0.178728,3.900245,0.806470,-0.040445,3.973634,0.532348,0.285857,3.867411,0.230939,0.017661,3.879589,0.461211,0.485582,3.585738,0.243061,0.352274,3.608269
152,0.399399,-0.383879,3.806484,0.489791,-0.555560,3.741523,0.492363,-0.790023,3.745405,0.900089,-0.680017,4.057192,1.137683,-0.394901,4.007202,0.963109,-0.202883,4.020365,0.556136,-0.191980,3.902579,0.788390,-0.051273,3.976980,0.497483,0.283480,3.861061,0.221796,-0.002390,3.878215,0.435945,0.430986,3.643615,0.256181,0.339062,3.597433
153,0.399209,-0.385306,3.797214,0.491965,-0.572562,3.745263,0.492525,-0.789852,3.745325,0.899337,-0.659398,4.053954,1.139553,-0.410415,4.012592,0.970261,-0.206802,4.018385,0.544949,-0.180224,3.902551,0.782872,-0.029456,3.972671,0.461245,0.247964,3.885669,0.223629,0.005325,3.876600,0.443718,0.438871,3.632021,0.238201,0.358202,3.593385
154,0.401563,-0.391204,3.802408,0.497347,-0.571089,3.740934,0.495032,-0.799414,3.744902,0.896553,-0.666463,4.057690,1.126965,-0.389336,4.012094,0.965675,-0.205233,4.018546,0.558523,-0.177532,3.898839,0.798939,-0.038252,3.972407,0.501035,0.272375,3.872373,0.224594,0.032675,3.856488,0.448672,0.482870,3.577952,0.256900,0.362965,3.561763
155,0.406462,-0.398142,3.806117,0.498863,-0.592608,3.741706,0.495454,-0.804162,3.746635,0.898464,-0.672410,4.060305,1.126289,-0.402334,4.014050,0.964900,-0.205106,4.019857,0.560470,-0.178457,3.897470,0.800842,-0.036702,3.972505,0.469320,0.236248,3.895333,0.231329,0.011822,3.864911,0.466465,0.463059,3.609623,0.279041,0.378294,3.575042
156,0.396849,-0.396228,3.798618,0.489305,-0.595302,3.740170,0.502625,-0.802554,3.745934,0.904725,-0.676510,4.052580,1.137114,-0.404499,4.008514,0.964402,-0.208898,4.016833,0.552757,-0.189567,3.899761,0.796946,-0.042697,3.974144,0.512005,0.258561,3.887468,0.219934,-0.009511,3.874044,0.467580,0.490821,3.583826,0.263372,0.267805,3.693511
157,0.394651,-0.389230,3.795823,0.493209,-0.582137,3.744819,0.496774,-0.804437,3.750179,0.888932,-0.681708,4.058651,1.147417,-0.414346,4.011817,0.969223,-0.209431,4.017686,0.547736,-0.190043,3.901381,0.781036,-0.049715,3.980189,0.445780,0.220309,3.901986,0.210166,0.010673,3.868681,0.426732,0.493321,3.592512,0.252821,0.379072,3.596286
158,0.388576,-0.392843,3.796825,0.488410,-0.558431,3.745331,0.492614,-0.798397,3.750920,0.900823,-0.685380,4.057891,1.125539,-0.420357,4.015390,0.968901,-0.210788,4.015916,0.541425,-0.186120,3.900673,0.786727,-0.048558,3.978764,0.493220,0.257275,3.882629,0.219468,0.015910,3.866331,0.445992,0.496297,3.579358,0.247184,0.364744,3.592890
159,0.396443,-0.399173,3.798446,0.494659,-0.585498,3.749206,0.492949,-0.808896,3.749000,0.885561,-0.682656,4.056634,1.128050,-0.413122,4.013219,0.954904,-0.210387,4.019630,0.548402,-0.185081,3.899709,0.781786,-0.046816,3.977423,0.537526,0.282608,3.868653,0.223396,0.027852,3.858519,0.448246,0.496126,3.568753,0.261379,0.373395,3.595216
160,0.399339,-0.393106,3.797860,0.486011,-0.586049,3.729155,0.491099,-0.795285,3.751495,0.897218,-0.681166,4.054557,1.117946,-0.423275,4.019269,0.970879,-0.209344,4.015749,0.544989,-0.181768,3.901719,0.787640,-0.053646,3.979698,0.546156,0.276817,3.867991,0.225084,0.035557,3.856739,0.472869,0.537186,3.525959,0.264718,0.390166,3.589305
161,0.390372,-0.395500,3.809146,0.484225,-0.575279,3.740639,0.489988,-0.798141,3.747260,0.893963,-0.693108,4.066172,1.120552,-0.428511,4.019022,0.971057,-0.209362,4.016842,0.550162,-0.182436,3.899911,0.793926,-0.051523,3.979128,0.457367,0.214002,3.909092,0.215868,0.005963,3.860964,0.435677,0.490326,3.580210,0.243687,0.293431,3.667492
162,0.403090,-0.389250,3.793511,0.495527,-0.589048,3.734912,0.491803,-0.815039,3.746206,0.889605,-0.684531,4.060583,1.136946,-0.396753,4.010263,0.954693,-0.204420,4.021166,0.544764,-0.194222,3.903328,0.780210,-0.046843,3.979167,0.515121,0.273249,3.869797,0.214464,0.024227,3.865595,0.458400,0.526702,3.530423,0.228948,0.358096,3.584984
163,0.393318,-0.393809,3.798068,0.488850,-0.576849,3.735041,0.490347,-0.793601,3.747693,0.895010,-0.685203,4.058860,1.112904,-0.417228,4.021239,0.972779,-0.200165,4.014488,0.548059,-0.172820,3.900842,0.790449,-0.038677,3.974113,0.478162,0.232982,3.897708,0.224698,0.016414,3.855687,0.433015,0.513066,3.565436,0.246306,0.383463,3.586917
164,0.396889,-0.388176,3.801997,0.493873,-0.568293,3.747924,0.494422,-0.793141,3.745785,0.893568,-0.683486,4.061746,1.131643,-0.417035,4.016117,0.962320,-0.208998,4.019994,0.553644,-0.166496,3.897163,0.793483,-0.033672,3.973869,0.449904,0.235577,3.890764,0.213012,0.002754,3.866802,0.444746,0.442660,3.623240,0.254520,0.359376,3.587751
165,0.397455,-0.391168,3.800334,0.491098,-0.569017,3.743343,0.494247,-0.790442,3.748168,0.897242,-0.681030,4.057827,1.125180,-0.415443,4.015694,0.959676,-0.211002,4.021235,0.555049,-0.169871,3.898339,0.796632,-0.039955,3.974719,0.498096,0.274772,3.872423,0.224820,0.025414,3.856700,0.463530,0.473242,3.586882,0.262373,0.375373,3.563608
166,0.393592,-0.397061,3.805238,0.488738,-0.570852,3.741999,0.490898,-0.796898,3.747815,0.892734,-0.687416,4.063690,1.124010,-0.421278,4.017869,0.959854,-0.213984,4.019476,0.552348,-0.176743,3.898255,0.792786,-0.049695,3.977034,0.493425,0.252399,3.889774,0.228853,0.019338,3.855973,0.483478,0.470849,3.596904,0.272831,0.388621,3.572342
167,0.403034,-0.398974,3.798867,0.495455,-0.594872,3.740362,0.491735,-0.800921,3.747823,0.880822,-0.686710,4.061433,1.134287,-0.413165,4.016489,0.960433,-0.205685,4.018763,0.547629,-0.180295,3.900418,0.784981,-0.049677,3.979454,0.548860,0.279561,3.870619,0.228959,0.045988,3.850124,0.461727,0.505930,3.559284,0.275039,0.396313,3.581707
168,0.396137,-0.399354,3.801864,0.491311,-0.580764,3.743425,0.491046,-0.799877,3.747175,0.896588,-0.685670,4.065458,1.121558,-0.413880,4.017976,0.968620,-0.205812,4.015428,0.550450,-0.174018,3.896245,0.791779,-0.045596,3.977335,0.505817,0.254458,3.884259,0.223964,0.020768,3.871226,0.429752,0.481532,3.592322,0.289934,0.376600,3.586908
169,0.402611,-0.391114,3.797738,0.500693,-0.581311,3.736846,0.497270,-0.813290,3.752267,0.883850,-0.685507,4.059098,1.139237,-0.409800,4.012154,0.957311,-0.204349,4.018669,0.552718,-0.184470,3.901484,0.782870,-0.049658,3.978505,0.519136,0.275381,3.868791,0.225929,0.027258,3.861471,0.474368,0.499620,3.580698,0.278647,0.384895,3.597820
170,0.392331,-0.397383,3.792244,0.491375,-0.585473,3.736109,0.496247,-0.816387,3.746764,0.887056,-0.680630,4.059772,1.126641,-0.411595,4.015467,0.958911,-0.204585,4.024401,0.544224,-0.188345,3.898516,0.776456,-0.049435,3.979668,0.515793,0.269374,3.875060,0.227864,0.028924,3.857519,0.446078,0.510370,3.564927,0.255697,0.382189,3.596927
171,0.392745,-0.391032,3.796546,0.490998,-0.593115,3.736953,0.496752,-0.807300,3.750953,0.889181,-0.676713,4.058465,1.146358,-0.407577,4.006608,0.974181,-0.206233,4.014852,0.546239,-0.185353,3.902410,0.786296,-0.035511,3.973845,0.491158,0.280679,3.862552,0.221738,-0.004902,3.875286,0.432066,0.484538,3.587538,0.230110,0.289508,3.672121
172,0.395294,-0.395070,3.796997,0.487117,-0.590443,3.745227,0.491486,-0.804708,3.748209,0.884062,-0.680213,4.057078,1.132667,-0.406862,4.015511,0.965756,-0.205398,4.017962,0.550847,-0.174923,3.901040,0.788351,-0.039847,3.975997,0.508722,0.263553,3.877209,0.224137,0.017748,3.855195,0.433619,0.509883,3.565004,0.247249,0.385576,3.590628
173,0.403390,-0.393256,3.802206,0.491066,-0.572928,3.741723,0.492399,-0.796386,3.744416,0.891378,-0.684605,4.059910,1.144029,-0.402208,4.008055,0.964066,-0.209551,4.019761,0.555762,-0.188600,3.897765,0.786534,-0.058761,3.980715,0.446242,0.225369,3.899412,0.216759,0.001888,3.869875,0.446803,0.467054,3.611123,0.251422,0.372600,3.577310
174,0.400711,-0.393115,3.796167,0.484361,-0.585520,3.739496,0.486469,-0.795387,3.744929,0.909552,-0.674573,4.056548,1.127073,-0.415858,4.017629,0.973392,-0.209157,4.016119,0.548698,-0.172497,3.899552,0.803854,-0.043699,3.975960,0.523623,0.279258,3.873333,0.230988,0.040092,3.846735,0.472885,0.517154,3.547348,0.276331,0.412005,3.566119
175,0.393437,-0.397481,3.802260,0.488416,-0.578720,3.741535,0.488769,-0.798541,3.747303,0.894838,-0.676698,4.062604,1.130211,-0.421731,4.016912,0.960964,-0.212099,4.020873,0.549463,-0.170941,3.901515,0.789954,-0.036738,3.975383,0.465475,0.244280,3.889958,0.205704,0.003232,3.864093,0.457251,0.478462,3.594502,0.252770,0.366579,3.586547
176,0.394498,-0.395322,3.802312,0.486687,-0.578218,3.737615,0.493713,-0.802272,3.748208,0.899620,-0.691338,4.062791,1.122632,-0.413564,4.017879,0.959289,-0.211759,4.020373,0.553816,-0.172992,3.897696,0.797505,-0.050192,3.977371,0.504127,0.267736,3.878151,0.228959,0.030897,3.854763,0.458174,0.443649,3.634984,0.284184,0.389745,3.583519
177,0.400506,-0.394628,3.797415,0.496803,-0.592798,3.737599,0.500421,-0.818012,3.750761,0.883922,-0.686668,4.058196,1.138685,-0.406874,4.010695,0.955984,-0.208968,4.020162,0.553260,-0.191102,3.904166,0.784813,-0.047692,3.978775,0.506823,0.259855,3.880081,0.220335,0.019148,3.866874,0.455764,0.494036,3.576813,0.255272,0.369427,3.605007
178,0.389990,-0.391436,3.793738,0.491025,-0.560477,3.738343,0.488461,-0.786769,3.752595,0.902531,-0.683743,4.053690,1.128369,-0.416607,4.015568,0.966475,-0.208892,4.016843,0.543158,-0.168906,3.899849,0.787939,-0.040574,3.974867,0.513143,0.273478,3.870167,0.223841,0.022233,3.865580,0.437719,0.504143,3.549837,0.254978,0.295019,3.654908
179,0.398305,-0.400332,3.804988,0.487642,-0.589411,3.739384,0.488877,-0.798192,3.745322,0.899180,-0.674858,4.055952,1.131507,-0.415001,4.014444,0.974708,-0.207508,4.015050,0.550454,-0.183565,3.899046,0.788032,-0.046224,3.976837,0.514418,0.277046,3.870554,0.230225,0.032218,3.866537,0.439743,0.499444,3.577382,0.286232,0.399710,3.576948
180,0.396459,-0.394338,3.803978,0.488632,-0.591623,3.739692,0.489526,-0.792909,3.748469,0.903610,-0.675789,4.059077,1.129585,-0.415844,4.013268,0.969606,-0.209488,4.015831,0.551222,-0.176041,3.896247,0.799893,-0.041205,3.971954,0.521853,0.287470,3.861920,0.230317,0.038771,3.846260,0.466662,0.481387,3.581891,0.279434,0.364045,3.592039
181,0.397972,-0.393130,3.796869,0.486119,-0.596568,3.736666,0.498129,-0.808706,3.747303,0.884862,-0.680329,4.058262,1.144047,-0.404214,4.009130,0.961031,-0.208983,4.022094,0.548514,-0.189270,3.902267,0.781529,-0.046374,3.978922,0.441031,0.217447,3.903186,0.223463,0.001906,3.872184,0.446710,0.479462,3.590606,0.241564,0.267512,3.679223
182,0.399100,-0.391773,3.801631,0.486808,-0.585038,3.736558,0.495545,-0.788569,3.751626,0.907433,-0.677079,4.058615,1.125211,-0.412040,4.019557,0.967513,-0.208793,4.018792,0.555740,-0.168329,3.893700,0.801125,-0.039274,3.972219,0.445507,0.204003,3.912856,0.221631,0.016140,3.860500,0.420696,0.486862,3.568466,0.229277,0.351574,3.583616
183,0.402520,-0.392859,3.797616,0.497876,-0.582229,3.748641,0.494654,-0.809113,3.747196,0.894263,-0.691571,4.059035,1.124155,-0.412699,4.011591,0.958687,-0.205683,4.017508,0.558892,-0.174239,3.899081,0.799369,-0.038228,3.974773,0.543018,0.289684,3.863772,0.230772,0.045239,3.853045,0.476623,0.512043,3.555012,0.271219,0.394867,3.563178
184,0.394902,-0.397609,3.795577,0.488165,-0.575496,3.739854,0.487433,-0.792750,3.747537,0.898363,-0.679922,4.054291,1.121983,-0.401793,4.014213,0.958825,-0.206681,4.019650,0.551007,-0.167322,3.897444,0.797503,-0.038347,3.973105,0.519167,0.275884,3.871575,0.224478,0.019283,3.851261,0.453743,0.488783,3.574754,0.265687,0.376713,3.578007
185,0.396712,-0.399469,3.802739,0.485650,-0.595209,3.739203,0.491758,-0.796416,3.748900,0.896246,-0.666059,4.055550,1.148504,-0.412216,4.010987,0.965863,-0.208098,4.021838,0.548332,-0.184102,3.903591,0.787927,-0.043443,3.975715,0.527148,0.278113,3.870023,0.215000,0.029383,3.857231,0.464260,0.489734,3.573100,0.233787,0.260575,3.687990
186,0.401542,-0.396192,3.797995,0.489303,-0.586151,3.742185,0.491246,-0.796338,3.746101,0.902705,-0.668471,4.057080,1.126221,-0.412411,4.014490,0.969124,-0.204732,4.016865,0.550740,-0.175964,3.899160,0.794375,-0.037375,3.973359,0.527614,0.292933,3.860424,0.221706,0.043241,3.843526,0.458625,0.496746,3.573836,0.263586,0.393953,3.569727
187,0.394078,-0.400862,3.800324,0.487205,-0.591300,3.744436,0.488259,-0.799604,3.745839,0.908888,-0.668701,4.050049,1.123593,-0.406670,4.014281,0.969707,-0.204575,4.016073,0.545031,-0.173504,3.901601,0.790249,-0.032982,3.971737,0.539578,0.287240,3.856813,0.222194,0.039030,3.855356,0.473922,0.505752,3.560284,0.261389,0.266766,3.691020
188,0.391836,-0.401112,3.800232,0.477384,-0.598648,3.738569,0.489344,-0.791055,3.745141,0.897046,-0.665765,4.053321,1.127331,-0.418335,4.017130,0.970892,-0.208516,4.018186,0.544776,-0.179017,3.898907,0.785710,-0.041950,3.974078,0.530887,0.290636,3.857829,0.221785,0.048842,3.850960,0.453626,0.497793,3.563235,0.266579,0.385975,3.572843
189,0.390087,-0.389584,3.798656,0.487911,-0.570078,3.739783,0.490681,-0.794526,3.747680,0.908462,-0.667825,4.052418,1.131103,-0.405489,4.011269,0.972319,-0.208873,4.016667,0.552635,-0.169880,3.900327,0.798630,-0.039938,3.974463,0.509717,0.269344,3.871707,0.229838,0.008634,3.871948,0.469925,0.488291,3.586821,0.271617,0.384403,3.582513
190,0.394478,-0.392707,3.797598,0.498843,-0.572930,3.741695,0.493901,-0.794143,3.748653,0.895668,-0.664485,4.053633,1.154915,-0.399814,4.005396,0.960421,-0.211798,4.018739,0.554937,-0.177842,3.901389,0.779663,-0.035551,3.976528,0.398620,0.202441,3.906656,0.219709,0.001818,3.869670,0.432207,0.459495,3.613721,0.251056,0.377678,3.592748
191,0.395395,-0.397628,3.794403,0.490006,-0.585413,3.735269,0.494432,-0.798059,3.746237,0.896657,-0.660179,4.050167,1.152014,-0.402467,4.005430,0.963152,-0.211358,4.017534,0.550600,-0.187886,3.903802,0.781471,-0.037930,3.975518,0.417904,0.219715,3.895006,0.215402,-0.004830,3.870413,0.445082,0.464355,3.605281,0.249997,0.363912,3.593073
192,0.394908,-0.399354,3.797194,0.484615,-0.589075,3.734859,0.489624,-0.801753,3.745333,0.901268,-0.662484,4.052101,1.120878,-0.414934,4.017662,0.969432,-0.209946,4.017176,0.547244,-0.187952,3.899623,0.783073,-0.049954,3.977467,0.429512,0.212095,3.902207,0.217769,0.004182,3.882358,0.439010,0.481443,3.577901,0.264784,0.369177,3.587038
193,0.397586,-0.397674,3.800003,0.489678,-0.586747,3.742213,0.491996,-0.796800,3.746046,0.904472,-0.673729,4.055189,1.119756,-0.420506,4.018777,0.976294,-0.207805,4.015051,0.546848,-0.175187,3.894688,0.797671,-0.043896,3.972232,0.519200,0.272516,3.871568,0.231851,0.045186,3.860907,0.459280,0.495929,3.570630,0.266305,0.384689,3.568516
194,0.399023,-0.389119,3.799031,0.493114,-0.576547,3.733904,0.494368,-0.801929,3.752270,0.891178,-0.668489,4.056250,1.143608,-0.397652,4.007716,0.974975,-0.203866,4.013320,0.549179,-0.181186,3.900563,0.787207,-0.043504,3.975133,0.481434,0.259446,3.881271,0.229867,0.033525,3.844454,0.443782,0.515740,3.555612,0.249369,0.321892,3.658056
195,0.396873,-0.393419,3.798524,0.495597,-0.575329,3.737114,0.495444,-0.797429,3.752684,0.895510,-0.671527,4.053757,1.132941,-0.395980,4.012269,0.972585,-0.204248,4.015371,0.553911,-0.174529,3.896282,0.791362,-0.039759,3.970020,0.472364,0.242055,3.892524,0.220803,0.010023,3.870668,0.457047,0.504331,3.547102,0.232849,0.350029,3.593298
196,0.401307,-0.395416,3.799912,0.488311,-0.595117,3.735025,0.492753,-0.796114,3.751609,0.905321,-0.680471,4.053837,1.131376,-0.401744,4.012364,0.965993,-0.205233,4.014763,0.545754,-0.178743,3.898844,0.789024,-0.042679,3.974551,0.468966,0.228912,3.899567,0.220409,0.035407,3.852361,0.421940,0.480246,3.583973,0.249683,0.355137,3.593435
197,0.399533,-0.403407,3.800376,0.489283,-0.594930,3.734440,0.496028,-0.795246,3.752040,0.903716,-0.678807,4.055461,1.130340,-0.407417,4.011593,0.970519,-0.205129,4.013040,0.548598,-0.179076,3.897722,0.791960,-0.047319,3.974609,0.460964,0.234576,3.895144,0.226603,0.032709,3.846784,0.447481,0.509953,3.558089,0.250387,0.388234,3.581258
198,0.400764,-0.397653,3.797839,0.487126,-0.597131,3.736711,0.493677,-0.809469,3.747728,0.896913,-0.686247,4.055902,1.125070,-0.402958,4.012040,0.969409,-0.202749,4.016231,0.543677,-0.178156,3.897654,0.785351,-0.043192,3.975139,0.499730,0.269604,3.876641,0.225569,0.039099,3.853272,0.441655,0.499467,3.577325,0.256705,0.361643,3.602245
199,0.392419,-0.387479,3.797656,0.485993,-0.575391,3.743562,0.482260,-0.797294,3.747605,0.897288,-0.672678,4.050857,1.142177,-0.406345,4.009140,0.971550,-0.201424,4.016278,0.539632,-0.181775,3.904032,0.785385,-0.048456,3.979220,0.511463,0.280783,3.865208,0.221703,0.014894,3.865962,0.438261,0.506329,3.548387,0.233411,0.281057,3.663331
200,0.399598,-0.398323,3.799775,0.486300,-0.588788,3.741346,0.488473,-0.796270,3.743829,0.900424,-0.671445,4.054541,1.137982,-0.398966,4.009860,0.964323,-0.211226,4.018312,0.553478,-0.177141,3.901315,0.786255,-0.044686,3.978202,0.447475,0.226476,3.899744,0.223786,0.007762,3.864832,0.441333,0.475885,3.600444,0.256909,0.386765,3.569068
201,0.394249,-0.392057,3.792987,0.485026,-0.591034,3.734697,0.493898,-0.792051,3.748581,0.890290,-0.671764,4.055459,1.147257,-0.400229,4.007277,0.958882,-0.214658,4.021253,0.550213,-0.180818,3.903407,0.780167,-0.040766,3.976159,0.412566,0.225972,3.893777,0.216205,0.000688,3.875873,0.439767,0.503072,3.562818,0.265356,0.378047,3.585721
202,0.397554,-0.398516,3.800039,0.488267,-0.586316,3.736269,0.490432,-0.795685,3.748958,0.894111,-0.676934,4.056800,1.137513,-0.406214,4.006202,0.966387,-0.209368,4.017356,0.555380,-0.186058,3.900727,0.782491,-0.053081,3.979258,0.424749,0.222039,3.901831,0.223131,0.014424,3.861873,0.438104,0.459690,3.606303,0.244372,0.373578,3.578549
203,0.400014,-0.396453,3.802150,0.484363,-0.599376,3.734698,0.492934,-0.799304,3.751237,0.903409,-0.661495,4.050969,1.130227,-0.407658,4.010581,0.973838,-0.206880,4.015515,0.546346,-0.185379,3.903734,0.783799,-0.047174,3.978577,0.503666,0.278437,3.873326,0.223721,0.018649,3.855616,0.458681,0.501444,3.565616,0.271608,0.368558,3.577108
204,0.395645,-0.391914,3.798766,0.496682,-0.573034,3.737984,0.495769,-0.795392,3.751035,0.898446,-0.667367,4.051398,1.137790,-0.405457,4.013086,0.959285,-0.211874,4.021209,0.551829,-0.181439,3.900058,0.779114,-0.037111,3.973381,0.456382,0.227692,3.899079,0.220183,0.021384,3.861475,0.435914,0.449203,3.617014,0.236711,0.369132,3.583534
205,0.401641,-0.393705,3.807657,0.494646,-0.573611,3.750440,0.493204,-0.788342,3.747382,0.902075,-0.677896,4.054090,1.115583,-0.403501,4.015984,0.966600,-0.205661,4.017105,0.551831,-0.174605,3.898713,0.791171,-0.035010,3.974916,0.510538,0.275591,3.878715,0.222426,0.033529,3.851409,0.443908,0.487588,3.583911,0.250487,0.283786,3.680500
206,0.398580,-0.392992,3.806300,0.490096,-0.574231,3.746093,0.493524,-0.791454,3.745721,0.902426,-0.678392,4.055399,1.140426,-0.405219,4.011331,0.966228,-0.206336,4.017469,0.553007,-0.188006,3.903052,0.783263,-0.048031,3.981258,0.467702,0.225194,3.904206,0.217512,0.008983,3.863277,0.444613,0.469608,3.599208,0.237418,0.363626,3.611097
207,0.401344,-0.402919,3.799607,0.491593,-0.584508,3.730382,0.493994,-0.806965,3.750803,0.904023,-0.669943,4.054896,1.138433,-0.400387,4.010477,0.962447,-0.205846,4.018666,0.544670,-0.178803,3.900761,0.790877,-0.040694,3.974516,0.508221,0.274566,3.871731,0.229945,0.031931,3.858576,0.459427,0.486888,3.583270,0.292673,0.374293,3.588773
208,0.406734,-0.394714,3.802689,0.498705,-0.585441,3.736896,0.500699,-0.814714,3.750323,0.899001,-0.672662,4.057072,1.136800,-0.402994,4.011421,0.960895,-0.204211,4.019450,0.550524,-0.179052,3.900593,0.788234,-0.039506,3.973602,0.522371,0.276588,3.870299,0.226285,0.024881,3.850823,0.471448,0.492778,3.582388,0.280350,0.388972,3.585991
209,0.403769,-0.388445,3.802685,0.503448,-0.574608,3.737236,0.499610,-0.814702,3.748302,0.899207,-0.673332,4.057458,1.147169,-0.397100,4.008186,0.957490,-0.202875,4.019733,0.553071,-0.184677,3.900839,0.788747,-0.035358,3.972013,0.505991,0.265086,3.877015,0.216447,-0.008204,3.876827,0.461063,0.464551,3.608888,0.250061,0.264782,3.696378
210,0.403376,-0.386508,3.791934,0.500551,-0.583404,3.737179,0.502512,-0.823664,3.750661,0.900457,-0.671013,4.056732,1.149096,-0.398836,4.003637,0.957438,-0.201669,4.017747,0.552386,-0.186432,3.903205,0.787601,-0.033516,3.971572,0.509231,0.263364,3.875507,0.219777,-0.005808,3.876434,0.480938,0.489194,3.586458,0.232597,0.270733,3.696048
211,0.399033,-0.391030,3.801232,0.496777,-0.574786,3.742701,0.497042,-0.822515,3.745987,0.899947,-0.673165,4.055674,1.133880,-0.386159,4.008480,0.957862,-0.199824,4.019390,0.555919,-0.179100,3.901676,0.793564,-0.038391,3.974699,0.510295,0.265897,3.883386,0.224922,0.004468,3.875103,0.454826,0.471167,3.601688,0.233735,0.271344,3.689888
212,0.397500,-0.391281,3.798794,0.492777,-0.577058,3.743834,0.493715,-0.789995,3.751521,0.907316,-0.664866,4.050614,1.151832,-0.378735,4.002427,0.959316,-0.199455,4.019906,0.550422,-0.179978,3.901987,0.785892,-0.042523,3.975544,0.506335,0.265233,3.878005,0.237459,0.025185,3.862477,0.438598,0.480116,3.580189,0.259618,0.375061,3.578938
213,0.391039,-0.388916,3.797417,0.488610,-0.555758,3.737876,0.494813,-0.777207,3.752906,0.912228,-0.670300,4.053658,1.125576,-0.395728,4.008578,0.966428,-0.204393,4.018919,0.552407,-0.164011,3.898904,0.795813,-0.032602,3.970505,0.515866,0.275254,3.870314,0.231224,0.028619,3.861263,0.444441,0.488494,3.560505,0.264243,0.395945,3.547236
214,0.399364,-0.398458,3.803314,0.489915,-0.586117,3.748723,0.489317,-0.810657,3.747346,0.902382,-0.677946,4.052841,1.130252,-0.399386,4.015151,0.958852,-0.201389,4.021484,0.545097,-0.179420,3.905861,0.788552,-0.037112,3.974311,0.515116,0.282555,3.865471,0.227789,0.034211,3.862726,0.446758,0.484921,3.572346,0.267604,0.381451,3.582017
215,0.392006,-0.390330,3.795613,0.486181,-0.575273,3.746901,0.489416,-0.785540,3.749972,0.907601,-0.673239,4.048838,1.136034,-0.390770,4.008370,0.959432,-0.206253,4.022251,0.548353,-0.179573,3.902052,0.788650,-0.042835,3.976794,0.498981,0.274899,3.869057,0.223155,0.010781,3.859085,0.462077,0.495907,3.572180,0.286854,0.372397,3.585962
216,0.391125,-0.400691,3.799102,0.484976,-0.577823,3.747194,0.489888,-0.795417,3.749812,0.898156,-0.673164,4.052070,1.130724,-0.400263,4.011992,0.961405,-0.210263,4.019494,0.547384,-0.182854,3.902805,0.791208,-0.041592,3.977503,0.485512,0.272133,3.873636,0.227171,0.010247,3.861331,0.467181,0.467656,3.605009,0.303238,0.380609,3.592133
217,0.391832,-0.397114,3.799011,0.481899,-0.580033,3.743023,0.487289,-0.798275,3.749212,0.899826,-0.671139,4.050793,1.131860,-0.404920,4.013946,0.962389,-0.209729,4.021796,0.543087,-0.184144,3.904646,0.785907,-0.042581,3.976787,0.480594,0.256263,3.880954,0.223453,0.017620,3.856000,0.465884,0.476730,3.578290,0.281380,0.370459,3.597939
218,0.397915,-0.400083,3.805502,0.488456,-0.577863,3.743312,0.490460,-0.797251,3.749024,0.903380,-0.675350,4.054990,1.131464,-0.401993,4.009568,0.961822,-0.207521,4.018010,0.550258,-0.177572,3.899674,0.798552,-0.044893,3.974190,0.486618,0.273532,3.872857,0.232446,0.017293,3.861407,0.456027,0.470597,3.605494,0.301900,0.316681,3.670742
219,0.404231,-0.396403,3.803313,0.494121,-0.565346,3.737914,0.491539,-0.789496,3.752477,0.918077,-0.670201,4.050853,1.136196,-0.393498,4.009315,0.956133,-0.208002,4.020420,0.547491,-0.173400,3.903177,0.793490,-0.039017,3.975013,0.534150,0.279982,3.866575,0.217224,0.028917,3.861614,0.467944,0.492679,3.567393,0.249637,0.308205,3.664948
220,0.405409,-0.403760,3.809320,0.494369,-0.586538,3.749712,0.492206,-0.810589,3.743793,0.905272,-0.670683,4.054877,1.136367,-0.400645,4.009355,0.964553,-0.206997,4.019885,0.560418,-0.186657,3.901358,0.798516,-0.051533,3.979162,0.510866,0.264947,3.879316,0.226969,0.017799,3.861520,0.449427,0.471210,3.599010,0.280418,0.372813,3.594280
221,0.391102,-0.391200,3.800272,0.488849,-0.559841,3.743962,0.494024,-0.798878,3.748626,0.896392,-0.675229,4.052694,1.134734,-0.396506,4.008131,0.957605,-0.209698,4.018536,0.546764,-0.179007,3.901596,0.783925,-0.041587,3.976634,0.496859,0.282703,3.861978,0.225577,0.023489,3.864889,0.462418,0.522271,3.549389,0.267441,0.387971,3.579191
222,0.393792,-0.390314,3.800032,0.488201,-0.567814,3.745230,0.492197,-0.789329,3.747290,0.907829,-0.668530,4.053630,1.135676,-0.403623,4.011817,0.964412,-0.207952,4.020404,0.553040,-0.165272,3.897233,0.799167,-0.025317,3.968755,0.518914,0.289364,3.860792,0.235124,0.027883,3.855547,0.470269,0.465342,3.602072,0.269796,0.364940,3.582341
223,0.393089,-0.394442,3.805176,0.481464,-0.572343,3.750692,0.491753,-0.787599,3.751389,0.914265,-0.669352,4.054147,1.122036,-0.413837,4.020240,0.962121,-0.208871,4.020282,0.553919,-0.161653,3.896953,0.803083,-0.027222,3.968596,0.538468,0.296427,3.856674,0.226521,0.031240,3.860665,0.466404,0.470557,3.584217,0.259934,0.368116,3.568793
224,0.395213,-0.391130,3.804813,0.492163,-0.559788,3.742362,0.494962,-0.790679,3.750613,0.917692,-0.679683,4.052066,1.118120,-0.400893,4.017944,0.964251,-0.205427,4.019694,0.557557,-0.166989,3.895997,0.806487,-0.044818,3.972070,0.545914,0.285603,3.857425,0.228001,0.031654,3.854340,0.485646,0.479018,3.580829,0.255496,0.369892,3.558479
225,0.402594,-0.393790,3.803736,0.494905,-0.579606,3.738227,0.489185,-0.802536,3.749972,0.902726,-0.683825,4.053837,1.119540,-0.409490,4.015760,0.965812,-0.208610,4.016961,0.549375,-0.174617,3.897332,0.797835,-0.050241,3.974765,0.509678,0.275916,3.870360,0.223123,0.014772,3.873437,0.447212,0.479132,3.579341,0.269072,0.312488,3.641615
226,0.395250,-0.403186,3.796364,0.486669,-0.591611,3.738110,0.489731,-0.804439,3.748479,0.907417,-0.674522,4.053358,1.127474,-0.404870,4.014891,0.967188,-0.199683,4.015657,0.538578,-0.178382,3.898592,0.784976,-0.038729,3.975217,0.540702,0.293848,3.852051,0.232432,0.046124,3.850486,0.458975,0.524413,3.546345,0.270118,0.329066,3.647321
227,0.394014,-0.398664,3.798640,0.483100,-0.587168,3.743048,0.488540,-0.802172,3.747157,0.913485,-0.670092,4.053062,1.126971,-0.411771,4.014839,0.971778,-0.201677,4.015676,0.538357,-0.183214,3.900702,0.790811,-0.043898,3.977590,0.553245,0.292838,3.848995,0.224822,0.035417,3.855800,0.475543,0.497593,3.566698,0.260526,0.272212,3.694324
228,0.397515,-0.397200,3.800128,0.483721,-0.584247,3.738131,0.490760,-0.798815,3.749267,0.905639,-0.663061,4.053450,1.148603,-0.392066,4.005716,0.967297,-0.205276,4.014255,0.543118,-0.182535,3.900782,0.789088,-0.041529,3.974501,0.528912,0.290287,3.854913,0.223798,0.031889,3.850652,0.456474,0.502024,3.559660,0.263024,0.324488,3.651198
229,0.397116,-0.400064,3.801466,0.488656,-0.577389,3.738946,0.491398,-0.793001,3.751897,0.911491,-0.666800,4.052347,1.117138,-0.399008,4.019458,0.963172,-0.201020,4.017051,0.544465,-0.178341,3.900151,0.787561,-0.037468,3.971129,0.523278,0.289086,3.857285,0.217271,0.019006,3.864708,0.456745,0.492472,3.555449,0.216332,0.255258,3.693598
230,0.405153,-0.393898,3.801578,0.499134,-0.580315,3.744262,0.492986,-0.785213,3.752897,0.906053,-0.678563,4.054879,1.146612,-0.397429,4.007252,0.968446,-0.199542,4.015101,0.543242,-0.190127,3.903962,0.780304,-0.038769,3.978062,0.522733,0.273323,3.864283,0.224487,0.002137,3.874412,0.447612,0.508320,3.553294,0.244265,0.279050,3.682968
231,0.399047,-0.394569,3.797909,0.496247,-0.577209,3.739223,0.492533,-0.795192,3.749079,0.905945,-0.666408,4.055950,1.125316,-0.407191,4.018367,0.972737,-0.199308,4.013156,0.544934,-0.181170,3.900485,0.784519,-0.042621,3.975432,0.495856,0.270168,3.869092,0.227280,0.034238,3.865326,0.435872,0.474263,3.590564,0.262364,0.379884,3.585712
232,0.398172,-0.396526,3.801962,0.495031,-0.578253,3.741578,0.493760,-0.793282,3.750946,0.911450,-0.672525,4.054020,1.136782,-0.393707,4.009681,0.955485,-0.200048,4.016418,0.541856,-0.185728,3.902046,0.783602,-0.038956,3.976488,0.509061,0.281602,3.863751,0.225480,0.021812,3.867318,0.444776,0.496594,3.557129,0.233006,0.269866,3.688970
233,0.400678,-0.391342,3.803011,0.494564,-0.577335,3.739170,0.489038,-0.814787,3.748765,0.904243,-0.686701,4.057400,1.130148,-0.404332,4.009665,0.958564,-0.200928,4.016774,0.549848,-0.190750,3.904234,0.790980,-0.057344,3.980684,0.523556,0.280906,3.866935,0.221230,0.000159,3.882660,0.449719,0.480454,3.581202,0.256489,0.260039,3.684206
234,0.401015,-0.392673,3.805624,0.494714,-0.573567,3.757379,0.491556,-0.798719,3.743773,0.897935,-0.680630,4.056462,1.124175,-0.402127,4.013937,0.960952,-0.200838,4.017694,0.549233,-0.178854,3.899301,0.788987,-0.044992,3.978920,0.512487,0.281314,3.867980,0.225699,0.040714,3.859329,0.453905,0.461878,3.590252,0.246098,0.370165,3.569139
235,0.394181,-0.394774,3.802362,0.489372,-0.570031,3.745621,0.494490,-0.783636,3.747967,0.899512,-0.671740,4.061989,1.136434,-0.399332,4.008003,0.963422,-0.196664,4.018539,0.552113,-0.167504,3.899146,0.789972,-0.022773,3.971222,0.513331,0.290019,3.858927,0.234073,0.035538,3.851207,0.456939,0.479640,3.573368,0.273290,0.402060,3.539100
236,0.401857,-0.401986,3.799931,0.496505,-0.581034,3.741350,0.493943,-0.793723,3.748889,0.905043,-0.669228,4.053612,1.132111,-0.405372,4.013570,0.963710,-0.196655,4.016914,0.548676,-0.187232,3.902750,0.777739,-0.047910,3.978781,0.506324,0.270027,3.868358,0.226434,0.022718,3.867414,0.469759,0.499432,3.560292,0.240412,0.288744,3.672096
237,0.400609,-0.394084,3.802567,0.504027,-0.562449,3.747282,0.497982,-0.797549,3.748187,0.910680,-0.666724,4.054557,1.131188,-0.392700,4.009286,0.968653,-0.200883,4.014877,0.550274,-0.178500,3.901740,0.791562,-0.033778,3.972921,0.522966,0.292709,3.855791,0.235453,0.022576,3.868265,0.480248,0.488098,3.589599,0.240193,0.274796,3.691104
238,0.405367,-0.398570,3.805146,0.504782,-0.577468,3.751277,0.501642,-0.794861,3.747628,0.906235,-0.656155,4.056525,1.149327,-0.394570,4.005787,0.964460,-0.204854,4.017983,0.553908,-0.188130,3.899394,0.784623,-0.037885,3.973229,0.495914,0.285730,3.860762,0.224247,-0.002065,3.883492,0.473373,0.481848,3.580437,0.241472,0.269263,3.677521
239,0.400958,-0.392022,3.806554,0.498439,-0.566291,3.738388,0.494071,-0.806204,3.751358,0.905859,-0.675339,4.056433,1.127425,-0.393072,4.012351,0.963920,-0.201472,4.017422,0.553587,-0.175162,3.901396,0.791296,-0.042577,3.976831,0.503717,0.266312,3.878456,0.228715,-0.005115,3.889705,0.427342,0.462734,3.601437,0.232540,0.262404,3.689998
240,0.406036,-0.401855,3.799761,0.503948,-0.584279,3.737430,0.500636,-0.802840,3.749707,0.896394,-0.672716,4.061230,1.135294,-0.410455,4.007201,0.964035,-0.204429,4.014573,0.551862,-0.194440,3.898298,0.782444,-0.045119,3.976409,0.504827,0.279828,3.866805,0.239881,0.005758,3.871775,0.427315,0.488552,3.579302,0.248034,0.338263,3.614743
241,0.400116,-0.390208,3.791042,0.496759,-0.582983,3.742773,0.491953,-0.806344,3.746389,0.905699,-0.660556,4.050514,1.141302,-0.389960,4.007676,0.971965,-0.197793,4.014272,0.540158,-0.186697,3.901871,0.780163,-0.046313,3.978159,0.481223,0.248698,3.888184,0.229872,0.027607,3.861226,0.442435,0.513524,3.559447,0.248163,0.382483,3.570018
242,0.390996,-0.399033,3.801948,0.482789,-0.597165,3.742462,0.493543,-0.782761,3.749422,0.911777,-0.657306,4.056362,1.141623,-0.405152,4.009877,0.971678,-0.206947,4.020386,0.556420,-0.170157,3.894107,0.805687,-0.042081,3.971488,0.522978,0.262119,3.883427,0.230332,0.023825,3.858022,0.444385,0.490914,3.570257,0.236687,0.293763,3.646236
243,0.388182,-0.389477,3.798681,0.493528,-0.539361,3.748255,0.495479,-0.787658,3.747521,0.914638,-0.672685,4.058700,1.140601,-0.386924,4.003839,0.968354,-0.210223,4.015055,0.545081,-0.177161,3.899205,0.786831,-0.041349,3.977453,0.523667,0.299689,3.848889,0.231252,0.034344,3.862064,0.462176,0.536965,3.515144,0.249943,0.313158,3.658906
244,0.399823,-0.387898,3.802154,0.498034,-0.553627,3.749372,0.499156,-0.789812,3.749206,0.907904,-0.681263,4.053271,1.120809,-0.394419,4.009133,0.959312,-0.203307,4.019497,0.550579,-0.183027,3.898692,0.789038,-0.050620,3.977568,0.523808,0.266822,3.877229,0.227784,0.022293,3.866287,0.450002,0.485999,3.576376,0.264225,0.305138,3.657022
245,0.397179,-0.382333,3.798386,0.495741,-0.545977,3.748773,0.498489,-0.800934,3.750564,0.911437,-0.677892,4.058786,1.120953,-0.404118,4.012207,0.966415,-0.207105,4.016544,0.543759,-0.185500,3.901812,0.781790,-0.050276,3.979728,0.509351,0.271816,3.872104,0.230047,0.019651,3.869777,0.452375,0.501442,3.577704,0.253539,0.300143,3.663079
246,0.398583,-0.391750,3.800382,0.485369,-0.557975,3.747557,0.492807,-0.786243,3.748136,0.916534,-0.682217,4.052404,1.118296,-0.404170,4.012823,0.961020,-0.203095,4.018688,0.549965,-0.182135,3.898149,0.791274,-0.047757,3.975699,0.514039,0.256137,3.885029,0.228963,0.021793,3.868834,0.434062,0.480743,3.593629,0.244037,0.353106,3.592963
247,0.400288,-0.391433,3.803928,0.495652,-0.568035,3.747388,0.490181,-0.807921,3.742527,0.911701,-0.672354,4.056826,1.121225,-0.400772,4.011508,0.967937,-0.203158,4.014246,0.545486,-0.181425,3.899550,0.787230,-0.049444,3.978035,0.505167,0.268453,3.873553,0.232206,0.032602,3.862221,0.436611,0.493175,3.579311,0.258688,0.313975,3.660864
248,0.392901,-0.388301,3.798991,0.494102,-0.557144,3.744729,0.495524,-0.795055,3.747315,0.907897,-0.681330,4.057065,1.114084,-0.396672,4.014477,0.966188,-0.202812,4.013941,0.547812,-0.175621,3.899239,0.784871,-0.047526,3.978013,0.513516,0.271177,3.870509,0.225994,0.019174,3.864119,0.453907,0.497261,3.574968,0.252301,0.302537,3.659224
249,0.397285,-0.382916,3.803638,0.494029,-0.566950,3.748421,0.496569,-0.797996,3.746481,0.906391,-0.680231,4.057527,1.114562,-0.397515,4.012950,0.965600,-0.201182,4.015245,0.548283,-0.186865,3.898451,0.791976,-0.053004,3.977067,0.494681,0.258490,3.879348,0.220580,0.008000,3.873980,0.447973,0.484809,3.567537,0.237206,0.276788,3.668011
250,0.402147,-0.383998,3.796656,0.503846,-0.567331,3.738424,0.497221,-0.808707,3.753181,0.891943,-0.674068,4.055754,1.142192,-0.393678,4.008094,0.963937,-0.204225,4.016481,0.542941,-0.190972,3.903547,0.772682,-0.046973,3.979789,0.433274,0.221380,3.901154,0.232269,0.023786,3.861039,0.421383,0.516123,3.558052,0.225524,0.376444,3.573225
251,0.390938,-0.390502,3.799305,0.494085,-0.557185,3.746488,0.497931,-0.792980,3.749919,0.904919,-0.683412,4.061951,1.119564,-0.419824,4.013751,0.966943,-0.209835,4.016862,0.544149,-0.179919,3.900962,0.779988,-0.047752,3.978791,0.468027,0.246778,3.887269,0.228427,0.017286,3.873670,0.435998,0.494446,3.573502,0.239366,0.377625,3.570969
252,0.403564,-0.392605,3.804224,0.486014,-0.580133,3.743551,0.500670,-0.795651,3.751776,0.906345,-0.690703,4.060811,1.126976,-0.399931,4.009933,0.965876,-0.202494,4.015697,0.552799,-0.183478,3.896524,0.791536,-0.046900,3.976958,0.528874,0.273480,3.876867,0.222308,0.035774,3.856643,0.473622,0.482487,3.585007,0.272242,0.381268,3.582735
253,0.397868,-0.396115,3.801114,0.491656,-0.577629,3.743043,0.500268,-0.798284,3.748538,0.912844,-0.690282,4.054631,1.137486,-0.404656,4.007233,0.961941,-0.203681,4.017295,0.546581,-0.187301,3.898790,0.790101,-0.051508,3.976684,0.494962,0.235275,3.898318,0.223264,0.027862,3.862454,0.442230,0.502635,3.568930,0.246931,0.376427,3.602019
254,0.398888,-0.399465,3.796246,0.493307,-0.594076,3.737280,0.494411,-0.809670,3.750307,0.898432,-0.681887,4.063903,1.132633,-0.416409,4.017862,0.966712,-0.206920,4.017692,0.546259,-0.189622,3.903895,0.778651,-0.057475,3.983145,0.515175,0.260242,3.880941,0.224803,0.018478,3.870615,0.457307,0.508334,3.584522,0.262130,0.397356,3.595383
255,0.398328,-0.397318,3.799952,0.493757,-0.571405,3.742021,0.498016,-0.800205,3.748254,0.898888,-0.671960,4.057437,1.134679,-0.399472,4.005955,0.957343,-0.205948,4.018191,0.549095,-0.184389,3.898059,0.787941,-0.048188,3.976212,0.508421,0.262538,3.879372,0.235497,0.007648,3.871132,0.435578,0.466532,3.617124,0.271013,0.316365,3.641671
256,0.400317,-0.387352,3.792261,0.496249,-0.586156,3.732292,0.496285,-0.803703,3.753398,0.904873,-0.665916,4.057750,1.148055,-0.396438,4.003993,0.975225,-0.196807,4.013839,0.539894,-0.181696,3.897923,0.783245,-0.042528,3.976354,0.450480,0.243318,3.888318,0.235043,0.021976,3.861193,0.440293,0.525744,3.548790,0.248464,0.402056,3.575217
257,0.385112,-0.393748,3.794098,0.482755,-0.576131,3.740540,0.496540,-0.803244,3.743298,0.915775,-0.685720,4.050922,1.133820,-0.409631,4.012633,0.967912,-0.205928,4.020457,0.537922,-0.189809,3.901821,0.782698,-0.044546,3.978593,0.490527,0.242935,3.890073,0.220507,-0.006327,3.883045,0.424929,0.472607,3.606155,0.234887,0.276825,3.687745
258,0.395282,-0.396189,3.795815,0.481659,-0.582732,3.726089,0.491494,-0.787080,3.752907,0.905498,-0.673578,4.060028,1.143572,-0.417954,4.009799,0.965767,-0.210520,4.015464,0.544216,-0.173330,3.897715,0.794241,-0.047696,3.975108,0.519901,0.278444,3.867179,0.228715,0.035458,3.855511,0.451170,0.528144,3.537548,0.269422,0.417888,3.532266
259,0.398231,-0.394645,3.794908,0.485112,-0.586331,3.733618,0.506362,-0.800579,3.749340,0.909190,-0.683504,4.060391,1.130607,-0.415204,4.015142,0.963875,-0.199728,4.015968,0.546986,-0.174943,3.900915,0.789008,-0.035535,3.973528,0.496693,0.282014,3.861527,0.219933,0.005283,3.872106,0.436820,0.495365,3.573523,0.225744,0.284436,3.662596
260,0.402344,-0.395734,3.797337,0.494751,-0.579823,3.731044,0.503515,-0.804383,3.751089,0.898692,-0.684965,4.063919,1.130246,-0.404426,4.014194,0.964262,-0.204406,4.015869,0.544689,-0.192925,3.902822,0.781109,-0.054866,3.980856,0.517039,0.269332,3.872531,0.226973,0.029901,3.860871,0.441075,0.511119,3.555583,0.237601,0.382794,3.566114
261,0.400745,-0.398700,3.795263,0.488248,-0.603950,3.730275,0.503722,-0.811469,3.750059,0.895376,-0.681999,4.061539,1.129537,-0.411386,4.015637,0.961262,-0.200185,4.016940,0.548768,-0.184813,3.897882,0.787360,-0.055610,3.978138,0.473416,0.242966,3.889540,0.230288,0.043149,3.855784,0.448655,0.523385,3.552775,0.249457,0.399544,3.550045
262,0.397176,-0.397397,3.792169,0.487347,-0.602222,3.731357,0.511633,-0.812555,3.750559,0.907211,-0.679784,4.060531,1.140938,-0.411928,4.014219,0.964143,-0.198989,4.015134,0.546877,-0.193278,3.901541,0.789763,-0.049692,3.977130,0.461563,0.220500,3.904082,0.224650,0.036089,3.857554,0.440072,0.498896,3.580035,0.234307,0.282406,3.672792
263,0.390249,-0.393649,3.788986,0.492635,-0.583537,3.726145,0.510949,-0.809321,3.754088,0.895256,-0.709814,4.072026,1.133654,-0.425177,4.018266,0.960209,-0.203120,4.017781,0.547825,-0.185610,3.899993,0.788227,-0.050370,3.979235,0.438777,0.233771,3.891080,0.224916,0.004013,3.874247,0.440962,0.453099,3.624507,0.223772,0.282546,3.670561
264,0.386611,-0.390004,3.795738,0.491109,-0.586561,3.736443,0.507774,-0.819074,3.745523,0.894230,-0.698186,4.061663,1.157566,-0.396420,4.008871,0.967996,-0.199746,4.021045,0.543039,-0.183497,3.900657,0.779578,-0.036159,3.974396,0.433758,0.228338,3.892762,0.219932,0.010559,3.872098,0.429276,0.495554,3.578068,0.243165,0.365802,3.593287
265,0.387106,-0.395043,3.794675,0.489621,-0.582186,3.735345,0.502873,-0.814510,3.746395,0.904076,-0.697454,4.060231,1.142210,-0.410296,4.011749,0.962294,-0.203026,4.015877,0.552088,-0.175036,3.902403,0.800669,-0.040159,3.974931,0.569231,0.297769,3.859917,0.226204,0.053639,3.846733,0.476704,0.503516,3.573721,0.251335,0.382726,3.570696
266,0.395560,-0.393980,3.792147,0.492977,-0.595152,3.724309,0.506181,-0.807037,3.747562,0.891942,-0.702050,4.062182,1.127952,-0.424414,4.015233,0.960097,-0.213561,4.019822,0.559307,-0.189135,3.895889,0.797870,-0.058937,3.976715,0.579306,0.281637,3.864841,0.222541,0.021565,3.866101,0.510194,0.467459,3.615445,0.281028,0.342014,3.634447
267,0.390898,-0.397639,3.792540,0.488043,-0.594854,3.718136,0.513376,-0.819465,3.754189,0.893832,-0.692858,4.065845,1.146465,-0.410958,4.018282,0.965659,-0.207260,4.022227,0.546796,-0.196659,3.904499,0.782261,-0.045681,3.975812,0.527504,0.268375,3.866015,0.225896,0.030598,3.858354,0.477803,0.480750,3.577118,0.256213,0.351640,3.599905
268,0.388932,-0.382839,3.797775,0.495013,-0.584052,3.723892,0.519761,-0.820589,3.751826,0.884961,-0.701508,4.069109,1.149435,-0.411249,4.021740,0.963675,-0.205005,4.021439,0.549437,-0.200115,3.902677,0.782245,-0.052112,3.979956,0.517579,0.283400,3.857761,0.214677,0.020009,3.864439,0.460000,0.503182,3.566106,0.245221,0.375542,3.579772
269,0.391237,-0.388902,3.790193,0.488837,-0.573487,3.721012,0.508175,-0.823529,3.748798,0.897672,-0.708457,4.069120,1.165810,-0.418671,4.019684,0.963568,-0.207677,4.023781,0.551665,-0.191494,3.903518,0.791439,-0.050286,3.979695,0.514115,0.282657,3.860572,0.216582,0.005463,3.874510,0.475163,0.456971,3.620212,0.254810,0.285261,3.670358
270,0.386649,-0.405670,3.798491,0.471134,-0.597317,3.714589,0.512207,-0.824043,3.742271,0.898676,-0.713605,4.066503,1.164008,-0.415103,4.017619,0.968671,-0.209166,4.022913,0.563053,-0.184249,3.896711,0.802382,-0.041250,3.971915,0.520576,0.268415,3.875667,0.229971,0.028560,3.859629,0.466741,0.473469,3.603045,0.254799,0.379710,3.572531
271,0.394623,-0.397067,3.790839,0.471417,-0.582604,3.708274,0.502333,-0.825890,3.748083,0.894802,-0.708064,4.067793,1.168874,-0.417341,4.016900,0.970383,-0.210926,4.022204,0.538404,-0.175744,3.902262,0.780715,-0.034887,3.976007,0.503969,0.275673,3.864591,0.225328,0.035728,3.849856,0.467470,0.505039,3.554790,0.244952,0.383828,3.556140
272,0.389793,-0.400609,3.789831,0.469243,-0.603518,3.708772,0.510837,-0.846717,3.748117,0.900346,-0.716679,4.062571,1.161623,-0.420645,4.017734,0.966599,-0.210973,4.018434,0.557011,-0.191789,3.902817,0.798077,-0.057932,3.977795,0.540155,0.267491,3.871650,0.219670,0.040592,3.851061,0.455183,0.486588,3.574730,0.262179,0.298313,3.659078
273,0.396523,-0.399644,3.793563,0.458624,-0.614253,3.699980,0.500466,-0.851581,3.747373,0.904381,-0.719319,4.061408,1.175094,-0.423792,4.019112,0.967252,-0.217289,4.024237,0.551389,-0.190452,3.908556,0.791258,-0.050663,3.982101,0.548937,0.280378,3.861176,0.230290,0.046678,3.857672,0.475696,0.504630,3.562016,0.279943,0.378298,3.581186
274,0.381800,-0.397290,3.798996,0.457345,-0.589242,3.712991,0.497791,-0.831959,3.744413,0.905179,-0.728027,4.062736,1.162137,-0.425741,4.021112,0.973416,-0.208674,4.016166,0.558184,-0.195399,3.901911,0.803098,-0.060553,3.978263,0.530647,0.281920,3.857701,0.220276,0.018652,3.866110,0.485913,0.477422,3.583517,0.267433,0.268196,3.679712
275,0.386375,-0.388936,3.795640,0.460398,-0.581818,3.705219,0.497672,-0.849751,3.746603,0.897879,-0.723765,4.063794,1.162818,-0.422698,4.020782,0.972641,-0.215756,4.023003,0.550455,-0.197043,3.906915,0.792328,-0.056038,3.981863,0.488558,0.258990,3.877427,0.226020,0.032234,3.861269,0.425588,0.472860,3.589416,0.275475,0.374107,3.586112
276,0.393258,-0.407686,3.785185,0.445818,-0.622877,3.699646,0.504546,-0.862639,3.746323,0.903780,-0.716244,4.065842,1.168392,-0.423600,4.021632,0.973527,-0.210773,4.024988,0.548663,-0.204147,3.909217,0.796756,-0.062506,3.983801,0.529908,0.272090,3.869923,0.225423,0.019313,3.864831,0.467289,0.482109,3.581861,0.268081,0.315912,3.643451
277,0.393010,-0.407472,3.794002,0.441791,-0.615486,3.692687,0.500579,-0.861228,3.739840,0.907144,-0.720894,4.063300,1.163203,-0.425154,4.030346,0.974509,-0.210848,4.028871,0.541197,-0.210076,3.907966,0.796331,-0.059606,3.982350,0.575721,0.287875,3.852149,0.220889,0.041640,3.848864,0.493324,0.494758,3.576528,0.268181,0.375104,3.588158
278,0.389108,-0.412948,3.791938,0.448197,-0.620117,3.698678,0.502072,-0.851892,3.740319,0.898183,-0.720851,4.064057,1.161092,-0.433076,4.035972,0.970864,-0.203863,4.025917,0.550966,-0.194223,3.906950,0.798173,-0.052140,3.980989,0.553705,0.292205,3.854198,0.219721,0.049300,3.844417,0.498114,0.488283,3.571775,0.273625,0.383105,3.580394
279,0.392540,-0.407405,3.794622,0.443826,-0.610678,3.693636,0.497899,-0.857043,3.737606,0.906003,-0.726703,4.061624,1.173139,-0.431586,4.032638,0.975354,-0.204383,4.024591,0.547863,-0.201740,3.907998,0.799229,-0.060818,3.984560,0.572458,0.305270,3.843135,0.218424,0.034085,3.855939,0.509695,0.484601,3.569630,0.280589,0.376622,3.584667
280,0.388964,-0.408484,3.791451,0.436080,-0.602268,3.700802,0.494829,-0.846245,3.738789,0.906434,-0.726905,4.064353,1.178770,-0.429015,4.032523,0.975141,-0.202101,4.023029,0.551987,-0.193868,3.902849,0.804929,-0.057119,3.982343,0.531447,0.300518,3.849528,0.217757,0.041876,3.848972,0.501509,0.496153,3.541514,0.278680,0.371997,3.559921
281,0.390582,-0.408759,3.794979,0.442027,-0.609943,3.700235,0.498395,-0.848275,3.736301,0.901476,-0.728408,4.064237,1.171961,-0.428416,4.032708,0.970124,-0.200700,4.025208,0.557746,-0.200685,3.903346,0.807631,-0.061265,3.980990,0.526654,0.294896,3.851327,0.218220,0.039350,3.849267,0.493583,0.513620,3.538479,0.281945,0.406267,3.556934
282,0.392564,-0.405739,3.795145,0.448816,-0.621030,3.699088,0.501743,-0.857401,3.738564,0.901670,-0.725349,4.063179,1.177474,-0.425390,4.031083,0.972591,-0.202905,4.026181,0.554424,-0.199417,3.907909,0.798130,-0.050837,3.982306,0.492509,0.261628,3.872081,0.220467,0.038372,3.854892,0.484447,0.487185,3.558419,0.270936,0.317159,3.643224
283,0.392435,-0.408020,3.797430,0.442009,-0.609647,3.697747,0.492139,-0.871081,3.732771,0.902554,-0.729223,4.062664,1.175645,-0.426258,4.032048,0.973277,-0.209385,4.026707,0.561476,-0.202623,3.908654,0.808080,-0.073837,3.986890,0.501208,0.273624,3.869085,0.221079,0.031592,3.855187,0.480643,0.506912,3.540807,0.281931,0.379678,3.566504
284,0.392261,-0.407127,3.786470,0.443022,-0.594065,3.697480,0.497183,-0.845903,3.739378,0.906503,-0.730061,4.060939,1.184699,-0.422532,4.024470,0.980523,-0.203570,4.020267,0.558810,-0.192363,3.902070,0.814291,-0.065750,3.979669,0.582061,0.328652,3.826370,0.218848,0.059467,3.842387,0.542593,0.527793,3.522730,0.281868,0.406216,3.554083
285,0.388461,-0.401588,3.792377,0.441216,-0.606312,3.697355,0.503159,-0.868327,3.735744,0.906521,-0.728254,4.066087,1.171976,-0.429599,4.033700,0.968661,-0.207066,4.023132,0.555707,-0.195983,3.902925,0.807913,-0.049381,3.979369,0.554473,0.315958,3.834911,0.223859,0.045120,3.847058,0.483959,0.520685,3.528147,0.254976,0.395770,3.553642
286,0.394190,-0.406916,3.790394,0.451582,-0.605026,3.703781,0.495791,-0.865013,3.737190,0.904632,-0.721635,4.065560,1.175606,-0.426298,4.033329,0.975576,-0.207428,4.027198,0.549115,-0.198418,3.904116,0.803646,-0.053352,3.978831,0.550438,0.291013,3.853981,0.225553,0.029409,3.851616,0.506151,0.488700,3.559759,0.274322,0.370129,3.570710
287,0.391340,-0.398895,3.792226,0.448280,-0.615425,3.697310,0.490985,-0.863991,3.736295,0.902452,-0.724008,4.061114,1.167078,-0.431708,4.034702,0.976208,-0.203159,4.023921,0.551753,-0.203980,3.906817,0.807843,-0.056489,3.979045,0.570813,0.292002,3.850878,0.211258,0.038008,3.849216,0.520305,0.492038,3.557987,0.263441,0.347719,3.597734
288,0.382350,-0.401231,3.791543,0.445499,-0.617697,3.699413,0.494244,-0.855810,3.736181,0.898347,-0.730250,4.066514,1.161364,-0.436517,4.037603,0.972731,-0.201856,4.024028,0.557140,-0.194955,3.903598,0.802296,-0.050068,3.979373,0.509369,0.271154,3.867494,0.223863,0.023724,3.855813,0.487404,0.474136,3.578171,0.278454,0.374914,3.567630
289,0.388385,-0.403674,3.789190,0.446129,-0.617107,3.695650,0.496499,-0.869600,3.738594,0.898137,-0.726099,4.064644,1.160546,-0.430567,4.034940,0.973470,-0.197446,4.022435,0.549386,-0.207363,3.907706,0.797777,-0.060950,3.983851,0.542827,0.295208,3.844961,0.214622,0.044743,3.847183,0.503065,0.477966,3.564626,0.264747,0.369598,3.568457
290,0.385323,-0.412397,3.787471,0.442813,-0.618368,3.692692,0.490407,-0.874492,3.740732,0.898151,-0.724384,4.063008,1.165211,-0.431971,4.033866,0.975324,-0.206407,4.022254,0.544322,-0.211583,3.910312,0.801844,-0.060182,3.983297,0.516295,0.292784,3.851186,0.208108,0.048682,3.841939,0.483284,0.475138,3.576816,0.292533,0.364303,3.574978
291,0.388834,-0.407030,3.793510,0.446701,-0.608899,3.703653,0.486209,-0.866076,3.729197,0.895995,-0.730666,4.070425,1.162459,-0.433538,4.034912,0.967838,-0.212198,4.026320,0.556429,-0.197118,3.902296,0.809547,-0.058304,3.981671,0.539496,0.288937,3.856965,0.220382,0.050917,3.845200,0.536483,0.515589,3.547713,0.293957,0.401066,3.562076
292,0.388183,-0.400003,3.791342,0.450118,-0.610540,3.698827,0.485282,-0.866212,3.732487,0.895696,-0.738023,4.066896,1.157793,-0.429218,4.038032,0.975690,-0.210004,4.026356,0.547828,-0.213820,3.908254,0.808977,-0.075570,3.986065,0.555667,0.285948,3.852099,0.219609,0.041979,3.849927,0.510023,0.537729,3.490782,0.274818,0.361981,3.590853
293,0.386563,-0.390458,3.791800,0.453203,-0.603773,3.711243,0.485480,-0.847698,3.726723,0.902164,-0.737833,4.063086,1.161460,-0.429845,4.032948,0.979393,-0.205270,4.020530,0.583076,-0.195022,3.898211,0.834343,-0.086602,3.982340,0.615637,0.271934,3.864291,0.230162,0.045086,3.847990,0.609330,0.566981,3.476133,0.319863,0.379953,3.571065
294,0.390226,-0.399009,3.792555,0.459764,-0.625557,3.701575,0.490230,-0.860443,3.729374,0.900972,-0.735411,4.066001,1.172894,-0.418199,4.027806,0.979903,-0.209373,4.020058,0.568026,-0.217819,3.902457,0.821758,-0.083823,3.984130,0.635442,0.270919,3.862952,0.217913,0.022375,3.869552,0.595129,0.543585,3.521592,0.277048,0.370212,3.586545
295,0.390420,-0.404879,3.795776,0.455224,-0.617531,3.700122,0.490159,-0.857845,3.730845,0.897291,-0.732793,4.058968,1.167997,-0.422227,4.034290,0.981353,-0.205577,4.019112,0.566738,-0.209348,3.900954,0.826861,-0.085696,3.982166,0.644286,0.273885,3.853184,0.232201,0.025398,3.852983,0.595069,0.535288,3.506071,0.263798,0.380100,3.578753
296,0.391707,-0.402537,3.793071,0.444805,-0.618829,3.701132,0.490129,-0.857188,3.734704,0.898674,-0.737287,4.061496,1.168405,-0.433887,4.036564,0.986182,-0.204533,4.024189,0.558681,-0.202466,3.904675,0.820195,-0.081750,3.983266,0.532514,0.273902,3.867624,0.227936,0.023074,3.853314,0.477934,0.556857,3.499212,0.299491,0.420136,3.578755
297,0.387331,-0.407381,3.789823,0.437520,-0.617514,3.697315,0.484503,-0.863523,3.731344,0.898391,-0.746152,4.057570,1.165200,-0.442771,4.041350,0.977905,-0.214398,4.024425,0.557615,-0.210792,3.904124,0.814166,-0.091407,3.987742,0.602498,0.293976,3.853227,0.220005,0.048699,3.837535,0.517105,0.562033,3.488990,0.273271,0.409945,3.567466
298,0.385099,-0.403754,3.789065,0.444573,-0.616357,3.706375,0.486544,-0.852654,3.726392,0.898445,-0.754642,4.062529,1.171241,-0.450499,4.032739,0.983588,-0.203756,4.018769,0.576518,-0.179679,3.893473,0.831988,-0.068369,3.976968,0.640846,0.302902,3.834427,0.222706,0.064079,3.831199,0.556571,0.569627,3.476202,0.267278,0.393750,3.555448
299,0.384643,-0.399119,3.792469,0.438095,-0.617863,3.703857,0.486163,-0.866646,3.722936,0.898129,-0.759917,4.064183,1.161213,-0.443121,4.029698,0.981130,-0.205610,4.019534,0.582129,-0.198940,3.895783,0.836780,-0.091375,3.981019,0.753334,0.305278,3.819081,0.235479,0.031502,3.856212,0.776470,0.564713,3.494112,0.308191,0.381662,3.577883
300,0.383218,-0.398982,3.791875,0.432777,-0.619565,3.697673,0.482309,-0.874567,3.723884,0.900048,-0.759039,4.059546,1.162569,-0.428462,4.037510,0.975169,-0.210944,4.021540,0.575013,-0.194777,3.896235,0.828676,-0.087104,3.979567,0.569469,0.262853,3.867135,0.226408,0.029854,3.855377,0.563804,0.515659,3.522629,0.314771,0.376862,3.580755
301,0.390529,-0.392428,3.794394,0.446267,-0.605069,3.703382,0.483771,-0.872039,3.731296,0.889454,-0.775097,4.066990,1.150826,-0.444315,4.039965,0.968019,-0.219400,4.026399,0.566603,-0.189890,3.899281,0.818812,-0.079257,3.985399,0.544119,0.286805,3.853213,0.219537,0.038724,3.851987,0.493443,0.543840,3.494002,0.278901,0.358840,3.581268
302,0.385738,-0.401386,3.800184,0.441568,-0.623782,3.708546,0.485571,-0.883365,3.725603,0.897192,-0.757263,4.062747,1.155426,-0.441299,4.036918,0.964184,-0.216705,4.026425,0.567164,-0.196219,3.904843,0.823831,-0.062940,3.981159,0.479061,0.255182,3.881856,0.214400,0.040365,3.854780,0.476866,0.568096,3.460534,0.248922,0.393547,3.542473
303,0.383209,-0.397109,3.793193,0.425173,-0.594980,3.701082,0.480033,-0.855453,3.729833,0.892543,-0.767596,4.060361,1.150483,-0.452381,4.038714,0.976031,-0.215446,4.022607,0.570139,-0.180687,3.896717,0.829807,-0.078436,3.979733,0.482423,0.257455,3.879503,0.216604,0.042228,3.845840,0.460585,0.555884,3.465623,0.301481,0.379880,3.554885
304,0.382431,-0.398326,3.799422,0.435578,-0.606416,3.705993,0.488312,-0.878031,3.729290,0.891136,-0.771790,4.065735,1.150877,-0.443261,4.035563,0.960093,-0.218935,4.026441,0.570131,-0.186495,3.903017,0.822786,-0.062906,3.983325,0.470945,0.221748,3.904717,0.218897,0.050580,3.856440,0.460465,0.529962,3.512878,0.297592,0.375411,3.578212
305,0.382191,-0.399503,3.796948,0.422605,-0.608382,3.693815,0.481060,-0.871520,3.728412,0.888456,-0.782760,4.058457,1.153871,-0.443154,4.032807,0.972114,-0.213522,4.023978,0.564880,-0.186050,3.902567,0.827982,-0.080536,3.982718,0.472685,0.258724,3.879312,0.213362,0.036927,3.861786,0.468857,0.558262,3.469447,0.296003,0.371974,3.569603
306,0.387559,-0.395140,3.797794,0.435286,-0.611594,3.694518,0.480520,-0.864105,3.731274,0.887851,-0.787785,4.060310,1.151429,-0.452362,4.034176,0.966511,-0.201722,4.022898,0.571439,-0.179352,3.897194,0.829608,-0.077857,3.980903,0.532407,0.291003,3.851193,0.218273,0.016869,3.863173,0.461767,0.559798,3.464382,0.289870,0.366428,3.568366
307,0.383485,-0.399357,3.796774,0.416493,-0.627252,3.696797,0.475019,-0.873582,3.722369,0.885640,-0.788253,4.060452,1.148759,-0.463612,4.039467,0.973546,-0.205190,4.023145,0.550949,-0.186455,3.902142,0.812963,-0.074103,3.986072,0.532257,0.286304,3.848984,0.206072,0.050563,3.844469,0.470975,0.548659,3.485207,0.312152,0.379202,3.583399
308,0.379222,-0.403324,3.791641,0.438934,-0.618169,3.696684,0.483436,-0.880416,3.722049,0.886554,-0.786459,4.060068,1.135660,-0.460926,4.038151,0.971378,-0.203505,4.022042,0.570169,-0.189082,3.899141,0.829822,-0.079813,3.980973,0.461948,0.237572,3.891767,0.216046,0.019694,3.867721,0.463023,0.538105,3.500717,0.325314,0.362470,3.578954
309,0.380296,-0.397993,3.800947,0.434436,-0.619820,3.701880,0.475414,-0.892075,3.722908,0.874891,-0.800668,4.059348,1.151300,-0.457681,4.040418,0.963878,-0.209629,4.029711,0.559806,-0.193018,3.903592,0.810871,-0.077697,3.987826,0.438676,0.217441,3.902604,0.219091,0.037485,3.850580,0.470109,0.524937,3.503784,0.341516,0.361743,3.584217
310,0.387500,-0.394166,3.797038,0.443196,-0.627091,3.705904,0.479335,-0.889600,3.719447,0.882190,-0.791235,4.059333,1.140243,-0.456314,4.038227,0.975191,-0.207384,4.024574,0.556713,-0.201462,3.900952,0.812240,-0.084540,3.985000,0.453177,0.223660,3.899560,0.222449,0.044946,3.843682,0.501168,0.544994,3.508897,0.374960,0.387571,3.575948
311,0.375800,-0.401751,3.795976,0.420027,-0.635662,3.696900,0.472566,-0.890268,3.717641,0.878645,-0.796577,4.056317,1.157689,-0.449771,4.038618,0.967695,-0.193976,4.022099,0.566969,-0.191390,3.896970,0.811988,-0.106340,3.991157,0.626047,0.188888,3.922992,0.223401,0.015184,3.864023,0.906908,0.410791,3.608876,0.369544,0.351445,3.595352
312,0.376580,-0.411589,3.792440,0.428472,-0.630409,3.696657,0.473341,-0.891177,3.715227,0.868936,-0.792132,4.063874,1.150581,-0.462104,4.039387,0.956702,-0.215437,4.025867,0.548257,-0.222234,3.907273,0.791936,-0.112103,3.997909,0.615711,0.264570,3.865074,0.231017,0.051089,3.848661,0.555471,0.525859,3.519326,0.332320,0.394675,3.588626
313,0.380553,-0.410931,3.795958,0.437673,-0.639124,3.702386,0.472107,-0.896231,3.708910,0.868462,-0.801368,4.062351,1.134625,-0.484883,4.052856,0.975381,-0.213735,4.025723,0.556191,-0.235866,3.908538,0.808928,-0.127551,3.999825,0.644482,0.156623,3.937792,0.222009,0.014998,3.859511,0.703704,0.430664,3.603191,0.299616,0.331414,3.612671
314,0.381609,-0.428625,3.792998,0.416383,-0.649436,3.691511,0.466744,-0.909499,3.706692,0.875641,-0.796467,4.057228,1.116360,-0.465552,4.054416,0.945986,-0.214470,4.031949,0.545766,-0.232580,3.908419,0.814352,-0.134674,4.002372,0.658210,0.237455,3.877841,0.232072,0.041033,3.842751,0.631513,0.537938,3.493344,0.317046,0.408766,3.553783
315,0.375945,-0.414561,3.790060,0.426622,-0.652092,3.688770,0.463867,-0.894970,3.708001,0.875557,-0.805576,4.062486,1.140643,-0.464692,4.041728,0.954936,-0.193095,4.020218,0.532917,-0.213959,3.900347,0.798207,-0.096671,3.987349,0.535884,0.284615,3.848467,0.220575,0.051666,3.838330,0.467054,0.544812,3.475258,0.308984,0.396625,3.566722
316,0.376157,-0.403550,3.794733,0.424168,-0.634573,3.692722,0.467620,-0.902202,3.705460,0.858020,-0.811226,4.065932,1.130950,-0.472146,4.046193,0.949073,-0.196036,4.024295,0.533639,-0.207357,3.904042,0.785446,-0.077354,3.984544,0.447554,0.225376,3.893616,0.214432,-0.022921,3.877709,0.377323,0.477948,3.551949,0.296973,0.363371,3.579195
317,0.370226,-0.406257,3.792087,0.409341,-0.637889,3.692233,0.469046,-0.905390,3.703448,0.864273,-0.810790,4.057881,1.130902,-0.470191,4.042362,0.948794,-0.195424,4.022595,0.541221,-0.211378,3.902311,0.795427,-0.087917,3.987757,0.450615,0.229946,3.890699,0.214348,0.023834,3.853237,0.426041,0.462948,3.570276,0.320731,0.378772,3.572769
318,0.376188,-0.402059,3.794065,0.410839,-0.636580,3.695243,0.463481,-0.901440,3.702625,0.865315,-0.827133,4.062081,1.112895,-0.473190,4.048233,0.974468,-0.179931,4.016485,0.537443,-0.198245,3.903981,0.803015,-0.078396,3.985285,0.507238,0.280662,3.851466,0.202501,0.042376,3.845022,0.471462,0.509663,3.499802,0.283515,0.273924,3.673734
319,0.366735,-0.416371,3.791999,0.393437,-0.657951,3.682013,0.470401,-0.911536,3.693583,0.870125,-0.827376,4.065104,1.113654,-0.475461,4.049560,0.968297,-0.186659,4.020180,0.518791,-0.205264,3.905170,0.785298,-0.071919,3.987262,0.535716,0.300144,3.840887,0.213887,0.053745,3.853669,0.487722,0.559591,3.446047,0.295229,0.405638,3.550719
320,0.367992,-0.411997,3.796761,0.390070,-0.662502,3.689242,0.463590,-0.927677,3.677878,0.876170,-0.834280,4.054581,1.112304,-0.457683,4.043344,0.961347,-0.173629,4.022415,0.519993,-0.218109,3.907833,0.785583,-0.085711,3.986201,0.521435,0.300328,3.836404,0.223264,0.052569,3.870543,0.485655,0.501519,3.526731,0.332131,0.372258,3.585929
321,0.362593,-0.409316,3.798435,0.390643,-0.668912,3.686426,0.456303,-0.933808,3.672665,0.869919,-0.844913,4.056296,1.115103,-0.464234,4.042674,0.961536,-0.178580,4.021171,0.508267,-0.222320,3.908780,0.765760,-0.098158,3.998828,0.486751,0.282265,3.848994,0.225829,0.053147,3.868495,0.448297,0.484391,3.530792,0.325782,0.391916,3.551077
322,0.368563,-0.404772,3.797247,0.395215,-0.672862,3.690912,0.462347,-0.935121,3.671590,0.875337,-0.851129,4.054080,1.097584,-0.459327,4.041313,0.969845,-0.160917,4.016107,0.521173,-0.216668,3.905230,0.781146,-0.093587,3.990315,0.512170,0.307668,3.826244,0.226033,0.048572,3.887781,0.462677,0.474040,3.535156,0.330436,0.399172,3.552244
323,0.372547,-0.405084,3.791932,0.395700,-0.671397,3.689501,0.465090,-0.937798,3.666689,0.876554,-0.859063,4.057702,1.102733,-0.464017,4.043530,0.962412,-0.173459,4.023146,0.512355,-0.216275,3.904629,0.773683,-0.095841,3.993884,0.449176,0.265102,3.859984,0.237595,0.068589,3.860282,0.513409,0.545243,3.452940,0.282239,0.405227,3.532176
324,0.374104,-0.411034,3.797255,0.385911,-0.674754,3.688092,0.462070,-0.947950,3.663166,0.881970,-0.869395,4.052728,1.093452,-0.464141,4.043982,0.965214,-0.167815,4.019885,0.518050,-0.222608,3.911213,0.777684,-0.106114,3.998729,0.429505,0.257473,3.865762,0.240973,0.083548,3.878378,0.501458,0.488546,3.510928,0.365338,0.344231,3.610898
325,0.378981,-0.412717,3.802508,0.386476,-0.686254,3.701360,0.462211,-0.950138,3.661630,0.881801,-0.878069,4.058056,1.077879,-0.468129,4.050508,0.970759,-0.151271,4.016064,0.497528,-0.224543,3.903018,0.769575,-0.096609,3.994733,0.437178,0.252596,3.869673,0.249506,0.077692,3.873545,0.467724,0.519944,3.479847,0.311315,0.381238,3.566650
326,0.380651,-0.413298,3.807294,0.388773,-0.674780,3.703600,0.469492,-0.948967,3.658720,0.893798,-0.894627,4.057367,1.082952,-0.468286,4.045004,0.966788,-0.154077,4.018708,0.501842,-0.220522,3.898432,0.772208,-0.106348,3.995250,0.443017,0.255368,3.868287,0.248227,0.083305,3.871655,0.503678,0.500781,3.505553,0.339681,0.372649,3.553163
327,0.380673,-0.403788,3.795928,0.394528,-0.661293,3.698384,0.467480,-0.957526,3.658609,0.902140,-0.904804,4.050248,1.082485,-0.465150,4.040833,0.966827,-0.151487,4.020412,0.515745,-0.221391,3.904211,0.797585,-0.105364,3.991473,0.538405,0.255084,3.873492,0.242461,0.048471,3.902123,0.468310,0.500803,3.553708,0.295283,0.385325,3.569707
328,0.384492,-0.398500,3.799426,0.394309,-0.669857,3.706204,0.469624,-0.985260,3.647398,0.926987,-0.955578,4.047499,1.033531,-0.505673,4.059260,0.967826,-0.162199,4.022993,0.496533,-0.243353,3.903822,0.797357,-0.130468,4.001574,0.480040,0.263074,3.861140,0.248310,0.064413,3.863513,0.456706,0.471039,3.601743,0.281122,0.319897,3.631918
329,0.390017,-0.396726,3.801254,0.398315,-0.681410,3.706373,0.468785,-1.008503,3.635683,0.939954,-0.978928,4.036489,1.012308,-0.538060,4.064532,0.972272,-0.173139,4.024442,0.497487,-0.256822,3.903912,0.809019,-0.153434,4.006394,0.496759,0.243753,3.869158,0.260555,0.055660,3.869071,0.467232,0.444150,3.632533,0.294357,0.277789,3.667004
330,0.376329,-0.388442,3.798230,0.397733,-0.677293,3.716103,0.470518,-1.012275,3.627963,0.950613,-0.992147,4.031901,1.022897,-0.537614,4.058514,0.965121,-0.173821,4.025734,0.492249,-0.257760,3.901158,0.804429,-0.149163,4.004848,0.487485,0.250866,3.866057,0.257549,0.042172,3.871155,0.463968,0.396853,3.646730,0.301301,0.228844,3.717387
331,0.378961,-0.391798,3.792684,0.389524,-0.691749,3.720289,0.480646,-1.024433,3.625254,0.955186,-1.010855,4.026464,1.012913,-0.566419,4.069011,0.956618,-0.189083,4.029726,0.501412,-0.275833,3.900946,0.807864,-0.172232,4.009209,0.488675,0.208093,3.891758,0.272641,0.029977,3.879394,0.459664,0.387248,3.652234,0.301712,0.243282,3.705906
332,0.367565,-0.390622,3.811968,0.403119,-0.688749,3.743248,0.483090,-1.031766,3.615698,0.967318,-1.031396,4.024154,1.010946,-0.564986,4.067162,0.958368,-0.189872,4.028032,0.493360,-0.295176,3.897977,0.802657,-0.177663,4.010201,0.465685,0.198358,3.897771,0.258902,0.013874,3.889914,0.420865,0.377637,3.678604,0.299560,0.199265,3.758274
333,0.366256,-0.411898,3.803824,0.424290,-0.703739,3.745267,0.498079,-1.044580,3.611711,0.968274,-1.036157,4.010268,1.002258,-0.567729,4.059593,0.950919,-0.192842,4.027997,0.495653,-0.300870,3.899966,0.806626,-0.188866,4.011887,0.467612,0.223960,3.886758,0.176118,-0.061368,3.917116,0.434831,0.426850,3.635339,0.309434,0.292452,3.701452
334,0.362805,-0.415957,3.789639,0.430663,-0.705121,3.735915,0.504953,-1.051233,3.604091,0.977388,-1.053432,4.016401,1.006881,-0.558944,4.063090,0.957235,-0.190052,4.026296,0.505304,-0.310128,3.896436,0.814844,-0.198246,4.008435,0.535540,0.208153,3.887616,0.273427,-0.068053,3.913049,0.499546,0.408141,3.630371,0.328873,0.211139,3.748323
335,0.368331,-0.405661,3.799192,0.443650,-0.699834,3.735218,0.515003,-1.052782,3.602559,0.977465,-1.055151,4.014850,0.989588,-0.570969,4.071352,0.948023,-0.195133,4.025329,0.508785,-0.307804,3.886718,0.812695,-0.206987,4.007446,0.427730,0.181597,3.898014,0.250241,-0.058056,3.898595,0.425231,0.369069,3.660081,0.298169,0.188261,3.757748
336,0.364949,-0.421029,3.796717,0.444686,-0.702096,3.735711,0.514894,-1.055488,3.601431,0.985982,-1.052477,4.010475,0.990070,-0.565989,4.063780,0.947635,-0.194680,4.026848,0.501425,-0.326181,3.891474,0.814768,-0.220061,4.012872,0.513530,0.184898,3.901530,0.234978,-0.081125,3.879885,0.458659,0.455308,3.587265,0.287557,0.299457,3.639941
337,0.363362,-0.439396,3.803393,0.454930,-0.728803,3.732986,0.512173,-1.071460,3.599933,0.984405,-1.045440,4.012383,0.979243,-0.570816,4.069081,0.942180,-0.193471,4.031419,0.495540,-0.333081,3.891675,0.800016,-0.220484,4.011352,0.486556,0.183691,3.887424,0.219059,-0.040057,3.871043,0.491135,0.341607,3.684258,0.311786,0.199684,3.740746
338,0.351150,-0.433974,3.809570,0.446355,-0.741499,3.731617,0.510291,-1.066843,3.598737,0.988435,-1.042498,4.013121,0.983467,-0.574501,4.066919,0.945066,-0.188074,4.026408,0.490072,-0.329211,3.890708,0.801997,-0.225050,4.012342,0.513749,0.171946,3.891710,0.237549,-0.030011,3.871814,0.451500,0.436476,3.587492,0.289572,0.312975,3.631923
339,0.361346,-0.414072,3.798184,0.444379,-0.704585,3.728499,0.505413,-1.059837,3.595086,0.987843,-1.042829,4.007515,0.998880,-0.566495,4.057958,0.946436,-0.187559,4.025280,0.495424,-0.315681,3.890021,0.806038,-0.215628,4.007262,0.472995,0.167268,3.891714,0.245076,-0.051915,3.883843,0.429947,0.413272,3.610129,0.303961,0.285095,3.660527
340,0.349818,-0.417470,3.812684,0.437599,-0.722870,3.746705,0.495793,-1.072872,3.592392,0.991888,-1.033914,4.004310,1.006412,-0.561983,4.054802,0.939731,-0.198941,4.033266,0.480886,-0.329566,3.899744,0.798991,-0.221783,4.011864,0.455120,0.196040,3.881107,0.248698,-0.006468,3.896253,0.437389,0.444896,3.641655,0.338596,0.255687,3.714570
341,0.346964,-0.437059,3.811060,0.444071,-0.765412,3.734738,0.502163,-1.081622,3.581970,0.991481,-1.035916,4.002699,1.006053,-0.558048,4.055175,0.947596,-0.192149,4.027448,0.481462,-0.330424,3.900490,0.801496,-0.215578,4.011437,0.479672,0.189965,3.883862,0.251624,-0.056192,3.902560,0.441463,0.428461,3.632673,0.317180,0.258765,3.689219
342,0.362628,-0.421035,3.814112,0.441743,-0.735530,3.740298,0.497137,-1.081589,3.584879,0.987636,-1.040337,4.001596,0.985341,-0.554573,4.057555,0.943557,-0.190557,4.027702,0.477064,-0.328309,3.909884,0.795093,-0.214205,4.017978,0.434926,0.196904,3.898383,0.254854,-0.014735,3.909022,0.448501,0.288224,3.789286,0.333223,0.117893,3.829945
343,0.349295,-0.403790,3.818115,0.431062,-0.723704,3.740354,0.490554,-1.074585,3.583236,0.986042,-1.052891,4.008766,0.997302,-0.565199,4.060285,0.942756,-0.187387,4.025665,0.486106,-0.318817,3.893794,0.796753,-0.210227,4.010340,0.490196,0.230626,3.864089,0.279674,0.083131,3.835867,0.500798,0.235846,3.791893,0.353352,0.007510,3.879951
344,0.364835,-0.399673,3.819437,0.442567,-0.705117,3.742467,0.492844,-1.077336,3.583192,0.986859,-1.061646,4.004255,1.002110,-0.566014,4.050218,0.937625,-0.187661,4.023439,0.487281,-0.332310,3.890809,0.808795,-0.228964,4.010723,0.524737,0.202112,3.873642,0.327800,0.062387,3.839352,0.520005,0.190698,3.817714,0.398637,0.032494,3.857423
345,0.347033,-0.411013,3.816287,0.434026,-0.707177,3.739090,0.492608,-1.078084,3.582060,0.989631,-1.044532,4.005633,1.001731,-0.552096,4.059084,0.938101,-0.184614,4.025727,0.492302,-0.337685,3.891195,0.809031,-0.228334,4.009770,0.535686,0.194546,3.877024,0.322580,0.061311,3.843682,0.513054,0.194577,3.829915,0.340062,0.025898,3.859427
346,0.348120,-0.422518,3.800503,0.439140,-0.712365,3.733478,0.488244,-1.068367,3.581055,0.989629,-1.054033,4.004361,1.009005,-0.552218,4.051946,0.945675,-0.184069,4.023581,0.494143,-0.329284,3.886660,0.821955,-0.219609,4.004393,0.571934,0.183624,3.881488,0.306298,0.008084,3.867324,0.554233,0.218103,3.794710,0.379000,0.011512,3.865623
347,0.350024,-0.416258,3.796008,0.444466,-0.705484,3.727929,0.499818,-1.073731,3.583635,0.986811,-1.053602,4.003076,1.010800,-0.558148,4.049983,0.948048,-0.182523,4.021379,0.500660,-0.342427,3.894187,0.821191,-0.231539,4.005651,0.536287,0.208788,3.873295,0.318811,0.083947,3.837151,0.510804,0.240994,3.777646,0.362591,0.068836,3.835854
348,0.347304,-0.418939,3.805362,0.431068,-0.713387,3.726388,0.491395,-1.076141,3.580392,0.988430,-1.051988,4.005701,1.008190,-0.559391,4.054060,0.957970,-0.188214,4.024636,0.494307,-0.340263,3.901366,0.819695,-0.224076,4.009507,0.549658,0.218617,3.870191,0.339542,0.103629,3.835761,0.558626,0.272067,3.786672,0.366111,0.077439,3.823868
349,0.348676,-0.394599,3.809562,0.442765,-0.703614,3.740940,0.491861,-1.073366,3.586489,0.988356,-1.044768,4.006087,1.003996,-0.548731,4.050645,0.951193,-0.189959,4.027019,0.485262,-0.339612,3.898278,0.803532,-0.222415,4.005902,0.523935,0.189591,3.884193,0.302713,0.005085,3.888278,0.460644,0.265859,3.783916,0.361983,0.097819,3.822193
350,0.345738,-0.427364,3.806352,0.433312,-0.730422,3.732010,0.497249,-1.076206,3.585237,0.994497,-1.044834,4.004220,1.004692,-0.550411,4.053032,0.946668,-0.191106,4.032014,0.494174,-0.341534,3.901019,0.809428,-0.227306,4.012780,0.472405,0.193493,3.892166,0.273946,0.023707,3.871143,0.421569,0.256755,3.792341,0.349545,0.080574,3.826612
351,0.361522,-0.400298,3.806692,0.450428,-0.698778,3.743994,0.507767,-1.066528,3.593628,0.994624,-1.051269,4.001730,1.009466,-0.551928,4.047399,0.957657,-0.178375,4.022802,0.484557,-0.327601,3.901803,0.802862,-0.207452,4.006962,0.491888,0.204651,3.883197,0.298238,0.048136,3.861443,0.387759,0.333505,3.711574,0.410899,0.191541,3.747946
352,0.352951,-0.398849,3.810275,0.445375,-0.700484,3.738539,0.498467,-1.063824,3.588062,0.991511,-1.051670,4.009423,0.999386,-0.564230,4.057766,0.948779,-0.187399,4.027566,0.490482,-0.332779,3.892711,0.807082,-0.220110,4.006020,0.432216,0.148892,3.909070,0.264137,-0.032121,3.884234,0.401733,0.367748,3.679248,0.333689,0.184642,3.741926
353,0.363965,-0.397191,3.805085,0.430507,-0.699024,3.732521,0.494073,-1.063001,3.594471,0.993661,-1.043400,4.009102,1.005088,-0.548905,4.053903,0.942351,-0.180258,4.027583,0.488373,-0.327211,3.896027,0.813617,-0.216528,4.005774,0.565102,0.182021,3.885664,0.260741,0.025339,3.876712,0.487705,0.411053,3.641365,0.370865,0.200427,3.731993
354,0.359185,-0.396227,3.807722,0.430242,-0.705566,3.737731,0.497703,-1.068938,3.592129,0.993036,-1.040172,4.009673,1.003277,-0.548400,4.055986,0.945208,-0.179296,4.026517,0.490121,-0.327789,3.897950,0.814264,-0.217225,4.008915,0.509370,0.183255,3.888342,0.272316,0.010706,3.881748,0.472670,0.311926,3.724864,0.391050,0.116605,3.810261
355,0.359130,-0.394008,3.810991,0.430270,-0.708332,3.739838,0.497836,-1.083436,3.592544,0.995951,-1.039607,4.007867,0.994603,-0.546673,4.055184,0.935876,-0.181591,4.030526,0.488379,-0.332763,3.895502,0.807813,-0.218128,4.004237,0.463558,0.208620,3.878595,0.267234,0.016244,3.881212,0.504396,0.302663,3.736784,0.390288,-0.014955,3.895761
356,0.357126,-0.403701,3.801576,0.442075,-0.703873,3.732877,0.507336,-1.072410,3.587847,0.999761,-1.033435,4.004395,1.008902,-0.538396,4.055741,0.941034,-0.180303,4.028641,0.501595,-0.333004,3.900542,0.820502,-0.219525,4.006206,0.517297,0.160992,3.909572,0.284731,0.005450,3.896313,0.539724,0.231931,3.817437,0.408270,0.067420,3.845170
357,0.353067,-0.398638,3.801738,0.433503,-0.700292,3.735884,0.504827,-1.073430,3.590113,0.994680,-1.037620,4.010121,1.004888,-0.541848,4.059117,0.939370,-0.184013,4.025708,0.495589,-0.329212,3.899924,0.812978,-0.209177,4.005709,0.502234,0.204700,3.871978,0.267198,0.018678,3.879501,0.518334,0.297923,3.738283,0.388265,0.001084,3.873261
358,0.354382,-0.403540,3.802142,0.430516,-0.715387,3.735902,0.500369,-1.077981,3.586827,0.996987,-1.034001,4.005862,1.002536,-0.539555,4.052304,0.939708,-0.181875,4.026604,0.486372,-0.343237,3.899980,0.806438,-0.214571,4.007245,0.491244,0.215139,3.873400,0.261302,0.014257,3.883089,0.492693,0.279927,3.755040,0.337384,0.045641,3.854384
359,0.356452,-0.400089,3.813518,0.431563,-0.694622,3.726891,0.494409,-1.064674,3.588936,0.996674,-1.037380,4.005859,1.004243,-0.545549,4.056335,0.938967,-0.184220,4.031029,0.492602,-0.334799,3.894732,0.816357,-0.225019,4.005748,0.530112,0.166274,3.889404,0.290562,0.002814,3.887405,0.546623,0.098213,3.896736,0.394819,-0.086643,3.937506
360,0.364783,-0.393440,3.801494,0.446369,-0.692206,3.742658,0.498050,-1.055653,3.596739,0.997651,-1.034624,4.006990,1.004310,-0.547319,4.058408,0.935742,-0.185091,4.031319,0.491272,-0.338867,3.900787,0.811793,-0.226993,4.011253,0.528667,0.192031,3.874466,0.313764,0.020555,3.869397,0.549098,0.082353,3.907586,0.413378,-0.073272,3.925135
361,0.355805,-0.388222,3.809086,0.441011,-0.695075,3.736874,0.499021,-1.072162,3.589064,0.996152,-1.044562,4.005630,1.003663,-0.557329,4.056805,0.943255,-0.185745,4.028054,0.497840,-0.330195,3.896693,0.816930,-0.213891,4.005053,0.498424,0.204919,3.869172,0.279661,0.007878,3.878828,0.474476,0.291584,3.737807,0.358709,0.034004,3.862001
362,0.369911,-0.392794,3.805232,0.451425,-0.707939,3.740467,0.501418,-1.067917,3.592997,0.999248,-1.036669,4.010169,1.007366,-0.556894,4.060569,0.949350,-0.186317,4.031294,0.491391,-0.332727,3.902380,0.815811,-0.219960,4.010599,0.497004,0.183582,3.881193,0.273916,0.011963,3.870965,0.497714,0.267440,3.774352,0.397419,0.043809,3.849178
363,0.349967,-0.384169,3.801382,0.439601,-0.694418,3.737573,0.503365,-1.068076,3.592840,1.001599,-1.037489,4.010837,1.005198,-0.554855,4.060683,0.948250,-0.186581,4.026458,0.495756,-0.315326,3.897673,0.816864,-0.202683,4.005675,0.540803,0.186932,3.885656,0.263941,-0.006663,3.889343,0.478858,0.334331,3.692988,0.356259,0.116982,3.805908
364,0.354532,-0.406024,3.805617,0.445975,-0.704153,3.739961,0.507178,-1.067249,3.594564,1.005425,-1.037796,4.011212,1.002361,-0.547679,4.063425,0.942059,-0.191384,4.028151,0.492222,-0.328309,3.901297,0.809870,-0.206888,4.007571,0.508965,0.208365,3.872646,0.272688,0.019209,3.868377,0.507555,0.347763,3.685302,0.356156,0.116826,3.790418
365,0.346932,-0.380428,3.802988,0.450929,-0.689898,3.739010,0.507520,-1.071340,3.593725,1.009945,-1.032965,4.010396,1.001744,-0.542142,4.060042,0.943966,-0.188327,4.028634,0.494214,-0.326866,3.898780,0.814960,-0.207797,4.006093,0.523821,0.131863,3.913239,0.280081,-0.018381,3.882639,0.468529,0.298632,3.729951,0.356896,0.128318,3.783499
366,0.345529,-0.382025,3.805785,0.450289,-0.695415,3.740660,0.511221,-1.064357,3.594779,1.011244,-1.038699,4.012120,1.005240,-0.548840,4.059734,0.941278,-0.188181,4.029503,0.499790,-0.326798,3.896037,0.814709,-0.214654,4.007611,0.523282,0.154567,3.898685,0.271746,0.006856,3.870640,0.496618,0.237005,3.794419,0.400058,0.044095,3.843744
367,0.352297,-0.383485,3.809548,0.458936,-0.685814,3.741410,0.518287,-1.060260,3.599047,1.012863,-1.038864,4.009586,1.006482,-0.542239,4.056094,0.945877,-0.186987,4.026350,0.501264,-0.317796,3.890205,0.814445,-0.207433,4.001629,0.467157,0.125279,3.912123,0.267162,0.007705,3.866968,0.381211,0.362233,3.660199,0.405976,0.136610,3.775993
368,0.358304,-0.405610,3.806843,0.450789,-0.700914,3.738054,0.513193,-1.068370,3.599721,1.011810,-1.036201,4.014192,0.998800,-0.552350,4.060946,0.948384,-0.189161,4.030134,0.492380,-0.342455,3.904241,0.810825,-0.225781,4.013807,0.470062,0.149111,3.919139,0.258913,-0.013360,3.891961,0.434248,0.279852,3.753643,0.368562,0.129109,3.792740
369,0.354726,-0.421080,3.802545,0.454484,-0.708817,3.736954,0.517499,-1.069445,3.598985,1.011189,-1.037796,4.010155,1.006301,-0.546179,4.063078,0.941902,-0.188366,4.026443,0.500707,-0.332118,3.894331,0.820510,-0.219013,4.004462,0.531189,0.153288,3.902941,0.259505,-0.036988,3.899599,0.479382,0.490346,3.577926,0.381228,0.233231,3.704088
370,0.369645,-0.379776,3.793029,0.450580,-0.681177,3.744023,0.511612,-1.065636,3.599699,1.007920,-1.032502,4.013249,1.001824,-0.558959,4.058428,0.941497,-0.193695,4.034173,0.482674,-0.334107,3.907949,0.806933,-0.216366,4.015674,0.535903,0.173737,3.914555,0.281085,-0.019297,3.904354,0.498028,0.332361,3.725542,0.355299,0.169557,3.770906
371,0.355509,-0.433111,3.797499,0.457325,-0.718587,3.737164,0.517195,-1.074954,3.598412,1.009193,-1.037574,4.015307,0.995105,-0.556157,4.068722,0.943167,-0.193118,4.028582,0.501930,-0.325912,3.894135,0.812499,-0.205387,4.004694,0.508551,0.186614,3.884879,0.250507,-0.037500,3.897132,0.489189,0.376645,3.677557,0.351991,0.160453,3.759510
372,0.358225,-0.394159,3.794958,0.452545,-0.695409,3.748136,0.509561,-1.067517,3.602062,1.010311,-1.028298,4.011245,0.994698,-0.548856,4.055927,0.943441,-0.195907,4.033021,0.483371,-0.339897,3.908275,0.805595,-0.215116,4.011596,0.526116,0.181479,3.901301,0.232415,-0.012183,3.893387,0.471324,0.359076,3.691676,0.353715,0.163985,3.763332
373,0.354304,-0.379741,3.806308,0.447667,-0.684785,3.741782,0.508492,-1.061096,3.599720,1.004555,-1.033515,4.011387,0.994626,-0.550923,4.059453,0.941592,-0.184426,4.028880,0.495864,-0.325258,3.901544,0.802321,-0.208837,4.006269,0.449062,0.155818,3.910983,0.268995,0.016253,3.885475,0.330402,0.297760,3.737692,0.341197,0.206677,3.725536
374,0.357821,-0.394028,3.804803,0.442718,-0.680967,3.742656,0.507690,-1.063070,3.600315,1.006279,-1.037137,4.014310,0.993941,-0.549163,4.057839,0.953182,-0.182617,4.024914,0.492533,-0.323996,3.904432,0.806524,-0.201163,4.010260,0.456532,0.203045,3.889974,0.257848,0.011990,3.886705,0.460124,0.162874,3.886740,0.333622,0.059829,3.853172
375,0.359519,-0.400723,3.801937,0.444317,-0.699225,3.729956,0.505694,-1.060652,3.600967,1.004618,-1.039505,4.018085,0.984044,-0.556284,4.068219,0.945384,-0.181242,4.025718,0.497172,-0.327927,3.899993,0.816668,-0.204452,4.006542,0.502504,0.206164,3.880664,0.264488,-0.047161,3.904825,0.498920,0.345421,3.738560,0.306399,0.099166,3.809636
376,0.350786,-0.403855,3.803031,0.450504,-0.689002,3.736467,0.514852,-1.058191,3.607871,1.013642,-1.022977,4.014424,0.990356,-0.540728,4.066860,0.942689,-0.177439,4.026872,0.502400,-0.340251,3.904660,0.818739,-0.208435,4.007237,0.577316,0.171566,3.904086,0.279430,-0.050425,3.914858,0.540898,0.234893,3.825433,0.332589,0.034499,3.848556
377,0.360211,-0.420226,3.800130,0.444963,-0.715902,3.731619,0.514768,-1.061121,3.603935,1.006369,-1.031078,4.017149,0.993520,-0.552279,4.068121,0.943666,-0.182477,4.025946,0.503091,-0.320996,3.898070,0.807106,-0.201789,4.005915,0.506446,0.224483,3.863698,0.301480,0.055815,3.853712,0.538001,0.387238,3.722890,0.389517,0.146936,3.774082
378,0.356311,-0.390997,3.801546,0.442482,-0.682537,3.734452,0.513579,-1.055503,3.604822,1.004574,-1.026980,4.015481,0.986958,-0.545537,4.067654,0.945022,-0.180850,4.026875,0.501728,-0.318505,3.897275,0.814445,-0.201940,4.003973,0.538239,0.209495,3.872455,0.279291,-0.004821,3.880938,0.541998,0.313795,3.745893,0.361483,0.120596,3.788173
379,0.347863,-0.396774,3.802766,0.436644,-0.691967,3.738888,0.509212,-1.057085,3.603734,1.002832,-1.039127,4.019356,0.995572,-0.561138,4.064257,0.943138,-0.185464,4.023054,0.501596,-0.313817,3.895097,0.811246,-0.202184,4.005678,0.509801,0.218678,3.870473,0.284051,0.002757,3.881515,0.531208,0.281984,3.754911,0.352285,0.111625,3.800236
380,0.352818,-0.372660,3.804713,0.436683,-0.671874,3.733537,0.512887,-1.047117,3.602509,1.007190,-1.030684,4.010850,0.999583,-0.552304,4.063509,0.941515,-0.179297,4.028008,0.515575,-0.305633,3.901064,0.822524,-0.195736,4.003454,0.538269,0.219443,3.869538,0.290778,0.016206,3.880430,0.520839,0.345460,3.694512,0.365291,0.133967,3.780524
381,0.351017,-0.389767,3.801872,0.431359,-0.683760,3.739486,0.504015,-1.054224,3.604124,0.999298,-1.041975,4.019265,0.979297,-0.561463,4.070143,0.944236,-0.180744,4.023084,0.501214,-0.315594,3.901357,0.805807,-0.202208,4.007028,0.495086,0.191030,3.882987,0.294877,0.018754,3.884379,0.491725,0.430498,3.651541,0.382875,0.185078,3.740994
382,0.350191,-0.384267,3.799008,0.423899,-0.680264,3.741209,0.498998,-1.053139,3.600640,0.999988,-1.030826,4.020160,0.998670,-0.530697,4.057052,0.946002,-0.174697,4.022949,0.496860,-0.310482,3.901299,0.807972,-0.190871,4.004358,0.502135,0.204923,3.880019,0.282710,0.017334,3.883162,0.553312,0.230761,3.799867,0.369472,0.082823,3.817652
383,0.345414,-0.384208,3.815227,0.427968,-0.678345,3.744668,0.496992,-1.059645,3.608626,1.000935,-1.024221,4.015697,1.001108,-0.521500,4.052923,0.940551,-0.178869,4.024272,0.484672,-0.317158,3.905355,0.791103,-0.188432,4.007848,0.491806,0.250850,3.858007,0.286939,0.081441,3.850806,0.568727,0.038328,3.955611,0.394236,-0.058440,3.936498
384,0.366751,-0.398074,3.808467,0.420476,-0.699548,3.741653,0.501688,-1.068422,3.604172,1.000906,-1.028382,4.019200,0.996647,-0.524226,4.054559,0.940322,-0.172791,4.024088,0.489739,-0.316936,3.904004,0.795296,-0.179771,4.008551,0.537891,0.243334,3.856261,0.307876,0.048493,3.860592,0.540533,0.209721,3.817115,0.371972,0.054692,3.849241
385,0.372818,-0.404755,3.823177,0.437197,-0.714099,3.734885,0.499994,-1.069201,3.601863,1.003457,-1.017642,4.013300,1.013262,-0.515430,4.047034,0.947280,-0.163871,4.020123,0.486917,-0.301101,3.908433,0.791200,-0.161123,4.005599,0.471300,0.245746,3.856967,0.286713,0.068168,3.862068,0.512468,0.028766,3.979518,0.395587,-0.041954,3.942556
386,0.367974,-0.431504,3.820345,0.431811,-0.726033,3.732869,0.504634,-1.074271,3.606702,0.997760,-1.024248,4.016131,1.004777,-0.527954,4.051410,0.946697,-0.170377,4.017496,0.487952,-0.310763,3.908814,0.790699,-0.175408,4.007486,0.446491,0.217490,3.875543,0.279324,0.054520,3.859998,0.465602,0.180073,3.848937,0.353106,0.026990,3.885411
387,0.376392,-0.411387,3.822415,0.430574,-0.693131,3.736334,0.497875,-1.060952,3.613091,0.984274,-1.010977,4.023934,1.026253,-0.524194,4.052469,0.947672,-0.173259,4.023141,0.487720,-0.306279,3.909673,0.778054,-0.164279,4.011048,0.453980,0.259881,3.851156,0.290253,0.102897,3.834524,0.478801,0.092078,3.931864,0.375227,-0.018393,3.916054
388,0.374712,-0.420645,3.815231,0.437854,-0.676554,3.733357,0.500610,-1.048388,3.617044,0.982993,-0.994308,4.020286,1.021779,-0.516507,4.049702,0.952531,-0.174775,4.022468,0.486100,-0.298611,3.907367,0.785706,-0.151042,4.003490,0.466938,0.272799,3.840282,0.286041,0.109466,3.830936,0.476339,0.113095,3.912877,0.366986,-0.031949,3.933717
389,0.373807,-0.416515,3.800068,0.432103,-0.679294,3.729994,0.499339,-1.041530,3.619652,0.977391,-0.996743,4.022108,1.027339,-0.513301,4.051504,0.960292,-0.169589,4.021568,0.490642,-0.288987,3.905113,0.787265,-0.146844,4.002784,0.479526,0.266205,3.845083,0.291464,0.109048,3.821849,0.484361,0.236017,3.798126,0.376944,0.099970,3.834978
390,0.368533,-0.431495,3.798097,0.435882,-0.680302,3.728836,0.503202,-0.999627,3.639408,0.968022,-0.973613,4.026417,1.054905,-0.502194,4.045335,0.964260,-0.165008,4.018069,0.518617,-0.275749,3.906806,0.798184,-0.147235,4.003791,0.502156,0.248638,3.860401,0.297252,0.059419,3.861079,0.521998,0.316716,3.717519,0.363371,0.117564,3.810722
391,0.389034,-0.424997,3.798944,0.435599,-0.668162,3.730997,0.494784,-0.999208,3.644349,0.952592,-0.965672,4.033342,1.062245,-0.493685,4.041416,0.964777,-0.162262,4.018261,0.511744,-0.256558,3.903669,0.787727,-0.119262,3.996444,0.490422,0.268875,3.836609,0.305733,0.105885,3.827142,0.550835,0.206671,3.809019,0.406487,0.054825,3.848491
392,0.377845,-0.439697,3.792867,0.421471,-0.682984,3.719793,0.487634,-1.017327,3.641198,0.943526,-0.939295,4.027162,1.060380,-0.490762,4.051349,0.971503,-0.159390,4.023451,0.500159,-0.283769,3.904935,0.772743,-0.131857,3.999315,0.451846,0.245349,3.849897,0.267303,0.065801,3.849450,0.547819,0.139649,3.871494,0.379507,0.010637,3.894324
393,0.376088,-0.433872,3.798885,0.426449,-0.670370,3.712188,0.493810,-0.998772,3.657650,0.942174,-0.928712,4.034288,1.062053,-0.482021,4.054562,0.965865,-0.163861,4.023328,0.506417,-0.265765,3.901865,0.788149,-0.122917,3.993466,0.441350,0.240896,3.846444,0.262470,0.020699,3.870997,0.520250,0.244954,3.757882,0.374353,0.072116,3.843445
394,0.374249,-0.410914,3.787306,0.427094,-0.653742,3.707535,0.484797,-0.962258,3.672823,0.939236,-0.910247,4.034666,1.088906,-0.472888,4.044081,0.972658,-0.161387,4.017852,0.513546,-0.234658,3.905737,0.803394,-0.108476,3.989899,0.513176,0.311472,3.796921,0.281624,0.068049,3.850165,0.618136,0.103458,3.884335,0.427777,-0.025543,3.915705
395,0.382301,-0.436050,3.788296,0.397142,-0.681386,3.691908,0.477400,-0.962047,3.679586,0.928269,-0.891161,4.030044,1.094487,-0.467580,4.042207,0.986404,-0.160840,4.017620,0.504269,-0.237472,3.911004,0.783473,-0.112291,3.996030,0.451761,0.262552,3.838343,0.271126,0.083028,3.845778,0.499948,0.314497,3.689918,0.359568,0.136632,3.803917
396,0.381355,-0.429673,3.789860,0.402824,-0.673402,3.692871,0.481920,-0.935302,3.689203,0.916083,-0.877629,4.032993,1.125942,-0.462491,4.034695,0.990341,-0.162243,4.008846,0.522741,-0.228083,3.904495,0.800181,-0.101378,3.990446,0.430971,0.262410,3.835507,0.255978,0.080802,3.835449,0.582112,0.052312,3.934240,0.418809,-0.060078,3.957999
397,0.377782,-0.436282,3.785840,0.406450,-0.666728,3.687774,0.476510,-0.946724,3.687941,0.912638,-0.854142,4.035989,1.134363,-0.465972,4.037821,0.990919,-0.162564,4.016103,0.503527,-0.225533,3.905573,0.774509,-0.093586,3.992634,0.454479,0.302608,3.804086,0.202440,0.069677,3.841486,0.521559,0.159907,3.848950,0.364212,0.026459,3.899706
398,0.376520,-0.421340,3.791448,0.406871,-0.655721,3.679366,0.472659,-0.930554,3.694260,0.906064,-0.847010,4.039631,1.146756,-0.466310,4.040795,0.985345,-0.177032,4.013575,0.526564,-0.222901,3.904683,0.789122,-0.112362,3.992850,0.452058,0.317049,3.795248,0.248117,0.077906,3.839590,0.585369,0.097244,3.892739,0.425367,-0.032425,3.935423
399,0.381370,-0.426737,3.802943,0.415703,-0.644071,3.682266,0.475574,-0.879126,3.706699,0.912772,-0.830115,4.044877,1.146662,-0.468820,4.039620,0.987864,-0.185982,4.017879,0.549042,-0.187870,3.900461,0.818903,-0.096090,3.987333,0.427909,0.224790,3.867205,0.239242,0.076495,3.845595,0.572388,0.302985,3.694974,0.426582,0.203783,3.740355
400,0.368052,-0.429564,3.798480,0.392780,-0.659041,3.680366,0.464287,-0.918051,3.697048,0.908775,-0.808909,4.045080,1.156685,-0.462036,4.036908,0.991991,-0.189537,4.015300,0.522526,-0.208060,3.904513,0.784826,-0.083755,3.986472,0.454027,0.300722,3.809006,0.231651,0.046503,3.858710,0.492604,0.127742,3.878729,0.341484,0.023553,3.903618
401,0.376672,-0.416934,3.792460,0.410359,-0.633832,3.684263,0.474714,-0.900866,3.710093,0.907170,-0.788695,4.042691,1.137965,-0.460561,4.034981,0.992455,-0.184356,4.016687,0.536266,-0.196097,3.899459,0.799233,-0.078510,3.982665,0.397224,0.220226,3.870329,0.226399,0.062076,3.849648,0.479457,0.316395,3.684646,0.345254,0.205580,3.730139
402,0.382179,-0.431226,3.790840,0.442311,-0.636424,3.690438,0.485736,-0.883149,3.716586,0.911691,-0.788536,4.047741,1.143027,-0.458307,4.031137,0.990563,-0.187455,4.019560,0.539002,-0.206456,3.902498,0.803278,-0.078500,3.983280,0.384841,0.215337,3.873194,0.228335,0.063814,3.853566,0.411918,0.318068,3.697258,0.303179,0.200353,3.749511
403,0.382896,-0.420819,3.801536,0.433218,-0.629525,3.697825,0.475375,-0.905594,3.714368,0.919593,-0.782224,4.052980,1.150058,-0.461606,4.025532,0.988115,-0.189169,4.009860,0.532938,-0.189836,3.897916,0.802215,-0.068913,3.980198,0.409587,0.230337,3.864440,0.242599,0.058418,3.853235,0.455155,0.280645,3.731239,0.338437,0.179484,3.764496
404,0.383730,-0.407220,3.803958,0.446390,-0.619416,3.705287,0.486646,-0.883548,3.714004,0.923521,-0.768912,4.043972,1.150928,-0.437726,4.018366,0.983072,-0.207990,4.017792,0.525392,-0.195288,3.894843,0.791258,-0.046738,3.969870,0.402487,0.222173,3.868203,0.227163,0.026652,3.865515,0.460375,0.350904,3.666319,0.312264,0.217637,3.742074
405,0.387670,-0.399159,3.807534,0.454830,-0.614983,3.710938,0.486418,-0.878536,3.719605,0.930391,-0.752886,4.041599,1.159313,-0.428830,4.015853,0.974334,-0.193372,4.014621,0.543981,-0.197855,3.896383,0.798032,-0.062435,3.978895,0.386834,0.215440,3.873075,0.229742,0.020288,3.868022,0.515961,0.300288,3.724860,0.372870,0.188157,3.765767
406,0.386566,-0.401879,3.789305,0.452089,-0.604342,3.710006,0.491198,-0.871574,3.716615,0.929104,-0.767580,4.041511,1.154292,-0.432959,4.018107,0.973507,-0.210473,4.023097,0.567502,-0.170323,3.897297,0.819506,-0.061105,3.975253,0.364884,0.161892,3.912322,0.187441,-0.095591,3.932070,0.441328,0.362187,3.662912,0.343511,0.274739,3.699213
407,0.388779,-0.407872,3.797346,0.466704,-0.607380,3.715030,0.485711,-0.873286,3.717938,0.927242,-0.763182,4.040158,1.147413,-0.435345,4.017186,0.971372,-0.199998,4.019040,0.563947,-0.166699,3.896697,0.821206,-0.054788,3.973021,0.435553,0.227607,3.870081,0.246732,0.022085,3.875103,0.540087,0.353085,3.662408,0.410692,0.228172,3.730903
408,0.389766,-0.408285,3.793698,0.472749,-0.601188,3.715760,0.490682,-0.872312,3.718746,0.917258,-0.763560,4.040864,1.150894,-0.433076,4.016251,0.971542,-0.210701,4.018070,0.555610,-0.166896,3.893196,0.807923,-0.053918,3.971354,0.404719,0.216080,3.875735,0.237481,0.013105,3.873293,0.518602,0.339743,3.683185,0.386627,0.239918,3.718276
409,0.394442,-0.414334,3.794129,0.471583,-0.608793,3.720856,0.497707,-0.865933,3.720520,0.928192,-0.762016,4.045166,1.139749,-0.438157,4.018077,0.975246,-0.212477,4.017048,0.547624,-0.181014,3.890889,0.797172,-0.057991,3.971182,0.395734,0.218492,3.869388,0.237253,0.017155,3.867084,0.515535,0.386997,3.671602,0.368911,0.274034,3.703743
410,0.397420,-0.406236,3.802883,0.477534,-0.588315,3.716018,0.497218,-0.858625,3.728381,0.923728,-0.782720,4.048171,1.131811,-0.434857,4.022159,0.968232,-0.207886,4.019310,0.540964,-0.186174,3.894188,0.791756,-0.062581,3.973558,0.373128,0.196003,3.881862,0.217780,-0.021559,3.896453,0.452980,0.341990,3.682210,0.315552,0.248292,3.722602
411,0.394520,-0.412376,3.796033,0.476987,-0.609469,3.718746,0.501809,-0.878467,3.727015,0.918468,-0.784920,4.046006,1.140351,-0.451353,4.019196,0.967542,-0.202245,4.017523,0.541770,-0.206191,3.895396,0.785261,-0.067404,3.975324,0.356691,0.185185,3.886062,0.146747,-0.122408,3.932797,0.434487,0.338197,3.670529,0.286235,0.242910,3.714907
412,0.406234,-0.415024,3.787859,0.472953,-0.634293,3.716589,0.500693,-0.880756,3.722462,0.918955,-0.785799,4.040165,1.128780,-0.456562,4.024544,0.973568,-0.205266,4.015779,0.551416,-0.210312,3.899517,0.795188,-0.078938,3.977718,0.388847,0.185209,3.893817,0.192218,-0.103332,3.930729,0.466142,0.330807,3.700317,0.309383,0.206207,3.743488
413,0.403218,-0.428368,3.792481,0.475605,-0.630973,3.718504,0.498885,-0.887405,3.725191,0.924490,-0.786396,4.041280,1.149274,-0.454244,4.025110,0.974356,-0.210021,4.015673,0.538494,-0.212283,3.896237,0.773119,-0.078904,3.981452,0.392440,0.198652,3.883321,0.214424,-0.004187,3.880666,0.466255,0.329902,3.692743,0.328505,0.233472,3.721349
414,0.403194,-0.427052,3.793422,0.482080,-0.630331,3.718558,0.505654,-0.890737,3.727956,0.919172,-0.792512,4.047232,1.127225,-0.465541,4.028338,0.970477,-0.210228,4.019314,0.544228,-0.202588,3.894508,0.780990,-0.075544,3.979773,0.382778,0.210785,3.876312,0.252769,0.017389,3.872583,0.482550,0.348158,3.693103,0.348801,0.260692,3.701026
415,0.405106,-0.432936,3.792002,0.478993,-0.640927,3.714692,0.501953,-0.885761,3.725172,0.923020,-0.783722,4.045851,1.130359,-0.457329,4.024721,0.974090,-0.205465,4.017614,0.543268,-0.204055,3.894533,0.788626,-0.067817,3.977197,0.396973,0.214199,3.875741,0.255991,0.021477,3.868779,0.484016,0.327720,3.703656,0.351898,0.233560,3.731529
416,0.401203,-0.435643,3.788011,0.477739,-0.637215,3.715341,0.501816,-0.887229,3.725511,0.926720,-0.777385,4.045023,1.136192,-0.457596,4.025420,0.979332,-0.209048,4.018655,0.538422,-0.204633,3.892231,0.789180,-0.070974,3.974942,0.400736,0.207948,3.874218,0.256537,0.003819,3.875484,0.494233,0.316909,3.697947,0.366824,0.224059,3.725026
417,0.408078,-0.419952,3.791700,0.489091,-0.614760,3.725900,0.511854,-0.877391,3.728379,0.917758,-0.783690,4.047161,1.160231,-0.451903,4.020157,0.976834,-0.210275,4.020336,0.560310,-0.197421,3.897861,0.791614,-0.066213,3.977064,0.355611,0.178414,3.893651,0.164596,-0.103358,3.932152,0.435347,0.313254,3.713858,0.313194,0.227179,3.720747
418,0.396870,-0.419684,3.801290,0.481141,-0.607655,3.727355,0.511876,-0.877250,3.727444,0.922977,-0.784800,4.049417,1.158386,-0.442904,4.015079,0.975545,-0.202078,4.015425,0.557925,-0.181480,3.895829,0.798459,-0.057443,3.975939,0.363369,0.183355,3.894523,0.229259,-0.060683,3.914075,0.461837,0.331609,3.692025,0.321901,0.256279,3.701255
419,0.403189,-0.405390,3.794050,0.479977,-0.621517,3.726726,0.509697,-0.894573,3.724144,0.922700,-0.794576,4.047890,1.146915,-0.459016,4.026097,0.982161,-0.203840,4.017329,0.547001,-0.193511,3.895029,0.796452,-0.060653,3.974278,0.371941,0.197191,3.885834,0.248399,-0.009941,3.881664,0.503627,0.398352,3.649265,0.351515,0.295038,3.668035
420,0.395682,-0.412996,3.796138,0.481879,-0.622351,3.729081,0.508187,-0.898755,3.721607,0.917326,-0.785765,4.045135,1.152105,-0.440093,4.019560,0.975454,-0.196599,4.016292,0.545367,-0.203475,3.894304,0.787531,-0.072404,3.978627,0.372168,0.178576,3.894052,0.253205,-0.005870,3.883088,0.463989,0.380155,3.639844,0.337275,0.289900,3.665992
421,0.391055,-0.402017,3.801047,0.467710,-0.600492,3.723100,0.504003,-0.885701,3.723071,0.922067,-0.787769,4.043463,1.160243,-0.442705,4.019103,0.976369,-0.206018,4.019333,0.552985,-0.187799,3.894979,0.797512,-0.060706,3.975699,0.363282,0.205351,3.881037,0.210064,-0.029444,3.889441,0.505439,0.348896,3.700527,0.372419,0.253414,3.702405
422,0.395317,-0.398806,3.793754,0.473298,-0.611039,3.725948,0.506943,-0.908228,3.711719,0.917837,-0.793277,4.042415,1.162076,-0.437364,4.019557,0.977289,-0.202207,4.018204,0.547280,-0.197893,3.895618,0.794332,-0.065877,3.978078,0.355042,0.174877,3.898270,0.149517,-0.110485,3.927294,0.407708,0.307407,3.740839,0.254381,0.213336,3.744295
423,0.393639,-0.396321,3.794279,0.467256,-0.601160,3.728170,0.501432,-0.892851,3.715445,0.919337,-0.790522,4.036521,1.149233,-0.441824,4.018969,0.969166,-0.200426,4.018904,0.549412,-0.193223,3.895991,0.795493,-0.067594,3.976140,0.370252,0.173843,3.901816,0.230215,-0.012152,3.887662,0.474268,0.368286,3.668998,0.352718,0.305824,3.676210
424,0.389738,-0.402344,3.800698,0.472481,-0.593033,3.732299,0.500199,-0.895663,3.710174,0.919582,-0.800923,4.036651,1.148233,-0.442618,4.019404,0.966704,-0.192750,4.016591,0.547215,-0.197424,3.890743,0.787026,-0.074037,3.978081,0.364420,0.179724,3.890364,0.228260,-0.052863,3.902553,0.451752,0.358932,3.672289,0.324386,0.284017,3.682226
425,0.388130,-0.392685,3.804542,0.469388,-0.587084,3.727028,0.494875,-0.899336,3.712501,0.912572,-0.806463,4.035794,1.145061,-0.442392,4.021754,0.965831,-0.197216,4.016263,0.543214,-0.198291,3.887836,0.782227,-0.080467,3.979338,0.358056,0.199870,3.881145,0.217580,-0.016323,3.879845,0.455591,0.316828,3.705220,0.334002,0.225997,3.720410
426,0.391798,-0.406879,3.809654,0.459969,-0.603592,3.732302,0.497515,-0.905557,3.711760,0.916993,-0.807005,4.033262,1.159245,-0.436387,4.016756,0.968571,-0.204000,4.024348,0.539645,-0.209761,3.897995,0.781626,-0.074947,3.979831,0.381300,0.205887,3.879191,0.167424,-0.079983,3.911576,0.450506,0.380531,3.650133,0.312281,0.276689,3.684697
427,0.390498,-0.400330,3.791219,0.467056,-0.606022,3.720132,0.498626,-0.920308,3.703243,0.918766,-0.821348,4.034079,1.148882,-0.440121,4.024913,0.975236,-0.192332,4.019880,0.555514,-0.211204,3.897821,0.794675,-0.095807,3.988061,0.376573,0.197158,3.883084,0.233070,0.011974,3.874446,0.453929,0.273490,3.757090,0.331834,0.201964,3.759347
428,0.391623,-0.404610,3.804151,0.460405,-0.614012,3.720001,0.493689,-0.928270,3.705878,0.918413,-0.826376,4.036256,1.127377,-0.448425,4.029674,0.975840,-0.175365,4.017768,0.553196,-0.215276,3.902532,0.805366,-0.093930,3.989288,0.393891,0.203933,3.882711,0.235242,-0.018591,3.894999,0.466782,0.346944,3.675622,0.347209,0.274531,3.699772
429,0.390153,-0.405903,3.793152,0.456907,-0.614465,3.715688,0.498269,-0.912700,3.704239,0.926115,-0.824057,4.034144,1.133837,-0.451078,4.029890,0.978119,-0.171769,4.017618,0.558288,-0.200052,3.900115,0.808613,-0.084413,3.984934,0.402428,0.211804,3.875519,0.232627,0.002847,3.881610,0.473296,0.338863,3.681366,0.336242,0.231582,3.736981
430,0.387986,-0.407558,3.791881,0.444695,-0.616892,3.707134,0.489954,-0.913132,3.706228,0.919185,-0.835655,4.034959,1.128338,-0.461861,4.034171,0.981801,-0.190779,4.020050,0.559745,-0.188166,3.900381,0.818639,-0.103272,3.991877,0.397514,0.215452,3.881606,0.241583,0.021929,3.864274,0.514484,0.336910,3.682614,0.377737,0.244369,3.713329
431,0.390123,-0.405793,3.790366,0.450022,-0.613694,3.711042,0.487808,-0.923163,3.705376,0.916830,-0.840575,4.035311,1.128390,-0.465747,4.031593,0.977996,-0.177574,4.015723,0.553892,-0.200285,3.900166,0.810600,-0.102976,3.989475,0.422434,0.233967,3.860437,0.231005,0.038011,3.859173,0.533923,0.284216,3.732114,0.383433,0.183226,3.767521
432,0.381881,-0.401559,3.798222,0.442257,-0.607332,3.700753,0.486024,-0.919886,3.707303,0.917122,-0.854426,4.033694,1.123676,-0.479117,4.040816,0.984713,-0.194285,4.020831,0.551101,-0.193112,3.900462,0.813577,-0.111891,3.988476,0.399127,0.218272,3.869673,0.239787,0.045145,3.858317,0.486527,0.374687,3.637271,0.369263,0.286648,3.691658
433,0.380214,-0.403918,3.800508,0.431092,-0.634789,3.704508,0.487855,-0.938695,3.708140,0.922955,-0.844914,4.033335,1.125227,-0.471249,4.035790,0.970015,-0.182284,4.016999,0.535191,-0.203991,3.900052,0.800965,-0.096148,3.988502,0.398510,0.245620,3.852018,0.230276,0.059663,3.846350,0.454818,0.385454,3.646245,0.320010,0.277810,3.694860
434,0.380666,-0.398421,3.804715,0.425057,-0.628739,3.701817,0.485470,-0.928588,3.707535,0.922654,-0.843410,4.032279,1.125589,-0.462130,4.032236,0.978975,-0.175636,4.017133,0.541941,-0.212462,3.898673,0.814831,-0.103014,3.987515,0.408918,0.203570,3.883083,0.233780,0.020137,3.868649,0.484671,0.393955,3.616805,0.365941,0.303041,3.674839
435,0.384408,-0.404302,3.796358,0.426372,-0.636639,3.703783,0.486253,-0.938606,3.705672,0.914523,-0.853697,4.038352,1.123180,-0.469108,4.030041,0.975063,-0.179194,4.016115,0.535386,-0.208929,3.895941,0.800755,-0.111422,3.991368,0.412824,0.215635,3.875077,0.234209,0.045825,3.860020,0.517903,0.322103,3.686873,0.394518,0.246706,3.720662
436,0.390142,-0.397500,3.799945,0.435650,-0.621900,3.709167,0.484471,-0.937106,3.706731,0.916688,-0.853823,4.040239,1.118623,-0.473461,4.036047,0.982234,-0.171715,4.012333,0.543290,-0.207632,3.900306,0.809880,-0.113477,3.991202,0.407650,0.210061,3.878177,0.236244,0.032381,3.872898,0.538213,0.318759,3.696364,0.409319,0.236762,3.729617
437,0.384609,-0.415650,3.806310,0.431843,-0.642701,3.709008,0.491932,-0.954705,3.703477,0.910098,-0.856013,4.038400,1.113944,-0.476163,4.033478,0.978268,-0.167690,4.011549,0.537216,-0.226234,3.904566,0.791594,-0.106510,3.992170,0.400031,0.209948,3.876321,0.238486,0.028258,3.869723,0.506210,0.317151,3.692804,0.374796,0.226680,3.734914
438,0.374998,-0.407109,3.795099,0.428812,-0.639396,3.703043,0.491498,-0.938231,3.706864,0.914072,-0.853244,4.036986,1.124259,-0.471637,4.038307,0.976280,-0.175550,4.015571,0.546253,-0.218780,3.902409,0.802402,-0.121124,3.993560,0.380708,0.194121,3.882703,0.209901,0.003346,3.887351,0.457276,0.321583,3.692224,0.340094,0.236542,3.712709
439,0.381519,-0.415552,3.802778,0.430236,-0.648315,3.704853,0.489990,-0.950162,3.703082,0.913084,-0.861660,4.040062,1.122866,-0.475359,4.034408,0.976354,-0.174749,4.015063,0.534838,-0.212683,3.902412,0.796356,-0.115039,3.994313,0.391274,0.209908,3.875977,0.237943,0.061384,3.847906,0.509184,0.360772,3.656486,0.379015,0.265108,3.698479
440,0.376267,-0.399864,3.805243,0.423459,-0.642257,3.707804,0.483208,-0.949170,3.699881,0.916987,-0.867469,4.038785,1.122396,-0.469045,4.030739,0.977096,-0.175663,4.012698,0.533419,-0.217824,3.901317,0.800801,-0.121352,3.994972,0.387854,0.207227,3.882192,0.236840,0.044720,3.858867,0.524953,0.329077,3.691313,0.387625,0.239463,3.721226
441,0.386069,-0.398200,3.807945,0.435111,-0.647545,3.708025,0.486066,-0.945473,3.703466,0.918354,-0.857874,4.038533,1.114159,-0.466513,4.031246,0.970546,-0.180850,4.018929,0.538986,-0.236520,3.896939,0.798571,-0.121707,3.992062,0.399274,0.220664,3.867818,0.252845,0.035440,3.859843,0.506846,0.278727,3.752963,0.365947,0.166433,3.779995
442,0.385181,-0.402725,3.810108,0.421648,-0.646589,3.705779,0.483686,-0.953235,3.703422,0.919094,-0.852265,4.041435,1.129691,-0.460699,4.026298,0.962968,-0.171955,4.018576,0.536803,-0.235908,3.902182,0.795674,-0.115395,3.992542,0.405090,0.234433,3.858895,0.237561,0.029528,3.862690,0.518892,0.237781,3.787988,0.364945,0.136968,3.803184
443,0.386968,-0.397912,3.814313,0.428278,-0.644631,3.714965,0.486835,-0.946811,3.703551,0.914347,-0.860999,4.039405,1.123391,-0.463857,4.025099,0.971224,-0.169917,4.017119,0.537449,-0.223465,3.898087,0.801049,-0.122950,3.992986,0.403313,0.239348,3.854892,0.258956,0.052993,3.856431,0.633502,0.131780,3.862403,0.449437,0.025954,3.884050
444,0.383421,-0.398402,3.807809,0.419204,-0.643955,3.709271,0.479562,-0.955100,3.699010,0.918574,-0.870054,4.045399,1.119781,-0.469634,4.032177,0.966904,-0.174819,4.018898,0.540692,-0.224222,3.904755,0.806815,-0.131493,4.000291,0.414989,0.235589,3.861726,0.257600,0.044485,3.862802,0.621101,0.137826,3.845965,0.446356,0.043355,3.865047
445,0.382258,-0.404609,3.806780,0.432638,-0.636656,3.709287,0.482545,-0.953165,3.702445,0.914456,-0.872172,4.045334,1.114799,-0.468139,4.034387,0.971705,-0.171144,4.016936,0.530710,-0.236248,3.901427,0.798944,-0.120679,3.994678,0.408366,0.236765,3.853879,0.240489,0.060315,3.839516,0.547319,0.140333,3.855772,0.376840,0.027956,3.868472
446,0.384998,-0.390508,3.802842,0.423900,-0.628775,3.706023,0.480407,-0.932748,3.707912,0.918037,-0.872763,4.044750,1.110899,-0.469455,4.038890,0.984144,-0.174023,4.015219,0.531287,-0.218594,3.903817,0.811987,-0.130837,3.999841,0.500473,0.307968,3.810891,0.249648,0.056414,3.848788,0.583173,0.219455,3.779371,0.404103,0.125544,3.796844
447,0.375581,-0.400057,3.806906,0.420419,-0.640577,3.703440,0.482797,-0.942649,3.707444,0.911063,-0.868870,4.041011,1.114722,-0.467119,4.037351,0.970117,-0.169832,4.015157,0.520768,-0.222430,3.903123,0.800130,-0.105547,3.993755,0.468683,0.316847,3.800265,0.231495,0.051259,3.855671,0.474408,0.191278,3.820770,0.324103,0.088588,3.858424
448,0.379315,-0.405914,3.799726,0.417403,-0.643220,3.702006,0.478335,-0.935782,3.704090,0.911308,-0.870417,4.043181,1.113721,-0.471651,4.040149,0.974094,-0.181155,4.018976,0.513699,-0.217377,3.905960,0.784298,-0.104182,3.994391,0.394057,0.236509,3.854180,0.222077,0.053097,3.852559,0.436399,0.308652,3.703070,0.318480,0.193433,3.758980
449,0.375873,-0.403481,3.800594,0.421804,-0.641973,3.700295,0.478742,-0.951494,3.698449,0.912473,-0.871911,4.043096,1.124069,-0.473286,4.034857,0.970566,-0.179503,4.018326,0.528688,-0.235649,3.905379,0.793469,-0.127085,4.000498,0.369287,0.211101,3.873456,0.231989,0.044254,3.855765,0.517572,0.222254,3.794119,0.367722,0.117606,3.821827
450,0.376514,-0.402954,3.803156,0.417850,-0.638932,3.699160,0.484306,-0.936489,3.709088,0.912264,-0.870576,4.044338,1.124575,-0.464896,4.035323,0.966720,-0.168711,4.014862,0.523313,-0.220139,3.907095,0.790270,-0.106168,3.996411,0.387041,0.227186,3.863844,0.220354,0.034098,3.863957,0.448418,0.300449,3.713020,0.308515,0.183485,3.771501
451,0.380144,-0.412094,3.805641,0.408994,-0.654431,3.697212,0.482033,-0.946213,3.704537,0.912023,-0.866017,4.044148,1.110581,-0.466081,4.042484,0.972570,-0.169999,4.017914,0.514421,-0.234008,3.907698,0.790523,-0.111388,3.995381,0.392133,0.228144,3.864934,0.229267,0.067369,3.847424,0.460605,0.258272,3.754658,0.308858,0.145771,3.801798
452,0.381922,-0.399981,3.810069,0.418133,-0.641865,3.701494,0.480010,-0.945460,3.699639,0.911932,-0.866921,4.044300,1.128421,-0.465257,4.033094,0.969453,-0.171238,4.015590,0.519384,-0.243778,3.904477,0.789339,-0.126363,3.999573,0.396823,0.230880,3.864545,0.233083,0.027475,3.862025,0.494772,0.222781,3.801789,0.351339,0.089555,3.853772
453,0.386589,-0.388171,3.809218,0.415152,-0.628685,3.702124,0.479239,-0.923853,3.710527,0.910470,-0.858421,4.042598,1.113279,-0.461510,4.037169,0.972712,-0.168028,4.016076,0.526449,-0.222335,3.905054,0.800328,-0.115020,3.996628,0.407360,0.238877,3.862255,0.235567,0.032935,3.872122,0.493974,0.318625,3.711209,0.357913,0.195182,3.770065
454,0.381654,-0.394528,3.801403,0.412231,-0.649296,3.692015,0.479147,-0.936856,3.706169,0.907731,-0.855319,4.046887,1.122375,-0.461480,4.045634,0.969168,-0.165857,4.017859,0.510189,-0.235729,3.909512,0.773967,-0.115080,3.998128,0.394740,0.228984,3.861669,0.236573,0.050712,3.857438,0.427475,0.186537,3.828549,0.288013,0.067671,3.860223
455,0.380800,-0.406181,3.806849,0.407316,-0.646616,3.692867,0.478786,-0.942942,3.706737,0.908140,-0.856960,4.043855,1.121319,-0.457807,4.033175,0.970400,-0.164899,4.015326,0.532713,-0.241743,3.908546,0.791969,-0.125117,3.999109,0.402634,0.230048,3.864588,0.238076,0.013082,3.878876,0.555761,0.175383,3.829427,0.389758,0.051495,3.870523
456,0.379330,-0.405259,3.802098,0.402889,-0.649651,3.687433,0.481142,-0.926155,3.704406,0.914515,-0.852846,4.043069,1.121130,-0.462409,4.043669,0.981575,-0.167641,4.012821,0.504841,-0.207377,3.901610,0.783530,-0.090793,3.989860,0.370700,0.218875,3.867921,0.203327,0.042816,3.857907,0.400736,0.511441,3.447617,0.259674,0.359900,3.562575
457,0.378489,-0.400466,3.802847,0.422886,-0.649593,3.696209,0.475931,-0.942675,3.702470,0.907960,-0.852670,4.046474,1.111435,-0.467779,4.041164,0.971867,-0.166592,4.015485,0.532556,-0.214202,3.903629,0.792991,-0.105148,3.992617,0.380769,0.208185,3.879041,0.245659,0.043836,3.853216,0.525553,0.271874,3.750673,0.374377,0.184703,3.772344
458,0.375483,-0.420458,3.802853,0.418932,-0.653698,3.695824,0.480503,-0.930576,3.706029,0.905546,-0.860612,4.044197,1.125782,-0.462614,4.038931,0.976939,-0.171035,4.012875,0.540728,-0.226296,3.908037,0.802423,-0.118330,3.996757,0.388579,0.208083,3.884267,0.239887,0.005974,3.880556,0.510141,0.307148,3.699397,0.361015,0.195995,3.752981
459,0.377129,-0.412345,3.812591,0.413193,-0.654306,3.691798,0.474358,-0.934073,3.704851,0.910107,-0.856858,4.042013,1.128341,-0.456827,4.033094,0.974453,-0.172285,4.015183,0.541225,-0.210057,3.903963,0.810732,-0.109069,3.992780,0.408661,0.234012,3.864662,0.241800,0.026509,3.866081,0.569104,0.255924,3.743426,0.403603,0.172059,3.780275
460,0.374809,-0.414764,3.809413,0.410262,-0.663979,3.696333,0.472054,-0.939175,3.700631,0.911957,-0.853813,4.041566,1.126966,-0.455580,4.035171,0.975400,-0.173144,4.012964,0.537827,-0.225345,3.907942,0.805332,-0.117419,3.999524,0.409044,0.228678,3.870203,0.239327,0.002482,3.881746,0.559224,0.269132,3.731783,0.394107,0.161494,3.782344
461,0.377550,-0.417738,3.803526,0.410401,-0.653271,3.691917,0.476017,-0.940149,3.700929,0.912907,-0.856040,4.038492,1.135543,-0.457118,4.031814,0.973875,-0.181519,4.014769,0.533782,-0.231334,3.904011,0.796635,-0.111603,3.993596,0.407959,0.233874,3.864475,0.235304,0.045670,3.865036,0.526788,0.295853,3.706532,0.357698,0.204817,3.742995
462,0.379115,-0.396204,3.797323,0.421972,-0.639521,3.693985,0.473901,-0.930020,3.698664,0.910173,-0.859000,4.036705,1.124215,-0.459958,4.034419,0.974873,-0.172411,4.011919,0.535408,-0.219497,3.898032,0.793712,-0.115400,3.991786,0.395971,0.218107,3.872615,0.243998,0.037725,3.864642,0.477985,0.271195,3.755144,0.335265,0.163133,3.780809
463,0.376235,-0.412258,3.810920,0.400889,-0.661167,3.696601,0.475832,-0.945991,3.692747,0.911432,-0.856181,4.033665,1.126770,-0.459126,4.028319,0.971001,-0.165024,4.014660,0.529145,-0.237074,3.904743,0.789390,-0.121886,3.999097,0.389431,0.209495,3.873266,0.254136,0.009867,3.869588,0.479456,0.175937,3.839813,0.329708,0.066528,3.863826
464,0.385017,-0.395171,3.798909,0.409407,-0.646959,3.693275,0.475239,-0.951879,3.695230,0.913410,-0.866633,4.036223,1.120630,-0.463805,4.039538,0.967654,-0.159493,4.018331,0.520534,-0.236658,3.913172,0.777246,-0.123766,4.003755,0.376603,0.221801,3.868273,0.242921,0.043909,3.862816,0.410769,0.273327,3.756632,0.316581,0.157305,3.784470
465,0.380097,-0.407246,3.800815,0.404925,-0.668152,3.687224,0.479801,-0.956082,3.692986,0.922408,-0.869509,4.032010,1.115729,-0.457782,4.033433,0.960483,-0.152258,4.012031,0.527338,-0.247855,3.913675,0.791501,-0.123474,3.997155,0.427847,0.283987,3.827891,0.248246,0.032043,3.870693,0.395992,0.245855,3.796246,0.295428,0.117254,3.827765
466,0.374746,-0.400563,3.801428,0.401501,-0.656240,3.692877,0.481583,-0.960917,3.690885,0.920045,-0.869595,4.031547,1.115841,-0.455261,4.029886,0.960410,-0.154675,4.015305,0.512132,-0.238190,3.907586,0.771230,-0.118298,3.994906,0.419678,0.291270,3.825931,0.237050,0.032459,3.881718,0.398460,0.275136,3.764374,0.269274,0.129417,3.807077
467,0.371640,-0.409280,3.802206,0.385185,-0.676691,3.691778,0.481392,-0.974989,3.686973,0.938723,-0.863912,4.024906,1.112787,-0.454202,4.027638,0.972108,-0.150020,4.010895,0.518415,-0.253814,3.911565,0.783039,-0.127047,3.996714,0.409378,0.207987,3.893083,0.269517,0.033709,3.878545,0.324730,0.249677,3.790664,0.275768,0.150352,3.782783
468,0.377855,-0.398418,3.798250,0.388861,-0.672533,3.689915,0.489258,-0.977882,3.685753,0.937563,-0.885046,4.022166,1.110599,-0.464340,4.026183,0.968229,-0.152902,4.007615,0.529916,-0.246441,3.911450,0.796187,-0.134449,3.998014,0.491410,0.274701,3.864610,0.274512,0.036382,3.880906,0.470678,0.306581,3.735797,0.332148,0.154356,3.785647
469,0.379083,-0.406291,3.795468,0.382683,-0.675000,3.683969,0.490836,-0.985029,3.682178,0.949662,-0.893753,4.023477,1.108966,-0.468061,4.027479,0.958023,-0.158489,4.017290,0.513231,-0.235377,3.906999,0.798177,-0.121955,3.991358,0.482641,0.264258,3.858058,0.248980,0.064439,3.859977,0.474671,0.448840,3.617156,0.298046,0.259753,3.677111
470,0.372323,-0.402013,3.793291,0.368714,-0.680398,3.680979,0.490014,-0.982449,3.679739,0.952180,-0.909519,4.024498,1.085907,-0.473520,4.037701,0.963170,-0.154727,4.014843,0.493327,-0.228587,3.903527,0.787016,-0.117323,3.992455,0.479650,0.268320,3.856047,0.255068,0.094466,3.846041,0.411555,0.462650,3.577851,0.268122,0.371353,3.556836
471,0.370949,-0.403212,3.798750,0.370886,-0.675623,3.682195,0.496331,-0.985028,3.677448,0.959674,-0.912908,4.019201,1.095118,-0.477527,4.032449,0.966153,-0.158075,4.015392,0.511705,-0.220934,3.901537,0.801477,-0.113827,3.986648,0.499582,0.264384,3.850003,0.252059,0.065796,3.854457,0.447926,0.530998,3.522538,0.314453,0.414037,3.526610
472,0.373552,-0.396456,3.793719,0.365522,-0.681978,3.685205,0.495222,-0.995742,3.673005,0.963986,-0.928993,4.022811,1.064645,-0.490676,4.044030,0.958940,-0.164669,4.019670,0.503760,-0.233846,3.895971,0.801921,-0.130662,3.989140,0.515783,0.295808,3.826755,0.245152,0.077652,3.840414,0.450013,0.510810,3.560555,0.294401,0.372849,3.552124
473,0.374159,-0.404397,3.794332,0.368836,-0.682324,3.683730,0.496795,-1.000620,3.665494,0.966740,-0.940752,4.022472,1.055234,-0.489024,4.042067,0.963186,-0.163769,4.021517,0.505344,-0.237475,3.893445,0.811484,-0.131669,3.987379,0.541688,0.256929,3.849942,0.238084,0.027771,3.858984,0.508632,0.479094,3.603534,0.322572,0.350859,3.587615
474,0.371171,-0.392455,3.794328,0.384347,-0.688063,3.696398,0.501700,-1.012842,3.664594,0.971479,-0.949164,4.019998,1.042454,-0.503635,4.051539,0.960480,-0.164303,4.021153,0.518237,-0.250002,3.899616,0.816291,-0.145561,3.995100,0.530816,0.253678,3.849967,0.232803,0.029176,3.853701,0.495649,0.423435,3.617534,0.314969,0.301895,3.614706
475,0.375107,-0.391927,3.797845,0.380919,-0.685408,3.694388,0.501835,-1.009931,3.661536,0.983321,-0.955447,4.015799,1.055090,-0.505318,4.048928,0.952708,-0.174154,4.022637,0.518912,-0.257280,3.901227,0.828902,-0.147083,3.995713,0.543307,0.234992,3.858748,0.230860,0.004607,3.859122,0.497150,0.395568,3.634259,0.283009,0.264793,3.648901
476,0.374332,-0.392257,3.795242,0.392930,-0.684653,3.705294,0.505852,-1.010951,3.651981,0.988214,-0.965198,4.011965,1.065384,-0.504104,4.043402,0.946530,-0.174010,4.025915,0.515759,-0.269124,3.898443,0.825267,-0.143982,3.993690,0.455646,0.248786,3.862193,0.235793,0.037682,3.855430,0.434383,0.292283,3.765477,0.270618,0.125661,3.781560
477,0.375403,-0.387307,3.794266,0.401202,-0.685388,3.708269,0.510968,-1.003505,3.651468,0.988097,-0.980217,4.015120,1.053459,-0.517708,4.046945,0.943486,-0.180098,4.028454,0.514074,-0.264826,3.893236,0.821266,-0.145098,3.992108,0.465284,0.281692,3.840135,0.248583,0.053691,3.839527,0.479031,0.373011,3.726873,0.291293,0.137798,3.777202
478,0.384270,-0.397449,3.796826,0.409108,-0.701902,3.723252,0.508941,-1.031510,3.638609,0.990825,-1.006387,4.012080,1.043500,-0.541048,4.051789,0.948892,-0.187388,4.025339,0.510565,-0.281624,3.892509,0.819765,-0.170857,3.997511,0.468783,0.238261,3.874724,0.233449,0.046089,3.848727,0.421836,0.423638,3.670613,0.271571,0.257506,3.655457
479,0.370783,-0.390685,3.802172,0.442044,-0.688424,3.731136,0.517707,-1.040885,3.630368,1.002594,-1.010919,4.009558,1.029419,-0.546738,4.055366,0.940260,-0.188318,4.024125,0.505188,-0.290055,3.892695,0.811827,-0.175762,4.003849,0.463264,0.243181,3.867265,0.255240,0.058378,3.835868,0.392649,0.371732,3.718262,0.283767,0.186386,3.714711
480,0.371883,-0.407628,3.799920,0.447456,-0.707277,3.732656,0.522791,-1.051718,3.622096,1.015053,-1.013604,4.009251,1.012366,-0.534379,4.053553,0.935147,-0.176142,4.025508,0.498690,-0.301909,3.897070,0.808562,-0.177594,4.006482,0.518094,0.244820,3.866718,0.256220,0.057338,3.836056,0.472358,0.356789,3.682779,0.312746,0.127232,3.760570
481,0.385551,-0.385920,3.819419,0.457778,-0.710744,3.743871,0.529160,-1.053093,3.621912,1.013536,-1.014643,4.014132,1.004109,-0.535209,4.053425,0.933241,-0.180692,4.021379,0.506439,-0.299743,3.897266,0.811942,-0.176008,4.005466,0.537719,0.262500,3.847965,0.262595,0.052738,3.849404,0.467357,0.378465,3.648305,0.317863,0.204359,3.712721
482,0.380211,-0.392421,3.818383,0.475593,-0.702392,3.745525,0.537429,-1.060988,3.623953,1.019535,-1.014073,4.015542,1.012022,-0.536423,4.052801,0.931195,-0.182084,4.020184,0.507934,-0.309470,3.898142,0.808686,-0.185157,4.008137,0.509174,0.242293,3.857278,0.259490,0.051203,3.853045,0.462913,0.406406,3.622025,0.323447,0.217418,3.704937
483,0.389054,-0.391024,3.811857,0.484497,-0.700276,3.746147,0.538790,-1.057314,3.624258,1.020758,-1.010530,4.014012,1.021700,-0.536542,4.050272,0.929123,-0.194704,4.030056,0.503910,-0.309861,3.898911,0.810131,-0.185193,4.007637,0.525503,0.249522,3.855677,0.251090,0.055593,3.837605,0.435491,0.420709,3.589507,0.301987,0.236454,3.673438
484,0.390212,-0.390844,3.812805,0.484425,-0.701184,3.745688,0.542875,-1.060353,3.625354,1.023181,-1.009732,4.012483,1.014393,-0.529135,4.051525,0.933919,-0.190784,4.026029,0.509664,-0.317666,3.894245,0.821346,-0.197622,4.005373,0.535679,0.239948,3.857169,0.254419,0.042840,3.841638,0.460115,0.448837,3.596119,0.297657,0.294724,3.626477
485,0.379701,-0.379898,3.808339,0.473247,-0.687756,3.746830,0.541142,-1.063110,3.618015,1.025109,-1.009999,4.015506,1.029635,-0.528902,4.052017,0.935030,-0.187945,4.022699,0.515748,-0.315322,3.895257,0.821721,-0.196865,4.007067,0.520005,0.219182,3.870304,0.255507,0.058118,3.829108,0.434648,0.439096,3.583083,0.269197,0.314069,3.594572
486,0.380062,-0.389630,3.814855,0.481123,-0.679828,3.762144,0.544872,-1.063464,3.621090,1.023250,-1.020466,4.015951,0.997445,-0.541976,4.057904,0.944412,-0.188874,4.026774,0.510526,-0.331578,3.899109,0.804102,-0.208546,4.008427,0.504405,0.227626,3.867021,0.255437,0.037215,3.848134,0.418516,0.446851,3.593982,0.234504,0.279213,3.630631
487,0.380997,-0.379012,3.815067,0.466908,-0.680304,3.758873,0.542195,-1.058870,3.623656,1.029726,-1.017770,4.013814,1.009409,-0.540944,4.057929,0.945103,-0.183415,4.019475,0.510276,-0.317290,3.900162,0.819879,-0.202446,4.007005,0.520392,0.210711,3.880570,0.263631,0.015747,3.870737,0.445868,0.454295,3.578013,0.248683,0.324286,3.609700
488,0.375134,-0.389035,3.821733,0.469644,-0.675530,3.756651,0.543473,-1.049516,3.627004,1.033533,-1.014776,4.014742,1.017212,-0.539149,4.055558,0.949727,-0.184049,4.021777,0.525374,-0.316207,3.900284,0.823662,-0.205333,4.009462,0.489353,0.195484,3.886093,0.266494,0.009054,3.869476,0.442153,0.398924,3.620065,0.317054,0.303118,3.630510
489,0.379979,-0.368783,3.821111,0.468294,-0.661231,3.753115,0.546174,-1.045462,3.631287,1.027678,-1.023298,4.016160,1.019529,-0.552021,4.055700,0.939918,-0.185922,4.028367,0.527870,-0.331548,3.903025,0.825405,-0.221132,4.011154,0.467316,0.189785,3.886065,0.278400,0.023487,3.868383,0.420782,0.411535,3.624262,0.309918,0.302126,3.648313
490,0.377551,-0.385028,3.821165,0.482547,-0.665295,3.760354,0.548159,-1.047506,3.630982,1.036355,-1.028206,4.015876,1.026816,-0.554092,4.050750,0.956788,-0.186162,4.028418,0.543624,-0.325888,3.909707,0.836730,-0.217090,4.012279,0.464143,0.198312,3.882719,0.263335,0.001630,3.871879,0.456603,0.399579,3.636763,0.338351,0.307038,3.639581
491,0.380333,-0.394422,3.822440,0.479169,-0.667925,3.760139,0.544669,-1.050570,3.625946,1.031206,-1.036686,4.017282,1.026710,-0.561201,4.051126,0.948623,-0.192465,4.030047,0.543541,-0.322443,3.906698,0.833241,-0.217646,4.011279,0.482207,0.211451,3.875191,0.267077,0.021107,3.863699,0.458990,0.455611,3.582874,0.303404,0.333503,3.611856
492,0.387292,-0.405521,3.820375,0.486652,-0.685474,3.759795,0.547239,-1.064844,3.625528,1.028859,-1.042018,4.016887,1.020411,-0.573502,4.053857,0.956818,-0.199313,4.030242,0.542079,-0.334515,3.904780,0.830458,-0.230100,4.011573,0.466668,0.184775,3.895392,0.264304,-0.008516,3.883519,0.473962,0.436010,3.607156,0.323722,0.329951,3.623943
493,0.385880,-0.394144,3.823919,0.483770,-0.675063,3.756616,0.545092,-1.061203,3.625046,1.027174,-1.039706,4.016283,1.018523,-0.570284,4.054052,0.941812,-0.202212,4.032476,0.543206,-0.330429,3.902035,0.826187,-0.223607,4.009921,0.443137,0.184799,3.896835,0.271877,0.008554,3.881992,0.451210,0.390288,3.658707,0.354638,0.233113,3.709170
494,0.386411,-0.379746,3.819980,0.483362,-0.664505,3.759491,0.545629,-1.061252,3.625731,1.035787,-1.030322,4.015611,1.027054,-0.551026,4.052418,0.947365,-0.197573,4.035719,0.545151,-0.334923,3.906157,0.832875,-0.226085,4.011753,0.477562,0.181237,3.903564,0.277857,-0.009305,3.898672,0.467083,0.418635,3.623838,0.371846,0.324606,3.647986
495,0.383871,-0.373893,3.818587,0.486696,-0.662461,3.761640,0.547733,-1.059289,3.627786,1.029644,-1.035355,4.013690,1.013788,-0.550643,4.055692,0.945231,-0.193260,4.032052,0.544922,-0.329933,3.905511,0.830214,-0.221794,4.009767,0.467747,0.190696,3.898120,0.283554,-0.009711,3.894325,0.500426,0.425433,3.609479,0.359193,0.322194,3.625554
496,0.386043,-0.389577,3.815607,0.475844,-0.672044,3.752129,0.544697,-1.060490,3.628644,1.032337,-1.034180,4.016167,1.022606,-0.553417,4.054003,0.956790,-0.191491,4.027750,0.536693,-0.329318,3.901661,0.826609,-0.223813,4.009912,0.525329,0.213294,3.880920,0.287154,0.010015,3.881176,0.533190,0.386345,3.654443,0.382914,0.253863,3.684324
497,0.379145,-0.391153,3.816298,0.475173,-0.678433,3.754703,0.548084,-1.058850,3.630204,1.032418,-1.026848,4.022095,1.014677,-0.558163,4.063298,0.958043,-0.188523,4.027729,0.528779,-0.335504,3.904784,0.818542,-0.226865,4.015505,0.504149,0.186490,3.900405,0.283858,-0.008491,3.897503,0.508123,0.372531,3.658350,0.371035,0.256642,3.684904
498,0.388611,-0.398221,3.818502,0.479812,-0.680480,3.758781,0.552677,-1.060140,3.633876,1.033509,-1.029380,4.017606,1.005973,-0.565551,4.065209,0.959973,-0.189119,4.027150,0.540857,-0.341011,3.910043,0.825641,-0.228841,4.013844,0.488504,0.189211,3.900782,0.286091,-0.016131,3.901712,0.525362,0.394135,3.654294,0.358078,0.253897,3.686453
499,0.385876,-0.369025,3.821261,0.484122,-0.659184,3.759414,0.549287,-1.052320,3.632610,1.034896,-1.033087,4.022160,1.020276,-0.563128,4.057858,0.949497,-0.193371,4.035061,0.546276,-0.322251,3.909824,0.837131,-0.218287,4.012452,0.508283,0.203032,3.892915,0.283480,0.011078,3.884232,0.530973,0.404583,3.626038,0.393665,0.324263,3.651927
500,0.389606,-0.380505,3.822846,0.487088,-0.667367,3.759637,0.551239,-1.058271,3.630450,1.033945,-1.035685,4.023875,1.018740,-0.556955,4.056676,0.949586,-0.192924,4.036396,0.547845,-0.327354,3.909539,0.833992,-0.213680,4.011057,0.479860,0.202261,3.889188,0.273540,-0.016466,3.901520,0.505386,0.396620,3.635162,0.363956,0.307096,3.675455
501,0.387714,-0.388623,3.826658,0.482641,-0.675016,3.766155,0.551581,-1.053787,3.631988,1.029884,-1.039460,4.024649,1.022208,-0.564666,4.057585,0.949505,-0.193322,4.033504,0.561589,-0.325020,3.913588,0.845693,-0.216611,4.014021,0.475166,0.187987,3.893545,0.279662,-0.005444,3.896823,0.511897,0.382941,3.653804,0.345407,0.275607,3.667594
502,0.394869,-0.382045,3.811474,0.490785,-0.679416,3.758871,0.551849,-1.061493,3.631986,1.031417,-1.034401,4.025074,1.017099,-0.547945,4.053213,0.953026,-0.188541,4.028772,0.572620,-0.322701,3.907728,0.852008,-0.215191,4.011828,0.498938,0.212976,3.880033,0.279968,-0.016560,3.892090,0.524300,0.342152,3.666120,0.326937,0.241363,3.660276
503,0.381275,-0.379876,3.821904,0.484453,-0.668930,3.762690,0.547578,-1.056777,3.630282,1.034287,-1.029968,4.026255,1.015272,-0.556328,4.058368,0.949357,-0.196767,4.033371,0.558508,-0.335169,3.915819,0.841547,-0.228687,4.016404,0.484211,0.192460,3.889131,0.290549,-0.000775,3.914660,0.487195,0.349162,3.682946,0.355643,0.175000,3.729566
504,0.394029,-0.384453,3.817617,0.487439,-0.664733,3.765916,0.548886,-1.045881,3.636209,1.032905,-1.028478,4.026517,1.015755,-0.546138,4.059189,0.952356,-0.195075,4.030882,0.566171,-0.329648,3.909571,0.845907,-0.218761,4.013509,0.500861,0.194643,3.892112,0.287439,-0.035831,3.897709,0.479494,0.356383,3.663489,0.313704,0.250904,3.670732
505,0.392459,-0.385487,3.819011,0.487355,-0.679112,3.761008,0.551301,-1.055547,3.633149,1.033901,-1.025924,4.025483,1.021782,-0.548995,4.056912,0.946100,-0.194347,4.034070,0.561424,-0.332683,3.915724,0.846072,-0.227229,4.018933,0.509802,0.169452,3.907356,0.282100,-0.041271,3.905772,0.508611,0.359495,3.682119,0.370266,0.250423,3.659312
506,0.397617,-0.389676,3.816446,0.488413,-0.665266,3.759787,0.550822,-1.046462,3.635626,1.025506,-1.032905,4.028339,1.018760,-0.553253,4.059151,0.952424,-0.190032,4.030727,0.556204,-0.325140,3.912194,0.841806,-0.223414,4.016535,0.519004,0.190439,3.893229,0.280002,-0.024082,3.891906,0.520389,0.411732,3.625797,0.364888,0.294319,3.630259
507,0.391355,-0.388149,3.818698,0.487210,-0.669227,3.764204,0.555039,-1.046868,3.637181,1.032414,-1.029106,4.025659,1.021499,-0.552628,4.056373,0.951923,-0.192885,4.031406,0.561662,-0.334690,3.915878,0.843552,-0.225527,4.017908,0.484053,0.185677,3.897170,0.279544,-0.033109,3.908301,0.492830,0.364674,3.673551,0.348384,0.252167,3.670797
508,0.396950,-0.383132,3.819392,0.480948,-0.663015,3.758830,0.548074,-1.049192,3.634657,1.028197,-1.034772,4.022649,1.017084,-0.555800,4.055249,0.945790,-0.195279,4.033129,0.555956,-0.331098,3.915784,0.844593,-0.225824,4.016147,0.498986,0.185524,3.896218,0.284020,-0.027431,3.912423,0.493117,0.375409,3.667729,0.337200,0.249390,3.673356
509,0.391639,-0.385423,3.815842,0.479516,-0.664592,3.767158,0.544088,-1.049086,3.632063,1.031584,-1.032458,4.025463,1.020018,-0.552206,4.059086,0.947891,-0.192038,4.030590,0.563852,-0.329435,3.910484,0.848301,-0.223255,4.014213,0.491476,0.187435,3.891619,0.270996,-0.051138,3.900861,0.475776,0.344471,3.658304,0.318909,0.215712,3.693206
510,0.393984,-0.386859,3.816629,0.488402,-0.665748,3.760912,0.551230,-1.047791,3.636674,1.035320,-1.024158,4.023938,1.018174,-0.552565,4.055586,0.947281,-0.194846,4.032171,0.561505,-0.325941,3.914322,0.843198,-0.223794,4.017406,0.532101,0.193600,3.894685,0.283533,-0.031311,3.910546,0.506012,0.384921,3.665985,0.349730,0.287996,3.648860
511,0.398132,-0.384135,3.816687,0.481405,-0.676139,3.764100,0.547746,-1.057359,3.634226,1.033283,-1.028459,4.026017,1.014662,-0.554050,4.060709,0.945719,-0.191178,4.032129,0.562691,-0.333165,3.914085,0.847836,-0.227597,4.015927,0.503200,0.188614,3.890801,0.280571,-0.031275,3.910645,0.485702,0.371954,3.642918,0.321351,0.263577,3.643453
512,0.391455,-0.381033,3.819281,0.477361,-0.669232,3.762402,0.544009,-1.051998,3.635617,1.026096,-1.029075,4.025043,1.015892,-0.551998,4.059397,0.943231,-0.195839,4.033175,0.558182,-0.337676,3.918796,0.841142,-0.229863,4.018478,0.500681,0.181636,3.908646,0.269760,-0.061412,3.924248,0.483803,0.404424,3.658054,0.323328,0.293748,3.660925
513,0.394673,-0.372277,3.816576,0.482194,-0.668966,3.765293,0.547969,-1.056123,3.633448,1.025272,-1.028172,4.019775,1.015645,-0.539963,4.040071,0.945374,-0.188591,4.031362,0.568020,-0.323921,3.909911,0.852178,-0.218630,4.011641,0.502035,0.182513,3.900227,0.279264,-0.035277,3.914067,0.521882,0.345347,3.673432,0.348750,0.244009,3.668123
514,0.392655,-0.379780,3.818279,0.480947,-0.665715,3.764579,0.546342,-1.048200,3.634792,1.028571,-1.024386,4.022002,1.015249,-0.548730,4.051005,0.952503,-0.192359,4.032074,0.568194,-0.327106,3.910633,0.850938,-0.221432,4.012669,0.500053,0.188081,3.897076,0.295811,-0.022490,3.906442,0.470805,0.347777,3.678306,0.319877,0.250395,3.662220
515,0.389754,-0.382861,3.822413,0.483901,-0.664273,3.770318,0.546289,-1.052780,3.640118,1.027067,-1.029569,4.020410,1.013326,-0.549946,4.050669,0.950283,-0.185026,4.029122,0.567744,-0.320657,3.918187,0.848779,-0.220528,4.014897,0.502697,0.190019,3.903204,0.289060,-0.017160,3.906163,0.466201,0.382251,3.654814,0.330377,0.287051,3.627403
516,0.388837,-0.387361,3.814779,0.474159,-0.669962,3.756744,0.535985,-1.059603,3.632250,1.028751,-1.024838,4.019376,1.018376,-0.542501,4.050915,0.949338,-0.183434,4.028434,0.571588,-0.315808,3.911572,0.860670,-0.212701,4.009848,0.507195,0.215319,3.886481,0.274852,-0.029807,3.920094,0.518601,0.422560,3.596477,0.352856,0.300616,3.615411
517,0.391789,-0.393102,3.812302,0.471353,-0.673989,3.759561,0.539290,-1.050205,3.635935,1.026691,-1.021759,4.015454,1.012179,-0.545396,4.048379,0.951929,-0.189915,4.028737,0.568002,-0.304959,3.910197,0.858484,-0.210719,4.008340,0.508808,0.207299,3.888868,0.293111,-0.005127,3.908492,0.478324,0.360592,3.628517,0.328014,0.230050,3.673938
518,0.392270,-0.411941,3.819437,0.473186,-0.681405,3.756972,0.532548,-1.061731,3.627204,1.025769,-1.028763,4.014347,1.003990,-0.550516,4.054787,0.948688,-0.193783,4.031745,0.547591,-0.314833,3.911203,0.841372,-0.212033,4.010162,0.505405,0.233097,3.877092,0.304693,0.023321,3.903418,0.455430,0.361522,3.688347,0.342208,0.222226,3.725136
519,0.380318,-0.395909,3.810359,0.459782,-0.676317,3.754745,0.530188,-1.047516,3.631457,1.019672,-1.018031,4.011980,1.007588,-0.540161,4.053340,0.946618,-0.186883,4.031494,0.549778,-0.296638,3.908373,0.840799,-0.196422,4.005642,0.505033,0.201860,3.890735,0.287592,0.009403,3.902739,0.466310,0.412715,3.635089,0.332264,0.314818,3.626682
520,0.386004,-0.387120,3.811299,0.448853,-0.683027,3.748774,0.527268,-1.046438,3.629181,1.017461,-1.018587,4.007998,1.001296,-0.544729,4.059633,0.950945,-0.190856,4.029283,0.564856,-0.299015,3.908979,0.852181,-0.201585,4.005088,0.473894,0.187375,3.901784,0.291277,-0.010250,3.905186,0.513191,0.364408,3.687680,0.354055,0.177797,3.751814
521,0.366853,-0.395985,3.822586,0.438890,-0.681507,3.750220,0.517207,-1.045263,3.629639,1.011314,-1.009849,4.006384,1.009668,-0.537202,4.054281,0.941756,-0.181859,4.026000,0.549841,-0.306573,3.908082,0.836403,-0.190093,4.002963,0.461540,0.197449,3.898695,0.268988,0.008017,3.902497,0.459629,0.354096,3.705034,0.323065,0.107574,3.811577
522,0.373931,-0.384894,3.803077,0.435254,-0.673160,3.739152,0.510137,-1.042096,3.628542,1.002859,-1.019161,4.002645,0.993995,-0.553809,4.054453,0.946551,-0.192867,4.023277,0.531362,-0.300587,3.905731,0.828904,-0.198605,4.004862,0.477049,0.211214,3.899364,0.274014,0.023324,3.883359,0.479096,0.369276,3.698003,0.356333,0.101123,3.799459
523,0.371297,-0.403045,3.802434,0.424512,-0.701811,3.737533,0.501419,-1.042361,3.629539,0.997134,-1.006027,4.004286,0.989003,-0.553868,4.057699,0.948882,-0.195805,4.023790,0.535913,-0.297807,3.910628,0.829817,-0.193030,4.003852,0.513539,0.212516,3.889305,0.293491,0.006237,3.906306,0.447537,0.420625,3.635271,0.332145,0.277509,3.657086
524,0.373829,-0.371015,3.800532,0.411069,-0.670085,3.733757,0.501581,-1.018705,3.636760,0.996461,-0.991470,4.002792,1.005249,-0.552428,4.049465,0.944812,-0.203689,4.028876,0.535716,-0.276602,3.906854,0.840476,-0.176927,3.998807,0.517532,0.191543,3.897553,0.297857,-0.012221,3.913072,0.456568,0.404595,3.642330,0.343667,0.253962,3.680899
525,0.369510,-0.387965,3.792393,0.412932,-0.671229,3.730061,0.503356,-1.007450,3.637201,0.985954,-0.982226,4.001082,1.032328,-0.538774,4.040506,0.959675,-0.190885,4.026237,0.540868,-0.249139,3.903039,0.846717,-0.154792,3.991929,0.506301,0.252108,3.863591,0.289754,0.045167,3.880152,0.496785,0.419369,3.623304,0.350022,0.247525,3.700607
526,0.368377,-0.390773,3.795141,0.406394,-0.668421,3.732983,0.489592,-1.014930,3.638225,0.987522,-0.965801,4.003579,1.045276,-0.522690,4.039490,0.966957,-0.186187,4.025161,0.534863,-0.251429,3.904896,0.853068,-0.150492,3.989525,0.535539,0.264093,3.851299,0.288900,0.066182,3.879210,0.543197,0.378960,3.644837,0.375478,0.193071,3.737597
527,0.367696,-0.395863,3.792347,0.385173,-0.673338,3.717349,0.487052,-1.004558,3.643490,0.968308,-0.940177,4.009963,1.031499,-0.516135,4.046597,0.961921,-0.183081,4.023913,0.519673,-0.255345,3.905219,0.820108,-0.134050,3.992455,0.484028,0.256239,3.855704,0.263177,0.037264,3.887702,0.484156,0.459238,3.639088,0.344168,0.232358,3.719178
528,0.374165,-0.389512,3.797269,0.382176,-0.666003,3.707955,0.488640,-0.979876,3.657007,0.966415,-0.911766,4.004917,1.043026,-0.506251,4.047203,0.973752,-0.176121,4.021690,0.520926,-0.231560,3.902268,0.824546,-0.101151,3.979525,0.463198,0.268316,3.854492,0.275799,0.060176,3.883482,0.544232,0.376256,3.734431,0.396702,0.189531,3.763119
529,0.378999,-0.396774,3.786689,0.386649,-0.684994,3.697220,0.494631,-0.973751,3.657327,0.956769,-0.891168,4.009788,1.064293,-0.493700,4.040716,0.970167,-0.163788,4.018656,0.519704,-0.233088,3.900277,0.811492,-0.106471,3.986274,0.465715,0.275809,3.850785,0.290471,0.081246,3.862320,0.508780,0.203152,3.866969,0.364165,0.016721,3.860567
530,0.364616,-0.401363,3.795630,0.356811,-0.682007,3.663014,0.482385,-0.963363,3.673335,0.953290,-0.901589,4.014079,1.078061,-0.486073,4.043227,0.965803,-0.163911,4.016184,0.508348,-0.215211,3.901671,0.797687,-0.093703,3.984369,0.447102,0.260811,3.859438,0.267263,0.063613,3.868736,0.519638,0.420656,3.709648,0.387345,0.201974,3.771386
531,0.379057,-0.397273,3.790704,0.357377,-0.661395,3.657230,0.481932,-0.909451,3.687894,0.933240,-0.878262,4.022227,1.101807,-0.466864,4.033713,0.960411,-0.167238,4.020293,0.514879,-0.183064,3.893876,0.806902,-0.065026,3.969274,0.441437,0.268464,3.853484,0.249169,0.090966,3.855606,0.507073,0.482279,3.633383,0.373899,0.261497,3.717322
532,0.365073,-0.418078,3.784695,0.357794,-0.667331,3.646299,0.476044,-0.910082,3.687977,0.923224,-0.841537,4.019543,1.107682,-0.450644,4.034149,0.963238,-0.167427,4.021746,0.514724,-0.167069,3.893792,0.796466,-0.068700,3.971700,0.494002,0.307525,3.826548,0.267623,0.077924,3.861995,0.515648,0.338703,3.715637,0.357024,0.234700,3.720791
533,0.360826,-0.416894,3.783877,0.349369,-0.657435,3.645483,0.472153,-0.915636,3.683528,0.919423,-0.820524,4.018026,1.117843,-0.449495,4.024227,0.967542,-0.168722,4.016787,0.506436,-0.188615,3.893554,0.786691,-0.086129,3.981109,0.458092,0.266650,3.856630,0.274206,0.093668,3.842136,0.531501,0.368914,3.643716,0.366834,0.205183,3.730182
534,0.377189,-0.418106,3.791105,0.356589,-0.662252,3.650124,0.475402,-0.910516,3.684034,0.923269,-0.813826,4.019150,1.108464,-0.475783,4.037892,0.972198,-0.179383,4.018568,0.516008,-0.197163,3.895815,0.806343,-0.109189,3.980027,0.536613,0.290747,3.838421,0.233274,0.066096,3.866106,0.520249,0.444523,3.601637,0.354868,0.248547,3.692443
535,0.380074,-0.411025,3.796434,0.363274,-0.666983,3.634012,0.472708,-0.913719,3.677899,0.920064,-0.821066,4.008334,1.112226,-0.474650,4.030052,0.983833,-0.175641,4.015162,0.531864,-0.188942,3.896642,0.821393,-0.122075,3.983160,0.591783,0.302003,3.825535,0.255107,0.114102,3.842507,0.570878,0.335339,3.682004,0.392711,0.234506,3.716982
536,0.376309,-0.411477,3.797874,0.368037,-0.659549,3.648866,0.472664,-0.913249,3.674792,0.924136,-0.815091,4.010310,1.118751,-0.470797,4.028169,0.971283,-0.178213,4.018023,0.529252,-0.200236,3.892689,0.813640,-0.099548,3.975872,0.497396,0.267897,3.850441,0.222751,0.087338,3.860757,0.531755,0.470253,3.547825,0.365963,0.256056,3.702944
537,0.380461,-0.417320,3.795162,0.370381,-0.648177,3.644889,0.474124,-0.906454,3.683547,0.924525,-0.815899,4.016860,1.122952,-0.475604,4.029129,0.972773,-0.192118,4.017982,0.510692,-0.205199,3.896747,0.795728,-0.093757,3.976922,0.449046,0.254106,3.866616,0.261115,0.044499,3.878633,0.533486,0.410763,3.655872,0.360334,0.223422,3.733570
538,0.374555,-0.422359,3.790751,0.367173,-0.658584,3.646084,0.473008,-0.915394,3.682775,0.924307,-0.813896,4.016101,1.116060,-0.474646,4.029788,0.961507,-0.194551,4.016171,0.509142,-0.192373,3.894062,0.796867,-0.095479,3.977204,0.504248,0.285097,3.836639,0.258765,0.094920,3.842000,0.475818,0.453241,3.588240,0.334135,0.267680,3.698498
539,0.370392,-0.422907,3.785492,0.381588,-0.657224,3.652965,0.485413,-0.902445,3.680969,0.925832,-0.807312,4.017281,1.123648,-0.448802,4.022145,0.960124,-0.179377,4.016609,0.532365,-0.182220,3.889025,0.805406,-0.084229,3.971037,0.498251,0.299230,3.823730,0.247372,0.051148,3.864088,0.516206,0.463953,3.573436,0.346378,0.283901,3.678278
540,0.376502,-0.412283,3.786939,0.387074,-0.652151,3.652850,0.480704,-0.907219,3.680725,0.925798,-0.815399,4.016942,1.125730,-0.454765,4.023370,0.977703,-0.177921,4.014038,0.532277,-0.182829,3.888448,0.808215,-0.084019,3.970747,0.460881,0.272919,3.847464,0.177630,0.001966,3.886879,0.449433,0.451968,3.599453,0.312435,0.272176,3.696477
541,0.374575,-0.419755,3.790001,0.395919,-0.648001,3.652775,0.481227,-0.903251,3.684740,0.926619,-0.802420,4.016343,1.127159,-0.453502,4.021052,0.970630,-0.176976,4.011113,0.533128,-0.192494,3.892685,0.805208,-0.082962,3.970959,0.422885,0.225449,3.875417,0.243291,0.016533,3.897173,0.497856,0.458926,3.604550,0.343203,0.274585,3.709796
542,0.366840,-0.415557,3.785991,0.393141,-0.645318,3.659772,0.484387,-0.902560,3.685038,0.927148,-0.808992,4.019437,1.122609,-0.458381,4.020647,0.970414,-0.181268,4.015781,0.532953,-0.184611,3.886639,0.803201,-0.078034,3.969163,0.425654,0.227805,3.878922,0.253883,0.034914,3.880673,0.459334,0.475407,3.573931,0.303473,0.288577,3.673989
543,0.370059,-0.428919,3.785988,0.387000,-0.644812,3.667085,0.481436,-0.902702,3.693988,0.924844,-0.810959,4.020601,1.115759,-0.462898,4.028749,0.966234,-0.188413,4.017357,0.511867,-0.195554,3.890141,0.792528,-0.087331,3.972306,0.468948,0.276865,3.844131,0.251282,0.054849,3.869672,0.428294,0.475846,3.545976,0.278912,0.315672,3.636474
544,0.370138,-0.422652,3.783975,0.388753,-0.649763,3.670328,0.475321,-0.908370,3.690100,0.928055,-0.809734,4.019826,1.130952,-0.460159,4.023620,0.968010,-0.194051,4.016566,0.521281,-0.196259,3.894646,0.799885,-0.096914,3.979426,0.471905,0.273861,3.845889,0.239768,0.017053,3.881291,0.420815,0.423990,3.594178,0.281709,0.287581,3.661388
545,0.365720,-0.420737,3.786136,0.400107,-0.642737,3.668501,0.484264,-0.901890,3.692106,0.927391,-0.805034,4.022563,1.128749,-0.451342,4.019588,0.978723,-0.190139,4.015397,0.538965,-0.176348,3.886448,0.810393,-0.086147,3.968776,0.431188,0.231459,3.873483,0.251978,0.067894,3.866245,0.514769,0.502367,3.565357,0.368954,0.339666,3.657720
546,0.361787,-0.419614,3.788721,0.394844,-0.639038,3.669055,0.481374,-0.908189,3.696776,0.925643,-0.803643,4.025294,1.131907,-0.467130,4.028387,0.968076,-0.200652,4.017664,0.524792,-0.191618,3.894107,0.796397,-0.084906,3.976652,0.457908,0.273414,3.845771,0.204031,0.028063,3.879870,0.497507,0.424434,3.621490,0.336542,0.258225,3.706946
547,0.365700,-0.423489,3.792535,0.394730,-0.643165,3.671776,0.481441,-0.901357,3.698844,0.923797,-0.805282,4.030534,1.127813,-0.470193,4.032816,0.971331,-0.198151,4.020397,0.523495,-0.190803,3.892020,0.788908,-0.085647,3.975914,0.432001,0.236001,3.870450,0.249393,0.080764,3.854241,0.482757,0.498737,3.514033,0.341688,0.317466,3.642610
548,0.369736,-0.424082,3.779631,0.390038,-0.640557,3.670797,0.485036,-0.889459,3.699802,0.931894,-0.799579,4.025857,1.134951,-0.447014,4.020271,0.972988,-0.189353,4.015839,0.529044,-0.170784,3.885441,0.802477,-0.061599,3.965678,0.459346,0.272100,3.847881,0.196341,0.029993,3.878953,0.419552,0.535139,3.504549,0.294521,0.353224,3.607331
549,0.373362,-0.420606,3.778793,0.395484,-0.640573,3.672598,0.487872,-0.894582,3.700889,0.934328,-0.810811,4.028328,1.134359,-0.457158,4.023640,0.971062,-0.199785,4.020469,0.533363,-0.174331,3.887277,0.805764,-0.067917,3.970030,0.472306,0.276192,3.842161,0.245810,0.030349,3.877152,0.446325,0.434036,3.592010,0.315732,0.281605,3.670205
550,0.369191,-0.426501,3.787854,0.394821,-0.644866,3.676232,0.486484,-0.896539,3.704176,0.934075,-0.809654,4.028858,1.129722,-0.461897,4.024953,0.969033,-0.201762,4.019605,0.521667,-0.184498,3.890135,0.793433,-0.077548,3.973299,0.487016,0.284655,3.838053,0.249589,0.039451,3.876501,0.471615,0.494429,3.575257,0.313694,0.308577,3.670084
551,0.372770,-0.420640,3.778726,0.397976,-0.631660,3.676910,0.487681,-0.892432,3.703364,0.931099,-0.807143,4.030019,1.130268,-0.458445,4.024885,0.973257,-0.195558,4.018091,0.531243,-0.181283,3.885785,0.800305,-0.073585,3.969937,0.439172,0.242809,3.864980,0.259286,0.027162,3.877971,0.487238,0.406292,3.665614,0.328322,0.246730,3.718019
552,0.378873,-0.428310,3.797735,0.397559,-0.633536,3.685254,0.482237,-0.891527,3.699366,0.931654,-0.804762,4.032176,1.124607,-0.456659,4.026769,0.973369,-0.196985,4.017518,0.531470,-0.178524,3.886197,0.805582,-0.066664,3.970939,0.464296,0.269608,3.844873,0.241167,0.024195,3.878761,0.474225,0.455229,3.623533,0.307890,0.310013,3.672020
553,0.378378,-0.429962,3.787720,0.389750,-0.642333,3.679670,0.487617,-0.902490,3.706203,0.933195,-0.806054,4.027750,1.138481,-0.472918,4.027573,0.970486,-0.208198,4.016466,0.525277,-0.189997,3.890848,0.796014,-0.096818,3.978557,0.421868,0.210536,3.887663,0.253806,0.065176,3.862267,0.425069,0.431221,3.623866,0.305304,0.320848,3.658923
554,0.369538,-0.435071,3.787956,0.395435,-0.642420,3.674905,0.495114,-0.894846,3.708110,0.931851,-0.812175,4.033073,1.135426,-0.477468,4.026766,0.970960,-0.210368,4.017136,0.527568,-0.182656,3.887828,0.795137,-0.080758,3.974752,0.429719,0.225241,3.873440,0.252779,0.068119,3.859746,0.455242,0.542121,3.551926,0.330917,0.391557,3.624232
555,0.386030,-0.428971,3.784535,0.401537,-0.647776,3.675930,0.493268,-0.903716,3.703339,0.935683,-0.803029,4.030132,1.140041,-0.468517,4.023954,0.971632,-0.209030,4.020982,0.536481,-0.184762,3.886507,0.799865,-0.087287,3.973839,0.414338,0.208525,3.891126,0.244557,0.030708,3.882945,0.415604,0.436508,3.640584,0.301549,0.341792,3.640667
556,0.382615,-0.422280,3.787895,0.411302,-0.638926,3.678329,0.491009,-0.907999,3.702789,0.931631,-0.810493,4.033323,1.147081,-0.470457,4.025087,0.973205,-0.208434,4.020069,0.536990,-0.188165,3.887682,0.797873,-0.087694,3.974874,0.406994,0.223278,3.877048,0.244982,0.029362,3.878711,0.432004,0.466395,3.605745,0.300873,0.353322,3.632737
557,0.383289,-0.410708,3.791019,0.416793,-0.630957,3.685286,0.497484,-0.898586,3.706570,0.932660,-0.795839,4.030995,1.150497,-0.453708,4.021772,0.972541,-0.204616,4.021104,0.545956,-0.187295,3.886982,0.792573,-0.079365,3.972746,0.394664,0.217532,3.879542,0.242460,0.020493,3.878523,0.421716,0.433589,3.601951,0.284083,0.320781,3.638107
558,0.374114,-0.413586,3.789813,0.412054,-0.634893,3.678323,0.494436,-0.905270,3.709930,0.926772,-0.804337,4.034001,1.142692,-0.472187,4.027133,0.973600,-0.210518,4.020742,0.531422,-0.196421,3.892949,0.789255,-0.080241,3.977438,0.419786,0.228325,3.872835,0.247258,0.019847,3.880818,0.447166,0.479671,3.576141,0.295484,0.344643,3.629863
559,0.381573,-0.420980,3.787499,0.428403,-0.637608,3.681717,0.501573,-0.898432,3.713535,0.926450,-0.808122,4.033591,1.143837,-0.474114,4.027911,0.975883,-0.206551,4.022541,0.536242,-0.194577,3.893706,0.785979,-0.081653,3.976697,0.410857,0.225748,3.874960,0.254856,0.055239,3.866095,0.454421,0.425052,3.621853,0.289593,0.311561,3.652685
560,0.379977,-0.424499,3.785878,0.419238,-0.641546,3.679507,0.499486,-0.896393,3.706299,0.929284,-0.806158,4.032101,1.139166,-0.482679,4.028944,0.976747,-0.219203,4.023947,0.543631,-0.202489,3.889582,0.797190,-0.081790,3.977409,0.414930,0.224680,3.876050,0.247996,0.017026,3.873555,0.418078,0.405882,3.619026,0.268112,0.288899,3.676113
561,0.380343,-0.424701,3.794947,0.420228,-0.638485,3.691690,0.491285,-0.887583,3.705384,0.934340,-0.801612,4.031314,1.161655,-0.481726,4.021063,0.983885,-0.224700,4.025464,0.544518,-0.173208,3.884220,0.799554,-0.070476,3.970740,0.402718,0.219330,3.875635,0.252225,0.055424,3.862608,0.430189,0.422512,3.612912,0.306362,0.312141,3.664448
562,0.378095,-0.423916,3.788587,0.424962,-0.634755,3.690596,0.495496,-0.892426,3.713138,0.930851,-0.807212,4.036770,1.154601,-0.479986,4.020718,0.971958,-0.228246,4.023052,0.537088,-0.189486,3.889331,0.793108,-0.083049,3.974313,0.386398,0.194976,3.893348,0.239915,-0.015694,3.901552,0.408127,0.419016,3.581394,0.297288,0.309631,3.636463
563,0.386555,-0.421209,3.788770,0.419442,-0.633911,3.690775,0.491236,-0.908022,3.709412,0.926590,-0.808142,4.035143,1.150613,-0.470911,4.022197,0.973264,-0.225037,4.021018,0.533517,-0.205189,3.892790,0.793192,-0.095876,3.979475,0.381831,0.193323,3.893298,0.231684,-0.007990,3.895526,0.390901,0.440855,3.575535,0.264513,0.328134,3.628180
564,0.382529,-0.417869,3.794194,0.413704,-0.631202,3.686347,0.493795,-0.901253,3.708058,0.930234,-0.809842,4.039585,1.149160,-0.475373,4.029675,0.976417,-0.222443,4.027508,0.553454,-0.190339,3.896634,0.810137,-0.088829,3.984757,0.393631,0.202962,3.892843,0.251472,-0.014369,3.904938,0.438690,0.408743,3.625834,0.307801,0.303711,3.656985
565,0.379785,-0.407340,3.792313,0.414656,-0.627155,3.690105,0.480291,-0.898485,3.704309,0.924312,-0.822389,4.035828,1.145580,-0.478262,4.028912,0.990665,-0.212463,4.018615,0.542975,-0.178072,3.893330,0.817767,-0.081435,3.976493,0.430316,0.261617,3.857476,0.259917,0.080136,3.861509,0.483316,0.451726,3.575966,0.336911,0.323840,3.651041
566,0.371156,-0.399225,3.794221,0.421643,-0.616328,3.693817,0.485897,-0.887202,3.707574,0.931980,-0.811042,4.036448,1.153354,-0.462002,4.026197,0.977477,-0.214179,4.022431,0.530769,-0.171781,3.887722,0.804410,-0.073335,3.973627,0.429383,0.240046,3.862044,0.248099,0.077433,3.848523,0.505750,0.555563,3.530486,0.366217,0.417259,3.594633
567,0.376142,-0.399726,3.802626,0.413767,-0.622012,3.692444,0.490883,-0.903007,3.707760,0.930960,-0.818821,4.039445,1.153210,-0.471623,4.028463,0.972184,-0.216644,4.021053,0.536608,-0.193902,3.890078,0.799787,-0.091999,3.979848,0.397119,0.223614,3.873658,0.248866,0.066349,3.861298,0.459396,0.448418,3.627141,0.317042,0.317603,3.650937
568,0.375394,-0.407341,3.788598,0.408837,-0.630136,3.683642,0.485521,-0.916756,3.699857,0.929724,-0.812030,4.035590,1.146928,-0.449142,4.028127,0.971723,-0.203846,4.017229,0.531900,-0.188225,3.890745,0.799072,-0.088548,3.976921,0.404569,0.227441,3.874290,0.258606,0.065425,3.864978,0.459516,0.407274,3.657807,0.326600,0.305308,3.659688
569,0.376343,-0.411690,3.798478,0.415358,-0.628193,3.686971,0.490433,-0.911166,3.703952,0.927830,-0.817516,4.036040,1.145618,-0.464968,4.035222,0.982616,-0.200181,4.023538,0.539244,-0.194428,3.893968,0.802773,-0.089011,3.979202,0.408311,0.223138,3.871201,0.251944,0.014135,3.876269,0.456410,0.407134,3.637246,0.320774,0.293471,3.662659
570,0.374523,-0.410763,3.795782,0.411205,-0.632784,3.687319,0.485145,-0.917370,3.699955,0.916074,-0.821266,4.036391,1.143783,-0.460467,4.030163,0.971570,-0.207100,4.022622,0.526915,-0.190270,3.892868,0.788833,-0.086380,3.980172,0.412682,0.233689,3.872421,0.258612,0.064150,3.862431,0.506802,0.444138,3.644440,0.357149,0.321863,3.665849
571,0.390498,-0.396964,3.795185,0.423941,-0.632487,3.686400,0.490185,-0.909945,3.703640,0.919838,-0.817454,4.033938,1.149660,-0.459514,4.027667,0.975594,-0.202123,4.025007,0.543263,-0.195282,3.894403,0.799949,-0.098329,3.983448,0.415075,0.216948,3.879498,0.250874,0.030551,3.882425,0.473271,0.360638,3.661054,0.339407,0.256974,3.702717
572,0.377739,-0.411310,3.796491,0.409360,-0.640624,3.687628,0.480838,-0.929865,3.692451,0.916767,-0.835798,4.042570,1.138211,-0.469367,4.031077,0.985393,-0.201331,4.021520,0.534805,-0.191760,3.892259,0.808193,-0.099698,3.983988,0.429951,0.229326,3.875530,0.252144,0.057014,3.866553,0.532973,0.319110,3.715053,0.399969,0.230325,3.755434
573,0.378379,-0.414570,3.797822,0.410144,-0.642129,3.682006,0.473769,-0.934432,3.691535,0.909845,-0.834698,4.040771,1.130665,-0.453611,4.027627,0.977278,-0.196968,4.017613,0.533676,-0.190626,3.889105,0.800821,-0.103120,3.980192,0.426714,0.237521,3.869943,0.261029,0.071946,3.863034,0.546261,0.349151,3.675760,0.399519,0.232813,3.728293
574,0.373201,-0.402400,3.792266,0.395863,-0.645276,3.674971,0.462499,-0.939521,3.689683,0.917149,-0.833642,4.034671,1.132750,-0.462367,4.028780,0.980865,-0.203041,4.022460,0.517465,-0.202587,3.900705,0.785814,-0.100378,3.986669,0.402053,0.222949,3.876878,0.247828,0.065299,3.857541,0.433247,0.411358,3.622939,0.318947,0.278743,3.667971
575,0.373672,-0.410367,3.795974,0.397836,-0.642734,3.680450,0.476528,-0.931106,3.690369,0.910723,-0.841747,4.036147,1.125086,-0.471144,4.035442,0.985312,-0.191118,4.016302,0.532984,-0.206530,3.892433,0.793907,-0.103264,3.983232,0.405475,0.222345,3.876737,0.256110,0.053433,3.864609,0.502166,0.345308,3.689549,0.349618,0.225994,3.730879
576,0.368090,-0.407164,3.791387,0.394513,-0.657636,3.680501,0.485170,-0.927677,3.688310,0.909957,-0.841087,4.030350,1.121320,-0.473049,4.030399,0.972126,-0.202845,4.021861,0.544044,-0.201084,3.893857,0.799401,-0.102939,3.982545,0.398170,0.213079,3.878311,0.262204,0.020993,3.887651,0.494268,0.388163,3.645972,0.365601,0.286197,3.703266
577,0.371602,-0.413865,3.797994,0.394673,-0.651194,3.674563,0.471245,-0.950219,3.691015,0.912088,-0.850578,4.039229,1.126065,-0.481000,4.032440,0.977186,-0.191601,4.022357,0.534974,-0.202535,3.892149,0.791139,-0.105776,3.984344,0.400909,0.225775,3.874419,0.258409,0.065298,3.859538,0.492364,0.316942,3.713874,0.354107,0.201431,3.745950
578,0.370647,-0.405059,3.795033,0.390082,-0.650064,3.677142,0.474151,-0.935130,3.690007,0.912980,-0.851263,4.031845,1.113999,-0.474895,4.029328,0.977843,-0.194436,4.014599,0.541649,-0.189598,3.892643,0.807265,-0.110520,3.982904,0.406830,0.217424,3.878816,0.255947,0.061227,3.862922,0.468434,0.415910,3.615979,0.371277,0.355252,3.648942
579,0.366707,-0.408223,3.790048,0.392023,-0.652650,3.667879,0.467190,-0.944874,3.692688,0.913211,-0.856232,4.035942,1.123747,-0.487027,4.040141,0.972682,-0.194217,4.020765,0.518376,-0.217980,3.903714,0.780646,-0.120019,3.995514,0.410769,0.239697,3.869704,0.260825,0.061193,3.863959,0.488236,0.381399,3.671664,0.348965,0.226103,3.722040
580,0.370969,-0.402622,3.787358,0.373817,-0.651049,3.669290,0.464346,-0.947630,3.691453,0.908865,-0.860057,4.035947,1.114027,-0.480453,4.043259,0.973372,-0.187789,4.015672,0.516415,-0.208295,3.900374,0.781790,-0.111695,3.992938,0.422713,0.249271,3.862818,0.258745,0.059676,3.865121,0.455444,0.381356,3.630278,0.316336,0.247234,3.691718
581,0.368964,-0.407267,3.790976,0.389433,-0.654806,3.669740,0.470142,-0.935880,3.694973,0.908405,-0.858900,4.035880,1.111279,-0.486014,4.039700,0.973284,-0.185637,4.022669,0.513777,-0.217186,3.901909,0.778832,-0.110488,3.990993,0.433662,0.254361,3.862964,0.255119,0.064687,3.860379,0.497952,0.359674,3.692755,0.352950,0.217640,3.735090
582,0.372319,-0.398848,3.794020,0.369493,-0.653113,3.671163,0.466946,-0.944843,3.691944,0.918068,-0.857859,4.035912,1.106262,-0.488019,4.042064,0.978055,-0.183728,4.019317,0.515640,-0.207665,3.902221,0.787944,-0.114811,3.993324,0.425524,0.229466,3.877712,0.252152,0.071522,3.860057,0.457695,0.366116,3.673601,0.328858,0.228601,3.720208
583,0.359960,-0.406530,3.788881,0.370171,-0.653556,3.670744,0.467974,-0.948806,3.688817,0.916096,-0.859387,4.031160,1.105127,-0.484809,4.042695,0.982164,-0.176420,4.014911,0.519864,-0.201816,3.899227,0.787854,-0.114059,3.988180,0.432926,0.242860,3.869816,0.259136,0.070700,3.863453,0.529021,0.350968,3.705421,0.402632,0.212681,3.751830
584,0.354296,-0.406821,3.789089,0.366169,-0.655111,3.673822,0.457912,-0.948420,3.683510,0.908034,-0.871780,4.040375,1.095242,-0.485132,4.045360,0.969768,-0.184113,4.020462,0.517909,-0.207361,3.896256,0.780374,-0.126811,3.991194,0.422188,0.227149,3.878916,0.273627,0.077305,3.856335,0.487802,0.290244,3.723890,0.363597,0.183025,3.759569
585,0.356982,-0.402557,3.790703,0.380984,-0.655643,3.678593,0.460488,-0.950054,3.682669,0.915921,-0.861586,4.040554,1.091926,-0.478623,4.050556,0.971383,-0.173368,4.022303,0.508081,-0.200749,3.895764,0.784197,-0.111239,3.990078,0.427588,0.250928,3.862255,0.266694,0.086341,3.849569,0.468380,0.374596,3.644542,0.346856,0.241992,3.710023
586,0.359536,-0.395383,3.786664,0.362793,-0.659072,3.671193,0.458977,-0.956807,3.684174,0.919823,-0.867089,4.040663,1.097453,-0.465596,4.041251,0.962373,-0.168368,4.020001,0.510272,-0.208227,3.895400,0.787118,-0.112838,3.990037,0.431252,0.244153,3.871421,0.259659,0.082574,3.851283,0.491047,0.299562,3.714988,0.351310,0.172523,3.765222
587,0.363726,-0.398397,3.788994,0.355244,-0.661474,3.677907,0.460942,-0.962657,3.682796,0.924443,-0.869814,4.037429,1.086871,-0.469401,4.043849,0.965630,-0.169270,4.021205,0.505372,-0.214576,3.900722,0.789218,-0.107485,3.987962,0.444090,0.247185,3.868681,0.262914,0.083669,3.863483,0.513728,0.333745,3.733229,0.361393,0.186668,3.767880
588,0.377158,-0.392725,3.791565,0.349821,-0.660079,3.670672,0.455400,-0.962721,3.682885,0.918056,-0.882182,4.038757,1.077877,-0.482949,4.047604,0.954079,-0.178856,4.022501,0.500844,-0.206696,3.901494,0.781072,-0.118906,3.992890,0.441403,0.246094,3.872918,0.272589,0.077796,3.865477,0.550460,0.346403,3.739864,0.402341,0.209666,3.765179
589,0.375552,-0.389100,3.793334,0.364423,-0.655293,3.675124,0.464533,-0.964818,3.680938,0.924603,-0.889820,4.041960,1.072655,-0.477553,4.040897,0.954462,-0.172781,4.022080,0.502338,-0.197745,3.896835,0.781471,-0.105261,3.989832,0.445195,0.256289,3.867287,0.282617,0.110211,3.851457,0.536613,0.224848,3.828012,0.375224,0.093620,3.850604
590,0.373943,-0.386980,3.788777,0.355888,-0.647530,3.682309,0.465575,-0.955029,3.676055,0.931453,-0.889025,4.034651,1.077368,-0.468260,4.042805,0.954969,-0.161154,4.021416,0.511048,-0.190961,3.897069,0.798756,-0.098183,3.988865,0.453017,0.260144,3.865901,0.277078,0.101920,3.850505,0.518402,0.309046,3.757307,0.349798,0.144238,3.807081
591,0.364593,-0.390226,3.791361,0.361699,-0.653576,3.686335,0.468944,-0.969372,3.669952,0.936253,-0.893943,4.033043,1.065649,-0.477770,4.041297,0.952751,-0.170815,4.023839,0.505904,-0.187954,3.896612,0.800903,-0.099665,3.988130,0.469652,0.285020,3.845378,0.283972,0.111496,3.839589,0.551386,0.263479,3.779320,0.401962,0.113352,3.812701
592,0.356696,-0.398967,3.787577,0.374430,-0.651720,3.688205,0.475314,-0.970600,3.669471,0.944528,-0.892996,4.033673,1.067128,-0.474704,4.040586,0.959785,-0.166594,4.022951,0.506080,-0.199173,3.898534,0.803021,-0.099527,3.989486,0.457890,0.265731,3.856684,0.265937,0.077721,3.869156,0.502445,0.278367,3.740047,0.355265,0.107093,3.819429
593,0.367047,-0.404798,3.800097,0.359604,-0.661495,3.695929,0.477239,-0.973451,3.665035,0.946967,-0.900050,4.028025,1.068594,-0.475641,4.038306,0.954294,-0.182715,4.027402,0.516449,-0.204121,3.900414,0.821068,-0.115022,3.991669,0.544594,0.290175,3.847313,0.257483,0.049299,3.880316,0.620391,0.182354,3.835709,0.413365,0.042240,3.873145
594,0.363030,-0.391328,3.785839,0.376809,-0.652388,3.693421,0.476538,-0.976134,3.664999,0.948905,-0.911221,4.025954,1.071786,-0.480381,4.035109,0.967501,-0.172369,4.021641,0.511145,-0.209136,3.899354,0.816285,-0.112270,3.989635,0.505410,0.269304,3.859545,0.267469,0.074971,3.860266,0.536369,0.400670,3.633874,0.391982,0.195613,3.747115
595,0.373388,-0.399310,3.792501,0.369158,-0.655868,3.698457,0.483482,-0.988406,3.664769,0.949276,-0.933803,4.027345,1.044068,-0.498393,4.040465,0.962112,-0.184535,4.025436,0.506429,-0.221026,3.898775,0.806464,-0.122920,3.989324,0.472731,0.245997,3.870532,0.266360,0.040242,3.876129,0.576031,0.288281,3.767483,0.378920,0.107643,3.814763
596,0.371117,-0.403325,3.795243,0.362385,-0.663398,3.694391,0.477732,-0.991787,3.654837,0.950225,-0.930183,4.021908,1.039451,-0.501578,4.043453,0.961352,-0.172648,4.022146,0.489650,-0.224451,3.898024,0.785306,-0.117531,3.996306,0.456228,0.265557,3.868124,0.283685,0.100427,3.837357,0.472628,0.129812,3.905646,0.326467,0.010989,3.905717
597,0.369250,-0.421301,3.798462,0.364823,-0.682940,3.699194,0.486193,-1.005290,3.651634,0.951440,-0.938555,4.023376,1.043001,-0.506773,4.046553,0.967075,-0.168271,4.023986,0.496758,-0.235124,3.900659,0.793738,-0.124943,3.993965,0.478141,0.270810,3.865044,0.277058,0.087761,3.863494,0.485150,0.127004,3.908002,0.342665,-0.018079,3.930417
598,0.361920,-0.404507,3.795388,0.376781,-0.674415,3.716860,0.478455,-1.010166,3.647755,0.952728,-0.949227,4.024590,1.041778,-0.514299,4.047809,0.973013,-0.173089,4.023197,0.499186,-0.228841,3.894918,0.799540,-0.125034,3.990951,0.489578,0.273999,3.854060,0.283706,0.090862,3.863965,0.536043,0.136649,3.891219,0.369927,-0.007100,3.907870
599,0.376714,-0.416641,3.799589,0.375730,-0.683777,3.714998,0.483680,-1.007990,3.644979,0.954702,-0.958968,4.019433,1.035256,-0.527727,4.050624,0.962671,-0.172044,4.022324,0.483168,-0.245128,3.897022,0.784195,-0.128247,3.999640,0.476000,0.280480,3.859003,0.275849,0.093905,3.852001,0.442881,0.126936,3.906782,0.306613,0.008675,3.891347
600,0.375772,-0.403984,3.791699,0.387905,-0.689984,3.719345,0.485740,-1.014191,3.634115,0.963956,-0.973899,4.019497,1.039067,-0.518225,4.051596,0.960406,-0.169005,4.028433,0.499802,-0.252090,3.893972,0.807673,-0.142772,3.995346,0.501700,0.290302,3.845272,0.260012,0.077103,3.867818,0.495806,0.292961,3.771130,0.332379,-0.013970,3.912441
601,0.376339,-0.376348,3.792196,0.421100,-0.675452,3.727607,0.493375,-1.019583,3.630166,0.977481,-0.978027,4.018094,1.040919,-0.521037,4.049587,0.950559,-0.178754,4.030488,0.484088,-0.252546,3.900000,0.788920,-0.136467,4.001922,0.505654,0.301118,3.849828,0.289323,0.096919,3.853295,0.386438,0.229144,3.828193,0.309471,0.054817,3.868803
602,0.379372,-0.388452,3.801520,0.434456,-0.674538,3.742563,0.504678,-1.018999,3.623542,0.986188,-0.984652,4.016744,1.038515,-0.529362,4.046465,0.947754,-0.184878,4.026694,0.493623,-0.257904,3.898063,0.801548,-0.140308,4.000269,0.521849,0.302540,3.843250,0.279265,0.085405,3.861857,0.451622,0.400646,3.656442,0.331788,0.160815,3.782146
603,0.372473,-0.394037,3.797751,0.449220,-0.697798,3.739151,0.520759,-1.041844,3.619249,0.998202,-1.011659,4.014275,1.021722,-0.531898,4.047433,0.949673,-0.181825,4.019888,0.501254,-0.286741,3.893356,0.802815,-0.164630,4.000094,0.505413,0.285307,3.855382,0.274992,0.063428,3.872588,0.415640,0.206187,3.855200,0.325570,0.074546,3.848136
604,0.370059,-0.409442,3.793061,0.443484,-0.718740,3.736664,0.515049,-1.055042,3.611017,1.001837,-1.031682,4.010309,1.031025,-0.538586,4.042442,0.941673,-0.179939,4.025916,0.498215,-0.304152,3.897468,0.808062,-0.177982,4.004287,0.525303,0.282427,3.855138,0.284533,0.074483,3.863758,0.461939,0.249382,3.813497,0.340559,0.046310,3.859240
605,0.377020,-0.404536,3.796341,0.446420,-0.718841,3.735555,0.512289,-1.066044,3.610481,1.005611,-1.030169,4.015451,1.016248,-0.552108,4.049441,0.940610,-0.191078,4.025689,0.515091,-0.311921,3.900442,0.820008,-0.190231,4.006865,0.517116,0.258833,3.863937,0.276077,0.043814,3.870387,0.409199,0.213263,3.845627,0.326618,0.080508,3.825524
606,0.376000,-0.385740,3.808948,0.464936,-0.687375,3.747482,0.520375,-1.052046,3.610582,1.002970,-1.034982,4.010092,1.010522,-0.552305,4.049283,0.941640,-0.192359,4.024407,0.523517,-0.302695,3.898912,0.824900,-0.189765,4.005814,0.510916,0.273871,3.851597,0.285574,0.077911,3.856908,0.521159,0.093946,3.911143,0.397529,-0.068266,3.914181
607,0.376741,-0.382982,3.808085,0.464604,-0.693900,3.744437,0.520760,-1.061784,3.605986,1.006737,-1.035586,4.006508,1.008635,-0.547985,4.044231,0.938854,-0.193775,4.027862,0.519334,-0.309574,3.903457,0.824561,-0.191702,4.003034,0.514783,0.282063,3.846857,0.287008,0.067857,3.855466,0.506368,0.305408,3.740910,0.379509,-0.002128,3.868251
608,0.374675,-0.396592,3.813436,0.475087,-0.694060,3.743037,0.514498,-1.061095,3.605959,1.003361,-1.037650,4.011285,0.987227,-0.559416,4.062269,0.932873,-0.202685,4.025099,0.501740,-0.314696,3.906251,0.809859,-0.201060,4.012257,0.519018,0.288073,3.847540,0.278992,0.069768,3.853813,0.505532,0.397564,3.673766,0.386171,0.079277,3.829133
609,0.369748,-0.402715,3.811693,0.466487,-0.710396,3.741877,0.520999,-1.057339,3.603823,1.004385,-1.034614,4.011361,0.973907,-0.562060,4.056698,0.939434,-0.197538,4.029114,0.505542,-0.306588,3.899486,0.819545,-0.195130,4.005708,0.550280,0.279161,3.846630,0.308912,0.100387,3.837608,0.463086,0.275085,3.771675,0.380570,-0.014322,3.899209
610,0.370881,-0.407654,3.808811,0.473335,-0.724629,3.742397,0.515322,-1.065413,3.598173,1.004478,-1.040446,4.007857,0.980927,-0.565593,4.054802,0.933077,-0.201155,4.030278,0.509040,-0.317588,3.898541,0.821912,-0.207689,4.006577,0.530280,0.264805,3.853085,0.292004,0.084316,3.841849,0.460685,0.303354,3.772061,0.381776,0.024624,3.852464
611,0.368698,-0.377755,3.819115,0.458221,-0.680013,3.755833,0.509742,-1.059019,3.599578,1.011326,-1.046933,4.011333,0.985918,-0.569126,4.058911,0.940921,-0.197280,4.030771,0.509940,-0.301114,3.901011,0.821815,-0.196553,4.009238,0.522360,0.277839,3.846539,0.287583,0.073620,3.859803,0.476907,0.201763,3.836662,0.368270,-0.056811,3.930317
612,0.374245,-0.371906,3.814244,0.456878,-0.683174,3.751485,0.509115,-1.055505,3.599015,1.016821,-1.042740,4.011674,0.998106,-0.558829,4.052133,0.937511,-0.197201,4.026659,0.519700,-0.320457,3.905933,0.835654,-0.217101,4.013695,0.538738,0.202215,3.901230,0.305612,0.074985,3.863658,0.446314,0.326931,3.721754,0.388275,0.082939,3.832090
613,0.374305,-0.399841,3.817281,0.468329,-0.701698,3.743932,0.514302,-1.061126,3.604316,1.015562,-1.037844,4.008672,0.998967,-0.545455,4.051575,0.932360,-0.190042,4.026452,0.514301,-0.326661,3.904406,0.829013,-0.211426,4.009523,0.546488,0.248359,3.866185,0.275738,0.042560,3.869746,0.490939,0.429478,3.638252,0.355018,0.210136,3.730963
614,0.382354,-0.390694,3.810411,0.471499,-0.687153,3.746160,0.514985,-1.054970,3.605036,1.005422,-1.048306,4.012976,1.004050,-0.564331,4.052303,0.943870,-0.196291,4.022871,0.522718,-0.323328,3.900515,0.825240,-0.215983,4.006775,0.514316,0.247147,3.869349,0.290895,0.049848,3.876803,0.424784,0.446098,3.596468,0.325868,0.218329,3.709593
615,0.390187,-0.391775,3.810150,0.463925,-0.681061,3.745229,0.514535,-1.046348,3.605430,1.007615,-1.041063,4.013727,0.998192,-0.561696,4.053488,0.937778,-0.193076,4.026766,0.526414,-0.317500,3.901274,0.827835,-0.206215,4.003679,0.537583,0.250631,3.863182,0.315530,0.060125,3.875655,0.447595,0.357120,3.678049,0.355489,0.183302,3.747087
616,0.384089,-0.383232,3.805457,0.459303,-0.680332,3.739691,0.515917,-1.048237,3.603225,1.007277,-1.044197,4.010085,0.996615,-0.564765,4.053052,0.941372,-0.194020,4.027417,0.522924,-0.328322,3.899432,0.821985,-0.221515,4.005714,0.531370,0.229462,3.876428,0.304536,0.038411,3.882641,0.438939,0.402594,3.638841,0.353988,0.256144,3.681511
617,0.368687,-0.389872,3.812251,0.453652,-0.686695,3.737295,0.505915,-1.058266,3.599116,1.006308,-1.043579,4.008312,1.007442,-0.556464,4.050121,0.951165,-0.187802,4.027561,0.529914,-0.336715,3.900420,0.837138,-0.231141,4.003359,0.571603,0.203223,3.887293,0.312555,0.014391,3.892720,0.467017,0.399196,3.645596,0.361339,0.300548,3.653414
618,0.370061,-0.390598,3.817155,0.458285,-0.683414,3.743066,0.507674,-1.067956,3.596873,1.004497,-1.056702,4.008817,1.008484,-0.566932,4.049958,0.950628,-0.189512,4.025263,0.533952,-0.336019,3.900595,0.837748,-0.229147,4.005534,0.554111,0.230902,3.874037,0.302617,0.027824,3.893677,0.489112,0.271538,3.775190,0.326663,0.173415,3.775836
619,0.373831,-0.397617,3.817940,0.451310,-0.697093,3.743812,0.509582,-1.057384,3.596115,0.999361,-1.045256,4.005555,0.999915,-0.572296,4.051048,0.945642,-0.200231,4.028879,0.534326,-0.321534,3.903000,0.834767,-0.225045,4.007293,0.537628,0.238052,3.869798,0.293496,0.019257,3.893121,0.502890,0.263140,3.778106,0.352023,0.117560,3.819644
620,0.370934,-0.385990,3.810092,0.447210,-0.677198,3.748909,0.504446,-1.054272,3.603723,1.006482,-1.038676,4.001872,1.004745,-0.564414,4.051828,0.956885,-0.192959,4.028206,0.538494,-0.307803,3.902086,0.842186,-0.216427,4.002561,0.527132,0.221419,3.881340,0.290784,0.019337,3.882364,0.451963,0.406794,3.645885,0.365537,0.330738,3.633219
621,0.373298,-0.392810,3.806938,0.454752,-0.679456,3.748227,0.505749,-1.064480,3.597257,1.004241,-1.042871,4.008120,0.994226,-0.561543,4.055628,0.951495,-0.190610,4.022111,0.521107,-0.322770,3.901331,0.822610,-0.225915,4.012277,0.507369,0.214598,3.893139,0.293958,0.015365,3.886204,0.448092,0.389457,3.626559,0.352797,0.287856,3.646090
622,0.369329,-0.391896,3.807648,0.448319,-0.681611,3.745257,0.509379,-1.056504,3.601906,1.004380,-1.045655,4.006934,1.003739,-0.564251,4.050297,0.942714,-0.200865,4.026824,0.523142,-0.320619,3.901697,0.830365,-0.217775,4.005013,0.547735,0.248399,3.875939,0.310653,0.037574,3.876485,0.447694,0.266939,3.760805,0.338615,0.130712,3.782151
623,0.367612,-0.395663,3.810243,0.443244,-0.698263,3.749215,0.502410,-1.066918,3.598366,1.002515,-1.043317,4.007781,0.998828,-0.570522,4.052393,0.944948,-0.198786,4.029767,0.527411,-0.319538,3.898469,0.832318,-0.217970,4.005896,0.548952,0.241791,3.871247,0.304931,0.025027,3.886926,0.495147,0.255054,3.765296,0.356525,0.076617,3.837343
624,0.367609,-0.399436,3.805453,0.450170,-0.706538,3.741264,0.503487,-1.074837,3.595385,1.000800,-1.048122,4.009950,0.994862,-0.572397,4.056458,0.952896,-0.196119,4.026089,0.518873,-0.334363,3.906998,0.826421,-0.229623,4.014428,0.533573,0.224829,3.875121,0.305940,0.029694,3.875803,0.487287,0.295621,3.709746,0.352326,0.165246,3.751046
625,0.369369,-0.379853,3.812365,0.449642,-0.682801,3.743324,0.505927,-1.060005,3.600760,1.005421,-1.043193,4.011894,1.000675,-0.569149,4.055348,0.945920,-0.193528,4.029562,0.534851,-0.314333,3.902274,0.836418,-0.208941,4.003693,0.518014,0.244243,3.872026,0.285562,0.007769,3.890654,0.537113,0.243537,3.783243,0.372414,0.036477,3.857675
626,0.371417,-0.384433,3.817441,0.449646,-0.676335,3.743738,0.499791,-1.066918,3.599382,1.001613,-1.044847,4.009672,0.998185,-0.571538,4.053107,0.939592,-0.202046,4.031903,0.520984,-0.322356,3.909724,0.819080,-0.217635,4.013848,0.482693,0.225804,3.877506,0.287188,0.025434,3.882648,0.495259,0.278173,3.730834,0.362903,0.081511,3.807287
627,0.364926,-0.388941,3.803156,0.448639,-0.684076,3.742071,0.503705,-1.059900,3.602653,1.008321,-1.047349,4.013338,1.008401,-0.571561,4.059824,0.945870,-0.195168,4.029604,0.506033,-0.322807,3.903234,0.814365,-0.204033,4.006144,0.513877,0.261080,3.861051,0.320296,0.085272,3.857411,0.469187,0.218126,3.805045,0.373150,-0.002003,3.868695
628,0.369655,-0.396608,3.804933,0.464548,-0.696710,3.748683,0.507463,-1.060223,3.605793,1.008697,-1.039473,4.014545,1.005041,-0.559354,4.056788,0.944549,-0.187845,4.023418,0.515225,-0.327031,3.905144,0.821344,-0.203378,4.009729,0.520305,0.251368,3.868062,0.309414,0.034866,3.878129,0.394755,0.293468,3.734850,0.337511,0.137807,3.769440
629,0.387740,-0.396807,3.814322,0.457581,-0.693318,3.739975,0.511514,-1.055812,3.603815,1.008774,-1.038135,4.012794,0.994053,-0.564694,4.056712,0.938089,-0.192676,4.025533,0.521722,-0.319970,3.903563,0.822449,-0.206661,4.008535,0.516910,0.243915,3.870684,0.319109,0.031702,3.880260,0.487239,0.302784,3.724797,0.355204,0.153204,3.761053
630,0.374863,-0.380445,3.810540,0.456518,-0.679411,3.737934,0.511054,-1.054595,3.606792,1.012547,-1.045595,4.013022,1.002670,-0.567237,4.057039,0.946698,-0.187805,4.025231,0.522798,-0.326940,3.901027,0.829671,-0.216077,4.008976,0.513705,0.226079,3.878702,0.298528,0.006652,3.890452,0.478997,0.324522,3.713532,0.367392,0.191698,3.739281
631,0.380713,-0.391509,3.818473,0.452715,-0.683034,3.741369,0.512572,-1.059794,3.604394,1.011765,-1.035525,4.010952,0.998057,-0.556586,4.058670,0.945861,-0.187265,4.027561,0.532306,-0.317455,3.903638,0.833456,-0.206171,4.003895,0.515762,0.239363,3.877676,0.320668,0.035847,3.883874,0.488649,0.285269,3.751547,0.358530,0.147044,3.784702
632,0.378763,-0.386974,3.812396,0.458056,-0.687126,3.740535,0.508528,-1.055681,3.606723,1.009069,-1.033136,4.012908,1.012028,-0.549858,4.050303,0.945042,-0.182460,4.023363,0.515143,-0.322672,3.904664,0.821898,-0.210409,4.010000,0.513951,0.228996,3.880184,0.324992,0.054051,3.870091,0.476578,0.260733,3.774541,0.376312,0.100341,3.802082
633,0.384021,-0.392292,3.811509,0.448650,-0.693622,3.742494,0.505067,-1.060505,3.604411,1.001899,-1.037233,4.014826,1.000888,-0.560080,4.052844,0.935722,-0.191650,4.027441,0.520675,-0.307341,3.906296,0.819226,-0.199819,4.011660,0.499937,0.239646,3.868397,0.303618,0.042805,3.878369,0.506374,0.352723,3.676266,0.380167,0.163201,3.756422
634,0.370855,-0.390380,3.804698,0.440595,-0.689150,3.741892,0.499732,-1.064109,3.603378,1.003402,-1.044137,4.015454,0.995737,-0.554418,4.055761,0.944931,-0.174343,4.019177,0.515617,-0.312339,3.906380,0.819494,-0.199462,4.010677,0.510200,0.240366,3.864233,0.314896,0.053417,3.874877,0.488871,0.321157,3.713832,0.394290,0.077273,3.824024
635,0.366720,-0.387551,3.808523,0.434095,-0.690831,3.736026,0.493138,-1.056907,3.601142,1.003103,-1.034477,4.008706,1.014144,-0.536991,4.046548,0.941948,-0.175853,4.019993,0.509186,-0.317282,3.905951,0.818307,-0.201112,4.008873,0.504509,0.235267,3.878835,0.293961,0.012582,3.898503,0.462447,0.373570,3.694073,0.372943,0.215221,3.722163
636,0.369406,-0.390274,3.810595,0.425747,-0.688936,3.743064,0.483700,-1.062220,3.602314,1.003518,-1.035381,4.013239,1.009204,-0.540802,4.053541,0.944653,-0.180234,4.018832,0.500783,-0.302529,3.904783,0.810859,-0.188672,4.004421,0.517675,0.242140,3.866252,0.316891,0.061986,3.880512,0.457560,0.323653,3.741013,0.398757,0.136536,3.787600
637,0.369749,-0.389647,3.797272,0.422994,-0.695573,3.741712,0.486011,-1.054262,3.599514,0.990571,-1.032163,4.009734,0.998228,-0.550241,4.052148,0.941830,-0.183148,4.023851,0.507347,-0.296002,3.902502,0.819676,-0.188211,4.004647,0.516381,0.242519,3.862796,0.313234,0.051692,3.877375,0.504811,0.254563,3.782896,0.353312,0.005213,3.864167
638,0.365539,-0.402875,3.804081,0.431787,-0.704461,3.741423,0.490436,-1.067598,3.605930,1.006037,-1.027981,4.008831,1.000110,-0.552106,4.051816,0.943674,-0.181042,4.022671,0.505934,-0.310397,3.906686,0.815824,-0.189968,4.006355,0.506108,0.252990,3.860547,0.330304,0.079599,3.875622,0.518935,0.209521,3.851474,0.378214,0.016862,3.875373
639,0.363731,-0.400347,3.795702,0.432563,-0.695681,3.738837,0.491640,-1.050460,3.605348,0.990086,-1.019022,4.011755,1.003206,-0.551498,4.048700,0.947225,-0.182630,4.018085,0.513408,-0.296441,3.902537,0.818511,-0.176606,4.004640,0.505334,0.250356,3.862275,0.318523,0.064525,3.865517,0.491361,0.201982,3.838072,0.378577,-0.025058,3.884492
640,0.357820,-0.394063,3.799307,0.419220,-0.683090,3.744214,0.490689,-1.049475,3.605903,0.986246,-1.021681,4.015532,0.996678,-0.553587,4.054540,0.950825,-0.189566,4.021160,0.508032,-0.296328,3.901453,0.817582,-0.187243,4.009502,0.498428,0.242989,3.869464,0.297311,0.039795,3.877991,0.561452,0.146169,3.873959,0.399940,-0.065924,3.915971
641,0.368813,-0.389062,3.803001,0.413892,-0.684793,3.744120,0.484939,-1.050653,3.610333,0.984274,-1.012498,4.016493,1.006093,-0.545134,4.050730,0.948058,-0.189920,4.024198,0.509274,-0.284620,3.903273,0.818088,-0.175880,4.005386,0.515378,0.261332,3.851599,0.309093,0.076654,3.862532,0.606067,0.132626,3.882920,0.417151,-0.057683,3.914457
642,0.367813,-0.401246,3.800192,0.426053,-0.694824,3.743112,0.492218,-1.044400,3.618234,0.987759,-1.002195,4.018980,1.024443,-0.532778,4.045210,0.953468,-0.188601,4.022187,0.513743,-0.293498,3.907752,0.818280,-0.175178,4.003604,0.510943,0.274900,3.845777,0.309342,0.055468,3.870305,0.574885,0.143331,3.877001,0.410649,-0.073666,3.923945
643,0.371255,-0.399914,3.807910,0.423764,-0.699721,3.742995,0.491282,-1.046674,3.619872,0.990402,-0.995939,4.017169,1.026820,-0.521839,4.043580,0.960039,-0.179649,4.021547,0.515790,-0.279622,3.909256,0.826115,-0.165786,4.004138,0.535853,0.284299,3.841521,0.292236,0.046216,3.890702,0.625127,-0.059610,3.983130,0.407760,-0.072905,3.913725
644,0.359434,-0.391561,3.802466,0.422645,-0.682198,3.737042,0.495934,-1.037476,3.625846,0.983903,-0.997265,4.021433,1.024244,-0.527595,4.042739,0.953258,-0.178988,4.021345,0.508129,-0.280469,3.904422,0.814190,-0.164090,4.002759,0.496663,0.256915,3.860999,0.286456,0.044162,3.879497,0.494224,0.400821,3.647858,0.369816,0.205699,3.726572
645,0.363009,-0.392552,3.809008,0.420602,-0.680055,3.736743,0.485459,-1.036136,3.624276,0.988459,-0.988551,4.022229,1.023206,-0.527555,4.044000,0.959096,-0.179830,4.019686,0.511797,-0.291371,3.908116,0.808295,-0.163316,4.005085,0.502100,0.249948,3.868097,0.296183,0.064442,3.872049,0.537529,0.266084,3.788062,0.396697,0.017842,3.872538
646,0.368805,-0.404303,3.801789,0.427325,-0.676832,3.737738,0.484627,-1.024028,3.633815,0.981411,-0.973707,4.023571,1.028377,-0.517167,4.039943,0.964480,-0.174744,4.019797,0.512586,-0.272141,3.911745,0.815578,-0.146460,4.004684,0.507889,0.277491,3.847897,0.297691,0.060597,3.883270,0.580965,0.082795,3.916766,0.408531,-0.071876,3.930400
647,0.371341,-0.389501,3.800731,0.420629,-0.677525,3.733699,0.485015,-1.021441,3.635330,0.979783,-0.960804,4.024872,1.044844,-0.512239,4.041050,0.961436,-0.175947,4.025151,0.510248,-0.266905,3.912951,0.819595,-0.136831,3.999555,0.512043,0.267612,3.853715,0.293663,0.067047,3.875118,0.546697,0.310217,3.742065,0.380112,0.103640,3.815187
648,0.378103,-0.424740,3.796389,0.414806,-0.688042,3.726427,0.478123,-1.014824,3.642302,0.956468,-0.947146,4.028127,1.065101,-0.507266,4.038275,0.962347,-0.180596,4.027082,0.507147,-0.259728,3.901646,0.797846,-0.135358,3.997754,0.505193,0.273000,3.845894,0.298551,0.085583,3.862147,0.663318,0.154656,3.843378,0.457031,0.002761,3.866581
649,0.374061,-0.402401,3.804620,0.405216,-0.653978,3.728806,0.482792,-0.985926,3.655452,0.952457,-0.923767,4.026093,1.051667,-0.499377,4.041857,0.968220,-0.164104,4.018854,0.516473,-0.225281,3.902286,0.812451,-0.118061,3.993097,0.476986,0.267963,3.850415,0.291570,0.059495,3.877864,0.643056,-0.036248,3.993360,0.438775,-0.092258,3.966954
650,0.379238,-0.413669,3.791801,0.403556,-0.658317,3.715504,0.475984,-0.962360,3.666852,0.943878,-0.914296,4.035228,1.078306,-0.489235,4.037443,0.967941,-0.166491,4.019164,0.513643,-0.220538,3.902790,0.803351,-0.093413,3.987681,0.481965,0.280863,3.842489,0.272294,0.078023,3.869153,0.559735,0.154162,3.854721,0.411298,-0.027616,3.918750
651,0.377578,-0.421395,3.789421,0.393276,-0.658122,3.710201,0.474725,-0.947209,3.675038,0.928847,-0.898717,4.033062,1.075590,-0.476902,4.038507,0.972031,-0.155924,4.019237,0.515725,-0.220412,3.902568,0.801459,-0.093669,3.987532,0.463894,0.260316,3.855927,0.270637,0.027147,3.899899,0.524885,0.301052,3.745279,0.396125,0.065520,3.865574
652,0.371488,-0.415947,3.781939,0.398425,-0.667163,3.692611,0.474721,-0.946953,3.681408,0.921386,-0.878248,4.034333,1.107417,-0.470130,4.033895,0.970566,-0.171887,4.025339,0.505645,-0.207172,3.902494,0.785553,-0.089023,3.987279,0.466083,0.278171,3.843621,0.262633,0.080905,3.868993,0.618473,0.250794,3.801745,0.438263,0.033652,3.868669
653,0.369023,-0.443272,3.784038,0.395791,-0.680451,3.680302,0.471111,-0.952850,3.679741,0.911521,-0.862979,4.036781,1.115326,-0.467140,4.036403,0.974174,-0.164056,4.019298,0.504538,-0.208246,3.901909,0.773734,-0.078985,3.982191,0.459164,0.279002,3.841684,0.263694,0.091730,3.864355,0.609515,0.255925,3.768715,0.429363,0.110297,3.813272
654,0.372926,-0.420491,3.787827,0.402874,-0.660815,3.680235,0.470255,-0.934269,3.685494,0.909048,-0.839912,4.043330,1.106807,-0.467464,4.039412,0.972384,-0.171886,4.013885,0.523271,-0.192193,3.898842,0.798319,-0.079102,3.983785,0.451835,0.268794,3.843184,0.277157,0.117092,3.840598,0.645861,0.148856,3.832552,0.447092,0.050815,3.866726
655,0.373726,-0.427679,3.788022,0.397535,-0.661932,3.680587,0.463579,-0.923119,3.692291,0.909012,-0.817457,4.043593,1.108001,-0.458763,4.030426,0.979009,-0.167434,4.007970,0.514150,-0.186667,3.902106,0.783095,-0.063721,3.983088,0.470844,0.284575,3.837976,0.284587,0.106069,3.847517,0.600058,0.179776,3.811446,0.411033,0.073831,3.848329
656,0.379524,-0.427775,3.793547,0.409647,-0.645266,3.691933,0.467602,-0.910778,3.689303,0.913707,-0.807904,4.035590,1.111686,-0.462031,4.025381,0.978050,-0.181947,4.012187,0.520904,-0.182668,3.898070,0.793721,-0.062870,3.975288,0.448963,0.266696,3.850954,0.252929,0.090814,3.854316,0.554166,0.313224,3.711630,0.383729,0.157837,3.779804
657,0.365151,-0.419475,3.799220,0.399924,-0.635278,3.689138,0.459153,-0.916304,3.684125,0.914380,-0.806239,4.038550,1.115423,-0.448433,4.024424,0.972795,-0.189173,4.019973,0.519564,-0.192057,3.901945,0.799728,-0.083993,3.982593,0.515695,0.297664,3.825073,0.245657,0.028493,3.889152,0.513979,0.351104,3.673004,0.365214,0.178569,3.772921
658,0.371819,-0.413840,3.801620,0.412021,-0.629286,3.686021,0.460445,-0.905638,3.685319,0.913945,-0.798195,4.038500,1.119375,-0.441239,4.021670,0.966400,-0.187434,4.017377,0.532288,-0.174148,3.889582,0.811597,-0.075365,3.973001,0.454999,0.259311,3.851684,0.253394,0.039608,3.884009,0.523827,0.360742,3.658949,0.360264,0.230080,3.727439
659,0.365065,-0.422564,3.798798,0.400680,-0.633148,3.693122,0.455681,-0.914868,3.684506,0.913971,-0.797056,4.034968,1.115384,-0.452005,4.021277,0.970261,-0.206750,4.022530,0.525876,-0.171418,3.887293,0.812498,-0.084553,3.972956,0.555068,0.283944,3.825509,0.219155,0.063113,3.866338,0.534872,0.350301,3.652245,0.384727,0.208653,3.735087
660,0.361787,-0.419390,3.799028,0.414941,-0.634814,3.698212,0.457460,-0.918086,3.684779,0.905965,-0.798623,4.039487,1.124499,-0.447853,4.018294,0.960451,-0.202955,4.024127,0.525885,-0.186309,3.890613,0.799568,-0.093012,3.976223,0.509530,0.308763,3.811898,0.230205,0.095499,3.847753,0.530728,0.385035,3.633983,0.385943,0.263091,3.698637
661,0.367611,-0.412384,3.781342,0.424792,-0.622666,3.696466,0.461935,-0.907687,3.692390,0.908061,-0.774098,4.034489,1.129668,-0.431757,4.019172,0.959725,-0.201590,4.025718,0.504252,-0.188256,3.894742,0.770730,-0.079859,3.976265,0.413677,0.258585,3.857117,0.242008,0.075939,3.859547,0.504086,0.447548,3.604473,0.340388,0.257733,3.691011
662,0.370515,-0.420135,3.793782,0.428776,-0.643548,3.692205,0.469072,-0.907794,3.692059,0.910021,-0.760696,4.033530,1.127487,-0.438961,4.019544,0.963882,-0.203442,4.018941,0.516077,-0.197840,3.894037,0.770272,-0.070607,3.974770,0.461976,0.294404,3.828336,0.261876,0.077939,3.861800,0.499741,0.312906,3.716639,0.336105,0.174172,3.762958
663,0.370318,-0.408815,3.794730,0.434213,-0.618632,3.697040,0.469700,-0.893630,3.694534,0.909480,-0.775370,4.033592,1.136086,-0.442403,4.012986,0.962955,-0.199843,4.017980,0.527768,-0.192274,3.885783,0.776828,-0.076414,3.975832,0.405531,0.234070,3.865803,0.260312,0.080942,3.849843,0.474117,0.356529,3.669801,0.345144,0.236178,3.720581
664,0.370643,-0.405620,3.794710,0.435667,-0.615673,3.692753,0.472736,-0.888955,3.696909,0.908726,-0.786749,4.035121,1.138637,-0.453812,4.019429,0.957979,-0.203592,4.020837,0.527879,-0.195460,3.885743,0.775928,-0.077216,3.975185,0.386888,0.225438,3.871344,0.246822,0.017511,3.879800,0.474478,0.364049,3.658705,0.330468,0.198791,3.746553
665,0.373447,-0.414849,3.790628,0.440241,-0.623494,3.690561,0.472367,-0.890689,3.697186,0.910563,-0.783113,4.033777,1.124900,-0.458799,4.023999,0.962281,-0.201542,4.020410,0.520872,-0.193913,3.889889,0.771087,-0.078565,3.979147,0.403060,0.234713,3.867391,0.261818,0.066664,3.860166,0.471109,0.351009,3.674114,0.329841,0.241449,3.720306
666,0.380873,-0.414472,3.801014,0.438529,-0.626042,3.698927,0.475471,-0.884642,3.697124,0.907825,-0.784805,4.036386,1.128400,-0.456872,4.024402,0.963191,-0.198972,4.021216,0.521510,-0.197201,3.891912,0.768373,-0.082602,3.983569,0.407159,0.217456,3.875525,0.268284,0.070556,3.860473,0.425379,0.395617,3.607976,0.296360,0.303449,3.634912
667,0.382997,-0.407656,3.795231,0.449318,-0.613586,3.701521,0.476833,-0.895593,3.697396,0.913681,-0.781364,4.036857,1.144733,-0.440101,4.015057,0.962763,-0.204272,4.023604,0.524562,-0.213901,3.895292,0.775575,-0.096531,3.985384,0.378403,0.195337,3.891725,0.247039,0.037727,3.885543,0.446150,0.447077,3.566293,0.317069,0.353316,3.609199
668,0.371491,-0.410975,3.793727,0.439883,-0.608710,3.700540,0.473392,-0.895357,3.693322,0.916673,-0.780979,4.039320,1.142742,-0.433330,4.011436,0.965218,-0.203410,4.021269,0.530757,-0.203537,3.890183,0.784715,-0.091937,3.982222,0.395377,0.214452,3.878060,0.247294,-0.019168,3.905118,0.438995,0.378732,3.648654,0.312386,0.280009,3.679692
669,0.373507,-0.413292,3.790810,0.442485,-0.614402,3.699385,0.472322,-0.906495,3.695926,0.916731,-0.780717,4.037192,1.137728,-0.437506,4.021371,0.961042,-0.202036,4.020149,0.514342,-0.214910,3.898951,0.768502,-0.098258,3.986436,0.397761,0.200268,3.889522,0.247672,0.024113,3.879189,0.419855,0.364514,3.657737,0.277190,0.249935,3.694477
670,0.373813,-0.411875,3.798550,0.441721,-0.618460,3.700338,0.471247,-0.907607,3.693992,0.916662,-0.780780,4.038485,1.140712,-0.440187,4.015324,0.962122,-0.202641,4.018794,0.526536,-0.205805,3.891452,0.780796,-0.091376,3.979667,0.392609,0.199302,3.891383,0.245231,-0.017257,3.901651,0.440420,0.413669,3.618530,0.308247,0.320612,3.636488
671,0.383187,-0.410398,3.800474,0.442977,-0.628380,3.702944,0.476482,-0.908620,3.694705,0.910002,-0.789531,4.038007,1.142991,-0.452865,4.017716,0.963712,-0.201926,4.022874,0.529217,-0.210872,3.894552,0.771047,-0.092038,3.984410,0.392564,0.216164,3.875473,0.244533,0.049292,3.870446,0.486194,0.431606,3.587942,0.341755,0.297110,3.662028
672,0.376957,-0.407534,3.796241,0.444557,-0.614155,3.699795,0.469875,-0.900200,3.694504,0.910664,-0.791083,4.035645,1.140859,-0.440011,4.013698,0.967923,-0.191695,4.017049,0.533544,-0.184586,3.886472,0.795216,-0.067320,3.971254,0.403181,0.232192,3.874104,0.186073,-0.016039,3.903718,0.483777,0.438803,3.591784,0.345030,0.327724,3.644683
673,0.384620,-0.418708,3.791272,0.449939,-0.631894,3.706319,0.472239,-0.905965,3.700149,0.909977,-0.781490,4.034445,1.139441,-0.437549,4.016712,0.961698,-0.201646,4.022807,0.515881,-0.192761,3.891732,0.765527,-0.075892,3.982164,0.406557,0.236419,3.868744,0.251587,0.079680,3.844229,0.497534,0.395762,3.625340,0.344407,0.262295,3.686171
674,0.380603,-0.422933,3.791625,0.447147,-0.624411,3.702545,0.473540,-0.903211,3.694867,0.908173,-0.783709,4.030527,1.139640,-0.442037,4.014194,0.961982,-0.200932,4.020709,0.516473,-0.206354,3.889732,0.767937,-0.092722,3.981495,0.401268,0.217618,3.880667,0.245287,0.065701,3.858439,0.432764,0.408525,3.611859,0.296078,0.289789,3.675241
675,0.375663,-0.420114,3.803208,0.445506,-0.629830,3.702507,0.475444,-0.904361,3.694418,0.909172,-0.778583,4.036467,1.128796,-0.452916,4.019361,0.954910,-0.201422,4.017707,0.525099,-0.200696,3.889851,0.775411,-0.083240,3.980241,0.416451,0.235469,3.866637,0.259086,0.044211,3.881460,0.472578,0.412410,3.613317,0.343481,0.298009,3.666468
676,0.372731,-0.409175,3.800440,0.446615,-0.609605,3.711669,0.470500,-0.897573,3.698472,0.906509,-0.781899,4.035821,1.131350,-0.440623,4.018607,0.956554,-0.194164,4.022006,0.521736,-0.187777,3.889526,0.766694,-0.076920,3.982234,0.396591,0.226117,3.871925,0.252241,0.110162,3.839586,0.449871,0.446155,3.566452,0.333689,0.326489,3.629046
677,0.369172,-0.410481,3.799333,0.442388,-0.606597,3.708530,0.471985,-0.895417,3.694932,0.907095,-0.785645,4.031485,1.133627,-0.434881,4.014346,0.955934,-0.192090,4.018724,0.522558,-0.191710,3.886763,0.773694,-0.078178,3.975870,0.414982,0.234091,3.867990,0.241992,0.063531,3.863508,0.481431,0.439223,3.576377,0.336882,0.289449,3.666623
678,0.366000,-0.413208,3.795810,0.445463,-0.617267,3.706782,0.472625,-0.904535,3.693983,0.904401,-0.788807,4.035617,1.128778,-0.451297,4.020198,0.957618,-0.193318,4.020395,0.523090,-0.187477,3.886482,0.772849,-0.073103,3.978128,0.390172,0.214515,3.879569,0.241942,0.069238,3.856671,0.432072,0.462056,3.558932,0.314892,0.353880,3.598271
679,0.374416,-0.406866,3.804538,0.442649,-0.610914,3.705435,0.474480,-0.901026,3.695629,0.906811,-0.789939,4.038410,1.136396,-0.438721,4.020589,0.960738,-0.194836,4.021722,0.532146,-0.192742,3.891308,0.780737,-0.085944,3.982826,0.398645,0.227037,3.874823,0.237917,0.082140,3.859528,0.487620,0.339800,3.681235,0.355009,0.231534,3.717767
680,0.370767,-0.413748,3.799214,0.433056,-0.625917,3.706567,0.467807,-0.898531,3.695450,0.910283,-0.784793,4.032853,1.144141,-0.434794,4.008858,0.960159,-0.199978,4.022042,0.535540,-0.182849,3.889768,0.796229,-0.074205,3.974013,0.393052,0.222077,3.877921,0.254605,0.036877,3.881011,0.466225,0.448680,3.564936,0.339417,0.340259,3.620060
681,0.377457,-0.416974,3.806206,0.430847,-0.637831,3.692374,0.465075,-0.920409,3.691507,0.912247,-0.783527,4.034760,1.146918,-0.426326,4.012704,0.961745,-0.200003,4.020562,0.529850,-0.187990,3.890475,0.786610,-0.084680,3.978776,0.391337,0.219894,3.879173,0.261220,0.078008,3.858073,0.474259,0.486840,3.574695,0.349224,0.349229,3.616995
682,0.376267,-0.404506,3.800398,0.437032,-0.626126,3.698092,0.466647,-0.910688,3.692439,0.904039,-0.779001,4.029177,1.130190,-0.439356,4.020347,0.961803,-0.187853,4.018087,0.526632,-0.209313,3.893002,0.777090,-0.086780,3.980128,0.394658,0.232823,3.869150,0.240397,0.033257,3.860872,0.494572,0.403191,3.613735,0.330957,0.248456,3.691500
683,0.370550,-0.411615,3.800777,0.431394,-0.627882,3.697784,0.469465,-0.904802,3.699721,0.906978,-0.785761,4.037945,1.127914,-0.450297,4.022750,0.956361,-0.196251,4.022600,0.533665,-0.203818,3.893553,0.781287,-0.082981,3.978020,0.403301,0.241921,3.863768,0.238770,0.073393,3.862540,0.494585,0.408400,3.612146,0.348131,0.226821,3.725230
684,0.372602,-0.413608,3.795095,0.425483,-0.623494,3.697683,0.467444,-0.917730,3.692680,0.907083,-0.776571,4.033140,1.130255,-0.440488,4.015996,0.954756,-0.196288,4.023423,0.517613,-0.211735,3.893367,0.765566,-0.092922,3.982964,0.401595,0.233012,3.866210,0.249102,0.067935,3.852502,0.540139,0.281086,3.728327,0.381598,0.171891,3.780066
685,0.372973,-0.404056,3.802875,0.429950,-0.607277,3.697322,0.466430,-0.893126,3.693754,0.900626,-0.792294,4.034917,1.129231,-0.443624,4.017229,0.953544,-0.208435,4.022482,0.528929,-0.175418,3.883730,0.783125,-0.080682,3.977211,0.387450,0.218531,3.879602,0.241235,0.041420,3.877313,0.436851,0.434911,3.580970,0.321757,0.332440,3.614136
686,0.375017,-0.410583,3.801611,0.422866,-0.625253,3.693375,0.463730,-0.907454,3.691622,0.902716,-0.793609,4.033588,1.129060,-0.452092,4.023151,0.961549,-0.207068,4.022537,0.525305,-0.189104,3.888544,0.777067,-0.090695,3.980762,0.408088,0.241726,3.862019,0.265533,0.116209,3.824466,0.518786,0.325183,3.689023,0.370655,0.221110,3.715076
687,0.376773,-0.405621,3.794370,0.417742,-0.624990,3.693588,0.465566,-0.918820,3.692847,0.906745,-0.793345,4.036436,1.129235,-0.450887,4.020266,0.952248,-0.215132,4.028657,0.518526,-0.195849,3.896060,0.769956,-0.084438,3.983543,0.391811,0.226448,3.872823,0.239054,0.089157,3.854319,0.478746,0.355792,3.664770,0.339966,0.228863,3.717198
688,0.369782,-0.409334,3.790949,0.412257,-0.627082,3.690871,0.466519,-0.927931,3.689722,0.907024,-0.790166,4.037348,1.127893,-0.444887,4.018126,0.955154,-0.209227,4.022863,0.510746,-0.218922,3.900569,0.772483,-0.094765,3.986048,0.384500,0.218430,3.878915,0.237144,0.072949,3.857221,0.453027,0.334622,3.683742,0.304984,0.210988,3.735289
689,0.377844,-0.415157,3.789775,0.407785,-0.638267,3.688166,0.465673,-0.929088,3.686628,0.911112,-0.789039,4.039433,1.119881,-0.446895,4.025871,0.955812,-0.205536,4.019992,0.512271,-0.200493,3.898891,0.770672,-0.077417,3.981466,0.393926,0.236682,3.871166,0.248488,0.079382,3.866153,0.518754,0.415518,3.642822,0.362952,0.217752,3.743400
690,0.375336,-0.409189,3.797436,0.416983,-0.623536,3.684605,0.468708,-0.916972,3.687987,0.905873,-0.792741,4.037705,1.121364,-0.434181,4.024921,0.949144,-0.199193,4.023724,0.528783,-0.198071,3.893463,0.786396,-0.078593,3.981534,0.397969,0.230813,3.873612,0.245741,0.038655,3.871755,0.494832,0.380783,3.644852,0.350585,0.246882,3.709770
691,0.372304,-0.410936,3.794706,0.399490,-0.638418,3.683798,0.459731,-0.936843,3.685697,0.911402,-0.795565,4.035713,1.132257,-0.433938,4.025313,0.960580,-0.174960,4.023685,0.506335,-0.217246,3.899774,0.763594,-0.096614,3.985951,0.399655,0.232534,3.873341,0.247562,0.074736,3.858819,0.471025,0.399836,3.627555,0.327757,0.255919,3.697350
692,0.372784,-0.411524,3.790317,0.402517,-0.643574,3.679962,0.461236,-0.933644,3.686794,0.902237,-0.806897,4.042127,1.116958,-0.445924,4.032619,0.955015,-0.180412,4.027381,0.510718,-0.214258,3.902181,0.769119,-0.087994,3.985078,0.396120,0.235426,3.871744,0.246061,0.074780,3.858564,0.477857,0.382610,3.632696,0.330654,0.254183,3.690113
693,0.372656,-0.404435,3.790745,0.395302,-0.645230,3.671989,0.457785,-0.942590,3.684193,0.900783,-0.813041,4.041961,1.123468,-0.445723,4.029802,0.955913,-0.185501,4.024937,0.498123,-0.217275,3.900724,0.757109,-0.101550,3.992455,0.394807,0.232275,3.870833,0.252696,0.096344,3.854614,0.466395,0.354763,3.674717,0.329681,0.233599,3.719886
694,0.376860,-0.410174,3.790499,0.416300,-0.646459,3.674879,0.466538,-0.940094,3.687671,0.899173,-0.812910,4.039996,1.136493,-0.453896,4.029644,0.960452,-0.187879,4.028985,0.512768,-0.201731,3.898110,0.769464,-0.093509,3.986350,0.394417,0.244413,3.863497,0.265347,0.091494,3.852217,0.472806,0.394619,3.622549,0.348498,0.271953,3.677416
695,0.371249,-0.419372,3.792828,0.400488,-0.641931,3.680817,0.458626,-0.938604,3.688981,0.903681,-0.822767,4.037566,1.129528,-0.454354,4.026724,0.958022,-0.184756,4.028096,0.505259,-0.219210,3.902030,0.764776,-0.104555,3.988606,0.409779,0.239261,3.871347,0.248585,0.075824,3.866476,0.487027,0.488979,3.517657,0.346654,0.332555,3.616416
696,0.369901,-0.418550,3.793331,0.397621,-0.658481,3.683347,0.461815,-0.938438,3.686853,0.900513,-0.822899,4.039924,1.123385,-0.460587,4.032253,0.960823,-0.186184,4.023998,0.514424,-0.204287,3.896623,0.767582,-0.089286,3.985667,0.401755,0.247859,3.860216,0.242000,0.087799,3.848299,0.505476,0.418613,3.600409,0.356180,0.246538,3.698663
697,0.369602,-0.406674,3.791713,0.399101,-0.643900,3.676589,0.457169,-0.935015,3.691798,0.901232,-0.825339,4.041189,1.123569,-0.463505,4.034499,0.960985,-0.191274,4.025825,0.503131,-0.203011,3.901039,0.758007,-0.090196,3.990434,0.407399,0.255791,3.859390,0.241397,0.082765,3.850535,0.484637,0.395285,3.616347,0.344429,0.255023,3.689699
698,0.374893,-0.408377,3.792763,0.391334,-0.647802,3.680954,0.457542,-0.946599,3.687806,0.907979,-0.830455,4.043450,1.114776,-0.468007,4.040010,0.960388,-0.187362,4.023595,0.510527,-0.218254,3.899984,0.768033,-0.105188,3.992832,0.404345,0.237285,3.860611,0.239563,0.057945,3.862871,0.520961,0.322440,3.684944,0.357188,0.141239,3.790762
699,0.372253,-0.416312,3.793247,0.394669,-0.643257,3.686167,0.458130,-0.949505,3.687996,0.904507,-0.836616,4.044605,1.112396,-0.476088,4.034810,0.965914,-0.189775,4.022962,0.504097,-0.210745,3.901015,0.759291,-0.110106,3.994814,0.400949,0.245796,3.861471,0.257766,0.095555,3.844759,0.496733,0.368255,3.641364,0.370745,0.223220,3.720395
700,0.375567,-0.407664,3.798078,0.390870,-0.647878,3.681090,0.462797,-0.938097,3.691777,0.914318,-0.834074,4.042717,1.108625,-0.478625,4.034491,0.970290,-0.188246,4.014941,0.516876,-0.207114,3.898119,0.787766,-0.105960,3.989805,0.420730,0.235686,3.868929,0.250784,0.078247,3.857633,0.515219,0.360957,3.657521,0.372528,0.231525,3.720635
701,0.364038,-0.410695,3.795278,0.382954,-0.658091,3.679117,0.456118,-0.947518,3.691141,0.910715,-0.836831,4.045907,1.098312,-0.482876,4.040390,0.962131,-0.187250,4.022596,0.505823,-0.202523,3.895493,0.770245,-0.100943,3.987306,0.436625,0.266777,3.841033,0.250357,0.105747,3.838449,0.552801,0.255596,3.748047,0.406806,0.070763,3.850342
702,0.374285,-0.405690,3.787386,0.376876,-0.655246,3.674104,0.455975,-0.942589,3.693419,0.906080,-0.838650,4.043392,1.108367,-0.482917,4.043845,0.967126,-0.179707,4.024338,0.501212,-0.199198,3.901119,0.767344,-0.105290,3.990131,0.404318,0.240727,3.867829,0.262663,0.095349,3.858413,0.445155,0.476375,3.540886,0.351502,0.343584,3.613812
703,0.359929,-0.413098,3.787507,0.367802,-0.652254,3.673809,0.456575,-0.946709,3.691784,0.915995,-0.843668,4.051114,1.105375,-0.482122,4.037947,0.975074,-0.191093,4.023453,0.516366,-0.181346,3.897054,0.791583,-0.109061,3.987043,0.503172,0.284532,3.833440,0.255382,0.096039,3.854592,0.546912,0.391723,3.609922,0.390346,0.275941,3.668580
704,0.365402,-0.412027,3.789413,0.386180,-0.648601,3.678373,0.462888,-0.931627,3.700775,0.914221,-0.842703,4.048328,1.116463,-0.476401,4.032709,0.968602,-0.187805,4.020494,0.514006,-0.189435,3.901985,0.788200,-0.101863,3.984896,0.425504,0.257284,3.851804,0.248335,0.127802,3.827525,0.518141,0.385328,3.631531,0.372476,0.220458,3.720304
705,0.358827,-0.409163,3.782839,0.367421,-0.661471,3.675982,0.457852,-0.948614,3.693559,0.913343,-0.850983,4.055478,1.088287,-0.481248,4.050902,0.967545,-0.169405,4.021869,0.500548,-0.206866,3.903703,0.770433,-0.100612,3.992977,0.395501,0.241964,3.867254,0.249147,0.111714,3.837907,0.516156,0.224824,3.771530,0.360332,0.112275,3.811378
706,0.366238,-0.407143,3.791851,0.363546,-0.655615,3.676084,0.463985,-0.949712,3.702110,0.918732,-0.852355,4.052026,1.097576,-0.466976,4.044105,0.969629,-0.167535,4.017976,0.503133,-0.210238,3.904185,0.772286,-0.107405,3.990940,0.398414,0.236033,3.871314,0.263899,0.097723,3.859123,0.450438,0.331077,3.695447,0.343981,0.205312,3.742622
707,0.365731,-0.400402,3.794586,0.377227,-0.655587,3.679753,0.471995,-0.943514,3.704222,0.928602,-0.850495,4.049084,1.100582,-0.468402,4.044343,0.966844,-0.171516,4.021670,0.502737,-0.204680,3.905794,0.777049,-0.107101,3.990436,0.414052,0.243879,3.869259,0.269861,0.129804,3.842532,0.530772,0.333818,3.708712,0.400305,0.164014,3.780243
708,0.355843,-0.391212,3.795410,0.377718,-0.640512,3.682501,0.470215,-0.939821,3.703976,0.928383,-0.847742,4.047499,1.098500,-0.464803,4.038352,0.966673,-0.160916,4.015281,0.500754,-0.196397,3.905240,0.771976,-0.097829,3.991809,0.420801,0.262886,3.858428,0.266322,0.117199,3.838877,0.561295,0.173023,3.853447,0.415351,0.049425,3.868375
709,0.366625,-0.397247,3.790381,0.380456,-0.638980,3.686177,0.474520,-0.936899,3.697236,0.927841,-0.855182,4.052435,1.100653,-0.466176,4.040431,0.965343,-0.175083,4.023603,0.510621,-0.186722,3.898886,0.782204,-0.099436,3.989919,0.435956,0.268477,3.852998,0.267482,0.100870,3.849031,0.633927,0.168948,3.844786,0.451952,0.033555,3.865879
710,0.366442,-0.390689,3.793502,0.379688,-0.637833,3.691319,0.475613,-0.945274,3.697286,0.938338,-0.850953,4.049988,1.089353,-0.465551,4.040450,0.960182,-0.163485,4.019519,0.499256,-0.188496,3.903023,0.777736,-0.091321,3.991473,0.431752,0.262103,3.860269,0.265371,0.115603,3.853459,0.595684,0.282525,3.777975,0.424022,0.152622,3.796311
711,0.362457,-0.381522,3.794204,0.380283,-0.637794,3.690634,0.480201,-0.940619,3.695553,0.935728,-0.864347,4.052799,1.090434,-0.470909,4.043140,0.963069,-0.171737,4.022663,0.496551,-0.177282,3.897715,0.781351,-0.083456,3.986753,0.452571,0.277583,3.851078,0.256616,0.123803,3.840858,0.537951,0.371377,3.702871,0.396297,0.232224,3.734697
712,0.366696,-0.384669,3.792294,0.381968,-0.643811,3.695560,0.478688,-0.951330,3.691584,0.941887,-0.863916,4.049129,1.080799,-0.468250,4.045024,0.967156,-0.163507,4.021155,0.503378,-0.194364,3.903862,0.778302,-0.094201,3.992343,0.447203,0.265097,3.861623,0.264749,0.097871,3.859987,0.641945,0.184949,3.850914,0.456437,0.040095,3.869226
713,0.363598,-0.392199,3.790178,0.380493,-0.647164,3.706938,0.481831,-0.962005,3.684016,0.949305,-0.878691,4.049045,1.088836,-0.468172,4.040914,0.965532,-0.167900,4.021586,0.497902,-0.200360,3.904894,0.782480,-0.098109,3.992032,0.449653,0.263265,3.860943,0.277916,0.136168,3.839438,0.504827,0.381736,3.699663,0.431015,0.205557,3.763891
714,0.370828,-0.385484,3.799592,0.384188,-0.638943,3.701714,0.485895,-0.966621,3.683245,0.956026,-0.884427,4.048135,1.083305,-0.469878,4.045435,0.951789,-0.179834,4.025403,0.517070,-0.189315,3.899613,0.811868,-0.104061,3.989361,0.476231,0.269357,3.865726,0.266020,0.111215,3.850466,0.594684,0.391965,3.668800,0.464844,0.129559,3.800738
715,0.370173,-0.397362,3.792973,0.387217,-0.647781,3.706354,0.488250,-0.972587,3.676537,0.963111,-0.896121,4.049520,1.078640,-0.471061,4.050016,0.962894,-0.164421,4.022123,0.502825,-0.195024,3.901087,0.800054,-0.091815,3.988667,0.492047,0.286782,3.844356,0.294436,0.117515,3.856957,0.596190,0.197170,3.844965,0.454906,0.080999,3.848559
716,0.375133,-0.381241,3.794130,0.393350,-0.642251,3.711562,0.494122,-0.974646,3.675945,0.971883,-0.907977,4.049899,1.081048,-0.470310,4.051206,0.962999,-0.165421,4.025477,0.513628,-0.189390,3.899357,0.803766,-0.091931,3.990585,0.485416,0.290714,3.842304,0.290242,0.129329,3.843386,0.508926,0.381925,3.676996,0.430175,0.209295,3.754047
717,0.372076,-0.391788,3.789676,0.390081,-0.651876,3.713663,0.495901,-0.984668,3.672754,0.980169,-0.920892,4.049215,1.057763,-0.477915,4.052011,0.962733,-0.166522,4.019410,0.522025,-0.207868,3.901700,0.815655,-0.112416,3.992829,0.513560,0.290849,3.847119,0.305777,0.113440,3.850104,0.652996,0.178532,3.825162,0.474120,0.029882,3.858554
718,0.373383,-0.407445,3.787796,0.398835,-0.653839,3.722462,0.501957,-0.982298,3.670386,0.977163,-0.928339,4.047479,1.068218,-0.478965,4.050842,0.958562,-0.165486,4.023276,0.530012,-0.201547,3.902298,0.821319,-0.108071,3.992702,0.513979,0.292626,3.848128,0.304298,0.111872,3.855916,0.615815,0.269147,3.742788,0.460680,0.084862,3.819447
719,0.372520,-0.408360,3.791789,0.404657,-0.667480,3.731600,0.512026,-0.997172,3.663320,0.981656,-0.938446,4.049994,1.064816,-0.483727,4.052836,0.971758,-0.161349,4.019113,0.519028,-0.229892,3.900498,0.802662,-0.127399,3.999564,0.509005,0.282311,3.859055,0.276831,0.111098,3.852989,0.549005,0.253011,3.769654,0.402614,0.061364,3.841352
720,0.384981,-0.384686,3.790447,0.398428,-0.673430,3.740559,0.506262,-1.003222,3.656448,0.991770,-0.948592,4.045554,1.054035,-0.492935,4.053036,0.966357,-0.164166,4.020706,0.520519,-0.231404,3.903574,0.830586,-0.124245,3.994631,0.517548,0.289206,3.850713,0.301535,0.115181,3.835732,0.575337,0.294873,3.739467,0.443894,0.028227,3.863104
721,0.378683,-0.390542,3.798294,0.411232,-0.670450,3.749975,0.512623,-1.013313,3.653252,1.006369,-0.960841,4.039854,1.052179,-0.497426,4.051868,0.959031,-0.162790,4.019525,0.523697,-0.257670,3.904013,0.831609,-0.141008,3.999402,0.510529,0.289024,3.846232,0.281112,0.107065,3.839634,0.409082,0.272022,3.779263,0.363921,0.014321,3.886858
722,0.391979,-0.399630,3.801121,0.426529,-0.679619,3.749617,0.518528,-1.026073,3.644846,1.013949,-0.969246,4.034411,1.037738,-0.499494,4.051202,0.956915,-0.163529,4.023017,0.524238,-0.273744,3.906636,0.840871,-0.147346,4.000004,0.565763,0.296166,3.848993,0.274752,0.074660,3.857884,0.399398,0.311949,3.746353,0.315330,0.113236,3.820036
723,0.387461,-0.396005,3.802393,0.453161,-0.701549,3.748740,0.531693,-1.049567,3.625851,1.014464,-0.998728,4.028474,1.029600,-0.513879,4.051111,0.938211,-0.181537,4.026093,0.500656,-0.276442,3.900372,0.804624,-0.151390,4.002813,0.543300,0.299564,3.839765,0.260289,0.096234,3.839188,0.375608,0.347026,3.703886,0.301763,0.201577,3.723331
724,0.386957,-0.402797,3.820466,0.465025,-0.721129,3.753309,0.541870,-1.060463,3.623271,1.013912,-1.006346,4.031428,1.032508,-0.523617,4.048519,0.947061,-0.179269,4.022626,0.495247,-0.289527,3.902417,0.791801,-0.146501,4.005166,0.543603,0.280654,3.852322,0.266851,0.088228,3.846796,0.347891,0.362585,3.669528,0.243080,0.238050,3.702664
725,0.388014,-0.412669,3.816272,0.467008,-0.738751,3.749071,0.543451,-1.079226,3.613225,1.027539,-1.027548,4.024422,0.987808,-0.554517,4.062644,0.946725,-0.192287,4.039259,0.495943,-0.293008,3.905877,0.799169,-0.159934,4.006737,0.540379,0.299262,3.843061,0.273881,0.106438,3.841574,0.439352,0.447000,3.574914,0.316575,0.184926,3.756849
726,0.380578,-0.392057,3.817850,0.469196,-0.709335,3.759236,0.544832,-1.069871,3.620373,1.039656,-1.028780,4.022548,1.003999,-0.546366,4.053638,0.949257,-0.179334,4.027797,0.485567,-0.276835,3.900697,0.784105,-0.155538,4.006685,0.526044,0.323811,3.823677,0.254455,0.142520,3.816424,0.445293,0.387815,3.640595,0.299141,0.164612,3.767452
727,0.381023,-0.392935,3.817939,0.471698,-0.702506,3.765321,0.544068,-1.068238,3.619095,1.036048,-1.028077,4.018258,0.985246,-0.549150,4.061029,0.949501,-0.174098,4.027493,0.491206,-0.272972,3.901016,0.806215,-0.156385,4.003232,0.546718,0.309680,3.836861,0.270362,0.097730,3.847480,0.448580,0.504843,3.487092,0.299464,0.280353,3.647148
728,0.382345,-0.395630,3.820669,0.478082,-0.706536,3.767189,0.549208,-1.072465,3.619873,1.038534,-1.029823,4.022285,0.995216,-0.548015,4.061030,0.946119,-0.174633,4.025084,0.494087,-0.288136,3.900770,0.798263,-0.170541,4.007253,0.559263,0.285365,3.849333,0.295195,0.093209,3.846093,0.399118,0.499509,3.507771,0.250944,0.347433,3.582951
729,0.379090,-0.380510,3.817582,0.490360,-0.684237,3.775609,0.550758,-1.064159,3.621432,1.039929,-1.034570,4.023099,1.001083,-0.549882,4.055861,0.940925,-0.172232,4.026949,0.500396,-0.297333,3.900744,0.812019,-0.180745,4.006587,0.535549,0.283513,3.840638,0.289709,0.088676,3.844198,0.321310,0.321284,3.726735,0.363377,0.131722,3.799337
730,0.376071,-0.392023,3.815331,0.480165,-0.684696,3.765781,0.544221,-1.058484,3.619254,1.042626,-1.027400,4.017444,0.998365,-0.549307,4.057801,0.942084,-0.165841,4.025019,0.488728,-0.289485,3.900218,0.795541,-0.171683,4.004857,0.496530,0.292425,3.839275,0.269229,0.110248,3.836251,0.432958,0.499907,3.498695,0.303212,0.313791,3.622355
731,0.375808,-0.381013,3.813372,0.481405,-0.672881,3.776474,0.548076,-1.053878,3.622980,1.038270,-1.030798,4.017566,1.003980,-0.552787,4.061889,0.939212,-0.176747,4.027111,0.490417,-0.297660,3.899153,0.796463,-0.178197,4.006158,0.527581,0.295345,3.843923,0.299479,0.111804,3.837416,0.432198,0.322923,3.716229,0.313399,0.194103,3.728250
732,0.379346,-0.394425,3.822357,0.489242,-0.683869,3.778583,0.551320,-1.055590,3.620887,1.036889,-1.033038,4.018661,1.012627,-0.549857,4.055913,0.940231,-0.176919,4.027508,0.491316,-0.300971,3.900087,0.794111,-0.178091,4.003057,0.538624,0.295143,3.835044,0.278325,0.107970,3.838385,0.474951,0.516136,3.488111,0.301123,0.240773,3.710864
733,0.376614,-0.384265,3.821626,0.482016,-0.682329,3.777958,0.545128,-1.055034,3.619326,1.037755,-1.032296,4.021353,1.000608,-0.556038,4.059300,0.936857,-0.180002,4.026872,0.493065,-0.293846,3.901241,0.794037,-0.178586,4.005308,0.542480,0.292258,3.838107,0.279274,0.095307,3.849283,0.496510,0.516304,3.490604,0.320896,0.296602,3.657843
734,0.374598,-0.380920,3.803999,0.476718,-0.683039,3.762564,0.541494,-1.067327,3.614686,1.038245,-1.028124,4.021501,1.008509,-0.553609,4.056041,0.946645,-0.174829,4.029176,0.505937,-0.305135,3.904679,0.810371,-0.187474,4.006129,0.544064,0.265200,3.851300,0.294771,0.106414,3.836357,0.447080,0.461345,3.550944,0.315156,0.288439,3.642045
735,0.385161,-0.388025,3.801646,0.481356,-0.676172,3.746358,0.543809,-1.057696,3.615723,1.032921,-1.035023,4.025447,1.004064,-0.555750,4.056311,0.949453,-0.179844,4.025805,0.517888,-0.293964,3.904270,0.817909,-0.177115,4.005697,0.531404,0.273635,3.841794,0.293353,0.076850,3.865196,0.469779,0.384585,3.659302,0.349793,0.170757,3.762520
736,0.388111,-0.409330,3.816999,0.468987,-0.700742,3.755930,0.541059,-1.062459,3.620168,1.039428,-1.032409,4.024248,1.013007,-0.548277,4.058176,0.941029,-0.191837,4.030869,0.521089,-0.306621,3.905400,0.821854,-0.193574,4.008036,0.523480,0.260707,3.852926,0.297157,0.069960,3.858597,0.534002,0.393855,3.654528,0.403886,0.167079,3.767219
737,0.389701,-0.392824,3.816735,0.485459,-0.685466,3.751201,0.530321,-1.058019,3.619347,1.030975,-1.047547,4.020634,1.010772,-0.556042,4.053833,0.947611,-0.188140,4.026369,0.528280,-0.302186,3.902542,0.824564,-0.192092,4.007123,0.548518,0.268558,3.836816,0.276123,0.069933,3.849756,0.548213,0.475401,3.538150,0.416738,0.089464,3.813338
738,0.383133,-0.390734,3.818913,0.466807,-0.693645,3.755540,0.532899,-1.053483,3.620873,1.032071,-1.035778,4.023285,1.009004,-0.553619,4.057967,0.947986,-0.192939,4.027871,0.533057,-0.306959,3.901773,0.840114,-0.197615,4.005671,0.508440,0.249605,3.854068,0.272855,0.038473,3.859802,0.555221,0.352105,3.669363,0.387005,0.095495,3.799779
739,0.380411,-0.411623,3.807050,0.471079,-0.706085,3.743911,0.531181,-1.064110,3.614343,1.026976,-1.045657,4.021501,1.003813,-0.558271,4.059545,0.938620,-0.194432,4.030270,0.526511,-0.315794,3.902494,0.824385,-0.203453,4.009380,0.508379,0.257502,3.853755,0.259994,0.052822,3.852631,0.530309,0.450589,3.612296,0.368227,0.208869,3.729308
740,0.383873,-0.409314,3.809785,0.465288,-0.692745,3.743706,0.527313,-1.059032,3.619878,1.028076,-1.039860,4.022824,1.008954,-0.556640,4.057629,0.941509,-0.196393,4.027598,0.520173,-0.306435,3.899674,0.822340,-0.198017,4.009255,0.500729,0.241927,3.859822,0.271383,0.059757,3.844863,0.462784,0.435730,3.593901,0.334566,0.269338,3.656123
741,0.387222,-0.414176,3.812150,0.477701,-0.714490,3.750311,0.534012,-1.064073,3.620821,1.033297,-1.033262,4.022460,1.009706,-0.550344,4.055762,0.938709,-0.194142,4.030322,0.533860,-0.313407,3.905972,0.830695,-0.195682,4.006770,0.484968,0.244753,3.867075,0.285847,0.058147,3.857960,0.491230,0.417042,3.647446,0.347942,0.209087,3.723668
742,0.371321,-0.408480,3.808877,0.456465,-0.711791,3.741221,0.522044,-1.068732,3.615750,1.032656,-1.035381,4.021772,1.010494,-0.554232,4.060183,0.942017,-0.196378,4.030312,0.514211,-0.313478,3.903502,0.821131,-0.197298,4.010353,0.502879,0.238605,3.863850,0.265046,0.040930,3.859973,0.480542,0.408447,3.609709,0.349630,0.244827,3.679486
743,0.377932,-0.403854,3.808511,0.457693,-0.702422,3.742415,0.527649,-1.060623,3.618471,1.031704,-1.030117,4.023465,1.015848,-0.546981,4.058374,0.943201,-0.192114,4.025449,0.524019,-0.302506,3.904307,0.822831,-0.191020,4.009165,0.498426,0.260630,3.855367,0.279512,0.079475,3.842842,0.510635,0.430712,3.592274,0.353685,0.187259,3.727479
744,0.375030,-0.403588,3.807898,0.461496,-0.702235,3.751149,0.529206,-1.065968,3.618541,1.036853,-1.030591,4.025074,1.013916,-0.542603,4.057775,0.938568,-0.191309,4.032653,0.511735,-0.315728,3.908331,0.816324,-0.201160,4.011197,0.508566,0.252820,3.866004,0.277596,0.064574,3.854080,0.504962,0.457970,3.571402,0.379673,0.258605,3.665199
745,0.387950,-0.397788,3.805163,0.468880,-0.712024,3.744829,0.537454,-1.070018,3.612619,1.029576,-1.033106,4.022542,1.013010,-0.552212,4.056622,0.951091,-0.190253,4.026444,0.519064,-0.294701,3.906294,0.824442,-0.189811,4.008328,0.542418,0.263953,3.853874,0.287483,0.074614,3.856322,0.500941,0.498826,3.519992,0.379977,0.295387,3.643722
746,0.388350,-0.411307,3.816539,0.465882,-0.711792,3.748385,0.532388,-1.063649,3.615315,1.030797,-1.031549,4.025440,1.012545,-0.545715,4.063394,0.941853,-0.186377,4.027971,0.511206,-0.298559,3.902881,0.813255,-0.190235,4.008794,0.546291,0.277687,3.848519,0.275523,0.076023,3.852931,0.554671,0.505443,3.535298,0.403251,0.182598,3.756133
747,0.379710,-0.388616,3.806194,0.453672,-0.697606,3.745136,0.525910,-1.061700,3.613468,1.034906,-1.032277,4.021633,1.022702,-0.551260,4.057309,0.947964,-0.189198,4.024301,0.520569,-0.300176,3.905070,0.832910,-0.196791,4.011755,0.566343,0.261576,3.854089,0.295606,0.060532,3.864630,0.583728,0.392509,3.665847,0.425213,0.182480,3.753628
748,0.380200,-0.398715,3.809023,0.461172,-0.692774,3.750902,0.526968,-1.057581,3.614415,1.028014,-1.029924,4.026723,1.011375,-0.546071,4.067058,0.945906,-0.187427,4.029747,0.505143,-0.299176,3.905821,0.814263,-0.187423,4.008369,0.533038,0.262748,3.854006,0.263030,0.073540,3.863173,0.569736,0.454114,3.614534,0.395594,0.202555,3.736421
749,0.381115,-0.395980,3.806422,0.461713,-0.692494,3.752724,0.531869,-1.057511,3.613535,1.026357,-1.031764,4.025740,1.013998,-0.548214,4.058846,0.951771,-0.182703,4.026760,0.501232,-0.288634,3.904474,0.802122,-0.173511,4.005692,0.523068,0.279836,3.846141,0.290870,0.097388,3.845789,0.464899,0.379138,3.654315,0.375171,0.158887,3.774421
750,0.382506,-0.399016,3.805656,0.474017,-0.692800,3.754580,0.528658,-1.062642,3.612601,1.024829,-1.032298,4.024355,1.002950,-0.550244,4.058319,0.943668,-0.183025,4.025716,0.504272,-0.286011,3.907060,0.801912,-0.167371,4.006058,0.527224,0.284400,3.841499,0.287033,0.094078,3.850466,0.524394,0.251775,3.777492,0.363786,0.036596,3.870271
751,0.374287,-0.413400,3.827002,0.469865,-0.718758,3.754615,0.527495,-1.069424,3.608901,1.026975,-1.028590,4.022720,1.004137,-0.542003,4.058907,0.943863,-0.181859,4.026477,0.506833,-0.295798,3.907290,0.812483,-0.169075,4.004934,0.535995,0.285669,3.840905,0.294109,0.100457,3.850823,0.578585,0.307784,3.728653,0.427636,-0.019716,3.921505
752,0.385876,-0.395563,3.808680,0.457369,-0.719610,3.741447,0.522625,-1.079298,3.606876,1.021077,-1.039302,4.024955,1.013518,-0.545622,4.056816,0.947382,-0.176252,4.023653,0.510783,-0.293664,3.910769,0.815484,-0.173867,4.011864,0.542082,0.279577,3.850989,0.302489,0.108734,3.856932,0.585243,0.363925,3.681356,0.463020,0.043701,3.862298
753,0.386745,-0.402902,3.809627,0.457860,-0.705294,3.747660,0.524599,-1.070724,3.606804,1.015220,-1.042238,4.024516,1.010083,-0.546802,4.055796,0.943358,-0.184078,4.025195,0.499616,-0.297204,3.907241,0.804526,-0.182854,4.008741,0.539817,0.291401,3.834275,0.271993,0.121836,3.837188,0.549054,0.379057,3.652637,0.385488,-0.031683,3.914980
754,0.370849,-0.401060,3.810608,0.435471,-0.710688,3.737595,0.515673,-1.064104,3.604513,1.007953,-1.044951,4.021800,1.008519,-0.560491,4.059618,0.947092,-0.186555,4.023164,0.495877,-0.302301,3.905602,0.802978,-0.191660,4.012165,0.509969,0.262182,3.855172,0.285360,0.098789,3.854305,0.517444,0.363413,3.662692,0.413568,0.071543,3.845070
755,0.371810,-0.393457,3.815561,0.434035,-0.704864,3.743244,0.506315,-1.066612,3.602900,1.013292,-1.037516,4.022161,1.007566,-0.551578,4.054935,0.949944,-0.179460,4.020534,0.501290,-0.294230,3.906225,0.817537,-0.183042,4.009753,0.514352,0.276575,3.846663,0.302021,0.117207,3.843927,0.568864,0.258119,3.788294,0.422498,0.080843,3.825663
756,0.368688,-0.390826,3.813301,0.438539,-0.685010,3.744681,0.497250,-1.066150,3.600081,1.010308,-1.027982,4.021866,1.019530,-0.544067,4.050904,0.939828,-0.177800,4.017307,0.493486,-0.293462,3.903062,0.804641,-0.172842,4.007208,0.524970,0.288646,3.841417,0.274457,0.116191,3.831258,0.543447,0.167005,3.847367,0.396234,-0.056193,3.927024
757,0.378812,-0.381074,3.828345,0.451051,-0.677806,3.753272,0.503205,-1.065263,3.601682,1.009063,-1.021377,4.015803,1.012309,-0.538160,4.050001,0.931099,-0.181957,4.022398,0.488628,-0.279820,3.903463,0.788672,-0.152193,4.002911,0.514464,0.293202,3.838140,0.281728,0.161608,3.819511,0.511022,0.294639,3.739460,0.361372,0.051335,3.871335
758,0.375852,-0.384283,3.814770,0.443584,-0.689206,3.744323,0.490160,-1.060072,3.606568,0.998590,-1.023410,4.016558,1.012810,-0.540084,4.050084,0.939299,-0.182191,4.022797,0.475276,-0.278822,3.904463,0.783431,-0.154329,4.004338,0.486993,0.297641,3.838593,0.262062,0.126738,3.846756,0.507845,0.106665,3.933233,0.397198,-0.045258,3.971454
759,0.382037,-0.391788,3.812277,0.441467,-0.681931,3.743828,0.485392,-1.051217,3.606959,0.995682,-1.015628,4.021065,1.006735,-0.541260,4.047461,0.936431,-0.179017,4.024704,0.469563,-0.258429,3.906242,0.771617,-0.132022,4.002547,0.516346,0.329587,3.812202,0.273551,0.154328,3.837198,0.492918,0.225072,3.824222,0.347121,0.021316,3.925420
760,0.371300,-0.399983,3.817297,0.438962,-0.688307,3.746750,0.484194,-1.050853,3.609988,0.995161,-1.011754,4.027062,1.005228,-0.529075,4.053416,0.939878,-0.178071,4.021594,0.472981,-0.254082,3.904220,0.786159,-0.128183,4.002341,0.520089,0.326704,3.815445,0.285918,0.139183,3.839770,0.497285,0.185123,3.857224,0.377968,0.034754,3.903815
761,0.363941,-0.391866,3.812629,0.441332,-0.692643,3.746007,0.483965,-1.059028,3.611538,0.986766,-1.017397,4.025427,1.020898,-0.529365,4.046163,0.953370,-0.170258,4.017901,0.477554,-0.238971,3.902368,0.785083,-0.115167,4.001477,0.517536,0.328415,3.818777,0.286835,0.156517,3.829401,0.513090,0.440229,3.567653,0.377507,0.221520,3.737105
762,0.377310,-0.410228,3.809071,0.468786,-0.699669,3.741850,0.503397,-1.031157,3.625662,0.979713,-1.001779,4.029376,1.032856,-0.520262,4.046015,0.950570,-0.167252,4.021972,0.483765,-0.240632,3.903198,0.796364,-0.106230,3.995078,0.526384,0.318005,3.821432,0.258645,0.119805,3.856656,0.519366,0.346835,3.681072,0.359116,0.093825,3.858516
763,0.384260,-0.397058,3.807747,0.438924,-0.689548,3.741769,0.481718,-1.025283,3.627597,0.971228,-1.001902,4.034491,1.021153,-0.523754,4.049692,0.954431,-0.159429,4.017706,0.477156,-0.240730,3.903845,0.785330,-0.101190,3.996735,0.554982,0.336039,3.810613,0.259316,0.158043,3.828798,0.497960,0.337829,3.692288,0.327834,0.062884,3.889071
764,0.372421,-0.419290,3.810608,0.436489,-0.694992,3.741425,0.477251,-1.022792,3.634578,0.975383,-0.986737,4.039751,1.035300,-0.517394,4.040424,0.964043,-0.163680,4.019107,0.481449,-0.249366,3.910790,0.798696,-0.109636,4.000548,0.539814,0.308956,3.825705,0.250058,0.135050,3.839255,0.550335,0.173772,3.860687,0.374338,0.009241,3.933533
765,0.375820,-0.412085,3.807977,0.419022,-0.691529,3.737139,0.466230,-1.021152,3.633981,0.960581,-0.972166,4.036418,1.045564,-0.510369,4.045749,0.960525,-0.159399,4.020598,0.470888,-0.225426,3.904349,0.782634,-0.084949,3.994479,0.562071,0.332399,3.810485,0.254717,0.165311,3.820938,0.557264,0.225347,3.797883,0.415932,0.064023,3.870370
766,0.372851,-0.426028,3.795244,0.416160,-0.689455,3.719895,0.469035,-1.014896,3.654713,0.948682,-0.947407,4.043976,1.053349,-0.503403,4.047424,0.955313,-0.157653,4.017309,0.473245,-0.226706,3.903980,0.777275,-0.085250,3.991549,0.541506,0.310406,3.811602,0.239359,0.136832,3.834554,0.629145,0.085467,3.896593,0.432238,-0.023806,3.930862
767,0.367983,-0.426370,3.802680,0.409822,-0.672877,3.725512,0.468998,-0.983762,3.673033,0.929580,-0.913269,4.044494,1.066869,-0.470727,4.047506,0.954665,-0.141951,4.017805,0.479840,-0.201871,3.902344,0.769034,-0.061259,3.984353,0.486182,0.330300,3.803765,0.224084,0.158465,3.810518,0.651676,0.007287,3.961958,0.450317,-0.046584,3.941099
768,0.364278,-0.432116,3.800038,0.428848,-0.658436,3.722850,0.480480,-0.959788,3.677619,0.915307,-0.890532,4.049353,1.096597,-0.458398,4.033691,0.969614,-0.129940,4.012153,0.463825,-0.197316,3.899674,0.745229,-0.036601,3.980831,0.444593,0.315511,3.824037,0.213064,0.120499,3.838300,0.472815,0.336298,3.689675,0.324341,0.159581,3.799064
769,0.356995,-0.440595,3.797504,0.411224,-0.686298,3.716586,0.468105,-0.943038,3.684229,0.903239,-0.869984,4.057889,1.101809,-0.449476,4.046435,0.951350,-0.144674,4.022133,0.461450,-0.203998,3.911112,0.726242,-0.042814,3.991197,0.431627,0.298240,3.832828,0.217876,0.143314,3.829134,0.554137,0.067958,3.947687,0.400692,-0.031723,3.950627
770,0.361999,-0.439430,3.798914,0.423147,-0.672894,3.699513,0.460197,-0.924613,3.704309,0.895821,-0.857339,4.075238,1.119785,-0.447868,4.035755,0.960827,-0.156510,4.016013,0.472439,-0.223384,3.915319,0.737902,-0.065694,3.992149,0.419231,0.279444,3.827549,0.182662,0.060806,3.840159,0.545407,0.154539,3.836794,0.370587,0.021108,3.890594
771,0.348871,-0.428371,3.802569,0.409738,-0.672356,3.708011,0.453295,-0.866014,3.707499,0.892205,-0.809789,4.052366,1.143428,-0.438418,4.036597,0.970418,-0.170144,4.013707,0.477071,-0.199540,3.906259,0.741334,-0.032208,3.976924,0.394562,0.275811,3.837436,0.197330,0.122554,3.831158,0.491123,0.253880,3.761174,0.340375,0.107860,3.824064
772,0.349536,-0.433904,3.797434,0.404406,-0.667493,3.712175,0.456459,-0.892243,3.700196,0.883642,-0.797836,4.058333,1.121747,-0.459855,4.036321,0.957738,-0.196758,4.026812,0.490710,-0.214234,3.905288,0.745952,-0.051390,3.978563,0.415601,0.277769,3.831031,0.233270,0.088582,3.860318,0.557508,0.214240,3.788019,0.381660,0.048678,3.873896
773,0.363708,-0.423789,3.792050,0.418608,-0.642973,3.709048,0.456615,-0.904584,3.694933,0.886216,-0.779178,4.059375,1.119300,-0.454585,4.033848,0.955151,-0.195664,4.025350,0.481532,-0.222025,3.908385,0.755274,-0.058857,3.984512,0.387765,0.249624,3.848282,0.238497,0.066911,3.866547,0.438025,0.412440,3.582974,0.272642,0.252738,3.691643
774,0.363191,-0.420002,3.802990,0.431846,-0.632228,3.712719,0.462695,-0.904421,3.703754,0.891218,-0.781135,4.060089,1.123049,-0.452160,4.032135,0.962830,-0.177583,4.015768,0.509397,-0.216462,3.902067,0.773863,-0.070663,3.982234,0.383050,0.251685,3.849896,0.205061,0.064048,3.848004,0.520429,0.270934,3.733571,0.341392,0.127032,3.811363
775,0.358157,-0.422909,3.800780,0.427506,-0.629110,3.710105,0.452725,-0.915547,3.699621,0.883400,-0.806110,4.064925,1.108889,-0.472246,4.034811,0.958618,-0.194512,4.027071,0.498970,-0.204590,3.904002,0.759739,-0.074535,3.989654,0.394248,0.258770,3.847976,0.208712,0.091526,3.808289,0.554394,0.279123,3.724550,0.386933,0.106396,3.817599
776,0.369427,-0.420282,3.806926,0.426976,-0.641343,3.711363,0.450921,-0.912654,3.691587,0.882850,-0.803530,4.056242,1.115754,-0.476033,4.035524,0.956885,-0.192258,4.024191,0.500010,-0.208782,3.897365,0.758761,-0.074743,3.987892,0.401896,0.265019,3.843204,0.195820,0.084892,3.807517,0.544705,0.149581,3.850829,0.372892,0.021217,3.894691
777,0.364653,-0.405613,3.806025,0.407736,-0.640711,3.703331,0.445741,-0.898971,3.690298,0.879752,-0.798806,4.050353,1.105434,-0.468812,4.032737,0.951808,-0.205540,4.028668,0.504281,-0.204708,3.894930,0.769343,-0.074793,3.980625,0.390605,0.251326,3.845645,0.238404,0.132012,3.817479,0.557145,0.188113,3.807840,0.378450,0.068660,3.851516
778,0.372009,-0.407746,3.797722,0.411247,-0.631610,3.701916,0.447852,-0.901620,3.696380,0.890504,-0.780806,4.056084,1.120210,-0.461251,4.025746,0.950799,-0.203066,4.024521,0.483323,-0.228648,3.907217,0.734586,-0.081936,3.994029,0.378896,0.265406,3.844669,0.203129,0.076537,3.825095,0.453775,0.126818,3.900597,0.291134,-0.022406,3.933699
779,0.370164,-0.404761,3.797713,0.408241,-0.614628,3.702386,0.449707,-0.884678,3.699904,0.888907,-0.787017,4.050428,1.102582,-0.464917,4.036377,0.963534,-0.198416,4.029140,0.498568,-0.194732,3.898898,0.754940,-0.066099,3.982634,0.386015,0.246881,3.855710,0.228556,0.124186,3.821563,0.447776,0.395447,3.609915,0.300242,0.242779,3.701190
780,0.377484,-0.397770,3.795044,0.413278,-0.617565,3.698927,0.449083,-0.895897,3.697381,0.888055,-0.795686,4.042999,1.125492,-0.443065,4.023997,0.960707,-0.193398,4.027453,0.503490,-0.196213,3.896317,0.760978,-0.069788,3.982504,0.387852,0.265749,3.848403,0.219261,0.082515,3.823797,0.462004,0.292808,3.742415,0.306002,0.140533,3.813300
781,0.375056,-0.406715,3.796498,0.405660,-0.633301,3.688567,0.449239,-0.899257,3.692015,0.884190,-0.799433,4.040444,1.120032,-0.461698,4.024606,0.956458,-0.198038,4.022316,0.513240,-0.200106,3.892371,0.774123,-0.082565,3.980383,0.392308,0.235743,3.869488,0.246012,0.084241,3.853110,0.474238,0.347878,3.678784,0.303558,0.222668,3.725582
782,0.373603,-0.420054,3.793174,0.400527,-0.628070,3.697004,0.446422,-0.907061,3.686619,0.878523,-0.805335,4.027927,1.121297,-0.471569,4.022729,0.960787,-0.197619,4.023421,0.513455,-0.210968,3.893897,0.766152,-0.092691,3.983875,0.392332,0.233015,3.872468,0.248125,0.068007,3.865372,0.441618,0.390908,3.634810,0.277888,0.264987,3.702877
783,0.372007,-0.420305,3.795959,0.420508,-0.619646,3.685927,0.454321,-0.891182,3.687390,0.876675,-0.790456,4.026409,1.111970,-0.483886,4.033889,0.956739,-0.194858,4.027478,0.500802,-0.208898,3.894284,0.748165,-0.085698,3.984054,0.415028,0.267776,3.854526,0.253596,0.091706,3.836583,0.506505,0.315094,3.744690,0.330150,0.168447,3.796014
784,0.379537,-0.408811,3.791585,0.426036,-0.613185,3.697162,0.454512,-0.890425,3.688339,0.878519,-0.801862,4.030771,1.107021,-0.482618,4.033768,0.952606,-0.195560,4.030891,0.501343,-0.201692,3.893135,0.754251,-0.075248,3.983947,0.417775,0.259460,3.859402,0.240860,0.052318,3.868077,0.468156,0.400818,3.636486,0.306163,0.248759,3.723873
785,0.387489,-0.414316,3.796049,0.435453,-0.621248,3.693955,0.459382,-0.895182,3.691359,0.879158,-0.784833,4.023571,1.115818,-0.463822,4.018518,0.947357,-0.181771,4.020216,0.518947,-0.209300,3.897236,0.758730,-0.072838,3.981025,0.408108,0.244449,3.864531,0.235465,0.052071,3.866956,0.466259,0.377451,3.641497,0.303555,0.236189,3.733114
786,0.381133,-0.416780,3.793662,0.435736,-0.611582,3.705146,0.461700,-0.886103,3.689423,0.871321,-0.788000,4.022515,1.118337,-0.467348,4.025450,0.944270,-0.199360,4.024492,0.531880,-0.212873,3.897096,0.766406,-0.074788,3.983015,0.391136,0.226121,3.877364,0.228625,0.019596,3.881791,0.463098,0.427796,3.589261,0.303517,0.275385,3.692381
787,0.381823,-0.414842,3.797111,0.445145,-0.602569,3.700902,0.466570,-0.880237,3.692091,0.883714,-0.787168,4.020144,1.109112,-0.466709,4.024885,0.951795,-0.193462,4.018839,0.523230,-0.196501,3.899580,0.772284,-0.071790,3.983717,0.419359,0.257911,3.863862,0.234897,0.055180,3.852401,0.495125,0.462254,3.565081,0.339679,0.307322,3.678983
788,0.382943,-0.400784,3.781338,0.442895,-0.616426,3.699640,0.470900,-0.875345,3.686887,0.880282,-0.796421,4.018369,1.114942,-0.464577,4.025224,0.957934,-0.191938,4.015429,0.535968,-0.174490,3.890825,0.778726,-0.077551,3.978690,0.410159,0.237774,3.873789,0.221961,0.060526,3.848927,0.476357,0.492820,3.498371,0.316850,0.348236,3.597936
789,0.381397,-0.416437,3.795496,0.431731,-0.607369,3.694458,0.470296,-0.881998,3.686934,0.884709,-0.794816,4.017794,1.121426,-0.452410,4.021422,0.952646,-0.195637,4.018389,0.521299,-0.192117,3.894752,0.770187,-0.069300,3.980332,0.413872,0.253585,3.865259,0.220010,0.029312,3.868809,0.484440,0.479946,3.544762,0.319360,0.305939,3.649076
790,0.379167,-0.415852,3.788330,0.441137,-0.609824,3.702156,0.478496,-0.871844,3.681850,0.884685,-0.785338,4.010692,1.119551,-0.455541,4.022798,0.956324,-0.203531,4.020374,0.543881,-0.191456,3.891581,0.779474,-0.075780,3.977258,0.404659,0.229275,3.880548,0.221479,0.028967,3.868294,0.482104,0.476839,3.542950,0.315479,0.356328,3.590476
791,0.383735,-0.406701,3.793769,0.443925,-0.603262,3.696565,0.482217,-0.870985,3.686812,0.889592,-0.791045,4.006289,1.121716,-0.467462,4.022064,0.955699,-0.210204,4.020483,0.534042,-0.181927,3.890919,0.773521,-0.069198,3.977927,0.415565,0.246187,3.868012,0.236017,0.022761,3.866238,0.467104,0.472512,3.549334,0.311265,0.337531,3.619418
792,0.386403,-0.409858,3.801408,0.441533,-0.607978,3.693836,0.485300,-0.867512,3.684765,0.893307,-0.793555,4.005306,1.116668,-0.471828,4.019282,0.958061,-0.201695,4.016684,0.532822,-0.179638,3.889235,0.772003,-0.063377,3.974390,0.406561,0.238792,3.873215,0.237266,0.005745,3.878624,0.469881,0.450921,3.586974,0.320041,0.332915,3.625278
793,0.380524,-0.398803,3.798296,0.440929,-0.604624,3.701010,0.485575,-0.869165,3.683884,0.901476,-0.790250,4.008039,1.134330,-0.467812,4.015806,0.957290,-0.199665,4.015875,0.531923,-0.177891,3.887379,0.771356,-0.050051,3.967807,0.401064,0.229018,3.875195,0.232342,-0.009275,3.884684,0.469152,0.471121,3.558326,0.315471,0.325469,3.630692
794,0.378933,-0.405491,3.792814,0.443235,-0.603883,3.697185,0.486366,-0.873345,3.684028,0.900654,-0.796098,4.011950,1.130263,-0.461750,4.021513,0.951048,-0.206717,4.028194,0.519676,-0.176292,3.890253,0.763158,-0.050490,3.969032,0.386753,0.225588,3.877723,0.226825,0.026934,3.867252,0.416378,0.478957,3.552775,0.260970,0.366648,3.584687
795,0.377814,-0.401113,3.801061,0.444420,-0.604838,3.699435,0.486997,-0.887590,3.683850,0.898506,-0.797684,4.010039,1.137952,-0.462070,4.017642,0.957100,-0.191572,4.018400,0.530842,-0.196599,3.892230,0.767440,-0.063596,3.973368,0.375619,0.205744,3.888311,0.220928,-0.051353,3.898698,0.434457,0.480051,3.581723,0.278596,0.308648,3.644978
796,0.380404,-0.403740,3.788507,0.443496,-0.605553,3.695811,0.486966,-0.875127,3.689692,0.901391,-0.800975,4.011428,1.127883,-0.464868,4.019424,0.954258,-0.195665,4.018936,0.532425,-0.185550,3.888382,0.776640,-0.064441,3.972819,0.378243,0.224604,3.877815,0.220269,-0.001005,3.871095,0.459629,0.476794,3.566470,0.290102,0.353276,3.588025
797,0.384601,-0.410839,3.794139,0.445957,-0.601688,3.708669,0.487345,-0.874391,3.687475,0.906140,-0.799480,4.013475,1.130229,-0.460352,4.018762,0.960208,-0.200808,4.023427,0.520326,-0.177459,3.886182,0.766583,-0.049793,3.967961,0.383074,0.229215,3.874241,0.222114,0.024090,3.852017,0.450238,0.516493,3.527792,0.270047,0.384000,3.556397
798,0.386802,-0.403716,3.791328,0.447418,-0.601891,3.702139,0.486477,-0.880174,3.687561,0.908323,-0.793055,4.013616,1.133437,-0.457348,4.018273,0.956651,-0.200795,4.022944,0.522924,-0.192916,3.888693,0.764025,-0.065776,3.972114,0.378251,0.211037,3.885256,0.212086,-0.056081,3.895200,0.456080,0.493687,3.561090,0.287274,0.327077,3.622268
799,0.379957,-0.405609,3.792340,0.446019,-0.606948,3.696110,0.490438,-0.881210,3.686475,0.906056,-0.797042,4.016092,1.125980,-0.467636,4.021254,0.951352,-0.212668,4.024072,0.512496,-0.195250,3.887390,0.755549,-0.070552,3.973475,0.379729,0.222872,3.877444,0.216558,-0.010200,3.870130,0.462114,0.497700,3.583428,0.288180,0.331608,3.629179
800,0.375423,-0.393839,3.788478,0.441365,-0.591705,3.701785,0.479675,-0.877501,3.688653,0.909345,-0.797190,4.014643,1.124824,-0.455312,4.021575,0.952976,-0.199525,4.026266,0.504415,-0.177481,3.887519,0.761604,-0.056938,3.972841,0.385725,0.233600,3.871080,0.209978,0.036189,3.853275,0.438046,0.493747,3.583759,0.260652,0.351770,3.589003
801,0.380890,-0.404078,3.789612,0.446486,-0.607454,3.694190,0.489886,-0.882197,3.684925,0.910829,-0.810420,4.018250,1.131050,-0.465024,4.019355,0.960512,-0.197220,4.015355,0.512744,-0.194991,3.888905,0.755670,-0.082158,3.977418,0.385395,0.233731,3.871458,0.228477,0.032094,3.850333,0.452952,0.487861,3.599746,0.272514,0.337225,3.622540
802,0.383898,-0.400574,3.784378,0.442422,-0.604154,3.691743,0.486940,-0.886643,3.687848,0.909486,-0.802206,4.017766,1.127512,-0.457955,4.017858,0.956204,-0.196742,4.021776,0.509896,-0.182056,3.888692,0.758467,-0.064558,3.973634,0.387427,0.234799,3.871143,0.220451,0.014480,3.864025,0.428881,0.475324,3.595897,0.284457,0.343105,3.604851
803,0.385581,-0.402249,3.780056,0.428599,-0.612166,3.683976,0.480397,-0.898169,3.686555,0.910873,-0.812741,4.018597,1.131420,-0.467862,4.022416,0.954668,-0.206333,4.018691,0.510236,-0.201093,3.888668,0.763588,-0.079022,3.974021,0.389909,0.238858,3.868704,0.221340,0.025642,3.859257,0.437139,0.486396,3.577084,0.267646,0.328839,3.608426
804,0.380470,-0.403505,3.786850,0.420867,-0.617034,3.681763,0.478163,-0.898312,3.688175,0.912754,-0.814479,4.018931,1.134067,-0.466370,4.021394,0.960144,-0.190442,4.015521,0.514886,-0.190396,3.891328,0.765271,-0.072957,3.975360,0.391947,0.245633,3.865141,0.231423,0.060483,3.835368,0.430671,0.448874,3.617280,0.273506,0.259299,3.683783
805,0.372504,-0.403384,3.786650,0.417525,-0.617205,3.681356,0.478040,-0.897767,3.683725,0.912062,-0.810752,4.022330,1.138401,-0.468506,4.022660,0.964379,-0.189757,4.019940,0.519672,-0.193347,3.889548,0.770830,-0.065350,3.974114,0.407398,0.261028,3.857171,0.227522,0.070365,3.832445,0.475376,0.448099,3.593332,0.287988,0.269033,3.663928
806,0.372921,-0.405959,3.783978,0.406779,-0.626531,3.675557,0.480836,-0.911428,3.682746,0.912052,-0.814339,4.018508,1.135520,-0.473776,4.026359,0.966175,-0.192970,4.021934,0.521979,-0.202467,3.895489,0.775663,-0.074799,3.977774,0.403322,0.248850,3.865240,0.226303,0.027618,3.862200,0.487688,0.474763,3.576958,0.314518,0.275073,3.670075
807,0.372518,-0.422862,3.788874,0.398159,-0.648375,3.674223,0.474476,-0.929856,3.670832,0.915868,-0.824349,4.018771,1.135052,-0.477538,4.025684,0.969746,-0.190504,4.019919,0.530954,-0.199493,3.896103,0.787013,-0.076387,3.981172,0.407019,0.246308,3.865885,0.232546,0.030249,3.862405,0.495826,0.419538,3.631825,0.334009,0.239605,3.715418
808,0.383565,-0.408174,3.786026,0.412556,-0.637614,3.671996,0.473284,-0.926518,3.678160,0.907229,-0.826145,4.020644,1.127275,-0.473337,4.032037,0.968070,-0.196992,4.021880,0.525216,-0.207191,3.897843,0.779034,-0.089149,3.983920,0.405833,0.255918,3.862020,0.224801,0.078947,3.833459,0.406445,0.434480,3.612254,0.251332,0.264431,3.680710
809,0.372718,-0.418432,3.785171,0.408459,-0.637325,3.673582,0.471773,-0.920385,3.685730,0.911449,-0.823750,4.024763,1.128517,-0.467798,4.031120,0.969071,-0.191636,4.022120,0.527398,-0.192771,3.895918,0.791091,-0.084416,3.982016,0.409018,0.250569,3.862348,0.227507,0.066539,3.840259,0.496490,0.371426,3.653494,0.336883,0.218037,3.712481
810,0.377425,-0.420221,3.787861,0.402133,-0.645537,3.671901,0.471308,-0.935475,3.684234,0.909844,-0.828336,4.026397,1.120204,-0.472316,4.035818,0.970744,-0.184327,4.015574,0.513231,-0.208552,3.896335,0.784607,-0.089380,3.981201,0.408009,0.259242,3.853940,0.235787,0.074378,3.840697,0.511202,0.367578,3.679050,0.338233,0.212328,3.732681
811,0.366247,-0.408127,3.794361,0.394422,-0.630599,3.677955,0.465475,-0.906614,3.689011,0.915815,-0.817298,4.025467,1.130273,-0.466864,4.030638,0.967924,-0.185409,4.018560,0.517684,-0.190418,3.895320,0.799495,-0.074889,3.976959,0.407751,0.238108,3.871326,0.222273,0.053470,3.846064,0.466266,0.418408,3.609950,0.331416,0.286219,3.658989
812,0.373230,-0.412538,3.785495,0.394267,-0.631397,3.669640,0.470086,-0.923156,3.686813,0.914500,-0.820615,4.027009,1.121393,-0.464594,4.034995,0.966741,-0.190351,4.019750,0.519833,-0.202564,3.895839,0.786882,-0.077344,3.980594,0.415389,0.265218,3.855680,0.230070,0.069954,3.828310,0.475516,0.468411,3.556986,0.298205,0.301624,3.633827
813,0.372635,-0.412343,3.783337,0.399061,-0.641080,3.669981,0.473067,-0.918472,3.690368,0.918634,-0.821073,4.031011,1.127627,-0.466259,4.032798,0.975422,-0.191466,4.019635,0.524972,-0.195190,3.895108,0.794218,-0.086478,3.980397,0.423984,0.260069,3.858926,0.240000,0.064887,3.840251,0.553377,0.324202,3.709552,0.393152,0.181937,3.759049
814,0.364523,-0.408703,3.786880,0.411721,-0.634591,3.669446,0.479529,-0.917342,3.696050,0.914117,-0.824602,4.034822,1.130704,-0.469237,4.036337,0.970251,-0.191882,4.020638,0.526684,-0.186554,3.895248,0.795338,-0.075871,3.978361,0.429201,0.260240,3.857276,0.237143,0.063053,3.840215,0.552918,0.347091,3.713684,0.384994,0.185364,3.765113
815,0.370752,-0.396636,3.791751,0.403070,-0.621999,3.670197,0.473104,-0.902027,3.696011,0.918772,-0.829220,4.035876,1.128765,-0.466721,4.030303,0.978382,-0.178549,4.012552,0.524982,-0.200017,3.895329,0.801538,-0.087180,3.981677,0.429306,0.260302,3.855536,0.247210,0.067960,3.842737,0.516666,0.369955,3.678761,0.364040,0.197646,3.755505
816,0.368326,-0.395867,3.783226,0.404067,-0.621049,3.675152,0.471736,-0.890216,3.698211,0.921109,-0.824934,4.032741,1.127207,-0.471849,4.040636,0.976920,-0.179566,4.016525,0.515778,-0.194508,3.897210,0.794426,-0.077511,3.979563,0.428365,0.264329,3.858963,0.239125,0.100612,3.824385,0.510361,0.436509,3.623303,0.344267,0.266287,3.685187
817,0.369845,-0.384181,3.789885,0.400749,-0.610693,3.679911,0.469874,-0.874949,3.699734,0.924940,-0.826738,4.037451,1.124052,-0.478143,4.031894,0.973104,-0.188513,4.015868,0.521907,-0.184267,3.894274,0.800021,-0.071972,3.981208,0.487180,0.311584,3.827646,0.239137,0.088042,3.833886,0.497542,0.478490,3.576747,0.337015,0.338170,3.628626
818,0.370249,-0.381828,3.792289,0.418249,-0.612492,3.674094,0.474499,-0.887421,3.704205,0.926449,-0.835919,4.040714,1.128992,-0.480219,4.042776,0.974527,-0.188994,4.021505,0.537611,-0.186523,3.900696,0.817928,-0.076675,3.979646,0.456996,0.284927,3.842240,0.229723,0.097987,3.838466,0.558470,0.393778,3.684350,0.388690,0.251059,3.734859
819,0.371605,-0.388933,3.797801,0.403783,-0.617424,3.685433,0.478004,-0.884603,3.704661,0.927174,-0.846313,4.052164,1.122630,-0.488739,4.044182,0.971438,-0.190824,4.023171,0.529906,-0.193365,3.897346,0.810774,-0.085163,3.983520,0.505901,0.309762,3.813900,0.223430,0.074706,3.846437,0.498344,0.454529,3.578480,0.366684,0.325000,3.637839
820,0.376674,-0.393052,3.804083,0.424459,-0.623445,3.687158,0.482557,-0.895219,3.703611,0.929914,-0.836036,4.055374,1.125283,-0.467608,4.039458,0.976389,-0.180507,4.020640,0.526332,-0.198508,3.902727,0.808414,-0.083330,3.989414,0.467497,0.319059,3.809742,0.208840,0.101730,3.822423,0.479688,0.440113,3.600325,0.337321,0.269889,3.691124
821,0.369324,-0.392383,3.796209,0.421708,-0.633150,3.684361,0.475862,-0.909316,3.697980,0.925598,-0.847367,4.055829,1.131672,-0.472332,4.033130,0.976120,-0.176678,4.017736,0.528303,-0.195673,3.900309,0.814334,-0.083156,3.983223,0.512355,0.309020,3.819242,0.220740,0.076108,3.846248,0.507887,0.426653,3.596850,0.360452,0.269240,3.682309
822,0.373389,-0.390509,3.797520,0.420972,-0.622847,3.685773,0.475850,-0.891931,3.702553,0.929905,-0.841887,4.056958,1.127481,-0.459241,4.029675,0.972034,-0.172806,4.019503,0.531191,-0.191726,3.897506,0.810877,-0.077052,3.978655,0.493870,0.326813,3.799533,0.225292,0.097400,3.834159,0.487818,0.382799,3.653045,0.359775,0.253424,3.703533
823,0.367762,-0.380228,3.800385,0.415369,-0.610363,3.701098,0.465362,-0.889337,3.698860,0.924969,-0.848980,4.058303,1.122829,-0.460431,4.046191,0.979669,-0.169921,4.016444,0.522848,-0.182359,3.896688,0.804960,-0.080572,3.984634,0.415654,0.253048,3.860255,0.224722,0.078288,3.831677,0.507319,0.281506,3.748645,0.361439,0.134132,3.783090
824,0.368954,-0.371479,3.804697,0.408842,-0.591976,3.702245,0.462014,-0.879289,3.709192,0.928566,-0.854415,4.060642,1.118251,-0.466406,4.043180,0.975021,-0.171223,4.017193,0.526450,-0.177675,3.895571,0.815809,-0.079871,3.981187,0.429124,0.240445,3.868605,0.212434,0.084244,3.839726,0.506151,0.417261,3.621947,0.361207,0.275988,3.676605
825,0.363598,-0.387005,3.797786,0.420221,-0.598088,3.702774,0.466468,-0.891647,3.702067,0.928548,-0.855946,4.063391,1.103375,-0.471297,4.049100,0.975793,-0.171760,4.016796,0.511012,-0.182650,3.899292,0.794848,-0.068528,3.979723,0.475542,0.304787,3.829594,0.215633,0.105689,3.823193,0.508997,0.249456,3.791015,0.359120,0.081750,3.834912
826,0.362016,-0.367468,3.800724,0.403311,-0.594773,3.702681,0.463324,-0.890383,3.705129,0.938862,-0.855496,4.058134,1.084930,-0.468466,4.048338,0.970671,-0.167653,4.020028,0.519184,-0.177312,3.897303,0.811812,-0.079055,3.983246,0.474929,0.280687,3.841739,0.231263,0.096235,3.825717,0.560472,0.233708,3.795419,0.416241,0.088374,3.836165
827,0.363734,-0.394088,3.803411,0.408985,-0.616336,3.706529,0.473017,-0.909306,3.699334,0.940829,-0.858610,4.056463,1.095738,-0.455156,4.046045,0.966184,-0.161046,4.019825,0.508320,-0.194732,3.902093,0.796032,-0.073158,3.983802,0.434544,0.265005,3.854898,0.216503,0.082739,3.843222,0.444836,0.261684,3.778507,0.306619,0.116776,3.823135
828,0.355163,-0.392904,3.798825,0.393605,-0.622416,3.699149,0.464697,-0.911744,3.692137,0.947964,-0.864491,4.052412,1.096224,-0.450678,4.040428,0.967701,-0.162881,4.020275,0.510719,-0.187352,3.897546,0.812746,-0.088183,3.983469,0.474422,0.285613,3.843539,0.238234,0.109703,3.818842,0.531886,0.338207,3.678215,0.409018,0.120931,3.804360
829,0.355754,-0.368585,3.794994,0.388924,-0.609639,3.706977,0.461928,-0.911166,3.688379,0.951717,-0.879381,4.054004,1.090072,-0.460734,4.048373,0.969631,-0.165628,4.023001,0.513364,-0.178121,3.898495,0.821474,-0.084776,3.984531,0.474787,0.290625,3.837130,0.228553,0.107825,3.827222,0.490960,0.369217,3.642804,0.366175,0.172370,3.764238
830,0.363975,-0.389295,3.800525,0.405020,-0.624418,3.714401,0.476542,-0.935160,3.690708,0.960909,-0.883288,4.048766,1.083516,-0.455623,4.047277,0.968612,-0.160290,4.016545,0.515648,-0.198019,3.905111,0.818859,-0.085621,3.984901,0.494359,0.307606,3.836885,0.235147,0.117611,3.841614,0.549356,0.331788,3.714657,0.396482,0.122551,3.818373
831,0.363034,-0.389335,3.801436,0.397973,-0.627480,3.721060,0.480855,-0.938530,3.680804,0.972393,-0.887656,4.043928,1.077623,-0.461704,4.047044,0.969271,-0.157640,4.017859,0.503835,-0.211038,3.903046,0.807658,-0.097130,3.987863,0.515091,0.280913,3.852935,0.225314,0.108095,3.833378,0.478606,0.421209,3.616090,0.344066,0.156601,3.778982
832,0.370147,-0.388115,3.795494,0.392371,-0.627634,3.719176,0.476453,-0.950167,3.672628,0.963320,-0.904437,4.042492,1.063161,-0.470841,4.043314,0.974817,-0.164422,4.019400,0.506323,-0.193758,3.901227,0.802152,-0.098403,3.990326,0.502347,0.297041,3.839417,0.243495,0.128663,3.833940,0.507654,0.459587,3.572843,0.399182,0.152877,3.778205
833,0.372762,-0.386954,3.793141,0.399200,-0.627635,3.721392,0.476404,-0.966772,3.674556,0.964579,-0.927123,4.049725,1.056712,-0.483323,4.053850,0.975036,-0.165241,4.015673,0.515820,-0.203772,3.902402,0.825254,-0.114593,3.994371,0.591273,0.297449,3.827513,0.243564,0.072009,3.836986,0.704011,0.086218,3.886175,0.499416,-0.021066,3.907286
834,0.374819,-0.403971,3.793877,0.403690,-0.674631,3.720210,0.481847,-1.003081,3.649824,0.978711,-0.936961,4.035855,1.055546,-0.471607,4.044915,0.946153,-0.163873,4.020831,0.513655,-0.243046,3.906368,0.823446,-0.128037,3.994254,0.567444,0.292681,3.847810,0.249269,0.123393,3.834688,0.563311,0.190734,3.850874,0.381253,0.028708,3.867690
835,0.376162,-0.392566,3.796788,0.408223,-0.674135,3.734699,0.482708,-1.000360,3.653303,0.973786,-0.946986,4.042593,1.054526,-0.473917,4.050812,0.954787,-0.151858,4.016741,0.510330,-0.239343,3.901113,0.814100,-0.134930,3.996126,0.522691,0.286264,3.833056,0.265816,0.117487,3.832333,0.513848,0.226970,3.799206,0.347088,0.082373,3.813736
836,0.371999,-0.386102,3.793683,0.414133,-0.652139,3.741992,0.481523,-1.010372,3.640757,0.980696,-0.960354,4.043640,1.049560,-0.492273,4.053135,0.943606,-0.164305,4.019419,0.503218,-0.247200,3.903188,0.811584,-0.136044,4.000393,0.496761,0.301821,3.829431,0.276653,0.130448,3.840399,0.513735,0.162129,3.865025,0.377259,-0.014734,3.905788
837,0.375731,-0.375124,3.801958,0.400288,-0.666563,3.742358,0.477623,-1.024322,3.631091,0.993230,-0.970568,4.040954,1.044550,-0.496279,4.051544,0.942491,-0.162064,4.019227,0.489173,-0.259109,3.898972,0.809108,-0.137601,3.996078,0.535826,0.316648,3.812327,0.264884,0.147255,3.825938,0.455871,0.092203,3.939126,0.306024,-0.056628,3.949315
838,0.364543,-0.375503,3.806621,0.413820,-0.680365,3.736575,0.489402,-1.044299,3.621633,1.012546,-0.977310,4.041006,1.035163,-0.484968,4.059490,0.945102,-0.163107,4.022805,0.483244,-0.273226,3.904748,0.808279,-0.140698,4.003088,0.515802,0.311421,3.831559,0.245346,0.127254,3.829096,0.505816,0.133742,3.885682,0.339379,-0.021174,3.895083
839,0.359483,-0.373835,3.808364,0.410535,-0.693222,3.732757,0.502612,-1.051939,3.613153,1.016629,-1.014940,4.033818,1.031939,-0.510559,4.053329,0.942383,-0.166386,4.021618,0.455065,-0.291563,3.903962,0.773119,-0.148281,4.002748,0.498385,0.306362,3.833852,0.229019,0.128913,3.839431,0.383114,0.381038,3.646361,0.277876,0.182284,3.763142
840,0.374335,-0.375103,3.822058,0.439439,-0.683630,3.745162,0.520635,-1.045893,3.617169,1.031005,-1.020515,4.021965,1.022155,-0.531159,4.053093,0.943976,-0.167890,4.025362,0.455961,-0.271640,3.898450,0.773732,-0.141786,3.998283,0.526566,0.322061,3.813624,0.231491,0.139262,3.830270,0.449689,0.537576,3.436553,0.206767,0.340703,3.574502
841,0.369580,-0.377734,3.821794,0.427917,-0.693065,3.752331,0.510526,-1.051016,3.612471,1.025720,-1.032068,4.019822,1.035018,-0.537097,4.046084,0.947407,-0.171470,4.029596,0.458784,-0.272004,3.901152,0.782310,-0.147063,4.001644,0.521841,0.321186,3.826034,0.230529,0.124407,3.844095,0.433669,0.525747,3.454692,0.260850,0.289023,3.639476
842,0.372877,-0.370995,3.822796,0.457108,-0.677334,3.754973,0.513721,-1.053189,3.605253,1.038192,-1.023901,4.020918,1.039605,-0.533918,4.040996,0.941563,-0.163933,4.030462,0.454108,-0.271002,3.895333,0.770624,-0.142213,3.999435,0.522542,0.321794,3.804247,0.234911,0.148224,3.828780,0.429461,0.534561,3.444139,0.230693,0.271238,3.643681
843,0.383762,-0.369242,3.823174,0.457794,-0.680441,3.754406,0.525328,-1.056271,3.609543,1.037832,-1.028672,4.024049,1.012321,-0.543716,4.050438,0.957530,-0.161184,4.024228,0.470567,-0.291362,3.905161,0.797794,-0.155430,4.000082,0.574078,0.290500,3.858140,0.245875,0.061642,3.877890,0.450570,0.521373,3.470140,0.257026,0.322519,3.590363
844,0.362650,-0.385594,3.817483,0.451267,-0.682766,3.762300,0.528401,-1.054288,3.616043,1.039858,-1.017682,4.022260,1.027701,-0.531833,4.046759,0.953781,-0.166092,4.030370,0.466388,-0.282302,3.903566,0.789816,-0.151767,4.001242,0.565128,0.273664,3.861324,0.273288,0.117174,3.845587,0.413551,0.472010,3.552612,0.264400,0.246259,3.690415
845,0.361216,-0.383722,3.813025,0.460501,-0.678986,3.757575,0.535137,-1.049315,3.617594,1.036471,-1.017611,4.021234,1.035806,-0.531099,4.042182,0.954808,-0.161227,4.028681,0.470554,-0.288600,3.898546,0.784850,-0.157688,4.002571,0.576167,0.269955,3.863873,0.278323,0.074395,3.862096,0.426411,0.477360,3.551769,0.294168,0.318058,3.612441
846,0.375572,-0.402434,3.824908,0.487872,-0.694434,3.767400,0.533043,-1.063182,3.617975,1.041716,-1.025034,4.023826,1.015428,-0.537163,4.054325,0.954823,-0.162960,4.027940,0.498881,-0.310682,3.911281,0.818298,-0.179036,4.007625,0.594737,0.240655,3.872368,0.255669,0.033874,3.884202,0.481723,0.503953,3.501276,0.271308,0.322006,3.608012
847,0.369158,-0.395565,3.816322,0.475479,-0.685921,3.765815,0.530059,-1.063730,3.623670,1.048389,-1.022742,4.022422,1.037776,-0.537427,4.042892,0.956126,-0.166226,4.025193,0.501167,-0.310018,3.912277,0.815823,-0.186261,4.006875,0.531698,0.231728,3.887368,0.281430,0.086416,3.862880,0.328399,0.405798,3.641651,0.406296,0.299237,3.643554
848,0.374023,-0.378524,3.810064,0.464796,-0.674755,3.762434,0.526072,-1.052854,3.620798,1.041445,-1.029948,4.021992,1.027837,-0.551052,4.047053,0.953784,-0.175203,4.025451,0.501044,-0.301079,3.906370,0.820862,-0.192661,4.005560,0.570260,0.259080,3.856879,0.281028,0.100140,3.838802,0.452529,0.401661,3.628144,0.373613,0.234489,3.686396
849,0.377333,-0.396035,3.818008,0.468464,-0.683682,3.753174,0.525166,-1.060446,3.612098,1.040991,-1.033895,4.016888,1.012802,-0.545680,4.047353,0.950107,-0.186681,4.023930,0.519206,-0.313091,3.900935,0.837580,-0.202296,4.002108,0.655776,0.237592,3.867579,0.295196,0.074451,3.850748,0.557176,0.439615,3.596332,0.398313,0.221284,3.713008
850,0.368370,-0.385735,3.805350,0.471231,-0.675171,3.754551,0.521899,-1.045859,3.613110,1.032012,-1.039934,4.017069,1.006441,-0.556146,4.052304,0.940218,-0.191971,4.024922,0.525664,-0.319515,3.899544,0.832813,-0.218054,4.005645,0.520003,0.255758,3.861603,0.298172,0.083203,3.856053,0.459827,0.443106,3.586002,0.399551,0.233782,3.683981
851,0.355230,-0.389391,3.806844,0.464011,-0.683503,3.758045,0.519547,-1.064137,3.609382,1.030187,-1.039303,4.014137,1.012343,-0.559201,4.051916,0.939421,-0.198474,4.032141,0.508643,-0.330802,3.907029,0.817626,-0.217170,4.005815,0.508021,0.252990,3.868092,0.296867,0.058504,3.869068,0.460824,0.383978,3.675872,0.344788,0.164353,3.752218
852,0.374879,-0.401691,3.800831,0.482166,-0.684835,3.752892,0.529058,-1.064050,3.612996,1.032724,-1.037136,4.015406,1.000499,-0.561486,4.052909,0.946374,-0.189612,4.028350,0.519275,-0.323009,3.901245,0.817366,-0.220641,4.006965,0.539136,0.259483,3.852227,0.302524,0.062264,3.864393,0.454587,0.423888,3.631837,0.361928,0.292889,3.656146
853,0.369803,-0.384513,3.806431,0.483709,-0.664180,3.763703,0.528377,-1.053448,3.617456,1.028415,-1.034186,4.014088,1.009122,-0.555061,4.053273,0.936622,-0.187227,4.032309,0.510875,-0.324546,3.904049,0.807734,-0.209105,4.006510,0.521873,0.253381,3.865878,0.286504,0.044819,3.879495,0.350364,0.379736,3.654245,0.336507,0.274445,3.658220
854,0.374273,-0.389092,3.810451,0.477123,-0.674049,3.758328,0.519509,-1.059786,3.616118,1.036679,-1.022040,4.012388,1.021429,-0.548644,4.048061,0.948712,-0.185570,4.028466,0.517439,-0.330203,3.905905,0.819579,-0.217844,4.008301,0.516047,0.235284,3.873957,0.295951,0.044445,3.880569,0.398837,0.419880,3.610494,0.372726,0.308037,3.620972
855,0.361396,-0.397255,3.807005,0.473783,-0.680197,3.758111,0.519038,-1.066511,3.613321,1.028161,-1.042751,4.013797,1.008782,-0.564876,4.052843,0.958113,-0.188456,4.029253,0.515065,-0.334506,3.908074,0.820186,-0.221538,4.010047,0.508503,0.226964,3.880743,0.295369,0.034726,3.886186,0.381883,0.431032,3.609126,0.378098,0.333019,3.610107
856,0.364173,-0.398140,3.810324,0.483443,-0.687355,3.756088,0.520541,-1.071665,3.614339,1.031781,-1.039212,4.012335,1.006043,-0.564327,4.055285,0.953160,-0.186462,4.025793,0.524419,-0.335784,3.912375,0.823557,-0.222632,4.011855,0.527458,0.246346,3.870634,0.303865,0.053752,3.876556,0.443889,0.459428,3.576307,0.350864,0.318488,3.608837
857,0.368514,-0.397741,3.812147,0.479313,-0.680938,3.754563,0.519337,-1.060215,3.619066,1.037901,-1.029214,4.010708,1.012179,-0.556173,4.050252,0.943120,-0.188912,4.024756,0.530028,-0.324471,3.904012,0.835064,-0.216330,4.007657,0.558808,0.261014,3.855541,0.316162,0.060428,3.867646,0.473816,0.466597,3.539696,0.366304,0.360733,3.578366
858,0.370985,-0.391728,3.805124,0.479406,-0.662875,3.753430,0.523290,-1.054319,3.616367,1.030498,-1.027901,4.010026,1.009726,-0.561209,4.048840,0.951006,-0.194941,4.028272,0.527919,-0.322435,3.901193,0.833081,-0.221077,4.006257,0.561859,0.259621,3.860507,0.323299,0.074924,3.867413,0.494928,0.450079,3.548747,0.364507,0.360912,3.553726
859,0.364784,-0.393962,3.808216,0.465323,-0.681428,3.750553,0.526844,-1.048782,3.618758,1.036407,-1.027048,4.011865,1.013223,-0.563203,4.048958,0.956477,-0.186328,4.024114,0.526275,-0.324318,3.902683,0.826205,-0.221410,4.007264,0.544285,0.236066,3.873669,0.315684,0.063102,3.860072,0.455510,0.449665,3.557584,0.343324,0.346132,3.575700
860,0.365563,-0.389350,3.805231,0.479648,-0.673868,3.749978,0.525734,-1.059030,3.615557,1.035533,-1.024894,4.008213,1.008680,-0.561998,4.047564,0.952925,-0.196016,4.025058,0.528334,-0.329199,3.901481,0.825484,-0.225496,4.007237,0.535930,0.225974,3.885100,0.306797,0.046614,3.872151,0.461125,0.457156,3.552053,0.357651,0.350209,3.578171
861,0.367870,-0.388267,3.807932,0.479801,-0.672451,3.754589,0.527974,-1.057989,3.617198,1.032259,-1.033632,4.015427,1.011098,-0.557599,4.057193,0.955197,-0.193263,4.029352,0.518475,-0.330262,3.904509,0.817447,-0.230221,4.013021,0.540175,0.211155,3.895313,0.306740,0.059201,3.874690,0.485749,0.471684,3.520916,0.360150,0.348000,3.576485
862,0.366907,-0.395307,3.807857,0.473572,-0.684632,3.752624,0.525555,-1.061094,3.614925,1.030534,-1.024295,4.010927,1.009328,-0.564390,4.056598,0.957132,-0.192132,4.028330,0.517917,-0.344918,3.907620,0.817968,-0.233597,4.013917,0.530099,0.208221,3.902253,0.298503,-0.001305,3.895329,0.439210,0.468741,3.542608,0.339125,0.361553,3.575589
863,0.370758,-0.378481,3.810775,0.466874,-0.673118,3.749394,0.522729,-1.063632,3.613916,1.030960,-1.033777,4.013264,1.006536,-0.560303,4.055513,0.948462,-0.185780,4.031102,0.515139,-0.344331,3.906919,0.818318,-0.232688,4.013914,0.555455,0.215755,3.892566,0.289812,-0.008838,3.889129,0.482751,0.424694,3.590702,0.338899,0.343222,3.595258
864,0.371771,-0.382918,3.805469,0.474840,-0.664849,3.753654,0.530097,-1.066524,3.614725,1.033949,-1.032392,4.011484,1.006335,-0.556386,4.051116,0.949153,-0.184553,4.027134,0.523038,-0.331812,3.902667,0.824766,-0.220164,4.009120,0.568340,0.231191,3.880744,0.289718,-0.014041,3.890337,0.471627,0.471266,3.565544,0.336866,0.359158,3.584517
865,0.371048,-0.388086,3.802958,0.483342,-0.666546,3.750683,0.535173,-1.061161,3.618893,1.031983,-1.026592,4.013026,1.000251,-0.552800,4.057119,0.950180,-0.181974,4.029437,0.515636,-0.331831,3.904663,0.814434,-0.215005,4.008204,0.566766,0.229759,3.886379,0.284255,0.005095,3.880547,0.474507,0.472494,3.550388,0.319169,0.381939,3.563353
866,0.373267,-0.394740,3.807888,0.486398,-0.664935,3.752122,0.530063,-1.053925,3.618708,1.027513,-1.030502,4.013988,1.010052,-0.558424,4.054186,0.955046,-0.187075,4.027379,0.522691,-0.330868,3.901248,0.817313,-0.221284,4.008733,0.559173,0.230510,3.883524,0.289999,-0.001219,3.886166,0.462998,0.480505,3.552742,0.345394,0.357814,3.575552
867,0.372241,-0.382039,3.803078,0.477971,-0.662129,3.748911,0.531965,-1.055686,3.618005,1.035043,-1.017340,4.014850,1.000488,-0.545901,4.056746,0.950822,-0.176023,4.030326,0.515464,-0.332120,3.910826,0.810100,-0.216453,4.010194,0.562322,0.232447,3.886081,0.286470,0.004547,3.886940,0.469385,0.453170,3.577063,0.346665,0.360995,3.598449
868,0.370294,-0.401514,3.808069,0.475980,-0.694010,3.752549,0.533067,-1.059359,3.620804,1.034343,-1.022712,4.013542,1.014623,-0.553795,4.049693,0.947792,-0.193095,4.027167,0.527571,-0.323949,3.904723,0.822228,-0.212210,4.006043,0.579487,0.243077,3.874157,0.288864,-0.006293,3.886387,0.489575,0.468808,3.578902,0.358228,0.338027,3.601033
869,0.372854,-0.381663,3.812058,0.468025,-0.678552,3.751028,0.523240,-1.063553,3.612766,1.024958,-1.035436,4.011746,1.006751,-0.559594,4.050801,0.945729,-0.189197,4.025208,0.525023,-0.322146,3.903745,0.822809,-0.211122,4.004663,0.568645,0.244357,3.874568,0.283333,0.001145,3.888722,0.513037,0.461818,3.598017,0.357179,0.342416,3.595858
870,0.365601,-0.386572,3.809447,0.462279,-0.674040,3.749199,0.517594,-1.060219,3.611206,1.032621,-1.021178,4.012831,0.999640,-0.558160,4.057529,0.954346,-0.185272,4.031466,0.514780,-0.321860,3.906071,0.813644,-0.212663,4.008561,0.577878,0.249127,3.875155,0.282893,0.025785,3.877535,0.492487,0.445281,3.593814,0.352589,0.343211,3.595617
871,0.371609,-0.401833,3.808309,0.466407,-0.683293,3.745661,0.522371,-1.060121,3.610096,1.026478,-1.028220,4.014800,1.005318,-0.564053,4.053080,0.944349,-0.187497,4.027722,0.516753,-0.316903,3.905273,0.815392,-0.209526,4.008172,0.559373,0.245683,3.872463,0.288144,0.009762,3.895125,0.459498,0.474301,3.562085,0.341313,0.359531,3.571758
872,0.368597,-0.390537,3.802691,0.465130,-0.678064,3.742470,0.521093,-1.060625,3.609388,1.032275,-1.026189,4.012115,1.010372,-0.542563,4.050203,0.944154,-0.184600,4.025204,0.520160,-0.312059,3.905888,0.824759,-0.209683,4.006768,0.543706,0.245285,3.883396,0.290892,0.023238,3.889977,0.504201,0.501774,3.579386,0.376759,0.378319,3.584102
873,0.370859,-0.398646,3.808666,0.460688,-0.696139,3.742950,0.514960,-1.064124,3.606146,1.025584,-1.025235,4.013376,1.008318,-0.546769,4.050841,0.948416,-0.182038,4.024941,0.513082,-0.317506,3.903173,0.819867,-0.215700,4.008183,0.524523,0.246892,3.879143,0.316662,0.061823,3.865736,0.513836,0.396718,3.677747,0.382758,0.219913,3.708565
874,0.374384,-0.395249,3.808334,0.480663,-0.678902,3.742308,0.525530,-1.057601,3.607704,1.018718,-1.028936,4.012505,0.999938,-0.543527,4.050375,0.952556,-0.181579,4.024740,0.512077,-0.315218,3.902370,0.813900,-0.214039,4.005548,0.529219,0.247866,3.878735,0.307654,0.063432,3.868448,0.454552,0.412272,3.647831,0.370479,0.278662,3.660516
875,0.370301,-0.395118,3.794346,0.464506,-0.684112,3.734083,0.510722,-1.057408,3.606308,1.017412,-1.026482,4.010020,1.002043,-0.543653,4.053743,0.949151,-0.185893,4.028730,0.502940,-0.314921,3.908503,0.808331,-0.210048,4.008423,0.535944,0.257227,3.869082,0.320492,0.095189,3.851588,0.443533,0.348943,3.706361,0.370903,0.169252,3.752433
876,0.370511,-0.399400,3.808299,0.456792,-0.686653,3.736494,0.501202,-1.056882,3.604532,1.020399,-1.030797,4.008834,1.009777,-0.542327,4.057005,0.950800,-0.175406,4.022578,0.509044,-0.314139,3.911994,0.817073,-0.206841,4.008256,0.535568,0.270695,3.850970,0.312300,0.093456,3.851186,0.511304,0.354764,3.735671,0.397596,0.144546,3.779746
877,0.381856,-0.375063,3.802030,0.448958,-0.692010,3.730636,0.494816,-1.054928,3.602737,1.013263,-1.025205,4.011004,1.008763,-0.546039,4.052941,0.951858,-0.187310,4.020719,0.507056,-0.305384,3.908604,0.815838,-0.195061,4.005949,0.518043,0.258446,3.862085,0.311765,0.089331,3.861669,0.429155,0.435107,3.687163,0.441290,0.276844,3.700522
878,0.379867,-0.382732,3.803795,0.444037,-0.682063,3.738013,0.490954,-1.050695,3.605041,1.008473,-1.029695,4.009591,1.016653,-0.544595,4.040698,0.947212,-0.188137,4.018717,0.511635,-0.297294,3.909380,0.821982,-0.190838,4.004916,0.499980,0.261777,3.865428,0.314043,0.112550,3.851957,0.446257,0.289167,3.794713,0.443486,0.157786,3.777520
879,0.371825,-0.387438,3.800137,0.432738,-0.695322,3.739188,0.481045,-1.059068,3.596322,1.004076,-1.032032,4.009117,1.010492,-0.546226,4.046388,0.939851,-0.191504,4.020549,0.506773,-0.299512,3.905916,0.817707,-0.189063,4.003714,0.501668,0.254637,3.867025,0.317520,0.091036,3.862351,0.502287,0.324374,3.738697,0.427435,0.024123,3.872959
880,0.378753,-0.375086,3.800299,0.429207,-0.698905,3.742314,0.473209,-1.058942,3.607847,1.001414,-1.018750,4.006912,1.025535,-0.535173,4.045532,0.944622,-0.187428,4.021155,0.489241,-0.295335,3.911164,0.811744,-0.177718,4.004410,0.522660,0.259249,3.869136,0.307875,0.100446,3.848505,0.466562,0.362722,3.697546,0.410401,0.180298,3.751841
881,0.379607,-0.395876,3.804839,0.428773,-0.701732,3.741480,0.476449,-1.056662,3.617238,0.982891,-1.013943,4.007416,0.998010,-0.535080,4.040886,0.943177,-0.181621,4.021737,0.493735,-0.272375,3.904996,0.803668,-0.156284,3.996263,0.539793,0.289803,3.844736,0.302693,0.096429,3.855525,0.484733,0.510740,3.536979,0.403772,0.114710,3.823800
882,0.375082,-0.390328,3.808627,0.411967,-0.678720,3.725543,0.467835,-1.036404,3.626384,0.979832,-1.002392,4.009358,1.006780,-0.532311,4.044255,0.940239,-0.178307,4.026967,0.473410,-0.266195,3.903834,0.786565,-0.139874,3.996562,0.544372,0.305877,3.828730,0.300681,0.154535,3.818945,0.418117,0.395850,3.647209,0.371438,0.115539,3.820644
883,0.374930,-0.391366,3.799196,0.410910,-0.681185,3.724954,0.468309,-1.041409,3.634073,0.962927,-0.992840,4.021719,1.006135,-0.541094,4.056854,0.954803,-0.179160,4.024912,0.481155,-0.280675,3.907042,0.795568,-0.163345,4.002483,0.530106,0.296174,3.834224,0.295362,0.105789,3.837034,0.542519,0.051193,3.970527,0.387357,-0.043677,3.951618
884,0.373392,-0.410029,3.806404,0.410225,-0.687132,3.714395,0.469042,-1.036207,3.651037,0.953154,-0.957085,4.020392,1.006362,-0.504846,4.057613,0.950472,-0.165070,4.026013,0.479823,-0.238632,3.907459,0.785302,-0.125311,3.995150,0.502225,0.305153,3.829649,0.290226,0.134479,3.832089,0.492105,0.365387,3.666881,0.397457,0.010261,3.913772
885,0.363615,-0.409162,3.778121,0.397300,-0.669784,3.689379,0.460321,-1.014127,3.656251,0.938998,-0.877956,4.023935,1.036480,-0.477448,4.050630,0.962388,-0.156823,4.015340,0.498337,-0.212592,3.898481,0.798225,-0.114878,3.984295,0.469513,0.302375,3.826500,0.270144,0.122758,3.821686,0.576269,0.291776,3.751867,0.437203,-0.032645,3.923404
886,0.371499,-0.422876,3.788617,0.400962,-0.668197,3.696867,0.462924,-1.003010,3.667084,0.916918,-0.841145,4.023860,1.037757,-0.458732,4.039160,0.956266,-0.154797,4.014555,0.488724,-0.201420,3.897797,0.761612,-0.084062,3.983016,0.473964,0.307652,3.832294,0.266191,0.132608,3.814982,0.600015,0.200364,3.848439,0.423262,0.015093,3.900085
887,0.372940,-0.417942,3.790160,0.396383,-0.664628,3.675072,0.455852,-0.996345,3.667941,0.919535,-0.857236,4.030305,1.035221,-0.459367,4.045029,0.958673,-0.155023,4.015768,0.487686,-0.207130,3.896916,0.773708,-0.101970,3.986589,0.462983,0.291965,3.841701,0.254692,0.136207,3.812162,0.534031,0.388213,3.657227,0.369036,0.154445,3.774538
888,0.362770,-0.414842,3.796682,0.387280,-0.641631,3.680658,0.448395,-0.951566,3.677716,0.912741,-0.818446,4.032600,1.059703,-0.454595,4.036496,0.951576,-0.171554,4.022051,0.466185,-0.206547,3.894264,0.744490,-0.088458,3.985130,0.441102,0.282674,3.847301,0.256961,0.152655,3.803828,0.463174,0.186266,3.837106,0.347102,0.042946,3.868915
889,0.366234,-0.425414,3.793323,0.379603,-0.637034,3.684026,0.446346,-0.926070,3.685157,0.904201,-0.790704,4.032057,1.083242,-0.449165,4.031012,0.957165,-0.154846,4.017487,0.458431,-0.197709,3.898902,0.734316,-0.050795,3.975674,0.429953,0.282124,3.846461,0.225781,0.134228,3.831392,0.403704,0.376378,3.657529,0.279865,0.212917,3.741183
890,0.360967,-0.424908,3.785085,0.385103,-0.628665,3.678656,0.450974,-0.918899,3.686536,0.904270,-0.774971,4.035812,1.104069,-0.448883,4.025099,0.962052,-0.175067,4.016583,0.492483,-0.177312,3.897202,0.759171,-0.055004,3.978429,0.442711,0.294869,3.837584,0.249526,0.130311,3.821046,0.546804,0.319525,3.719172,0.396854,0.089228,3.853069
891,0.368047,-0.418523,3.789616,0.390921,-0.638693,3.682612,0.453902,-0.919028,3.688150,0.905368,-0.765765,4.030075,1.115099,-0.444440,4.016703,0.963007,-0.194074,4.018012,0.502681,-0.203299,3.897862,0.776558,-0.077886,3.973440,0.501439,0.312024,3.824057,0.247121,0.125403,3.827759,0.517278,0.353795,3.704749,0.356976,0.174316,3.766267
892,0.361805,-0.410944,3.792390,0.383837,-0.627938,3.684602,0.446753,-0.919295,3.690797,0.909080,-0.780132,4.034092,1.092406,-0.451854,4.022287,0.962917,-0.200517,4.019604,0.494107,-0.205882,3.898231,0.778699,-0.086652,3.977966,0.461499,0.271191,3.854709,0.242534,0.084850,3.836291,0.461527,0.452873,3.579497,0.312231,0.214943,3.730331
893,0.368426,-0.406599,3.796990,0.389082,-0.619608,3.689550,0.443239,-0.902939,3.692706,0.907616,-0.785625,4.036238,1.095537,-0.441398,4.024219,0.962369,-0.194208,4.021348,0.495743,-0.200261,3.897204,0.773559,-0.084705,3.978213,0.443732,0.270065,3.855729,0.226963,0.104946,3.826626,0.451446,0.535793,3.501266,0.298427,0.298853,3.654789
894,0.371638,-0.396267,3.792825,0.379304,-0.605388,3.696824,0.451919,-0.893753,3.694603,0.914438,-0.796815,4.036102,1.100797,-0.452030,4.023492,0.948556,-0.203716,4.022735,0.498829,-0.195747,3.894897,0.777801,-0.083296,3.976604,0.425034,0.246755,3.869178,0.252136,0.109186,3.826128,0.406503,0.531250,3.537489,0.272847,0.394352,3.573892
895,0.377444,-0.395477,3.794791,0.383359,-0.607878,3.692618,0.451115,-0.901010,3.699590,0.917074,-0.784725,4.034049,1.102754,-0.430634,4.017413,0.959032,-0.193760,4.021256,0.485410,-0.195293,3.895403,0.756998,-0.070611,3.977175,0.415805,0.254260,3.865139,0.257213,0.115601,3.834172,0.416853,0.454282,3.600356,0.277355,0.294033,3.655613
896,0.372068,-0.407176,3.790174,0.403131,-0.605311,3.698278,0.461960,-0.878355,3.702507,0.917487,-0.775304,4.034968,1.109013,-0.440880,4.017253,0.952687,-0.204690,4.023262,0.493803,-0.190469,3.894094,0.759930,-0.067411,3.977395,0.479375,0.302635,3.833616,0.255713,0.116892,3.823764,0.450250,0.426190,3.629418,0.309551,0.251112,3.708569
897,0.376627,-0.412386,3.792642,0.417111,-0.617052,3.694690,0.479563,-0.869863,3.707687,0.920987,-0.770374,4.037396,1.110506,-0.445858,4.023224,0.951276,-0.209798,4.021491,0.499434,-0.195396,3.891276,0.757255,-0.073475,3.976481,0.439517,0.257702,3.859984,0.246598,0.112568,3.842967,0.441151,0.470374,3.604175,0.287796,0.274081,3.690198
898,0.381920,-0.412515,3.792909,0.426871,-0.611015,3.699140,0.482169,-0.853488,3.712399,0.930362,-0.766386,4.031315,1.119520,-0.426011,4.020334,0.959574,-0.203641,4.027060,0.506871,-0.179574,3.896133,0.773714,-0.059101,3.973664,0.422540,0.253332,3.864491,0.241823,0.080566,3.844911,0.465774,0.471504,3.615114,0.321608,0.285509,3.690802
899,0.380184,-0.399767,3.799963,0.432938,-0.610330,3.701988,0.488679,-0.866868,3.710552,0.936063,-0.771962,4.027416,1.126503,-0.430661,4.016921,0.957205,-0.198975,4.021331,0.506371,-0.179286,3.891437,0.768179,-0.057533,3.970136,0.421257,0.255019,3.865643,0.231627,0.070156,3.855568,0.460485,0.490677,3.600999,0.314399,0.363935,3.600815
900,0.373974,-0.406199,3.804514,0.416920,-0.603448,3.700302,0.486958,-0.859532,3.711827,0.944261,-0.768296,4.030855,1.125927,-0.438436,4.022076,0.958339,-0.212690,4.027514,0.494244,-0.184711,3.896248,0.757607,-0.055913,3.977224,0.419885,0.244788,3.867455,0.242530,0.082916,3.855485,0.426914,0.451846,3.610620,0.273874,0.320391,3.644275
901,0.382299,-0.396131,3.798894,0.432144,-0.592220,3.707621,0.486674,-0.864705,3.714219,0.939204,-0.775922,4.033515,1.131994,-0.441738,4.019467,0.968470,-0.206668,4.022646,0.508648,-0.170597,3.894694,0.775897,-0.049289,3.970771,0.419830,0.250296,3.866552,0.247683,0.102812,3.834911,0.444778,0.549830,3.563191,0.287720,0.395540,3.601303
902,0.380307,-0.406403,3.800646,0.427108,-0.598988,3.702790,0.491748,-0.865125,3.715345,0.946857,-0.769110,4.033770,1.130283,-0.426762,4.021813,0.964896,-0.208251,4.019304,0.513312,-0.175428,3.890006,0.780541,-0.055797,3.971699,0.427431,0.255268,3.863784,0.243623,0.074143,3.851967,0.476824,0.472129,3.634816,0.325613,0.371729,3.624259
903,0.384264,-0.402218,3.793674,0.432802,-0.602849,3.703007,0.500398,-0.858552,3.723043,0.937391,-0.774186,4.039285,1.121657,-0.431011,4.025787,0.957375,-0.208379,4.026175,0.507864,-0.185227,3.893542,0.764055,-0.061593,3.973571,0.413624,0.230579,3.881599,0.223932,0.045041,3.863801,0.437947,0.461537,3.631540,0.266057,0.339302,3.621745
904,0.380131,-0.398264,3.803104,0.441004,-0.611263,3.705472,0.506667,-0.849961,3.722686,0.941530,-0.771457,4.041252,1.127059,-0.429387,4.018620,0.959737,-0.192397,4.021739,0.504816,-0.177863,3.894646,0.758288,-0.046862,3.973596,0.415976,0.246425,3.868334,0.229405,0.085188,3.853432,0.449921,0.487276,3.586972,0.289496,0.343365,3.629896
905,0.382553,-0.399537,3.804243,0.442145,-0.612641,3.704479,0.506340,-0.860296,3.720120,0.944580,-0.762832,4.036280,1.123987,-0.427034,4.026295,0.959485,-0.195481,4.020640,0.513453,-0.179964,3.888871,0.775267,-0.057932,3.973552,0.419081,0.239106,3.873837,0.240334,0.066709,3.858411,0.451589,0.514219,3.582048,0.304192,0.367073,3.633315
906,0.379822,-0.398405,3.789828,0.439392,-0.598046,3.704511,0.503039,-0.853760,3.721796,0.942906,-0.776124,4.037306,1.125613,-0.432445,4.024678,0.969608,-0.197962,4.020854,0.520910,-0.168311,3.890369,0.787451,-0.057173,3.970955,0.429278,0.236386,3.879448,0.230348,0.053511,3.866821,0.471203,0.500220,3.586674,0.322243,0.370445,3.624969
907,0.376587,-0.418081,3.796371,0.427343,-0.619697,3.701884,0.498952,-0.871242,3.717490,0.940751,-0.780667,4.041396,1.143238,-0.429596,4.019990,0.971446,-0.204949,4.021832,0.515996,-0.171276,3.892183,0.786978,-0.064551,3.975410,0.433440,0.248917,3.872520,0.239359,0.088103,3.848335,0.458290,0.472314,3.605453,0.323646,0.334037,3.628413
908,0.375117,-0.415531,3.804220,0.426640,-0.606964,3.694251,0.496949,-0.873495,3.720789,0.951358,-0.777342,4.039078,1.132908,-0.431965,4.024064,0.970346,-0.203168,4.022979,0.515307,-0.172998,3.891936,0.793875,-0.064232,3.974068,0.447251,0.258699,3.857989,0.252307,0.079560,3.855001,0.475033,0.524106,3.564612,0.359091,0.409723,3.604466
909,0.376423,-0.413840,3.795417,0.427030,-0.616284,3.701587,0.500535,-0.868788,3.716558,0.950254,-0.771885,4.036417,1.140337,-0.423275,4.017700,0.973910,-0.186870,4.010985,0.513559,-0.164147,3.889179,0.787694,-0.051304,3.967544,0.440420,0.265244,3.857964,0.234436,0.094393,3.839804,0.495233,0.546764,3.577740,0.360490,0.379377,3.631814
910,0.377783,-0.413267,3.797128,0.424760,-0.617379,3.698790,0.497263,-0.881800,3.715431,0.945440,-0.769547,4.034406,1.129697,-0.427542,4.019991,0.964825,-0.202259,4.021921,0.510159,-0.181953,3.889045,0.774270,-0.062610,3.970284,0.432913,0.253434,3.866698,0.239475,0.070245,3.853710,0.482148,0.451243,3.658691,0.333485,0.331699,3.654996
911,0.381557,-0.408522,3.790283,0.427770,-0.608273,3.694255,0.498613,-0.867262,3.717398,0.943058,-0.775789,4.037587,1.124667,-0.437249,4.024445,0.958887,-0.208286,4.024377,0.512522,-0.176503,3.889787,0.778153,-0.066554,3.973032,0.420507,0.240530,3.869937,0.236952,0.085409,3.844723,0.472069,0.524856,3.601389,0.328386,0.398403,3.602669
912,0.372737,-0.421447,3.796296,0.415067,-0.618820,3.694849,0.496080,-0.866531,3.718627,0.946797,-0.770805,4.037167,1.125260,-0.436427,4.027083,0.968223,-0.209213,4.023839,0.502291,-0.175259,3.887530,0.778080,-0.065888,3.972961,0.402231,0.235286,3.874681,0.230768,0.079355,3.843924,0.416148,0.460825,3.593173,0.288364,0.325486,3.616171
913,0.376679,-0.418167,3.781953,0.417994,-0.609610,3.690948,0.493335,-0.861759,3.722705,0.941104,-0.775634,4.040342,1.118495,-0.434484,4.027791,0.963074,-0.202775,4.023708,0.505918,-0.169086,3.886182,0.776800,-0.056500,3.972466,0.408186,0.236858,3.875000,0.232774,0.051161,3.858666,0.428201,0.523578,3.548309,0.302405,0.353037,3.601212
914,0.371963,-0.434934,3.798228,0.409385,-0.636008,3.697020,0.498369,-0.874687,3.720157,0.951716,-0.764382,4.036017,1.126940,-0.428602,4.023183,0.961704,-0.201039,4.023129,0.506248,-0.170311,3.885858,0.772661,-0.053662,3.970306,0.420485,0.247556,3.866364,0.237847,0.079483,3.843578,0.442628,0.499360,3.564709,0.311447,0.369584,3.590286
915,0.373807,-0.421158,3.789751,0.412530,-0.613110,3.690398,0.494638,-0.865489,3.720185,0.946496,-0.770347,4.039557,1.130979,-0.426403,4.021690,0.963359,-0.197969,4.025620,0.508815,-0.172746,3.887301,0.779947,-0.058232,3.971557,0.416046,0.234628,3.878439,0.235436,0.042820,3.868517,0.459286,0.502665,3.566362,0.320129,0.367139,3.590286
916,0.375284,-0.422955,3.784604,0.403674,-0.640377,3.685019,0.499079,-0.886831,3.720091,0.952512,-0.766626,4.041621,1.140005,-0.424198,4.022535,0.957797,-0.199266,4.024170,0.502339,-0.177798,3.890408,0.775901,-0.054165,3.970966,0.425834,0.254829,3.862754,0.222963,0.075373,3.849523,0.441085,0.488503,3.552032,0.312304,0.357019,3.595694
917,0.379510,-0.430640,3.786716,0.410759,-0.648370,3.680362,0.504204,-0.896789,3.717591,0.943034,-0.776344,4.045921,1.139446,-0.430594,4.023263,0.964948,-0.197043,4.025522,0.509792,-0.190350,3.892272,0.764682,-0.061308,3.974260,0.425871,0.255000,3.860811,0.244307,0.051178,3.862934,0.469976,0.515910,3.534116,0.327350,0.339974,3.637001
918,0.367780,-0.429775,3.784497,0.410656,-0.639766,3.685146,0.494294,-0.890772,3.715050,0.945056,-0.765785,4.041391,1.130386,-0.428193,4.026092,0.967669,-0.192660,4.024696,0.505369,-0.183742,3.890955,0.770799,-0.055707,3.971275,0.418418,0.241795,3.870191,0.238044,0.058857,3.852869,0.444537,0.509098,3.557863,0.328832,0.359122,3.618963
919,0.367605,-0.427025,3.792385,0.402857,-0.620453,3.692372,0.487663,-0.872891,3.711794,0.937611,-0.773515,4.039016,1.122959,-0.445131,4.023173,0.958875,-0.199245,4.023674,0.499969,-0.183036,3.889766,0.761577,-0.066403,3.977111,0.413551,0.245748,3.867848,0.238376,0.074679,3.856031,0.425625,0.456581,3.577162,0.316488,0.316894,3.639723
920,0.373000,-0.408756,3.792975,0.405750,-0.612745,3.688980,0.482625,-0.885949,3.715404,0.934482,-0.781899,4.047787,1.122622,-0.447374,4.031377,0.957803,-0.202617,4.028149,0.490154,-0.191225,3.898411,0.751758,-0.069092,3.985568,0.408644,0.238135,3.874109,0.243066,0.076494,3.859470,0.430825,0.467267,3.574011,0.308380,0.317679,3.642950
921,0.379406,-0.405284,3.788828,0.401606,-0.614421,3.692246,0.485040,-0.891072,3.715245,0.934815,-0.784795,4.043462,1.135291,-0.444374,4.026925,0.968629,-0.202261,4.022307,0.509676,-0.174937,3.888435,0.778972,-0.059281,3.975164,0.413464,0.251679,3.862028,0.240919,0.092973,3.832323,0.460647,0.545019,3.537657,0.329209,0.396153,3.585277
922,0.378653,-0.410786,3.786736,0.403877,-0.618839,3.691358,0.480229,-0.893071,3.708106,0.939588,-0.787443,4.043421,1.132082,-0.438757,4.025881,0.958089,-0.195134,4.022592,0.518628,-0.186452,3.886759,0.792520,-0.074664,3.973293,0.416691,0.254339,3.862363,0.223874,0.089016,3.833891,0.511279,0.543051,3.594451,0.374172,0.421034,3.588670
923,0.380965,-0.405669,3.786823,0.407444,-0.618289,3.690537,0.479088,-0.896194,3.709738,0.931789,-0.787013,4.045271,1.132165,-0.446172,4.020072,0.964897,-0.203911,4.022286,0.517768,-0.191781,3.892777,0.791870,-0.076900,3.974715,0.418418,0.248906,3.866522,0.230660,0.072614,3.847664,0.432298,0.452887,3.640987,0.297800,0.353717,3.627006
924,0.380443,-0.404566,3.783308,0.404637,-0.624413,3.685628,0.481650,-0.905892,3.712768,0.930365,-0.774337,4.045304,1.142045,-0.424817,4.014466,0.954363,-0.202995,4.025420,0.525238,-0.204302,3.896194,0.783301,-0.094479,3.983046,0.422257,0.244044,3.870857,0.239639,0.089737,3.842797,0.491483,0.475335,3.595536,0.360638,0.346261,3.621531
925,0.376104,-0.410636,3.793661,0.402228,-0.639348,3.682621,0.478829,-0.916245,3.703601,0.923467,-0.788198,4.046718,1.135807,-0.433145,4.017041,0.962676,-0.195403,4.019705,0.509326,-0.194283,3.894423,0.768556,-0.072044,3.979279,0.416795,0.255450,3.864932,0.239258,0.086277,3.836989,0.471260,0.442228,3.647183,0.325372,0.305335,3.655994
926,0.380969,-0.402461,3.795698,0.409587,-0.634367,3.684682,0.483364,-0.922209,3.700197,0.925679,-0.787175,4.045461,1.127841,-0.434704,4.020419,0.950515,-0.190889,4.022636,0.519351,-0.199942,3.892192,0.777311,-0.076055,3.976998,0.420657,0.253453,3.866277,0.241394,0.085640,3.841484,0.505135,0.481772,3.616633,0.332386,0.317795,3.638835
927,0.378873,-0.405226,3.790123,0.401657,-0.633369,3.679915,0.480946,-0.916234,3.701887,0.919593,-0.793727,4.047319,1.116689,-0.441160,4.026299,0.951549,-0.186476,4.022421,0.515610,-0.204683,3.894693,0.772966,-0.085490,3.981081,0.425511,0.252062,3.867803,0.253932,0.083122,3.843678,0.506505,0.450624,3.637542,0.340855,0.306283,3.656055
928,0.374406,-0.408182,3.789991,0.395455,-0.636637,3.675575,0.481707,-0.919248,3.702779,0.922087,-0.789713,4.054326,1.121160,-0.442242,4.032969,0.961438,-0.190686,4.023186,0.498120,-0.201235,3.895965,0.765598,-0.070979,3.983032,0.427395,0.261990,3.862043,0.232138,0.097768,3.833710,0.438526,0.425780,3.619199,0.309546,0.293084,3.644574
929,0.363497,-0.407007,3.796288,0.393418,-0.635334,3.677841,0.484600,-0.925046,3.703382,0.921410,-0.791751,4.046681,1.123748,-0.435548,4.031034,0.966094,-0.181215,4.022724,0.494599,-0.206249,3.900773,0.764525,-0.078704,3.985163,0.425777,0.256317,3.866139,0.236214,0.090836,3.841239,0.406621,0.428668,3.624834,0.292872,0.299356,3.649748
930,0.377146,-0.408458,3.797737,0.394115,-0.641621,3.675429,0.476385,-0.918627,3.701864,0.916089,-0.800779,4.049490,1.126336,-0.449922,4.038759,0.958568,-0.185022,4.024270,0.493193,-0.218608,3.900862,0.759858,-0.089450,3.988415,0.420291,0.251422,3.868729,0.234696,0.084568,3.851719,0.456936,0.391403,3.698089,0.316247,0.194869,3.757746
931,0.375988,-0.409900,3.790530,0.402920,-0.640375,3.674726,0.477552,-0.927946,3.703657,0.910725,-0.805865,4.050344,1.125893,-0.448587,4.036636,0.959383,-0.190352,4.026720,0.497027,-0.214741,3.903665,0.760996,-0.095716,3.990481,0.423469,0.254501,3.866587,0.239858,0.105347,3.834539,0.461838,0.465466,3.607692,0.329382,0.311118,3.640517
932,0.370472,-0.413637,3.785275,0.393738,-0.640971,3.673171,0.476625,-0.931345,3.704807,0.921540,-0.803734,4.048719,1.114515,-0.454887,4.042839,0.963233,-0.185775,4.024369,0.507221,-0.204807,3.901692,0.766383,-0.095161,3.985698,0.416454,0.239105,3.874942,0.251721,0.088603,3.841808,0.500103,0.341779,3.733039,0.368627,0.210495,3.741573
933,0.366326,-0.413203,3.790060,0.383449,-0.641475,3.671879,0.473256,-0.919440,3.706155,0.920759,-0.811359,4.050672,1.139475,-0.450792,4.035438,0.964685,-0.181391,4.022226,0.510241,-0.198215,3.904362,0.774608,-0.083163,3.986129,0.417839,0.242224,3.874519,0.240488,0.055444,3.864740,0.507231,0.376511,3.704642,0.353868,0.220254,3.737041
934,0.372034,-0.410887,3.783778,0.392344,-0.639558,3.674546,0.472395,-0.924378,3.706969,0.911562,-0.820039,4.057655,1.115651,-0.463529,4.042389,0.967161,-0.170963,4.022445,0.505815,-0.208782,3.904265,0.775675,-0.091599,3.988587,0.426495,0.253628,3.864481,0.247588,0.080844,3.843416,0.520942,0.462125,3.621979,0.370758,0.254859,3.713748
935,0.366789,-0.414251,3.791004,0.385591,-0.642379,3.667946,0.472445,-0.915893,3.710735,0.914554,-0.816389,4.054747,1.122811,-0.468305,4.041079,0.964879,-0.182290,4.024077,0.511003,-0.192295,3.900505,0.778249,-0.090975,3.983888,0.423819,0.256578,3.860474,0.259874,0.097983,3.832489,0.485736,0.420671,3.637396,0.366924,0.270026,3.686829
936,0.364877,-0.413350,3.790083,0.385288,-0.646815,3.670694,0.468681,-0.925029,3.704443,0.913029,-0.821764,4.056674,1.122365,-0.471587,4.034231,0.958043,-0.181735,4.030621,0.503971,-0.197514,3.903263,0.765914,-0.085629,3.988184,0.432100,0.278902,3.850724,0.241053,0.122846,3.820098,0.550400,0.378517,3.662056,0.389023,0.165713,3.764987
937,0.372670,-0.409110,3.787410,0.387303,-0.648098,3.667232,0.469338,-0.924836,3.708854,0.913239,-0.816013,4.056720,1.124404,-0.473768,4.038633,0.955666,-0.179375,4.024236,0.496736,-0.198766,3.903993,0.762005,-0.083035,3.989677,0.436387,0.278595,3.853058,0.237466,0.118698,3.833920,0.533646,0.399677,3.665519,0.369427,0.194930,3.747377
938,0.367357,-0.408905,3.784498,0.381554,-0.653038,3.674497,0.460325,-0.923409,3.704325,0.906037,-0.831313,4.065362,1.123575,-0.478316,4.036419,0.952791,-0.172992,4.024404,0.489752,-0.209836,3.903265,0.752208,-0.091551,3.991833,0.434752,0.279900,3.847939,0.237950,0.117503,3.832943,0.522759,0.365488,3.707929,0.373564,0.168035,3.782796
939,0.366252,-0.409507,3.783625,0.357934,-0.665830,3.670818,0.455738,-0.935298,3.692312,0.911050,-0.824578,4.059155,1.119670,-0.472754,4.045983,0.959319,-0.174444,4.020360,0.497407,-0.194441,3.895950,0.776594,-0.084572,3.983705,0.430750,0.275594,3.850151,0.234334,0.118087,3.827920,0.542525,0.362486,3.679490,0.382972,0.218677,3.726348
940,0.366001,-0.409228,3.789149,0.362106,-0.665603,3.669905,0.455687,-0.938826,3.697012,0.906723,-0.835997,4.063620,1.114351,-0.466667,4.036038,0.956077,-0.169804,4.017838,0.483000,-0.198489,3.901834,0.757444,-0.084488,3.990888,0.435328,0.282528,3.848828,0.236063,0.135313,3.817591,0.512307,0.320308,3.732956,0.383403,0.154006,3.787205
941,0.365247,-0.416071,3.791084,0.374407,-0.656700,3.684381,0.462382,-0.937619,3.697548,0.910579,-0.823187,4.062650,1.098867,-0.456060,4.039230,0.958069,-0.163413,4.018459,0.479048,-0.205017,3.900812,0.751076,-0.075507,3.986890,0.429946,0.269299,3.856008,0.225349,0.095844,3.839489,0.443538,0.361660,3.691823,0.319473,0.208833,3.727143
942,0.364693,-0.405074,3.792758,0.365387,-0.658883,3.683743,0.453947,-0.935387,3.691006,0.912895,-0.828813,4.057789,1.099626,-0.460585,4.037272,0.959607,-0.164035,4.017123,0.482440,-0.183818,3.896957,0.757860,-0.074285,3.986270,0.450984,0.291238,3.840755,0.246147,0.121309,3.830199,0.546913,0.365512,3.686817,0.400141,0.160636,3.777200
943,0.366957,-0.411215,3.799915,0.373169,-0.673478,3.690532,0.454169,-0.952509,3.688587,0.918413,-0.835712,4.057349,1.096308,-0.459630,4.037465,0.959799,-0.163523,4.017872,0.473777,-0.208363,3.903326,0.756629,-0.085301,3.991287,0.439277,0.290811,3.841689,0.237741,0.149807,3.811136,0.472634,0.259421,3.804586,0.380297,0.082829,3.842833
944,0.363321,-0.413177,3.785500,0.374129,-0.655005,3.686637,0.457871,-0.942076,3.687788,0.918251,-0.844077,4.058920,1.090950,-0.458354,4.043845,0.960318,-0.165813,4.021429,0.488528,-0.197466,3.898211,0.770785,-0.091315,3.989654,0.451854,0.289864,3.838370,0.231034,0.142070,3.814051,0.543333,0.331357,3.713556,0.387053,0.124598,3.798734
945,0.359782,-0.410254,3.793297,0.369381,-0.653785,3.684981,0.453104,-0.936581,3.688412,0.918502,-0.848702,4.053885,1.089045,-0.460599,4.043403,0.964902,-0.162993,4.017482,0.484939,-0.188613,3.900644,0.767713,-0.078710,3.987361,0.430352,0.271094,3.848358,0.226399,0.130985,3.819493,0.473173,0.385310,3.644494,0.345057,0.192545,3.746038
946,0.357012,-0.416204,3.782091,0.369386,-0.667110,3.675454,0.456020,-0.954685,3.682000,0.919676,-0.850149,4.053854,1.080310,-0.464787,4.046760,0.969568,-0.159967,4.014493,0.501441,-0.189171,3.898494,0.786425,-0.078781,3.987720,0.522562,0.331823,3.808845,0.228904,0.129192,3.825551,0.635117,0.272070,3.767027,0.430689,0.084022,3.830194
947,0.358343,-0.413490,3.785734,0.372317,-0.670974,3.680095,0.461203,-0.954725,3.682825,0.926641,-0.862283,4.059902,1.089719,-0.466324,4.040329,0.960181,-0.170328,4.017518,0.493723,-0.190358,3.897365,0.774889,-0.081192,3.987089,0.452695,0.284393,3.840980,0.231827,0.127523,3.828849,0.524481,0.241779,3.797892,0.338396,0.071682,3.854726
948,0.355527,-0.423555,3.788449,0.369635,-0.675942,3.687796,0.465722,-0.952314,3.674726,0.926779,-0.856368,4.054223,1.079471,-0.447001,4.032084,0.959400,-0.164417,4.018456,0.494488,-0.192380,3.894732,0.780199,-0.080831,3.986532,0.453930,0.280826,3.848132,0.218287,0.121862,3.837387,0.515426,0.336098,3.712348,0.367279,0.159917,3.779687
949,0.357383,-0.409302,3.787298,0.381230,-0.661345,3.689713,0.469228,-0.953139,3.672536,0.935150,-0.868494,4.054730,1.068003,-0.452209,4.037375,0.958844,-0.161433,4.016746,0.492904,-0.185207,3.891604,0.786250,-0.086864,3.990511,0.482169,0.289915,3.844927,0.250110,0.128928,3.824696,0.656585,0.209767,3.795299,0.459261,0.045367,3.857234
950,0.361857,-0.409961,3.782987,0.362388,-0.648020,3.701504,0.461733,-0.961453,3.673846,0.940202,-0.873421,4.050841,1.069387,-0.454158,4.038095,0.949837,-0.159324,4.019389,0.485462,-0.196218,3.893437,0.778204,-0.089367,3.987856,0.457757,0.293085,3.835426,0.224900,0.128251,3.820311,0.599524,0.176477,3.835108,0.426369,-0.024739,3.908004
951,0.356636,-0.410725,3.803456,0.369012,-0.661569,3.709697,0.463765,-0.975537,3.673638,0.942533,-0.888573,4.052716,1.066115,-0.455415,4.040690,0.948980,-0.160097,4.019906,0.479534,-0.200836,3.897532,0.766665,-0.092824,3.995642,0.472842,0.307041,3.830825,0.241998,0.141870,3.818861,0.581594,0.192670,3.830612,0.425241,0.014917,3.890425
952,0.363048,-0.413718,3.802470,0.369026,-0.663450,3.716579,0.470027,-0.980525,3.677324,0.948274,-0.894672,4.056738,1.061948,-0.464467,4.043001,0.949615,-0.160877,4.022268,0.467086,-0.194873,3.903333,0.764475,-0.078911,3.998679,0.457060,0.280174,3.828376,0.226177,0.145611,3.835517,0.562620,0.218339,3.786475,0.427536,-0.014468,3.925573
953,0.371284,-0.397461,3.793138,0.383456,-0.651558,3.728990,0.471297,-0.979737,3.666113,0.955390,-0.898217,4.047740,1.056318,-0.456636,4.044680,0.951622,-0.154857,4.020935,0.492358,-0.196475,3.899672,0.792659,-0.094060,3.996015,0.493834,0.330572,3.820425,0.246844,0.148439,3.825129,0.597855,0.245093,3.771497,0.467378,-0.029710,3.924924
954,0.359912,-0.423893,3.788574,0.380131,-0.672099,3.717058,0.477513,-0.994658,3.664192,0.956321,-0.933269,4.048273,1.046868,-0.484002,4.048117,0.954027,-0.166603,4.024955,0.485908,-0.209087,3.903201,0.794224,-0.101505,3.997520,0.540111,0.320767,3.827601,0.226953,0.089777,3.813006,0.587623,0.242598,3.762282,0.413426,0.011122,3.897409
955,0.361028,-0.435107,3.792558,0.392131,-0.684213,3.721219,0.489363,-1.015533,3.653997,0.965716,-0.951077,4.048864,1.047481,-0.489585,4.051373,0.954550,-0.163101,4.023962,0.482178,-0.227552,3.902296,0.791156,-0.107361,4.003298,0.537631,0.313662,3.826162,0.242347,0.158607,3.817306,0.578261,0.224951,3.785283,0.403222,-0.073945,3.954215
956,0.362606,-0.446211,3.797619,0.409680,-0.704612,3.742954,0.493878,-1.030346,3.651125,0.981678,-0.962249,4.048018,1.050394,-0.491651,4.053589,0.943529,-0.163432,4.028618,0.494548,-0.250548,3.907068,0.808687,-0.124663,4.004150,0.551968,0.319699,3.825851,0.266270,0.129487,3.832623,0.709635,0.091550,3.879681,0.495078,-0.080299,3.942945
957,0.371418,-0.437485,3.796324,0.417113,-0.687507,3.732198,0.495961,-1.020370,3.648933,0.990588,-0.978188,4.042844,1.040136,-0.527546,4.048715,0.947298,-0.169091,4.021840,0.494254,-0.245459,3.902486,0.807290,-0.123338,3.998672,0.566109,0.301568,3.805480,0.262742,0.153654,3.825793,0.494637,0.247148,3.772217,0.397525,-0.046296,3.935352
958,0.376174,-0.427529,3.814777,0.431408,-0.688630,3.745960,0.494868,-1.033012,3.637920,1.005017,-0.982671,4.033830,1.052772,-0.520264,4.059511,0.946597,-0.167772,4.020710,0.480080,-0.261030,3.904851,0.797279,-0.112935,4.000382,0.514199,0.337741,3.803680,0.251398,0.113991,3.849912,0.391176,0.364341,3.653075,0.268668,0.098558,3.841732
959,0.387598,-0.429654,3.807070,0.452679,-0.714302,3.738211,0.509011,-1.041848,3.636882,0.991956,-1.008454,4.038314,1.030637,-0.527364,4.060649,0.949336,-0.174466,4.021200,0.496234,-0.254836,3.902189,0.812194,-0.124645,3.998635,0.544145,0.324322,3.817536,0.246722,0.128740,3.830587,0.494532,0.392639,3.613946,0.355381,-0.009387,3.905231
960,0.369358,-0.443222,3.806049,0.423781,-0.745349,3.736382,0.506194,-1.064345,3.615642,1.004961,-1.009324,4.027062,1.034297,-0.524422,4.055380,0.952087,-0.174629,4.022066,0.470042,-0.267626,3.900003,0.802077,-0.122869,4.000855,0.570547,0.331086,3.816697,0.219015,0.131437,3.834221,0.459501,0.529840,3.434654,0.294102,0.178605,3.758006
961,0.365218,-0.399817,3.799571,0.442257,-0.713290,3.738447,0.523467,-1.084402,3.609935,1.007427,-1.022512,4.022232,1.033498,-0.532619,4.047756,0.955631,-0.178860,4.025989,0.449875,-0.272039,3.903078,0.776926,-0.116691,3.999506,0.542892,0.321050,3.824601,0.219909,0.140890,3.832882,0.430446,0.558801,3.385779,0.246032,0.302090,3.631593
962,0.379539,-0.392251,3.801293,0.443798,-0.725735,3.743193,0.533247,-1.072167,3.616572,1.015597,-1.012419,4.022415,1.052974,-0.533667,4.041932,0.952080,-0.178914,4.026483,0.455782,-0.267667,3.901657,0.779663,-0.120602,4.000242,0.599487,0.305007,3.809818,0.214574,0.092747,3.846098,0.534654,0.564686,3.378416,0.256708,0.317390,3.603048
963,0.369657,-0.402361,3.805763,0.441988,-0.727115,3.752197,0.526360,-1.060413,3.622397,1.013776,-1.005486,4.024566,1.037023,-0.534712,4.048365,0.945251,-0.172804,4.029851,0.444551,-0.256206,3.893085,0.762678,-0.114919,3.997885,0.555543,0.362761,3.783513,0.199721,0.129400,3.809283,0.508167,0.557296,3.394673,0.154127,0.171669,3.763165
964,0.371587,-0.395987,3.810670,0.468059,-0.729150,3.749771,0.532063,-1.071440,3.622064,1.023864,-1.013727,4.022190,1.042588,-0.537607,4.049629,0.964349,-0.163856,4.025461,0.463288,-0.285265,3.903116,0.802400,-0.139573,4.001298,0.584997,0.299748,3.842170,0.228928,0.050918,3.867000,0.499478,0.502779,3.495888,0.204241,0.183990,3.758902
965,0.369187,-0.415718,3.809057,0.473196,-0.739181,3.746341,0.536678,-1.073030,3.621891,1.018822,-1.017201,4.021117,1.039266,-0.550971,4.047150,0.961220,-0.166810,4.024602,0.472825,-0.290333,3.902292,0.799095,-0.155145,4.003766,0.566351,0.281830,3.845573,0.236463,0.054586,3.862437,0.485972,0.513074,3.478594,0.332807,0.247505,3.690549
966,0.373253,-0.420795,3.811192,0.472421,-0.743006,3.756072,0.538119,-1.074933,3.616735,1.020679,-1.021008,4.021596,1.028705,-0.552960,4.053190,0.959776,-0.176610,4.027239,0.485130,-0.294542,3.904426,0.796970,-0.164105,4.006374,0.548053,0.292008,3.846071,0.251421,0.073576,3.859736,0.491208,0.505109,3.509071,0.364060,0.208506,3.736715
967,0.375034,-0.416483,3.818443,0.474811,-0.726649,3.759773,0.545163,-1.077487,3.614811,1.027920,-1.023370,4.016369,1.019288,-0.552339,4.050304,0.952806,-0.175405,4.032989,0.497230,-0.304910,3.903095,0.808133,-0.180254,4.008087,0.581432,0.263152,3.863296,0.246668,0.023671,3.857978,0.533915,0.491772,3.530555,0.361613,0.323275,3.623188
968,0.373425,-0.425406,3.818810,0.454239,-0.743284,3.743338,0.522506,-1.072184,3.605180,1.032906,-1.024984,4.013175,1.026996,-0.555961,4.047034,0.956774,-0.180923,4.025591,0.503026,-0.316098,3.900720,0.817952,-0.197466,4.002864,0.561719,0.241556,3.876496,0.245149,0.011981,3.863622,0.540179,0.463124,3.586686,0.384732,0.267091,3.662789
969,0.359985,-0.399113,3.821350,0.448405,-0.713269,3.750751,0.509369,-1.067928,3.599468,1.028375,-1.029097,4.007646,1.014665,-0.556776,4.053535,0.946534,-0.191598,4.031183,0.501147,-0.324364,3.899565,0.813176,-0.208109,4.006180,0.495587,0.231171,3.888798,0.257510,0.022664,3.859866,0.517312,0.377483,3.684762,0.402847,0.142831,3.781430
970,0.373806,-0.408042,3.807387,0.454184,-0.685939,3.742157,0.514486,-1.069450,3.604484,1.026431,-1.032778,4.008251,1.009818,-0.556988,4.052094,0.946510,-0.192602,4.025715,0.519018,-0.318302,3.900562,0.843473,-0.212705,4.002243,0.554421,0.243919,3.876151,0.266376,-0.003461,3.865904,0.589187,0.396489,3.653913,0.399907,0.189500,3.728680
971,0.370308,-0.413917,3.807847,0.454462,-0.698361,3.738645,0.523307,-1.067468,3.604027,1.028951,-1.027041,4.008339,1.014408,-0.555491,4.058936,0.943395,-0.189198,4.028266,0.527265,-0.332106,3.898211,0.836683,-0.227120,4.004698,0.529061,0.224812,3.888400,0.254519,-0.016720,3.866112,0.521959,0.459282,3.579881,0.389452,0.330683,3.629437
972,0.379116,-0.406497,3.811611,0.459574,-0.693131,3.745632,0.528301,-1.071874,3.610774,1.016397,-1.041003,4.008187,0.996237,-0.563030,4.061972,0.945369,-0.199343,4.032664,0.535855,-0.325969,3.900927,0.844506,-0.229794,4.004466,0.551361,0.229203,3.872699,0.275005,0.000569,3.867770,0.582778,0.452849,3.600565,0.403416,0.314217,3.642339
973,0.381002,-0.418554,3.805034,0.464125,-0.704237,3.742270,0.526577,-1.070041,3.605742,1.012636,-1.044995,4.014247,0.990810,-0.569220,4.058698,0.943264,-0.201395,4.028416,0.518478,-0.331219,3.899652,0.827400,-0.232754,4.008155,0.520379,0.218219,3.892761,0.271788,0.004651,3.880467,0.527671,0.436644,3.605158,0.382936,0.320901,3.621448
974,0.388867,-0.425343,3.811501,0.468879,-0.705938,3.745784,0.538837,-1.070467,3.607723,1.015867,-1.045347,4.010823,0.988659,-0.571254,4.058392,0.935755,-0.203499,4.033624,0.523676,-0.337691,3.900094,0.821457,-0.239184,4.011027,0.540103,0.219295,3.890914,0.288933,0.009718,3.875037,0.485085,0.425647,3.622141,0.372411,0.325731,3.624341
975,0.396840,-0.430628,3.812730,0.479884,-0.704536,3.736817,0.533045,-1.074858,3.603300,1.019819,-1.047957,4.011223,0.991709,-0.574272,4.060209,0.944993,-0.206535,4.033670,0.524227,-0.340789,3.902189,0.823819,-0.235369,4.008442,0.560163,0.228264,3.877362,0.288860,0.013644,3.876265,0.519571,0.445696,3.596034,0.376080,0.349947,3.604537
976,0.386309,-0.418518,3.811910,0.472053,-0.697419,3.737052,0.531087,-1.073756,3.603111,1.017475,-1.039526,4.015094,0.995888,-0.572052,4.060722,0.943419,-0.205695,4.037353,0.523223,-0.340501,3.901221,0.821201,-0.226176,4.008175,0.518789,0.220340,3.886342,0.278940,-0.017255,3.889798,0.466753,0.416208,3.625850,0.362926,0.322121,3.633640
977,0.378955,-0.405520,3.804857,0.457612,-0.688379,3.737931,0.534673,-1.062663,3.608611,1.017756,-1.042712,4.016255,1.009383,-0.571340,4.058903,0.951861,-0.204095,4.034368,0.518944,-0.341485,3.901216,0.821744,-0.232820,4.012126,0.509613,0.195165,3.903536,0.266630,-0.043822,3.895613,0.490547,0.440624,3.593005,0.343087,0.313454,3.622630
978,0.383789,-0.409599,3.806648,0.479750,-0.686414,3.741543,0.542639,-1.061627,3.609924,1.014858,-1.041940,4.012698,1.006271,-0.570383,4.062274,0.952401,-0.200782,4.033428,0.521476,-0.334877,3.901772,0.815094,-0.227491,4.011009,0.514771,0.205505,3.896645,0.274689,-0.019186,3.891487,0.494315,0.431793,3.595318,0.360563,0.334687,3.609429
979,0.375373,-0.414003,3.798962,0.469704,-0.698315,3.740116,0.537169,-1.068457,3.609601,1.022494,-1.030945,4.013206,1.007609,-0.567352,4.061539,0.953622,-0.198204,4.031207,0.522296,-0.337303,3.902947,0.821377,-0.221491,4.009174,0.529296,0.208816,3.893736,0.285828,-0.014005,3.886511,0.489704,0.422871,3.620987,0.371637,0.324459,3.618357
980,0.379865,-0.408926,3.801031,0.470408,-0.703797,3.736808,0.533095,-1.074989,3.608734,1.026707,-1.025488,4.010627,1.005120,-0.568728,4.058289,0.953261,-0.200288,4.033397,0.532450,-0.343079,3.901715,0.831649,-0.225311,4.004190,0.523732,0.189782,3.904797,0.284255,-0.042258,3.908762,0.515491,0.420216,3.639477,0.375869,0.302252,3.640807
981,0.372072,-0.429967,3.802350,0.469164,-0.716117,3.735921,0.531742,-1.075296,3.604924,1.025467,-1.021973,4.011947,1.004118,-0.564489,4.059818,0.951729,-0.195528,4.028413,0.523755,-0.342403,3.901630,0.823402,-0.229664,4.008764,0.509796,0.191005,3.898139,0.281196,-0.026882,3.887033,0.485625,0.432490,3.619783,0.356229,0.332989,3.628153
982,0.373035,-0.411698,3.798147,0.456528,-0.705318,3.736277,0.527787,-1.066461,3.612916,1.022235,-1.029097,4.015772,1.009590,-0.566849,4.057707,0.951730,-0.194329,4.027981,0.525925,-0.339425,3.900441,0.825641,-0.230194,4.006260,0.547436,0.182538,3.901852,0.284367,-0.024302,3.897453,0.492460,0.407221,3.631151,0.351996,0.309544,3.624279
983,0.363340,-0.408411,3.798723,0.468857,-0.691384,3.740480,0.524902,-1.068933,3.608726,1.018048,-1.029921,4.015180,0.997983,-0.563644,4.065509,0.953460,-0.189802,4.031571,0.515787,-0.341177,3.900568,0.812493,-0.231795,4.010477,0.510298,0.184478,3.906137,0.288428,-0.028090,3.891472,0.472263,0.430108,3.597299,0.354085,0.338334,3.622938
984,0.360237,-0.399521,3.800100,0.466776,-0.693958,3.739107,0.533604,-1.070086,3.611584,1.018082,-1.035266,4.014612,1.001906,-0.569886,4.064106,0.950364,-0.197084,4.034048,0.515460,-0.338219,3.902165,0.811103,-0.224141,4.010438,0.498117,0.184243,3.912215,0.277179,-0.030498,3.888132,0.477988,0.421375,3.618515,0.349357,0.317860,3.629318
985,0.369333,-0.404408,3.806503,0.474846,-0.685193,3.737615,0.532503,-1.063963,3.611377,1.022508,-1.029423,4.012250,0.992317,-0.562941,4.061235,0.951454,-0.191960,4.031849,0.519658,-0.333889,3.901589,0.816318,-0.222955,4.007441,0.500702,0.173133,3.915287,0.273083,-0.044689,3.893919,0.491128,0.434837,3.606661,0.356468,0.329527,3.629927
986,0.372547,-0.406400,3.807915,0.479947,-0.681975,3.743036,0.533060,-1.060955,3.613988,1.021739,-1.027120,4.012785,0.992811,-0.559894,4.060435,0.949854,-0.192166,4.030366,0.519638,-0.331174,3.905169,0.815681,-0.224496,4.008879,0.491072,0.157470,3.923799,0.270358,-0.044002,3.902388,0.489062,0.429528,3.605515,0.358713,0.335461,3.619854
987,0.379489,-0.407738,3.807889,0.470896,-0.701614,3.735703,0.536497,-1.066322,3.613090,1.023094,-1.030224,4.014313,0.993048,-0.557988,4.062882,0.950659,-0.195454,4.033379,0.518433,-0.339342,3.901055,0.814486,-0.227562,4.008659,0.475424,0.161465,3.921493,0.263367,-0.047506,3.899094,0.477223,0.439599,3.599714,0.337129,0.334323,3.618964
988,0.372350,-0.406563,3.804582,0.467486,-0.699792,3.736675,0.531992,-1.072214,3.613304,1.023933,-1.030774,4.016089,1.001244,-0.558968,4.061751,0.951648,-0.189087,4.029534,0.526029,-0.332802,3.900857,0.817785,-0.218512,4.007086,0.480352,0.182535,3.909372,0.261900,-0.045249,3.894097,0.505699,0.428880,3.620217,0.356569,0.312785,3.639213
989,0.372283,-0.410142,3.802425,0.463760,-0.706453,3.736057,0.534610,-1.068878,3.614587,1.024068,-1.030203,4.018241,0.992560,-0.563313,4.062682,0.954459,-0.183270,4.027096,0.520536,-0.331600,3.897967,0.817939,-0.218326,4.008283,0.493787,0.169757,3.919245,0.263609,-0.037392,3.885088,0.499957,0.424785,3.622652,0.350067,0.311912,3.640543
990,0.369719,-0.402433,3.805996,0.466247,-0.703945,3.748037,0.537081,-1.065274,3.617823,1.021458,-1.027658,4.020589,0.998224,-0.558073,4.066993,0.944474,-0.195272,4.036056,0.514000,-0.336234,3.904344,0.809383,-0.219617,4.011661,0.509010,0.195540,3.903705,0.281510,-0.001011,3.886620,0.485990,0.432555,3.609323,0.361408,0.329918,3.622902
991,0.381314,-0.397589,3.808334,0.464555,-0.693093,3.743564,0.537260,-1.060925,3.618648,1.023843,-1.036062,4.021578,1.007269,-0.571791,4.060803,0.961626,-0.193518,4.027550,0.516989,-0.338285,3.900266,0.818326,-0.224713,4.010719,0.521290,0.183056,3.910304,0.273857,-0.016765,3.883183,0.488688,0.459346,3.580495,0.351392,0.341828,3.600404
992,0.382358,-0.405100,3.808167,0.473119,-0.700494,3.744622,0.544565,-1.063302,3.617938,1.020945,-1.031861,4.020994,1.003196,-0.558912,4.058996,0.962977,-0.187104,4.028151,0.533825,-0.330107,3.902875,0.825885,-0.216481,4.003839,0.509666,0.206824,3.892233,0.280807,-0.015607,3.898421,0.495055,0.431949,3.609590,0.356667,0.312961,3.629679
993,0.379606,-0.412300,3.806160,0.475154,-0.705079,3.742566,0.544505,-1.070881,3.624013,1.022657,-1.028154,4.014880,1.021024,-0.556279,4.053594,0.955470,-0.190054,4.027254,0.537637,-0.340400,3.906045,0.830415,-0.224222,4.006156,0.495295,0.208562,3.888545,0.279242,-0.012463,3.891879,0.456153,0.391879,3.646991,0.336038,0.285764,3.652583
994,0.385296,-0.415196,3.797896,0.469467,-0.708507,3.741335,0.530486,-1.076303,3.626167,1.025336,-1.026009,4.021551,1.030521,-0.542542,4.053583,0.948345,-0.195943,4.031104,0.534290,-0.330794,3.912731,0.837763,-0.222127,4.009123,0.545166,0.219714,3.881747,0.271431,-0.006146,3.880893,0.509531,0.425796,3.604813,0.372514,0.318825,3.625417
995,0.378406,-0.413935,3.803409,0.474909,-0.707210,3.739547,0.531858,-1.068142,3.626581,1.018462,-1.031372,4.021925,1.017739,-0.548763,4.054135,0.957670,-0.189752,4.025018,0.528941,-0.320088,3.907065,0.830365,-0.204539,4.004038,0.502495,0.227257,3.874709,0.270433,0.011117,3.884362,0.465516,0.455738,3.568820,0.354344,0.337670,3.601243
996,0.384614,-0.422772,3.801663,0.457114,-0.703861,3.734043,0.531403,-1.066243,3.627093,1.018687,-1.023838,4.021743,1.015438,-0.545617,4.054765,0.943325,-0.192237,4.031261,0.539868,-0.325110,3.905258,0.837323,-0.213847,4.003256,0.495659,0.228017,3.877939,0.285188,0.004168,3.880395,0.494137,0.425694,3.617345,0.357353,0.274554,3.664345
997,0.379538,-0.425322,3.794958,0.443315,-0.694690,3.743655,0.515871,-1.041366,3.633485,1.012958,-1.020262,4.019807,1.018128,-0.542734,4.049973,0.949060,-0.189546,4.028245,0.538292,-0.311075,3.907376,0.843336,-0.207081,4.002919,0.508622,0.229051,3.880901,0.284942,0.000218,3.887495,0.502625,0.373959,3.671339,0.364001,0.230162,3.698080
998,0.376838,-0.405084,3.796337,0.444806,-0.655631,3.749302,0.514504,-1.037154,3.651605,1.018726,-1.008130,4.024942,1.021140,-0.535866,4.056640,0.954541,-0.187307,4.023882,0.530817,-0.295290,3.906135,0.832066,-0.185007,4.001491,0.486635,0.246279,3.870718,0.284576,0.055323,3.863018,0.469641,0.411830,3.642277,0.358326,0.233658,3.706348
999,0.372736,-0.381983,3.795673,0.453054,-0.634555,3.759994,0.527998,-1.006052,3.675312,1.005677,-0.988560,4.029230,1.029226,-0.523938,4.057343,0.946716,-0.177416,4.024256,0.543438,-0.270305,3.908686,0.836764,-0.158653,3.999492,0.474140,0.240607,3.875178,0.277844,0.012952,3.883348,0.400473,0.447551,3.592221,0.322664,0.277537,3.661212
1000,0.375665,-0.399879,3.795379,0.450880,-0.650422,3.745294,0.529903,-1.015256,3.680535,1.011926,-0.954450,4.030742,1.037496,-0.509193,4.057685,0.955793,-0.172393,4.026549,0.542031,-0.253810,3.905297,0.842832,-0.134118,3.992707,0.518528,0.230429,3.879965,0.280305,0.034302,3.871408,0.458410,0.484380,3.532955,0.351680,0.261425,3.668126
1001,0.378802,-0.415708,3.788719,0.450518,-0.664475,3.728536,0.533861,-1.009151,3.693908,0.995244,-0.936219,4.037410,1.047562,-0.493527,4.059709,0.972285,-0.165773,4.017123,0.542821,-0.222886,3.904403,0.833599,-0.101874,3.984432,0.490617,0.265943,3.852894,0.274252,0.062011,3.859066,0.455795,0.459743,3.558622,0.353019,0.246084,3.697874
1002,0.388227,-0.410983,3.790850,0.439621,-0.637128,3.721215,0.527189,-0.939924,3.725187,0.982821,-0.917531,4.045941,1.076123,-0.487480,4.057637,0.981494,-0.160227,4.019983,0.560376,-0.192724,3.903084,0.841884,-0.075385,3.979258,0.484066,0.263976,3.850838,0.267164,0.051181,3.859166,0.473811,0.411961,3.596682,0.380313,0.212523,3.756524
1003,0.387094,-0.418205,3.778808,0.440776,-0.643008,3.703349,0.522594,-0.917344,3.740969,0.971789,-0.879111,4.049992,1.112532,-0.468870,4.051791,0.978700,-0.166555,4.022770,0.559866,-0.137223,3.900744,0.841881,-0.062668,3.976405,0.501688,0.300384,3.828152,0.258393,0.066967,3.855016,0.570270,0.381770,3.638465,0.431317,0.172799,3.777464
1004,0.367790,-0.432229,3.792480,0.424266,-0.625655,3.700132,0.519129,-0.903827,3.749164,0.969546,-0.841503,4.058804,1.137475,-0.437769,4.035072,0.963172,-0.160756,4.018564,0.550656,-0.126167,3.897578,0.822411,-0.032176,3.971432,0.479243,0.301649,3.827709,0.248180,0.108557,3.828140,0.553005,0.506211,3.514784,0.405566,0.360620,3.595423
1005,0.377246,-0.420520,3.799039,0.431185,-0.620691,3.706475,0.519344,-0.848361,3.755754,0.958520,-0.808594,4.062310,1.166748,-0.423422,4.017919,0.980897,-0.165575,4.015277,0.546841,-0.164730,3.904180,0.815351,-0.021400,3.963241,0.462430,0.287357,3.837308,0.246359,0.112116,3.839639,0.561755,0.529045,3.522460,0.423665,0.329757,3.667848
1006,0.382204,-0.403613,3.796726,0.432567,-0.597725,3.710477,0.517888,-0.825849,3.762445,0.965069,-0.776071,4.057667,1.161775,-0.409683,4.014920,0.983444,-0.174471,4.013896,0.545628,-0.162666,3.904713,0.819468,-0.037019,3.968603,0.438122,0.251558,3.865594,0.246061,0.080048,3.858161,0.506138,0.452407,3.594459,0.391600,0.327534,3.670622
1007,0.388298,-0.413688,3.794366,0.435569,-0.587740,3.716356,0.520529,-0.842228,3.757388,0.974947,-0.735769,4.055044,1.150220,-0.412504,4.016082,0.988823,-0.183109,4.012701,0.534918,-0.156947,3.899215,0.822811,-0.045684,3.966485,0.450424,0.245600,3.871825,0.243289,0.081336,3.860272,0.470520,0.546830,3.546133,0.358395,0.407748,3.606196
1008,0.377755,-0.399807,3.806551,0.435644,-0.589038,3.720798,0.516353,-0.868002,3.752749,0.984492,-0.765053,4.056801,1.148237,-0.417203,4.013723,0.976746,-0.194118,4.016326,0.531703,-0.169132,3.900700,0.828133,-0.062529,3.974462,0.528153,0.288061,3.850659,0.256557,0.085720,3.856474,0.459260,0.452115,3.614159,0.359190,0.300185,3.674347
1009,0.378199,-0.398724,3.795224,0.428436,-0.595028,3.713246,0.521022,-0.878501,3.750851,0.982185,-0.773522,4.053901,1.131173,-0.414754,4.014872,0.971393,-0.187433,4.015299,0.528952,-0.163613,3.898419,0.815294,-0.056689,3.971396,0.491438,0.269812,3.860023,0.252665,0.083227,3.851896,0.462111,0.457948,3.575568,0.342730,0.353276,3.606773
1010,0.380736,-0.411370,3.792066,0.426846,-0.607203,3.704273,0.526690,-0.882827,3.757923,0.980673,-0.783486,4.060236,1.130936,-0.420654,4.020695,0.976102,-0.196355,4.019337,0.523916,-0.174537,3.900647,0.811237,-0.069910,3.977533,0.455275,0.233800,3.875124,0.241049,0.063006,3.854594,0.403243,0.467256,3.551708,0.290226,0.342695,3.593731
1011,0.383508,-0.412765,3.787259,0.438366,-0.607599,3.706198,0.526279,-0.870054,3.759339,0.976300,-0.764283,4.056534,1.141140,-0.415211,4.014583,0.975514,-0.201041,4.016060,0.533556,-0.152954,3.895233,0.817351,-0.053466,3.972750,0.538727,0.310193,3.821791,0.248577,0.092946,3.837347,0.486954,0.467142,3.552456,0.367494,0.343081,3.616261
1012,0.385249,-0.391035,3.794452,0.446288,-0.590822,3.712380,0.519034,-0.861928,3.756198,0.983138,-0.760582,4.055729,1.142406,-0.414701,4.016696,0.974257,-0.193752,4.018928,0.530963,-0.176547,3.901128,0.813115,-0.064869,3.976808,0.450736,0.248502,3.865601,0.236738,0.085976,3.849246,0.434915,0.456634,3.609862,0.313203,0.329352,3.641120
1013,0.386100,-0.390418,3.794024,0.444336,-0.591823,3.710051,0.521812,-0.878130,3.751501,0.988419,-0.762786,4.050601,1.143653,-0.412353,4.017810,0.978204,-0.199346,4.018809,0.528052,-0.170727,3.899052,0.816528,-0.066227,3.977288,0.506132,0.293334,3.834870,0.261081,0.083237,3.850008,0.486549,0.473117,3.607191,0.368408,0.348256,3.646656
1014,0.383990,-0.398080,3.791885,0.439136,-0.599501,3.712213,0.519753,-0.879331,3.752141,0.981550,-0.770955,4.055604,1.152018,-0.414785,4.010700,0.980132,-0.198083,4.017507,0.526974,-0.172805,3.900532,0.812229,-0.067223,3.977642,0.498315,0.296467,3.835291,0.253428,0.078413,3.846591,0.451879,0.448154,3.603894,0.347613,0.329776,3.633428
1015,0.384245,-0.397787,3.795897,0.436387,-0.597283,3.709263,0.523447,-0.876985,3.751775,0.986548,-0.767477,4.053079,1.146096,-0.418108,4.018446,0.982655,-0.199770,4.018045,0.519904,-0.175915,3.901968,0.804991,-0.060582,3.977403,0.494319,0.307852,3.826392,0.243648,0.072090,3.839072,0.462696,0.418413,3.628895,0.331539,0.278786,3.672561
1016,0.380890,-0.399356,3.800767,0.437301,-0.605932,3.708736,0.520804,-0.888236,3.747605,0.982395,-0.774863,4.053930,1.148886,-0.422009,4.017756,0.980042,-0.198336,4.013095,0.517961,-0.184672,3.903992,0.793340,-0.061924,3.979526,0.440204,0.253887,3.865568,0.243366,0.075080,3.849851,0.405160,0.394940,3.643882,0.288120,0.270999,3.670921
1017,0.384093,-0.397931,3.811587,0.443841,-0.582661,3.713400,0.522151,-0.867514,3.752900,0.982408,-0.766859,4.051140,1.151111,-0.420483,4.014736,0.976676,-0.201208,4.016031,0.521511,-0.166607,3.897542,0.799534,-0.048909,3.974336,0.430414,0.254201,3.864122,0.242114,0.065888,3.853861,0.431129,0.440909,3.635268,0.316095,0.280533,3.676713
1018,0.392095,-0.410766,3.791925,0.452599,-0.598782,3.712888,0.522650,-0.873619,3.750564,0.977025,-0.762044,4.048914,1.145846,-0.414092,4.015942,0.980798,-0.195145,4.016245,0.523875,-0.182787,3.900584,0.801300,-0.068764,3.976907,0.431749,0.248652,3.868721,0.250357,0.069947,3.846565,0.439744,0.465742,3.613620,0.312453,0.348560,3.616063
1019,0.392787,-0.414299,3.796159,0.446559,-0.599416,3.715387,0.526523,-0.867838,3.748667,0.974093,-0.763725,4.043216,1.144309,-0.415785,4.019441,0.978762,-0.202252,4.018972,0.526238,-0.180483,3.896951,0.799441,-0.066376,3.973348,0.417734,0.220778,3.886385,0.243161,0.036791,3.863235,0.420267,0.477712,3.631641,0.323733,0.377942,3.616429
1020,0.385687,-0.405054,3.788816,0.447652,-0.589863,3.723860,0.518998,-0.867069,3.746419,0.982758,-0.768162,4.035337,1.144488,-0.417747,4.021424,0.973465,-0.190826,4.019570,0.533558,-0.174481,3.896530,0.811279,-0.065464,3.972193,0.439003,0.214543,3.893200,0.245927,0.054710,3.852720,0.444288,0.420683,3.650863,0.326005,0.303546,3.657882
1021,0.391026,-0.407840,3.785274,0.445895,-0.583404,3.723460,0.517283,-0.865682,3.748482,0.980365,-0.771767,4.036516,1.134883,-0.429988,4.025100,0.974984,-0.201478,4.019724,0.534002,-0.168110,3.897330,0.814923,-0.065938,3.973288,0.461397,0.249230,3.870395,0.245740,0.055717,3.856686,0.441758,0.478067,3.569492,0.335952,0.381170,3.576667
1022,0.393075,-0.416072,3.789812,0.449468,-0.584274,3.717986,0.518492,-0.873050,3.746042,0.976673,-0.777206,4.037917,1.135034,-0.429311,4.021968,0.971289,-0.196356,4.019275,0.523242,-0.172663,3.894071,0.804789,-0.060083,3.968536,0.445423,0.242329,3.873506,0.244649,0.057646,3.844961,0.446591,0.519196,3.533329,0.310944,0.375684,3.591404
1023,0.386471,-0.411730,3.797622,0.452989,-0.602861,3.725039,0.513424,-0.877445,3.741187,0.965102,-0.780585,4.038552,1.137498,-0.442190,4.025263,0.962236,-0.214738,4.027401,0.542335,-0.197442,3.898922,0.810565,-0.075256,3.975622,0.422704,0.219457,3.884009,0.237011,0.047510,3.856025,0.436636,0.506497,3.616433,0.314586,0.364049,3.643845
1024,0.388975,-0.403646,3.790406,0.459852,-0.593358,3.723337,0.513431,-0.873579,3.739088,0.974023,-0.767157,4.039146,1.136546,-0.435054,4.021076,0.968860,-0.209918,4.025150,0.556169,-0.189459,3.902018,0.823471,-0.074558,3.978837,0.457738,0.235624,3.875290,0.249750,0.035039,3.862276,0.472372,0.388775,3.688427,0.373565,0.342583,3.667730
1025,0.383803,-0.391672,3.789964,0.452317,-0.585354,3.723658,0.508527,-0.861000,3.735818,0.972506,-0.779833,4.038468,1.143255,-0.435626,4.017960,0.963748,-0.201346,4.021987,0.555264,-0.173364,3.895097,0.834075,-0.066006,3.972521,0.522279,0.295486,3.829391,0.241309,0.068367,3.855637,0.481278,0.502352,3.562966,0.343518,0.371145,3.616699
1026,0.389404,-0.393124,3.785542,0.452676,-0.585680,3.722215,0.511899,-0.861113,3.737681,0.972694,-0.774967,4.039960,1.136671,-0.438317,4.021791,0.961141,-0.201831,4.021808,0.552913,-0.180615,3.898045,0.822516,-0.059155,3.973179,0.445202,0.231970,3.877030,0.250585,0.053819,3.853164,0.444541,0.515444,3.574618,0.325259,0.391928,3.620202
1027,0.384046,-0.393747,3.793176,0.458180,-0.578741,3.729365,0.508253,-0.874213,3.733256,0.963512,-0.781828,4.037320,1.126724,-0.442034,4.019630,0.969288,-0.207833,4.021724,0.553730,-0.196120,3.897888,0.827023,-0.078349,3.974236,0.437412,0.204880,3.892561,0.247465,0.028384,3.875025,0.452296,0.472999,3.628426,0.336417,0.347980,3.657098
1028,0.393002,-0.397338,3.786416,0.458661,-0.583656,3.727377,0.508135,-0.878685,3.735313,0.957872,-0.772838,4.037965,1.135715,-0.442559,4.023696,0.962418,-0.196125,4.024815,0.553860,-0.195433,3.901374,0.814082,-0.062191,3.974648,0.420247,0.219139,3.883617,0.233925,0.020239,3.871105,0.448476,0.469313,3.606354,0.306510,0.370056,3.629916
1029,0.379724,-0.400425,3.794068,0.444565,-0.583265,3.727354,0.498383,-0.858289,3.730937,0.960168,-0.769359,4.037374,1.121656,-0.443530,4.022903,0.965869,-0.203750,4.021441,0.553116,-0.176456,3.897187,0.825980,-0.057308,3.971029,0.448706,0.230969,3.876392,0.247437,0.057790,3.861026,0.468378,0.491742,3.591462,0.343062,0.390465,3.643994
1030,0.380231,-0.391084,3.795472,0.447161,-0.576920,3.729792,0.497034,-0.858628,3.730773,0.952098,-0.779409,4.042122,1.135689,-0.442726,4.023365,0.966708,-0.204571,4.024614,0.554122,-0.180244,3.895515,0.818516,-0.070199,3.972092,0.434250,0.214523,3.886109,0.247318,0.055531,3.860469,0.468263,0.489921,3.582183,0.328794,0.374099,3.636413
1031,0.380574,-0.395555,3.798481,0.445341,-0.579765,3.722006,0.495283,-0.850720,3.731073,0.952772,-0.765998,4.044472,1.115633,-0.444765,4.029946,0.961066,-0.204551,4.025733,0.546881,-0.180357,3.895865,0.808844,-0.067558,3.978662,0.425929,0.197634,3.901494,0.245182,0.035283,3.862411,0.437347,0.483892,3.594631,0.338737,0.372987,3.619443
1032,0.380089,-0.399172,3.795016,0.445812,-0.596065,3.719992,0.499772,-0.872736,3.725906,0.953051,-0.762457,4.039781,1.118496,-0.438474,4.027660,0.968955,-0.194554,4.019423,0.549508,-0.187690,3.897023,0.804673,-0.070525,3.979710,0.414169,0.194113,3.906347,0.246465,0.046507,3.854354,0.411040,0.472774,3.606641,0.304105,0.367005,3.619496
1033,0.386524,-0.408594,3.798445,0.439606,-0.613524,3.718105,0.495657,-0.858016,3.726499,0.950644,-0.767938,4.040311,1.141709,-0.438486,4.023379,0.970495,-0.196136,4.022416,0.551990,-0.185871,3.898025,0.815514,-0.060928,3.972216,0.438311,0.224134,3.880462,0.245071,0.067933,3.851294,0.431331,0.494610,3.568927,0.329387,0.410773,3.585648
1034,0.383658,-0.403565,3.786364,0.464130,-0.606752,3.713981,0.503218,-0.869525,3.728191,0.945689,-0.760658,4.039842,1.140969,-0.439701,4.024976,0.971707,-0.188564,4.023121,0.554918,-0.197929,3.901292,0.801364,-0.065921,3.978868,0.483915,0.291016,3.835828,0.249987,0.059541,3.854319,0.472233,0.506679,3.578649,0.333366,0.372120,3.619499
1035,0.385029,-0.395886,3.794392,0.453219,-0.599466,3.713771,0.493264,-0.875616,3.721623,0.941782,-0.771656,4.042798,1.138923,-0.449158,4.027496,0.971118,-0.201149,4.024869,0.555590,-0.197013,3.903690,0.817168,-0.081403,3.986009,0.426921,0.227364,3.878909,0.245151,0.058179,3.861475,0.478114,0.523489,3.559135,0.328349,0.406015,3.581635
1036,0.380772,-0.385689,3.797137,0.447645,-0.592241,3.722826,0.484962,-0.856657,3.724526,0.939209,-0.783253,4.043845,1.147505,-0.449536,4.029400,0.968059,-0.188090,4.018504,0.571576,-0.178490,3.899841,0.827685,-0.071466,3.975993,0.489286,0.307034,3.826623,0.256011,0.068910,3.852290,0.519954,0.531019,3.572314,0.379963,0.383126,3.612999
1037,0.385265,-0.399121,3.789382,0.459836,-0.598142,3.715393,0.486744,-0.879568,3.727320,0.935431,-0.775008,4.045853,1.156998,-0.440706,4.023055,0.966133,-0.182802,4.020387,0.557740,-0.194627,3.903244,0.800392,-0.079735,3.986195,0.430488,0.215686,3.887490,0.254821,0.100102,3.835427,0.487203,0.493164,3.603310,0.352070,0.389321,3.599626
1038,0.381332,-0.395565,3.785694,0.445830,-0.596884,3.712957,0.495174,-0.872600,3.723419,0.946125,-0.764041,4.051934,1.159256,-0.438853,4.029150,0.967740,-0.194100,4.022789,0.551775,-0.182285,3.898998,0.811016,-0.069734,3.979622,0.439101,0.240287,3.868751,0.249705,0.089620,3.838413,0.524819,0.535188,3.586643,0.377772,0.392768,3.633511
1039,0.383587,-0.382539,3.795262,0.448051,-0.588324,3.711207,0.491979,-0.855585,3.724438,0.936693,-0.770563,4.053556,1.145512,-0.435220,4.026963,0.971635,-0.195528,4.028419,0.558631,-0.165026,3.901844,0.826403,-0.064729,3.981180,0.431459,0.206506,3.901814,0.243174,0.037355,3.874649,0.481198,0.483763,3.608217,0.339614,0.363594,3.624708
1040,0.380372,-0.402637,3.795568,0.432044,-0.603618,3.705460,0.487988,-0.882462,3.728312,0.942632,-0.773771,4.060563,1.146067,-0.436024,4.030165,0.967259,-0.183886,4.027018,0.544728,-0.204538,3.910759,0.810783,-0.082129,3.986023,0.445643,0.243887,3.866688,0.261593,0.072204,3.854636,0.515995,0.471398,3.634519,0.396249,0.318283,3.713723
1041,0.375120,-0.376735,3.797667,0.436415,-0.601754,3.714525,0.485976,-0.856386,3.727686,0.938968,-0.777090,4.062823,1.142618,-0.434662,4.033216,0.969975,-0.178161,4.018962,0.546691,-0.161601,3.902215,0.825965,-0.061198,3.978445,0.490683,0.293733,3.843306,0.249371,0.097370,3.840391,0.478352,0.547902,3.534553,0.348990,0.341990,3.648680
1042,0.374582,-0.397676,3.803689,0.423612,-0.610226,3.710644,0.488701,-0.871295,3.724013,0.946714,-0.782456,4.070667,1.161043,-0.437850,4.025999,0.975017,-0.180112,4.019648,0.544805,-0.188576,3.905223,0.819191,-0.069764,3.980612,0.498692,0.325092,3.805424,0.246141,0.095166,3.844202,0.507057,0.524313,3.574480,0.358345,0.360242,3.662426
1043,0.378014,-0.381906,3.798115,0.417785,-0.595328,3.714417,0.480855,-0.852614,3.728848,0.936865,-0.785533,4.072944,1.141379,-0.451609,4.034528,0.984566,-0.181286,4.021495,0.551597,-0.165009,3.899754,0.823226,-0.075780,3.979322,0.421223,0.226174,3.886955,0.254770,0.082173,3.854819,0.499340,0.491933,3.603444,0.393317,0.372695,3.631562
1044,0.381459,-0.398074,3.798915,0.421140,-0.613937,3.700273,0.478126,-0.868264,3.721581,0.941371,-0.797478,4.071963,1.139142,-0.450857,4.034335,0.973013,-0.177971,4.019547,0.542835,-0.186793,3.901529,0.821655,-0.081861,3.981007,0.428458,0.220916,3.879744,0.252479,0.071800,3.858448,0.517613,0.526095,3.610124,0.379257,0.376200,3.663219
1045,0.377257,-0.392834,3.795394,0.409799,-0.630555,3.697451,0.476651,-0.882567,3.719313,0.934932,-0.807767,4.076657,1.150601,-0.450008,4.033229,0.965877,-0.179529,4.022032,0.547480,-0.191172,3.908895,0.821457,-0.084655,3.985593,0.436110,0.243322,3.864664,0.251566,0.070589,3.860027,0.548473,0.502351,3.656303,0.412517,0.411937,3.654823
1046,0.384460,-0.391172,3.801807,0.416226,-0.630494,3.696706,0.472003,-0.884082,3.711286,0.934892,-0.810841,4.076672,1.125200,-0.453846,4.037320,0.973408,-0.178807,4.020070,0.550782,-0.195514,3.902133,0.826342,-0.081854,3.980689,0.418886,0.244825,3.869196,0.264145,0.101484,3.835847,0.520212,0.413507,3.738008,0.409886,0.320033,3.745296
1047,0.379273,-0.389587,3.799015,0.416712,-0.624617,3.697294,0.469703,-0.873893,3.719784,0.941228,-0.803970,4.078848,1.130542,-0.445822,4.041214,0.968960,-0.169009,4.022103,0.544338,-0.175864,3.901904,0.824932,-0.064301,3.976827,0.519737,0.314133,3.814562,0.237834,0.077497,3.854551,0.561363,0.419876,3.667516,0.412725,0.292631,3.709636
1048,0.372067,-0.390698,3.792588,0.414435,-0.614427,3.695575,0.467216,-0.869378,3.720386,0.932953,-0.813656,4.077580,1.128879,-0.440832,4.040005,0.972442,-0.167356,4.017554,0.539364,-0.180430,3.899980,0.814058,-0.070568,3.979045,0.428787,0.215526,3.883909,0.243383,0.081290,3.839118,0.465149,0.435073,3.624529,0.376994,0.336203,3.651017
1049,0.371572,-0.395847,3.792723,0.410964,-0.620577,3.693338,0.464011,-0.888243,3.717062,0.929961,-0.815098,4.073685,1.119506,-0.434698,4.037260,0.968655,-0.154906,4.018576,0.541779,-0.190943,3.907303,0.809453,-0.073950,3.984799,0.399851,0.223803,3.881322,0.246681,0.084001,3.846982,0.506420,0.523113,3.567615,0.403959,0.347754,3.688773
1050,0.372586,-0.393606,3.795683,0.411375,-0.631957,3.693528,0.469917,-0.889209,3.713938,0.932406,-0.815248,4.079093,1.119949,-0.435381,4.037690,0.964620,-0.169511,4.024709,0.552970,-0.195328,3.906359,0.830431,-0.082063,3.983656,0.442280,0.240512,3.881175,0.246695,0.077335,3.858635,0.558762,0.386115,3.687368,0.408056,0.245743,3.743587
1051,0.370656,-0.394813,3.798695,0.421218,-0.627578,3.704275,0.460789,-0.890355,3.713318,0.932572,-0.809511,4.074716,1.121673,-0.434238,4.036954,0.971851,-0.151973,4.017025,0.532582,-0.190080,3.905249,0.812548,-0.070122,3.979559,0.435551,0.234542,3.873967,0.234820,0.104110,3.833670,0.490941,0.496252,3.584791,0.356959,0.316780,3.680633
1052,0.369605,-0.390306,3.792047,0.399708,-0.633200,3.695068,0.459891,-0.889102,3.709406,0.934513,-0.813973,4.079713,1.126701,-0.436654,4.034245,0.964209,-0.161322,4.015116,0.543446,-0.181596,3.905900,0.811923,-0.082612,3.985351,0.415133,0.225793,3.877098,0.243565,0.078328,3.840578,0.475293,0.469438,3.561041,0.390630,0.445549,3.543193
1053,0.370417,-0.401209,3.802330,0.415017,-0.626814,3.706746,0.460170,-0.890743,3.709043,0.940398,-0.809016,4.077363,1.106766,-0.432832,4.047538,0.968610,-0.161837,4.019421,0.536701,-0.195033,3.903735,0.817250,-0.075968,3.983638,0.404578,0.231492,3.877053,0.235617,0.091476,3.834175,0.459412,0.449988,3.593882,0.349756,0.288309,3.682815
1054,0.368536,-0.406673,3.802137,0.421480,-0.633774,3.710992,0.466003,-0.900836,3.708019,0.932972,-0.817080,4.080618,1.106403,-0.432354,4.046559,0.974394,-0.158773,4.017977,0.529041,-0.187482,3.903082,0.806575,-0.075401,3.984020,0.408484,0.235337,3.871900,0.233881,0.110270,3.833607,0.493528,0.457896,3.603336,0.377317,0.306227,3.682054
1055,0.364508,-0.403477,3.789847,0.422813,-0.622013,3.712661,0.468667,-0.898434,3.711859,0.937253,-0.813492,4.079045,1.104135,-0.418808,4.040636,0.975726,-0.154058,4.015027,0.527355,-0.181683,3.905603,0.796539,-0.074928,3.987462,0.424628,0.259010,3.863397,0.253346,0.114586,3.828265,0.516050,0.280902,3.747689,0.404990,0.124608,3.802340
1056,0.361366,-0.405804,3.797924,0.410808,-0.605821,3.708473,0.456961,-0.900595,3.710899,0.942844,-0.827621,4.076385,1.094236,-0.426934,4.050799,0.979393,-0.151444,4.017087,0.512569,-0.192367,3.905152,0.798398,-0.078752,3.982563,0.445894,0.247587,3.869263,0.246797,0.068377,3.849738,0.518225,0.338715,3.697334,0.378360,0.188553,3.754891
1057,0.367349,-0.398617,3.795010,0.407888,-0.625338,3.713852,0.464980,-0.911544,3.703009,0.951964,-0.829902,4.074225,1.106197,-0.424747,4.046260,0.974871,-0.143410,4.016374,0.514948,-0.203596,3.904734,0.801144,-0.086457,3.988517,0.431688,0.251462,3.865366,0.253638,0.109629,3.824085,0.497745,0.269489,3.768403,0.358341,0.125670,3.802704
1058,0.367081,-0.402231,3.805161,0.407739,-0.611585,3.720371,0.461797,-0.914586,3.702026,0.953483,-0.841635,4.075427,1.083543,-0.431334,4.049632,0.964486,-0.162181,4.020184,0.517857,-0.204402,3.905508,0.812467,-0.100472,3.991502,0.563285,0.306657,3.823522,0.263285,0.085967,3.845833,0.502643,0.399212,3.628425,0.381719,0.244222,3.716000
1059,0.360763,-0.397784,3.801498,0.404869,-0.619460,3.729467,0.465689,-0.919247,3.697234,0.959743,-0.849592,4.074054,1.089012,-0.429230,4.043651,0.968870,-0.159136,4.018350,0.516186,-0.192964,3.902890,0.806404,-0.087785,3.985045,0.561462,0.344024,3.796113,0.247287,0.097875,3.843136,0.614244,0.230803,3.791731,0.455856,0.049319,3.873197
1060,0.358129,-0.395979,3.802053,0.402512,-0.623119,3.728766,0.474565,-0.929026,3.693607,0.969002,-0.864523,4.075750,1.069011,-0.435211,4.053100,0.962203,-0.156531,4.017290,0.512111,-0.199074,3.903054,0.818800,-0.102381,3.991309,0.594155,0.335281,3.795081,0.263374,0.102727,3.840510,0.500907,0.355503,3.673784,0.403673,0.130075,3.807442
1061,0.363571,-0.381078,3.795609,0.391311,-0.632541,3.720894,0.460562,-0.967331,3.683771,0.961035,-0.902944,4.073941,1.058075,-0.443875,4.056108,0.953898,-0.153466,4.020422,0.492722,-0.214825,3.905843,0.789837,-0.112283,4.000769,0.496035,0.272443,3.845709,0.259000,0.120913,3.834288,0.500220,0.239789,3.784217,0.397893,0.061011,3.859272
1062,0.366355,-0.394877,3.795012,0.406492,-0.651823,3.726146,0.478343,-0.973231,3.674963,0.978562,-0.934972,4.071028,1.033526,-0.489333,4.066772,0.961096,-0.153397,4.019540,0.513871,-0.218164,3.911167,0.825407,-0.127286,4.003627,0.565524,0.282551,3.849605,0.264666,0.088511,3.867750,0.686894,0.085728,3.912235,0.463803,-0.016653,3.923817
1063,0.376656,-0.403827,3.796955,0.412744,-0.675341,3.737782,0.484226,-1.000977,3.662784,0.992019,-0.970488,4.074903,1.039310,-0.529843,4.071713,0.948034,-0.169070,4.027277,0.511169,-0.249161,3.912766,0.814922,-0.142124,4.007434,0.539820,0.296287,3.829491,0.258473,0.141884,3.825568,0.531446,0.159548,3.852650,0.401963,-0.048205,3.921198
1064,0.384810,-0.404619,3.797630,0.412539,-0.687010,3.747821,0.474471,-1.034838,3.635165,1.007501,-0.995351,4.069838,1.018060,-0.530858,4.069067,0.947073,-0.175721,4.023490,0.508786,-0.266615,3.916532,0.824461,-0.150295,4.010430,0.564464,0.294937,3.838474,0.244093,0.133337,3.851698,0.536772,0.160466,3.874841,0.355295,0.006826,3.911800
1065,0.383312,-0.368145,3.799127,0.437803,-0.645445,3.751620,0.479914,-1.029128,3.642412,1.006454,-0.994836,4.065206,1.025674,-0.531208,4.069763,0.949212,-0.175938,4.020581,0.515826,-0.259569,3.913137,0.824997,-0.147482,4.007552,0.552104,0.312196,3.819217,0.258569,0.105066,3.825500,0.455300,0.014497,3.989213,0.351945,-0.093500,3.966822
1066,0.359766,-0.381538,3.808146,0.410950,-0.690773,3.745075,0.485732,-1.037369,3.624805,1.021310,-1.022762,4.038898,1.042359,-0.527848,4.060235,0.956873,-0.176407,4.022011,0.483237,-0.286451,3.914219,0.795223,-0.152284,4.013577,0.539641,0.311462,3.826269,0.247904,0.168928,3.815748,0.379895,0.086153,3.953784,0.281399,-0.038650,3.947058
1067,0.359363,-0.361702,3.804037,0.435348,-0.656867,3.752186,0.498487,-1.050268,3.620219,1.020854,-1.030349,4.033145,1.029761,-0.548756,4.060818,0.950104,-0.188092,4.027528,0.453580,-0.295795,3.910919,0.767615,-0.148214,4.009131,0.523846,0.315700,3.831251,0.264438,0.120996,3.847735,0.293511,0.184579,3.880862,0.229672,0.068874,3.869315
1068,0.371339,-0.409972,3.811106,0.471746,-0.708806,3.741309,0.506613,-1.060412,3.617424,1.030905,-1.025326,4.027606,1.045160,-0.551311,4.056771,0.957005,-0.183734,4.030163,0.466832,-0.305310,3.912814,0.777364,-0.160185,4.011559,0.522027,0.281442,3.832496,0.256909,0.102420,3.860286,0.446983,0.415090,3.611669,0.300385,0.124430,3.810331
1069,0.368623,-0.411292,3.811573,0.462344,-0.728306,3.739095,0.512001,-1.066200,3.612600,1.039897,-1.035271,4.026752,1.058535,-0.558249,4.050002,0.968858,-0.184034,4.025831,0.472135,-0.312443,3.912330,0.795521,-0.179631,4.015222,0.501132,0.313548,3.829792,0.252433,0.100007,3.857304,0.460312,0.444905,3.578945,0.323456,0.146159,3.802350
1070,0.373447,-0.401023,3.819199,0.460470,-0.724976,3.752060,0.523985,-1.068184,3.615737,1.032186,-1.043581,4.029037,1.025453,-0.562038,4.057586,0.954079,-0.187517,4.029511,0.477962,-0.304499,3.911132,0.778902,-0.178590,4.014047,0.530518,0.305628,3.844717,0.261691,0.090378,3.859936,0.385692,0.402499,3.631211,0.345879,0.143803,3.781845
1071,0.370791,-0.383698,3.814531,0.473726,-0.708878,3.758820,0.520612,-1.074304,3.616080,1.027761,-1.049176,4.025889,1.009426,-0.561030,4.055405,0.954335,-0.181590,4.028188,0.484176,-0.314152,3.910350,0.793201,-0.188654,4.015107,0.527070,0.279880,3.859119,0.266513,0.076979,3.859047,0.405659,0.419300,3.603566,0.326411,0.203416,3.737566
1072,0.374499,-0.388241,3.817893,0.478372,-0.713533,3.758263,0.509161,-1.083147,3.613846,1.020515,-1.055413,4.024197,1.018188,-0.560671,4.047757,0.957720,-0.179543,4.024755,0.500447,-0.323530,3.911865,0.809909,-0.205969,4.016328,0.504684,0.260149,3.874503,0.260918,0.062376,3.874817,0.407267,0.399747,3.632629,0.382260,0.166402,3.765567
1073,0.367933,-0.397576,3.818360,0.465091,-0.699674,3.755938,0.504919,-1.082118,3.605619,1.012821,-1.051417,4.028045,0.998408,-0.564165,4.055165,0.951337,-0.185324,4.026648,0.497132,-0.317366,3.907922,0.799509,-0.209522,4.016072,0.545991,0.269213,3.866267,0.278132,0.056380,3.886514,0.516640,0.348980,3.687755,0.412366,0.048042,3.842981
1074,0.367683,-0.390615,3.813604,0.457317,-0.702058,3.754370,0.512606,-1.078176,3.606320,1.014923,-1.037938,4.019489,1.007019,-0.554267,4.051970,0.936158,-0.178166,4.027377,0.494762,-0.333116,3.909923,0.797389,-0.207159,4.012610,0.512274,0.262033,3.873023,0.264864,0.034104,3.885413,0.462512,0.338977,3.702653,0.402779,0.054451,3.845872
1075,0.368743,-0.416580,3.810472,0.468716,-0.716405,3.751017,0.518844,-1.089070,3.601827,1.011854,-1.045491,4.023822,1.002868,-0.558015,4.061647,0.935389,-0.186963,4.032146,0.510185,-0.342883,3.910847,0.809081,-0.220787,4.014884,0.517897,0.257871,3.877185,0.290391,0.033822,3.875484,0.509134,0.269579,3.766626,0.406834,-0.003725,3.863761
1076,0.370424,-0.403772,3.806622,0.439689,-0.696680,3.749933,0.511873,-1.077426,3.605839,1.018993,-1.041586,4.020521,0.998661,-0.558241,4.062829,0.937323,-0.181858,4.031582,0.518409,-0.350204,3.904184,0.816507,-0.232614,4.013082,0.519872,0.219400,3.895554,0.273992,-0.016493,3.906281,0.450783,0.410304,3.638274,0.368165,0.198221,3.718406
1077,0.366171,-0.405207,3.810672,0.457525,-0.698809,3.751769,0.524835,-1.070438,3.609529,1.015905,-1.041039,4.017398,0.994871,-0.558935,4.063488,0.938500,-0.188454,4.030809,0.518700,-0.334370,3.900492,0.814481,-0.222912,4.007723,0.519035,0.232204,3.876539,0.286250,0.015577,3.876202,0.453905,0.371360,3.678867,0.356509,0.108594,3.793054
1078,0.371754,-0.394775,3.809602,0.474964,-0.665116,3.760142,0.527607,-1.050468,3.614880,1.011492,-1.040497,4.020243,0.977626,-0.561290,4.068614,0.931955,-0.187920,4.033078,0.516140,-0.345411,3.902146,0.812263,-0.224418,4.011172,0.513233,0.228541,3.886701,0.263887,-0.035178,3.903761,0.425003,0.340973,3.735170,0.328178,0.114358,3.798042
1079,0.375621,-0.392960,3.814445,0.468344,-0.669066,3.753843,0.520618,-1.049585,3.613744,1.009551,-1.034372,4.016418,0.982965,-0.552832,4.068118,0.928924,-0.191298,4.036030,0.521512,-0.339008,3.902328,0.817910,-0.229844,4.008898,0.523544,0.229433,3.876207,0.276011,-0.010415,3.894449,0.471435,0.289957,3.747625,0.323854,0.052007,3.840631
1080,0.361758,-0.396815,3.814407,0.461588,-0.682230,3.757809,0.518609,-1.058210,3.609129,1.007310,-1.039858,4.017468,0.988192,-0.560949,4.069170,0.936762,-0.188981,4.036630,0.513978,-0.336216,3.903018,0.809607,-0.227717,4.010704,0.499636,0.227732,3.881432,0.271673,-0.027917,3.907401,0.508238,0.341329,3.700632,0.337886,0.171258,3.747618
1081,0.360808,-0.370428,3.804636,0.469639,-0.640152,3.762446,0.515026,-1.043410,3.616310,1.011850,-1.035227,4.023467,0.974663,-0.553890,4.070137,0.931264,-0.187650,4.034935,0.521272,-0.326673,3.902289,0.814210,-0.215970,4.009930,0.507887,0.240552,3.870847,0.282996,0.001857,3.894469,0.499739,0.303580,3.724247,0.351423,0.139204,3.780725
1082,0.366562,-0.397172,3.810585,0.473562,-0.668516,3.749553,0.522077,-1.050769,3.616600,1.010845,-1.032292,4.018970,0.984156,-0.550946,4.068847,0.933497,-0.183762,4.033902,0.516950,-0.330790,3.903091,0.814252,-0.217741,4.011285,0.522171,0.231178,3.878392,0.278376,-0.007048,3.891672,0.504500,0.371116,3.672786,0.352812,0.200585,3.723667
1083,0.369086,-0.391147,3.797662,0.480323,-0.665256,3.752587,0.526617,-1.044886,3.612092,1.016256,-1.031609,4.018498,0.987995,-0.547230,4.068779,0.941163,-0.180518,4.028745,0.526361,-0.323030,3.898783,0.822126,-0.210953,4.006248,0.513642,0.221073,3.883653,0.277055,-0.042185,3.905981,0.518103,0.388623,3.651238,0.360805,0.252040,3.680400
1084,0.363908,-0.396368,3.805628,0.468765,-0.674474,3.754132,0.517468,-1.057493,3.610604,1.013118,-1.040216,4.023602,0.980121,-0.562416,4.069152,0.946759,-0.180939,4.029539,0.517494,-0.330825,3.900714,0.816754,-0.220251,4.010855,0.514356,0.215611,3.889013,0.272477,-0.049994,3.914236,0.496763,0.362693,3.667057,0.349229,0.231953,3.699723
1085,0.364350,-0.392457,3.809505,0.468628,-0.677044,3.745921,0.523452,-1.055129,3.612492,1.011732,-1.033556,4.021494,0.992140,-0.554115,4.073767,0.939814,-0.180057,4.035277,0.516265,-0.331326,3.903505,0.816493,-0.212080,4.012006,0.534652,0.224739,3.871653,0.273737,-0.009458,3.894304,0.458967,0.344466,3.678580,0.337540,0.187101,3.736132
1086,0.370494,-0.389078,3.802901,0.471527,-0.668327,3.750267,0.527825,-1.046816,3.611979,1.013196,-1.033019,4.020709,0.984989,-0.555492,4.072890,0.941955,-0.188697,4.032003,0.526335,-0.322665,3.904118,0.824070,-0.209711,4.007865,0.519521,0.224981,3.886788,0.280436,-0.027782,3.897484,0.489427,0.421637,3.628930,0.357759,0.258921,3.679542
1087,0.367448,-0.416103,3.810777,0.478363,-0.691644,3.748653,0.525479,-1.060951,3.614519,1.017806,-1.030114,4.021015,0.994130,-0.551850,4.066225,0.939134,-0.193975,4.035082,0.518000,-0.329195,3.905306,0.816617,-0.214677,4.012704,0.536613,0.224401,3.874720,0.270417,0.018711,3.879906,0.452634,0.432359,3.601394,0.372557,0.226843,3.712659
1088,0.365544,-0.412724,3.815987,0.469364,-0.685333,3.741852,0.522876,-1.050784,3.610884,1.016510,-1.031692,4.020368,1.003129,-0.546822,4.068935,0.939346,-0.187020,4.036889,0.528148,-0.325093,3.901509,0.828339,-0.211427,4.005697,0.519898,0.217954,3.871697,0.265660,-0.038098,3.893968,0.490663,0.414568,3.630359,0.363503,0.222849,3.701075
1089,0.370342,-0.398909,3.800464,0.474352,-0.676523,3.737463,0.519467,-1.057901,3.607626,1.017149,-1.027408,4.018750,1.004556,-0.544016,4.067142,0.939885,-0.184061,4.034493,0.530171,-0.321994,3.899270,0.831505,-0.210671,4.000410,0.526255,0.227185,3.867449,0.265548,-0.029668,3.896795,0.505517,0.429739,3.610245,0.378486,0.245157,3.691472
1090,0.366189,-0.397651,3.809972,0.456092,-0.681970,3.744209,0.517379,-1.050854,3.608809,1.013384,-1.040601,4.023265,1.015849,-0.559183,4.063252,0.946366,-0.195746,4.032583,0.518041,-0.326904,3.904285,0.819162,-0.218325,4.013688,0.532916,0.218285,3.883665,0.267001,-0.021714,3.896809,0.477302,0.436445,3.598094,0.350780,0.314725,3.639123
1091,0.366195,-0.397932,3.811136,0.451589,-0.683756,3.746166,0.520266,-1.051058,3.613984,1.012539,-1.038159,4.019098,1.014125,-0.546726,4.060468,0.934714,-0.192712,4.034870,0.526953,-0.318150,3.900670,0.823518,-0.208379,4.007972,0.533446,0.237271,3.865325,0.275844,-0.007590,3.894058,0.503330,0.332466,3.717467,0.386532,0.112730,3.812515
1092,0.363124,-0.390975,3.810174,0.445888,-0.684548,3.744366,0.511735,-1.052238,3.610646,1.019027,-1.041202,4.017635,1.015779,-0.554785,4.058440,0.942949,-0.190762,4.030746,0.520532,-0.321904,3.903535,0.823493,-0.205039,4.008475,0.528187,0.240837,3.866596,0.275661,-0.008790,3.881445,0.499278,0.351274,3.687630,0.366562,0.213087,3.719357
1093,0.358959,-0.387504,3.800860,0.442949,-0.677657,3.738753,0.507785,-1.041806,3.610064,1.016242,-1.037018,4.015438,1.036516,-0.554087,4.050259,0.950342,-0.191466,4.024134,0.511748,-0.311712,3.900309,0.820467,-0.205044,4.005957,0.499314,0.219392,3.875695,0.277371,0.017823,3.871232,0.489664,0.425615,3.607404,0.391609,0.244306,3.687779
1094,0.366703,-0.394867,3.803537,0.446464,-0.686308,3.733924,0.506495,-1.052516,3.609852,1.002626,-1.036371,4.024704,1.029753,-0.555433,4.055582,0.940969,-0.186247,4.024113,0.512806,-0.323203,3.904267,0.814170,-0.204019,4.008267,0.518981,0.228725,3.872109,0.258165,0.001607,3.878202,0.436297,0.379913,3.661742,0.335256,0.228925,3.707211
1095,0.369276,-0.395482,3.805517,0.443626,-0.675173,3.740968,0.510936,-1.035953,3.618044,0.995022,-1.022732,4.024953,1.020649,-0.551315,4.050403,0.949576,-0.176376,4.017142,0.523353,-0.294774,3.897705,0.818898,-0.173241,3.997095,0.518776,0.243758,3.864072,0.260773,-0.003579,3.884982,0.503274,0.333653,3.707143,0.340937,0.063040,3.839374
1096,0.371226,-0.409663,3.813997,0.440325,-0.696023,3.746294,0.504551,-1.047936,3.619170,0.994216,-1.017859,4.022967,1.020786,-0.548611,4.052732,0.946653,-0.172924,4.017432,0.518613,-0.315617,3.905571,0.818317,-0.189538,4.005549,0.508090,0.207234,3.888481,0.248268,-0.046467,3.897969,0.460672,0.397859,3.648477,0.299637,0.184700,3.742862
1097,0.368811,-0.405728,3.812699,0.439765,-0.666574,3.749505,0.508408,-1.026191,3.633446,0.985130,-1.011246,4.024454,1.030003,-0.541565,4.054356,0.949399,-0.177758,4.017254,0.510178,-0.294229,3.911485,0.809703,-0.161662,4.006958,0.518259,0.255145,3.862687,0.256928,0.005836,3.886409,0.468425,0.356344,3.702310,0.333064,0.078959,3.840487
1098,0.390966,-0.412068,3.804717,0.454257,-0.674504,3.744886,0.504912,-1.014283,3.648268,0.984571,-0.974488,4.016754,1.036735,-0.525635,4.049958,0.945336,-0.178650,4.020736,0.525760,-0.276068,3.905875,0.816553,-0.146805,3.996615,0.517371,0.266937,3.851724,0.259650,0.013800,3.870487,0.625950,0.324539,3.758464,0.465594,-0.074282,3.941254
1099,0.385101,-0.421098,3.803329,0.436100,-0.686963,3.732159,0.494340,-1.003238,3.656528,0.964374,-0.961170,4.028121,1.071480,-0.511667,4.046325,0.963720,-0.173235,4.016433,0.519458,-0.262947,3.910964,0.804975,-0.124152,3.994409,0.482530,0.266992,3.859306,0.257771,0.047021,3.856832,0.570911,0.404685,3.718616,0.431511,0.099260,3.825403
1100,0.385985,-0.409231,3.793826,0.435307,-0.669928,3.715744,0.494482,-0.961477,3.679403,0.942800,-0.928780,4.029200,1.067179,-0.501663,4.050880,0.964690,-0.172803,4.021114,0.536839,-0.237084,3.908424,0.816859,-0.108489,3.990476,0.492088,0.238713,3.870264,0.236298,-0.008114,3.885487,0.533764,0.277341,3.774966,0.405403,0.141034,3.823827
1101,0.381569,-0.426343,3.794688,0.437694,-0.650237,3.715784,0.489070,-0.938028,3.691642,0.932233,-0.863521,4.028428,1.119477,-0.459868,4.037303,0.955479,-0.168370,4.022638,0.536587,-0.218425,3.907003,0.804911,-0.067717,3.975193,0.479492,0.261129,3.849610,0.251431,0.062448,3.849435,0.482328,0.502737,3.496434,0.328546,0.349124,3.573008
1102,0.373655,-0.413890,3.796780,0.425611,-0.638983,3.704497,0.478953,-0.907140,3.709881,0.923586,-0.840386,4.031051,1.118903,-0.446097,4.029310,0.956844,-0.163788,4.020578,0.529704,-0.200282,3.904568,0.787412,-0.041810,3.968375,0.491896,0.282242,3.842779,0.254884,0.065452,3.843081,0.534111,0.452974,3.653593,0.383232,0.239753,3.739371
1103,0.381110,-0.415357,3.802295,0.413112,-0.632271,3.692994,0.479091,-0.842459,3.721884,0.927475,-0.811855,4.035745,1.132713,-0.427877,4.018864,0.952233,-0.163040,4.019605,0.539469,-0.173370,3.895690,0.800656,-0.073656,3.977782,0.530211,0.293786,3.838344,0.266019,0.032231,3.855070,0.522909,0.489170,3.554147,0.387501,0.385660,3.586432
1104,0.372670,-0.429187,3.784313,0.398235,-0.633616,3.680711,0.483620,-0.848779,3.717481,0.945933,-0.772133,4.029681,1.136235,-0.427589,4.021133,0.967067,-0.184305,4.018336,0.528036,-0.188608,3.897944,0.815661,-0.084213,3.978884,0.547616,0.298999,3.832984,0.239187,-0.016072,3.881587,0.441682,0.521288,3.515458,0.310403,0.335381,3.646081
1105,0.370376,-0.422409,3.785570,0.400089,-0.626803,3.683776,0.481558,-0.882869,3.711107,0.948216,-0.769077,4.021863,1.141770,-0.439487,4.019214,0.969700,-0.200941,4.020432,0.525105,-0.203268,3.896685,0.809483,-0.090527,3.977678,0.541142,0.284080,3.844789,0.238230,-0.024081,3.892850,0.433541,0.507927,3.521379,0.295961,0.332665,3.639404
1106,0.369369,-0.425942,3.788152,0.400149,-0.630874,3.678425,0.486995,-0.895796,3.708280,0.950860,-0.793969,4.019386,1.132047,-0.452026,4.026643,0.970486,-0.218808,4.026849,0.512328,-0.220138,3.902860,0.798512,-0.093890,3.976202,0.503304,0.275154,3.852896,0.214919,-0.027812,3.900806,0.426175,0.468658,3.565990,0.310209,0.269533,3.700736
1107,0.378521,-0.414883,3.782819,0.426798,-0.622204,3.684079,0.498353,-0.883526,3.713332,0.954934,-0.792251,4.019212,1.133873,-0.449707,4.023647,0.960854,-0.221277,4.028768,0.537681,-0.200216,3.896232,0.795807,-0.085539,3.973150,0.504333,0.288180,3.842588,0.264993,0.045119,3.858207,0.464911,0.475448,3.584353,0.349538,0.296412,3.683481
1108,0.369727,-0.411234,3.784088,0.425319,-0.622451,3.685330,0.497663,-0.890746,3.718394,0.953934,-0.802237,4.018114,1.131763,-0.454445,4.022597,0.967826,-0.222072,4.027234,0.531174,-0.210035,3.902517,0.800522,-0.093389,3.974627,0.492071,0.271144,3.858552,0.239224,0.000160,3.886144,0.408543,0.422265,3.624111,0.321536,0.302614,3.674180
1109,0.378632,-0.414407,3.774401,0.426298,-0.625938,3.685893,0.503814,-0.886930,3.717462,0.958759,-0.794942,4.022491,1.136413,-0.445720,4.018960,0.967074,-0.216230,4.026601,0.533707,-0.214743,3.903183,0.801831,-0.088853,3.975253,0.489139,0.285522,3.847349,0.231066,-0.028212,3.901328,0.450904,0.441567,3.639777,0.316550,0.272782,3.700871
1110,0.372067,-0.424158,3.781965,0.433110,-0.618598,3.693430,0.508774,-0.890493,3.718834,0.968539,-0.783795,4.020234,1.137693,-0.438508,4.015650,0.968622,-0.208304,4.027921,0.545689,-0.186880,3.899860,0.815487,-0.061357,3.970485,0.501894,0.295013,3.837885,0.238124,0.014853,3.876283,0.488361,0.371196,3.677994,0.366056,0.257715,3.704349
1111,0.373515,-0.419357,3.798607,0.427484,-0.621002,3.700037,0.502810,-0.888107,3.713467,0.972261,-0.789790,4.019236,1.139469,-0.433457,4.010424,0.975415,-0.207287,4.020033,0.551922,-0.178074,3.901798,0.830148,-0.083195,3.979741,0.532852,0.286322,3.843608,0.251915,0.031037,3.867557,0.522361,0.482355,3.551105,0.392004,0.324815,3.632123
1112,0.377441,-0.415906,3.793240,0.427582,-0.630988,3.705440,0.501435,-0.884678,3.705709,0.976731,-0.784088,4.015155,1.133106,-0.431743,4.015317,0.967676,-0.201553,4.020247,0.566435,-0.183138,3.898879,0.843957,-0.082714,3.970519,0.544440,0.282496,3.849048,0.248586,0.005967,3.881703,0.548462,0.489340,3.566736,0.410788,0.277854,3.693456
1113,0.377326,-0.408390,3.785448,0.436750,-0.605230,3.696156,0.500147,-0.874907,3.719257,0.972783,-0.785500,4.019401,1.133366,-0.436353,4.013935,0.979590,-0.205257,4.021911,0.555033,-0.185488,3.902860,0.819076,-0.080880,3.980167,0.526688,0.300496,3.833335,0.250941,0.058015,3.847413,0.532902,0.501231,3.554236,0.404324,0.280376,3.699590
1114,0.368430,-0.412691,3.788469,0.432185,-0.606043,3.697382,0.502333,-0.869025,3.719349,0.978746,-0.783840,4.016628,1.132232,-0.430761,4.012573,0.977404,-0.198836,4.019270,0.553485,-0.177377,3.900673,0.827927,-0.072377,3.975355,0.517098,0.301962,3.836063,0.253008,0.059634,3.849508,0.514808,0.526359,3.540023,0.393202,0.353788,3.634959
1115,0.376205,-0.431851,3.800703,0.426593,-0.636619,3.694016,0.500363,-0.875935,3.716282,0.980175,-0.788801,4.021743,1.139011,-0.432555,4.014012,0.976591,-0.205288,4.019526,0.558191,-0.177773,3.899082,0.839053,-0.077206,3.973000,0.451701,0.234962,3.880468,0.253992,0.076521,3.853369,0.520628,0.547192,3.525404,0.401905,0.388956,3.591196
1116,0.374840,-0.420157,3.784714,0.424301,-0.609210,3.698807,0.497795,-0.853904,3.718577,0.983641,-0.790832,4.016372,1.140277,-0.430799,4.007827,0.985755,-0.201004,4.015706,0.560447,-0.154934,3.895050,0.850082,-0.067898,3.970708,0.552609,0.286509,3.850301,0.258245,0.048868,3.857197,0.513968,0.530238,3.504210,0.391630,0.413584,3.556967
1117,0.377185,-0.416423,3.778427,0.431632,-0.620689,3.690002,0.496692,-0.874213,3.714305,0.979642,-0.796609,4.017237,1.133812,-0.434848,4.008755,0.985013,-0.213419,4.019385,0.560250,-0.178827,3.902207,0.832486,-0.078502,3.976680,0.516771,0.281707,3.847222,0.254235,0.066307,3.845982,0.523817,0.560343,3.477446,0.413879,0.413267,3.572478
1118,0.374749,-0.438237,3.783765,0.425203,-0.631497,3.708410,0.497192,-0.865273,3.717944,0.979808,-0.794321,4.016388,1.137733,-0.446042,4.017033,0.986833,-0.222318,4.024480,0.572181,-0.167973,3.896307,0.857495,-0.062249,3.964678,0.540002,0.296192,3.832877,0.248913,0.033315,3.860701,0.560854,0.586373,3.489883,0.425590,0.382348,3.623041
1119,0.384194,-0.424728,3.784207,0.433561,-0.609451,3.696320,0.493691,-0.847412,3.724442,0.977982,-0.789909,4.018268,1.130472,-0.446545,4.009964,0.988521,-0.228011,4.021498,0.562724,-0.178407,3.903055,0.840806,-0.089773,3.975889,0.513833,0.281633,3.853882,0.254674,0.074873,3.840063,0.516483,0.530375,3.541054,0.415112,0.400385,3.600462
1120,0.380251,-0.420858,3.783979,0.436336,-0.597532,3.709683,0.493173,-0.831510,3.723193,0.981715,-0.781026,4.018281,1.132484,-0.443397,4.016438,0.985450,-0.226983,4.022275,0.568275,-0.144674,3.891883,0.858880,-0.063329,3.964250,0.571399,0.296530,3.833064,0.267786,0.051974,3.854675,0.556223,0.522889,3.558433,0.441360,0.373222,3.615148
1121,0.377742,-0.426024,3.781553,0.447589,-0.583835,3.713435,0.495886,-0.835007,3.721059,0.975415,-0.783846,4.020299,1.140657,-0.439892,4.009205,0.988629,-0.228639,4.023260,0.563230,-0.167084,3.895451,0.847939,-0.077279,3.968449,0.553879,0.296564,3.838461,0.260649,0.074720,3.847766,0.557463,0.533628,3.549908,0.425588,0.404372,3.597811
1122,0.379672,-0.418768,3.786789,0.436480,-0.585327,3.712073,0.492571,-0.830558,3.727144,0.970945,-0.781754,4.025372,1.136905,-0.444938,4.011430,0.989882,-0.226862,4.023286,0.569915,-0.158971,3.892077,0.847142,-0.063011,3.965245,0.533454,0.266067,3.857601,0.254791,0.029831,3.865622,0.516117,0.526984,3.582266,0.417398,0.419248,3.598974
1123,0.379324,-0.427825,3.778351,0.444185,-0.589576,3.708683,0.493294,-0.837542,3.724897,0.972266,-0.770291,4.020872,1.128187,-0.441365,4.012242,0.996000,-0.225612,4.019773,0.564146,-0.166232,3.900837,0.842402,-0.060165,3.968314,0.541158,0.280032,3.851939,0.249728,0.033140,3.859285,0.504871,0.487418,3.595954,0.407152,0.364200,3.614905
1124,0.374186,-0.409466,3.785410,0.445961,-0.583441,3.713467,0.494046,-0.832239,3.720018,0.974539,-0.767452,4.017180,1.134838,-0.438699,4.008377,1.003864,-0.224736,4.023393,0.575415,-0.150478,3.897601,0.853444,-0.043716,3.961270,0.564983,0.303934,3.829090,0.250621,0.069586,3.848839,0.570061,0.490823,3.581414,0.428203,0.298585,3.675138
1125,0.385040,-0.414888,3.781797,0.456629,-0.572965,3.714414,0.490414,-0.832859,3.724565,0.968020,-0.775549,4.025228,1.119229,-0.448344,4.015040,0.993637,-0.223422,4.029027,0.561178,-0.172885,3.905213,0.835696,-0.057761,3.971765,0.571979,0.313129,3.827417,0.271384,0.063295,3.855958,0.578863,0.523897,3.565520,0.433463,0.380469,3.629618
1126,0.395334,-0.420988,3.791187,0.456215,-0.575795,3.706567,0.501729,-0.819043,3.731297,0.964988,-0.758263,4.018011,1.138175,-0.446497,4.006426,1.002666,-0.241639,4.035270,0.580426,-0.167710,3.900396,0.851750,-0.042512,3.964705,0.587577,0.309675,3.820666,0.261825,0.038989,3.856201,0.571992,0.488759,3.601813,0.417438,0.340809,3.679838
1127,0.397437,-0.408316,3.795117,0.471493,-0.560022,3.721265,0.500701,-0.824458,3.721914,0.964284,-0.766456,4.015074,1.138585,-0.449585,3.996708,1.004275,-0.231594,4.035113,0.583554,-0.171442,3.894782,0.853062,-0.059970,3.964176,0.624774,0.291112,3.833937,0.265696,0.024880,3.876346,0.653582,0.451717,3.605455,0.429878,0.287545,3.676637
1128,0.376773,-0.397280,3.794106,0.456439,-0.563438,3.720207,0.502727,-0.823526,3.729754,0.965012,-0.775339,4.024890,1.128512,-0.460992,4.009962,1.013954,-0.227777,4.032187,0.571799,-0.178065,3.899542,0.847208,-0.062553,3.970008,0.564542,0.293463,3.832182,0.266424,0.042702,3.861147,0.581145,0.427160,3.651384,0.430333,0.270691,3.714465
1129,0.380796,-0.385217,3.791628,0.449533,-0.549081,3.726735,0.502819,-0.822169,3.724985,0.965747,-0.777045,4.023804,1.130875,-0.450230,4.012546,1.029919,-0.217419,4.037108,0.573863,-0.164239,3.894702,0.860682,-0.046689,3.963234,0.605355,0.304098,3.832531,0.262937,0.049883,3.855638,0.597752,0.481289,3.597566,0.445804,0.359999,3.666341
1130,0.387921,-0.371449,3.799730,0.462084,-0.544892,3.730599,0.503671,-0.820982,3.725639,0.969841,-0.764276,4.021420,1.139209,-0.428037,4.006116,1.026000,-0.198910,4.024898,0.581504,-0.182488,3.893371,0.864517,-0.063110,3.963699,0.628607,0.294011,3.833467,0.273595,0.025866,3.863940,0.629414,0.477863,3.605006,0.435860,0.307731,3.675805
1131,0.391496,-0.394463,3.783203,0.450553,-0.552519,3.723449,0.509638,-0.825379,3.728491,0.960611,-0.770659,4.027632,1.137740,-0.431295,4.003839,1.010106,-0.201227,4.028274,0.574853,-0.189908,3.896485,0.835758,-0.063992,3.967654,0.542576,0.284188,3.849475,0.267323,0.022900,3.857200,0.536863,0.458399,3.632158,0.393376,0.327522,3.674355
1132,0.390677,-0.391005,3.796166,0.453125,-0.552701,3.725976,0.510744,-0.828164,3.729492,0.968608,-0.759945,4.024233,1.151431,-0.422702,3.999793,1.003904,-0.208583,4.031062,0.570969,-0.188013,3.896867,0.840071,-0.049892,3.965512,0.561578,0.281899,3.847953,0.262915,0.022420,3.865071,0.512567,0.449773,3.624133,0.380438,0.344827,3.641212
1133,0.386649,-0.394407,3.790547,0.448588,-0.553344,3.729000,0.502137,-0.827594,3.724202,0.972244,-0.769900,4.021721,1.149372,-0.431097,4.002858,1.000320,-0.209315,4.030725,0.569269,-0.166118,3.895686,0.857684,-0.043077,3.961083,0.602135,0.293871,3.836374,0.256329,0.031353,3.862432,0.519768,0.501668,3.558819,0.389083,0.379012,3.612742
1134,0.384629,-0.397930,3.793502,0.454369,-0.559427,3.726107,0.506821,-0.839236,3.719506,0.966168,-0.775751,4.023167,1.137583,-0.438663,4.003239,1.004789,-0.212351,4.028751,0.576065,-0.184060,3.900295,0.842735,-0.066614,3.972703,0.540504,0.281040,3.852074,0.252528,0.026602,3.863410,0.536714,0.504721,3.577143,0.411005,0.335283,3.647500
1135,0.388775,-0.398350,3.789793,0.456943,-0.561443,3.726882,0.504912,-0.840314,3.719866,0.975787,-0.768002,4.028424,1.132984,-0.436054,4.011354,1.002310,-0.212509,4.023485,0.570818,-0.190418,3.897101,0.843235,-0.066514,3.968292,0.523745,0.262472,3.863975,0.246172,0.030416,3.850926,0.521656,0.510685,3.563675,0.380608,0.364560,3.609692
1136,0.385585,-0.393883,3.797921,0.450282,-0.569942,3.724562,0.505643,-0.834052,3.723026,0.977445,-0.754160,4.022434,1.132405,-0.427602,4.006791,0.995547,-0.209907,4.017744,0.566335,-0.173127,3.898836,0.851939,-0.066877,3.966760,0.553273,0.280544,3.847290,0.252234,0.056478,3.849213,0.533245,0.531292,3.535904,0.404529,0.391784,3.586080
1137,0.389690,-0.398289,3.790108,0.449439,-0.585530,3.717128,0.508367,-0.846090,3.719012,0.973615,-0.754854,4.022886,1.131192,-0.422110,4.007130,0.980740,-0.213425,4.014396,0.574129,-0.191519,3.895313,0.848776,-0.076724,3.967644,0.540131,0.278794,3.844528,0.247923,0.064013,3.833358,0.562990,0.495351,3.598560,0.419989,0.317190,3.673735
1138,0.383919,-0.393750,3.791543,0.449428,-0.589011,3.714396,0.505082,-0.844882,3.719028,0.971388,-0.759206,4.023741,1.144952,-0.419473,4.002278,0.988595,-0.217461,4.015182,0.565276,-0.180146,3.898688,0.843815,-0.071034,3.970200,0.446527,0.200122,3.911588,0.247674,0.070564,3.840878,0.494666,0.510703,3.590373,0.360053,0.384948,3.616338
1139,0.391462,-0.383667,3.789253,0.453796,-0.587454,3.719312,0.507506,-0.837437,3.717309,0.970696,-0.764528,4.022027,1.134813,-0.439459,4.013287,0.989326,-0.219362,4.017797,0.567252,-0.174369,3.898714,0.847420,-0.065499,3.971362,0.515344,0.276973,3.857867,0.262762,0.065004,3.838229,0.507515,0.470182,3.612523,0.371549,0.347419,3.637194
1140,0.389871,-0.393901,3.797199,0.465771,-0.589330,3.725041,0.517616,-0.845104,3.724994,0.970186,-0.772437,4.028573,1.133259,-0.433061,4.011945,0.979017,-0.219686,4.016641,0.563339,-0.206633,3.903863,0.835639,-0.079957,3.977716,0.522515,0.306184,3.844667,0.261048,0.075939,3.834509,0.529543,0.475925,3.616868,0.378292,0.292088,3.689413
1141,0.384669,-0.381676,3.803977,0.459211,-0.573694,3.726660,0.523435,-0.834907,3.723128,0.972749,-0.770130,4.028694,1.143736,-0.421414,4.013245,0.988022,-0.216331,4.013756,0.571526,-0.156733,3.900140,0.850556,-0.045090,3.966562,0.541382,0.309887,3.836783,0.254661,0.085091,3.840066,0.513960,0.519580,3.567301,0.364684,0.382050,3.602981
1142,0.384651,-0.366838,3.803152,0.456168,-0.567964,3.727490,0.516466,-0.843944,3.720164,0.967674,-0.781215,4.033370,1.121768,-0.435644,4.019363,0.978759,-0.216098,4.016848,0.568267,-0.181868,3.900554,0.842652,-0.065092,3.973537,0.457938,0.214336,3.905921,0.255164,0.030468,3.863827,0.511013,0.475988,3.634273,0.349822,0.306868,3.675371
1143,0.387937,-0.379400,3.801400,0.460254,-0.571351,3.726619,0.516819,-0.843255,3.726344,0.965744,-0.780185,4.028926,1.133584,-0.434138,4.018048,0.983870,-0.213546,4.016652,0.560859,-0.179788,3.904657,0.842001,-0.071068,3.974813,0.448235,0.219421,3.899330,0.261129,0.048535,3.852886,0.508873,0.434299,3.681814,0.390346,0.309861,3.718733
1144,0.386193,-0.379133,3.802895,0.454751,-0.573148,3.721112,0.511631,-0.853258,3.724128,0.963644,-0.780014,4.035704,1.137470,-0.432870,4.019989,0.981429,-0.215502,4.019028,0.559457,-0.183107,3.905963,0.833993,-0.065648,3.976761,0.500964,0.282204,3.856759,0.257819,0.052193,3.851336,0.509518,0.437429,3.684080,0.397809,0.274197,3.735259
1145,0.385464,-0.380160,3.800941,0.458818,-0.574463,3.728154,0.515124,-0.851200,3.723305,0.961661,-0.783328,4.035658,1.120875,-0.434374,4.023561,0.979299,-0.211281,4.017449,0.567966,-0.187799,3.902354,0.833051,-0.062574,3.976734,0.464696,0.233072,3.889916,0.265547,0.052746,3.848417,0.540610,0.436211,3.676910,0.410201,0.288419,3.729122
1146,0.379835,-0.385646,3.795379,0.454646,-0.572725,3.722328,0.508895,-0.844382,3.722787,0.958183,-0.790509,4.035109,1.126837,-0.438245,4.016859,0.983169,-0.206939,4.012156,0.568801,-0.169363,3.900717,0.846921,-0.061639,3.971766,0.524565,0.291782,3.843442,0.258949,0.054578,3.846384,0.553419,0.451848,3.677769,0.434038,0.291883,3.712131
1147,0.384668,-0.371184,3.796620,0.454206,-0.546563,3.730792,0.495135,-0.838279,3.718842,0.953005,-0.797475,4.033637,1.124917,-0.441623,4.026588,0.979349,-0.207702,4.014879,0.567310,-0.170354,3.896015,0.839172,-0.065197,3.970301,0.516215,0.298406,3.829446,0.248488,0.059027,3.845496,0.532935,0.446145,3.674229,0.419047,0.325500,3.701530
1148,0.379420,-0.396580,3.797637,0.450656,-0.570271,3.721860,0.497775,-0.845965,3.718542,0.951296,-0.797063,4.035338,1.132923,-0.448411,4.023700,0.973870,-0.210009,4.017973,0.571081,-0.184487,3.898489,0.838577,-0.072671,3.970822,0.494398,0.288761,3.840805,0.254953,0.052740,3.845793,0.505886,0.456225,3.639912,0.379305,0.315380,3.668803
1149,0.384048,-0.408528,3.801484,0.449191,-0.599696,3.708560,0.495979,-0.860729,3.714614,0.951400,-0.788882,4.035136,1.125531,-0.450405,4.027686,0.975678,-0.211661,4.020629,0.568446,-0.194686,3.898980,0.827615,-0.075376,3.974970,0.502268,0.308345,3.834488,0.249723,0.083965,3.834328,0.513576,0.436634,3.647333,0.362167,0.286418,3.686595
1150,0.388819,-0.396777,3.805967,0.449826,-0.599187,3.710112,0.494718,-0.852806,3.712136,0.958527,-0.781460,4.035299,1.135751,-0.449301,4.025263,0.978594,-0.206441,4.018604,0.561376,-0.178745,3.900112,0.826495,-0.065293,3.980311,0.488535,0.290314,3.841820,0.262819,0.088269,3.836753,0.485239,0.465348,3.591202,0.391478,0.379928,3.616193
1151,0.376852,-0.398196,3.793893,0.444981,-0.589866,3.707700,0.494351,-0.854602,3.726111,0.946980,-0.805353,4.040791,1.117099,-0.467731,4.035930,0.981905,-0.210153,4.022613,0.554003,-0.193049,3.904496,0.827957,-0.073074,3.980550,0.480168,0.291989,3.847456,0.263029,0.054350,3.850022,0.472200,0.480750,3.632834,0.388345,0.330988,3.691689
1152,0.376173,-0.400474,3.798853,0.447589,-0.601111,3.707023,0.496582,-0.874001,3.721002,0.959015,-0.793695,4.038199,1.130104,-0.461814,4.023903,0.989058,-0.200585,4.016653,0.552053,-0.195173,3.909731,0.828113,-0.065169,3.980865,0.445527,0.218469,3.891860,0.245166,0.062251,3.849810,0.540816,0.454427,3.658618,0.407881,0.282421,3.722959
1153,0.382389,-0.398172,3.792508,0.436764,-0.615363,3.700306,0.486211,-0.874385,3.712321,0.948364,-0.806254,4.033002,1.123385,-0.462184,4.027786,0.986373,-0.198715,4.015997,0.548793,-0.215161,3.905871,0.828098,-0.092937,3.979939,0.517313,0.284162,3.848487,0.248055,0.055887,3.855834,0.548332,0.421196,3.667414,0.395369,0.272713,3.720630
1154,0.376964,-0.411987,3.797397,0.437849,-0.630618,3.698147,0.493971,-0.889184,3.713620,0.966332,-0.780337,4.035629,1.126461,-0.459805,4.035341,0.983449,-0.190696,4.016539,0.550156,-0.194728,3.903192,0.821911,-0.069064,3.976093,0.506742,0.305082,3.827495,0.264477,0.083246,3.837564,0.535562,0.409328,3.697815,0.394504,0.242914,3.755691
1155,0.380782,-0.409716,3.796409,0.440376,-0.638570,3.699340,0.493268,-0.899664,3.719769,0.947162,-0.787499,4.041632,1.141478,-0.464900,4.029804,0.983178,-0.212120,4.023916,0.532504,-0.215172,3.907533,0.814219,-0.084973,3.983196,0.445470,0.236134,3.883672,0.243857,0.064869,3.844387,0.507865,0.427353,3.645289,0.390578,0.334404,3.672075
1156,0.383765,-0.408708,3.802014,0.439155,-0.642648,3.697409,0.493457,-0.904732,3.709463,0.941074,-0.788062,4.038867,1.140042,-0.456945,4.024947,0.983127,-0.211198,4.021209,0.550668,-0.203234,3.906250,0.819344,-0.080891,3.980215,0.437097,0.225096,3.890547,0.246398,0.034747,3.854661,0.509739,0.490685,3.568033,0.383030,0.315876,3.670580
1157,0.384840,-0.418988,3.804790,0.432922,-0.661091,3.699705,0.478515,-0.919027,3.708430,0.927981,-0.793658,4.044000,1.124715,-0.458490,4.029998,0.963015,-0.204283,4.022914,0.529795,-0.233613,3.905881,0.790182,-0.087842,3.985059,0.489819,0.290633,3.847646,0.232582,0.071624,3.834769,0.507983,0.392955,3.730635,0.390393,0.230699,3.774546
1158,0.378549,-0.414339,3.798970,0.429640,-0.653071,3.703245,0.483047,-0.903198,3.705535,0.925624,-0.798263,4.044506,1.130707,-0.457744,4.035838,0.970588,-0.195671,4.024097,0.515980,-0.227674,3.902592,0.777171,-0.097729,3.987332,0.485069,0.301409,3.835457,0.237287,0.051957,3.848036,0.515574,0.449944,3.727830,0.383325,0.251472,3.750949
1159,0.381127,-0.399619,3.796757,0.426575,-0.656062,3.705028,0.480453,-0.923277,3.706369,0.929698,-0.794047,4.043373,1.120069,-0.451382,4.042047,0.964341,-0.186201,4.020337,0.516926,-0.239720,3.912676,0.777710,-0.099182,3.993215,0.478643,0.297158,3.841965,0.255582,0.052044,3.852226,0.409684,0.275402,3.841599,0.320676,0.155995,3.807852
1160,0.379720,-0.405644,3.798715,0.423275,-0.676337,3.700963,0.475044,-0.932527,3.704246,0.919903,-0.805287,4.045399,1.120001,-0.466159,4.042150,0.971761,-0.184902,4.017853,0.506730,-0.253062,3.916208,0.777231,-0.105809,3.994797,0.483951,0.283655,3.853296,0.247940,0.069538,3.842149,0.411032,0.323273,3.806909,0.304066,0.231208,3.749470
1161,0.392874,-0.400230,3.797870,0.428371,-0.677862,3.698964,0.477479,-0.939051,3.709335,0.922299,-0.813879,4.038911,1.115180,-0.466503,4.039195,0.970923,-0.175940,4.015626,0.520266,-0.245526,3.912517,0.781166,-0.104767,3.990390,0.477523,0.281133,3.849571,0.248275,0.062326,3.855513,0.440979,0.312969,3.801085,0.344503,0.225050,3.759737
1162,0.380126,-0.410052,3.800031,0.407129,-0.679612,3.704592,0.483214,-0.940011,3.701545,0.930683,-0.821143,4.044229,1.108280,-0.471638,4.046999,0.969604,-0.176141,4.017556,0.522317,-0.241683,3.909908,0.791921,-0.111027,3.992403,0.488677,0.285224,3.852441,0.243792,0.041928,3.868229,0.488160,0.384290,3.709126,0.347685,0.256733,3.726416
1163,0.375796,-0.392935,3.798399,0.408195,-0.663806,3.706665,0.481435,-0.950376,3.696467,0.939517,-0.836032,4.041406,1.114814,-0.468757,4.035871,0.967352,-0.179298,4.018529,0.515444,-0.241392,3.907664,0.793256,-0.109752,3.986667,0.494132,0.299835,3.838708,0.242114,0.053500,3.862741,0.444501,0.399093,3.669468,0.317909,0.204555,3.758739
1164,0.382142,-0.391102,3.791765,0.405378,-0.663702,3.701945,0.479636,-0.960635,3.690540,0.940591,-0.844517,4.045553,1.113873,-0.467044,4.046576,0.968215,-0.173118,4.018375,0.507492,-0.234516,3.911580,0.783890,-0.109359,3.991414,0.495816,0.302519,3.834184,0.228638,0.080743,3.842348,0.481388,0.510255,3.593619,0.319398,0.233544,3.726105
1165,0.378975,-0.398763,3.795986,0.403191,-0.668948,3.702847,0.487271,-0.970149,3.683172,0.933311,-0.869995,4.047740,1.101121,-0.468634,4.044469,0.961256,-0.170104,4.021451,0.508466,-0.218151,3.903177,0.777320,-0.101623,3.991452,0.448858,0.263400,3.861850,0.233222,0.102447,3.829981,0.521623,0.307724,3.759622,0.349440,0.129722,3.796253
1166,0.380436,-0.386400,3.790969,0.408532,-0.639381,3.714673,0.487754,-0.963792,3.681092,0.952131,-0.892057,4.040906,1.074171,-0.474918,4.044664,0.967901,-0.162941,4.014469,0.520278,-0.208685,3.906281,0.805779,-0.116626,3.992452,0.575985,0.286755,3.840183,0.253212,0.074356,3.859112,0.596443,0.409945,3.655367,0.430610,0.214977,3.743506
1167,0.375285,-0.411963,3.797938,0.410821,-0.667346,3.713645,0.494347,-0.978997,3.664403,0.945694,-0.913509,4.041298,1.068799,-0.490247,4.051754,0.962277,-0.176171,4.024053,0.503783,-0.232902,3.904366,0.783400,-0.114080,3.995064,0.490646,0.276070,3.853042,0.243547,0.102221,3.850409,0.530282,0.516432,3.533373,0.384679,0.039156,3.883049
1168,0.379186,-0.418981,3.794690,0.415691,-0.668945,3.717243,0.503126,-0.993313,3.656384,0.958412,-0.927867,4.040628,1.040464,-0.502764,4.051507,0.963607,-0.172497,4.016991,0.510466,-0.247091,3.901765,0.791602,-0.134712,3.996674,0.479924,0.236939,3.877291,0.269176,0.081438,3.861161,0.598967,0.328833,3.781332,0.405810,0.033560,3.865544
1169,0.382890,-0.416520,3.786703,0.421520,-0.671180,3.726053,0.501841,-0.996402,3.650221,0.955874,-0.935854,4.040472,1.045063,-0.505739,4.054248,0.966578,-0.169744,4.020540,0.508103,-0.242703,3.901662,0.787417,-0.135290,4.003150,0.448173,0.251316,3.865976,0.266358,0.076695,3.858086,0.547887,0.185391,3.859994,0.363024,0.008962,3.885241
1170,0.394118,-0.419018,3.785110,0.425365,-0.699958,3.727667,0.510289,-1.019607,3.635376,0.978887,-0.977087,4.028594,1.049462,-0.566268,4.052296,0.954323,-0.185480,4.020136,0.513893,-0.278280,3.910167,0.813454,-0.171327,4.007663,0.517477,0.257161,3.873304,0.265135,0.061291,3.875790,0.538957,0.284515,3.767045,0.399210,0.046468,3.857200
1171,0.387314,-0.402325,3.804253,0.445263,-0.689203,3.742798,0.511643,-1.024070,3.633179,0.984644,-0.990349,4.030961,1.049814,-0.561211,4.053787,0.954529,-0.194089,4.024882,0.512722,-0.280550,3.914446,0.821384,-0.164365,4.010534,0.524070,0.292379,3.846366,0.253169,0.095678,3.848970,0.531071,0.394214,3.683533,0.365177,0.063207,3.867259
1172,0.386716,-0.392531,3.797541,0.442588,-0.682852,3.742546,0.511893,-1.034692,3.628714,0.991464,-1.000740,4.024456,1.047684,-0.561476,4.051248,0.954834,-0.200890,4.025474,0.494138,-0.290328,3.910278,0.799870,-0.163878,4.011613,0.539281,0.298470,3.846336,0.257926,0.112743,3.845966,0.464585,0.455807,3.568562,0.316786,0.182059,3.754271
1173,0.378409,-0.396949,3.817610,0.440423,-0.709191,3.743937,0.511199,-1.051626,3.617265,0.996998,-1.015041,4.019267,1.058373,-0.554754,4.048113,0.957562,-0.201057,4.018477,0.489257,-0.326741,3.903342,0.790476,-0.182315,4.011660,0.519413,0.253005,3.878972,0.262609,0.051283,3.878059,0.373710,0.387474,3.675226,0.376341,0.052006,3.852767
1174,0.382458,-0.395022,3.832535,0.462610,-0.710673,3.760638,0.516675,-1.054796,3.617846,1.002499,-1.024095,4.010358,1.050087,-0.547858,4.041594,0.952651,-0.199727,4.020404,0.484815,-0.312843,3.905647,0.790166,-0.174131,4.005174,0.496772,0.252947,3.883369,0.252067,0.054625,3.878863,0.392346,0.447209,3.583059,0.299250,0.228090,3.699118
1175,0.379079,-0.376221,3.810227,0.456754,-0.711135,3.745274,0.514452,-1.066531,3.615520,1.004491,-1.035079,4.004544,1.037063,-0.554030,4.046141,0.941326,-0.200027,4.024828,0.480853,-0.318426,3.902144,0.790977,-0.183360,4.001834,0.534882,0.281830,3.868767,0.269536,0.060427,3.867550,0.414703,0.319806,3.744472,0.341309,0.088436,3.824246
1176,0.380847,-0.379058,3.832154,0.453564,-0.711740,3.758076,0.519008,-1.065041,3.612666,1.003897,-1.040053,4.011190,1.021340,-0.559261,4.052598,0.936457,-0.205667,4.019672,0.498310,-0.327767,3.903392,0.809278,-0.215500,4.010581,0.512650,0.225428,3.902582,0.257236,0.026423,3.863884,0.420725,0.414929,3.646180,0.374161,0.253970,3.678303
1177,0.367948,-0.394665,3.818715,0.445256,-0.704665,3.763175,0.512562,-1.067505,3.610288,1.016913,-1.047025,4.010176,1.019862,-0.560045,4.052115,0.936333,-0.202111,4.024995,0.499872,-0.328707,3.907957,0.815506,-0.211749,4.012792,0.554073,0.237553,3.892849,0.285910,0.056494,3.874850,0.409084,0.404789,3.635472,0.333803,0.211095,3.704735
1178,0.376223,-0.383632,3.824331,0.461527,-0.688436,3.767104,0.520574,-1.065622,3.616742,1.023775,-1.047931,4.012587,1.026239,-0.557268,4.047717,0.938927,-0.199650,4.026031,0.506941,-0.318218,3.903116,0.808684,-0.205758,4.010587,0.532197,0.269101,3.871303,0.293322,0.062754,3.872115,0.312482,0.310744,3.734512,0.367245,0.214103,3.701702
1179,0.368868,-0.405173,3.816041,0.450571,-0.705048,3.754973,0.526056,-1.074533,3.608559,1.021023,-1.055644,4.010051,1.018256,-0.562219,4.047183,0.946130,-0.197460,4.024206,0.512962,-0.320836,3.907310,0.825517,-0.207210,4.007233,0.551228,0.252455,3.889604,0.283963,0.039420,3.887006,0.390281,0.459470,3.613045,0.328074,0.293581,3.652694
1180,0.367088,-0.402978,3.815669,0.461189,-0.706021,3.758606,0.527425,-1.069331,3.612106,1.013663,-1.050771,4.010497,1.000109,-0.563856,4.052826,0.946518,-0.195093,4.026848,0.521900,-0.322780,3.904829,0.825278,-0.209494,4.005907,0.535028,0.255835,3.884628,0.314082,0.038577,3.877140,0.451047,0.362293,3.721311,0.343359,0.184451,3.744045
1181,0.373215,-0.413151,3.812307,0.467340,-0.709341,3.759695,0.524738,-1.071977,3.609728,1.014073,-1.055718,4.013338,1.002593,-0.572209,4.053625,0.949076,-0.196384,4.026152,0.520871,-0.339801,3.908059,0.818935,-0.219254,4.010795,0.515301,0.223773,3.904406,0.303662,0.011912,3.890041,0.334427,0.334944,3.738039,0.349841,0.213701,3.716549
1182,0.373926,-0.415529,3.813750,0.472111,-0.695021,3.765388,0.528667,-1.064383,3.608145,1.014674,-1.054392,4.009727,0.999736,-0.574271,4.051736,0.944825,-0.199790,4.025826,0.518633,-0.330413,3.906243,0.822814,-0.219924,4.010282,0.548774,0.252232,3.882866,0.311222,0.043229,3.867448,0.427347,0.298343,3.784464,0.437669,0.151541,3.766848
1183,0.381799,-0.412678,3.812748,0.488513,-0.708398,3.763673,0.531920,-1.066132,3.607647,1.012794,-1.056299,4.008036,0.999681,-0.571665,4.057751,0.941055,-0.200193,4.027320,0.517796,-0.324430,3.906423,0.818696,-0.216867,4.011800,0.551090,0.267825,3.862340,0.305091,0.070049,3.849645,0.452817,0.352166,3.735755,0.409287,0.175896,3.743783
1184,0.381127,-0.420789,3.813199,0.486132,-0.722941,3.760731,0.534670,-1.065379,3.606944,1.009904,-1.062603,4.010066,0.992347,-0.580699,4.059425,0.936274,-0.201749,4.030408,0.515711,-0.323632,3.908479,0.814371,-0.214313,4.013113,0.563178,0.285384,3.854345,0.310033,0.077700,3.855269,0.460422,0.345486,3.757805,0.399311,0.167186,3.761369
1185,0.369812,-0.429473,3.816478,0.481024,-0.721415,3.761604,0.528100,-1.068610,3.604028,1.014920,-1.056830,4.006908,1.001157,-0.578798,4.056368,0.945954,-0.200613,4.029878,0.523123,-0.324058,3.909659,0.826406,-0.215238,4.009410,0.570825,0.278394,3.854488,0.320443,0.071733,3.854323,0.500443,0.330317,3.731532,0.399226,0.187680,3.738944
1186,0.371625,-0.407596,3.808210,0.467191,-0.690292,3.749708,0.516403,-1.063532,3.600886,1.012450,-1.054550,4.007202,0.993846,-0.575556,4.061347,0.938823,-0.199331,4.030692,0.518493,-0.321413,3.911014,0.828731,-0.212383,4.009423,0.580002,0.282832,3.849635,0.297535,0.049858,3.878156,0.561657,0.404496,3.660699,0.378995,0.229678,3.717641
1187,0.371049,-0.423783,3.810682,0.467826,-0.717329,3.750484,0.520529,-1.082934,3.597434,1.010345,-1.064542,4.011709,0.995769,-0.583158,4.063836,0.944386,-0.202744,4.026277,0.517661,-0.343327,3.909754,0.816518,-0.220273,4.011610,0.539856,0.264907,3.864702,0.274566,0.038779,3.875699,0.553692,0.345885,3.708326,0.373485,0.122161,3.789554
1188,0.366555,-0.424295,3.810122,0.467596,-0.720751,3.747637,0.516053,-1.077511,3.593497,1.008129,-1.061309,4.010399,1.001847,-0.579864,4.061277,0.940041,-0.204726,4.029398,0.521834,-0.334802,3.907835,0.827582,-0.215517,4.008771,0.548409,0.273225,3.856766,0.313163,0.061261,3.867919,0.509464,0.177253,3.858238,0.416166,0.021264,3.872749
1189,0.371979,-0.426360,3.807650,0.473921,-0.723305,3.744511,0.522301,-1.075029,3.597062,1.012276,-1.059826,4.011891,0.999703,-0.573201,4.061394,0.943271,-0.198292,4.029011,0.514655,-0.329917,3.909811,0.817978,-0.207530,4.011148,0.545089,0.273194,3.864286,0.314196,0.060174,3.869054,0.538251,0.343512,3.745451,0.385675,0.126437,3.788823
1190,0.358028,-0.419211,3.812521,0.463216,-0.715589,3.752454,0.512016,-1.067953,3.595546,1.017210,-1.059550,4.011129,1.003149,-0.578027,4.060865,0.945880,-0.199270,4.028353,0.519673,-0.333300,3.909757,0.831493,-0.211537,4.007898,0.556010,0.270229,3.861833,0.319500,0.078614,3.862725,0.462776,0.218642,3.830817,0.374470,0.074261,3.837670
1191,0.367771,-0.425998,3.804247,0.469681,-0.711871,3.744328,0.519527,-1.075460,3.592534,1.012807,-1.053111,4.008801,0.998209,-0.566511,4.053905,0.941061,-0.197605,4.025108,0.509851,-0.322233,3.904763,0.820813,-0.203022,4.006079,0.566109,0.280196,3.861321,0.308956,0.060322,3.866344,0.556737,0.352635,3.728209,0.392137,0.147534,3.777288
1192,0.357765,-0.419419,3.809065,0.461847,-0.694218,3.748592,0.521457,-1.067720,3.593783,1.013798,-1.046568,4.013131,0.995102,-0.558427,4.065403,0.940953,-0.193171,4.034195,0.499810,-0.317194,3.909455,0.809460,-0.198972,4.011247,0.549957,0.281836,3.859945,0.303515,0.077923,3.872400,0.517797,0.223699,3.826244,0.392020,0.041605,3.865034
1193,0.374247,-0.399025,3.804474,0.471554,-0.691910,3.755684,0.515584,-1.060858,3.600729,1.012059,-1.047462,4.009070,1.006194,-0.561146,4.049459,0.941893,-0.194158,4.025456,0.513388,-0.318398,3.906537,0.823426,-0.201323,4.006476,0.577386,0.285009,3.859618,0.313652,0.066854,3.866543,0.518063,0.288752,3.788919,0.431965,0.013952,3.871363
1194,0.363510,-0.411616,3.806718,0.467176,-0.694781,3.756721,0.515437,-1.067567,3.598815,1.013128,-1.046624,4.008143,1.001558,-0.566785,4.058206,0.938569,-0.199629,4.028083,0.507491,-0.319173,3.909260,0.815083,-0.199949,4.007650,0.560438,0.282613,3.858888,0.309189,0.079973,3.865002,0.495060,0.148616,3.892513,0.395517,0.004111,3.878622
1195,0.359906,-0.393953,3.808055,0.453388,-0.693613,3.748384,0.515759,-1.063185,3.602106,1.024532,-1.046181,4.009183,1.015378,-0.563920,4.052178,0.939908,-0.195713,4.025808,0.503727,-0.327804,3.911408,0.818519,-0.204726,4.010258,0.555750,0.269448,3.866565,0.295678,0.064037,3.867159,0.535046,0.267235,3.799894,0.378769,0.057307,3.841770
1196,0.373720,-0.404873,3.800365,0.467270,-0.690426,3.748340,0.518400,-1.053402,3.605079,1.016629,-1.048508,4.014398,1.001569,-0.575729,4.058424,0.941773,-0.197194,4.026000,0.504256,-0.321422,3.912545,0.813801,-0.199814,4.012408,0.556853,0.275924,3.861292,0.306231,0.061512,3.875460,0.522067,0.293584,3.777281,0.409117,-0.024954,3.897805
1197,0.358813,-0.417177,3.819370,0.458772,-0.702153,3.743554,0.515542,-1.053873,3.602281,1.021649,-1.036965,4.012352,1.014255,-0.559222,4.053560,0.943831,-0.196326,4.024523,0.513134,-0.321465,3.903461,0.825647,-0.199182,4.005666,0.541682,0.267958,3.863519,0.297171,0.049928,3.872743,0.563376,0.218188,3.827627,0.428959,-0.024376,3.885360
1198,0.370853,-0.372866,3.814094,0.455204,-0.667152,3.747946,0.518069,-1.036825,3.606313,1.012913,-1.036158,4.011661,1.020396,-0.554322,4.050398,0.946130,-0.192541,4.023171,0.510900,-0.311708,3.907612,0.829633,-0.196651,4.006880,0.535491,0.269837,3.863293,0.286423,0.044984,3.877887,0.536730,0.248303,3.802990,0.381632,-0.048539,3.908495
1199,0.369684,-0.395095,3.811818,0.455728,-0.683331,3.744127,0.513076,-1.047817,3.603439,1.013656,-1.036284,4.008725,1.014288,-0.560107,4.053165,0.948850,-0.192289,4.021727,0.509346,-0.312104,3.905165,0.830730,-0.197510,4.004365,0.557556,0.272725,3.859312,0.291040,0.057357,3.866969,0.553181,0.272549,3.772341,0.389926,0.027356,3.871579
1200,0.360868,-0.384379,3.806663,0.448112,-0.691018,3.747762,0.510276,-1.052131,3.598461,1.014057,-1.020354,4.010072,1.030710,-0.532346,4.048541,0.956647,-0.184768,4.016057,0.516753,-0.297755,3.903991,0.841131,-0.192855,4.002475,0.580263,0.283465,3.849233,0.292789,0.064399,3.880963,0.602399,0.265614,3.769298,0.432039,-0.003922,3.879501
1201,0.356319,-0.385564,3.802629,0.440974,-0.686404,3.746198,0.505358,-1.054621,3.596894,1.007546,-1.013844,4.014614,1.029507,-0.533986,4.047352,0.954044,-0.183726,4.015078,0.507697,-0.282651,3.900704,0.824777,-0.167624,3.998905,0.553952,0.286810,3.846011,0.295596,0.068888,3.862009,0.614075,0.056299,3.956507,0.420631,-0.122051,3.958112
1202,0.364150,-0.383160,3.800870,0.431961,-0.703708,3.747094,0.504417,-1.061439,3.600503,1.001634,-1.025923,4.019932,1.024961,-0.535737,4.046962,0.955603,-0.190156,4.016730,0.501708,-0.299703,3.906287,0.822093,-0.179598,4.005508,0.533480,0.256564,3.875955,0.280587,0.035798,3.876998,0.573333,0.207180,3.834465,0.416946,-0.028834,3.901838
1203,0.372177,-0.389233,3.804360,0.437084,-0.658118,3.748046,0.507637,-1.023657,3.616316,0.996704,-0.988759,4.019619,1.051145,-0.508659,4.038220,0.952654,-0.178253,4.015912,0.517331,-0.261573,3.903312,0.822682,-0.145697,3.995938,0.535343,0.288016,3.849067,0.283884,0.085590,3.856224,0.626578,-0.062294,4.015066,0.449206,-0.129613,3.977967
1204,0.379129,-0.404772,3.802096,0.432696,-0.658462,3.749311,0.504743,-1.000707,3.631946,0.990608,-0.976471,4.019263,1.054100,-0.506842,4.040639,0.958375,-0.177428,4.013573,0.520913,-0.235100,3.900260,0.833066,-0.120527,3.989413,0.565391,0.298917,3.841543,0.275396,0.085512,3.848874,0.678092,-0.060357,4.004442,0.449619,-0.120386,3.962177
1205,0.384280,-0.389596,3.803780,0.452447,-0.626535,3.753764,0.512243,-0.995734,3.652850,0.993252,-0.972796,4.021405,1.067587,-0.502904,4.039968,0.963012,-0.169136,4.015497,0.523527,-0.245823,3.903617,0.826384,-0.127135,3.991478,0.555676,0.292035,3.843605,0.260937,0.052077,3.860937,0.642232,0.222057,3.816991,0.464269,-0.087485,3.954554
1206,0.386628,-0.398909,3.800035,0.446272,-0.627623,3.752538,0.514651,-0.971824,3.669841,0.975181,-0.935960,4.021282,1.076633,-0.488977,4.040480,0.961439,-0.182145,4.022021,0.527696,-0.216055,3.905066,0.809135,-0.101765,3.990964,0.520947,0.286938,3.853102,0.266228,0.066452,3.857982,0.616553,0.103350,3.916754,0.454564,-0.071390,3.940338
1207,0.383873,-0.401472,3.796938,0.440588,-0.627059,3.741416,0.505568,-0.957535,3.680492,0.975139,-0.924136,4.019341,1.070600,-0.484896,4.041678,0.962134,-0.187016,4.023536,0.519308,-0.211572,3.907443,0.807316,-0.088923,3.984791,0.534747,0.287453,3.849916,0.274949,0.079169,3.845299,0.634310,0.149788,3.868294,0.451977,-0.030030,3.908649
1208,0.390821,-0.411926,3.790785,0.431757,-0.636467,3.700797,0.485506,-0.964389,3.713422,0.950614,-0.917893,4.055780,1.053066,-0.488244,4.051653,0.973779,-0.180431,4.014736,0.502672,-0.207702,3.904110,0.786013,-0.085309,3.984205,0.512626,0.305388,3.840041,0.249584,0.097123,3.798828,0.579563,0.205195,3.829682,0.456656,0.009815,3.874803
1209,0.387278,-0.420933,3.796441,0.441930,-0.594979,3.700443,0.518195,-0.868698,3.731045,0.952076,-0.780505,4.036920,1.051757,-0.404956,4.040058,0.971333,-0.189036,4.017395,0.546124,-0.180616,3.902682,0.805192,-0.042541,3.968019,0.460951,0.213970,3.897913,0.237841,-0.006097,3.891674,0.410131,0.443343,3.589972,0.303137,0.303006,3.649866
1210,0.394179,-0.406417,3.796669,0.447082,-0.596328,3.715061,0.524787,-0.831407,3.736569,0.964186,-0.773117,4.026940,1.042842,-0.410863,4.032940,0.962206,-0.205556,4.016880,0.566869,-0.172847,3.898375,0.829682,-0.075105,3.976280,0.441201,0.189703,3.919209,0.265048,0.031904,3.861798,0.370227,0.504680,3.554895,0.354945,0.471466,3.521758
1211,0.390532,-0.404080,3.789822,0.457168,-0.596957,3.713814,0.533874,-0.811993,3.741404,0.969232,-0.762988,4.030357,1.040359,-0.421636,4.036925,0.966716,-0.220645,4.017866,0.583004,-0.170278,3.896946,0.843104,-0.100629,3.980162,0.570925,0.207986,3.914246,0.265914,-0.016421,3.884816,0.471830,0.505270,3.565756,0.383375,0.368077,3.625246
1212,0.405420,-0.399768,3.789441,0.476309,-0.591621,3.721193,0.551343,-0.830696,3.738849,0.970790,-0.755528,4.031356,1.042499,-0.408697,4.039625,0.961890,-0.202400,4.018001,0.573767,-0.178793,3.898053,0.821546,-0.092035,3.980594,0.544978,0.206536,3.899277,0.209299,-0.044237,3.903271,0.494378,0.524855,3.543436,0.382207,0.365282,3.639156
1213,0.403586,-0.399775,3.784672,0.478846,-0.599871,3.721397,0.553798,-0.848007,3.743914,0.969203,-0.747284,4.026693,1.053900,-0.405513,4.034640,0.959592,-0.208231,4.021572,0.561877,-0.174616,3.901664,0.811052,-0.075302,3.980414,0.486843,0.231936,3.893278,0.265728,-0.018665,3.885919,0.443215,0.483179,3.575091,0.333398,0.338373,3.628031
1214,0.408106,-0.404868,3.786717,0.478170,-0.608723,3.728843,0.569612,-0.874784,3.739493,0.972586,-0.742214,4.031820,1.075722,-0.341303,4.019335,0.959975,-0.202144,4.020943,0.569512,-0.208374,3.902850,0.806018,-0.089000,3.985126,0.453319,0.169334,3.934697,0.257102,-0.054265,3.901117,0.449741,0.460347,3.620747,0.325975,0.331271,3.652397
1215,0.409179,-0.404545,3.789487,0.479893,-0.622373,3.723834,0.577590,-0.880705,3.738162,0.970011,-0.736529,4.033815,1.055231,-0.308254,4.022018,0.964845,-0.196180,4.021868,0.569057,-0.222384,3.905894,0.797829,-0.093497,3.988583,0.423766,0.130574,3.956192,0.235272,-0.068872,3.902867,0.400373,0.400967,3.673483,0.281081,0.282950,3.681393
1216,0.405450,-0.401103,3.790771,0.486669,-0.601970,3.727446,0.576531,-0.875523,3.739873,0.967371,-0.731397,4.034004,1.035498,-0.303937,4.027079,0.968123,-0.187597,4.016887,0.574412,-0.212591,3.904329,0.802846,-0.076741,3.982243,0.410466,0.142826,3.944761,0.182388,-0.072850,3.910895,0.391110,0.397487,3.680212,0.278182,0.300472,3.674655
1217,0.401573,-0.400822,3.786379,0.477744,-0.604713,3.723348,0.567622,-0.871629,3.740617,0.967078,-0.731386,4.031347,1.059553,-0.330492,4.021140,0.961865,-0.193369,4.021128,0.563192,-0.208464,3.909840,0.802920,-0.080668,3.984686,0.458158,0.227778,3.895869,0.253003,-0.030868,3.899394,0.443034,0.452548,3.631920,0.310063,0.311198,3.657956
1218,0.403817,-0.412038,3.787257,0.471172,-0.603532,3.718518,0.570576,-0.870840,3.739196,0.971528,-0.738363,4.037014,1.074415,-0.333189,4.022551,0.969272,-0.191170,4.017193,0.565318,-0.200080,3.897245,0.815988,-0.075416,3.977459,0.451759,0.176545,3.930326,0.241140,-0.052947,3.908959,0.437507,0.426129,3.663136,0.311836,0.300188,3.673394
1219,0.410915,-0.414397,3.793403,0.484586,-0.628977,3.720671,0.577365,-0.886928,3.732709,0.963926,-0.746950,4.032837,0.982249,-0.391102,4.053200,0.978071,-0.197278,4.018273,0.570732,-0.236770,3.912360,0.794866,-0.085722,3.988933,0.433877,0.171687,3.930150,0.165544,-0.094644,3.914853,0.426519,0.431127,3.650381,0.292581,0.289734,3.689659
1220,0.405040,-0.414260,3.789581,0.477194,-0.606323,3.718520,0.567533,-0.878124,3.738147,0.964991,-0.737811,4.035181,1.067971,-0.330348,4.013881,0.968497,-0.202719,4.016259,0.578794,-0.205894,3.897427,0.812521,-0.090785,3.982440,0.430538,0.192492,3.913049,0.240869,-0.007690,3.892141,0.480798,0.388189,3.691335,0.355906,0.201218,3.741047
1221,0.403725,-0.415699,3.789281,0.471637,-0.624455,3.720364,0.568255,-0.887728,3.732250,0.958552,-0.737307,4.033971,1.047426,-0.349510,4.032464,0.966178,-0.207675,4.021099,0.558894,-0.216092,3.906888,0.798489,-0.089737,3.986405,0.423068,0.131375,3.953948,0.244396,-0.021825,3.888716,0.437279,0.467625,3.636305,0.326545,0.333673,3.659800
1222,0.408494,-0.409711,3.786729,0.489986,-0.596026,3.720920,0.571393,-0.882509,3.734772,0.954673,-0.729638,4.037199,1.024538,-0.368144,4.039577,0.963386,-0.206619,4.021060,0.578373,-0.209238,3.898189,0.805556,-0.080054,3.980291,0.413512,0.159867,3.932404,0.237934,-0.030331,3.898684,0.487886,0.413869,3.707354,0.349392,0.234491,3.743092
1223,0.403663,-0.418169,3.783292,0.477627,-0.617137,3.715506,0.572949,-0.885295,3.736133,0.955505,-0.742912,4.038303,1.044786,-0.354903,4.035434,0.959334,-0.206953,4.023990,0.573111,-0.216935,3.912415,0.800050,-0.089464,3.988050,0.404037,0.124175,3.957525,0.177988,-0.078662,3.923081,0.434687,0.425278,3.697199,0.302072,0.306335,3.680272
1224,0.406682,-0.413692,3.788976,0.477847,-0.621953,3.711751,0.563335,-0.895993,3.730865,0.963996,-0.743201,4.034530,1.030614,-0.381715,4.036616,0.967147,-0.199565,4.016214,0.580128,-0.191618,3.901836,0.818838,-0.088797,3.985139,0.421867,0.177180,3.922913,0.250427,0.007852,3.886341,0.470428,0.418236,3.664626,0.338553,0.300076,3.668489
1225,0.399435,-0.406827,3.787024,0.469524,-0.609237,3.709175,0.558776,-0.876544,3.732428,0.965952,-0.745683,4.035511,1.046004,-0.393650,4.043754,0.975097,-0.198961,4.016418,0.567725,-0.183892,3.899711,0.814374,-0.087896,3.984504,0.421698,0.177854,3.922254,0.193735,-0.047712,3.906990,0.471225,0.453337,3.612261,0.342259,0.286098,3.680239
1226,0.405761,-0.407253,3.793231,0.488497,-0.610109,3.713831,0.565711,-0.873900,3.732791,0.956991,-0.741823,4.033122,1.035568,-0.398400,4.044411,0.972147,-0.204471,4.020039,0.577471,-0.185649,3.900693,0.816846,-0.080416,3.984629,0.416707,0.179870,3.919545,0.257477,0.003200,3.890914,0.482945,0.498145,3.606637,0.361486,0.333388,3.680758
1227,0.399491,-0.401350,3.799013,0.473574,-0.594133,3.716376,0.552601,-0.866437,3.733804,0.960902,-0.746545,4.032326,1.061156,-0.395982,4.035581,0.980336,-0.208467,4.016514,0.586870,-0.150627,3.891905,0.837400,-0.066920,3.974591,0.432992,0.182294,3.920593,0.265349,0.007601,3.885827,0.491334,0.417009,3.668003,0.374649,0.269546,3.700913
1228,0.403242,-0.397533,3.796275,0.481917,-0.593763,3.714797,0.551388,-0.869080,3.732610,0.951420,-0.751467,4.035342,1.036856,-0.398134,4.046043,0.965978,-0.197622,4.018301,0.574389,-0.180118,3.902931,0.813090,-0.082748,3.984977,0.422875,0.178799,3.921753,0.240614,-0.003207,3.879891,0.484071,0.458909,3.615900,0.336592,0.298607,3.662932
1229,0.395701,-0.406489,3.786827,0.475352,-0.605815,3.715823,0.551619,-0.870673,3.734376,0.951710,-0.743613,4.032047,1.033871,-0.397800,4.047690,0.969937,-0.215126,4.021477,0.578985,-0.167518,3.898381,0.822043,-0.068834,3.979528,0.421817,0.199159,3.908825,0.243728,0.030570,3.869175,0.529658,0.414830,3.653805,0.382393,0.225981,3.722161
1230,0.400006,-0.402333,3.798021,0.478329,-0.595834,3.722377,0.547616,-0.875813,3.730082,0.953148,-0.750281,4.034637,1.024601,-0.399170,4.047742,0.970006,-0.210114,4.018084,0.581620,-0.176052,3.901343,0.832457,-0.073958,3.979597,0.421237,0.191496,3.913217,0.245004,0.010828,3.887936,0.516351,0.419879,3.676797,0.379904,0.246596,3.727800
1231,0.399607,-0.394293,3.791812,0.482922,-0.591117,3.724141,0.553548,-0.873078,3.730376,0.945978,-0.742350,4.033705,1.023615,-0.394063,4.048347,0.974115,-0.213789,4.017724,0.582540,-0.181642,3.902595,0.830710,-0.072871,3.980888,0.423635,0.201314,3.907652,0.184994,-0.028449,3.902744,0.500526,0.398492,3.691499,0.340782,0.189037,3.770577
1232,0.399545,-0.390816,3.786211,0.482539,-0.581463,3.725570,0.554955,-0.872857,3.730708,0.951704,-0.736542,4.031535,1.062381,-0.318210,4.024972,0.973799,-0.214658,4.018852,0.589067,-0.185191,3.900338,0.822922,-0.067787,3.980940,0.407768,0.192007,3.912950,0.243135,0.001400,3.884236,0.497277,0.419658,3.670499,0.361383,0.222692,3.743643
1233,0.397279,-0.392552,3.792506,0.484662,-0.581500,3.723317,0.557310,-0.875882,3.725464,0.939832,-0.731952,4.030800,0.991377,-0.366105,4.053503,0.968291,-0.217954,4.024661,0.582520,-0.182301,3.905510,0.818749,-0.073760,3.983755,0.406223,0.195932,3.911591,0.240872,0.000144,3.883395,0.510945,0.437013,3.666486,0.366133,0.215228,3.761365
1234,0.394553,-0.391787,3.797159,0.475059,-0.577078,3.731935,0.553775,-0.865707,3.731829,0.944781,-0.738098,4.035600,1.060236,-0.342361,4.034470,0.968993,-0.216233,4.021588,0.597884,-0.157778,3.894934,0.845860,-0.071482,3.976305,0.467099,0.245805,3.887239,0.254814,0.042699,3.865127,0.522866,0.402167,3.654989,0.390824,0.292997,3.685554
1235,0.403141,-0.397149,3.795183,0.488958,-0.582833,3.731045,0.556695,-0.872954,3.726031,0.937699,-0.725089,4.035408,0.984433,-0.370555,4.056960,0.961795,-0.216728,4.024599,0.586374,-0.170210,3.900766,0.835110,-0.079646,3.984097,0.462061,0.209035,3.909934,0.245474,0.028196,3.878402,0.547630,0.379902,3.699789,0.376346,0.161176,3.805871
1236,0.401336,-0.387613,3.796907,0.484998,-0.581465,3.730916,0.563373,-0.870099,3.728370,0.936041,-0.726653,4.036372,1.041121,-0.313866,4.033311,0.967180,-0.215065,4.021759,0.598987,-0.158382,3.894072,0.843492,-0.063805,3.974041,0.449471,0.211414,3.905680,0.253745,0.005022,3.876044,0.500487,0.358940,3.694967,0.365030,0.207936,3.751400
1237,0.402860,-0.387643,3.805996,0.475480,-0.583538,3.724317,0.550340,-0.873975,3.732023,0.933773,-0.730225,4.037694,1.032229,-0.340182,4.039197,0.965493,-0.215985,4.026055,0.576150,-0.159227,3.900414,0.824620,-0.062908,3.978671,0.419427,0.193958,3.914770,0.241153,0.022278,3.870044,0.475138,0.406184,3.663687,0.356135,0.251511,3.706295
1238,0.398454,-0.388879,3.800240,0.477198,-0.574746,3.731470,0.546407,-0.866116,3.730067,0.950972,-0.735122,4.030659,1.053321,-0.340719,4.028056,0.967299,-0.224006,4.024829,0.569707,-0.159090,3.897722,0.830069,-0.051696,3.972621,0.443629,0.215584,3.901199,0.244356,-0.013581,3.894519,0.508618,0.424836,3.665768,0.365609,0.240297,3.735325
1239,0.407455,-0.393866,3.798909,0.487594,-0.581423,3.725950,0.562673,-0.862198,3.732980,0.940470,-0.714494,4.036133,1.000344,-0.312200,4.039429,0.961024,-0.218989,4.025179,0.575738,-0.170399,3.899406,0.826985,-0.056568,3.974351,0.402128,0.191687,3.906982,0.237695,0.015740,3.879992,0.473978,0.362431,3.723232,0.339163,0.248215,3.737104
1240,0.402788,-0.396059,3.806582,0.484994,-0.581460,3.719055,0.551689,-0.877005,3.731678,0.928616,-0.733759,4.035808,1.039668,-0.336650,4.037075,0.961467,-0.213867,4.025065,0.571623,-0.187397,3.907330,0.808753,-0.075996,3.984919,0.394463,0.174135,3.917354,0.239068,-0.000959,3.871032,0.467228,0.421558,3.663325,0.357959,0.271214,3.728237
1241,0.394048,-0.401136,3.798010,0.477541,-0.588873,3.727460,0.556422,-0.875616,3.729151,0.938958,-0.732123,4.039033,1.043784,-0.324105,4.038896,0.960496,-0.217144,4.025918,0.590724,-0.197467,3.900073,0.841142,-0.084793,3.982925,0.411934,0.189816,3.919508,0.244515,-0.004782,3.878103,0.543014,0.362444,3.707049,0.403403,0.224267,3.733669
1242,0.387410,-0.393770,3.800038,0.478610,-0.584255,3.726005,0.552929,-0.878895,3.729283,0.927163,-0.757157,4.038647,1.051563,-0.351321,4.043214,0.964863,-0.220628,4.025645,0.590687,-0.175068,3.895830,0.833767,-0.087026,3.981980,0.601816,0.267349,3.865243,0.259092,0.001195,3.872729,0.535572,0.380686,3.672258,0.406197,0.251215,3.709336
1243,0.407713,-0.388992,3.806833,0.488651,-0.581493,3.720601,0.558028,-0.878486,3.733357,0.937643,-0.754613,4.037644,1.064393,-0.348382,4.037421,0.978235,-0.224671,4.023522,0.582058,-0.191070,3.902004,0.829809,-0.088302,3.984750,0.450810,0.201585,3.911875,0.241757,-0.002775,3.882284,0.510117,0.391276,3.673838,0.376366,0.213265,3.734176
1244,0.397954,-0.401515,3.802055,0.479100,-0.580382,3.730021,0.550004,-0.866143,3.728074,0.935297,-0.771768,4.036457,1.066043,-0.384044,4.047202,0.970306,-0.226845,4.027990,0.568047,-0.215242,3.902638,0.837923,-0.098927,3.984312,0.614970,0.259707,3.873151,0.256815,-0.013409,3.881698,0.585732,0.354534,3.717175,0.439954,0.223569,3.760620
1245,0.394134,-0.392285,3.797762,0.474740,-0.583166,3.719329,0.556002,-0.878725,3.729474,0.939581,-0.770684,4.037618,1.048044,-0.378799,4.047218,0.970946,-0.220454,4.025867,0.574747,-0.202558,3.903301,0.824233,-0.111945,3.987588,0.465249,0.187037,3.921952,0.261574,0.015589,3.878553,0.510890,0.363250,3.703713,0.383693,0.234950,3.729605
1246,0.409041,-0.387396,3.794619,0.473671,-0.575652,3.718932,0.557318,-0.873111,3.731678,0.984361,-0.745383,4.030536,1.063502,-0.310378,4.030005,0.983311,-0.224483,4.026113,0.552766,-0.228236,3.912679,0.820097,-0.053228,3.977155,0.441694,0.196977,3.915031,0.242143,0.027677,3.868116,0.474559,0.411003,3.667805,0.366225,0.269597,3.704640
1247,0.405442,-0.399996,3.801122,0.469655,-0.593932,3.728020,0.556988,-0.876131,3.724848,1.019653,-0.707481,4.017761,1.091675,-0.232684,3.999248,0.937154,-0.217940,4.033972,0.574041,-0.246464,3.912909,0.849147,-0.039558,3.965807,0.395169,0.159508,3.928041,0.239033,-0.034861,3.900288,0.482812,0.378779,3.716232,0.350938,0.207658,3.762782
1248,0.410175,-0.392737,3.795486,0.471807,-0.598806,3.719746,0.553823,-0.883607,3.722314,1.046777,-0.703970,4.013460,1.085970,-0.268611,4.008833,0.880783,-0.249458,4.053264,0.568195,-0.255888,3.918723,0.862411,-0.059014,3.968619,0.396903,0.128062,3.955556,0.180955,-0.046440,3.909406,0.398807,0.250153,3.825833,0.312839,0.183766,3.777980
1249,0.406500,-0.402699,3.793595,0.467633,-0.606220,3.707862,0.560063,-0.888438,3.722298,1.032711,-0.764683,4.013348,1.036173,-0.392884,4.043794,0.755602,-0.488924,4.134975,0.551217,-0.264990,3.917865,0.854613,-0.097224,3.977490,0.600265,0.208035,3.912711,0.255396,0.033368,3.864110,0.550741,0.296754,3.793784,0.368587,0.199923,3.768234
1250,nan,nan,nan,nan,nan,nan,nan,nan,nan,nan,nan,nan,nan,nan,nan,nan,nan,nan,nan,nan,nan,nan,nan,nan,nan,nan,nan,nan,nan,nan,nan,nan,nan,nan,nan,nan
1251,0.433942,-0.409327,3.846005,0.475814,-0.638706,3.755822,0.540074,-0.810435,3.799124,1.032545,-0.514620,4.044675,1.028361,-0.190567,4.044420,0.887327,-0.198317,4.065789,0.497520,-0.256896,3.959020,0.827889,-0.073445,4.002366,0.579512,0.195411,3.919803,0.290214,-0.091513,3.960170,0.474238,0.202278,3.873592,0.286410,0.086503,3.859848
1252,0.430762,-0.424502,3.820225,0.492147,-0.725726,3.721645,0.604790,-0.851036,3.753306,1.178236,-0.436785,3.981226,1.287292,-0.215966,3.940844,1.194987,-0.133769,3.953375,0.618968,-0.361877,3.938224,0.985391,-0.112975,3.967188,0.734044,0.154208,3.914638,0.351828,-0.120213,3.950068,0.657705,0.135628,3.955760,0.450958,0.086169,3.870632
1253,0.437974,-0.416845,3.817544,0.458402,-0.741698,3.712684,0.565035,-0.851841,3.737331,1.203785,-0.379997,3.956841,1.356446,-0.138777,3.898679,1.334372,0.020826,3.867379,0.597751,-0.407710,3.939415,0.977703,-0.149150,3.973531,0.652919,0.087559,3.952624,0.304671,-0.177168,3.964952,0.491418,0.039820,4.018369,0.375791,-0.037825,3.929210
1254,0.428769,-0.402164,3.787480,0.426155,-0.589637,3.704107,0.489194,-0.746038,3.745492,1.209623,-0.297536,3.945238,1.385948,0.024315,3.863433,1.402207,0.257872,3.788679,0.562905,-0.361039,3.919111,1.000094,-0.110266,3.948644,0.868302,0.205548,3.850738,0.271968,-0.097622,3.915550,0.700160,0.157017,3.865208,0.446567,-0.048888,3.896475
1255,0.442597,-0.344451,3.797634,0.416834,-0.514992,3.721528,0.524494,-0.751133,3.749184,1.167059,-0.329101,3.958332,1.395751,0.099795,3.849863,1.522641,0.455728,3.710367,0.538227,-0.277625,3.919581,0.935715,-0.065389,3.950278,0.743180,0.112366,3.920623,0.380996,-0.013790,3.883660,0.579258,0.027397,3.972363,0.314127,0.082340,3.841681
1256,0.436937,-0.378017,3.792902,0.450556,-0.534362,3.711818,0.523709,-0.769154,3.735139,1.084519,-0.391812,3.978117,1.352885,0.159435,3.852875,1.534849,0.618199,3.670675,0.551677,-0.296600,3.912302,0.884894,-0.059483,3.954328,0.565689,0.067495,3.977181,0.319246,-0.104899,3.924075,0.401520,0.099061,3.959943,0.138494,0.044642,3.866136
1257,0.426380,-0.347163,3.802241,0.367571,-0.466650,3.719375,0.488667,-0.739224,3.744093,1.039697,-0.437927,3.983920,1.226458,-0.017230,3.921262,1.115610,0.132212,3.897735,0.479984,-0.219048,3.903303,0.813204,-0.054213,3.964354,0.572168,0.078053,3.978738,0.305089,-0.066235,3.917883,0.452555,0.153314,3.911687,0.235403,0.051337,3.870513
1258,0.393217,-0.328534,3.790978,0.341789,-0.445914,3.707837,0.471468,-0.663814,3.749344,1.031265,-0.392049,3.984174,1.189828,-0.034623,3.934252,0.880998,-0.081494,4.005166,0.446541,-0.145504,3.887985,0.791553,-0.040335,3.961669,0.641165,0.106394,3.952189,0.321853,-0.018676,3.879158,0.520401,0.134296,3.914715,0.258424,0.017562,3.889336
1259,0.432893,-0.323715,3.803027,0.389578,-0.409658,3.714158,0.432535,-0.626260,3.744721,1.022817,-0.428580,3.985873,1.191445,-0.127149,3.946635,1.074176,-0.071452,3.960421,0.464928,-0.203615,3.897706,0.806881,-0.061420,3.970751,0.608408,0.122864,3.936507,0.286620,0.001315,3.866392,0.448439,0.139858,3.917295,0.190723,0.070070,3.851003
1260,nan,nan,nan,nan,nan,nan,nan,nan,nan,nan,nan,nan,nan,nan,nan,nan,nan,nan,nan,nan,nan,nan,nan,nan,nan,nan,nan,nan,nan,nan,nan,nan,nan,nan,nan,nan
1261,nan,nan,nan,nan,nan,nan,nan,nan,nan,nan,nan,nan,nan,nan,nan,nan,nan,nan,nan,nan,nan,nan,nan,nan,nan,nan,nan,nan,nan,nan,nan,nan,nan,nan,nan,nan
1262,0.411714,-0.327133,3.856657,0.420247,-0.485241,3.769576,0.516100,-0.830507,3.787733,0.973812,-0.732925,4.084856,1.013121,-0.309904,4.084208,0.766276,-0.313713,4.141093,0.506890,-0.235204,3.951916,0.786973,-0.092585,4.019063,0.603126,0.132488,3.965876,0.294723,-0.007951,3.916100,0.360229,0.214176,3.856067,0.254339,0.187943,3.800769
1263,0.478382,-0.317392,3.822122,0.451062,-0.493327,3.746367,0.526023,-0.831327,3.753920,1.023800,-0.777090,4.052817,1.045782,-0.337553,4.054614,0.809610,-0.368829,4.129854,0.586937,-0.272286,3.927419,0.868079,-0.128764,3.996629,0.616177,0.041504,4.003190,0.345842,-0.079165,3.937281,0.400889,0.196064,3.883930,0.271876,0.150916,3.828460
1264,0.445453,-0.328584,3.807597,0.455024,-0.523425,3.728757,0.540052,-0.852317,3.738896,0.979467,-0.763297,4.044363,0.979890,-0.388875,4.069130,0.722858,-0.443055,4.157914,0.578591,-0.298552,3.921866,0.813063,-0.146821,4.005624,0.556646,-0.005056,4.039293,0.327276,-0.128244,3.942012,0.325360,0.175399,3.904907,0.269824,0.191506,3.793332
1265,0.432820,-0.350763,3.807439,0.448096,-0.529964,3.716713,0.505781,-0.848586,3.732468,1.010391,-0.778901,4.035570,1.012441,-0.326343,4.046330,0.732605,-0.330661,4.122473,0.573830,-0.300938,3.923486,0.859330,-0.121662,3.990807,0.619227,0.051362,3.990289,0.273048,-0.141266,3.946039,0.316502,0.179266,3.897346,0.168007,0.158912,3.808913
1266,0.429290,-0.360817,3.796418,0.413763,-0.545601,3.709183,0.504844,-0.852455,3.732567,0.982919,-0.777722,4.041524,1.000750,-0.350317,4.064430,0.737875,-0.478769,4.152540,0.540458,-0.301932,3.923223,0.806664,-0.165227,4.008596,0.579054,0.044003,3.999657,0.301333,-0.081110,3.923952,0.358368,0.220086,3.860676,0.192678,0.193869,3.778382
1267,0.401162,-0.364732,3.797423,0.429855,-0.559883,3.706694,0.506092,-0.846522,3.731399,1.015097,-0.759777,4.036903,1.073634,-0.322968,4.040345,0.757164,-0.356075,4.124866,0.569081,-0.283413,3.923737,0.866550,-0.110017,3.986956,0.635242,0.095922,3.960320,0.293237,-0.021863,3.887810,0.332871,0.103189,3.974971,0.213553,0.177167,3.799572
1268,0.424977,-0.354075,3.783637,0.410775,-0.495278,3.699429,0.484364,-0.841158,3.727593,1.039051,-0.727080,4.027205,1.087201,-0.185253,4.003963,0.742953,-0.261024,4.096587,0.545835,-0.269050,3.921145,0.862397,-0.084854,3.975256,0.636088,0.106913,3.945794,0.263840,-0.023268,3.899106,0.404605,0.206573,3.876920,0.253515,0.284929,3.699245
1269,0.428691,-0.351629,3.785875,0.445151,-0.508482,3.706465,0.493489,-0.831442,3.737461,0.992639,-0.752760,4.035840,1.053629,-0.289549,4.033540,0.738472,-0.338781,4.115963,0.559635,-0.263451,3.913400,0.866758,-0.108895,3.981276,0.648396,0.061842,3.975996,0.252710,-0.072216,3.921935,0.443858,0.212647,3.895968,0.264027,0.219299,3.737423
1270,0.434478,-0.349266,3.788629,0.438851,-0.522394,3.697978,0.491979,-0.830725,3.736480,0.989075,-0.772767,4.037014,1.049622,-0.329433,4.038871,0.764683,-0.357883,4.113576,0.558871,-0.252605,3.915652,0.866061,-0.110271,3.982444,0.689999,0.032184,3.979221,0.265838,-0.060362,3.916602,0.401660,0.203487,3.890779,0.234166,0.278817,3.685443
1271,0.417577,-0.357058,3.790697,0.448228,-0.509453,3.700092,0.496267,-0.831658,3.735001,0.986878,-0.763960,4.039009,1.019796,-0.275506,4.035670,0.724458,-0.296668,4.107222,0.562045,-0.241322,3.912911,0.852900,-0.077988,3.974426,0.638945,0.140121,3.927336,0.261212,-0.039793,3.905131,0.402043,0.276002,3.812265,0.206648,0.230443,3.752317
1272,0.394011,-0.365044,3.793362,0.425093,-0.483975,3.693843,0.490304,-0.797853,3.751143,1.003055,-0.717652,4.040050,1.065776,-0.232919,4.022173,0.724666,-0.279173,4.103978,0.545745,-0.240160,3.915910,0.831965,-0.090329,3.981577,0.619743,0.167696,3.909635,0.283577,-0.028123,3.895201,0.394741,0.319246,3.763723,0.171523,0.205629,3.771985
1273,0.432103,-0.356072,3.794852,0.447383,-0.469895,3.705763,0.480529,-0.791483,3.748179,0.971178,-0.725493,4.042767,1.000191,-0.326989,4.047753,0.727383,-0.399740,4.133574,0.532248,-0.220965,3.906961,0.816207,-0.088540,3.976412,0.595573,0.142392,3.929813,0.295651,-0.007981,3.882258,0.453134,0.304376,3.797931,0.228113,0.207265,3.777093
1274,0.422721,-0.351593,3.788471,0.402456,-0.470909,3.697886,0.467277,-0.782895,3.745562,1.037662,-0.598005,4.025278,1.179762,-0.227352,3.983602,0.946950,-0.185850,4.029884,0.519013,-0.187192,3.908028,0.835866,-0.059913,3.972220,0.665550,0.143467,3.922211,0.306424,0.023448,3.881161,0.518850,0.215985,3.831475,0.165707,0.127665,3.823869
1275,0.434085,-0.342840,3.794776,0.556763,-0.398969,3.724567,0.573701,-0.783839,3.750146,0.835061,-0.698691,4.064370,0.748830,-0.390010,4.103624,0.621326,-0.369960,4.124154,0.614748,-0.151836,3.893530,0.716967,-0.065694,3.991792,0.481797,0.081095,3.982922,0.373138,-0.030772,3.899780,0.293015,0.242067,3.822714,0.154901,0.116315,3.816873
1276,0.417256,-0.326344,3.794439,0.453394,-0.404766,3.714468,0.478266,-0.782947,3.742701,0.985530,-0.611153,4.035573,1.022549,-0.249443,4.025792,0.761235,-0.314602,4.095505,0.530308,-0.189633,3.901801,0.814584,-0.071731,3.977298,0.589607,0.119196,3.938658,0.328442,-0.007822,3.893674,0.428190,0.233194,3.824324,0.216431,0.148128,3.810001
1277,0.446185,-0.314219,3.794679,0.461563,-0.373515,3.711318,0.473990,-0.739507,3.746559,0.969162,-0.472967,4.026400,1.050129,-0.105563,3.990263,0.864507,-0.181591,4.045077,0.524347,-0.168131,3.902255,0.800250,-0.018183,3.966174,0.558426,0.160504,3.925895,0.300891,-0.032394,3.901735,0.456833,0.263655,3.787116,0.175180,0.107896,3.832483
1278,0.449875,-0.359794,3.794186,0.439456,-0.458609,3.698828,0.488519,-0.726630,3.746318,0.944958,-0.475391,4.030945,0.958930,-0.221339,4.031811,0.765702,-0.251047,4.079013,0.548476,-0.150434,3.893960,0.785976,-0.016240,3.964536,0.473941,0.132420,3.948545,0.320644,-0.020405,3.894229,0.346463,0.216070,3.845253,0.187151,0.113785,3.837130
1279,0.427227,-0.353699,3.799042,0.558586,-0.390180,3.715234,0.625347,-0.715253,3.759907,0.841776,-0.642748,4.063726,0.680402,-0.321349,4.104292,0.579017,-0.336998,4.122008,0.602300,-0.175201,3.901305,0.728785,-0.052873,3.988734,0.439067,0.081403,3.981521,0.347322,-0.062149,3.910825,0.343209,0.288524,3.801948,0.199556,0.143748,3.819154
1280,0.420484,-0.336695,3.795165,0.508384,-0.423969,3.713541,0.528350,-0.790486,3.737093,0.914432,-0.711308,4.056199,0.850767,-0.350149,4.083533,0.673635,-0.314298,4.115348,0.589853,-0.187607,3.898964,0.771343,-0.061776,3.981110,0.503633,0.106822,3.959148,0.345888,-0.040830,3.896693,0.372947,0.316338,3.794348,0.257173,0.211071,3.791135
1281,0.431794,-0.334572,3.790311,0.462522,-0.438898,3.704015,0.505742,-0.807437,3.737068,0.953449,-0.636272,4.042731,0.946162,-0.259607,4.044672,0.705742,-0.300370,4.098869,0.559402,-0.176526,3.900862,0.786869,-0.041815,3.976222,0.509369,0.122631,3.951746,0.338615,-0.030900,3.891332,0.358131,0.220187,3.852873,0.215421,0.117943,3.832083
1282,0.455255,-0.333842,3.789173,0.517415,-0.446464,3.709044,0.524122,-0.821684,3.730934,0.905029,-0.730284,4.059519,0.816814,-0.361074,4.093943,0.639889,-0.338401,4.128461,0.586670,-0.201014,3.901217,0.772991,-0.094584,3.992222,0.554296,0.101738,3.961294,0.378092,-0.023371,3.883988,0.459559,0.312168,3.820354,0.301373,0.198381,3.790295
1283,0.399708,-0.322379,3.783797,0.408959,-0.479836,3.684012,0.465589,-0.806982,3.732684,1.050810,-0.483221,4.006933,1.183552,-0.096188,3.962454,1.044040,-0.053369,3.975255,0.523180,-0.246407,3.910938,0.862201,-0.074765,3.968786,0.617873,0.130364,3.937784,0.320366,-0.006626,3.873502,0.507623,0.217611,3.855955,0.239672,0.119007,3.827999
1284,0.396639,-0.318724,3.790833,0.427474,-0.468618,3.690947,0.473492,-0.820910,3.731326,1.028228,-0.684202,4.027184,1.060037,-0.242423,4.020469,0.783893,-0.279334,4.086269,0.543282,-0.222675,3.905515,0.842464,-0.073828,3.973382,0.645576,0.163444,3.916733,0.292173,0.016106,3.861195,0.409962,0.208319,3.875122,0.224131,0.196707,3.767127
1285,0.411484,-0.325809,3.789843,0.451569,-0.496580,3.692291,0.480500,-0.824603,3.732722,1.027595,-0.669290,4.024148,1.059614,-0.232068,4.014070,0.761860,-0.309370,4.096244,0.552331,-0.225816,3.909878,0.859849,-0.078897,3.977038,0.657586,0.162393,3.915641,0.323836,0.001350,3.875911,0.512802,0.238434,3.845989,0.281031,0.172185,3.787517
1286,0.451085,-0.320022,3.795836,0.562786,-0.459568,3.709169,0.530209,-0.835809,3.733873,0.882117,-0.750022,4.058843,0.733618,-0.399876,4.112995,0.614150,-0.392406,4.125778,0.625256,-0.194345,3.897738,0.782410,-0.077358,3.988210,0.555161,0.112683,3.950849,0.386659,-0.014662,3.883237,0.443839,0.246983,3.822469,0.280061,0.158295,3.812497
1287,0.434839,-0.326947,3.795866,0.479154,-0.462058,3.702830,0.490910,-0.840017,3.724979,0.960877,-0.746374,4.044382,0.903175,-0.361345,4.077412,0.675240,-0.369424,4.118573,0.586273,-0.184720,3.896991,0.820516,-0.077803,3.983166,0.647995,0.133297,3.936890,0.388240,0.005545,3.864628,0.494627,0.248601,3.813027,0.287983,0.160232,3.784626
1288,0.433023,-0.328276,3.793535,0.447790,-0.464583,3.699649,0.475032,-0.837874,3.727307,1.004937,-0.716999,4.035517,1.009689,-0.259897,4.033388,0.760793,-0.327916,4.106057,0.555836,-0.196812,3.903146,0.843439,-0.069821,3.976942,0.667110,0.123561,3.924690,0.335844,0.001701,3.877394,0.549400,0.280345,3.810342,0.269403,0.195127,3.785898
1289,0.431450,-0.326842,3.795340,0.440283,-0.476145,3.696543,0.460775,-0.809949,3.733083,1.036785,-0.596990,4.022904,1.130226,-0.144834,3.984513,0.979380,-0.088229,3.999734,0.539229,-0.192375,3.898970,0.859065,-0.061846,3.968941,0.710656,0.135417,3.918177,0.348543,0.013315,3.871518,0.620910,0.258822,3.804020,0.253874,0.161372,3.806020
1290,0.417348,-0.324342,3.789472,0.467598,-0.410386,3.705593,0.476182,-0.817792,3.737062,0.972603,-0.650894,4.044221,0.931558,-0.249726,4.046641,0.682075,-0.254659,4.092913,0.544954,-0.178739,3.898834,0.803136,-0.047738,3.975532,0.549016,0.143344,3.938111,0.305741,-0.012277,3.870625,0.381633,0.233844,3.843547,0.201760,0.111455,3.818176
1291,0.437153,-0.330290,3.795179,0.533143,-0.421302,3.715780,0.535690,-0.822439,3.737623,0.866979,-0.700256,4.067881,0.717626,-0.297418,4.089526,0.606706,-0.278041,4.105652,0.602157,-0.158596,3.895420,0.736560,-0.026279,3.980279,0.480128,0.143854,3.941769,0.353552,-0.014503,3.885765,0.364545,0.284447,3.781467,0.224400,0.132370,3.805065
1292,0.428996,-0.326848,3.797626,0.505743,-0.425875,3.711157,0.493080,-0.821663,3.732646,0.921619,-0.687351,4.056624,0.832470,-0.247176,4.060649,0.627738,-0.257519,4.097306,0.586407,-0.156400,3.896460,0.775403,-0.018622,3.973471,0.501192,0.146753,3.938287,0.344628,-0.003909,3.883742,0.366710,0.289625,3.784719,0.216788,0.156774,3.809165
1293,0.428381,-0.322391,3.790978,0.455485,-0.454743,3.700204,0.478322,-0.814958,3.730366,1.029786,-0.567331,4.020072,1.092256,-0.136696,3.992432,0.811173,-0.230819,4.076844,0.549158,-0.169313,3.899369,0.859135,0.000749,3.952287,0.573442,0.159046,3.926188,0.306992,-0.006354,3.883868,0.436279,0.290166,3.816579,0.233700,0.181403,3.803911
1294,0.435532,-0.326653,3.792040,0.506269,-0.413159,3.716854,0.501460,-0.814639,3.734900,0.926514,-0.645872,4.051395,0.843342,-0.316583,4.074861,0.635663,-0.387374,4.131134,0.595266,-0.152864,3.895234,0.789645,-0.021187,3.970861,0.524296,0.162632,3.929113,0.330483,0.013501,3.874898,0.341920,0.242753,3.817112,0.205815,0.171986,3.789913
1295,0.434786,-0.329454,3.791906,0.491673,-0.437717,3.716455,0.495400,-0.821212,3.729993,0.951870,-0.748828,4.054956,0.869879,-0.333601,4.079212,0.639275,-0.414283,4.135360,0.590855,-0.188956,3.900887,0.795004,-0.040471,3.978759,0.491383,0.118903,3.959747,0.293656,-0.041806,3.907698,0.329297,0.302208,3.781129,0.220504,0.207753,3.777990
1296,0.445481,-0.332683,3.803956,0.528652,-0.464704,3.711081,0.525604,-0.833001,3.725470,0.944929,-0.772410,4.048409,0.834572,-0.363549,4.092255,0.651623,-0.436899,4.147131,0.606143,-0.183314,3.901228,0.800509,-0.051856,3.980756,0.547759,0.136373,3.946988,0.328818,0.003156,3.880102,0.315756,0.241670,3.830090,0.190680,0.164014,3.793361
1297,0.430228,-0.334293,3.792843,0.483131,-0.463896,3.715567,0.476436,-0.840261,3.717670,0.993458,-0.766194,4.042519,1.035026,-0.250425,4.033460,0.787625,-0.332829,4.101453,0.584865,-0.180092,3.904925,0.862323,-0.036661,3.972201,0.640167,0.164446,3.925760,0.304679,-0.009777,3.887662,0.396897,0.233499,3.850851,0.225193,0.163736,3.809551
1298,0.445576,-0.330633,3.798275,0.514754,-0.447663,3.723282,0.510150,-0.850033,3.723577,0.898005,-0.796087,4.064695,0.854921,-0.426582,4.103979,0.658412,-0.551153,4.169664,0.607978,-0.221270,3.907044,0.779445,-0.099178,4.001606,0.529002,0.120975,3.957685,0.385114,-0.018706,3.884832,0.385567,0.292696,3.768322,0.332549,0.190096,3.770802
1299,nan,nan,nan,nan,nan,nan,nan,nan,nan,nan,nan,nan,nan,nan,nan,nan,nan,nan,nan,nan,nan,nan,nan,nan,nan,nan,nan,nan,nan,nan,nan,nan,nan,nan,nan,nan
1300,0.394721,-0.311515,3.874039,0.431408,-0.461416,3.800535,0.503678,-0.868358,3.807750,0.979017,-0.805471,4.122187,0.962087,-0.373201,4.110033,0.749867,-0.460106,4.171549,0.503900,-0.211534,3.971097,0.751737,-0.059019,4.034932,0.543896,0.141812,3.971689,0.302250,0.017578,3.957996,0.346677,0.165915,3.913373,0.213632,0.152211,3.845541
1301,0.475021,-0.301514,3.822928,0.528180,-0.439821,3.780787,0.527855,-0.870647,3.761514,0.985809,-0.747994,4.082520,0.942114,-0.181165,4.063267,0.696684,-0.285191,4.130828,0.591516,-0.213883,3.938198,0.816746,-0.068588,4.014679,0.583320,0.133953,3.968844,0.366642,0.006890,3.896708,0.392327,0.240241,3.837261,0.273814,0.190606,3.804286
1302,0.423209,-0.321586,3.813862,0.421840,-0.517163,3.756270,0.503944,-0.905448,3.725310,1.031221,-0.773881,4.056865,1.127753,-0.151973,3.998522,0.876090,-0.172110,4.062736,0.547829,-0.282913,3.924138,0.872837,-0.084368,3.986736,0.609253,0.003559,4.033363,0.259225,-0.192494,3.995401,0.352341,0.166997,3.913261,0.288243,0.202498,3.770883
1303,0.433626,-0.330078,3.807883,0.466564,-0.508734,3.758598,0.503091,-0.899076,3.710674,1.025131,-0.815765,4.047029,1.133620,-0.208514,4.003520,0.819088,-0.199682,4.083129,0.538010,-0.248054,3.910701,0.875309,-0.104531,3.987944,0.612592,-0.087503,4.081236,0.294788,-0.130891,3.965270,0.295162,0.169938,3.908574,0.349387,0.328770,3.643623
1304,0.482932,-0.289079,3.807535,0.440383,-0.468541,3.752385,0.493621,-0.915122,3.698076,1.020296,-0.813754,4.038422,1.110944,-0.144715,3.991457,0.810041,-0.165999,4.065123,0.515337,-0.279397,3.912866,0.843762,-0.111197,3.992379,0.656490,0.062142,3.982194,0.244984,-0.089248,3.923728,0.413235,0.256985,3.822037,0.234112,0.205534,3.732808
1305,0.483771,-0.245876,3.806241,0.459905,-0.487329,3.763915,0.512234,-0.907795,3.692740,1.056325,-0.555947,4.008462,1.143970,-0.108377,3.970128,0.918507,-0.032415,4.000829,0.536732,-0.306977,3.909551,0.833308,-0.099424,3.986969,0.520301,0.101856,3.972908,0.280935,-0.102096,3.929322,0.383770,0.221597,3.844589,0.153348,0.073697,3.838725
1306,0.479395,-0.255981,3.807441,0.482895,-0.424677,3.775014,0.534827,-0.828882,3.707901,1.022808,-0.477509,4.007375,1.036677,-0.123206,3.994734,0.717984,-0.171492,4.073936,0.549159,-0.274495,3.907366,0.818315,-0.077914,3.985633,0.486166,0.104011,3.976998,0.280366,-0.090823,3.930472,0.344494,0.187978,3.886847,0.120494,0.060937,3.854996
1307,0.475027,-0.223902,3.812857,0.465174,-0.394978,3.778069,0.518449,-0.827566,3.700551,1.062613,-0.393329,3.992403,1.167627,-0.011347,3.941899,0.992295,-0.007993,3.973993,0.538052,-0.251926,3.900253,0.848080,-0.067324,3.974615,0.541541,0.107924,3.973527,0.308204,-0.072239,3.917696,0.370106,0.182343,3.892330,0.148555,0.071751,3.845180
1308,0.430249,-0.166524,3.800176,0.447287,-0.365488,3.776087,0.484558,-0.614795,3.715773,1.046648,-0.163121,3.973704,1.108379,0.194368,3.914043,0.901677,0.212774,3.920240,0.537882,-0.199134,3.892383,0.842116,0.024705,3.944963,0.536586,0.189988,3.919745,0.303189,-0.055582,3.905570,0.364749,0.194352,3.872708,0.170456,0.068905,3.859075
1309,0.461457,-0.142164,3.794032,0.423629,-0.325130,3.770946,0.488882,-0.626810,3.710572,1.054756,-0.241739,3.978665,1.075636,0.141696,3.928913,0.814605,0.105459,3.967836,0.520137,-0.240810,3.902189,0.824574,-0.018767,3.964806,0.535008,0.176299,3.924645,0.296203,-0.042839,3.918078,0.372607,0.254193,3.812353,0.177137,0.116022,3.817204
1310,0.458974,0.005995,3.775726,0.383423,-0.248173,3.760582,0.438436,-0.529404,3.709028,1.087630,-0.198890,3.968150,1.213387,0.100286,3.907744,1.148811,0.288043,3.841497,0.474431,-0.215522,3.891640,0.831312,-0.017050,3.956814,0.580124,0.221552,3.897140,0.279054,0.022616,3.892206,0.430682,0.262462,3.803669,0.177314,0.126318,3.824879
1311,0.455840,-0.014651,3.790581,0.413769,-0.207262,3.773555,0.439160,-0.501533,3.715870,1.074017,-0.091458,3.961186,1.301540,0.327447,3.848830,1.379297,0.577696,3.706135,0.460379,-0.172559,3.892393,0.802586,0.069761,3.935172,0.581361,0.205617,3.908876,0.290364,0.054574,3.855016,0.374566,0.201371,3.868389,0.155777,0.124541,3.843670
1312,0.445340,-0.330631,3.796052,0.405811,-0.568803,3.753084,0.476147,-0.712296,3.684643,1.101352,-0.295193,3.972551,1.217893,0.040173,3.914673,1.166340,0.255008,3.854036,0.530855,-0.209319,3.888315,0.870961,-0.014020,3.951205,0.648575,0.158355,3.930218,0.332313,-0.026559,3.879826,0.461494,0.202836,3.867587,0.243321,0.086714,3.826326
1313,0.516520,-0.068222,3.800532,0.473285,-0.215626,3.783591,0.453070,-0.506971,3.705125,1.076846,-0.066802,3.959197,1.333557,0.423760,3.827035,1.428121,0.726253,3.661341,0.490090,-0.152015,3.879659,0.825493,0.119292,3.915696,0.585374,0.259318,3.869709,0.284017,0.084075,3.831125,0.402523,0.224908,3.847178,0.148479,0.129744,3.817679
1314,0.446850,0.020809,3.780739,0.449024,-0.252318,3.777719,0.464750,-0.571386,3.687140,1.122961,-0.110440,3.951601,1.392844,0.614503,3.786803,1.587547,1.158022,3.522087,0.527363,-0.135837,3.882452,0.878638,0.130361,3.908008,0.668682,0.228163,3.883198,0.337727,0.070012,3.852407,0.457874,0.157049,3.906302,0.218117,0.099502,3.850908
1315,0.478283,0.074424,3.777679,0.454965,-0.195847,3.776488,0.457616,-0.448417,3.700587,1.138769,-0.114244,3.948198,1.356507,0.208727,3.853325,1.433662,0.472382,3.732601,0.516302,-0.097278,3.869073,0.900643,0.146550,3.899408,0.661557,0.275008,3.843309,0.333849,0.103158,3.823376,0.470469,0.247511,3.792756,0.226029,0.157091,3.794383
1316,0.523151,-0.441449,3.802483,0.456759,-0.750905,3.729307,0.573764,-0.920800,3.648638,1.167855,-0.678118,3.968797,1.236630,-0.292063,3.954128,0.882096,-0.246209,4.048039,0.599339,-0.297146,3.883802,0.940657,-0.148424,3.965324,0.696944,0.065647,3.966676,0.349863,-0.082064,3.911685,0.465082,0.131589,3.896778,0.231119,0.052294,3.864034
1317,0.534623,-0.356964,3.804719,0.445463,-0.711379,3.730652,0.570650,-1.009212,3.619744,1.127760,-0.925630,3.972497,1.154370,-0.357888,3.979534,0.793806,-0.356937,4.088479,0.605559,-0.365150,3.891118,0.926656,-0.217071,3.985186,0.691270,0.038350,3.974993,0.283918,-0.150091,3.938888,0.507652,0.185373,3.855449,0.366016,0.078248,3.822684
1318,0.444823,-0.305982,3.809528,0.407626,-0.491628,3.757329,0.518695,-0.794508,3.650591,1.137775,-0.858766,3.971994,1.282580,-0.351261,3.945654,1.203539,-0.127575,3.939329,0.521895,-0.346259,3.891816,0.876214,-0.221378,3.993158,0.628338,0.048907,3.986541,0.303295,-0.050261,3.904241,0.444133,0.156871,3.887174,0.190055,0.085108,3.845559
1319,nan,nan,nan,nan,nan,nan,nan,nan,nan,nan,nan,nan,nan,nan,nan,nan,nan,nan,nan,nan,nan,nan,nan,nan,nan,nan,nan,nan,nan,nan,nan,nan,nan,nan,nan,nan
1320,0.488954,-0.325506,3.899820,0.472541,-0.511913,3.861284,0.602338,-0.987558,3.719687,1.004434,-0.871696,4.076794,1.038343,-0.396894,4.065831,0.863371,-0.438232,4.150170,0.501333,-0.300080,3.952657,0.769866,-0.187240,4.045369,0.611855,0.170049,3.941413,0.300261,-0.046679,3.935016,0.356588,0.069491,3.956064,0.351257,0.077575,3.851597
1321,0.606677,-0.345279,3.846747,0.578025,-0.518536,3.800440,0.632693,-0.974083,3.667483,1.158123,-0.861125,4.014622,1.178665,-0.346125,3.988790,0.924523,-0.325647,4.083623,0.619716,-0.308101,3.917891,0.910592,-0.160332,3.994576,0.688855,0.130164,3.942612,0.316735,-0.126526,3.938906,0.435331,0.074985,3.945450,0.361726,0.037017,3.865784
1322,0.481719,-0.393804,3.817575,0.516547,-0.626633,3.770437,0.579073,-1.011373,3.627920,1.167938,-0.900414,3.984767,1.237573,-0.369813,3.970333,0.979283,-0.247786,4.042959,0.610120,-0.358108,3.911896,0.938270,-0.173405,3.984770,0.713393,0.232573,3.874054,0.266466,-0.054350,3.908637,0.394911,0.115557,3.920072,0.290488,0.100849,3.822812
1323,nan,nan,nan,nan,nan,nan,nan,nan,nan,nan,nan,nan,nan,nan,nan,nan,nan,nan,nan,nan,nan,nan,nan,nan,nan,nan,nan,nan,nan,nan,nan,nan,nan,nan,nan,nan
1324,0.425184,-0.381420,3.874370,0.486442,-0.706237,3.798296,0.560655,-1.066424,3.667631,0.963655,-0.990189,4.065931,0.970070,-0.534611,4.092159,0.909925,-0.219962,4.087206,0.512689,-0.313751,3.949150,0.736158,-0.223305,4.056877,0.456727,0.199692,3.915042,0.264531,0.025126,3.887658,0.481454,0.200980,3.856607,0.355399,0.174790,3.801321
1325,0.409148,-0.410686,3.836544,0.477086,-0.708943,3.763170,0.551266,-1.070984,3.633059,0.971424,-0.989459,4.047305,0.982401,-0.490207,4.077783,0.950297,-0.210352,4.046690,0.510727,-0.307672,3.918731,0.737810,-0.215230,4.039474,0.446557,0.218659,3.899040,0.252506,0.007731,3.873852,0.505025,0.207670,3.834012,0.403266,0.128617,3.826899
1326,0.414968,-0.387449,3.827241,0.476557,-0.697235,3.760615,0.535569,-1.066542,3.628691,0.948869,-0.978257,4.038090,0.990674,-0.481586,4.055295,0.955272,-0.204081,4.035216,0.527068,-0.315687,3.913724,0.771746,-0.208427,4.024816,0.455360,0.191505,3.922867,0.193771,-0.036269,3.886309,0.470664,0.365299,3.707026,0.407250,0.201299,3.749267
1327,0.406635,-0.399344,3.815153,0.478462,-0.704518,3.754730,0.521951,-1.072386,3.615334,0.953871,-0.952317,4.036903,1.033703,-0.449793,4.049814,0.973194,-0.200901,4.021748,0.519976,-0.325593,3.908924,0.791665,-0.216490,4.022846,0.532649,0.230460,3.904260,0.247583,0.015778,3.868970,0.554495,0.360530,3.707655,0.418963,0.138896,3.799200
1328,0.390508,-0.405664,3.824252,0.479168,-0.712381,3.751053,0.527177,-1.076338,3.609556,0.949214,-0.952903,4.022819,0.925942,-0.512821,4.067662,0.968295,-0.193096,4.021677,0.538732,-0.329131,3.906823,0.811237,-0.217597,4.015587,0.543358,0.196802,3.919428,0.247749,-0.035151,3.889777,0.527171,0.386918,3.680877,0.399659,0.238634,3.711076
1329,0.384849,-0.381726,3.808033,0.476027,-0.670482,3.753196,0.521140,-1.059088,3.610496,0.961378,-0.996765,4.015005,0.945689,-0.541300,4.073001,0.962059,-0.179496,4.017110,0.529740,-0.309126,3.909334,0.815743,-0.206236,4.018518,0.546733,0.228038,3.905295,0.240645,-0.019338,3.875629,0.530502,0.422396,3.658406,0.361807,0.178007,3.750363
1330,0.386475,-0.401031,3.807886,0.455242,-0.681123,3.746831,0.511977,-1.059819,3.608060,0.968522,-1.016527,4.007663,0.984414,-0.546898,4.058525,0.967539,-0.187314,4.019852,0.523170,-0.305000,3.902461,0.822870,-0.199004,4.009851,0.556854,0.257547,3.883778,0.238466,-0.006355,3.867778,0.567604,0.446086,3.618420,0.395517,0.169028,3.768716
1331,0.383940,-0.385481,3.804018,0.460040,-0.640809,3.744025,0.514989,-1.027201,3.618607,0.987374,-1.009776,4.009788,1.021373,-0.551753,4.054426,0.959195,-0.188276,4.021197,0.518963,-0.286336,3.901972,0.829279,-0.169780,3.998493,0.534878,0.257668,3.878546,0.235736,-0.017220,3.880705,0.491119,0.468741,3.600789,0.311643,0.213277,3.732613
1332,0.379126,-0.403562,3.811916,0.455268,-0.669826,3.746512,0.516311,-1.022493,3.625908,0.996022,-0.987475,4.009832,1.033336,-0.548370,4.048291,0.964325,-0.181423,4.017744,0.510048,-0.287363,3.900389,0.811496,-0.155972,3.993013,0.506047,0.261450,3.869859,0.235539,0.005921,3.865843,0.491296,0.355989,3.689015,0.375721,0.075233,3.834478
1333,0.391063,-0.400225,3.800367,0.467589,-0.660431,3.744149,0.522142,-1.004473,3.642241,0.970143,-0.979277,4.017804,1.052011,-0.527324,4.042311,0.972336,-0.177794,4.016958,0.505630,-0.266515,3.905801,0.790322,-0.135886,3.993145,0.528179,0.264827,3.867006,0.245745,0.039081,3.852201,0.505784,0.293624,3.758693,0.375336,-0.005456,3.882564
1334,0.388029,-0.390643,3.797180,0.461913,-0.644895,3.733346,0.508228,-0.972447,3.655470,0.968363,-0.944201,4.011755,1.077893,-0.495328,4.039296,0.966132,-0.175001,4.015239,0.512887,-0.230364,3.898495,0.791021,-0.109244,3.986724,0.510607,0.276740,3.859783,0.238809,0.023413,3.853917,0.493588,0.255583,3.814313,0.399604,-0.041967,3.910211
1335,0.385350,-0.414511,3.794123,0.461606,-0.643613,3.727235,0.506477,-0.963843,3.676676,0.948358,-0.915319,4.013664,1.087585,-0.489353,4.034761,0.965170,-0.173354,4.019448,0.519612,-0.209775,3.900436,0.777015,-0.096799,3.983305,0.488649,0.281145,3.854564,0.270425,0.050545,3.841828,0.575468,0.276054,3.824179,0.419156,0.060735,3.840278
1336,0.387289,-0.430215,3.795984,0.461959,-0.649462,3.713182,0.501304,-0.947023,3.696128,0.937405,-0.862229,4.017897,1.103789,-0.468567,4.033638,0.966449,-0.177446,4.023170,0.519819,-0.205780,3.905921,0.764675,-0.061919,3.976927,0.472285,0.304901,3.835524,0.254694,0.060267,3.836780,0.544320,0.237534,3.820922,0.389955,0.080722,3.823879
1337,0.386326,-0.430428,3.795425,0.457559,-0.625213,3.708428,0.489608,-0.916291,3.709236,0.935256,-0.843105,4.039576,1.122949,-0.450961,4.029838,0.967964,-0.178688,4.018952,0.533047,-0.181073,3.900652,0.788953,-0.076321,3.984049,0.507244,0.331901,3.808273,0.260678,0.075598,3.828555,0.623455,0.359731,3.699273,0.461928,0.149143,3.773765
1338,0.396685,-0.417242,3.817106,0.466904,-0.594069,3.711689,0.495365,-0.841965,3.721100,0.940250,-0.793624,4.029271,1.145837,-0.399341,4.011552,0.967430,-0.173857,4.013806,0.554789,-0.191737,3.903019,0.819671,-0.059662,3.979301,0.494021,0.302091,3.839739,0.246620,-0.009936,3.858851,0.542888,0.390685,3.650521,0.375083,0.248932,3.710196
1339,0.401369,-0.416870,3.805443,0.446195,-0.601302,3.707020,0.486461,-0.849181,3.717135,0.947691,-0.766697,4.023852,1.133357,-0.416122,4.012407,0.977585,-0.202694,4.018301,0.551077,-0.177596,3.902117,0.832234,-0.069767,3.976370,0.461071,0.230355,3.901722,0.232353,0.001902,3.852228,0.450634,0.546088,3.499322,0.379402,0.388280,3.647762
1340,0.387046,-0.427339,3.793996,0.438491,-0.611925,3.714633,0.492036,-0.879342,3.707168,0.945730,-0.785557,4.020921,1.124591,-0.430553,4.015793,0.982059,-0.196778,4.012482,0.544260,-0.201203,3.898671,0.824754,-0.083727,3.980344,0.526912,0.265376,3.879180,0.233690,-0.003589,3.853944,0.488768,0.509920,3.533786,0.354897,0.272741,3.687847
1341,0.382748,-0.422110,3.794211,0.454036,-0.617517,3.709798,0.500235,-0.889253,3.709113,0.948207,-0.798126,4.024084,1.119765,-0.440545,4.017761,0.975516,-0.205620,4.017591,0.544659,-0.205248,3.901757,0.812089,-0.100913,3.987826,0.515664,0.273567,3.866140,0.239291,0.008889,3.855626,0.522738,0.484388,3.568934,0.392294,0.279860,3.678355
1342,0.380479,-0.419008,3.794004,0.458410,-0.619129,3.704023,0.505334,-0.881256,3.713526,0.951914,-0.798795,4.020157,1.138467,-0.439497,4.013433,0.978066,-0.208864,4.019969,0.541586,-0.194134,3.899872,0.808293,-0.086881,3.979941,0.510141,0.306181,3.841554,0.244076,0.062217,3.824601,0.502470,0.518951,3.522374,0.383543,0.354520,3.603856
1343,0.392187,-0.414547,3.800634,0.451462,-0.615918,3.709226,0.506910,-0.890155,3.717064,0.949315,-0.800385,4.020058,1.134647,-0.448227,4.018823,0.976936,-0.218230,4.025226,0.530212,-0.191766,3.899509,0.795469,-0.078929,3.978278,0.505863,0.304864,3.838396,0.244921,0.054837,3.831699,0.488458,0.550257,3.515391,0.351136,0.393558,3.579275
1344,0.389252,-0.412231,3.790764,0.455198,-0.594328,3.706916,0.512389,-0.867652,3.716268,0.948468,-0.804752,4.022673,1.131424,-0.449748,4.019933,0.973028,-0.211660,4.022520,0.540280,-0.188709,3.899364,0.801668,-0.073584,3.978987,0.435299,0.234727,3.888200,0.232337,0.019128,3.850562,0.474617,0.446282,3.651907,0.337523,0.249451,3.713853
1345,0.390368,-0.416208,3.799131,0.454172,-0.610705,3.707996,0.513178,-0.870458,3.715693,0.957424,-0.797149,4.021089,1.145786,-0.449007,4.015526,0.977438,-0.212312,4.022791,0.537484,-0.180362,3.898242,0.804949,-0.069873,3.976185,0.484437,0.268721,3.863216,0.226190,0.023260,3.856654,0.458134,0.454145,3.634437,0.321094,0.289873,3.686334
1346,0.397918,-0.411131,3.785862,0.464409,-0.603969,3.712427,0.517781,-0.871761,3.717320,0.956899,-0.805169,4.025181,1.138061,-0.448343,4.019246,0.970475,-0.218793,4.021166,0.545013,-0.182219,3.899710,0.809187,-0.072493,3.977916,0.487503,0.285928,3.852558,0.232209,0.030120,3.848186,0.476679,0.493618,3.628074,0.348022,0.332472,3.674366
1347,0.390652,-0.419443,3.789661,0.448717,-0.608176,3.703568,0.509637,-0.881719,3.717169,0.963678,-0.799886,4.024546,1.140136,-0.443436,4.021508,0.971028,-0.211499,4.022391,0.538440,-0.173802,3.898598,0.817442,-0.075873,3.978232,0.453519,0.216704,3.903373,0.233372,0.030799,3.842256,0.468916,0.476275,3.613725,0.342318,0.337171,3.652640
1348,0.383975,-0.425094,3.791912,0.454679,-0.609319,3.708164,0.512929,-0.877387,3.715304,0.961077,-0.801981,4.023325,1.134077,-0.441920,4.022083,0.975886,-0.210112,4.021903,0.542155,-0.171632,3.896585,0.817321,-0.083441,3.978285,0.450907,0.213810,3.903803,0.246742,0.030010,3.846250,0.472243,0.513055,3.563437,0.376223,0.398389,3.600918
1349,0.386422,-0.412391,3.799159,0.468496,-0.598442,3.708573,0.515713,-0.877653,3.718543,0.956841,-0.801952,4.022993,1.141426,-0.440805,4.014402,0.974851,-0.204647,4.021336,0.536716,-0.174258,3.894019,0.804939,-0.068744,3.976967,0.445416,0.227117,3.892267,0.229561,0.041608,3.839128,0.488789,0.512264,3.573797,0.369576,0.373928,3.600859
1350,0.379816,-0.407738,3.801653,0.460814,-0.594079,3.714329,0.512848,-0.876063,3.719097,0.956867,-0.806295,4.024853,1.145865,-0.441820,4.014606,0.975188,-0.197738,4.018192,0.539182,-0.175574,3.893406,0.811274,-0.068316,3.973566,0.437690,0.216889,3.894079,0.240179,0.049197,3.842716,0.505167,0.573466,3.555614,0.363377,0.448092,3.545671
1351,0.387133,-0.403587,3.806133,0.456643,-0.589575,3.709689,0.515615,-0.872116,3.716613,0.959045,-0.799757,4.022480,1.143209,-0.438210,4.014764,0.969328,-0.202233,4.021201,0.550270,-0.172665,3.893261,0.804680,-0.071991,3.977914,0.414865,0.207184,3.899532,0.250071,0.030918,3.852395,0.472382,0.417929,3.681234,0.361016,0.288888,3.681255
1352,0.386890,-0.407909,3.793788,0.451425,-0.600681,3.702585,0.516087,-0.873843,3.719332,0.959724,-0.801780,4.022289,1.138213,-0.442980,4.016304,0.968055,-0.209790,4.016448,0.537105,-0.170950,3.892677,0.795322,-0.069926,3.974179,0.406447,0.196980,3.905467,0.231784,0.047479,3.840010,0.481218,0.469563,3.612460,0.370721,0.391569,3.598632
1353,0.380080,-0.413756,3.800277,0.456289,-0.596883,3.714306,0.517524,-0.876762,3.718934,0.958685,-0.803756,4.023338,1.141134,-0.440452,4.014233,0.964464,-0.212639,4.017911,0.538090,-0.183620,3.893763,0.800990,-0.066468,3.975079,0.418939,0.232403,3.884187,0.239453,0.040416,3.839508,0.480675,0.478607,3.641579,0.360881,0.306045,3.688030
1354,0.380572,-0.405047,3.792539,0.459889,-0.597317,3.708554,0.517257,-0.870545,3.717432,0.960410,-0.798843,4.023158,1.148516,-0.432196,4.015468,0.964184,-0.209619,4.024834,0.549119,-0.166384,3.893880,0.810512,-0.064487,3.973970,0.426293,0.232717,3.884147,0.258705,0.060531,3.838629,0.494526,0.439890,3.662343,0.371258,0.288340,3.680978
1355,0.377920,-0.408062,3.785794,0.465992,-0.598465,3.713001,0.521830,-0.874975,3.717363,0.958465,-0.808113,4.021758,1.136392,-0.446644,4.016087,0.978350,-0.203714,4.021135,0.552566,-0.168827,3.892081,0.815391,-0.073643,3.974701,0.420649,0.212494,3.897793,0.245033,0.048615,3.848429,0.489319,0.472443,3.611346,0.376701,0.367065,3.619286
1356,0.388068,-0.404476,3.800335,0.468741,-0.591611,3.714286,0.516644,-0.877203,3.721464,0.956479,-0.813014,4.027534,1.135769,-0.454515,4.023328,0.983184,-0.210002,4.020037,0.549924,-0.182339,3.894956,0.809341,-0.080726,3.977567,0.414585,0.210522,3.897440,0.228790,-0.007934,3.868989,0.499253,0.478340,3.645348,0.374626,0.274620,3.709620
1357,0.375597,-0.418452,3.790321,0.459452,-0.605676,3.717826,0.514504,-0.879461,3.720253,0.957506,-0.809837,4.025649,1.144895,-0.451433,4.019395,0.977456,-0.215407,4.023188,0.547992,-0.180245,3.897095,0.800135,-0.088460,3.981396,0.410327,0.197822,3.907064,0.245308,-0.007590,3.868447,0.437975,0.401863,3.674254,0.331224,0.260765,3.670810
1358,0.377161,-0.409456,3.802017,0.474327,-0.581215,3.724972,0.516147,-0.872555,3.724567,0.956414,-0.808483,4.026589,1.143070,-0.454541,4.021703,0.978760,-0.213923,4.016748,0.534983,-0.180187,3.896911,0.797542,-0.068240,3.975881,0.416169,0.219841,3.895823,0.227649,0.037648,3.836657,0.478030,0.502871,3.562972,0.338862,0.322603,3.622227
1359,0.392057,-0.406106,3.789307,0.474669,-0.599871,3.717455,0.524000,-0.876463,3.723024,0.958533,-0.802636,4.028452,1.148714,-0.443522,4.017664,0.975514,-0.208104,4.021080,0.546625,-0.185596,3.896008,0.802135,-0.071559,3.976052,0.418717,0.209884,3.899170,0.243900,0.020578,3.855134,0.463600,0.514912,3.576921,0.338697,0.339269,3.628172
1360,0.384034,-0.425781,3.790771,0.464433,-0.614266,3.714616,0.516275,-0.888344,3.723656,0.957622,-0.798276,4.027668,1.149854,-0.444828,4.018663,0.971730,-0.210447,4.018248,0.539186,-0.190368,3.899635,0.791230,-0.077986,3.979884,0.416687,0.203272,3.903322,0.237620,0.005287,3.858874,0.455565,0.465710,3.607487,0.337796,0.323120,3.637172
1361,0.387408,-0.400351,3.783931,0.474309,-0.585576,3.721798,0.519366,-0.876056,3.722961,0.961340,-0.804561,4.025475,1.153103,-0.435535,4.018748,0.972185,-0.205851,4.018871,0.543513,-0.179127,3.892487,0.795840,-0.079331,3.977734,0.417121,0.210265,3.898354,0.236340,0.018160,3.855276,0.455316,0.463856,3.633340,0.341343,0.279580,3.683739
1362,0.390963,-0.401361,3.793253,0.472274,-0.589010,3.722039,0.521044,-0.885378,3.722541,0.962809,-0.806769,4.027739,1.145392,-0.438418,4.020220,0.974945,-0.200710,4.019072,0.548765,-0.187470,3.893748,0.802970,-0.074705,3.974681,0.421974,0.234776,3.883308,0.233801,0.023464,3.860713,0.474164,0.449653,3.654507,0.332244,0.316476,3.674814
1363,0.389475,-0.409983,3.791740,0.464477,-0.603921,3.715963,0.518926,-0.889762,3.724013,0.960746,-0.801590,4.028592,1.146278,-0.440985,4.021795,0.975786,-0.208237,4.016370,0.539572,-0.182991,3.894782,0.794218,-0.068116,3.975219,0.428275,0.242270,3.879665,0.234046,0.033515,3.842825,0.449332,0.422892,3.647354,0.319684,0.330719,3.622686
1364,0.389965,-0.409783,3.772075,0.461367,-0.602189,3.713926,0.517420,-0.888960,3.723976,0.960946,-0.797237,4.029371,1.149252,-0.442467,4.019947,0.972050,-0.211020,4.017637,0.542728,-0.186316,3.895773,0.798852,-0.066689,3.975980,0.424381,0.232295,3.885116,0.239366,0.031676,3.847703,0.455740,0.461678,3.628057,0.322799,0.320149,3.655905
1365,0.388990,-0.414258,3.785486,0.458240,-0.609382,3.713918,0.515299,-0.894437,3.723511,0.962367,-0.801035,4.029417,1.149259,-0.444590,4.025856,0.979436,-0.214300,4.026118,0.541679,-0.202490,3.898882,0.796759,-0.093005,3.982058,0.420565,0.210789,3.898692,0.243491,0.016889,3.855577,0.454602,0.475474,3.607789,0.343866,0.355492,3.622836
1366,0.393110,-0.416452,3.789447,0.467154,-0.613214,3.717943,0.516203,-0.895235,3.727148,0.963044,-0.806714,4.028626,1.147006,-0.447501,4.023152,0.976460,-0.210055,4.018439,0.534639,-0.196029,3.898098,0.792563,-0.079727,3.979120,0.434752,0.239992,3.882188,0.235108,0.047532,3.830325,0.439863,0.451151,3.614299,0.319775,0.336265,3.622809
1367,0.389500,-0.416703,3.787662,0.457238,-0.601437,3.719503,0.516816,-0.884537,3.729941,0.962598,-0.797545,4.029470,1.149679,-0.446997,4.027669,0.975353,-0.209614,4.017327,0.528183,-0.185757,3.896453,0.786080,-0.069427,3.978261,0.437543,0.240364,3.883181,0.229212,0.028571,3.841165,0.428600,0.446937,3.600769,0.308562,0.309991,3.631083
1368,0.396530,-0.407092,3.783445,0.450031,-0.609207,3.708596,0.512857,-0.898549,3.723837,0.963207,-0.794101,4.028873,1.148614,-0.434698,4.023273,0.969833,-0.206447,4.016416,0.534815,-0.200376,3.900523,0.794962,-0.082923,3.981858,0.436442,0.231189,3.889588,0.228596,0.041105,3.839367,0.388956,0.405646,3.655343,0.279550,0.242340,3.696430
1369,0.392976,-0.406492,3.809241,0.460590,-0.602712,3.715393,0.513670,-0.899684,3.721944,0.960386,-0.800980,4.028419,1.149326,-0.443336,4.022993,0.972131,-0.208561,4.017829,0.531819,-0.193124,3.899843,0.794936,-0.083804,3.981770,0.441660,0.222786,3.896112,0.244084,0.059644,3.827880,0.442342,0.524897,3.510370,0.343470,0.368062,3.588193
1370,0.401391,-0.389191,3.798637,0.461800,-0.595187,3.714569,0.508659,-0.902775,3.720868,0.960930,-0.801269,4.024824,1.156159,-0.445679,4.022331,0.976271,-0.203981,4.017601,0.532376,-0.190496,3.898545,0.784876,-0.077564,3.981793,0.421417,0.204541,3.903892,0.242471,0.059249,3.826005,0.439015,0.434056,3.622579,0.338824,0.286597,3.649241
1371,0.400580,-0.396587,3.805021,0.455234,-0.598916,3.717215,0.503566,-0.901731,3.722593,0.955710,-0.803662,4.026534,1.148065,-0.450357,4.021697,0.974297,-0.205837,4.020844,0.524018,-0.196589,3.898274,0.787243,-0.087107,3.983155,0.425544,0.214470,3.897249,0.244926,0.065759,3.824262,0.421656,0.469467,3.586860,0.307679,0.340972,3.619962
1372,0.397727,-0.391862,3.805684,0.459510,-0.593725,3.718453,0.504307,-0.896587,3.723119,0.960184,-0.803837,4.023602,1.150714,-0.444026,4.021652,0.968455,-0.211375,4.018976,0.530268,-0.181327,3.893880,0.790777,-0.072105,3.975412,0.415422,0.221607,3.889385,0.241589,0.053146,3.833721,0.456639,0.491134,3.589919,0.353302,0.377072,3.626105
1373,0.402609,-0.404180,3.809242,0.454664,-0.606827,3.719222,0.505786,-0.899560,3.716745,0.960398,-0.803916,4.027983,1.142192,-0.452746,4.029622,0.973624,-0.208027,4.019528,0.532252,-0.201348,3.898132,0.789839,-0.084310,3.981825,0.426946,0.225235,3.888677,0.243196,0.064557,3.827155,0.427628,0.445519,3.644009,0.319093,0.315624,3.662422
1374,0.396242,-0.409086,3.800501,0.456653,-0.608969,3.714610,0.505380,-0.899918,3.714971,0.954123,-0.806525,4.025918,1.151419,-0.446307,4.020346,0.971507,-0.207320,4.014709,0.536372,-0.195737,3.893752,0.792223,-0.083750,3.980338,0.416349,0.224092,3.889079,0.239859,0.019151,3.856532,0.464803,0.454040,3.652583,0.346620,0.316336,3.670857
1375,0.400335,-0.408494,3.798420,0.458661,-0.600344,3.712334,0.508286,-0.896369,3.721406,0.955231,-0.807472,4.021765,1.148502,-0.447999,4.020644,0.973436,-0.209476,4.020622,0.529364,-0.188712,3.895407,0.788481,-0.072038,3.977214,0.409657,0.215449,3.893055,0.239890,0.022838,3.843359,0.442179,0.422068,3.640839,0.331093,0.331503,3.646888
1376,0.385661,-0.408667,3.794708,0.455726,-0.611833,3.712713,0.508549,-0.900886,3.717915,0.951310,-0.811601,4.022518,1.148911,-0.455991,4.020783,0.970465,-0.213517,4.019391,0.530978,-0.183802,3.893965,0.787492,-0.071706,3.975123,0.408653,0.217429,3.891066,0.230051,0.054389,3.829310,0.448010,0.502143,3.571844,0.336897,0.387504,3.611025
1377,0.390927,-0.397909,3.787013,0.446343,-0.615339,3.711174,0.507072,-0.900356,3.715337,0.955011,-0.803739,4.026155,1.140873,-0.452638,4.029262,0.976308,-0.199691,4.019080,0.536960,-0.198298,3.895711,0.800306,-0.087076,3.979027,0.424839,0.219251,3.895186,0.241268,0.050366,3.838540,0.392928,0.429372,3.643231,0.294678,0.305774,3.645199
1378,0.378991,-0.412491,3.785630,0.440078,-0.625542,3.699729,0.506767,-0.907315,3.717705,0.951155,-0.805709,4.026728,1.157247,-0.449162,4.017009,0.972494,-0.209239,4.019339,0.524357,-0.197219,3.898116,0.786375,-0.077830,3.978907,0.420375,0.229828,3.884663,0.223588,0.056732,3.835555,0.445018,0.471553,3.580103,0.317815,0.362269,3.607146
1379,0.392296,-0.407121,3.791070,0.436760,-0.624750,3.703381,0.499268,-0.901486,3.714396,0.953962,-0.804614,4.025578,1.145490,-0.449821,4.026872,0.975917,-0.207160,4.017894,0.527495,-0.205372,3.900527,0.793033,-0.091033,3.982223,0.433022,0.230158,3.886704,0.237467,0.056531,3.837273,0.436279,0.502053,3.602463,0.327061,0.361042,3.640273
1380,0.389190,-0.414620,3.785048,0.439210,-0.625279,3.695996,0.501159,-0.902988,3.714534,0.954134,-0.805560,4.026648,1.148901,-0.443612,4.025906,0.971177,-0.205416,4.022217,0.541043,-0.210396,3.904701,0.800641,-0.094968,3.983907,0.420929,0.186590,3.917439,0.237362,0.009062,3.864005,0.443594,0.465021,3.649579,0.350435,0.361238,3.653361
1381,0.386710,-0.426821,3.785296,0.435215,-0.648005,3.695483,0.499660,-0.915736,3.706284,0.945096,-0.815386,4.027828,1.146793,-0.454321,4.025643,0.985071,-0.208374,4.021937,0.548850,-0.212084,3.908109,0.809209,-0.108333,3.991710,0.412297,0.196359,3.906852,0.248358,0.039034,3.850202,0.459563,0.431297,3.658290,0.360893,0.345197,3.645397
1382,0.387687,-0.429417,3.782734,0.444652,-0.644646,3.685997,0.497792,-0.915033,3.711489,0.946754,-0.806644,4.026711,1.151510,-0.451852,4.032293,0.984139,-0.207885,4.023011,0.544803,-0.212321,3.904267,0.801989,-0.100797,3.989913,0.423832,0.244046,3.878049,0.243311,0.071658,3.828465,0.486049,0.434897,3.649492,0.365987,0.262972,3.701329
1383,0.385701,-0.428318,3.786993,0.443370,-0.642708,3.689318,0.494990,-0.913072,3.706186,0.945296,-0.807537,4.027910,1.149402,-0.451712,4.028771,0.989104,-0.208215,4.019886,0.549952,-0.192318,3.900616,0.807411,-0.098097,3.985818,0.429538,0.246327,3.875780,0.252264,0.070968,3.836771,0.502436,0.425515,3.641402,0.390574,0.276102,3.695883
1384,0.387782,-0.422579,3.791447,0.443805,-0.640720,3.686077,0.490785,-0.915096,3.704060,0.949704,-0.796020,4.023636,1.144623,-0.448007,4.029750,0.979691,-0.206881,4.021089,0.548686,-0.195621,3.900548,0.805535,-0.092558,3.982900,0.426354,0.222631,3.892173,0.255736,0.079133,3.826087,0.496785,0.491257,3.580958,0.407073,0.373203,3.621498
1385,0.386684,-0.425546,3.791918,0.432278,-0.642967,3.686380,0.492426,-0.913156,3.704990,0.949489,-0.794793,4.025957,1.132283,-0.446906,4.033300,0.976888,-0.200886,4.012796,0.539125,-0.212702,3.896775,0.798920,-0.108037,3.988124,0.434593,0.222295,3.893035,0.241626,0.061141,3.831781,0.522983,0.455645,3.633566,0.415074,0.291642,3.679662
1386,0.383862,-0.418773,3.792895,0.412580,-0.636906,3.678422,0.476531,-0.899752,3.705479,0.939614,-0.792867,4.024867,1.131198,-0.442864,4.029555,0.962372,-0.200662,4.018500,0.523086,-0.211878,3.900083,0.784856,-0.099366,3.982405,0.434483,0.223434,3.890917,0.233720,0.071729,3.824958,0.446634,0.465751,3.621415,0.354889,0.355713,3.628673
1387,0.386136,-0.418801,3.788195,0.408809,-0.642830,3.673834,0.485441,-0.899924,3.704845,0.949562,-0.788753,4.024323,1.114313,-0.432475,4.029469,0.970881,-0.201974,4.015950,0.525934,-0.226229,3.902217,0.790137,-0.097604,3.982021,0.425204,0.205074,3.902454,0.231546,0.025149,3.852250,0.492346,0.510362,3.631181,0.370217,0.376701,3.641504
1388,0.389708,-0.415648,3.792574,0.428879,-0.625578,3.682306,0.484442,-0.891859,3.707327,0.944257,-0.790610,4.024108,1.126088,-0.426011,4.020014,0.971472,-0.201139,4.011936,0.520719,-0.221906,3.903364,0.783642,-0.098706,3.983023,0.418832,0.202828,3.902205,0.218558,0.018949,3.859092,0.483825,0.459832,3.663332,0.359600,0.360793,3.657070
1389,0.385271,-0.419449,3.786741,0.415135,-0.634443,3.677266,0.476297,-0.889666,3.705876,0.945433,-0.786507,4.020379,1.110404,-0.435514,4.023818,0.968569,-0.214088,4.023887,0.514240,-0.206238,3.898873,0.790474,-0.089691,3.981982,0.422818,0.219996,3.891509,0.239727,0.039262,3.844675,0.482722,0.512961,3.628668,0.383442,0.379612,3.640069
1390,0.390272,-0.414310,3.785563,0.415272,-0.632845,3.683685,0.479300,-0.880440,3.707962,0.945316,-0.781060,4.022229,1.095418,-0.438938,4.035167,0.971977,-0.212752,4.024501,0.535089,-0.209385,3.907079,0.801405,-0.086351,3.985674,0.428003,0.223698,3.890414,0.232064,0.038249,3.844699,0.441340,0.353880,3.742271,0.331863,0.271145,3.718743
1391,0.373471,-0.424007,3.784811,0.416762,-0.623983,3.674294,0.471439,-0.886197,3.698769,0.936180,-0.793095,4.020880,1.099090,-0.438926,4.033451,0.966185,-0.220642,4.022705,0.534553,-0.210519,3.905977,0.800950,-0.106776,3.993028,0.427513,0.230661,3.886483,0.256928,0.069361,3.830351,0.512766,0.416119,3.714987,0.391746,0.265184,3.728547
1392,0.377592,-0.416335,3.789773,0.418059,-0.627624,3.679226,0.464485,-0.892241,3.697949,0.927324,-0.802545,4.024836,1.095988,-0.446469,4.036064,0.971421,-0.207169,4.022750,0.539064,-0.196942,3.901747,0.805474,-0.101356,3.987305,0.430900,0.230334,3.887321,0.257534,0.064409,3.834037,0.517620,0.434993,3.625462,0.382721,0.314942,3.642145
1393,0.380019,-0.420975,3.788904,0.421712,-0.635599,3.676632,0.467780,-0.897704,3.697953,0.926096,-0.800730,4.023679,1.096455,-0.448966,4.035370,0.977541,-0.203782,4.019019,0.538363,-0.210622,3.906735,0.803246,-0.112270,3.993228,0.480339,0.288803,3.852152,0.257150,0.059839,3.832268,0.495782,0.490811,3.584638,0.377349,0.316278,3.660074
1394,0.383894,-0.412059,3.786732,0.418521,-0.636321,3.678011,0.466240,-0.875372,3.696876,0.926598,-0.800678,4.025424,1.097102,-0.448422,4.037645,0.965520,-0.198953,4.024728,0.556802,-0.193087,3.905240,0.821447,-0.113635,3.992169,0.454698,0.229186,3.893939,0.251584,0.042050,3.840913,0.549337,0.457531,3.619478,0.423953,0.313683,3.663217
1395,0.371440,-0.412556,3.790632,0.412383,-0.632468,3.681134,0.462568,-0.876347,3.697194,0.917738,-0.807099,4.026476,1.089172,-0.460469,4.038022,0.973647,-0.201689,4.024974,0.547511,-0.207070,3.902784,0.805361,-0.113467,3.989909,0.452224,0.220781,3.900788,0.245710,0.035335,3.841723,0.533370,0.511496,3.559730,0.407649,0.344765,3.641780
1396,0.390455,-0.404814,3.793479,0.420345,-0.635928,3.671870,0.463420,-0.872997,3.702031,0.919733,-0.789353,4.024378,1.085486,-0.449850,4.042044,0.966731,-0.194324,4.025677,0.548772,-0.203767,3.904255,0.808165,-0.114129,3.993204,0.442984,0.222750,3.893925,0.260546,0.064159,3.827932,0.531968,0.453222,3.615774,0.414970,0.333952,3.662484
1397,0.382459,-0.411849,3.789754,0.412420,-0.635780,3.678749,0.469503,-0.888007,3.695122,0.925313,-0.796766,4.030712,1.094754,-0.449317,4.042653,0.966297,-0.214442,4.030204,0.548524,-0.208793,3.907394,0.810880,-0.113474,3.993354,0.448046,0.226396,3.895863,0.250185,0.037281,3.835261,0.532708,0.496339,3.610538,0.432093,0.357476,3.683809
1398,0.371943,-0.411387,3.795272,0.402763,-0.634247,3.680603,0.464882,-0.872819,3.700173,0.920109,-0.799875,4.026761,1.104259,-0.447681,4.035617,0.964251,-0.215242,4.028207,0.537415,-0.208699,3.905922,0.798355,-0.110188,3.991526,0.445005,0.218946,3.897077,0.255194,0.055080,3.834330,0.521570,0.436713,3.681764,0.416421,0.289610,3.726078
1399,0.376482,-0.409622,3.784610,0.414785,-0.630464,3.674306,0.463702,-0.877401,3.701963,0.918343,-0.794465,4.029521,1.107269,-0.445975,4.042064,0.949309,-0.211641,4.026977,0.531054,-0.215246,3.907624,0.793958,-0.116171,3.994888,0.489377,0.290994,3.849515,0.243906,0.061145,3.832794,0.508518,0.428113,3.671337,0.382644,0.274462,3.712681
1400,0.380216,-0.408321,3.792258,0.405246,-0.630102,3.672379,0.463557,-0.868334,3.694199,0.919637,-0.794093,4.031780,1.100495,-0.447319,4.041398,0.950832,-0.206505,4.026550,0.539412,-0.206925,3.899284,0.799201,-0.110474,3.990434,0.482767,0.295855,3.840176,0.250592,0.045724,3.839196,0.504777,0.406037,3.684145,0.364463,0.264168,3.706511
1401,0.379708,-0.406409,3.792258,0.394120,-0.644361,3.672279,0.455441,-0.875631,3.696804,0.922505,-0.792758,4.033721,1.100972,-0.438427,4.037922,0.957329,-0.192050,4.022425,0.513777,-0.223355,3.905749,0.779326,-0.104333,3.993248,0.441359,0.248469,3.876777,0.241587,0.056624,3.845935,0.522863,0.331224,3.789323,0.389155,0.178958,3.818005
1402,0.375192,-0.411439,3.793992,0.391267,-0.641463,3.670684,0.461658,-0.869739,3.698512,0.910536,-0.784752,4.037654,1.087875,-0.445558,4.035779,0.954753,-0.199318,4.022420,0.521160,-0.223132,3.907759,0.776074,-0.110667,3.996285,0.433087,0.221367,3.894666,0.248224,0.056877,3.835659,0.535787,0.373374,3.738161,0.401027,0.232562,3.766784
1403,0.376980,-0.410632,3.791711,0.398708,-0.646109,3.671292,0.458279,-0.875241,3.694060,0.906691,-0.788659,4.038369,1.092833,-0.444720,4.044723,0.949576,-0.200158,4.022624,0.520378,-0.224201,3.905910,0.778672,-0.113648,3.995532,0.464498,0.278585,3.852143,0.237329,0.050776,3.844752,0.487240,0.435833,3.691726,0.363442,0.283737,3.708768
1404,0.375511,-0.411398,3.790704,0.389421,-0.653045,3.665785,0.456369,-0.883030,3.696125,0.911618,-0.793601,4.038147,1.107316,-0.447333,4.045650,0.954610,-0.193057,4.024149,0.513192,-0.221839,3.910423,0.775823,-0.101079,3.993851,0.461700,0.304993,3.836849,0.240775,0.072663,3.827736,0.482295,0.402884,3.721417,0.366994,0.260559,3.736112
1405,0.378666,-0.406434,3.802119,0.404502,-0.639084,3.674610,0.449967,-0.877921,3.692919,0.905003,-0.804540,4.036439,1.096276,-0.449896,4.043006,0.952851,-0.186106,4.019467,0.521703,-0.219854,3.904797,0.781215,-0.111935,3.998454,0.447003,0.237425,3.881311,0.250639,0.060778,3.831824,0.493695,0.355023,3.737121,0.373448,0.218399,3.750277
1406,0.375690,-0.411665,3.789861,0.394557,-0.642830,3.673146,0.454953,-0.870920,3.700480,0.913166,-0.799080,4.039927,1.099396,-0.448497,4.039501,0.951699,-0.191591,4.024843,0.523768,-0.218535,3.907072,0.787150,-0.109259,3.997058,0.479094,0.282698,3.849017,0.246038,0.079233,3.825047,0.500785,0.352366,3.764112,0.374542,0.152938,3.798376
1407,0.376736,-0.409178,3.794962,0.402037,-0.641930,3.674900,0.450846,-0.879608,3.694654,0.904726,-0.815369,4.036879,1.104492,-0.454439,4.043167,0.958182,-0.185113,4.019337,0.507938,-0.221029,3.901507,0.778069,-0.103567,3.991546,0.464975,0.297152,3.841452,0.248285,0.075755,3.828004,0.441597,0.286126,3.792641,0.329913,0.135390,3.816487
1408,0.370380,-0.408494,3.796881,0.402307,-0.643353,3.683752,0.450336,-0.885829,3.690141,0.908508,-0.812889,4.041543,1.101128,-0.451902,4.047310,0.946500,-0.184572,4.025152,0.506765,-0.217644,3.896672,0.778753,-0.102983,3.989637,0.485092,0.276127,3.854344,0.232692,0.075355,3.819220,0.455784,0.494252,3.588896,0.365991,0.480438,3.504107
1409,0.368713,-0.397244,3.790704,0.410169,-0.616543,3.691703,0.448531,-0.878773,3.695786,0.914277,-0.796803,4.035558,1.086380,-0.450864,4.051950,0.945816,-0.189317,4.026718,0.513628,-0.229567,3.901397,0.769840,-0.116183,3.995019,0.439262,0.227570,3.890594,0.237003,0.044432,3.837486,0.496309,0.436815,3.682049,0.392312,0.297214,3.701051
1410,0.368013,-0.404504,3.794568,0.406072,-0.645767,3.685641,0.453725,-0.906457,3.689081,0.914693,-0.802431,4.038417,1.082317,-0.449075,4.054066,0.952932,-0.176842,4.022726,0.508529,-0.249524,3.904748,0.776471,-0.124127,3.996087,0.516295,0.291455,3.843738,0.238922,0.046993,3.841666,0.410891,0.162941,3.879365,0.350469,0.031579,3.889648
1411,0.376259,-0.406987,3.803145,0.398300,-0.658686,3.686705,0.452537,-0.905117,3.695043,0.907973,-0.811323,4.036874,1.086399,-0.451311,4.053153,0.951720,-0.180298,4.025153,0.521114,-0.240424,3.914107,0.786288,-0.130608,4.002772,0.502910,0.297193,3.830971,0.245346,0.065642,3.825428,0.503002,0.304148,3.783948,0.408494,0.140921,3.818696
1412,0.377116,-0.407634,3.797788,0.397547,-0.670302,3.686099,0.453647,-0.921774,3.683562,0.912907,-0.828845,4.037729,1.090295,-0.451364,4.052780,0.962079,-0.169676,4.017247,0.506325,-0.241673,3.905276,0.778539,-0.121569,3.997724,0.428357,0.242258,3.876741,0.241452,0.086561,3.814499,0.466161,0.255936,3.851934,0.356233,0.067016,3.869770
1413,0.373071,-0.401370,3.797006,0.387857,-0.672384,3.689402,0.453905,-0.950393,3.678256,0.931027,-0.838674,4.036439,1.089223,-0.452555,4.048371,0.958490,-0.163496,4.021499,0.490949,-0.233738,3.906664,0.770641,-0.108273,3.992174,0.462389,0.296342,3.839282,0.220654,0.088045,3.814486,0.465007,0.286909,3.765011,0.337435,0.139327,3.789580
1414,0.372269,-0.402403,3.799026,0.389913,-0.668695,3.698328,0.462821,-0.947165,3.679116,0.921542,-0.848540,4.037500,1.082806,-0.460888,4.054442,0.955634,-0.168805,4.022029,0.493011,-0.234742,3.907173,0.771152,-0.111753,3.992543,0.474528,0.294839,3.839300,0.239825,0.080496,3.823621,0.376824,0.413790,3.656106,0.300025,0.234853,3.696561
1415,0.371250,-0.389868,3.794973,0.384631,-0.663338,3.694458,0.460897,-0.952665,3.675195,0.928209,-0.852018,4.038083,1.090644,-0.457888,4.048469,0.951529,-0.168514,4.022505,0.488449,-0.223781,3.901742,0.769245,-0.108163,3.990464,0.468072,0.300337,3.839276,0.228743,0.077523,3.816269,0.409803,0.369617,3.691668,0.300643,0.199004,3.705280
1416,0.367036,-0.394515,3.790750,0.390072,-0.653116,3.698570,0.463301,-0.960018,3.671621,0.945439,-0.861449,4.037056,1.074915,-0.461908,4.049002,0.957607,-0.167415,4.023633,0.485330,-0.229104,3.906095,0.778399,-0.108520,3.992257,0.517889,0.304112,3.848987,0.211152,0.089613,3.809171,0.448301,0.493174,3.557389,0.302145,0.294159,3.624719
1417,0.374321,-0.384545,3.801883,0.376162,-0.661506,3.707831,0.471590,-0.976619,3.665060,0.947688,-0.885337,4.038265,1.078226,-0.468233,4.043123,0.948122,-0.172942,4.023396,0.484695,-0.205351,3.896973,0.771663,-0.096450,3.990334,0.488843,0.270312,3.863796,0.212182,0.097180,3.813549,0.473584,0.523697,3.498542,0.329942,0.242845,3.691211
1418,0.373669,-0.394211,3.795081,0.386273,-0.652880,3.715439,0.478347,-0.975739,3.666856,0.950218,-0.889416,4.042521,1.059456,-0.471395,4.049067,0.951962,-0.167826,4.021898,0.485866,-0.212672,3.899521,0.776690,-0.107676,3.994300,0.509486,0.297962,3.846336,0.218807,0.091561,3.814821,0.431345,0.471240,3.564279,0.326189,0.208177,3.712753
1419,0.371798,-0.393004,3.798063,0.399997,-0.668936,3.723759,0.502391,-1.001176,3.658201,0.977420,-0.927102,4.035686,1.052825,-0.491813,4.052357,0.966012,-0.167907,4.019275,0.513423,-0.221265,3.897968,0.809079,-0.138587,3.997223,0.550898,0.278729,3.852690,0.222522,0.067024,3.823068,0.520872,0.399154,3.628820,0.365928,0.206543,3.705754
1420,0.364962,-0.392587,3.801819,0.403292,-0.674788,3.731198,0.498158,-1.016546,3.651478,0.987725,-0.949837,4.038640,1.060962,-0.494533,4.047513,0.958692,-0.173420,4.018698,0.499398,-0.245598,3.900203,0.811537,-0.140557,4.000009,0.493623,0.249837,3.880849,0.218846,0.065436,3.828338,0.513647,0.366460,3.667459,0.375942,0.034970,3.856836
1421,0.385128,-0.396236,3.800027,0.423149,-0.670035,3.741993,0.523843,-1.024605,3.640710,1.000483,-0.967719,4.034656,1.055885,-0.513072,4.049236,0.944396,-0.184527,4.021997,0.510677,-0.269283,3.902195,0.827272,-0.168826,4.007290,0.569084,0.217306,3.893786,0.236900,0.045981,3.852142,0.514115,0.420411,3.587914,0.395225,0.014763,3.876196
1422,0.383571,-0.398581,3.822154,0.440938,-0.686210,3.749427,0.532495,-1.044181,3.647970,1.003847,-0.985297,4.026973,1.059480,-0.523078,4.045135,0.953742,-0.189521,4.022210,0.505083,-0.293172,3.904375,0.813561,-0.172837,4.010150,0.492427,0.238438,3.890674,0.231666,0.040468,3.855051,0.523385,0.324924,3.722241,0.433698,-0.081233,3.931016
1423,0.380643,-0.366072,3.810214,0.450731,-0.670272,3.754679,0.535938,-1.045295,3.633217,1.021852,-0.985694,4.020895,1.050395,-0.519570,4.038478,0.951717,-0.195184,4.024057,0.508985,-0.286012,3.902883,0.816360,-0.167726,4.003031,0.486880,0.287424,3.857538,0.230183,0.074765,3.843134,0.525266,0.319920,3.743640,0.432698,-0.102981,3.943587
1424,0.387049,-0.381127,3.824944,0.462524,-0.684820,3.768913,0.540395,-1.064337,3.632101,1.021020,-0.998563,4.023657,1.036114,-0.522361,4.047877,0.959199,-0.200634,4.023895,0.504266,-0.319980,3.910967,0.812182,-0.194898,4.011024,0.500408,0.243199,3.895246,0.254751,0.035532,3.876626,0.486552,0.390241,3.670327,0.357224,0.068321,3.821846
1425,0.380570,-0.397933,3.806244,0.475797,-0.703909,3.750681,0.546962,-1.072754,3.633815,1.031940,-1.016472,4.014771,1.028406,-0.537518,4.051432,0.968458,-0.189978,4.020982,0.535788,-0.322722,3.909089,0.839262,-0.216316,4.006143,0.532628,0.162248,3.946642,0.250821,-0.009196,3.886401,0.499012,0.378413,3.662665,0.339804,0.109381,3.797180
1426,0.374408,-0.391177,3.806964,0.459451,-0.703613,3.747552,0.551833,-1.079035,3.640007,1.036127,-1.026320,4.012969,1.036872,-0.535876,4.048064,0.966058,-0.190418,4.021081,0.537523,-0.321693,3.904483,0.847906,-0.223245,4.008880,0.590622,0.204799,3.923954,0.263686,0.010562,3.870075,0.492043,0.473123,3.559435,0.345844,0.322093,3.608965
1427,0.380122,-0.381245,3.816209,0.463693,-0.676164,3.760697,0.547049,-1.062219,3.647949,1.041486,-1.024910,4.012226,1.053371,-0.539931,4.040105,0.961921,-0.198603,4.024956,0.546486,-0.325340,3.902596,0.859460,-0.224539,4.004201,0.630739,0.202959,3.929099,0.275143,-0.036824,3.890837,0.490512,0.493124,3.559873,0.334344,0.352073,3.592678
1428,0.382628,-0.371741,3.807624,0.459052,-0.680570,3.758850,0.540234,-1.064611,3.646839,1.032866,-1.031255,4.017517,1.029957,-0.550104,4.040737,0.962423,-0.192847,4.017418,0.568562,-0.330545,3.900655,0.866704,-0.242251,4.004481,0.623520,0.194933,3.935794,0.287982,-0.062771,3.892499,0.503614,0.470563,3.603836,0.364101,0.338208,3.617997
1429,0.375061,-0.370997,3.805070,0.476653,-0.652966,3.763926,0.539650,-1.055881,3.645306,1.040077,-1.010058,4.014887,1.041229,-0.546744,4.052305,0.956086,-0.190872,4.022982,0.559992,-0.336129,3.897660,0.855519,-0.235563,4.000303,0.661866,0.213422,3.925192,0.295459,-0.059614,3.896615,0.496839,0.457753,3.611672,0.387260,0.392420,3.608307
1430,0.358534,-0.358580,3.803404,0.462734,-0.647251,3.759428,0.539505,-1.049064,3.640110,1.034308,-1.012731,4.008623,1.035451,-0.545702,4.047027,0.973783,-0.182382,4.017327,0.554262,-0.328281,3.901684,0.844231,-0.233742,4.001773,0.669672,0.203697,3.917815,0.291485,-0.067129,3.902741,0.527996,0.440047,3.616657,0.326729,0.349389,3.646810
1431,0.368106,-0.366438,3.805280,0.463164,-0.672237,3.748218,0.533286,-1.071347,3.633827,1.034821,-1.013075,4.007750,1.026671,-0.547987,4.048549,0.965885,-0.183087,4.018001,0.548911,-0.348524,3.902236,0.839776,-0.239537,4.003096,0.662264,0.197346,3.916379,0.291305,-0.064145,3.902162,0.517251,0.439408,3.628883,0.304640,0.319592,3.638459
1432,0.368763,-0.388090,3.804263,0.473029,-0.676191,3.747111,0.534803,-1.073455,3.629232,1.034051,-1.020493,4.007269,1.023914,-0.548740,4.051083,0.966411,-0.182836,4.016386,0.554010,-0.354483,3.902014,0.842555,-0.247451,4.003288,0.643146,0.180428,3.922773,0.291972,-0.086460,3.910004,0.521149,0.437180,3.628539,0.341041,0.384536,3.622983
1433,0.360353,-0.373127,3.805378,0.471473,-0.680918,3.753210,0.536183,-1.079263,3.630225,1.033819,-1.022245,4.006683,1.016016,-0.550738,4.052866,0.953992,-0.189713,4.017559,0.546256,-0.358411,3.906992,0.834987,-0.250285,4.010370,0.629218,0.175310,3.928364,0.284476,-0.072616,3.901664,0.479347,0.410644,3.654570,0.344346,0.324672,3.663378
1434,0.361343,-0.380350,3.801939,0.472207,-0.676325,3.750222,0.540667,-1.075769,3.633487,1.035459,-1.018987,4.007951,1.018660,-0.550317,4.053668,0.958934,-0.189481,4.019850,0.558990,-0.350361,3.902784,0.844419,-0.243327,4.005738,0.585049,0.178025,3.922061,0.287727,-0.062073,3.907292,0.454845,0.402025,3.654572,0.344395,0.327925,3.651579
1435,0.370207,-0.374380,3.810422,0.473983,-0.679476,3.747413,0.549127,-1.074030,3.635679,1.032737,-1.020080,4.007811,1.011765,-0.552046,4.056451,0.956401,-0.188989,4.020721,0.560911,-0.348075,3.900963,0.843093,-0.247935,4.006970,0.560275,0.163493,3.930994,0.277564,-0.098557,3.915370,0.490812,0.385194,3.673626,0.343187,0.306524,3.671707
1436,0.367168,-0.377108,3.797965,0.466207,-0.672382,3.747912,0.547099,-1.055792,3.635176,1.039567,-1.016722,4.012231,1.017921,-0.551302,4.052019,0.957303,-0.188475,4.017332,0.541208,-0.339435,3.905776,0.833371,-0.235133,4.006905,0.578091,0.186138,3.910948,0.272410,-0.062735,3.903826,0.455520,0.386794,3.683029,0.354167,0.319103,3.654926
1437,0.352637,-0.371103,3.802517,0.464536,-0.666158,3.750229,0.546800,-1.053003,3.637290,1.041369,-1.007643,4.012175,1.018250,-0.549521,4.053921,0.956927,-0.181807,4.018277,0.544605,-0.329964,3.902955,0.840040,-0.222341,4.005905,0.566009,0.189829,3.912314,0.261856,-0.084455,3.909818,0.446306,0.368818,3.699233,0.365089,0.305128,3.670259
1438,0.364068,-0.371423,3.805191,0.466170,-0.674095,3.752158,0.544535,-1.072393,3.630556,1.035737,-1.007625,4.010353,1.011660,-0.548737,4.053289,0.956231,-0.182886,4.018596,0.542904,-0.335120,3.900669,0.836249,-0.233999,4.003785,0.512409,0.138415,3.937544,0.255794,-0.085156,3.912444,0.481775,0.407816,3.653887,0.367014,0.298330,3.670449
1439,0.358010,-0.370452,3.805539,0.454457,-0.666791,3.748043,0.534530,-1.061367,3.631549,1.031186,-0.997725,4.011376,1.018382,-0.542818,4.053254,0.960506,-0.177346,4.017732,0.523006,-0.328141,3.903459,0.823271,-0.222515,4.010240,0.506955,0.178119,3.924456,0.255323,-0.051640,3.901281,0.426875,0.376090,3.672963,0.315778,0.286498,3.659967
1440,0.363399,-0.374796,3.805789,0.457742,-0.670809,3.750807,0.536402,-1.061553,3.630530,1.031103,-1.008389,4.013684,1.010949,-0.546080,4.055488,0.956476,-0.186692,4.019817,0.533486,-0.327414,3.898998,0.829668,-0.232873,4.006386,0.489964,0.163753,3.925910,0.262545,-0.051272,3.906859,0.464692,0.403345,3.645779,0.349733,0.243118,3.700346
1441,0.367594,-0.369018,3.804568,0.464675,-0.668265,3.742216,0.537409,-1.058452,3.625780,1.033278,-1.005478,4.007484,1.021438,-0.541494,4.046408,0.966315,-0.174711,4.015032,0.546844,-0.323135,3.895526,0.835873,-0.216049,3.994994,0.502466,0.199969,3.904400,0.272421,-0.047247,3.906069,0.477409,0.377243,3.683030,0.343939,0.253951,3.704157
1442,0.371801,-0.368442,3.801856,0.458195,-0.679331,3.745089,0.528441,-1.061495,3.621454,1.018909,-1.006677,4.004363,1.010361,-0.546981,4.046889,0.959724,-0.192215,4.017707,0.531978,-0.336651,3.893490,0.820350,-0.234630,4.002805,0.508742,0.177341,3.913887,0.267873,-0.049438,3.906638,0.442860,0.355264,3.686908,0.357732,0.197867,3.733301
1443,0.381388,-0.390618,3.804153,0.454972,-0.716761,3.741375,0.528371,-1.064318,3.617634,1.014236,-1.015300,4.008367,1.010088,-0.546712,4.050809,0.960429,-0.188944,4.014870,0.524676,-0.324719,3.899477,0.821433,-0.219658,4.008680,0.514163,0.202633,3.900087,0.268839,-0.010692,3.889770,0.435166,0.379657,3.666921,0.348388,0.241295,3.715476
1444,0.369263,-0.381920,3.799553,0.454029,-0.695122,3.740798,0.509771,-1.075101,3.614164,1.016714,-1.021369,4.003654,1.017507,-0.546853,4.048589,0.968203,-0.177656,4.016017,0.545078,-0.332836,3.898101,0.839492,-0.227196,4.000279,0.498479,0.182453,3.908526,0.278628,-0.014378,3.895586,0.448597,0.338649,3.715524,0.349537,0.143779,3.799437
1445,0.369330,-0.385020,3.806405,0.446656,-0.685420,3.737358,0.509979,-1.075696,3.610240,1.015583,-1.023607,4.001478,1.010355,-0.546598,4.047942,0.958741,-0.192744,4.018270,0.540370,-0.330283,3.897839,0.832299,-0.235753,4.004526,0.499297,0.119508,3.944664,0.249563,-0.037774,3.901459,0.443553,0.338030,3.721019,0.384973,0.080774,3.833187
1446,0.366054,-0.376465,3.799661,0.445143,-0.680133,3.736017,0.501751,-1.063722,3.601649,1.011952,-1.018167,4.001849,1.011304,-0.544116,4.045421,0.960558,-0.183571,4.016071,0.531266,-0.326126,3.897084,0.828974,-0.220533,4.002313,0.511302,0.201088,3.894975,0.251667,-0.025768,3.901072,0.422593,0.321546,3.732212,0.372028,0.072977,3.839374
1447,0.378420,-0.375556,3.796223,0.447252,-0.670387,3.741829,0.501059,-1.057059,3.607297,1.009995,-1.022142,3.999983,1.027217,-0.541936,4.041868,0.953136,-0.186805,4.019610,0.550989,-0.310605,3.895660,0.848300,-0.224530,3.999133,0.506396,0.218214,3.888954,0.260026,-0.019652,3.893785,0.470836,0.356642,3.696878,0.375719,0.071483,3.848354
1448,0.377987,-0.384170,3.803891,0.435408,-0.669693,3.744179,0.491884,-1.043808,3.612934,1.003269,-1.012828,4.003845,1.021182,-0.540874,4.038605,0.953668,-0.191476,4.018656,0.531382,-0.293826,3.897895,0.840540,-0.213958,4.003328,0.547154,0.212035,3.889287,0.263727,-0.013773,3.897506,0.547697,0.366216,3.696396,0.437938,0.038818,3.865080
1449,0.372874,-0.372236,3.802200,0.447269,-0.672311,3.742985,0.497022,-1.043670,3.612562,1.008878,-1.018955,4.003244,1.025692,-0.542466,4.042912,0.957287,-0.188378,4.018083,0.548833,-0.290948,3.900321,0.850149,-0.212009,4.002327,0.539931,0.242720,3.874326,0.273571,0.006263,3.889215,0.560240,0.357119,3.700799,0.455531,0.050143,3.868200
1450,0.378917,-0.388093,3.801438,0.431835,-0.672326,3.744158,0.492088,-1.041324,3.614861,1.001101,-1.002356,4.002034,1.031072,-0.540583,4.040797,0.953658,-0.192931,4.018949,0.545271,-0.286650,3.901576,0.849157,-0.206139,4.003876,0.511522,0.232095,3.884183,0.265796,0.003624,3.889452,0.573364,0.382245,3.674769,0.486298,-0.001441,3.908081
1451,0.380709,-0.411708,3.810008,0.426008,-0.702152,3.739669,0.492597,-1.058665,3.613710,1.000539,-0.988761,4.008407,1.039416,-0.533561,4.038981,0.951302,-0.190745,4.018943,0.537250,-0.300008,3.903541,0.835586,-0.215539,4.005949,0.487803,0.212208,3.894442,0.274128,-0.040234,3.914351,0.566993,0.344182,3.703765,0.470470,0.022490,3.892246
1452,0.383023,-0.406761,3.814619,0.440234,-0.683783,3.746867,0.492759,-1.034005,3.632524,0.988772,-0.970940,4.016283,1.032034,-0.531287,4.044442,0.958231,-0.183783,4.017098,0.541928,-0.267248,3.898988,0.835020,-0.177210,4.000618,0.494126,0.265315,3.858361,0.284369,0.015083,3.886057,0.660613,0.124640,3.875189,0.519488,-0.070762,3.947004
1453,0.390438,-0.395248,3.805107,0.445405,-0.661614,3.742198,0.500107,-1.002745,3.653367,0.966123,-0.961963,4.024776,1.062547,-0.520224,4.038116,0.974102,-0.181921,4.011545,0.520556,-0.260159,3.897589,0.807405,-0.156031,3.995739,0.479802,0.269872,3.857376,0.278583,0.029829,3.882140,0.677813,0.103125,3.892267,0.508053,-0.077094,3.934297
1454,0.387286,-0.408245,3.803259,0.432632,-0.656194,3.727481,0.492081,-0.983360,3.666485,0.944950,-0.943684,4.031349,1.068267,-0.507397,4.044412,0.970069,-0.175205,4.011754,0.538740,-0.231249,3.896342,0.812307,-0.144338,3.990664,0.507753,0.248913,3.865385,0.294577,0.043666,3.869070,0.662502,0.170931,3.832815,0.499675,0.008485,3.893508
1455,0.392915,-0.409094,3.791687,0.441428,-0.629692,3.724288,0.485851,-0.965616,3.686616,0.941663,-0.888409,4.038758,1.088890,-0.482614,4.037093,0.965348,-0.185628,4.020263,0.525022,-0.202997,3.904403,0.798269,-0.106215,3.988610,0.551351,0.282460,3.843795,0.278783,0.069249,3.863658,0.518772,0.394300,3.657384,0.412043,0.175345,3.774353
1456,0.373278,-0.431198,3.792948,0.438019,-0.655048,3.713066,0.484910,-0.937040,3.713689,0.932063,-0.838252,4.046536,1.078403,-0.452350,4.038805,0.964733,-0.178167,4.018777,0.510075,-0.201550,3.900566,0.780710,-0.060265,3.972510,0.507462,0.321532,3.813244,0.296864,0.104118,3.843584,0.630462,0.143245,3.868235,0.442187,-0.020257,3.913553
1457,0.368574,-0.420953,3.800004,0.444158,-0.625143,3.711829,0.481732,-0.896464,3.729044,0.928927,-0.801645,4.052787,1.096300,-0.431696,4.026530,0.967985,-0.178413,4.015334,0.528794,-0.188516,3.902851,0.781453,-0.109811,3.988028,0.608045,0.313538,3.806772,0.285921,0.064884,3.864014,0.610101,0.349341,3.686935,0.492077,0.196050,3.753936
1458,0.366892,-0.411242,3.805491,0.434415,-0.623707,3.709202,0.458138,-0.866901,3.726242,0.936983,-0.766102,4.057794,1.089647,-0.421044,4.027267,0.970466,-0.183257,4.013416,0.515837,-0.164424,3.893199,0.780888,-0.031271,3.962799,0.533851,0.304196,3.821606,0.253597,0.047965,3.860019,0.534124,0.473486,3.627703,0.420018,0.259813,3.725927
1459,0.380394,-0.382047,3.803870,0.442144,-0.582852,3.711267,0.455866,-0.828825,3.730064,0.937996,-0.744873,4.063770,1.102535,-0.408368,4.022563,0.963805,-0.186418,4.013105,0.541427,-0.159178,3.892252,0.801083,-0.054720,3.969407,0.535818,0.272614,3.848837,0.232568,-0.010979,3.896458,0.421296,0.389364,3.659406,0.363033,0.244193,3.700706
1460,0.383214,-0.383468,3.809017,0.444076,-0.578847,3.720862,0.459635,-0.789950,3.735461,0.941487,-0.720054,4.054750,1.102157,-0.414553,4.016344,0.970720,-0.194895,4.016203,0.541070,-0.162004,3.899838,0.814907,-0.058149,3.976464,0.527127,0.257183,3.861313,0.256600,0.004003,3.900973,0.393752,0.495278,3.533933,0.355623,0.321013,3.651098
1461,0.386696,-0.384606,3.801740,0.440999,-0.577633,3.713752,0.459287,-0.824305,3.727621,0.939646,-0.743480,4.051252,1.106998,-0.415317,4.016722,0.970644,-0.201745,4.016605,0.536874,-0.176994,3.901196,0.808520,-0.080697,3.979860,0.549705,0.287953,3.833309,0.293027,0.086188,3.870982,0.500408,0.365979,3.677554,0.397586,0.230024,3.745190
1462,0.384681,-0.396517,3.804417,0.440713,-0.579464,3.719563,0.461917,-0.836470,3.732503,0.939020,-0.746282,4.059492,1.107036,-0.422811,4.021273,0.961941,-0.210496,4.020511,0.533493,-0.171686,3.898974,0.812735,-0.081624,3.983542,0.428981,0.182201,3.906211,0.262530,-0.000065,3.902339,0.430467,0.446630,3.558812,0.382913,0.348951,3.616106
1463,0.386441,-0.381583,3.795867,0.450856,-0.582897,3.717111,0.467565,-0.833831,3.731438,0.945435,-0.732279,4.057855,1.115624,-0.412929,4.019372,0.961734,-0.202648,4.020018,0.532318,-0.173432,3.899561,0.801530,-0.065605,3.980902,0.494041,0.278681,3.839106,0.272419,0.052663,3.878087,0.452745,0.446844,3.568023,0.341613,0.312043,3.663205
1464,0.379580,-0.387028,3.793900,0.444458,-0.594594,3.707706,0.470628,-0.842448,3.732110,0.947925,-0.734662,4.060905,1.102888,-0.412388,4.027351,0.970581,-0.190227,4.010134,0.523386,-0.174984,3.896476,0.792463,-0.060526,3.976460,0.493881,0.312427,3.811816,0.285600,0.095483,3.851969,0.471113,0.290078,3.738490,0.351365,0.165579,3.783334
1465,0.377223,-0.386032,3.797606,0.449396,-0.585158,3.710812,0.462454,-0.828362,3.732202,0.948700,-0.750097,4.059132,1.096919,-0.433638,4.031612,0.973141,-0.206591,4.016248,0.532990,-0.171009,3.898098,0.799049,-0.072703,3.983514,0.521721,0.316571,3.812739,0.281707,0.085430,3.860080,0.479709,0.265027,3.780928,0.366994,0.141388,3.810825
1466,0.378337,-0.382061,3.798703,0.446929,-0.586028,3.707230,0.467037,-0.836388,3.726108,0.957923,-0.748302,4.059141,1.088255,-0.430299,4.032018,0.972166,-0.200548,4.013807,0.531127,-0.173392,3.897263,0.802119,-0.064733,3.981726,0.520730,0.310927,3.819847,0.287440,0.087784,3.851785,0.493879,0.375755,3.708855,0.366972,0.195455,3.767018
1467,0.379278,-0.384745,3.795666,0.436956,-0.588384,3.704959,0.463968,-0.839617,3.730090,0.954114,-0.756093,4.059211,1.093477,-0.417809,4.034615,0.980125,-0.190309,4.010154,0.520738,-0.168847,3.897692,0.800835,-0.068235,3.983105,0.524714,0.303047,3.820166,0.281948,0.087251,3.849378,0.462992,0.376115,3.658100,0.343544,0.239767,3.712775
1468,0.381633,-0.386308,3.793325,0.442316,-0.592187,3.696505,0.468228,-0.834906,3.732332,0.951608,-0.750384,4.057126,1.116909,-0.422977,4.027088,0.979326,-0.197023,4.008461,0.524037,-0.153490,3.894657,0.791308,-0.063189,3.978226,0.514085,0.295598,3.822868,0.260302,0.087753,3.851423,0.455396,0.390052,3.635078,0.336788,0.231451,3.717055
1469,0.379260,-0.391444,3.786125,0.435809,-0.591056,3.696035,0.470775,-0.837238,3.732541,0.955555,-0.751873,4.056288,1.105954,-0.412998,4.034275,0.980093,-0.189925,4.010987,0.538579,-0.176857,3.904225,0.807088,-0.072834,3.982555,0.509313,0.300663,3.821782,0.273556,0.039904,3.884369,0.475925,0.333464,3.703822,0.370128,0.159671,3.794713
1470,0.383517,-0.406593,3.794145,0.433846,-0.603321,3.694241,0.466634,-0.849942,3.737087,0.947489,-0.759098,4.059769,1.113447,-0.422914,4.025740,0.981852,-0.199616,4.014727,0.534179,-0.158003,3.899508,0.791107,-0.071886,3.983590,0.515402,0.309958,3.812278,0.289196,0.093910,3.849495,0.505346,0.297135,3.729906,0.389533,0.160612,3.783180
1471,0.386752,-0.406131,3.785554,0.446474,-0.598764,3.693828,0.475700,-0.829933,3.738276,0.946525,-0.746893,4.052406,1.122896,-0.409958,4.024148,0.986703,-0.194821,4.011904,0.536869,-0.156083,3.895125,0.790042,-0.061173,3.979278,0.494981,0.289568,3.830485,0.257443,0.059460,3.866103,0.465391,0.405479,3.626082,0.345453,0.242225,3.724641
1472,0.390595,-0.418540,3.787781,0.435979,-0.623974,3.694355,0.475913,-0.854893,3.733608,0.944290,-0.755306,4.048050,1.123530,-0.422688,4.025965,0.983866,-0.207639,4.016060,0.526816,-0.179001,3.898366,0.788162,-0.075378,3.978833,0.444406,0.257492,3.852428,0.253531,0.119943,3.831147,0.440534,0.333196,3.703119,0.319537,0.192756,3.769431
1473,0.386054,-0.425023,3.788869,0.435019,-0.619156,3.693258,0.479396,-0.860474,3.732154,0.949980,-0.759601,4.045794,1.115493,-0.424290,4.031740,0.971293,-0.224057,4.019890,0.526821,-0.191587,3.906101,0.794496,-0.088570,3.986929,0.509104,0.284872,3.830157,0.245810,0.062448,3.867358,0.409193,0.329571,3.702764,0.308714,0.173120,3.785417
1474,0.386833,-0.433665,3.786717,0.428707,-0.642677,3.667446,0.481599,-0.864989,3.732341,0.966829,-0.757374,4.044927,1.114461,-0.417057,4.035483,0.952272,-0.221289,4.027667,0.540211,-0.175156,3.905331,0.818382,-0.093412,3.988348,0.578303,0.322177,3.805628,0.259642,0.078019,3.859573,0.545037,0.306395,3.739630,0.438728,0.146123,3.814175
1475,0.373029,-0.450093,3.785001,0.422361,-0.654310,3.676273,0.491882,-0.874225,3.726496,0.963382,-0.763558,4.044825,1.105690,-0.411788,4.034209,0.950481,-0.230056,4.036317,0.557976,-0.189118,3.914821,0.824565,-0.104541,3.994425,0.578529,0.222061,3.883774,0.281264,0.052955,3.893346,0.554663,0.355649,3.663773,0.424282,0.230510,3.730302
1476,0.356583,-0.452776,3.793095,0.405540,-0.645551,3.668861,0.488632,-0.886522,3.723641,0.965045,-0.759257,4.045655,1.104566,-0.396707,4.038210,0.922963,-0.223326,4.048532,0.549523,-0.190381,3.915095,0.820998,-0.097063,3.995480,0.614942,0.297546,3.831383,0.291087,0.090870,3.867981,0.630742,0.222355,3.798494,0.503477,0.031665,3.877952
1477,0.346994,-0.434812,3.787347,0.399547,-0.620722,3.673734,0.494010,-0.862702,3.722004,0.964616,-0.768818,4.047586,1.092768,-0.394143,4.043537,0.913870,-0.227029,4.051328,0.555247,-0.161269,3.904547,0.834415,-0.081011,3.984088,0.642255,0.284354,3.835427,0.288805,0.113169,3.848157,0.509502,0.361788,3.665354,0.420066,0.187190,3.769505
1478,0.351226,-0.427948,3.796474,0.406768,-0.620905,3.677512,0.491745,-0.881848,3.731946,0.962552,-0.772742,4.054093,1.091800,-0.378066,4.046507,0.907652,-0.227597,4.057928,0.541052,-0.177094,3.907711,0.810734,-0.091419,3.992806,0.585939,0.267001,3.842296,0.270775,0.099492,3.840275,0.489392,0.363991,3.646625,0.394510,0.195234,3.734944
1479,0.336044,-0.391106,3.790784,0.399040,-0.591618,3.682969,0.501050,-0.868772,3.725974,0.970761,-0.764939,4.049414,1.066952,-0.356521,4.048271,0.857313,-0.210097,4.070584,0.536367,-0.173882,3.904423,0.809163,-0.072348,3.983232,0.552122,0.231876,3.870507,0.274056,0.054651,3.868876,0.450881,0.345386,3.672182,0.374612,0.173989,3.769092
1480,0.337769,-0.372094,3.800407,0.394667,-0.578814,3.695876,0.504560,-0.860148,3.727576,0.976243,-0.755509,4.045674,1.058355,-0.343771,4.048499,0.840270,-0.198226,4.073523,0.546266,-0.175943,3.899318,0.825695,-0.080741,3.981339,0.556697,0.224293,3.878547,0.267350,0.054180,3.872389,0.478414,0.413883,3.602784,0.374745,0.270631,3.670638
1481,0.334695,-0.360053,3.805543,0.398841,-0.573582,3.717583,0.511181,-0.855525,3.723116,0.972975,-0.755823,4.041335,1.046688,-0.343841,4.053437,0.816501,-0.193269,4.074914,0.569674,-0.176868,3.897917,0.838577,-0.102683,3.988780,0.548453,0.192809,3.908795,0.291611,0.051913,3.867407,0.474807,0.437914,3.589948,0.409992,0.263558,3.675563
1482,0.332650,-0.365685,3.817357,0.398776,-0.574193,3.723487,0.519971,-0.856679,3.726751,0.985814,-0.753514,4.035596,1.046484,-0.328246,4.049052,0.802143,-0.173160,4.068531,0.555158,-0.204231,3.907828,0.835407,-0.103798,3.988744,0.519007,0.222485,3.884071,0.265844,0.053280,3.874568,0.406659,0.440170,3.583642,0.379530,0.296609,3.640582
1483,0.335402,-0.342382,3.826567,0.401898,-0.559943,3.735322,0.522786,-0.859409,3.725991,0.990135,-0.761616,4.041594,1.037137,-0.325129,4.053186,0.760739,-0.166479,4.065773,0.556876,-0.180551,3.903745,0.831809,-0.083424,3.981171,0.527251,0.271912,3.844723,0.295739,0.103820,3.844562,0.368287,0.405747,3.625106,0.419648,0.292612,3.653167
1484,0.335590,-0.309870,3.848375,0.405651,-0.559605,3.748297,0.528701,-0.864550,3.729085,0.997225,-0.742729,4.034462,1.013268,-0.316265,4.057005,0.707544,-0.149717,4.063514,0.555170,-0.221894,3.910077,0.832635,-0.086265,3.982854,0.501375,0.290880,3.844711,0.262804,0.071476,3.849959,0.382630,0.394332,3.668183,0.287744,0.269415,3.677963
1485,0.333652,-0.279501,3.862219,0.400820,-0.554782,3.765562,0.534202,-0.854061,3.734101,1.001172,-0.739258,4.033757,0.986105,-0.318951,4.061861,0.698076,-0.122056,4.052866,0.563452,-0.210630,3.907472,0.840962,-0.085741,3.980413,0.528363,0.272610,3.856207,0.283399,0.092910,3.837178,0.348035,0.338998,3.729912,0.256835,0.251766,3.697566
1486,0.328516,-0.268950,3.869731,0.395587,-0.543167,3.770535,0.541019,-0.842470,3.737391,1.006632,-0.725261,4.028505,0.965290,-0.313135,4.062094,0.683480,-0.095246,4.044351,0.572378,-0.207599,3.905385,0.842065,-0.079018,3.976903,0.478161,0.270941,3.850972,0.245619,0.058651,3.819873,0.458676,0.392635,3.680385,0.292673,0.237934,3.710249
1487,0.332370,-0.242079,3.876207,0.386829,-0.544518,3.779884,0.538989,-0.840938,3.741006,1.005718,-0.720151,4.031122,0.946340,-0.315604,4.062071,0.679466,-0.072453,4.033770,0.552302,-0.232352,3.912177,0.825107,-0.101170,3.987362,0.472481,0.265151,3.855399,0.208158,0.050240,3.825901,0.485217,0.354084,3.736669,0.304251,0.108014,3.848454
1488,0.338187,-0.217743,3.893620,0.387032,-0.517847,3.792595,0.540053,-0.834279,3.743508,1.008241,-0.706482,4.027113,0.913354,-0.302061,4.059165,0.661381,-0.062849,4.026299,0.549326,-0.214024,3.916590,0.822633,-0.077415,3.982714,0.484522,0.281672,3.852533,0.232770,0.125229,3.818151,0.500685,0.404252,3.683469,0.314535,0.096141,3.864177
1489,0.335734,-0.173875,3.888165,0.385894,-0.511749,3.797522,0.535243,-0.835235,3.741743,1.000226,-0.702064,4.028360,0.882792,-0.293434,4.055849,0.646751,-0.042687,4.016011,0.551244,-0.197879,3.909822,0.819173,-0.075421,3.980561,0.515486,0.285515,3.858178,0.273374,0.157315,3.802834,0.487287,0.433721,3.660295,0.304686,0.225646,3.763970
1490,0.347612,-0.122696,3.883738,0.395300,-0.496230,3.811021,0.529183,-0.830189,3.741430,0.988720,-0.704637,4.031064,0.890123,-0.290408,4.051084,0.642384,-0.031273,4.004130,0.555188,-0.207378,3.908549,0.821845,-0.085959,3.983676,0.497425,0.269152,3.867442,0.258865,0.125174,3.817185,0.484940,0.418798,3.661345,0.328899,0.223006,3.752795
1491,0.348740,-0.093795,3.876614,0.393287,-0.490696,3.810302,0.534009,-0.826651,3.744093,0.984011,-0.697815,4.035746,0.849462,-0.291439,4.054608,0.642238,-0.011241,3.991881,0.542143,-0.218917,3.907591,0.804192,-0.084035,3.979692,0.494829,0.257338,3.867421,0.241948,0.117470,3.812423,0.478206,0.382711,3.703791,0.296834,0.160460,3.802805
1492,0.351018,-0.098557,3.885298,0.405460,-0.467628,3.834412,0.528240,-0.814768,3.748042,0.984618,-0.686997,4.034507,0.843776,-0.270532,4.050191,0.634390,0.019038,3.979709,0.521033,-0.204566,3.888565,0.782195,-0.074281,3.971882,0.508231,0.326657,3.831362,0.221903,0.117345,3.797521,0.445741,0.387790,3.703099,0.273214,0.200439,3.750528
1493,0.367363,-0.077567,3.886558,0.418697,-0.459530,3.852645,0.527204,-0.797056,3.755982,0.989926,-0.680453,4.039834,0.847509,-0.271923,4.048955,0.651544,0.031741,3.971471,0.491736,-0.212190,3.894760,0.757243,-0.086946,3.978718,0.546561,0.288463,3.851289,0.274267,0.138967,3.798082,0.401354,0.298995,3.787642,0.319457,0.214886,3.751475
1494,0.367592,-0.050651,3.883945,0.425578,-0.461669,3.861120,0.525138,-0.807069,3.755260,0.991744,-0.677613,4.043065,0.839583,-0.262662,4.046153,0.656350,0.039172,3.972347,0.463674,-0.224479,3.887996,0.733668,-0.103443,3.981972,0.531948,0.302800,3.852712,0.287286,0.142387,3.795944,0.432839,0.418007,3.652297,0.271949,0.289665,3.634601
1495,0.372777,-0.030731,3.872636,0.428306,-0.417818,3.859346,0.521710,-0.798052,3.755993,0.995959,-0.671037,4.040984,0.868836,-0.254356,4.037416,0.650775,0.040996,3.969671,0.479709,-0.203542,3.884656,0.748443,-0.088486,3.975645,0.530399,0.315377,3.843629,0.227206,0.099462,3.783956,0.367324,0.280455,3.795658,0.231580,0.177817,3.732719
1496,0.379722,-0.035617,3.882348,0.434027,-0.409055,3.864558,0.519099,-0.794228,3.758045,0.992391,-0.661251,4.039739,0.877149,-0.246180,4.033360,0.655743,0.044797,3.963390,0.492881,-0.207493,3.898209,0.765482,-0.085512,3.978244,0.544361,0.314099,3.850892,0.268315,0.134834,3.810894,0.380091,0.306976,3.774433,0.348935,0.236814,3.727585
1497,0.389659,-0.045760,3.878798,0.421327,-0.416000,3.861337,0.515578,-0.794822,3.759549,0.979796,-0.653678,4.040024,0.849636,-0.233419,4.037216,0.648070,0.060468,3.956283,0.495559,-0.203159,3.898370,0.763568,-0.082738,3.979556,0.572877,0.298917,3.851083,0.284675,0.100707,3.822884,0.406642,0.380573,3.700852,0.334550,0.275084,3.678835
1498,0.382185,-0.050945,3.882572,0.416887,-0.428533,3.867201,0.511757,-0.785037,3.759863,0.970143,-0.651218,4.043446,0.845627,-0.235850,4.037117,0.646447,0.062919,3.955979,0.485986,-0.192086,3.897997,0.753297,-0.079927,3.979980,0.556644,0.311601,3.851546,0.267869,0.105390,3.807117,0.412252,0.385770,3.705666,0.272521,0.293679,3.672138
1499,0.383124,-0.053446,3.883476,0.419352,-0.426298,3.866399,0.504647,-0.784464,3.754705,0.962532,-0.650379,4.044885,0.844013,-0.229437,4.035577,0.641994,0.059210,3.951581,0.485206,-0.207491,3.901261,0.751818,-0.079648,3.980819,0.557271,0.297871,3.856513,0.310182,0.152508,3.797765,0.365251,0.346186,3.741874,0.345040,0.317667,3.647661
1500,0.380198,-0.056707,3.888578,0.414116,-0.436072,3.865917,0.496241,-0.786660,3.750537,0.956889,-0.653524,4.043841,0.848993,-0.229166,4.036516,0.638116,0.057084,3.949574,0.484162,-0.214472,3.901962,0.752345,-0.087483,3.982643,0.550965,0.272658,3.862586,0.282257,0.137411,3.803150,0.394544,0.366694,3.714801,0.313163,0.267383,3.702960
1501,0.377859,-0.052434,3.884461,0.405870,-0.416178,3.858640,0.497022,-0.767467,3.759984,0.956225,-0.656294,4.044607,0.853817,-0.229612,4.035239,0.628283,0.056404,3.957684,0.490483,-0.201016,3.902980,0.764438,-0.080262,3.982094,0.520258,0.304246,3.844846,0.306591,0.194671,3.777209,0.414819,0.380020,3.710080,0.325397,0.330354,3.638969
1502,0.370215,-0.053423,3.893669,0.409328,-0.415639,3.860380,0.498182,-0.776944,3.753599,0.965006,-0.656744,4.040200,0.845740,-0.231079,4.035927,0.621243,0.058026,3.950554,0.507013,-0.187963,3.898294,0.782889,-0.075733,3.976087,0.510213,0.320896,3.836497,0.260036,0.135292,3.796115,0.481390,0.421602,3.667295,0.407372,0.258201,3.708712
1503,0.377050,-0.054489,3.889063,0.407578,-0.424555,3.861194,0.494870,-0.783437,3.752517,0.950421,-0.655429,4.041493,0.825404,-0.229516,4.037796,0.623152,0.066770,3.952173,0.499107,-0.207927,3.905410,0.768568,-0.071917,3.978052,0.507954,0.315789,3.834291,0.267681,0.137063,3.806133,0.459260,0.391893,3.696172,0.294505,0.230103,3.730785
1504,0.369634,-0.053016,3.879917,0.403335,-0.425658,3.860002,0.486362,-0.785593,3.750996,0.945093,-0.655908,4.041812,0.818470,-0.226115,4.041532,0.615505,0.069339,3.951375,0.489071,-0.206902,3.905782,0.766435,-0.063907,3.978569,0.505404,0.320016,3.833827,0.243897,0.167830,3.783566,0.454899,0.420199,3.657353,0.266126,0.255908,3.708572
1505,0.371458,-0.053483,3.883071,0.403081,-0.432614,3.854002,0.485111,-0.794132,3.746039,0.941624,-0.655978,4.041555,0.820460,-0.224517,4.042330,0.617365,0.069754,3.952552,0.490021,-0.203159,3.901419,0.758213,-0.069877,3.976993,0.536634,0.325625,3.841304,0.257165,0.112088,3.823553,0.464796,0.406744,3.683007,0.323614,0.224403,3.728245
1506,0.363594,-0.048951,3.879820,0.395051,-0.416956,3.848336,0.475530,-0.774495,3.745561,0.946037,-0.655194,4.040324,0.841377,-0.216197,4.036759,0.608946,0.067042,3.951632,0.483644,-0.184541,3.892303,0.763510,-0.069686,3.975047,0.550992,0.324427,3.833362,0.277950,0.219172,3.747805,0.483555,0.403020,3.691160,0.360565,0.266820,3.706538
1507,0.363431,-0.041714,3.879578,0.393620,-0.415172,3.854127,0.470068,-0.778774,3.742350,0.929126,-0.657358,4.043005,0.834624,-0.217927,4.038932,0.622474,0.071959,3.952826,0.474867,-0.175264,3.892030,0.754177,-0.068084,3.977960,0.526813,0.319257,3.840790,0.262071,0.211174,3.755282,0.478411,0.420766,3.661580,0.353837,0.263373,3.705384
1508,0.371772,-0.034774,3.877769,0.393439,-0.413825,3.854912,0.475264,-0.773011,3.741747,0.934785,-0.656432,4.042181,0.829095,-0.216320,4.039927,0.615698,0.071608,3.953056,0.476187,-0.183186,3.892225,0.755075,-0.066149,3.975975,0.513929,0.313267,3.839315,0.259703,0.165232,3.784655,0.458702,0.445180,3.620940,0.298549,0.320175,3.640268
1509,0.363479,-0.039554,3.885426,0.388399,-0.399664,3.858575,0.467875,-0.767473,3.741859,0.924717,-0.656915,4.041362,0.811236,-0.217728,4.040945,0.614116,0.076520,3.951873,0.480151,-0.184000,3.901453,0.750951,-0.063675,3.978989,0.517893,0.321098,3.842306,0.231917,0.134083,3.805666,0.447217,0.444644,3.643699,0.282060,0.280371,3.697513
1510,0.367577,-0.051341,3.889502,0.386885,-0.411342,3.848650,0.468721,-0.769021,3.745271,0.919341,-0.658121,4.041698,0.822939,-0.216195,4.039440,0.611300,0.077112,3.949963,0.494942,-0.213197,3.906003,0.764195,-0.073739,3.979302,0.533272,0.323022,3.839014,0.259526,0.137187,3.811507,0.497006,0.423389,3.679056,0.327983,0.203547,3.764770
1511,0.369173,-0.043785,3.883681,0.380304,-0.426057,3.845706,0.471845,-0.772520,3.744129,0.920986,-0.658453,4.039327,0.812813,-0.220240,4.041857,0.612984,0.077040,3.950060,0.496419,-0.193393,3.899306,0.758963,-0.068218,3.977432,0.521921,0.328746,3.832345,0.272445,0.146026,3.807959,0.496720,0.411694,3.683501,0.315567,0.221339,3.736685
1512,0.369327,-0.054783,3.893462,0.378491,-0.430810,3.852515,0.462661,-0.780660,3.738341,0.915045,-0.659279,4.040860,0.818762,-0.220622,4.041083,0.611055,0.075554,3.946602,0.501522,-0.213942,3.902190,0.765966,-0.080317,3.980290,0.548514,0.320194,3.842433,0.255585,0.082063,3.820121,0.496619,0.440953,3.659222,0.318283,0.258711,3.716401
1513,0.360740,-0.049559,3.889144,0.378965,-0.423998,3.855884,0.466437,-0.778578,3.748693,0.907825,-0.668249,4.042324,0.809941,-0.232442,4.045020,0.617765,0.078446,3.950354,0.497661,-0.216438,3.903658,0.761964,-0.084258,3.981668,0.552236,0.325497,3.842202,0.247955,0.129949,3.799353,0.454541,0.400752,3.691098,0.276286,0.296081,3.675477
1514,0.358617,-0.046194,3.889322,0.375587,-0.422635,3.856044,0.465935,-0.778297,3.748510,0.904641,-0.667049,4.043770,0.814106,-0.228910,4.046036,0.616395,0.077566,3.945803,0.496876,-0.199021,3.898896,0.758159,-0.080342,3.979570,0.515826,0.333240,3.828093,0.227527,0.136422,3.788559,0.468163,0.481926,3.605096,0.294505,0.348186,3.627282
1515,0.360732,-0.049671,3.889664,0.375051,-0.414255,3.850474,0.461973,-0.774053,3.736546,0.895328,-0.670541,4.042403,0.809354,-0.229647,4.044044,0.614458,0.077341,3.947811,0.491905,-0.187361,3.894957,0.756587,-0.075214,3.979705,0.517689,0.341273,3.820583,0.239610,0.171344,3.758212,0.500190,0.448759,3.649383,0.313014,0.273575,3.703917
1516,0.366327,-0.053226,3.888273,0.374097,-0.420922,3.851363,0.459942,-0.773148,3.739909,0.899379,-0.672647,4.042115,0.817802,-0.228323,4.044909,0.615441,0.078942,3.949463,0.497136,-0.203621,3.897069,0.762079,-0.076352,3.977184,0.536153,0.345074,3.823583,0.246909,0.159550,3.770439,0.508427,0.470084,3.635005,0.304565,0.317451,3.643918
1517,0.361228,-0.052309,3.894247,0.371603,-0.428723,3.851811,0.455700,-0.779896,3.740541,0.886150,-0.674211,4.042304,0.802016,-0.231451,4.046567,0.612471,0.079073,3.951331,0.500998,-0.206044,3.897078,0.761355,-0.075823,3.978097,0.526928,0.337219,3.830451,0.232524,0.142801,3.777342,0.501853,0.411859,3.682043,0.289756,0.261748,3.714535
1518,0.360220,-0.035533,3.884174,0.372832,-0.415518,3.849238,0.454986,-0.769460,3.738266,0.881054,-0.675718,4.038409,0.800759,-0.234594,4.048788,0.617984,0.079658,3.952673,0.496306,-0.209178,3.893215,0.757215,-0.082787,3.978726,0.551293,0.330883,3.829690,0.269238,0.158124,3.765887,0.505002,0.478980,3.609153,0.307955,0.349669,3.617458
1519,0.363561,-0.051230,3.890934,0.377727,-0.424603,3.846579,0.454014,-0.769236,3.735865,0.887303,-0.674695,4.036667,0.807247,-0.235252,4.043224,0.618088,0.078689,3.950871,0.502956,-0.215583,3.892275,0.765394,-0.086153,3.978274,0.543059,0.317503,3.841744,0.239787,0.101081,3.789727,0.476450,0.337680,3.758321,0.303341,0.186961,3.763404
1520,0.364939,-0.047791,3.888670,0.375563,-0.407040,3.842046,0.451935,-0.761771,3.737686,0.891270,-0.675311,4.032931,0.798877,-0.241791,4.046602,0.623283,0.078305,3.949175,0.504591,-0.193259,3.891059,0.759621,-0.086718,3.977072,0.549109,0.318441,3.838243,0.242845,0.145284,3.755879,0.468825,0.382549,3.724208,0.298165,0.239230,3.704772
1521,0.348825,-0.060933,3.890495,0.363041,-0.406747,3.844733,0.443851,-0.767753,3.741929,0.890471,-0.675923,4.035320,0.808651,-0.244102,4.042881,0.619128,0.077800,3.950351,0.503485,-0.218177,3.896999,0.762162,-0.102660,3.982882,0.548496,0.287129,3.860580,0.258242,0.128216,3.809886,0.467193,0.361105,3.738647,0.330843,0.236299,3.753078
1522,0.359529,-0.048494,3.883055,0.377298,-0.411786,3.840244,0.447165,-0.766833,3.737605,0.888193,-0.675689,4.033619,0.821292,-0.240310,4.041964,0.616572,0.076573,3.949484,0.508214,-0.210756,3.895252,0.766219,-0.099682,3.982796,0.526804,0.294328,3.863467,0.245617,0.111187,3.798186,0.458838,0.374112,3.738131,0.312322,0.222278,3.755329
1523,0.341690,-0.046855,3.882219,0.372518,-0.404268,3.843362,0.446172,-0.769253,3.740062,0.888496,-0.675931,4.036728,0.803211,-0.243303,4.046044,0.612782,0.077251,3.947914,0.504142,-0.217036,3.900396,0.761998,-0.092237,3.983948,0.541285,0.308013,3.836465,0.246803,0.150651,3.781118,0.524016,0.380999,3.717284,0.355322,0.200433,3.783053
1524,0.350745,-0.050112,3.888033,0.370079,-0.404509,3.841717,0.444885,-0.760567,3.742168,0.885223,-0.673092,4.037121,0.799608,-0.241813,4.047669,0.618889,0.079906,3.952439,0.507326,-0.198201,3.897972,0.764792,-0.080436,3.981747,0.507341,0.316780,3.831596,0.266600,0.160599,3.791956,0.483411,0.291225,3.808951,0.343237,0.147418,3.827286
1525,0.359384,-0.050831,3.890222,0.368138,-0.413429,3.850729,0.443676,-0.765048,3.742689,0.882699,-0.672068,4.038630,0.799714,-0.237337,4.047814,0.612773,0.078660,3.948302,0.500754,-0.201730,3.899335,0.761346,-0.071572,3.978814,0.514309,0.332107,3.830907,0.241190,0.112482,3.799040,0.494654,0.435332,3.681841,0.315244,0.283487,3.707278
1526,0.361793,-0.047278,3.895198,0.367601,-0.405770,3.844131,0.442495,-0.769374,3.735854,0.882998,-0.672416,4.037383,0.793709,-0.239811,4.050159,0.612569,0.078900,3.950457,0.491994,-0.191709,3.887984,0.751913,-0.072020,3.974468,0.542410,0.340298,3.826080,0.229692,0.113768,3.782612,0.470478,0.287549,3.812830,0.300581,0.148366,3.791451
1527,0.360539,-0.047154,3.886667,0.374259,-0.411840,3.844843,0.442103,-0.759733,3.733623,0.880732,-0.672455,4.034812,0.796691,-0.243599,4.044388,0.609316,0.078452,3.952552,0.491884,-0.223808,3.887356,0.749849,-0.092461,3.977483,0.587092,0.315637,3.863780,0.245383,0.124397,3.777449,0.464873,0.351770,3.758133,0.247849,0.196241,3.755284
1528,0.347554,-0.051672,3.879523,0.370726,-0.400708,3.841417,0.436367,-0.761546,3.737567,0.878389,-0.674480,4.034560,0.795994,-0.244160,4.045794,0.612588,0.079314,3.953453,0.477842,-0.206730,3.892119,0.738953,-0.099051,3.983131,0.585435,0.313052,3.845774,0.251559,0.117652,3.787672,0.466824,0.367818,3.734063,0.292950,0.253514,3.711201
1529,0.348261,-0.043276,3.877434,0.373108,-0.402807,3.842741,0.437560,-0.764880,3.740082,0.882517,-0.674092,4.036689,0.792387,-0.245113,4.048466,0.608200,0.075147,3.953915,0.477944,-0.235702,3.895672,0.735749,-0.112854,3.987870,0.585881,0.311154,3.841287,0.233339,0.115392,3.792421,0.445342,0.317797,3.786278,0.244711,0.205042,3.758549
1530,0.344537,-0.050410,3.882051,0.368484,-0.399784,3.840358,0.435602,-0.759966,3.733354,0.878638,-0.674606,4.035232,0.794528,-0.243712,4.045671,0.611362,0.084507,3.949165,0.489514,-0.204735,3.885342,0.750454,-0.092673,3.979780,0.559154,0.313167,3.843736,0.244712,0.141799,3.765433,0.451316,0.343366,3.757477,0.288761,0.213236,3.729882
1531,0.345922,-0.044418,3.879485,0.371421,-0.401305,3.839745,0.441467,-0.759251,3.733363,0.885605,-0.677794,4.036295,0.799897,-0.244956,4.044634,0.613036,0.081115,3.949340,0.494603,-0.211667,3.884257,0.752091,-0.099513,3.980425,0.521914,0.299917,3.852725,0.226543,0.125501,3.760902,0.433982,0.304783,3.791693,0.259331,0.172728,3.749496
1532,0.355662,-0.058381,3.887817,0.370669,-0.406006,3.845644,0.438628,-0.764710,3.731848,0.891615,-0.676311,4.037048,0.812034,-0.242034,4.041754,0.619566,0.077867,3.950246,0.493830,-0.244491,3.896595,0.750712,-0.112207,3.989709,0.550670,0.292468,3.860005,0.218566,0.089126,3.794489,0.422446,0.267546,3.834996,0.265065,0.127251,3.814521
1533,0.361262,-0.054657,3.890763,0.376777,-0.418561,3.848244,0.440007,-0.768238,3.733114,0.882708,-0.676654,4.039308,0.795272,-0.244245,4.048195,0.611084,0.076637,3.953148,0.496320,-0.219228,3.896140,0.756125,-0.100604,3.986908,0.543631,0.306622,3.849400,0.245953,0.128551,3.778986,0.484684,0.350455,3.752373,0.296873,0.208357,3.757052
1534,0.366269,-0.058750,3.888366,0.374296,-0.407328,3.837766,0.441284,-0.768409,3.732833,0.881027,-0.677875,4.038698,0.794061,-0.243439,4.047701,0.616530,0.078357,3.954317,0.505176,-0.204422,3.891676,0.766827,-0.092674,3.983206,0.521543,0.299471,3.857108,0.229030,0.124300,3.786315,0.480348,0.289623,3.800618,0.312378,0.151400,3.813336
1535,0.352549,-0.045458,3.885575,0.370981,-0.417608,3.845492,0.442174,-0.771789,3.735775,0.885488,-0.676809,4.041133,0.798366,-0.239719,4.048295,0.605543,0.079563,3.953686,0.508249,-0.211054,3.898982,0.764422,-0.081377,3.982151,0.529687,0.320434,3.845992,0.238588,0.133109,3.787289,0.497370,0.277493,3.824637,0.344661,0.119515,3.827475
1536,0.348921,-0.058770,3.892643,0.377404,-0.417259,3.845273,0.448944,-0.774935,3.732186,0.883360,-0.676676,4.043403,0.797661,-0.239640,4.051369,0.615411,0.079386,3.953249,0.514383,-0.216030,3.894852,0.773255,-0.079558,3.977592,0.545741,0.329781,3.841407,0.271940,0.147978,3.774343,0.509729,0.277515,3.825686,0.368846,0.118787,3.831737
1537,0.338351,-0.051382,3.890576,0.367378,-0.399750,3.848904,0.439472,-0.772395,3.733478,0.892435,-0.676431,4.040300,0.798962,-0.238299,4.049650,0.621748,0.083482,3.949682,0.509356,-0.193530,3.892431,0.765516,-0.078125,3.980705,0.540229,0.323402,3.844039,0.237994,0.130532,3.786331,0.502265,0.407000,3.696295,0.321080,0.252906,3.713999
1538,0.350469,-0.050970,3.895610,0.370249,-0.408114,3.846937,0.443013,-0.769558,3.734304,0.889502,-0.679668,4.041870,0.797387,-0.238492,4.051002,0.624737,0.087132,3.948397,0.513362,-0.196989,3.898543,0.776468,-0.075262,3.980376,0.536348,0.325275,3.836114,0.244220,0.129684,3.788453,0.493878,0.366817,3.736142,0.329048,0.224186,3.764748
1539,0.345232,-0.057129,3.894383,0.359292,-0.417864,3.841185,0.441335,-0.776275,3.733721,0.896205,-0.678750,4.043217,0.801504,-0.237107,4.049912,0.622799,0.087045,3.949076,0.513991,-0.208736,3.898813,0.772347,-0.080891,3.981622,0.515713,0.325559,3.838523,0.235494,0.122229,3.790801,0.495984,0.322234,3.782767,0.339412,0.158471,3.812726
1540,0.349440,-0.050835,3.895372,0.363547,-0.404286,3.840689,0.441267,-0.769561,3.735161,0.899259,-0.678538,4.041147,0.800458,-0.237474,4.050503,0.622720,0.086380,3.948510,0.513280,-0.205916,3.898470,0.781406,-0.085274,3.981337,0.513726,0.319493,3.845788,0.233530,0.129785,3.787229,0.492448,0.381760,3.720115,0.316021,0.203835,3.756434
1541,0.346815,-0.054832,3.884515,0.362319,-0.397947,3.840473,0.439402,-0.773877,3.735159,0.898036,-0.680475,4.035601,0.802072,-0.238816,4.047304,0.620087,0.084951,3.945239,0.506211,-0.175451,3.885432,0.771661,-0.082205,3.976910,0.529074,0.328263,3.833622,0.250606,0.158820,3.759312,0.518634,0.390149,3.698300,0.361123,0.199946,3.762744
1542,0.365233,-0.053261,3.889547,0.370508,-0.421002,3.844665,0.447936,-0.777124,3.737340,0.900741,-0.679623,4.035244,0.789298,-0.241300,4.047768,0.611019,0.083419,3.947040,0.498283,-0.190350,3.888573,0.760095,-0.076523,3.975101,0.526906,0.337605,3.828160,0.239151,0.145514,3.770130,0.456322,0.322758,3.781413,0.296610,0.159788,3.776031
1543,0.355770,-0.053992,3.884500,0.374983,-0.411017,3.849768,0.445402,-0.771003,3.736029,0.903007,-0.675274,4.034709,0.790364,-0.240742,4.047106,0.615092,0.084810,3.950080,0.482454,-0.221171,3.895410,0.751102,-0.090660,3.981149,0.563680,0.316182,3.849163,0.246816,0.132087,3.797402,0.455479,0.329866,3.784836,0.262466,0.182976,3.767419
1544,0.349282,-0.051282,3.885877,0.376222,-0.400785,3.844103,0.451183,-0.761225,3.736699,0.909007,-0.674044,4.035822,0.806149,-0.239324,4.044450,0.606799,0.081948,3.950905,0.492804,-0.226375,3.888984,0.757588,-0.093654,3.977520,0.544084,0.301723,3.851793,0.211781,0.094232,3.794397,0.441978,0.260506,3.843389,0.267310,0.121334,3.807600
1545,0.349941,-0.051413,3.887377,0.379512,-0.397335,3.847401,0.451190,-0.764243,3.739302,0.897214,-0.675779,4.037712,0.812109,-0.239896,4.045060,0.612228,0.082844,3.950148,0.488020,-0.219090,3.894236,0.746674,-0.100311,3.984744,0.535948,0.297180,3.854317,0.226029,0.121111,3.789967,0.448090,0.316963,3.789988,0.263629,0.173791,3.777164
1546,0.353998,-0.044541,3.888708,0.374377,-0.408752,3.842509,0.450122,-0.764698,3.739763,0.895488,-0.676768,4.040381,0.807894,-0.241500,4.044023,0.612122,0.082081,3.949826,0.502486,-0.196454,3.890060,0.762615,-0.094032,3.981132,0.523197,0.306573,3.847555,0.256489,0.166492,3.777492,0.449351,0.296791,3.808994,0.291787,0.153380,3.803165
1547,0.359106,-0.058309,3.888112,0.371792,-0.415959,3.841947,0.454261,-0.763607,3.740415,0.889717,-0.675786,4.038417,0.809940,-0.228637,4.044190,0.606554,0.080998,3.950707,0.504411,-0.185067,3.886986,0.766393,-0.080261,3.978082,0.519608,0.346471,3.820769,0.251030,0.149322,3.788519,0.479273,0.267872,3.827878,0.335159,0.116955,3.828614
1548,0.356504,-0.054208,3.890934,0.374949,-0.420170,3.840765,0.453359,-0.771364,3.736150,0.863642,-0.660769,4.040699,0.792251,-0.224713,4.045989,0.607771,0.081963,3.952441,0.500951,-0.190006,3.885762,0.752852,-0.081226,3.979028,0.518812,0.319665,3.847325,0.252020,0.100408,3.779000,0.476751,0.257862,3.851241,0.328054,0.114951,3.826327
1549,0.357170,-0.060564,3.891078,0.372922,-0.422324,3.841713,0.456373,-0.776335,3.733654,0.860013,-0.635193,4.041641,0.788652,-0.211732,4.042791,0.604730,0.078787,3.950081,0.495349,-0.194999,3.879192,0.742879,-0.076742,3.971525,0.527013,0.337790,3.846847,0.217463,0.107330,3.770340,0.480321,0.203407,3.933467,0.302954,0.049446,3.858804
1550,0.349019,-0.064516,3.885963,0.380910,-0.416976,3.847225,0.447154,-0.769027,3.735759,0.844839,-0.636936,4.049045,0.808059,-0.219797,4.038409,0.607782,0.077713,3.952298,0.481330,-0.184907,3.881282,0.723247,-0.084240,3.976250,0.546626,0.300754,3.858781,0.220111,0.124104,3.772002,0.497293,0.260179,3.853244,0.253641,0.127051,3.798609
1551,0.356864,-0.051996,3.881171,0.391928,-0.401385,3.852603,0.453359,-0.769173,3.739263,0.851694,-0.646871,4.048742,0.816587,-0.210920,4.036449,0.599463,0.075051,3.951744,0.467457,-0.180561,3.884241,0.726946,-0.083036,3.975872,0.560747,0.276732,3.883050,0.245778,0.128759,3.787517,0.512164,0.254214,3.855791,0.327171,0.163270,3.785487
1552,0.353084,-0.050413,3.876537,0.391977,-0.408054,3.852260,0.463070,-0.773155,3.744545,0.861723,-0.654362,4.047631,0.818852,-0.223158,4.039540,0.606170,0.077994,3.953062,0.460587,-0.212419,3.893456,0.722758,-0.084733,3.980300,0.603930,0.282644,3.856778,0.205224,0.093549,3.820383,0.464078,0.201419,3.891360,0.311997,0.109557,3.837300
1553,0.364414,-0.044859,3.877598,0.393238,-0.404133,3.853260,0.460898,-0.767464,3.744879,0.860014,-0.712917,4.048943,0.834795,-0.239667,4.040257,0.623878,0.076480,3.953028,0.453208,-0.205240,3.887399,0.734723,-0.090411,3.975286,0.713555,0.313888,3.836616,0.215138,0.119684,3.796194,0.475320,0.197676,3.909751,0.382416,0.114029,3.821473
1554,0.364231,-0.046729,3.877822,0.397842,-0.406264,3.857080,0.458964,-0.775131,3.740066,0.871667,-0.714873,4.044413,0.856130,-0.259972,4.038768,0.634273,0.062921,3.960245,0.454157,-0.196683,3.889862,0.737685,-0.104417,3.981791,0.748048,0.258564,3.855689,0.219837,0.136023,3.804586,0.511315,0.149695,3.946284,0.422772,0.063719,3.868738
1555,0.365693,-0.047969,3.877052,0.393869,-0.410827,3.854244,0.454783,-0.765838,3.741171,0.884613,-0.708029,4.044021,0.867469,-0.257780,4.032873,0.663815,-0.134785,4.027739,0.444855,-0.187382,3.889262,0.719288,-0.106074,3.985619,0.677493,0.281821,3.839853,0.246798,0.134232,3.804550,0.495806,0.267902,3.826080,0.334345,0.237374,3.721742
1556,0.369997,-0.048105,3.887548,0.409390,-0.401975,3.860856,0.462955,-0.759145,3.744637,0.872107,-0.730678,4.051707,0.878424,-0.337167,4.048580,0.589766,-0.776257,4.222927,0.439548,-0.208181,3.895248,0.711035,-0.124235,3.992217,0.795590,0.236081,3.850899,0.233113,0.099527,3.823085,0.478678,0.065198,4.009942,0.377060,0.056301,3.868102
1557,0.372343,-0.055249,3.873394,0.402402,-0.406156,3.846572,0.468385,-0.754769,3.748311,0.908267,-0.692857,4.042362,0.912563,-0.303000,4.034715,0.804358,-0.197132,4.027078,0.452881,-0.209123,3.891712,0.735492,-0.106671,3.984127,0.685629,0.256390,3.855277,0.258736,0.090394,3.812662,0.531130,0.210126,3.890630,0.310571,0.142401,3.812811
1558,0.369510,-0.062390,3.884446,0.412083,-0.428522,3.857878,0.481957,-0.739144,3.746524,0.989575,-0.601420,4.026825,0.969806,-0.191142,3.998637,0.706031,0.021139,3.957728,0.475257,-0.306930,3.904798,0.784225,-0.204431,4.004515,0.705970,0.097157,3.964700,0.342958,0.002363,3.854192,0.606246,0.017513,4.044888,0.320142,-0.034625,3.942042
1559,0.363027,-0.079896,3.885769,0.403271,-0.444826,3.848020,0.480880,-0.761393,3.735892,1.015925,-0.630644,4.016966,1.002141,-0.185215,3.988439,0.741166,0.049139,3.939862,0.489618,-0.317154,3.892316,0.787752,-0.231691,4.001035,0.660617,-0.033178,4.045360,0.336823,-0.053846,3.880443,0.534324,-0.060538,4.105596,0.269201,-0.055074,3.928749
1560,0.385677,-0.059392,3.886056,0.397040,-0.440999,3.845422,0.475726,-0.741729,3.739776,0.971876,-0.546061,4.023067,0.950419,-0.123537,3.985438,0.711906,0.062738,3.941622,0.457786,-0.292663,3.887760,0.750553,-0.156411,3.980688,0.543089,0.110611,3.975398,0.249505,-0.030047,3.848493,0.430316,0.027165,4.049340,0.174631,0.008742,3.881283
1561,0.384180,-0.040519,3.887253,0.391890,-0.389473,3.842001,0.472478,-0.724333,3.743364,0.956824,-0.420987,4.011714,0.935468,-0.050619,3.970055,0.627032,0.049581,3.958433,0.439324,-0.291213,3.888427,0.739623,-0.110010,3.971550,0.525201,0.204305,3.921427,0.221097,-0.000369,3.837033,0.412689,0.071991,3.989373,0.149967,0.065316,3.834242
1562,0.379197,-0.040670,3.881159,0.403254,-0.398072,3.855182,0.458979,-0.734764,3.740319,1.011153,-0.524855,4.009271,1.021931,-0.089196,3.960821,0.705639,0.035482,3.952398,0.474563,-0.279200,3.886474,0.786395,-0.132503,3.969706,0.580163,0.032855,4.013557,0.250779,-0.109025,3.886116,0.407411,-0.027337,4.083774,0.195831,-0.059495,3.915954
1563,0.357803,-0.024779,3.880296,0.389125,-0.370145,3.855114,0.462016,-0.768237,3.740077,1.016178,-0.586602,4.012850,1.016104,-0.075962,3.958995,0.631876,0.052801,3.951952,0.475851,-0.285573,3.902512,0.800509,-0.150849,3.980250,0.692755,0.025559,4.001196,0.258183,0.030545,3.835675,0.387694,-0.014812,4.078008,0.240864,0.074136,3.824373
1564,nan,nan,nan,nan,nan,nan,nan,nan,nan,nan,nan,nan,nan,nan,nan,nan,nan,nan,nan,nan,nan,nan,nan,nan,nan,nan,nan,nan,nan,nan,nan,nan,nan,nan,nan,nan
1565,nan,nan,nan,nan,nan,nan,nan,nan,nan,nan,nan,nan,nan,nan,nan,nan,nan,nan,nan,nan,nan,nan,nan,nan,nan,nan,nan,nan,nan,nan,nan,nan,nan,nan,nan,nan
1566,nan,nan,nan,nan,nan,nan,nan,nan,nan,nan,nan,nan,nan,nan,nan,nan,nan,nan,nan,nan,nan,nan,nan,nan,nan,nan,nan,nan,nan,nan,nan,nan,nan,nan,nan,nan
1567,nan,nan,nan,nan,nan,nan,nan,nan,nan,nan,nan,nan,nan,nan,nan,nan,nan,nan,nan,nan,nan,nan,nan,nan,nan,nan,nan,nan,nan,nan,nan,nan,nan,nan,nan,nan
1568,0.319867,-0.074923,3.919910,0.353693,-0.282775,3.909400,0.384727,-0.549551,3.828951,0.779575,-0.389621,4.082299,0.755791,-0.060757,4.032912,0.580161,0.084596,3.985662,0.421782,-0.120513,3.916443,0.646280,0.003799,3.994265,0.605225,0.202114,3.918454,0.308311,0.006727,3.900557,0.465229,0.088814,3.993070,0.295754,-0.043398,3.939799
1569,0.326754,-0.073025,3.913682,0.373457,-0.325809,3.883312,0.437963,-0.610459,3.802524,0.949263,-0.387833,4.037362,0.892078,-0.025974,3.986195,0.617486,0.072795,3.963382,0.520165,-0.189008,3.922870,0.800587,-0.045370,3.985124,0.714589,0.180060,3.918105,0.358943,-0.026134,3.857420,0.482053,0.131136,3.956781,0.314809,-0.014533,3.929089
1570,0.343340,-0.057405,3.896216,0.371256,-0.312972,3.864827,0.457343,-0.551051,3.791812,0.891421,-0.321436,4.023627,0.835063,0.009237,3.978401,0.532441,0.058170,3.972383,0.548508,-0.130222,3.903284,0.787044,0.043276,3.951051,0.569297,0.244348,3.909358,0.343771,-0.030138,3.892415,0.472279,0.196711,3.908396,0.314048,0.044344,3.900219
1571,0.311203,-0.100016,3.911706,0.373129,-0.361298,3.860367,0.497981,-0.679765,3.769876,0.908565,-0.545785,4.036888,0.797794,-0.099072,4.011909,0.537064,0.058198,3.970934,0.582899,-0.143676,3.894619,0.795549,0.004077,3.959301,0.543538,0.207933,3.928798,0.344309,-0.065960,3.903055,0.472635,0.187918,3.919343,0.328060,0.029250,3.902853
1572,0.339504,-0.139435,3.920457,0.378575,-0.386879,3.844474,0.460427,-0.735952,3.746703,0.865635,-0.623171,4.048649,0.798078,-0.177281,4.036988,0.518656,-0.036050,4.015253,0.546158,-0.173367,3.885891,0.754706,-0.050386,3.970778,0.539857,0.160789,3.957391,0.356417,-0.053857,3.874558,0.479359,0.227744,3.877523,0.290003,0.052038,3.879655
1573,0.333537,-0.132033,3.917281,0.294351,-0.461882,3.850935,0.393952,-0.732076,3.738557,0.943982,-0.435164,4.017954,0.905086,-0.060362,3.984540,0.549844,0.044521,3.974641,0.514303,-0.139162,3.878212,0.793231,0.009592,3.945183,0.613935,0.181256,3.961696,0.342524,-0.017892,3.857888,0.487660,0.159663,3.951916,0.228664,0.021115,3.895517
1574,0.334139,-0.206552,3.925232,0.376179,-0.428892,3.854757,0.487834,-0.740045,3.734890,0.789402,-0.546057,4.041764,0.684692,-0.138775,4.035417,0.431055,-0.023909,4.011546,0.541159,-0.131012,3.872629,0.670257,0.020166,3.955142,0.516108,0.148628,3.960988,0.344979,-0.039407,3.860175,0.411049,0.223367,3.880794,0.237811,0.071805,3.851209
1575,0.310689,-0.240544,3.940141,0.356395,-0.460998,3.847757,0.443886,-0.773131,3.723891,0.790474,-0.697833,4.064876,0.726540,-0.265743,4.063743,0.521320,-0.129798,4.048508,0.515100,-0.172939,3.884347,0.654332,-0.052476,3.982404,0.506189,0.129292,3.979778,0.390662,-0.054394,3.866913,0.422638,0.185180,3.912538,0.296439,0.076070,3.849209
1576,0.316932,-0.117918,3.907168,0.376694,-0.403641,3.845518,0.441862,-0.762051,3.724380,0.837130,-0.678964,4.054605,0.798274,-0.236607,4.044318,0.610391,-0.075664,4.019316,0.517787,-0.179847,3.887966,0.688783,-0.066676,3.984558,0.588241,0.117741,3.985012,0.421729,-0.046963,3.867899,0.481993,0.158438,3.932608,0.344287,0.054821,3.855896
1577,0.332980,-0.077570,3.889414,0.411419,-0.334413,3.846220,0.532237,-0.708438,3.743839,0.775825,-0.562477,4.055517,0.663592,-0.192843,4.056347,0.556357,0.035150,3.976786,0.557987,-0.125454,3.875010,0.674868,-0.020838,3.972024,0.537767,0.152204,3.952726,0.361474,-0.006397,3.838757,0.383488,0.209085,3.882523,0.221458,0.072626,3.843815
1578,0.346342,-0.141416,3.900340,0.521932,-0.329837,3.845256,0.642789,-0.674535,3.752508,0.599561,-0.675859,4.078970,0.546619,-0.248537,4.083599,0.496563,-0.046990,4.015146,0.624971,-0.093927,3.872888,0.623038,-0.019156,3.983616,0.503112,0.136687,3.962825,0.401432,-0.022723,3.862652,0.402117,0.232517,3.876755,0.299984,0.090936,3.841180
1579,0.384688,-0.120240,3.889652,0.564717,-0.321721,3.841155,0.670073,-0.694120,3.745701,0.643380,-0.616229,4.073442,0.539001,-0.248248,4.085409,0.421979,-0.054212,4.022215,0.618793,-0.095260,3.865881,0.648220,-0.024883,3.978227,0.507745,0.120001,3.972726,0.397947,-0.027717,3.855017,0.442787,0.206083,3.892415,0.293673,0.057006,3.858689
1580,0.358119,-0.138345,3.903660,0.588421,-0.308489,3.840835,0.672384,-0.701545,3.734662,0.573976,-0.691803,4.087401,0.519331,-0.268446,4.093039,0.419788,-0.061640,4.027711,0.618449,-0.100878,3.875269,0.606746,-0.044248,3.997253,0.509303,0.144195,3.961037,0.400100,0.001807,3.864272,0.467148,0.263135,3.833319,0.321435,0.113267,3.835633
1581,0.341093,-0.132151,3.896435,0.406273,-0.371046,3.839722,0.492346,-0.722643,3.732101,0.829970,-0.574588,4.055398,0.719959,-0.203237,4.059895,0.550098,0.033234,3.979613,0.541968,-0.102731,3.870609,0.726516,-0.002019,3.964111,0.550998,0.147562,3.955643,0.343073,-0.024148,3.851216,0.461131,0.190436,3.911517,0.244202,0.050498,3.874474
1582,0.361732,-0.032275,3.866227,0.530984,-0.295597,3.837857,0.618898,-0.679290,3.748485,0.683981,-0.597158,4.072565,0.622386,-0.194659,4.066742,0.575662,0.114147,3.939884,0.613265,-0.093761,3.868054,0.652525,-0.030351,3.982405,0.542481,0.122624,3.968769,0.406695,-0.017145,3.849854,0.476774,0.205072,3.896995,0.329191,0.061375,3.863184
1583,0.370352,-0.064309,3.880985,0.558456,-0.280863,3.838403,0.654754,-0.664934,3.745294,0.623452,-0.610783,4.078177,0.517115,-0.223610,4.082937,0.513881,0.080651,3.959654,0.622426,-0.098425,3.867012,0.622127,-0.043522,3.990355,0.523182,0.135910,3.959826,0.409605,-0.015375,3.846599,0.468746,0.231372,3.855875,0.316188,0.089162,3.824237
1584,0.370714,-0.156948,3.914420,0.531179,-0.338472,3.840344,0.657166,-0.721033,3.728881,0.664111,-0.656153,4.083009,0.551806,-0.262316,4.090871,0.498072,-0.073221,4.030832,0.604254,-0.105204,3.877758,0.641469,-0.036479,3.993042,0.498391,0.108380,3.990580,0.383804,-0.043707,3.866190,0.430886,0.173619,3.921976,0.279327,0.046034,3.884348
1585,0.375635,-0.062817,3.874755,0.353811,-0.333844,3.838862,0.421320,-0.689051,3.734452,0.916022,-0.560537,4.034232,0.924468,-0.163218,4.013832,0.798390,0.096670,3.918952,0.518979,-0.111989,3.866969,0.775883,-0.023126,3.956679,0.611347,0.144108,3.959451,0.317919,-0.005960,3.834364,0.480022,0.201148,3.904254,0.224453,0.067428,3.850195
1586,0.346724,-0.122946,3.897939,0.432547,-0.370584,3.843928,0.548919,-0.683663,3.743202,0.784751,-0.616201,4.059836,0.771601,-0.192089,4.043909,0.689208,0.056104,3.951180,0.570778,-0.117960,3.872204,0.669426,-0.039482,3.977237,0.517045,0.097748,3.988263,0.373946,-0.069040,3.871015,0.424733,0.174112,3.923025,0.256009,0.029791,3.873548
1587,0.311763,-0.052760,3.874807,0.316101,-0.373821,3.837312,0.393924,-0.712624,3.728538,0.952015,-0.543058,4.019701,1.031631,-0.094153,3.967146,0.956038,0.213375,3.841362,0.485841,-0.160530,3.879783,0.765423,-0.040802,3.961641,0.623387,0.160725,3.929116,0.329492,-0.028420,3.875963,0.511399,0.208078,3.872627,0.249868,0.056009,3.865335
1588,nan,nan,nan,nan,nan,nan,nan,nan,nan,nan,nan,nan,nan,nan,nan,nan,nan,nan,nan,nan,nan,nan,nan,nan,nan,nan,nan,nan,nan,nan,nan,nan,nan,nan,nan,nan
1589,0.291947,-0.152058,3.947459,0.292737,-0.397517,3.910076,0.349487,-0.615978,3.804998,0.817881,-0.476340,4.082556,0.870764,-0.181868,4.045078,0.731448,0.071047,3.975732,0.411819,-0.160304,3.947746,0.655716,-0.095201,4.037899,0.570159,0.028807,4.022731,0.272945,-0.094073,3.932039,0.404153,0.001153,4.059885,0.225520,-0.028598,3.960032
1590,0.329219,-0.221014,3.964789,0.313669,-0.439495,3.870854,0.410752,-0.719136,3.768507,0.931897,-0.568482,4.045888,0.904672,-0.145456,4.009487,0.584227,-0.089424,4.022012,0.508973,-0.198452,3.911377,0.788798,-0.071067,3.989701,0.621214,0.205640,3.915896,0.222626,0.006806,3.863367,0.465854,0.160689,3.930775,0.250470,0.037852,3.906802
1591,0.344710,-0.284278,3.978366,0.300886,-0.514064,3.864191,0.427001,-0.749318,3.744077,0.900540,-0.637782,4.049911,0.947856,-0.183491,4.004995,0.688188,-0.211904,4.051671,0.531991,-0.228539,3.910620,0.798010,-0.083850,3.985901,0.633520,0.059672,4.002512,0.304086,-0.204590,3.976356,0.459200,-0.059216,4.114472,0.296671,-0.088644,3.975766
1592,nan,nan,nan,nan,nan,nan,nan,nan,nan,nan,nan,nan,nan,nan,nan,nan,nan,nan,nan,nan,nan,nan,nan,nan,nan,nan,nan,nan,nan,nan,nan,nan,nan,nan,nan,nan
1593,nan,nan,nan,nan,nan,nan,nan,nan,nan,nan,nan,nan,nan,nan,nan,nan,nan,nan,nan,nan,nan,nan,nan,nan,nan,nan,nan,nan,nan,nan,nan,nan,nan,nan,nan,nan
1594,nan,nan,nan,nan,nan,nan,nan,nan,nan,nan,nan,nan,nan,nan,nan,nan,nan,nan,nan,nan,nan,nan,nan,nan,nan,nan,nan,nan,nan,nan,nan,nan,nan,nan,nan,nan
1595,nan,nan,nan,nan,nan,nan,nan,nan,nan,nan,nan,nan,nan,nan,nan,nan,nan,nan,nan,nan,nan,nan,nan,nan,nan,nan,nan,nan,nan,nan,nan,nan,nan,nan,nan,nan
1596,nan,nan,nan,nan,nan,nan,nan,nan,nan,nan,nan,nan,nan,nan,nan,nan,nan,nan,nan,nan,nan,nan,nan,nan,nan,nan,nan,nan,nan,nan,nan,nan,nan,nan,nan,nan
1597,nan,nan,nan,nan,nan,nan,nan,nan,nan,nan,nan,nan,nan,nan,nan,nan,nan,nan,nan,nan,nan,nan,nan,nan,nan,nan,nan,nan,nan,nan,nan,nan,nan,nan,nan,nan
1598,nan,nan,nan,nan,nan,nan,nan,nan,nan,nan,nan,nan,nan,nan,nan,nan,nan,nan,nan,nan,nan,nan,nan,nan,nan,nan,nan,nan,nan,nan,nan,nan,nan,nan,nan,nan
1599,nan,nan,nan,nan,nan,nan,nan,nan,nan,nan,nan,nan,nan,nan,nan,nan,nan,nan,nan,nan,nan,nan,nan,nan,nan,nan,nan,nan,nan,nan,nan,nan,nan,nan,nan,nan
1600,nan,nan,nan,nan,nan,nan,nan,nan,nan,nan,nan,nan,nan,nan,nan,nan,nan,nan,nan,nan,nan,nan,nan,nan,nan,nan,nan,nan,nan,nan,nan,nan,nan,nan,nan,nan
1601,nan,nan,nan,nan,nan,nan,nan,nan,nan,nan,nan,nan,nan,nan,nan,nan,nan,nan,nan,nan,nan,nan,nan,nan,nan,nan,nan,nan,nan,nan,nan,nan,nan,nan,nan,nan
1602,nan,nan,nan,nan,nan,nan,nan,nan,nan,nan,nan,nan,nan,nan,nan,nan,nan,nan,nan,nan,nan,nan,nan,nan,nan,nan,nan,nan,nan,nan,nan,nan,nan,nan,nan,nan
1603,nan,nan,nan,nan,nan,nan,nan,nan,nan,nan,nan,nan,nan,nan,nan,nan,nan,nan,nan,nan,nan,nan,nan,nan,nan,nan,nan,nan,nan,nan,nan,nan,nan,nan,nan,nan
1604,nan,nan,nan,nan,nan,nan,nan,nan,nan,nan,nan,nan,nan,nan,nan,nan,nan,nan,nan,nan,nan,nan,nan,nan,nan,nan,nan,nan,nan,nan,nan,nan,nan,nan,nan,nan
1605,nan,nan,nan,nan,nan,nan,nan,nan,nan,nan,nan,nan,nan,nan,nan,nan,nan,nan,nan,nan,nan,nan,nan,nan,nan,nan,nan,nan,nan,nan,nan,nan,nan,nan,nan,nan
1606,0.322875,-0.048075,3.913457,0.274576,-0.325763,3.893790,0.358422,-0.716800,3.787848,0.885917,-0.589427,4.088187,0.871998,-0.053064,4.008110,0.571540,0.088634,3.978785,0.402651,-0.240155,3.950130,0.689806,-0.099459,4.030299,0.629244,0.222320,3.904632,0.245671,-0.007432,3.841572,0.430166,0.088722,3.996252,0.276592,-0.012189,3.901195
1607,0.346983,-0.059497,3.905225,0.345656,-0.317928,3.850999,0.407748,-0.618133,3.774106,0.968776,-0.421802,4.021998,0.945699,0.007614,3.962195,0.588192,0.085397,3.952070,0.504958,-0.210631,3.910952,0.811144,-0.069686,3.981086,0.618752,0.156372,3.946181,0.324188,-0.012176,3.854789,0.502838,0.066304,3.997830,0.260648,-0.025003,3.924058
1608,0.326357,-0.149458,3.928522,0.315898,-0.407403,3.842908,0.410653,-0.714124,3.749387,0.952873,-0.554328,4.021660,0.927361,-0.097442,3.987015,0.578581,0.019808,3.981691,0.527619,-0.195980,3.899269,0.810510,-0.065399,3.973308,0.622413,0.190642,3.923842,0.283857,-0.039139,3.892238,0.464506,0.118551,3.970695,0.283631,0.007354,3.898464
1609,0.338330,-0.055247,3.897028,0.315640,-0.398807,3.844216,0.403131,-0.594382,3.757616,0.961553,-0.390046,4.003157,0.969761,-0.083208,3.973929,0.599246,0.024944,3.970264,0.513169,-0.197804,3.897319,0.827187,-0.067826,3.968181,0.645977,0.147632,3.960891,0.305358,-0.076703,3.908336,0.522869,0.143367,3.946847,0.257748,-0.007633,3.932312
1610,0.303154,-0.107779,3.898208,0.320771,-0.380304,3.836469,0.398233,-0.733511,3.730260,0.942027,-0.593727,4.020735,0.903101,-0.114033,3.995649,0.542741,-0.001706,3.990604,0.526815,-0.156361,3.879896,0.815778,-0.029769,3.951612,0.618963,0.258906,3.873494,0.199979,-0.002415,3.857290,0.484035,0.194950,3.898827,0.297946,0.110446,3.840751
1611,nan,nan,nan,nan,nan,nan,nan,nan,nan,nan,nan,nan,nan,nan,nan,nan,nan,nan,nan,nan,nan,nan,nan,nan,nan,nan,nan,nan,nan,nan,nan,nan,nan,nan,nan,nan
1612,nan,nan,nan,nan,nan,nan,nan,nan,nan,nan,nan,nan,nan,nan,nan,nan,nan,nan,nan,nan,nan,nan,nan,nan,nan,nan,nan,nan,nan,nan,nan,nan,nan,nan,nan,nan
1613,nan,nan,nan,nan,nan,nan,nan,nan,nan,nan,nan,nan,nan,nan,nan,nan,nan,nan,nan,nan,nan,nan,nan,nan,nan,nan,nan,nan,nan,nan,nan,nan,nan,nan,nan,nan
1614,nan,nan,nan,nan,nan,nan,nan,nan,nan,nan,nan,nan,nan,nan,nan,nan,nan,nan,nan,nan,nan,nan,nan,nan,nan,nan,nan,nan,nan,nan,nan,nan,nan,nan,nan,nan
1615,0.292521,-0.054240,3.911916,0.270035,-0.328635,3.879629,0.363335,-0.717017,3.789070,0.850508,-0.558381,4.080065,0.853691,-0.056777,4.009146,0.582354,0.111975,3.976573,0.397472,-0.217407,3.931653,0.678874,-0.088185,4.026900,0.640778,0.248949,3.877078,0.216496,-0.006724,3.882873,0.403432,0.110186,3.974401,0.263549,0.034732,3.875343
1616,0.337128,-0.072414,3.906585,0.341736,-0.333991,3.848800,0.410243,-0.710184,3.761504,0.953030,-0.588183,4.037395,0.977674,-0.125756,3.990810,0.873350,0.133488,3.895513,0.510522,-0.202927,3.909024,0.795332,-0.087123,3.988248,0.697267,0.241926,3.884417,0.313359,0.056400,3.815742,0.546407,0.154765,3.927756,0.296203,0.044660,3.890459
1617,0.312300,-0.099201,3.917260,0.328650,-0.374557,3.849794,0.388515,-0.717573,3.743446,0.944526,-0.559018,4.029889,0.919070,-0.089098,3.988070,0.593811,0.060048,3.957609,0.518409,-0.188096,3.901990,0.803955,-0.069408,3.981544,0.635425,0.215098,3.910567,0.284108,0.026772,3.857199,0.507267,0.188654,3.910323,0.269780,0.062289,3.869503
1618,0.313846,-0.224358,3.953691,0.316611,-0.478122,3.855729,0.398236,-0.748782,3.732854,0.886703,-0.632639,4.041183,0.961846,-0.222065,4.010446,0.707441,-0.273080,4.053924,0.511354,-0.224700,3.905160,0.791181,-0.081741,3.980047,0.640734,0.110867,3.980061,0.275467,-0.207435,3.958172,0.466540,0.042857,4.040938,0.289815,-0.041036,3.970106
1619,nan,nan,nan,nan,nan,nan,nan,nan,nan,nan,nan,nan,nan,nan,nan,nan,nan,nan,nan,nan,nan,nan,nan,nan,nan,nan,nan,nan,nan,nan,nan,nan,nan,nan,nan,nan
1620,nan,nan,nan,nan,nan,nan,nan,nan,nan,nan,nan,nan,nan,nan,nan,nan,nan,nan,nan,nan,nan,nan,nan,nan,nan,nan,nan,nan,nan,nan,nan,nan,nan,nan,nan,nan
1621,nan,nan,nan,nan,nan,nan,nan,nan,nan,nan,nan,nan,nan,nan,nan,nan,nan,nan,nan,nan,nan,nan,nan,nan,nan,nan,nan,nan,nan,nan,nan,nan,nan,nan,nan,nan
1622,0.322680,-0.512841,4.047906,0.294557,-0.501344,3.897634,0.375479,-0.742380,3.778299,0.790804,-0.668332,4.093585,0.827633,-0.276589,4.077413,0.721220,-0.095269,4.036361,0.405529,-0.226946,3.922744,0.632215,-0.140618,4.032359,0.588613,0.058067,3.990907,0.298093,-0.069199,3.889185,0.443325,0.076721,3.989843,0.253396,0.019523,3.891503
1623,0.310197,-0.125926,3.929644,0.318230,-0.381132,3.869554,0.413095,-0.709060,3.762499,0.917983,-0.491143,4.042539,0.876450,-0.059335,3.991169,0.606228,-0.000750,3.992651,0.491017,-0.188564,3.903379,0.753580,-0.033029,3.972785,0.521338,0.195144,3.910982,0.274370,-0.005709,3.854589,0.465236,0.195861,3.895265,0.257644,0.060861,3.887182
1624,0.294512,-0.147898,3.926589,0.314982,-0.389395,3.850902,0.390376,-0.725350,3.742739,0.925338,-0.553060,4.036729,0.881235,-0.098203,3.999259,0.592751,0.034433,3.978677,0.493014,-0.198344,3.899241,0.771785,-0.044490,3.973333,0.634466,0.247459,3.889054,0.289908,0.009147,3.834968,0.436742,0.169090,3.930655,0.259221,0.036574,3.897916
1625,0.311075,-0.129803,3.918974,0.316358,-0.395666,3.841529,0.388842,-0.737582,3.735297,0.921572,-0.615901,4.034670,0.912900,-0.168024,4.007128,0.613563,-0.083386,4.018430,0.490453,-0.182898,3.888606,0.782584,-0.049573,3.966780,0.647305,0.252422,3.878119,0.224548,0.008807,3.841427,0.496419,0.165275,3.916607,0.286161,0.040869,3.880219
1626,nan,nan,nan,nan,nan,nan,nan,nan,nan,nan,nan,nan,nan,nan,nan,nan,nan,nan,nan,nan,nan,nan,nan,nan,nan,nan,nan,nan,nan,nan,nan,nan,nan,nan,nan,nan
1627,0.346322,-0.232571,3.974478,0.268281,-0.379864,3.890270,0.317555,-0.684054,3.787343,0.688809,-0.651760,4.106489,0.704119,-0.272031,4.093165,0.588286,-0.090043,4.043093,0.371242,-0.201884,3.921621,0.566649,-0.154959,4.039494,0.616251,0.054648,4.021118,0.272596,-0.053428,3.919382,0.399992,0.042247,4.025997,0.297568,0.005914,3.926330
1628,0.304353,-0.098353,3.921330,0.317246,-0.275140,3.872166,0.365027,-0.529656,3.795648,0.779939,-0.402110,4.056932,0.780555,-0.066818,4.016701,0.577978,0.017303,3.998439,0.442908,-0.114888,3.906685,0.669552,-0.009800,3.991880,0.620687,0.211432,3.920672,0.249146,0.042168,3.881846,0.496678,0.191534,3.905432,0.314814,0.128095,3.840464
1629,0.330520,-0.101229,3.917315,0.324460,-0.368810,3.870990,0.387947,-0.703825,3.756642,0.916271,-0.563113,4.048316,0.906161,-0.131105,4.008362,0.654284,0.047804,3.969368,0.492218,-0.228604,3.920188,0.782551,-0.023418,3.978945,0.743411,0.183064,3.913078,0.270985,-0.100233,3.927473,0.493726,0.086448,3.980728,0.267024,-0.015140,3.932215
1630,nan,nan,nan,nan,nan,nan,nan,nan,nan,nan,nan,nan,nan,nan,nan,nan,nan,nan,nan,nan,nan,nan,nan,nan,nan,nan,nan,nan,nan,nan,nan,nan,nan,nan,nan,nan
1631,nan,nan,nan,nan,nan,nan,nan,nan,nan,nan,nan,nan,nan,nan,nan,nan,nan,nan,nan,nan,nan,nan,nan,nan,nan,nan,nan,nan,nan,nan,nan,nan,nan,nan,nan,nan
1632,0.256144,-0.085443,3.933223,0.271227,-0.247431,3.885960,0.287719,-0.485353,3.812318,0.725206,-0.319391,4.062937,0.773409,-0.023246,4.020809,0.618837,0.113290,3.968503,0.373373,-0.064895,3.923705,0.598720,0.035014,3.991650,0.592528,0.254708,3.901973,0.250250,0.125579,3.883999,0.475449,0.150262,3.938342,0.304675,0.088728,3.934741
1633,0.316520,-0.155565,3.959004,0.349124,-0.359084,3.878989,0.423009,-0.612412,3.782079,0.907431,-0.441095,4.030474,0.902068,-0.095734,3.999316,0.660170,0.027830,3.971527,0.518638,-0.086117,3.907297,0.768673,0.008852,3.970151,0.651742,0.216215,3.943971,0.381237,0.028599,3.872846,0.509161,0.190537,3.931779,0.387627,0.108407,3.936195
1634,0.294826,-0.128512,3.923201,0.312185,-0.344631,3.859925,0.408854,-0.625551,3.760589,0.868236,-0.431866,4.024931,0.867753,-0.002680,3.972592,0.571425,0.043448,3.971973,0.519121,-0.102347,3.892545,0.769366,-0.011710,3.970761,0.631198,0.239757,3.907700,0.274805,-0.042515,3.907990,0.488113,0.190087,3.894321,0.325577,0.038837,3.906018
1635,nan,nan,nan,nan,nan,nan,nan,nan,nan,nan,nan,nan,nan,nan,nan,nan,nan,nan,nan,nan,nan,nan,nan,nan,nan,nan,nan,nan,nan,nan,nan,nan,nan,nan,nan,nan
1636,0.299323,-0.078218,3.919371,0.256496,-0.257085,3.870949,0.293910,-0.489777,3.809309,0.671169,-0.414675,4.068767,0.694442,-0.102284,4.049369,0.541273,0.046701,3.990554,0.344835,-0.075480,3.905539,0.545279,0.001793,3.995931,0.556640,0.190777,3.957245,0.260096,0.070064,3.784592,0.430798,0.158431,3.956632,0.266068,0.086716,3.822948
1637,0.324334,-0.251172,3.963786,0.328948,-0.428925,3.873034,0.430539,-0.672036,3.778731,0.867845,-0.519435,4.055261,0.827859,-0.124500,4.024935,0.577426,0.018716,3.995821,0.487290,-0.140379,3.911472,0.718789,-0.049587,4.000628,0.635776,0.154474,3.943056,0.304766,-0.001669,3.840957,0.482356,0.076709,3.995852,0.312989,-0.014736,3.906152
1638,0.319575,-0.119301,3.915864,0.321715,-0.399991,3.864819,0.419305,-0.664534,3.758917,0.906828,-0.446861,4.023153,0.907724,-0.088743,3.991233,0.628559,0.034980,3.974331,0.525638,-0.132509,3.911039,0.782550,0.009033,3.966677,0.596907,0.212143,3.934591,0.333427,-0.046357,3.924819,0.505959,0.147129,3.961702,0.295209,-0.022240,3.959829
1639,0.314960,-0.145519,3.920214,0.344511,-0.385408,3.853790,0.439240,-0.680929,3.755225,0.894287,-0.549460,4.026859,0.868445,-0.108354,3.997806,0.566283,0.014336,3.982648,0.555792,-0.122375,3.892064,0.802744,0.007180,3.955897,0.610231,0.198529,3.920220,0.355374,-0.020892,3.879608,0.555318,0.258355,3.847640,0.343469,0.103715,3.844789
1640,0.309837,-0.145380,3.922241,0.318818,-0.416523,3.838345,0.413288,-0.711523,3.737831,0.905197,-0.631599,4.029024,0.896015,-0.160809,4.007699,0.614118,-0.013875,3.986653,0.521665,-0.135895,3.885273,0.788617,-0.026151,3.959980,0.646030,0.249384,3.905331,0.317213,-0.034553,3.865425,0.555267,0.258777,3.858408,0.290502,0.064354,3.889559
1641,0.308011,-0.181722,3.928959,0.280392,-0.414048,3.841442,0.343415,-0.731058,3.725240,0.867566,-0.660331,4.031137,0.922444,-0.234076,4.018818,0.770624,-0.144809,4.017898,0.475799,-0.163492,3.870653,0.763418,-0.065373,3.964275,0.728168,0.168763,3.927393,0.337555,0.047595,3.801577,0.583543,0.202836,3.885623,0.250323,0.066779,3.844718
1642,0.311773,-0.109321,3.902649,0.330426,-0.406922,3.850554,0.427257,-0.715676,3.733044,0.867782,-0.653862,4.031024,0.920404,-0.203205,4.011288,0.823457,0.050242,3.931056,0.490890,-0.147086,3.878852,0.736365,-0.032342,3.962320,0.599169,0.136272,3.952863,0.354901,-0.048411,3.865232,0.536143,0.183779,3.896437,0.294913,0.029814,3.884198
1643,0.312512,-0.100188,3.896660,0.293432,-0.395875,3.842217,0.378966,-0.648961,3.745211,0.936298,-0.411706,4.001737,0.988736,-0.121135,3.976426,0.806848,0.089757,3.917713,0.485210,-0.140465,3.875509,0.774305,-0.003695,3.945663,0.638335,0.171628,3.921580,0.355125,0.000023,3.841026,0.539369,0.182280,3.908519,0.291794,0.070967,3.862894
1644,0.304516,-0.049784,3.874071,0.412662,-0.321346,3.846125,0.498979,-0.641292,3.748917,0.786154,-0.450105,4.024219,0.653827,-0.094586,4.024376,0.472553,0.054469,3.967237,0.542189,-0.099284,3.863010,0.689215,0.040397,3.940948,0.527817,0.277102,3.871284,0.386547,-0.001044,3.825285,0.495053,0.273443,3.839159,0.319960,0.084801,3.826771
1645,0.280318,-0.098634,3.904842,0.315487,-0.372995,3.836450,0.348779,-0.727475,3.712357,0.862023,-0.628412,4.037611,0.867702,-0.163639,4.010853,0.612553,0.027989,3.966232,0.459406,-0.137442,3.872830,0.714012,-0.029435,3.964693,0.622445,0.212547,3.907480,0.337947,0.026580,3.819578,0.579271,0.251437,3.828034,0.298722,0.088767,3.820927
1646,0.314905,-0.071223,3.897382,0.361000,-0.325258,3.838798,0.444232,-0.705397,3.724612,0.846879,-0.545044,4.029409,0.773090,-0.141869,4.020916,0.561223,0.061368,3.959480,0.490717,-0.133025,3.881407,0.706869,-0.018524,3.967692,0.614371,0.230227,3.897212,0.319770,0.012057,3.844452,0.534624,0.257796,3.834347,0.219079,0.095309,3.840372
1647,0.346429,-0.064039,3.892819,0.378750,-0.303869,3.833665,0.431692,-0.708498,3.726711,0.828952,-0.564936,4.035438,0.774162,-0.145663,4.020036,0.567345,0.090100,3.950018,0.485901,-0.123659,3.871333,0.695646,-0.015137,3.962319,0.525467,0.192264,3.920085,0.303407,0.022921,3.834820,0.475581,0.230394,3.853200,0.203256,0.088506,3.837624
1648,0.332886,-0.053676,3.881524,0.401854,-0.303010,3.835005,0.471703,-0.696197,3.730703,0.784768,-0.556705,4.042416,0.741462,-0.123021,4.022934,0.552903,0.109586,3.943427,0.520181,-0.120966,3.869521,0.680306,-0.019958,3.967566,0.514198,0.184581,3.927907,0.339632,-0.026376,3.859774,0.452776,0.231463,3.854343,0.262665,0.065477,3.860865
1649,0.340180,-0.063845,3.895313,0.358275,-0.331937,3.834271,0.426611,-0.705639,3.722265,0.863353,-0.565935,4.031607,0.850105,-0.120763,4.003666,0.639516,0.120207,3.930128,0.486207,-0.136775,3.873403,0.718578,-0.031100,3.966071,0.554492,0.205816,3.919618,0.294253,0.011718,3.831926,0.442951,0.266473,3.838075,0.211434,0.092239,3.820202
1650,0.310201,-0.072526,3.898297,0.303716,-0.369583,3.833168,0.341410,-0.730474,3.708982,0.905781,-0.531474,4.020015,0.919703,-0.107199,3.985841,0.689726,0.127688,3.915567,0.461453,-0.144566,3.878895,0.734046,-0.030379,3.965278,0.605989,0.222250,3.896894,0.284674,-0.002635,3.855426,0.531158,0.253390,3.825870,0.218535,0.064716,3.856978
1651,0.338548,-0.073715,3.893575,0.367739,-0.339906,3.838410,0.433977,-0.709877,3.722892,0.860046,-0.614290,4.035354,0.904823,-0.179739,4.005220,0.809279,0.150126,3.891354,0.501230,-0.147398,3.871536,0.712144,-0.050014,3.970711,0.582238,0.187657,3.934077,0.366703,-0.005522,3.799434,0.495980,0.249215,3.850107,0.275914,0.070280,3.811778
1652,0.301410,-0.021299,3.877008,0.338584,-0.320310,3.835584,0.338226,-0.700525,3.723776,0.909977,-0.444282,4.008408,0.974237,-0.060737,3.965817,0.784504,0.167009,3.889274,0.470880,-0.137566,3.881130,0.747016,0.004220,3.954382,0.582296,0.213950,3.904391,0.285280,-0.020524,3.864258,0.484272,0.233581,3.847833,0.219765,0.065689,3.861896
1653,0.309283,-0.069788,3.874995,0.324801,-0.339808,3.834569,0.380139,-0.601255,3.744746,0.907537,-0.362302,3.999265,1.015318,-0.018604,3.946604,0.945611,0.167447,3.861151,0.487301,-0.147934,3.873596,0.765156,-0.007442,3.951937,0.579786,0.191430,3.930938,0.334841,-0.051766,3.842648,0.436286,0.212423,3.889878,0.213801,0.035065,3.865747
1654,0.364298,-0.032009,3.877264,0.447358,-0.289094,3.841773,0.505143,-0.626287,3.749480,0.787861,-0.516282,4.032707,0.751098,-0.114210,4.018333,0.667729,0.115384,3.921632,0.535976,-0.111144,3.872375,0.690647,0.003443,3.963933,0.525983,0.164537,3.936886,0.336738,-0.020125,3.854474,0.442298,0.224918,3.862995,0.235166,0.075407,3.853896
1655,0.308185,-0.053300,3.877434,0.310311,-0.343055,3.834088,0.350798,-0.683640,3.728245,0.917492,-0.377124,4.003052,0.990311,-0.066991,3.963191,0.802139,0.128904,3.900689,0.466771,-0.095457,3.864672,0.763573,0.018834,3.945910,0.640581,0.209971,3.908934,0.317650,0.022905,3.813583,0.523720,0.236594,3.860206,0.244664,0.094649,3.818581
1656,nan,nan,nan,nan,nan,nan,nan,nan,nan,nan,nan,nan,nan,nan,nan,nan,nan,nan,nan,nan,nan,nan,nan,nan,nan,nan,nan,nan,nan,nan,nan,nan,nan,nan,nan,nan
1657,0.339976,-0.326160,4.004964,0.297073,-0.425170,3.876945,0.370494,-0.714938,3.793603,0.754002,-0.676720,4.090132,0.782455,-0.263506,4.085191,0.709552,-0.093644,4.032317,0.421050,-0.219138,3.934067,0.610193,-0.155367,4.046626,0.579679,0.035596,4.027758,0.339279,-0.064526,3.951010,0.397660,0.051390,4.033647,0.273962,0.016697,3.963227
1658,0.274329,-0.194599,3.958018,0.348157,-0.402518,3.865574,0.418150,-0.696115,3.763713,0.850326,-0.528129,4.055812,0.848074,-0.172421,4.028785,0.607028,-0.103975,4.035958,0.493332,-0.173644,3.900365,0.721261,-0.046703,3.987426,0.555874,0.191161,3.950755,0.312605,-0.026496,3.844270,0.482814,0.197698,3.916486,0.336270,0.117191,3.873232
1659,0.324947,-0.140500,3.923785,0.315370,-0.421034,3.860908,0.399191,-0.731417,3.741524,0.922499,-0.600573,4.037789,0.930221,-0.173194,4.007288,0.709640,-0.151181,4.031014,0.509330,-0.230693,3.914044,0.793087,-0.057700,3.983024,0.691224,0.205811,3.911540,0.261162,-0.136035,3.934815,0.453512,0.064692,4.010182,0.304186,-0.063951,3.975646
1660,nan,nan,nan,nan,nan,nan,nan,nan,nan,nan,nan,nan,nan,nan,nan,nan,nan,nan,nan,nan,nan,nan,nan,nan,nan,nan,nan,nan,nan,nan,nan,nan,nan,nan,nan,nan
1661,0.286018,-0.249070,3.971863,0.277605,-0.393632,3.881425,0.343876,-0.650905,3.806168,0.705605,-0.528404,4.097597,0.762789,-0.188251,4.071965,0.679932,0.007104,4.008873,0.403007,-0.173898,3.932358,0.565171,-0.080162,4.032001,0.486646,0.066548,4.016308,0.319330,-0.119701,3.921690,0.357616,0.004168,4.075950,0.288099,-0.052662,3.953261
1662,0.311935,-0.128066,3.933619,0.343518,-0.393624,3.873622,0.413025,-0.625639,3.779150,0.895067,-0.376914,4.032369,0.904830,-0.071989,3.994976,0.666557,0.009866,3.986663,0.501490,-0.153843,3.907284,0.744278,-0.008692,3.979911,0.529461,0.225018,3.911887,0.311917,-0.069480,3.877626,0.455696,0.082089,3.996111,0.264054,0.009563,3.918260
1663,0.330370,-0.083107,3.908021,0.354877,-0.341220,3.860896,0.435688,-0.638327,3.771205,0.941456,-0.445157,4.020758,0.928210,-0.032169,3.971886,0.610867,0.007129,3.986922,0.546099,-0.164729,3.927169,0.817955,-0.018707,3.975442,0.618429,0.256191,3.906461,0.320223,-0.028340,3.923405,0.462290,0.155737,3.934138,0.273667,-0.015119,3.948818
1664,nan,nan,nan,nan,nan,nan,nan,nan,nan,nan,nan,nan,nan,nan,nan,nan,nan,nan,nan,nan,nan,nan,nan,nan,nan,nan,nan,nan,nan,nan,nan,nan,nan,nan,nan,nan
1665,nan,nan,nan,nan,nan,nan,nan,nan,nan,nan,nan,nan,nan,nan,nan,nan,nan,nan,nan,nan,nan,nan,nan,nan,nan,nan,nan,nan,nan,nan,nan,nan,nan,nan,nan,nan
1666,0.368844,-0.020936,3.906301,0.306857,-0.318060,3.885253,0.352264,-0.705257,3.801691,0.775135,-0.752402,4.097809,0.855903,-0.332132,4.093382,0.973606,-0.065103,3.976240,0.410518,-0.242764,3.937827,0.629944,-0.246108,4.074884,0.765647,-0.053917,4.031300,0.413775,-0.027732,3.923625,0.458176,-0.092160,4.110153,0.377615,-0.132811,3.980253
1667,0.333725,-0.115827,3.920410,0.337594,-0.374770,3.863834,0.425528,-0.693469,3.783537,0.933354,-0.533010,4.051091,0.946176,-0.075286,3.984398,0.646809,0.003340,3.981391,0.510772,-0.224755,3.947161,0.793136,-0.103794,4.011938,0.695637,0.170037,3.940561,0.297951,-0.056336,3.889982,0.437745,-0.038225,4.072683,0.256609,-0.052181,3.977912
1668,0.407320,-0.027692,3.884342,0.420580,-0.358702,3.854826,0.481720,-0.689898,3.763268,1.003395,-0.499227,4.015911,1.090419,-0.088419,3.951374,1.039750,0.119171,3.873251,0.587604,-0.229262,3.957218,0.872189,-0.077981,3.998275,0.638092,0.256842,3.884033,0.323729,0.011287,3.870375,0.519059,0.130655,3.961856,0.416133,-0.014472,3.928400
1669,0.405706,-0.014431,3.884413,0.426073,-0.370828,3.855386,0.452584,-0.756106,3.746858,0.979114,-0.639161,4.023072,0.954294,-0.173438,4.001209,0.565285,-0.137537,4.035467,0.613772,-0.255388,3.957587,0.905862,-0.142919,4.004301,0.823390,0.208596,3.884405,0.325577,0.126301,3.813392,0.530357,0.099449,4.002947,0.444744,0.059813,3.925916
1670,0.409836,-0.025915,3.889194,0.449371,-0.353764,3.855776,0.472744,-0.764333,3.736728,0.977204,-0.702619,4.023358,1.010695,-0.221087,3.999216,0.698873,-0.178255,4.038118,0.646463,-0.252296,3.940074,0.914951,-0.160117,4.002438,0.769279,0.114768,3.957162,0.375648,0.016588,3.896836,0.570385,0.165974,3.949593,0.462194,0.121769,3.865827
1671,0.426991,-0.016948,3.879980,0.431867,-0.383265,3.851828,0.473990,-0.740650,3.735240,1.065293,-0.671975,3.995921,1.135966,-0.178632,3.955012,0.827920,0.012064,3.941442,0.661503,-0.278324,3.941217,0.991011,-0.154949,3.982595,0.879892,0.250049,3.849387,0.368955,0.007402,3.872417,0.594661,0.164944,3.947017,0.425749,0.059188,3.890956
1672,0.451951,-0.030666,3.879256,0.470654,-0.384584,3.839545,0.505557,-0.763982,3.728451,1.047497,-0.666340,3.999991,1.129556,-0.160485,3.951017,0.931483,0.106626,3.889187,0.668498,-0.244068,3.918364,0.987342,-0.097067,3.960851,0.708753,0.283021,3.839525,0.298728,-0.008933,3.897337,0.632804,0.359575,3.741137,0.474256,0.289477,3.665568
1673,0.409956,-0.012670,3.865438,0.416792,-0.414450,3.822453,0.470098,-0.776785,3.716225,1.075197,-0.658676,3.987624,1.203206,-0.117709,3.917717,0.993667,0.128853,3.870228,0.591420,-0.313439,3.915133,0.950173,-0.165739,3.971726,0.765495,0.293506,3.812999,0.269183,0.199469,3.749532,0.612280,0.109482,3.952135,0.435575,0.067333,3.839145
1674,0.383738,-0.039320,3.877484,0.378982,-0.452096,3.842688,0.480081,-0.790316,3.717102,1.065195,-0.561853,3.991626,1.139664,-0.000098,3.909904,0.941446,0.197324,3.845052,0.517454,-0.280212,3.908541,0.875807,-0.073505,3.951847,0.531736,0.235077,3.898252,0.266045,0.015232,3.855372,0.568766,0.154557,3.927067,0.270452,0.129436,3.785638
1675,0.375327,-0.051235,3.892431,0.392630,-0.446571,3.828909,0.482005,-0.768748,3.735005,1.009877,-0.580132,4.000062,0.857295,-0.068488,3.986625,0.548183,0.063618,3.962725,0.468161,-0.157566,3.874201,0.768591,-0.052922,3.957200,0.559265,0.246205,3.873954,0.218287,0.030571,3.838532,0.472145,0.203327,3.859830,0.024506,0.060366,3.830064
1676,0.372154,-0.061097,3.883658,0.388238,-0.467652,3.846487,0.471476,-0.755022,3.730416,1.029981,-0.403064,3.986885,0.967646,0.034196,3.940022,0.649403,0.081344,3.942524,0.417486,-0.119251,3.864884,0.761824,-0.019084,3.946980,0.522526,0.324743,3.828225,0.249294,0.086843,3.819749,0.445199,0.260188,3.799832,0.066382,0.131271,3.793531
1677,0.390547,-0.071278,3.890468,0.422982,-0.429236,3.839611,0.468219,-0.754653,3.722292,0.871037,-0.676523,4.038149,0.812259,-0.219897,4.037047,0.622028,0.021698,3.966947,0.376953,-0.159422,3.863455,0.632532,-0.049981,3.964547,0.531844,0.349694,3.810855,0.192776,0.174740,3.777549,0.506960,0.505825,3.493598,0.295577,0.347080,3.530616
1678,0.371329,-0.051809,3.887427,0.396331,-0.382246,3.832918,0.449568,-0.729997,3.731572,0.873968,-0.681562,4.041798,0.787088,-0.213768,4.041949,0.588088,0.054030,3.958876,0.354913,-0.134466,3.863543,0.628991,-0.005910,3.956980,0.520551,0.346605,3.814612,0.184454,0.183482,3.766930,0.412208,0.484808,3.525963,0.256885,0.505826,3.268113
1679,0.362485,-0.074585,3.886635,0.379913,-0.414222,3.842805,0.448207,-0.746318,3.726742,0.922130,-0.700422,4.032201,0.869930,-0.208531,4.021784,0.601578,0.052713,3.953738,0.364821,-0.125798,3.868388,0.664208,0.012782,3.953529,0.509045,0.346524,3.817222,0.240178,0.220396,3.751969,0.423301,0.560877,3.445505,0.237292,0.463856,3.405165
1680,0.358749,-0.044174,3.875501,0.383298,-0.394369,3.840502,0.448160,-0.765656,3.725525,0.864158,-0.710103,4.041792,0.784940,-0.249185,4.050566,0.577998,0.059260,3.959350,0.401988,-0.165416,3.880273,0.680087,-0.030205,3.966129,0.483263,0.357900,3.803396,0.156013,0.198366,3.755573,0.442564,0.509247,3.539771,0.257292,0.340223,3.563947
1681,0.316959,-0.055716,3.891375,0.354215,-0.379748,3.824134,0.431512,-0.760975,3.723369,0.835159,-0.688938,4.043897,0.786358,-0.241344,4.041259,0.622015,0.077640,3.950046,0.455539,-0.130424,3.884224,0.745979,-0.037060,3.969540,0.488072,0.375047,3.795038,0.199615,0.178949,3.742272,0.525070,0.430133,3.648230,0.357244,0.244169,3.666627
1682,0.329256,-0.056533,3.886129,0.358318,-0.395509,3.823380,0.428410,-0.773899,3.724277,0.826088,-0.674359,4.042870,0.773884,-0.245849,4.047077,0.597835,0.076439,3.947941,0.464049,-0.165479,3.889861,0.732722,-0.053783,3.978247,0.507835,0.352977,3.811571,0.199635,0.187474,3.753274,0.481042,0.495579,3.524079,0.310236,0.307042,3.589616
1683,0.338820,-0.050035,3.884100,0.362147,-0.388671,3.827616,0.428550,-0.771828,3.727547,0.840946,-0.669684,4.046291,0.788118,-0.242318,4.048267,0.609195,0.087607,3.948611,0.462888,-0.175896,3.904168,0.743579,-0.067868,3.985629,0.533416,0.354821,3.812293,0.214526,0.181529,3.753088,0.476935,0.523353,3.511610,0.334846,0.308588,3.612092
1684,0.336526,-0.066854,3.880110,0.373820,-0.385328,3.832142,0.434024,-0.753600,3.717070,0.847611,-0.665978,4.040695,0.801226,-0.237389,4.046004,0.614530,0.084788,3.940364,0.491336,-0.124408,3.880780,0.755929,-0.036741,3.973121,0.520260,0.372898,3.799080,0.211455,0.189146,3.757673,0.494651,0.565250,3.484112,0.325918,0.384916,3.539762
1685,0.342946,-0.055962,3.880624,0.372498,-0.396362,3.838590,0.433250,-0.753260,3.726886,0.867612,-0.668982,4.040199,0.812485,-0.232388,4.043701,0.615373,0.081634,3.937636,0.512870,-0.134858,3.877901,0.783506,-0.031623,3.963336,0.524282,0.370260,3.804563,0.222549,0.165558,3.769716,0.509371,0.539601,3.519947,0.343411,0.333165,3.620268
1686,0.354734,-0.055115,3.888389,0.374065,-0.396947,3.842515,0.442705,-0.746757,3.725563,0.882186,-0.669493,4.029370,0.814350,-0.228258,4.039860,0.609393,0.093088,3.937305,0.519077,-0.125458,3.878931,0.799421,-0.024822,3.958042,0.555621,0.367056,3.806459,0.209810,0.149023,3.772550,0.579971,0.524148,3.545255,0.422059,0.235746,3.689462
1687,0.347782,-0.058924,3.872229,0.367091,-0.401674,3.836728,0.439345,-0.748482,3.724241,0.887516,-0.678663,4.025258,0.807926,-0.230166,4.041184,0.619294,0.092813,3.941040,0.495274,-0.146792,3.882790,0.765505,-0.039312,3.967626,0.548377,0.364442,3.816846,0.210334,0.150045,3.746370,0.570848,0.557862,3.529922,0.407224,0.252049,3.676020
1688,0.347270,-0.046590,3.874874,0.371500,-0.394388,3.841317,0.438930,-0.755879,3.721297,0.886633,-0.681041,4.026013,0.794021,-0.240493,4.046624,0.610883,0.086577,3.943251,0.475147,-0.157061,3.878074,0.743228,-0.047152,3.965483,0.550935,0.342623,3.826165,0.200440,0.137587,3.749059,0.529427,0.534829,3.534947,0.310856,0.301669,3.628725
1689,0.339095,-0.040006,3.873422,0.369732,-0.392711,3.841940,0.436790,-0.759391,3.722214,0.895729,-0.681983,4.024455,0.795038,-0.240663,4.042718,0.623792,0.088979,3.943065,0.479393,-0.160516,3.872463,0.744702,-0.051568,3.962834,0.543400,0.329552,3.834574,0.203842,0.130457,3.747577,0.496672,0.489908,3.603363,0.289012,0.280677,3.645643
1690,0.340564,-0.044795,3.875554,0.368846,-0.400222,3.838659,0.434926,-0.764346,3.719753,0.889718,-0.685578,4.022216,0.791066,-0.250660,4.048359,0.626751,0.087775,3.945546,0.481421,-0.176272,3.878634,0.744240,-0.076600,3.973237,0.551738,0.313397,3.846039,0.246662,0.133874,3.779472,0.469120,0.385656,3.713793,0.379244,0.219735,3.727731
1691,0.346098,-0.042835,3.879501,0.365950,-0.403165,3.847948,0.437644,-0.752605,3.728763,0.891393,-0.683573,4.026565,0.794193,-0.249331,4.049565,0.607397,0.084009,3.947193,0.471307,-0.200722,3.888686,0.731726,-0.083100,3.978387,0.540967,0.309976,3.845087,0.250251,0.159318,3.784407,0.436310,0.382290,3.715070,0.257900,0.231059,3.720455
1692,0.351423,-0.037108,3.877184,0.372558,-0.399686,3.841926,0.446796,-0.754784,3.735751,0.893362,-0.681301,4.030059,0.781595,-0.249649,4.053726,0.614324,0.085790,3.948821,0.487922,-0.211974,3.889541,0.745602,-0.094738,3.977311,0.540204,0.314980,3.851965,0.229642,0.119932,3.798143,0.446194,0.386002,3.719692,0.307507,0.212540,3.729193
1693,0.352497,-0.049225,3.882274,0.371058,-0.395636,3.845280,0.439463,-0.756966,3.733991,0.888480,-0.685254,4.029045,0.796287,-0.249490,4.050442,0.622232,0.084832,3.948450,0.470728,-0.211563,3.896528,0.745798,-0.092807,3.982091,0.595101,0.319292,3.844712,0.223066,0.144729,3.776983,0.454615,0.360481,3.750237,0.300292,0.225656,3.742044
1694,0.357499,-0.038777,3.879110,0.372799,-0.396064,3.837788,0.441524,-0.751073,3.727670,0.887320,-0.685075,4.026946,0.798145,-0.249902,4.047862,0.619497,0.083449,3.949842,0.490660,-0.182034,3.880538,0.762481,-0.092355,3.973280,0.581899,0.323238,3.849838,0.277102,0.201038,3.759549,0.485948,0.387644,3.734447,0.360537,0.275781,3.705683
1695,0.352087,-0.040788,3.873493,0.372050,-0.397237,3.837682,0.441704,-0.757914,3.723523,0.881377,-0.684388,4.024487,0.801892,-0.249488,4.046142,0.618646,0.081798,3.947989,0.487242,-0.195752,3.886772,0.745305,-0.096896,3.978544,0.563059,0.313952,3.843690,0.243271,0.154398,3.776406,0.428271,0.335632,3.778744,0.342179,0.267531,3.716784
1696,0.346002,-0.030636,3.879721,0.366670,-0.399580,3.839296,0.443646,-0.758094,3.725614,0.878162,-0.688616,4.027148,0.798084,-0.252280,4.047312,0.619151,0.079114,3.948977,0.491840,-0.184793,3.886136,0.747381,-0.097042,3.978171,0.521075,0.328038,3.839193,0.229427,0.178796,3.748641,0.458696,0.329469,3.807317,0.377494,0.199560,3.764287
1697,0.349362,-0.025805,3.876342,0.369697,-0.378844,3.829097,0.445110,-0.750775,3.728121,0.875815,-0.687595,4.027155,0.795282,-0.252773,4.045378,0.617619,0.078918,3.948977,0.488803,-0.181993,3.877930,0.747261,-0.096771,3.974170,0.526047,0.333522,3.837026,0.240677,0.192097,3.739577,0.501880,0.376130,3.744527,0.342479,0.233605,3.722058
1698,0.356767,-0.022046,3.868209,0.366006,-0.385863,3.832828,0.441042,-0.749829,3.725165,0.874296,-0.685187,4.026509,0.783866,-0.254498,4.048329,0.616565,0.079695,3.946853,0.485253,-0.186388,3.875150,0.737153,-0.092763,3.973076,0.529127,0.327746,3.840778,0.230558,0.182289,3.765926,0.524960,0.475579,3.630968,0.299402,0.319624,3.640956
1699,0.347147,-0.041034,3.874871,0.367524,-0.407165,3.849951,0.437840,-0.761270,3.730580,0.883368,-0.681597,4.026502,0.811036,-0.246647,4.043712,0.628342,0.082824,3.948897,0.474874,-0.219303,3.892684,0.728742,-0.095782,3.977505,0.542644,0.290952,3.872135,0.215309,0.100980,3.803267,0.427299,0.344320,3.792939,0.239264,0.220526,3.736737
1700,0.343007,-0.042717,3.874711,0.375294,-0.390907,3.831831,0.439270,-0.755620,3.724378,0.875268,-0.682932,4.026703,0.793276,-0.251515,4.045859,0.620331,0.079673,3.949870,0.495535,-0.189731,3.877922,0.747241,-0.092574,3.974347,0.537472,0.299307,3.856373,0.245871,0.165577,3.784304,0.491819,0.390823,3.722088,0.295421,0.246135,3.716200
1701,0.343982,-0.037789,3.875636,0.370956,-0.392351,3.840989,0.437608,-0.761355,3.724228,0.876508,-0.685219,4.026341,0.796895,-0.250669,4.044574,0.623549,0.079774,3.950137,0.485443,-0.207771,3.878667,0.743750,-0.098016,3.972955,0.544417,0.309932,3.860696,0.239815,0.111653,3.782665,0.503190,0.436538,3.694345,0.299129,0.260590,3.692156
1702,0.350496,-0.040299,3.878473,0.366665,-0.398231,3.840671,0.434379,-0.759179,3.728312,0.878073,-0.682980,4.026464,0.818725,-0.244726,4.040024,0.627982,0.078152,3.947533,0.480325,-0.204383,3.888443,0.736541,-0.092219,3.973835,0.553810,0.315819,3.854835,0.228680,0.160521,3.779879,0.473089,0.404018,3.726697,0.229282,0.267471,3.696939
1703,0.344439,-0.039427,3.876394,0.371303,-0.385949,3.830551,0.439264,-0.749691,3.725545,0.871833,-0.681795,4.027587,0.793250,-0.250243,4.045307,0.620861,0.076434,3.949598,0.484441,-0.162878,3.873587,0.734883,-0.077923,3.969706,0.532668,0.337395,3.821117,0.206884,0.143757,3.772865,0.445213,0.299507,3.804720,0.259957,0.200334,3.761602
1704,0.349409,-0.039296,3.878712,0.368340,-0.396370,3.837392,0.437733,-0.754317,3.728429,0.880225,-0.676845,4.026531,0.817157,-0.242922,4.040267,0.625906,0.078704,3.947326,0.480983,-0.199071,3.881426,0.731098,-0.080073,3.970096,0.548949,0.317618,3.845375,0.199943,0.110356,3.793527,0.409741,0.288031,3.822765,0.226243,0.172309,3.765308
1705,0.348736,-0.048857,3.879976,0.367379,-0.394955,3.844809,0.442079,-0.745359,3.731905,0.875956,-0.677301,4.028184,0.808527,-0.245341,4.043816,0.626603,0.078400,3.948297,0.477414,-0.196764,3.881228,0.728306,-0.081185,3.969672,0.543352,0.312913,3.843991,0.200619,0.119720,3.785591,0.407882,0.290979,3.826683,0.235424,0.189945,3.756557
1706,0.352511,-0.043659,3.879580,0.370362,-0.400418,3.838816,0.438928,-0.757709,3.727470,0.875518,-0.679454,4.028203,0.820286,-0.244306,4.040632,0.633756,0.080644,3.945725,0.477758,-0.191483,3.881246,0.728635,-0.079572,3.970170,0.530714,0.321661,3.836996,0.199471,0.136110,3.783626,0.406356,0.251538,3.855129,0.216568,0.147568,3.793725
1707,0.350185,-0.040591,3.879812,0.371013,-0.383595,3.851682,0.440653,-0.747360,3.732763,0.876916,-0.678773,4.029838,0.812411,-0.243992,4.043374,0.631306,0.081626,3.947445,0.458511,-0.184780,3.889046,0.727108,-0.074187,3.974462,0.564587,0.330874,3.836097,0.227357,0.180334,3.772845,0.401830,0.319963,3.815462,0.233581,0.250403,3.749498
1708,0.352446,-0.034072,3.875070,0.376886,-0.383186,3.836637,0.441581,-0.750605,3.729440,0.879157,-0.678832,4.031261,0.807839,-0.245562,4.041858,0.623032,0.079813,3.947323,0.469190,-0.176112,3.884473,0.731074,-0.075361,3.972055,0.577259,0.341864,3.833788,0.245359,0.210000,3.741347,0.409277,0.294609,3.832296,0.244253,0.230342,3.741393
1709,0.355151,-0.030302,3.871632,0.374108,-0.382394,3.839278,0.438845,-0.752945,3.726705,0.877967,-0.675376,4.029245,0.801561,-0.243383,4.042723,0.617191,0.081278,3.949355,0.471002,-0.192517,3.882732,0.731422,-0.075504,3.970334,0.573361,0.320856,3.847513,0.222935,0.153883,3.767282,0.384207,0.267494,3.857515,0.217918,0.189215,3.758055
1710,0.347930,-0.036334,3.871203,0.368939,-0.380295,3.845356,0.440334,-0.749685,3.729903,0.875924,-0.673376,4.029068,0.802976,-0.239867,4.043523,0.619877,0.079762,3.948589,0.462120,-0.188816,3.881314,0.725688,-0.078224,3.967913,0.561711,0.314643,3.851867,0.217004,0.178257,3.764090,0.423289,0.308337,3.817812,0.249603,0.207590,3.764350
1711,0.355522,-0.022718,3.868607,0.375856,-0.385638,3.844254,0.438673,-0.751095,3.730443,0.877348,-0.676591,4.029031,0.826928,-0.237857,4.038022,0.638302,0.081396,3.942144,0.455488,-0.187763,3.879708,0.731234,-0.082982,3.965644,0.608387,0.307488,3.855339,0.242540,0.186279,3.760011,0.412927,0.282117,3.832949,0.225903,0.201921,3.772915
1712,0.345620,-0.037231,3.881511,0.370274,-0.387663,3.837594,0.437628,-0.749636,3.724628,0.875585,-0.682172,4.031344,0.824717,-0.242226,4.036396,0.635198,0.080962,3.946120,0.479192,-0.189796,3.881085,0.737146,-0.089229,3.972910,0.593844,0.304334,3.853343,0.210503,0.143520,3.772943,0.394568,0.205735,3.907791,0.244038,0.144098,3.798300
1713,0.352214,-0.031085,3.877729,0.372294,-0.387470,3.838250,0.439952,-0.753412,3.729054,0.878091,-0.677565,4.030935,0.807675,-0.242716,4.040402,0.620467,0.078493,3.946531,0.470350,-0.199134,3.882432,0.733972,-0.089462,3.973696,0.554056,0.301055,3.855225,0.231165,0.173770,3.771832,0.398893,0.299081,3.799101,0.230782,0.208448,3.742380
1714,0.351070,-0.031950,3.877043,0.370419,-0.381115,3.839752,0.438585,-0.753505,3.728729,0.879416,-0.675524,4.030304,0.818343,-0.238451,4.038540,0.623762,0.081226,3.948851,0.469285,-0.187805,3.885303,0.734638,-0.087126,3.975031,0.533559,0.321598,3.844567,0.229990,0.161040,3.766144,0.421836,0.334108,3.775182,0.243988,0.232710,3.723563
1715,0.358945,-0.034655,3.878825,0.375306,-0.381846,3.832239,0.438269,-0.753010,3.723883,0.877578,-0.675755,4.027948,0.805607,-0.240691,4.040318,0.623568,0.080626,3.945308,0.470962,-0.187376,3.880656,0.733168,-0.085909,3.973125,0.523370,0.308378,3.852984,0.227093,0.149640,3.767796,0.437311,0.300688,3.811208,0.239520,0.181139,3.754865
1716,0.346816,-0.033906,3.872981,0.367376,-0.386914,3.843104,0.436413,-0.751727,3.723898,0.875751,-0.679977,4.029733,0.807048,-0.241406,4.041235,0.622604,0.080094,3.945404,0.468491,-0.182615,3.879321,0.728897,-0.085674,3.971049,0.578513,0.314938,3.850509,0.208696,0.160321,3.751952,0.410557,0.231566,3.883668,0.252508,0.146711,3.780549
1717,0.354861,-0.028090,3.870937,0.377268,-0.381236,3.843568,0.437007,-0.753962,3.726602,0.871490,-0.682029,4.029200,0.824092,-0.239594,4.038122,0.629901,0.082037,3.944378,0.464270,-0.178751,3.883891,0.730393,-0.072493,3.969097,0.551692,0.340161,3.832461,0.208867,0.156480,3.770972,0.429151,0.323151,3.796752,0.233466,0.237506,3.731899
1718,0.347134,-0.027239,3.868438,0.373548,-0.383337,3.844037,0.437549,-0.754331,3.726170,0.872448,-0.681404,4.029261,0.820443,-0.240621,4.038007,0.626110,0.079712,3.945485,0.465005,-0.185823,3.883832,0.726907,-0.075615,3.970892,0.557015,0.325286,3.839331,0.211018,0.186172,3.746447,0.420875,0.275094,3.833999,0.259088,0.192387,3.765111
1719,0.353634,-0.028577,3.873902,0.372262,-0.392829,3.843048,0.435732,-0.756653,3.725166,0.875896,-0.679695,4.030076,0.827707,-0.239958,4.034899,0.628130,0.079946,3.948729,0.470216,-0.188675,3.881485,0.735603,-0.074433,3.968891,0.549740,0.318307,3.844512,0.219078,0.180005,3.755274,0.418111,0.303732,3.808109,0.242057,0.207844,3.743415
1720,0.349289,-0.027046,3.872860,0.370000,-0.378345,3.839408,0.435903,-0.749128,3.724521,0.873614,-0.675472,4.029354,0.820849,-0.240587,4.037795,0.626611,0.080512,3.947238,0.468264,-0.192069,3.881905,0.732760,-0.078094,3.969565,0.557873,0.323669,3.838622,0.219707,0.184693,3.749716,0.401261,0.305739,3.812805,0.230701,0.227852,3.716621
1721,0.352223,-0.029564,3.872974,0.374737,-0.379804,3.838806,0.436496,-0.751356,3.725160,0.874862,-0.674607,4.029594,0.823501,-0.239958,4.036528,0.626477,0.081746,3.947796,0.468890,-0.191123,3.881365,0.734132,-0.077363,3.969161,0.542446,0.327647,3.838363,0.217966,0.183174,3.752002,0.421563,0.320661,3.788860,0.233578,0.222344,3.727005
1722,0.352011,-0.037673,3.872829,0.374157,-0.386515,3.841402,0.437437,-0.750504,3.725162,0.874590,-0.672405,4.028812,0.826484,-0.237914,4.036351,0.628111,0.082026,3.944914,0.466381,-0.192550,3.879500,0.731456,-0.080104,3.969061,0.554976,0.318606,3.847687,0.224445,0.150470,3.756861,0.416022,0.324475,3.791453,0.232449,0.212247,3.723298
1723,0.360127,-0.038774,3.879066,0.374658,-0.394658,3.840340,0.440949,-0.757886,3.727765,0.876714,-0.673929,4.030115,0.818518,-0.240346,4.037151,0.631980,0.084620,3.944830,0.478575,-0.213447,3.891006,0.739484,-0.084205,3.973378,0.578639,0.290692,3.862510,0.215438,0.111045,3.804503,0.393744,0.233012,3.883600,0.222892,0.142724,3.812910
1724,0.361810,-0.026832,3.874624,0.371005,-0.386638,3.843748,0.440653,-0.754155,3.728701,0.875464,-0.674768,4.027483,0.793586,-0.245036,4.041720,0.627094,0.081607,3.945296,0.463731,-0.193773,3.885672,0.730505,-0.085721,3.971822,0.538283,0.288068,3.858694,0.232436,0.173628,3.762120,0.423267,0.344553,3.757961,0.219327,0.253703,3.698679
1725,0.349472,-0.030817,3.870822,0.376312,-0.383759,3.840651,0.437095,-0.754889,3.728040,0.876195,-0.675096,4.027960,0.813776,-0.240063,4.041081,0.623817,0.082055,3.945854,0.468059,-0.184566,3.881776,0.725647,-0.077901,3.968656,0.527628,0.342479,3.829729,0.231228,0.199019,3.741179,0.428829,0.345827,3.761144,0.225022,0.232796,3.714196
1726,0.355753,-0.035354,3.874492,0.374733,-0.388051,3.838002,0.437578,-0.749427,3.726203,0.872625,-0.678308,4.028012,0.821562,-0.240977,4.036655,0.636237,0.082744,3.943997,0.469025,-0.191625,3.885007,0.732732,-0.086468,3.972991,0.588144,0.307659,3.850039,0.232312,0.149719,3.771864,0.399116,0.248872,3.862619,0.234511,0.163777,3.778269
1727,0.345122,-0.044341,3.875602,0.370045,-0.389326,3.838577,0.436191,-0.752869,3.725991,0.874888,-0.676695,4.028924,0.808117,-0.242113,4.041096,0.621810,0.080024,3.945729,0.465466,-0.179431,3.883938,0.724530,-0.079578,3.971804,0.545207,0.336116,3.837677,0.212929,0.174724,3.756493,0.426598,0.294418,3.822007,0.240492,0.186480,3.767363
1728,0.350305,-0.029018,3.870020,0.373094,-0.389519,3.845270,0.435644,-0.760322,3.725446,0.872232,-0.676355,4.028660,0.816079,-0.240895,4.040468,0.624032,0.080554,3.947891,0.463640,-0.189126,3.882596,0.724238,-0.079813,3.968617,0.553881,0.322108,3.841971,0.234480,0.199324,3.759042,0.410986,0.288922,3.821722,0.220972,0.193444,3.754126
1729,0.352363,-0.032493,3.872908,0.377792,-0.384639,3.840163,0.436717,-0.752074,3.728313,0.876559,-0.675796,4.027845,0.821036,-0.240164,4.038558,0.636338,0.081361,3.945300,0.464125,-0.197382,3.885964,0.734097,-0.085672,3.970690,0.558682,0.316142,3.846543,0.223032,0.152395,3.774698,0.407960,0.278578,3.835064,0.235541,0.199432,3.758960
1730,0.349237,-0.032120,3.869380,0.374354,-0.385791,3.842393,0.433911,-0.755761,3.726425,0.874491,-0.676409,4.028329,0.819283,-0.240438,4.039009,0.629370,0.081962,3.947887,0.461166,-0.181508,3.879546,0.725468,-0.076642,3.967538,0.552395,0.315857,3.840366,0.242397,0.216579,3.748547,0.433165,0.315232,3.794712,0.246024,0.222075,3.742313
1731,0.346451,-0.028657,3.869115,0.368118,-0.383564,3.837546,0.434926,-0.755239,3.727798,0.873596,-0.679730,4.028224,0.819403,-0.240365,4.038742,0.625180,0.080766,3.945965,0.474021,-0.206104,3.884301,0.727442,-0.089175,3.970713,0.528023,0.301211,3.856085,0.192271,0.101935,3.797606,0.360946,0.244472,3.870432,0.198042,0.155188,3.787019
1732,0.349163,-0.033910,3.877059,0.369177,-0.395215,3.838245,0.438856,-0.757774,3.727436,0.879238,-0.676549,4.026822,0.813892,-0.239183,4.036999,0.623835,0.081243,3.946705,0.477456,-0.206252,3.886517,0.739236,-0.087192,3.971887,0.561590,0.288856,3.871959,0.203164,0.110081,3.803014,0.399476,0.273294,3.854823,0.238048,0.181317,3.780272
1733,0.342192,-0.038267,3.877200,0.374778,-0.388519,3.834747,0.439623,-0.755372,3.721150,0.870231,-0.681116,4.030230,0.799434,-0.244534,4.040178,0.619662,0.078923,3.947776,0.481875,-0.185791,3.873927,0.730697,-0.084924,3.971315,0.534576,0.318881,3.834418,0.217651,0.165323,3.747878,0.461319,0.323782,3.779260,0.285242,0.200856,3.737819
1734,0.350709,-0.033276,3.878765,0.364466,-0.392440,3.840995,0.432589,-0.757316,3.724650,0.873448,-0.678373,4.030498,0.813816,-0.241025,4.039793,0.629348,0.080630,3.946423,0.474682,-0.206869,3.881599,0.735614,-0.084828,3.970637,0.564991,0.288137,3.856504,0.218046,0.143949,3.787244,0.370164,0.274962,3.809781,0.206577,0.206172,3.741854
1735,0.344378,-0.033132,3.877483,0.377048,-0.383016,3.838822,0.438289,-0.750618,3.729891,0.877199,-0.675851,4.029122,0.806955,-0.242839,4.039182,0.626618,0.079141,3.946346,0.473485,-0.190390,3.884112,0.730722,-0.081294,3.973923,0.553576,0.311949,3.837862,0.228710,0.163259,3.776920,0.388202,0.309447,3.795552,0.228259,0.227390,3.732710
1736,0.360803,-0.040574,3.873772,0.373033,-0.393054,3.841649,0.438931,-0.756454,3.725706,0.876182,-0.677411,4.029382,0.798747,-0.244836,4.042221,0.631147,0.080591,3.946278,0.471175,-0.195462,3.885646,0.734156,-0.083679,3.974387,0.550201,0.320199,3.833544,0.224717,0.134429,3.789339,0.435696,0.342616,3.762062,0.254238,0.219176,3.743459
1737,0.361628,-0.033388,3.876636,0.376525,-0.390198,3.841275,0.440646,-0.754851,3.728703,0.874262,-0.679034,4.029809,0.792889,-0.246378,4.044267,0.634010,0.081238,3.945620,0.474370,-0.190298,3.884703,0.734953,-0.083535,3.973272,0.526069,0.320307,3.848653,0.227765,0.167840,3.769377,0.459028,0.362449,3.759547,0.271093,0.234283,3.733566
1738,0.361140,-0.039139,3.879029,0.374396,-0.394594,3.840502,0.439929,-0.758536,3.725802,0.872968,-0.678509,4.028329,0.789387,-0.247241,4.043643,0.631240,0.080190,3.945917,0.471401,-0.187306,3.877552,0.730169,-0.083053,3.968593,0.522708,0.310798,3.845309,0.232270,0.188986,3.759759,0.490479,0.371648,3.733247,0.290218,0.233508,3.714049
1739,0.345946,-0.041168,3.870090,0.368983,-0.394370,3.832894,0.437493,-0.752361,3.725838,0.876278,-0.676969,4.026481,0.810520,-0.243048,4.040501,0.623059,0.078734,3.944283,0.471453,-0.189382,3.875262,0.727358,-0.082080,3.965639,0.522981,0.314986,3.846445,0.207833,0.142898,3.775199,0.387215,0.260894,3.837765,0.224391,0.186799,3.754626
1740,0.340192,-0.045813,3.874679,0.371809,-0.404964,3.841929,0.435053,-0.762757,3.723564,0.870835,-0.684404,4.031138,0.821112,-0.242303,4.038796,0.633186,0.083181,3.944549,0.470190,-0.203947,3.878946,0.728832,-0.085074,3.964567,0.598567,0.328219,3.847011,0.218802,0.143123,3.783156,0.412990,0.232484,3.883273,0.301108,0.150489,3.800220
1741,0.334896,-0.035156,3.871594,0.369170,-0.389312,3.836212,0.432709,-0.757856,3.725161,0.869596,-0.687458,4.031098,0.828005,-0.244671,4.034771,0.629688,0.080891,3.946230,0.461930,-0.176358,3.873644,0.725017,-0.076757,3.964524,0.570827,0.332969,3.829375,0.233120,0.175531,3.767019,0.436048,0.278538,3.836860,0.270359,0.202440,3.758959
1742,0.342847,-0.026641,3.870166,0.372933,-0.369904,3.837326,0.429150,-0.748654,3.724761,0.872445,-0.681829,4.029397,0.848886,-0.246487,4.032927,0.629971,0.081288,3.947202,0.470880,-0.161607,3.874342,0.730753,-0.065902,3.963052,0.546002,0.332835,3.833372,0.236612,0.153155,3.772219,0.390588,0.235033,3.876048,0.220537,0.154010,3.788194
1743,0.340755,-0.044395,3.873536,0.367733,-0.391690,3.831356,0.431793,-0.753599,3.721272,0.869558,-0.681971,4.029631,0.827358,-0.249677,4.037763,0.627936,0.078065,3.948155,0.469335,-0.188548,3.874538,0.733710,-0.076136,3.966780,0.577840,0.310079,3.849474,0.217401,0.139308,3.762322,0.397274,0.253741,3.856328,0.216696,0.160275,3.763436
1744,0.340212,-0.031276,3.870686,0.366025,-0.394235,3.835032,0.432111,-0.759533,3.723631,0.869498,-0.681912,4.029951,0.811781,-0.249432,4.040555,0.621896,0.078872,3.946200,0.463178,-0.204461,3.881461,0.732785,-0.087710,3.970546,0.562358,0.306399,3.852459,0.218491,0.170898,3.752421,0.438115,0.332367,3.784960,0.247706,0.201698,3.735305
1745,0.346021,-0.031677,3.877837,0.364022,-0.391962,3.836893,0.431334,-0.757485,3.722777,0.872623,-0.679142,4.028088,0.818064,-0.245287,4.038720,0.621979,0.079886,3.946373,0.470824,-0.195528,3.881746,0.728563,-0.085138,3.970995,0.547749,0.304695,3.852003,0.194125,0.130661,3.775759,0.402755,0.263838,3.840040,0.226252,0.158446,3.770623
1746,0.352869,-0.035266,3.872900,0.367719,-0.403486,3.836228,0.432260,-0.760032,3.724281,0.872128,-0.676697,4.027171,0.811502,-0.245530,4.040809,0.628350,0.082274,3.945310,0.459048,-0.197094,3.883939,0.728659,-0.084258,3.969877,0.569668,0.310538,3.847846,0.209983,0.161099,3.774882,0.394265,0.308129,3.811542,0.219977,0.231127,3.742025
1747,0.351711,-0.031200,3.878158,0.368043,-0.396534,3.834544,0.433864,-0.759620,3.726379,0.874650,-0.676250,4.029349,0.815672,-0.243125,4.038296,0.621778,0.080090,3.946222,0.472552,-0.193976,3.884584,0.733646,-0.086287,3.974252,0.543484,0.307445,3.850231,0.205150,0.148448,3.776567,0.385972,0.230680,3.873832,0.223463,0.152729,3.796299
1748,0.359487,-0.034101,3.880315,0.375628,-0.401212,3.837579,0.440591,-0.760169,3.729506,0.870762,-0.677709,4.032072,0.797189,-0.245442,4.042990,0.626708,0.081879,3.947655,0.467793,-0.185236,3.884513,0.738221,-0.083640,3.975775,0.561022,0.319207,3.845690,0.229736,0.153153,3.775792,0.429184,0.374013,3.745913,0.229138,0.255876,3.703373
1749,0.350694,-0.042605,3.879417,0.370303,-0.401243,3.840852,0.439929,-0.762947,3.724608,0.875149,-0.677396,4.030588,0.795086,-0.245925,4.041473,0.626264,0.080593,3.947032,0.480128,-0.197101,3.884001,0.742565,-0.092374,3.976545,0.579918,0.318252,3.833766,0.257398,0.178632,3.783145,0.447881,0.255312,3.851363,0.281413,0.182088,3.784583
1750,0.359866,-0.040708,3.883595,0.368668,-0.400671,3.840367,0.442686,-0.755514,3.725072,0.874687,-0.682917,4.035884,0.800270,-0.249790,4.042994,0.628946,0.082827,3.948902,0.487484,-0.210222,3.882726,0.746444,-0.100320,3.974762,0.594088,0.334644,3.848179,0.231568,0.131838,3.779835,0.445528,0.307136,3.846575,0.267100,0.202435,3.765777
1751,0.351402,-0.032573,3.877556,0.371821,-0.387524,3.836337,0.442320,-0.748143,3.723080,0.873847,-0.684359,4.028440,0.787978,-0.252869,4.045096,0.624844,0.082858,3.952023,0.487811,-0.183832,3.877390,0.745379,-0.093567,3.973562,0.572492,0.299886,3.858489,0.211131,0.152479,3.754858,0.461906,0.245834,3.870735,0.302089,0.151191,3.797018
1752,0.343688,-0.037389,3.873483,0.376227,-0.386853,3.836302,0.435310,-0.758235,3.721337,0.876393,-0.684358,4.028784,0.800499,-0.249418,4.040146,0.631197,0.082385,3.947357,0.473933,-0.194066,3.873787,0.735500,-0.092803,3.970809,0.557965,0.326693,3.827610,0.225309,0.155976,3.763537,0.440743,0.302189,3.807843,0.242690,0.203265,3.741421
1753,0.346875,-0.036077,3.875532,0.369149,-0.379682,3.834351,0.436385,-0.751145,3.724671,0.871628,-0.683737,4.029520,0.819446,-0.244230,4.036912,0.625304,0.082390,3.949461,0.482803,-0.195195,3.881956,0.741342,-0.082200,3.971636,0.542265,0.317082,3.838003,0.195643,0.128472,3.790747,0.408432,0.277559,3.830468,0.215532,0.176087,3.786755
1754,0.344248,-0.040979,3.874735,0.371586,-0.388762,3.832692,0.438733,-0.749941,3.726287,0.871754,-0.678020,4.027094,0.801091,-0.241981,4.038527,0.621281,0.080903,3.948097,0.483211,-0.167498,3.879747,0.737979,-0.072711,3.972008,0.508897,0.342641,3.823255,0.229552,0.196002,3.768264,0.467611,0.374474,3.739733,0.307398,0.249811,3.728909
1755,0.356890,-0.031392,3.877878,0.370597,-0.403642,3.838735,0.439011,-0.755709,3.726374,0.865855,-0.679240,4.028240,0.784418,-0.246164,4.045084,0.624430,0.080888,3.945099,0.473043,-0.197236,3.878003,0.728069,-0.078154,3.967530,0.557113,0.333636,3.822800,0.234180,0.142021,3.778552,0.432310,0.327252,3.775158,0.225502,0.229016,3.720543
1756,0.345117,-0.040187,3.871141,0.367711,-0.397236,3.838104,0.435177,-0.756906,3.726861,0.872521,-0.682022,4.026942,0.814573,-0.242932,4.040812,0.626090,0.081103,3.945735,0.466376,-0.194421,3.880458,0.732290,-0.079052,3.968029,0.548760,0.342298,3.828021,0.228983,0.199714,3.745536,0.438026,0.347410,3.764590,0.238314,0.223350,3.729404
1757,0.341062,-0.036241,3.875851,0.366956,-0.404177,3.843236,0.436291,-0.756612,3.724142,0.874503,-0.678886,4.029192,0.808254,-0.242826,4.039504,0.623019,0.082111,3.947217,0.471898,-0.203359,3.878419,0.728610,-0.080921,3.967355,0.537521,0.312944,3.848617,0.214949,0.162276,3.779528,0.400010,0.245231,3.859610,0.219763,0.147388,3.790926
1758,0.337034,-0.039931,3.873056,0.363163,-0.393123,3.841918,0.428345,-0.757835,3.727314,0.869615,-0.686472,4.029201,0.813962,-0.244139,4.038925,0.627765,0.081458,3.948458,0.459473,-0.192309,3.878368,0.726293,-0.082497,3.967792,0.576658,0.307710,3.841708,0.234789,0.148913,3.783547,0.425724,0.278295,3.827574,0.260824,0.194155,3.760329
1759,0.346640,-0.035017,3.879195,0.367415,-0.388292,3.835281,0.429616,-0.754956,3.725297,0.875664,-0.684183,4.029889,0.818236,-0.243283,4.038880,0.635863,0.083485,3.943959,0.472943,-0.194650,3.882253,0.738788,-0.082819,3.970294,0.622147,0.306402,3.845723,0.217480,0.147004,3.780083,0.399195,0.201359,3.907711,0.265371,0.130199,3.815010
1760,0.355099,-0.036698,3.879619,0.372767,-0.400735,3.841472,0.439877,-0.755079,3.724855,0.872579,-0.682469,4.029530,0.798634,-0.246231,4.041370,0.622105,0.081123,3.947974,0.478243,-0.185978,3.882483,0.737071,-0.080253,3.971952,0.530404,0.306281,3.850713,0.234602,0.194236,3.770264,0.447001,0.348997,3.755702,0.249638,0.245774,3.730448
1761,0.349050,-0.038791,3.874797,0.372013,-0.399159,3.843387,0.438278,-0.762724,3.722269,0.871318,-0.687035,4.032764,0.795684,-0.251334,4.043156,0.622433,0.078841,3.948266,0.471777,-0.198132,3.887231,0.734370,-0.087670,3.976886,0.567845,0.313026,3.845669,0.223551,0.146073,3.780876,0.393151,0.276491,3.837863,0.228549,0.220013,3.739213
1762,0.343815,-0.040560,3.874559,0.372399,-0.395029,3.837441,0.438014,-0.761900,3.721274,0.868502,-0.683168,4.031245,0.788324,-0.251023,4.044661,0.615484,0.079483,3.949627,0.476184,-0.204166,3.878694,0.733146,-0.094604,3.973739,0.577673,0.309554,3.837603,0.250049,0.172978,3.773700,0.412011,0.248539,3.852345,0.239895,0.171990,3.776277
1763,0.343849,-0.036137,3.876644,0.371357,-0.391571,3.845503,0.434617,-0.757848,3.728880,0.874537,-0.678567,4.029531,0.801255,-0.241651,4.044320,0.625141,0.084030,3.946459,0.463739,-0.202676,3.889852,0.727186,-0.089638,3.976376,0.541377,0.320418,3.839648,0.218194,0.153341,3.784840,0.445156,0.393498,3.726641,0.249834,0.266725,3.708322
1764,0.353815,-0.040160,3.877140,0.366085,-0.401764,3.831743,0.441591,-0.755733,3.723646,0.868403,-0.680896,4.030872,0.789003,-0.248327,4.045575,0.618264,0.081922,3.948814,0.481678,-0.182795,3.879331,0.742172,-0.081797,3.973328,0.528350,0.317484,3.835282,0.217739,0.179486,3.761361,0.478676,0.381686,3.726429,0.288089,0.255549,3.718050
1765,0.348116,-0.049760,3.876778,0.371789,-0.407845,3.833207,0.444853,-0.760829,3.725242,0.872297,-0.679995,4.031216,0.780508,-0.250871,4.046844,0.621018,0.081246,3.947427,0.480215,-0.212442,3.887495,0.740690,-0.095467,3.978074,0.552284,0.316880,3.838804,0.241004,0.158133,3.777260,0.434519,0.321909,3.802057,0.275865,0.237728,3.746050
1766,0.349585,-0.044299,3.884041,0.370388,-0.397387,3.846125,0.439442,-0.760294,3.726419,0.875442,-0.686172,4.031158,0.792269,-0.250461,4.043923,0.618913,0.081679,3.950472,0.487382,-0.187187,3.887236,0.749157,-0.089353,3.976110,0.549392,0.337658,3.813894,0.255109,0.198142,3.773468,0.424411,0.266146,3.850357,0.264622,0.199787,3.774472
1767,0.344210,-0.046510,3.888847,0.370705,-0.393193,3.843437,0.444274,-0.759932,3.724176,0.877065,-0.687026,4.032927,0.790619,-0.252286,4.043921,0.620249,0.084179,3.951759,0.490192,-0.195657,3.890806,0.752480,-0.095651,3.979879,0.532151,0.344177,3.820453,0.239868,0.133245,3.779443,0.457851,0.328857,3.788742,0.302841,0.212086,3.754846
1768,0.357819,-0.037344,3.881478,0.365966,-0.395460,3.840194,0.450903,-0.758045,3.728139,0.875597,-0.687922,4.030470,0.792821,-0.254078,4.048866,0.620607,0.082825,3.948122,0.502532,-0.183836,3.887015,0.764831,-0.088376,3.977416,0.530543,0.320764,3.833143,0.242363,0.168188,3.790696,0.451187,0.268252,3.831711,0.298246,0.176761,3.808131
1769,0.357142,-0.031886,3.879043,0.370728,-0.390143,3.832692,0.450227,-0.757588,3.728381,0.878986,-0.686655,4.029754,0.796610,-0.253229,4.043052,0.612627,0.081968,3.950466,0.506265,-0.175685,3.885013,0.772660,-0.084257,3.975742,0.515892,0.318635,3.829929,0.231665,0.130767,3.784048,0.451408,0.326390,3.772281,0.313151,0.192117,3.775048
1770,0.361747,-0.045148,3.887850,0.368484,-0.403834,3.841901,0.448432,-0.760815,3.724574,0.878230,-0.682873,4.030225,0.785864,-0.254757,4.044330,0.616290,0.083399,3.949906,0.502591,-0.180440,3.885344,0.767168,-0.078181,3.975086,0.523215,0.338322,3.833785,0.225638,0.150720,3.767112,0.442322,0.280709,3.832360,0.281643,0.155850,3.808276
1771,0.352941,-0.043273,3.878142,0.373637,-0.386798,3.839493,0.451022,-0.756028,3.720196,0.881776,-0.681468,4.027637,0.788606,-0.254128,4.042970,0.626005,0.084396,3.949859,0.494537,-0.203298,3.879301,0.753442,-0.086303,3.969218,0.548178,0.310494,3.850702,0.233650,0.168448,3.770209,0.440927,0.316358,3.798142,0.272138,0.176760,3.766296
1772,0.354143,-0.039495,3.874978,0.387951,-0.392125,3.847376,0.445874,-0.767938,3.721814,0.882714,-0.682418,4.025123,0.796985,-0.251203,4.037570,0.631002,0.079721,3.944674,0.479578,-0.196310,3.884608,0.741251,-0.087310,3.969901,0.542719,0.313803,3.848429,0.231455,0.148815,3.787406,0.462967,0.325314,3.779213,0.253290,0.239720,3.718762
1773,0.356053,-0.039592,3.877489,0.390788,-0.387889,3.853091,0.448929,-0.758737,3.724628,0.883926,-0.683426,4.025526,0.802016,-0.250427,4.035937,0.632157,0.079995,3.945495,0.474478,-0.185684,3.888976,0.740941,-0.086209,3.973958,0.550451,0.317339,3.841849,0.247327,0.182562,3.767678,0.484119,0.504115,3.584601,0.274662,0.409613,3.544559
1774,0.360262,-0.040920,3.881486,0.394810,-0.379989,3.858973,0.455285,-0.757720,3.724033,0.885940,-0.687819,4.027834,0.788024,-0.252818,4.037619,0.631197,0.077799,3.945992,0.487333,-0.188298,3.892044,0.743315,-0.084450,3.975963,0.586512,0.340043,3.814455,0.268859,0.218975,3.730963,0.453995,0.409844,3.692020,0.245030,0.323057,3.642160
1775,0.356494,-0.047379,3.886475,0.390855,-0.398322,3.843999,0.460963,-0.761760,3.721159,0.887905,-0.688598,4.025238,0.790012,-0.255425,4.038592,0.629407,0.078113,3.946766,0.499256,-0.195406,3.886111,0.767042,-0.086778,3.971326,0.537201,0.324188,3.840534,0.282375,0.181345,3.783041,0.470558,0.476219,3.612945,0.290038,0.367672,3.607742
1776,0.365540,-0.045186,3.887419,0.388060,-0.392265,3.843058,0.459849,-0.762617,3.724355,0.898939,-0.689143,4.027866,0.787704,-0.256118,4.039922,0.625726,0.078896,3.946375,0.505857,-0.209604,3.890639,0.771702,-0.096251,3.976080,0.556076,0.310695,3.850087,0.260100,0.141262,3.776926,0.455872,0.394043,3.709070,0.304716,0.281453,3.688842
1777,0.361833,-0.049534,3.883492,0.389947,-0.400762,3.845523,0.462163,-0.766968,3.721622,0.892857,-0.692849,4.028054,0.792923,-0.262302,4.038039,0.632589,0.079592,3.946364,0.511535,-0.195135,3.893927,0.770972,-0.095624,3.980379,0.561460,0.307614,3.854914,0.249210,0.137302,3.780528,0.425077,0.276895,3.829107,0.304304,0.178905,3.789944
1778,0.363455,-0.043136,3.880894,0.389206,-0.394026,3.848963,0.466242,-0.764589,3.722958,0.901046,-0.692145,4.026343,0.792813,-0.257523,4.033750,0.629649,0.078879,3.950146,0.500039,-0.193771,3.890486,0.772276,-0.086633,3.977242,0.538571,0.309907,3.849782,0.250690,0.139269,3.782767,0.488216,0.423008,3.676685,0.326064,0.315603,3.665550
1779,0.362588,-0.042119,3.880652,0.399585,-0.403305,3.853035,0.469740,-0.774756,3.723847,0.896701,-0.696111,4.026323,0.790677,-0.264187,4.038191,0.633394,0.078981,3.948589,0.497724,-0.191004,3.893962,0.764762,-0.081758,3.976846,0.550150,0.323481,3.838195,0.276493,0.170959,3.786441,0.512942,0.416187,3.694891,0.344885,0.299802,3.679189
1780,0.367066,-0.043169,3.884116,0.404564,-0.409813,3.856331,0.471442,-0.779043,3.719269,0.897068,-0.696692,4.024528,0.790063,-0.269786,4.035507,0.637738,0.078966,3.947829,0.493030,-0.216217,3.893220,0.750549,-0.093578,3.977620,0.565126,0.329792,3.835756,0.253151,0.113615,3.802172,0.486734,0.354229,3.779343,0.313904,0.223597,3.749080
1781,0.362373,-0.058969,3.894196,0.399300,-0.405778,3.856039,0.474123,-0.778342,3.717600,0.899637,-0.698734,4.022162,0.791394,-0.271816,4.029171,0.634782,0.075101,3.949578,0.502797,-0.223001,3.894706,0.762452,-0.098856,3.978970,0.533370,0.298422,3.857043,0.252746,0.154653,3.799417,0.436062,0.361449,3.747358,0.262833,0.244090,3.725800
1782,0.361814,-0.067769,3.888043,0.401476,-0.418962,3.848447,0.477568,-0.780104,3.720648,0.907847,-0.696436,4.020905,0.800866,-0.266915,4.028026,0.649125,0.073978,3.945843,0.515270,-0.212153,3.889216,0.772875,-0.095099,3.973927,0.520548,0.289080,3.865046,0.227190,0.111890,3.819752,0.429853,0.297694,3.807318,0.274903,0.153362,3.803073
1783,0.361043,-0.069001,3.891572,0.401604,-0.416833,3.854103,0.481059,-0.778261,3.718307,0.903179,-0.701203,4.020200,0.801885,-0.270394,4.031089,0.650905,0.069432,3.944248,0.503226,-0.215850,3.892793,0.767805,-0.099582,3.977139,0.524825,0.290301,3.860967,0.254341,0.109423,3.796883,0.444199,0.355948,3.751330,0.286714,0.220639,3.742568
1784,0.361190,-0.070183,3.886129,0.395295,-0.409571,3.851016,0.484222,-0.778537,3.721105,0.905681,-0.703488,4.020660,0.804049,-0.270758,4.031194,0.646498,0.067271,3.948619,0.515804,-0.217162,3.887834,0.771808,-0.099014,3.975851,0.537717,0.294418,3.860010,0.201846,0.087638,3.826297,0.414057,0.308010,3.789991,0.267801,0.154100,3.795073
1785,0.357779,-0.074622,3.887585,0.398066,-0.417505,3.852021,0.483688,-0.780078,3.719635,0.912063,-0.700337,4.018732,0.808614,-0.267559,4.023978,0.650606,0.063144,3.947228,0.512175,-0.225643,3.893668,0.774016,-0.110436,3.980603,0.559882,0.283230,3.861995,0.216219,0.092532,3.819418,0.411312,0.266774,3.829513,0.296034,0.128129,3.822621
1786,0.363747,-0.072450,3.882983,0.409157,-0.419064,3.858611,0.492597,-0.785048,3.720730,0.912746,-0.686921,4.017920,0.792887,-0.265231,4.031583,0.638929,0.061657,3.954156,0.493237,-0.229283,3.891834,0.751915,-0.098411,3.979456,0.571848,0.330912,3.827049,0.239294,0.121379,3.790967,0.430185,0.327144,3.786757,0.282118,0.237639,3.730910
1787,0.370365,-0.079317,3.883654,0.419392,-0.411515,3.856918,0.495057,-0.781647,3.722120,0.915661,-0.690350,4.019240,0.801807,-0.264717,4.029786,0.654955,0.065106,3.952399,0.494421,-0.207371,3.889086,0.754877,-0.093592,3.979668,0.582554,0.336984,3.826811,0.279633,0.182169,3.758539,0.472122,0.482380,3.604953,0.293072,0.357202,3.597541
1788,0.368149,-0.084382,3.889099,0.416655,-0.421207,3.855494,0.496610,-0.784170,3.719540,0.914620,-0.689869,4.017947,0.795314,-0.273018,4.033220,0.650669,0.062812,3.952964,0.500288,-0.217595,3.881788,0.754915,-0.092656,3.970181,0.580432,0.328361,3.821383,0.273808,0.119225,3.811231,0.467347,0.421181,3.678721,0.289127,0.287258,3.679940
1789,0.369899,-0.069346,3.882339,0.421462,-0.407746,3.850071,0.491274,-0.779587,3.721799,0.918191,-0.687555,4.018975,0.805740,-0.268640,4.032393,0.653811,0.061427,3.954333,0.490615,-0.219185,3.886119,0.748343,-0.096440,3.979018,0.577272,0.321308,3.822513,0.275155,0.114724,3.803656,0.465416,0.493231,3.583404,0.263979,0.366032,3.595153
1790,0.374051,-0.070661,3.888686,0.418558,-0.411662,3.861777,0.492410,-0.780804,3.724573,0.921391,-0.690140,4.019485,0.804605,-0.268295,4.033804,0.646608,0.062064,3.952699,0.483390,-0.214695,3.895994,0.748154,-0.093477,3.984442,0.598417,0.342003,3.817997,0.306556,0.145220,3.790526,0.500108,0.524272,3.564731,0.309608,0.422326,3.553936
1791,0.376453,-0.076423,3.895694,0.427439,-0.419353,3.861589,0.500624,-0.781687,3.719637,0.924914,-0.686430,4.018493,0.819254,-0.265574,4.029037,0.667092,0.060028,3.954186,0.508886,-0.202464,3.888183,0.757026,-0.082577,3.973211,0.578457,0.339194,3.813148,0.286882,0.166604,3.778223,0.485536,0.476108,3.607122,0.295518,0.370819,3.588395
1792,0.378568,-0.085526,3.892456,0.427893,-0.416692,3.852286,0.500268,-0.789951,3.723415,0.924773,-0.692988,4.016850,0.826300,-0.265807,4.028500,0.674412,0.058124,3.955437,0.498603,-0.215502,3.886372,0.750310,-0.087603,3.973156,0.594398,0.342703,3.812402,0.298891,0.169299,3.781207,0.490140,0.485218,3.601279,0.308158,0.356826,3.604870
1793,0.382005,-0.074319,3.893111,0.434371,-0.405403,3.863702,0.500857,-0.778735,3.724519,0.925952,-0.691007,4.015976,0.814180,-0.270203,4.029973,0.666357,0.056762,3.953151,0.480815,-0.199213,3.888335,0.742445,-0.085009,3.978338,0.584517,0.329218,3.819199,0.335319,0.209330,3.754612,0.523733,0.563014,3.508518,0.302886,0.457866,3.506792
1794,0.386130,-0.076425,3.889085,0.430496,-0.407907,3.859297,0.505828,-0.778925,3.726743,0.931568,-0.689224,4.017484,0.823031,-0.270335,4.028445,0.666104,0.048902,3.958343,0.487971,-0.181788,3.879968,0.749991,-0.076981,3.972534,0.558534,0.310665,3.831534,0.268454,0.125224,3.789505,0.491895,0.489332,3.589293,0.286297,0.364655,3.596956
1795,0.382881,-0.084474,3.888778,0.437882,-0.408092,3.857416,0.506695,-0.776952,3.726987,0.937917,-0.689803,4.015283,0.825964,-0.276183,4.030269,0.669227,0.045781,3.958613,0.496762,-0.176234,3.885432,0.755319,-0.074149,3.972219,0.541331,0.329009,3.830361,0.256974,0.143393,3.779882,0.500861,0.514008,3.583460,0.297393,0.359485,3.626249
1796,0.387921,-0.088300,3.888638,0.430934,-0.418634,3.852341,0.511080,-0.783582,3.726501,0.929478,-0.694270,4.018697,0.821282,-0.281000,4.033003,0.671644,0.043998,3.961154,0.506550,-0.201276,3.890014,0.759850,-0.083627,3.973255,0.570519,0.316888,3.832221,0.286948,0.123051,3.808149,0.487939,0.486184,3.600605,0.296706,0.359437,3.616897
1797,0.391818,-0.088839,3.895716,0.435317,-0.419165,3.860314,0.512898,-0.783720,3.728068,0.937634,-0.696323,4.017857,0.821483,-0.284830,4.026386,0.680112,0.042966,3.956766,0.495055,-0.218763,3.889055,0.755016,-0.092036,3.973788,0.568175,0.315257,3.837470,0.296023,0.130093,3.798022,0.471995,0.435061,3.671527,0.290771,0.304875,3.663622
1798,0.384960,-0.088589,3.894735,0.434847,-0.417510,3.862764,0.515254,-0.781525,3.730387,0.936948,-0.691251,4.017778,0.825241,-0.282147,4.028087,0.673026,0.041723,3.959118,0.500963,-0.202021,3.890535,0.757672,-0.086645,3.973341,0.572696,0.312653,3.838567,0.288929,0.120128,3.803306,0.461119,0.437490,3.669333,0.263413,0.325608,3.653034
1799,0.386300,-0.082079,3.885767,0.438104,-0.403916,3.856122,0.514518,-0.778810,3.729020,0.941414,-0.686972,4.016421,0.831803,-0.277948,4.028125,0.677156,0.041708,3.959055,0.505331,-0.186776,3.882929,0.758448,-0.079674,3.971368,0.557634,0.302306,3.843594,0.258517,0.109477,3.807076,0.456787,0.466368,3.635042,0.265576,0.346643,3.650074
1800,0.384819,-0.082377,3.887710,0.439304,-0.412477,3.854337,0.516063,-0.783601,3.729695,0.949617,-0.684234,4.014606,0.836077,-0.269971,4.026289,0.679656,0.041464,3.957811,0.500707,-0.198811,3.885443,0.761215,-0.079155,3.970264,0.584855,0.318997,3.827343,0.280060,0.123832,3.796059,0.445627,0.411955,3.684663,0.270107,0.314604,3.653800
1801,0.385922,-0.087832,3.887942,0.441747,-0.423676,3.854262,0.521573,-0.793145,3.731659,0.946507,-0.695202,4.016333,0.846671,-0.277032,4.027449,0.683068,0.038646,3.959742,0.505709,-0.200950,3.886028,0.759474,-0.082692,3.972306,0.561820,0.321029,3.834001,0.279405,0.126011,3.783257,0.459113,0.468383,3.615194,0.270084,0.338675,3.615676
1802,0.389129,-0.088338,3.886899,0.445268,-0.421437,3.855417,0.521984,-0.793380,3.732663,0.947823,-0.697388,4.016368,0.840479,-0.279554,4.029263,0.679915,0.036407,3.960029,0.505517,-0.199626,3.887352,0.759455,-0.084224,3.973270,0.557762,0.316219,3.838207,0.271099,0.128549,3.780408,0.465174,0.486296,3.597345,0.286393,0.348549,3.613456
1803,0.391229,-0.088585,3.889347,0.449188,-0.415799,3.858466,0.521630,-0.793998,3.735795,0.947567,-0.694515,4.018605,0.830470,-0.276680,4.029375,0.676805,0.037522,3.958622,0.507095,-0.183935,3.886981,0.757295,-0.078940,3.971865,0.548508,0.332279,3.824543,0.278473,0.132383,3.791352,0.488589,0.509322,3.581161,0.289665,0.372883,3.604267
1804,0.391880,-0.092816,3.891064,0.448843,-0.422904,3.858557,0.528193,-0.790726,3.735487,0.952678,-0.694206,4.017803,0.835368,-0.279415,4.028801,0.677181,0.037289,3.956776,0.506101,-0.178914,3.885290,0.752056,-0.080209,3.971510,0.555266,0.335582,3.826051,0.274629,0.135649,3.780964,0.484473,0.496893,3.595330,0.312257,0.350593,3.612350
1805,0.391967,-0.090836,3.892899,0.451172,-0.424935,3.861837,0.528423,-0.791038,3.737389,0.955558,-0.693340,4.019098,0.859325,-0.267371,4.022739,0.677392,0.034880,3.955248,0.502628,-0.186943,3.886348,0.755846,-0.081486,3.973179,0.528786,0.310979,3.843503,0.267125,0.151661,3.780287,0.486133,0.499311,3.594206,0.294573,0.363841,3.611577
1806,0.392811,-0.093417,3.894118,0.451736,-0.427440,3.861012,0.531449,-0.791186,3.741237,0.960377,-0.694672,4.018268,0.851918,-0.265211,4.024798,0.680053,0.035416,3.957127,0.497560,-0.202354,3.892813,0.754488,-0.081893,3.975875,0.542460,0.307262,3.841781,0.267112,0.129571,3.790957,0.486488,0.537673,3.548077,0.285063,0.375049,3.615936
1807,0.392610,-0.095167,3.893485,0.453646,-0.425915,3.850820,0.531453,-0.789088,3.740657,0.962555,-0.693720,4.015305,0.852422,-0.271772,4.024247,0.683739,0.034882,3.957539,0.504177,-0.199444,3.890189,0.760567,-0.081580,3.973547,0.584240,0.313329,3.837754,0.272747,0.126513,3.791004,0.482682,0.532130,3.553555,0.279278,0.372466,3.605681
1808,0.395818,-0.095311,3.892423,0.451005,-0.434297,3.851356,0.531669,-0.793680,3.739645,0.961409,-0.692165,4.015403,0.853930,-0.274693,4.023477,0.679272,0.028734,3.959714,0.502669,-0.200490,3.888018,0.760843,-0.082899,3.971188,0.571275,0.311325,3.841027,0.275964,0.128671,3.783036,0.466095,0.491892,3.598750,0.261022,0.351724,3.616809
1809,0.390713,-0.098168,3.900019,0.446396,-0.430697,3.857903,0.537437,-0.784054,3.742482,0.966288,-0.695570,4.016313,0.853664,-0.279238,4.023640,0.674956,0.024915,3.961759,0.505674,-0.210038,3.899285,0.760832,-0.085703,3.979593,0.536688,0.297871,3.851173,0.272994,0.125340,3.802526,0.447757,0.465259,3.624813,0.263367,0.318634,3.656249
1810,0.398897,-0.097577,3.889155,0.455417,-0.419313,3.851778,0.539284,-0.784345,3.743347,0.973571,-0.685718,4.014596,0.843124,-0.282147,4.019456,0.685373,0.024760,3.958234,0.515567,-0.202626,3.892634,0.786166,-0.081649,3.968116,0.584549,0.303676,3.840312,0.297513,0.132674,3.796501,0.457588,0.480595,3.599876,0.300341,0.357201,3.606148
1811,0.398920,-0.098981,3.891351,0.453327,-0.421118,3.848153,0.543810,-0.788517,3.737565,0.974093,-0.690627,4.016208,0.839700,-0.287418,4.021971,0.683373,0.023719,3.954895,0.524048,-0.192289,3.889542,0.784778,-0.078566,3.969013,0.581178,0.315047,3.830386,0.297147,0.136869,3.799256,0.461152,0.484008,3.599894,0.297623,0.392827,3.595960
1812,0.403611,-0.101397,3.895278,0.452760,-0.429233,3.851081,0.543861,-0.791503,3.745730,0.973659,-0.686873,4.016179,0.849940,-0.281483,4.028191,0.686176,0.026083,3.959310,0.521305,-0.195695,3.892416,0.776795,-0.077372,3.969045,0.527978,0.302234,3.841025,0.283015,0.128915,3.801413,0.457948,0.482340,3.597042,0.285295,0.336251,3.636663
1813,0.408842,-0.102010,3.894080,0.451908,-0.428802,3.856068,0.546740,-0.788034,3.742423,0.978696,-0.692411,4.018545,0.859244,-0.285069,4.024443,0.685742,0.025734,3.959305,0.522112,-0.210922,3.894548,0.782535,-0.083120,3.971021,0.548737,0.293526,3.840747,0.283261,0.096286,3.813430,0.440947,0.451298,3.626159,0.269197,0.326533,3.638805
1814,0.408115,-0.105290,3.896964,0.454247,-0.428572,3.851542,0.546631,-0.786430,3.741226,0.978261,-0.691686,4.018528,0.867596,-0.281840,4.026945,0.687912,0.025486,3.955707,0.527368,-0.204962,3.892212,0.782583,-0.082488,3.971168,0.520385,0.310647,3.834330,0.276108,0.114956,3.809303,0.447641,0.445944,3.650968,0.287899,0.298833,3.684768
1815,0.406659,-0.109929,3.897876,0.458012,-0.428912,3.853109,0.548251,-0.791026,3.744188,0.982074,-0.689360,4.018284,0.861937,-0.282860,4.026097,0.688437,0.026439,3.959964,0.524925,-0.213889,3.891843,0.777820,-0.090193,3.971277,0.552339,0.307839,3.840132,0.267019,0.126082,3.798304,0.429929,0.385372,3.708643,0.274844,0.265017,3.697185
1816,0.402584,-0.110593,3.898998,0.451829,-0.435441,3.854431,0.550123,-0.793701,3.748206,0.982153,-0.691728,4.018380,0.870806,-0.282066,4.024199,0.690809,0.024444,3.959171,0.524266,-0.212358,3.891736,0.782427,-0.093805,3.972621,0.524022,0.288903,3.854448,0.261214,0.083497,3.826911,0.439727,0.452030,3.638108,0.248299,0.316457,3.641999
1817,0.404068,-0.115239,3.898412,0.454043,-0.439540,3.858447,0.552385,-0.797757,3.751029,0.984359,-0.689522,4.020435,0.872531,-0.278801,4.032470,0.688446,0.024212,3.958643,0.522010,-0.219399,3.895823,0.780358,-0.091955,3.975817,0.531868,0.305315,3.841668,0.260674,0.101419,3.811353,0.445285,0.468667,3.626543,0.248595,0.326522,3.653133
1818,0.413064,-0.113762,3.898904,0.460958,-0.427507,3.841070,0.553064,-0.788126,3.746000,0.984048,-0.693302,4.016277,0.865305,-0.280578,4.026990,0.687788,0.023046,3.955424,0.545358,-0.193437,3.894907,0.802181,-0.079444,3.971148,0.524747,0.293306,3.845559,0.267730,0.082532,3.823884,0.434040,0.418721,3.667852,0.256328,0.259896,3.709708
1819,0.416949,-0.114707,3.895903,0.459597,-0.433007,3.838824,0.551600,-0.789655,3.748479,0.984001,-0.692344,4.018295,0.863122,-0.277083,4.028904,0.693378,0.026308,3.958399,0.531090,-0.220338,3.898320,0.776274,-0.088701,3.977145,0.526879,0.302002,3.842603,0.229679,0.057394,3.832438,0.465612,0.453775,3.637067,0.221824,0.263568,3.697158
1820,0.421041,-0.129174,3.900023,0.463626,-0.439149,3.846435,0.562309,-0.788176,3.747158,0.984950,-0.695572,4.021219,0.861369,-0.292026,4.033398,0.690040,0.022847,3.957979,0.545331,-0.217624,3.895972,0.796209,-0.093354,3.974779,0.527723,0.273744,3.861044,0.260886,0.083793,3.823322,0.455685,0.407614,3.693574,0.263588,0.203734,3.759676
1821,0.422639,-0.136796,3.903229,0.465702,-0.448296,3.844843,0.564598,-0.791417,3.750390,0.980438,-0.691108,4.022572,0.862900,-0.278379,4.027670,0.693676,0.023578,3.958485,0.543743,-0.236215,3.898637,0.789217,-0.108171,3.979642,0.507734,0.265534,3.872274,0.242165,0.036584,3.852001,0.453631,0.410856,3.693539,0.254800,0.208412,3.754209
1822,0.421312,-0.130275,3.900868,0.462597,-0.450891,3.847951,0.563897,-0.791422,3.753203,0.982028,-0.684861,4.022972,0.859295,-0.282490,4.028866,0.689314,0.021162,3.959619,0.537633,-0.227438,3.895876,0.787181,-0.102546,3.978408,0.513619,0.279388,3.861440,0.236522,0.070744,3.832486,0.476301,0.406053,3.717604,0.310297,0.198784,3.765355
1823,0.418966,-0.127306,3.899090,0.468637,-0.443040,3.844465,0.565846,-0.790841,3.751978,0.992449,-0.688766,4.020708,0.888077,-0.284088,4.024778,0.694180,0.022098,3.961792,0.534375,-0.227340,3.896086,0.784959,-0.099253,3.976111,0.506427,0.283136,3.860225,0.250360,0.100783,3.822523,0.452396,0.404362,3.708060,0.277280,0.248061,3.718195
1824,0.420722,-0.136795,3.896826,0.472589,-0.442570,3.840206,0.563607,-0.790691,3.750665,0.983806,-0.695953,4.021661,0.892219,-0.293743,4.022609,0.695932,0.021854,3.963581,0.534882,-0.207716,3.887969,0.786911,-0.096514,3.974716,0.521813,0.293969,3.854672,0.254638,0.104577,3.808136,0.483141,0.466765,3.638053,0.284526,0.315823,3.647811
1825,0.423771,-0.138009,3.899011,0.472129,-0.453858,3.838701,0.565631,-0.794445,3.753080,0.990068,-0.682090,4.021088,0.889866,-0.283082,4.022568,0.696995,0.018385,3.962886,0.534372,-0.228657,3.896054,0.791854,-0.106677,3.979270,0.575921,0.280189,3.856732,0.268465,0.080710,3.829633,0.474645,0.445368,3.659209,0.231653,0.290216,3.674958
1826,0.424266,-0.143966,3.899183,0.473143,-0.456850,3.840362,0.567763,-0.799115,3.747353,0.992799,-0.682116,4.019680,0.889527,-0.285595,4.024940,0.697331,0.015334,3.964652,0.533701,-0.225034,3.896767,0.786831,-0.109034,3.981627,0.526606,0.281652,3.858951,0.270626,0.101402,3.814072,0.449336,0.421332,3.681950,0.283294,0.255479,3.712793
1827,0.422893,-0.143747,3.896138,0.470148,-0.456570,3.839067,0.564613,-0.798184,3.746171,0.990383,-0.696105,4.020069,0.890062,-0.300167,4.026513,0.702382,0.012875,3.965644,0.529790,-0.226486,3.892323,0.788410,-0.108636,3.977626,0.561424,0.292806,3.855353,0.272428,0.112663,3.806903,0.473652,0.423385,3.676073,0.297113,0.247632,3.711019
1828,0.425507,-0.136563,3.901000,0.471434,-0.458782,3.846346,0.563852,-0.795289,3.749412,0.994514,-0.688775,4.020463,0.887426,-0.284946,4.028316,0.694891,0.012520,3.967055,0.526545,-0.231811,3.893981,0.783720,-0.110436,3.979965,0.566725,0.282112,3.863486,0.272603,0.071280,3.832695,0.434988,0.377592,3.727641,0.226114,0.244466,3.704580
1829,0.428003,-0.137935,3.901554,0.474577,-0.447109,3.839761,0.567821,-0.795408,3.748355,1.006125,-0.683201,4.015244,0.900106,-0.278322,4.020427,0.696202,0.011345,3.962353,0.533869,-0.221225,3.887856,0.791212,-0.098384,3.971998,0.550394,0.276523,3.861934,0.263734,0.081480,3.826783,0.449877,0.390719,3.708514,0.268655,0.207137,3.732742
1830,0.428317,-0.136741,3.897523,0.468949,-0.451945,3.834355,0.569397,-0.798653,3.750522,1.005125,-0.674161,4.018843,0.898209,-0.262632,4.021567,0.698132,0.011972,3.964141,0.527847,-0.222856,3.891459,0.782484,-0.095364,3.974424,0.566862,0.306347,3.842741,0.291464,0.113965,3.805836,0.444135,0.383051,3.719597,0.254795,0.186001,3.744618
1831,0.425491,-0.144794,3.898779,0.475062,-0.457712,3.835500,0.568312,-0.804251,3.752481,0.997324,-0.684832,4.018056,0.905242,-0.269377,4.022086,0.700412,0.013047,3.965611,0.528650,-0.230681,3.894144,0.784489,-0.107237,3.977862,0.545200,0.286129,3.857859,0.254820,0.058763,3.817777,0.466358,0.381240,3.729510,0.298328,0.190393,3.738872
1832,0.429843,-0.150686,3.897445,0.474795,-0.459540,3.835287,0.567078,-0.800747,3.750073,1.000678,-0.683138,4.017104,0.913264,-0.276193,4.018229,0.701477,0.011115,3.967010,0.537662,-0.226415,3.897073,0.794522,-0.102242,3.979208,0.508575,0.273051,3.865638,0.243047,0.083124,3.819797,0.498037,0.381742,3.715919,0.311149,0.125353,3.791677
1833,0.437409,-0.138289,3.901932,0.462916,-0.450264,3.829918,0.566198,-0.798028,3.749548,1.002381,-0.688476,4.015509,0.918166,-0.276076,4.019921,0.699004,0.007619,3.967893,0.549301,-0.210901,3.904644,0.814843,-0.087820,3.977981,0.510603,0.256261,3.873546,0.235015,0.075629,3.823979,0.436198,0.373332,3.729347,0.258036,0.199903,3.764621
1834,0.438866,-0.150747,3.900123,0.461475,-0.466116,3.825029,0.570281,-0.799548,3.747185,1.004511,-0.692456,4.014203,0.913217,-0.280712,4.024247,0.698421,0.009858,3.965574,0.558962,-0.223610,3.899418,0.817019,-0.105612,3.980713,0.524838,0.284399,3.853518,0.230644,0.020580,3.851948,0.483239,0.375678,3.717716,0.313627,0.147336,3.812804
1835,0.435801,-0.162257,3.899805,0.463373,-0.463890,3.821861,0.568829,-0.791735,3.745745,0.990330,-0.697402,4.019907,0.912690,-0.294602,4.028095,0.711712,0.000810,3.968750,0.566191,-0.222228,3.904315,0.815815,-0.105364,3.982161,0.547005,0.281802,3.852863,0.227436,0.011036,3.843606,0.524575,0.455809,3.658552,0.288048,0.241801,3.746351
1836,0.430551,-0.167066,3.899574,0.451907,-0.470641,3.819509,0.567591,-0.793204,3.746034,0.997562,-0.692336,4.014991,0.921916,-0.286126,4.024858,0.704069,-0.011900,3.972068,0.575087,-0.225451,3.899015,0.826538,-0.105810,3.980334,0.522945,0.271404,3.861523,0.215195,0.005301,3.850420,0.491529,0.407775,3.675744,0.225329,0.185454,3.781545
1837,0.430247,-0.173555,3.896729,0.464111,-0.457516,3.817369,0.571939,-0.782295,3.744782,0.996295,-0.690802,4.013982,0.927321,-0.273432,4.023948,0.717790,-0.017217,3.973928,0.587362,-0.211476,3.895025,0.831650,-0.092302,3.975336,0.514467,0.305823,3.838895,0.246004,0.079746,3.821467,0.518528,0.421632,3.684011,0.299976,0.171271,3.798593
1838,0.435325,-0.171545,3.895623,0.466548,-0.453819,3.807392,0.571044,-0.782512,3.748451,0.994209,-0.697599,4.014119,0.931876,-0.271847,4.027774,0.713013,-0.021278,3.975664,0.582290,-0.200827,3.897777,0.831021,-0.087536,3.974522,0.490023,0.290344,3.853678,0.267332,0.118965,3.811160,0.540133,0.456970,3.651890,0.335612,0.238016,3.746381
1839,0.428620,-0.179871,3.896738,0.461328,-0.461012,3.803179,0.571213,-0.779150,3.749983,0.994271,-0.692551,4.012754,0.935390,-0.267195,4.028738,0.711356,-0.026028,3.978625,0.584787,-0.191823,3.893059,0.834549,-0.085912,3.972003,0.493366,0.288330,3.856400,0.262788,0.103439,3.798526,0.516267,0.448710,3.662622,0.339206,0.274534,3.714267
1840,0.432616,-0.181866,3.896033,0.464538,-0.465635,3.795426,0.572643,-0.790775,3.748801,0.999062,-0.684929,4.010659,0.937378,-0.261405,4.028651,0.709686,-0.032729,3.983022,0.581171,-0.200746,3.891515,0.830477,-0.088952,3.973625,0.502035,0.285792,3.858337,0.252975,0.111157,3.794742,0.490591,0.401715,3.704115,0.334103,0.195414,3.783528
1841,0.433627,-0.180322,3.898112,0.461265,-0.480018,3.795947,0.571721,-0.787436,3.747475,0.993919,-0.687917,4.007960,0.945097,-0.263179,4.029407,0.715777,-0.037131,3.990255,0.577509,-0.195620,3.891396,0.829045,-0.087444,3.972163,0.492295,0.287751,3.854791,0.256540,0.114954,3.788043,0.515282,0.430389,3.676232,0.336962,0.147941,3.801141
1842,0.423884,-0.203044,3.897101,0.465596,-0.473805,3.794555,0.574173,-0.786667,3.749939,0.986755,-0.697122,4.012948,0.939925,-0.277465,4.032061,0.712853,-0.043936,3.983936,0.585733,-0.200575,3.889757,0.824786,-0.086959,3.971560,0.489210,0.300137,3.847649,0.260817,0.102059,3.795235,0.487358,0.430248,3.692316,0.299142,0.125258,3.829432
1843,0.424751,-0.199858,3.895871,0.467228,-0.468499,3.790976,0.574836,-0.782234,3.750086,0.989618,-0.694571,4.008539,0.954512,-0.275124,4.030023,0.712461,-0.062332,3.993161,0.578213,-0.203702,3.893099,0.824416,-0.092413,3.973309,0.542251,0.281350,3.860540,0.269309,0.105107,3.793105,0.438937,0.377538,3.731450,0.284520,0.227565,3.745108
1844,0.425206,-0.211825,3.898016,0.460268,-0.475467,3.791496,0.573561,-0.775541,3.749771,0.988183,-0.696586,4.009322,0.966919,-0.278120,4.027556,0.711486,-0.074518,3.997716,0.574840,-0.188254,3.890272,0.817456,-0.089425,3.973703,0.528588,0.289330,3.851439,0.241196,0.117698,3.782597,0.402624,0.325517,3.781148,0.230539,0.189518,3.757821
1845,0.426691,-0.214407,3.902172,0.456011,-0.482183,3.789465,0.572941,-0.776826,3.750702,0.992137,-0.694404,4.009129,0.965421,-0.271088,4.027733,0.709621,-0.074848,4.000691,0.571643,-0.204977,3.894928,0.814360,-0.088556,3.977037,0.536173,0.286829,3.848950,0.225690,0.072602,3.811101,0.369669,0.299664,3.799988,0.232051,0.193840,3.768298
1846,0.433368,-0.226761,3.901782,0.450650,-0.486638,3.786068,0.573405,-0.775108,3.750711,0.988721,-0.698345,4.010031,0.966298,-0.277090,4.030024,0.717156,-0.081310,4.002354,0.575531,-0.194872,3.892754,0.822127,-0.079481,3.970799,0.522741,0.280615,3.872001,0.272314,0.112848,3.823423,0.372643,0.320608,3.776136,0.256212,0.231057,3.740610
1847,0.432422,-0.233912,3.901467,0.449927,-0.485601,3.781541,0.571870,-0.780134,3.750695,0.988012,-0.700497,4.008577,0.979908,-0.275140,4.028306,0.720041,-0.094719,4.007637,0.577272,-0.199952,3.896591,0.820058,-0.078516,3.972764,0.515579,0.251717,3.895280,0.247274,0.024428,3.836090,0.391568,0.343961,3.759345,0.249419,0.199945,3.761752
1848,0.436382,-0.246727,3.899781,0.448070,-0.498588,3.775749,0.576001,-0.784526,3.754326,0.988023,-0.692932,4.005923,0.976342,-0.275213,4.028083,0.717379,-0.101771,4.005574,0.580391,-0.193866,3.888302,0.822231,-0.077970,3.968169,0.503587,0.212513,3.892688,0.246912,0.050721,3.822890,0.430305,0.430893,3.661886,0.250435,0.279995,3.680377
1849,0.429935,-0.250753,3.898787,0.445250,-0.492872,3.776767,0.573722,-0.781805,3.755229,0.985901,-0.697634,4.008011,0.988522,-0.272491,4.027592,0.718223,-0.114574,4.011535,0.573325,-0.205252,3.892380,0.815764,-0.082972,3.972825,0.490592,0.231325,3.908573,0.234226,0.046162,3.816552,0.379973,0.348542,3.752053,0.246630,0.244699,3.723074
1850,0.425599,-0.256927,3.901614,0.443897,-0.485862,3.771553,0.568154,-0.774129,3.755428,0.989351,-0.691503,4.010187,0.994202,-0.271985,4.028593,0.718602,-0.119030,4.015299,0.564378,-0.186946,3.890448,0.814281,-0.077331,3.973008,0.495436,0.177262,3.915124,0.226238,0.050471,3.826572,0.371224,0.319453,3.768391,0.251646,0.233253,3.722369
1851,0.437845,-0.272492,3.902727,0.446390,-0.512158,3.775814,0.578987,-0.779874,3.756452,0.988244,-0.688397,4.008982,0.992896,-0.274146,4.029035,0.720083,-0.131396,4.017312,0.567275,-0.194793,3.893066,0.814921,-0.068144,3.969215,0.489311,0.211059,3.893321,0.250317,0.082892,3.816842,0.389218,0.390402,3.692928,0.251091,0.259397,3.698351
1852,0.429187,-0.280344,3.897265,0.445451,-0.494527,3.770787,0.577651,-0.773540,3.760931,0.984971,-0.697708,4.010731,1.015482,-0.270774,4.023233,0.732273,-0.144283,4.021183,0.574339,-0.186616,3.891379,0.817525,-0.068816,3.967105,0.487081,0.151243,3.923534,0.240863,0.093160,3.809355,0.276667,0.217776,3.840918,0.285614,0.315062,3.641614
1853,0.432889,-0.298820,3.898762,0.446899,-0.502299,3.770007,0.582044,-0.780939,3.760565,0.990934,-0.691473,4.011204,1.019332,-0.275350,4.025831,0.735243,-0.154865,4.023730,0.577068,-0.182654,3.890884,0.818331,-0.064408,3.964068,0.506152,0.239640,3.873011,0.259287,0.097311,3.808128,0.439542,0.440466,3.632845,0.304521,0.321304,3.630040
1854,0.433062,-0.303957,3.894274,0.442742,-0.491936,3.766292,0.572412,-0.775395,3.760841,0.991809,-0.700871,4.012189,1.050642,-0.273552,4.019054,0.752523,-0.165696,4.024094,0.575515,-0.183591,3.891681,0.814616,-0.076913,3.969535,0.483717,0.165883,3.926379,0.245442,0.076726,3.813232,0.403632,0.406588,3.673211,0.281712,0.312772,3.640347
1855,0.435390,-0.315285,3.894907,0.447259,-0.485968,3.764754,0.574000,-0.771240,3.761472,0.987535,-0.703366,4.009971,1.056213,-0.273919,4.016430,0.765770,-0.183572,4.028296,0.582653,-0.170523,3.885590,0.820234,-0.067860,3.962211,0.484163,0.192466,3.905496,0.276846,0.109047,3.813159,0.395988,0.406706,3.668644,0.289494,0.316671,3.639995
1856,0.427555,-0.324623,3.887178,0.441792,-0.489490,3.762998,0.574441,-0.771214,3.763966,0.986032,-0.700850,4.010782,1.062330,-0.279087,4.015415,0.764417,-0.192577,4.035570,0.580319,-0.162622,3.885901,0.811534,-0.068707,3.964718,0.455864,0.176189,3.917173,0.231503,0.079251,3.829767,0.394461,0.410307,3.658127,0.293145,0.325782,3.633556
1857,0.419065,-0.339555,3.877419,0.445999,-0.498769,3.761442,0.571622,-0.771479,3.766154,0.985775,-0.701634,4.012316,1.078443,-0.280373,4.010623,0.794613,-0.200507,4.034168,0.578733,-0.185158,3.888520,0.808238,-0.089626,3.974098,0.434763,0.112552,3.963855,0.232916,0.048173,3.838418,0.311094,0.343878,3.722405,0.288446,0.305636,3.645423
1858,0.410232,-0.366580,3.863821,0.437337,-0.513238,3.753781,0.567554,-0.765560,3.761382,0.985016,-0.701891,4.012732,1.085959,-0.281553,4.012166,0.808057,-0.207767,4.039116,0.571800,-0.166531,3.885108,0.811558,-0.058226,3.965153,0.494177,0.289241,3.846051,0.236472,0.088793,3.808537,0.416176,0.430367,3.645439,0.292128,0.289812,3.639150
1859,0.392692,-0.386213,3.853633,0.438085,-0.534374,3.744002,0.572274,-0.773500,3.764690,0.989163,-0.699413,4.014147,1.102418,-0.280066,4.008911,0.837708,-0.212827,4.041267,0.578372,-0.165859,3.889127,0.812540,-0.048107,3.965765,0.477890,0.256931,3.872341,0.243021,0.071142,3.822394,0.402939,0.414992,3.652844,0.237988,0.295581,3.635367
1860,0.381734,-0.391213,3.832234,0.428644,-0.556039,3.744250,0.575723,-0.775473,3.759286,0.991586,-0.705164,4.015805,1.112330,-0.284623,4.007375,0.862207,-0.212914,4.046577,0.579726,-0.160735,3.893602,0.824380,-0.045161,3.965899,0.514518,0.280252,3.853962,0.242941,0.070941,3.839024,0.433635,0.429450,3.630850,0.305535,0.312829,3.614880
1861,0.376023,-0.409022,3.831135,0.433802,-0.561136,3.735878,0.579182,-0.785393,3.757168,0.991162,-0.702723,4.017554,1.128806,-0.284203,4.001715,0.885724,-0.213367,4.042327,0.590188,-0.161831,3.890788,0.834616,-0.044980,3.966455,0.496475,0.277764,3.864261,0.242922,0.070983,3.837300,0.442113,0.403435,3.669214,0.291357,0.273712,3.656646
1862,0.380964,-0.404538,3.818549,0.435861,-0.558917,3.730888,0.576782,-0.788832,3.755975,0.984249,-0.706308,4.018007,1.136086,-0.296377,3.999452,0.905454,-0.221426,4.042444,0.589840,-0.169636,3.897199,0.841075,-0.053947,3.972040,0.513471,0.290303,3.853888,0.251116,0.089875,3.829623,0.444918,0.402964,3.661470,0.295906,0.251667,3.683198
1863,0.373192,-0.420097,3.817055,0.432154,-0.569900,3.707726,0.575447,-0.790086,3.756485,0.981994,-0.702483,4.018435,1.138925,-0.315759,4.001816,0.908995,-0.224067,4.041902,0.602777,-0.173932,3.897594,0.845907,-0.058731,3.968789,0.507722,0.256048,3.867736,0.250486,0.062184,3.843337,0.456868,0.398828,3.667277,0.298971,0.247618,3.696910
1864,0.373283,-0.426226,3.811244,0.436453,-0.576262,3.706920,0.573239,-0.796811,3.757775,0.981347,-0.704865,4.018940,1.140201,-0.326762,4.001536,0.918333,-0.226003,4.040047,0.602358,-0.184851,3.900814,0.846915,-0.073763,3.975174,0.502314,0.261208,3.868379,0.253267,0.062739,3.841771,0.465144,0.384663,3.681215,0.318559,0.232596,3.722218
1865,0.375371,-0.433422,3.803987,0.432422,-0.581541,3.696313,0.577695,-0.796617,3.755941,0.979428,-0.699758,4.021121,1.136956,-0.318502,4.004204,0.912476,-0.226241,4.041445,0.597382,-0.192096,3.902122,0.840291,-0.071587,3.973565,0.517974,0.273957,3.857823,0.235723,0.085733,3.830138,0.494737,0.429839,3.627297,0.317152,0.260085,3.686556
1866,0.369505,-0.435830,3.796860,0.429605,-0.580572,3.691873,0.575605,-0.800663,3.757553,0.980750,-0.701058,4.020716,1.130173,-0.312919,4.000893,0.911606,-0.227445,4.042603,0.597674,-0.174178,3.897044,0.843616,-0.051309,3.967778,0.508709,0.293306,3.848347,0.252177,0.083434,3.832624,0.464150,0.392539,3.679057,0.278071,0.252699,3.680408
1867,0.365866,-0.418243,3.796937,0.432104,-0.573731,3.694740,0.573546,-0.795165,3.759146,0.980344,-0.707461,4.023326,1.124219,-0.309925,4.002752,0.900600,-0.230867,4.042386,0.588124,-0.174402,3.895747,0.842919,-0.057390,3.970158,0.519868,0.280907,3.859820,0.255832,0.077494,3.843063,0.441164,0.376842,3.684202,0.297836,0.236743,3.695371
1868,0.368840,-0.409232,3.796901,0.437052,-0.575789,3.704909,0.574877,-0.799358,3.758257,0.986164,-0.701500,4.022632,1.110006,-0.297455,4.004003,0.890928,-0.231290,4.044519,0.588317,-0.174608,3.897338,0.843223,-0.042339,3.967230,0.515223,0.259119,3.875882,0.258637,0.100754,3.823700,0.397326,0.337524,3.728678,0.244313,0.224684,3.710788
1869,0.363969,-0.406238,3.791133,0.434658,-0.561862,3.700660,0.571731,-0.796532,3.759124,0.984064,-0.700147,4.022215,1.089377,-0.296553,4.009959,0.872382,-0.231692,4.051342,0.591150,-0.173444,3.898044,0.839750,-0.052461,3.972599,0.529283,0.298743,3.851843,0.259708,0.094232,3.828931,0.446908,0.451354,3.598981,0.294515,0.308802,3.628277
1870,0.359815,-0.398786,3.791159,0.435868,-0.561713,3.699364,0.571989,-0.798661,3.762018,0.979644,-0.704049,4.025386,1.069452,-0.300604,4.013257,0.849767,-0.227754,4.051039,0.585335,-0.210754,3.908290,0.842007,-0.086678,3.981349,0.565129,0.179706,3.930062,0.263400,0.046766,3.845554,0.203840,0.186527,3.883190,0.285248,0.271589,3.680165
1871,0.361444,-0.394561,3.788139,0.435603,-0.566952,3.704174,0.578908,-0.797590,3.762850,0.982286,-0.702836,4.025393,1.063643,-0.302607,4.011576,0.835195,-0.224115,4.049196,0.601725,-0.200082,3.906424,0.851260,-0.077568,3.976395,0.508759,0.226080,3.896287,0.258702,0.059386,3.841527,0.426250,0.415676,3.647965,0.304477,0.285977,3.671936
1872,0.353930,-0.394857,3.790493,0.439272,-0.567072,3.706286,0.577729,-0.801024,3.759815,0.985416,-0.699717,4.024222,1.039455,-0.301219,4.013816,0.813259,-0.215548,4.040981,0.599589,-0.196872,3.905497,0.853089,-0.071793,3.976741,0.502124,0.248961,3.879251,0.271881,0.088749,3.824399,0.460327,0.459583,3.598989,0.275125,0.333663,3.626236
1873,0.355515,-0.398727,3.784625,0.441718,-0.565990,3.708956,0.581240,-0.806413,3.758891,0.979123,-0.699343,4.024288,1.021016,-0.296052,4.017403,0.784796,-0.213237,4.039364,0.597533,-0.214587,3.910702,0.851645,-0.095791,3.982512,0.506304,0.249646,3.882956,0.256561,0.078997,3.827808,0.457463,0.445462,3.620981,0.285367,0.330621,3.627469
1874,0.353867,-0.382766,3.788004,0.444110,-0.553376,3.707465,0.582496,-0.800956,3.757311,0.978754,-0.697486,4.023916,0.996505,-0.298092,4.021670,0.749987,-0.210224,4.033990,0.602113,-0.196006,3.905583,0.850092,-0.086133,3.981587,0.516033,0.250629,3.871987,0.281432,0.121507,3.806125,0.432240,0.462784,3.602458,0.315202,0.379193,3.585614
1875,0.353370,-0.385315,3.780340,0.444555,-0.560557,3.712304,0.586557,-0.809056,3.757473,0.973785,-0.691625,4.019218,0.978627,-0.287644,4.020368,0.718710,-0.203374,4.030490,0.609464,-0.213717,3.909111,0.844936,-0.091913,3.981203,0.502046,0.227931,3.894637,0.280865,0.104641,3.810718,0.421813,0.438440,3.641836,0.279771,0.339910,3.609753
1876,0.353067,-0.391191,3.784248,0.445916,-0.557398,3.716263,0.583502,-0.812922,3.758065,0.971853,-0.694153,4.022588,0.968497,-0.285401,4.020366,0.696276,-0.202892,4.029953,0.595337,-0.221951,3.912020,0.833086,-0.099725,3.985135,0.487177,0.256058,3.871584,0.261141,0.090186,3.812071,0.446926,0.448767,3.625261,0.261214,0.332594,3.608381
1877,0.350360,-0.392007,3.788507,0.446538,-0.543691,3.718709,0.582960,-0.807429,3.757739,0.971379,-0.685911,4.021202,0.950393,-0.281930,4.025385,0.641378,-0.209531,4.035673,0.597064,-0.219543,3.911336,0.835530,-0.090773,3.982203,0.505222,0.304967,3.834207,0.261821,0.088096,3.818404,0.469704,0.465361,3.605957,0.312979,0.334759,3.609484
1878,0.349047,-0.389275,3.789077,0.444950,-0.541270,3.722479,0.585491,-0.803138,3.761441,0.972954,-0.674007,4.022045,0.942100,-0.266348,4.022228,0.622666,-0.215551,4.024158,0.593681,-0.230006,3.913464,0.835165,-0.095367,3.983541,0.466596,0.189564,3.914681,0.249798,0.039007,3.846630,0.392578,0.381176,3.699850,0.253107,0.296234,3.650149
1879,0.349443,-0.382511,3.789864,0.451469,-0.540241,3.724107,0.591122,-0.808098,3.758606,0.969768,-0.670780,4.019983,0.932859,-0.265066,4.019801,0.605501,-0.236129,4.015833,0.610144,-0.244008,3.919840,0.832259,-0.109658,3.987978,0.444391,0.137327,3.943980,0.255026,0.013339,3.863174,0.402741,0.400518,3.684573,0.355700,0.345686,3.624611
1880,0.352021,-0.373266,3.793207,0.446327,-0.540178,3.729906,0.585712,-0.813205,3.755033,0.966768,-0.670511,4.021399,0.909048,-0.272985,4.021987,0.576195,-0.258744,4.004683,0.612948,-0.257288,3.921834,0.831120,-0.127371,3.990050,0.394685,0.010643,4.018570,0.294937,0.013902,3.871048,0.224002,0.231730,3.838257,0.359697,0.348300,3.618334
1881,0.353325,-0.370473,3.785635,0.444532,-0.543861,3.733190,0.588310,-0.816848,3.756460,0.973200,-0.671215,4.020708,0.926893,-0.265773,4.011752,0.582576,-0.256569,3.996950,0.613856,-0.253309,3.923238,0.835536,-0.121242,3.989254,0.405815,0.130608,3.948707,0.234496,0.001998,3.874118,0.331550,0.342081,3.734695,0.272683,0.281741,3.685017
1882,0.356198,-0.370912,3.790390,0.449841,-0.527023,3.734889,0.578308,-0.811963,3.759140,0.963883,-0.674722,4.019360,0.912209,-0.264648,4.016017,0.565974,-0.290688,4.011616,0.606832,-0.239379,3.923826,0.829549,-0.117435,3.992018,0.444390,0.214942,3.898068,0.254387,0.045902,3.846568,0.365128,0.369982,3.709322,0.274940,0.272390,3.681529
1883,0.363338,-0.377883,3.783066,0.452777,-0.527360,3.725546,0.576360,-0.818975,3.756581,0.967120,-0.675748,4.015467,0.932166,-0.257101,4.010830,0.589355,-0.303111,4.002662,0.613399,-0.232934,3.918633,0.840236,-0.116816,3.987744,0.428143,0.154793,3.936567,0.269952,0.025780,3.866940,0.323636,0.333590,3.744490,0.356391,0.292478,3.672299
1884,0.357706,-0.373836,3.791972,0.454180,-0.529857,3.727874,0.569613,-0.811753,3.758084,0.963674,-0.683097,4.019253,0.944044,-0.268028,4.017190,0.614700,-0.310713,4.005952,0.598307,-0.226762,3.917519,0.829489,-0.108225,3.987162,0.445653,0.211094,3.904508,0.247291,0.050585,3.847993,0.335258,0.359848,3.711977,0.281502,0.318440,3.653484
1885,0.366516,-0.385599,3.802382,0.453255,-0.528904,3.721573,0.568279,-0.810562,3.757568,0.963466,-0.694407,4.016293,0.964080,-0.268888,4.018894,0.636855,-0.314685,4.019933,0.589660,-0.231884,3.915753,0.824052,-0.115309,3.989444,0.450426,0.180870,3.926289,0.232370,0.043344,3.847772,0.347720,0.421897,3.644639,0.292450,0.368664,3.624045
1886,0.386814,-0.381962,3.803257,0.458855,-0.517296,3.731863,0.558713,-0.799753,3.754151,0.963991,-0.704534,4.021377,0.981587,-0.270232,4.012533,0.677731,-0.311310,4.020184,0.572087,-0.206872,3.905026,0.823543,-0.099979,3.984473,0.477139,0.205827,3.908434,0.252068,0.076675,3.832263,0.339045,0.391737,3.665330,0.275711,0.336004,3.630650
1887,0.394490,-0.384490,3.796506,0.469377,-0.512434,3.728810,0.557543,-0.797905,3.752369,0.962673,-0.714193,4.017950,1.004833,-0.273803,4.011221,0.726123,-0.310126,4.027439,0.576813,-0.205589,3.906935,0.827509,-0.100135,3.986012,0.494483,0.238493,3.892517,0.271513,0.088150,3.830842,0.412990,0.427777,3.651230,0.316446,0.340868,3.648108
1888,0.402574,-0.385869,3.792619,0.477281,-0.524410,3.725578,0.558757,-0.803260,3.751616,0.952209,-0.718942,4.022502,1.043089,-0.296787,4.008857,0.771272,-0.293483,4.030274,0.582825,-0.193886,3.907679,0.825600,-0.108962,3.990376,0.502918,0.261708,3.872698,0.266566,0.088227,3.820940,0.440449,0.451883,3.621178,0.308174,0.339928,3.611386
1889,0.403700,-0.391785,3.794996,0.481670,-0.536351,3.722491,0.560744,-0.796759,3.756667,0.953739,-0.723617,4.023275,1.075356,-0.309650,4.004328,0.809650,-0.292130,4.028738,0.592775,-0.182795,3.903543,0.827131,-0.082322,3.982361,0.515544,0.314387,3.832653,0.267813,0.110330,3.813251,0.469118,0.476880,3.595435,0.320657,0.343587,3.616288
1890,0.403763,-0.392760,3.798055,0.489074,-0.534203,3.728897,0.558430,-0.797346,3.754391,0.956013,-0.732359,4.023512,1.096468,-0.328777,4.003217,0.850377,-0.290670,4.032747,0.571358,-0.187149,3.902736,0.820621,-0.080548,3.979458,0.501881,0.320758,3.827741,0.263310,0.115097,3.817741,0.452400,0.467145,3.614026,0.299980,0.350109,3.619567
1891,0.412817,-0.392201,3.794106,0.491777,-0.533815,3.721640,0.553448,-0.803638,3.748181,0.957326,-0.738658,4.019793,1.107105,-0.343976,3.998953,0.887338,-0.297714,4.030153,0.571198,-0.196301,3.899122,0.815718,-0.081578,3.977420,0.528139,0.274042,3.865682,0.251862,0.072961,3.842877,0.452747,0.426117,3.681613,0.293990,0.255707,3.712624
1892,0.412546,-0.379480,3.791234,0.497251,-0.531060,3.716182,0.557679,-0.794071,3.748914,0.954550,-0.739998,4.022189,1.105221,-0.346457,4.002288,0.883054,-0.281476,4.038837,0.581501,-0.180966,3.894578,0.811654,-0.072144,3.974253,0.500570,0.291488,3.848393,0.262895,0.084624,3.833112,0.423833,0.382000,3.699899,0.278820,0.259216,3.693506
1893,0.420644,-0.390722,3.794712,0.492392,-0.549079,3.723596,0.553379,-0.801802,3.745496,0.956892,-0.738560,4.021519,1.138802,-0.366792,4.000624,0.934694,-0.262779,4.034841,0.565614,-0.181676,3.893565,0.806553,-0.072521,3.973798,0.518697,0.272133,3.863905,0.257085,0.080461,3.828752,0.394869,0.432756,3.626280,0.250364,0.295516,3.644686
1894,0.419594,-0.382446,3.793647,0.489688,-0.534878,3.721960,0.552114,-0.794513,3.746585,0.958133,-0.738738,4.021205,1.161284,-0.381270,3.990636,0.952829,-0.241251,4.025999,0.561536,-0.175269,3.896276,0.801507,-0.058524,3.970963,0.485625,0.266868,3.866237,0.241784,0.073916,3.837770,0.426613,0.452997,3.626781,0.271954,0.305823,3.663300
1895,0.415644,-0.388958,3.791480,0.484197,-0.535712,3.723053,0.547601,-0.793599,3.743948,0.958276,-0.738737,4.016893,1.157007,-0.391983,4.001486,0.963976,-0.233320,4.027650,0.563366,-0.169250,3.895903,0.810198,-0.058583,3.972040,0.500521,0.270024,3.863665,0.252214,0.073059,3.827785,0.417320,0.405940,3.671176,0.264655,0.278866,3.674649
1896,0.411457,-0.399949,3.787725,0.474611,-0.556111,3.712535,0.547953,-0.804967,3.738406,0.956523,-0.742688,4.020351,1.183872,-0.411016,4.002664,0.985939,-0.220961,4.024005,0.554685,-0.172254,3.893535,0.800697,-0.045276,3.967135,0.489342,0.285734,3.851380,0.240130,0.105086,3.807882,0.414923,0.425159,3.654750,0.241115,0.282421,3.662784
1897,0.408264,-0.401625,3.786099,0.467413,-0.573813,3.710567,0.546716,-0.813598,3.743021,0.952705,-0.738528,4.024466,1.197251,-0.407026,3.998320,0.992766,-0.219735,4.019519,0.548831,-0.176442,3.895186,0.791051,-0.040406,3.968989,0.501298,0.313632,3.830904,0.243644,0.079572,3.835152,0.414090,0.380635,3.725221,0.243353,0.225291,3.732425
1898,0.399886,-0.398327,3.784424,0.470336,-0.559945,3.708962,0.544386,-0.807784,3.739107,0.953167,-0.733193,4.017167,1.188811,-0.419257,4.004079,0.997725,-0.207601,4.020906,0.549429,-0.175407,3.895101,0.795828,-0.035915,3.962857,0.516181,0.298974,3.839417,0.244353,0.097797,3.823840,0.443609,0.479602,3.655342,0.264859,0.298230,3.690897
1899,0.406657,-0.398457,3.788713,0.476132,-0.568152,3.712445,0.539626,-0.805936,3.744915,0.950998,-0.740108,4.023431,1.192058,-0.423327,4.007940,1.003200,-0.198756,4.017910,0.547907,-0.173210,3.899051,0.794533,-0.040258,3.968587,0.504699,0.319368,3.821966,0.245518,0.105542,3.823423,0.439107,0.434608,3.694077,0.271262,0.266956,3.705565
1900,0.408748,-0.395160,3.789205,0.483704,-0.557565,3.708807,0.540815,-0.795994,3.739707,0.954777,-0.729974,4.018080,1.190389,-0.419642,4.007604,0.999209,-0.194329,4.018114,0.556397,-0.168316,3.896825,0.806106,-0.044943,3.968851,0.513511,0.321559,3.826007,0.241167,0.093650,3.820180,0.439253,0.401517,3.691795,0.260888,0.243975,3.711555
1901,0.403060,-0.399726,3.792515,0.474642,-0.570219,3.709614,0.542565,-0.816978,3.742461,0.950943,-0.729847,4.019599,1.191107,-0.406357,4.004974,0.997334,-0.186064,4.021491,0.559869,-0.176845,3.901414,0.804821,-0.050425,3.970212,0.499058,0.312863,3.833745,0.252264,0.093978,3.828121,0.442948,0.441163,3.662953,0.278526,0.278256,3.697656
1902,0.399959,-0.397721,3.792704,0.469437,-0.567394,3.711704,0.541914,-0.813241,3.743404,0.951456,-0.729955,4.021688,1.189415,-0.411495,4.005883,0.997392,-0.183905,4.017391,0.560444,-0.175281,3.900089,0.806458,-0.051052,3.969732,0.502880,0.299601,3.845972,0.241296,0.101578,3.823410,0.458611,0.462799,3.648012,0.267089,0.273520,3.683064
1903,0.403153,-0.399349,3.785243,0.464127,-0.576436,3.704508,0.545226,-0.808428,3.742983,0.955386,-0.726059,4.020173,1.177894,-0.408549,4.006668,0.996585,-0.182266,4.013872,0.567291,-0.166628,3.896856,0.813744,-0.039465,3.964082,0.506190,0.309607,3.831242,0.246273,0.088047,3.831918,0.457692,0.438580,3.671765,0.262939,0.255909,3.711115
1904,0.410136,-0.397688,3.790098,0.477226,-0.570319,3.707042,0.547102,-0.810462,3.740623,0.951474,-0.728505,4.020963,1.185478,-0.407561,4.006110,0.993947,-0.191282,4.011652,0.564145,-0.179365,3.898076,0.808042,-0.052234,3.964620,0.501658,0.285785,3.848673,0.250000,0.096478,3.829995,0.484116,0.515723,3.653822,0.283793,0.321296,3.672318
1905,0.405450,-0.397188,3.786714,0.468475,-0.572954,3.704147,0.539390,-0.818398,3.741492,0.949795,-0.725540,4.026306,1.185891,-0.402504,4.002053,0.994537,-0.187118,4.015016,0.547845,-0.186186,3.898793,0.792865,-0.056565,3.972362,0.495875,0.296104,3.839568,0.256712,0.084576,3.828316,0.445243,0.377785,3.761225,0.258465,0.232678,3.724548
1906,0.407299,-0.409338,3.792034,0.469588,-0.582395,3.708109,0.543144,-0.815978,3.744469,0.949076,-0.727339,4.024492,1.189414,-0.403752,4.003776,1.007998,-0.185952,4.019371,0.556967,-0.181236,3.896109,0.798330,-0.051184,3.968767,0.484118,0.295845,3.843329,0.243729,0.085838,3.820730,0.449987,0.409688,3.713284,0.244711,0.261310,3.698420
1907,0.411271,-0.403159,3.793348,0.478161,-0.573837,3.706193,0.544639,-0.809005,3.747486,0.949581,-0.722664,4.028092,1.188438,-0.400273,4.009242,0.999927,-0.183831,4.021430,0.558376,-0.175119,3.897576,0.800997,-0.046326,3.968400,0.488711,0.299420,3.840761,0.244119,0.089988,3.820603,0.435408,0.443820,3.694879,0.276664,0.338657,3.661975
1908,0.399211,-0.397918,3.792274,0.468319,-0.569638,3.706040,0.540547,-0.813083,3.745013,0.953197,-0.730337,4.027346,1.174257,-0.396820,4.011540,0.998300,-0.177469,4.016937,0.554349,-0.165114,3.895746,0.805485,-0.041117,3.968613,0.522270,0.330163,3.816283,0.240359,0.111210,3.810074,0.442925,0.408716,3.680988,0.283503,0.258701,3.696265
1909,0.403100,-0.396764,3.790035,0.467625,-0.572929,3.706498,0.545542,-0.815411,3.745726,0.952778,-0.722649,4.026545,1.188228,-0.400303,4.008523,0.996020,-0.184048,4.020516,0.555617,-0.173821,3.895444,0.808469,-0.040132,3.966522,0.514133,0.328767,3.817316,0.245056,0.099852,3.819275,0.461469,0.358902,3.734888,0.283717,0.206880,3.739425
1910,0.406592,-0.402661,3.791924,0.470941,-0.593475,3.702133,0.548586,-0.822056,3.744207,0.949881,-0.718765,4.023051,1.185966,-0.399135,4.007309,0.997102,-0.176473,4.016744,0.559530,-0.179900,3.900006,0.808766,-0.048063,3.967793,0.507674,0.313472,3.826684,0.251010,0.092065,3.822973,0.471029,0.491952,3.609885,0.276702,0.289982,3.676027
1911,0.405961,-0.398636,3.791120,0.473657,-0.581466,3.706431,0.552402,-0.812890,3.744760,0.954419,-0.719434,4.024696,1.191383,-0.397421,4.005835,1.002082,-0.188499,4.019627,0.558580,-0.176084,3.894111,0.805640,-0.044103,3.965358,0.507454,0.324140,3.819528,0.263453,0.069649,3.836272,0.388176,0.330515,3.766397,0.235978,0.222587,3.731142
1912,0.404702,-0.395529,3.790956,0.474372,-0.575420,3.705878,0.548158,-0.817579,3.741419,0.950798,-0.722841,4.027374,1.188876,-0.394998,4.007044,0.996251,-0.185780,4.020761,0.549974,-0.179513,3.901124,0.796791,-0.038162,3.971682,0.494235,0.297030,3.839446,0.233055,0.089919,3.823741,0.432419,0.462680,3.639373,0.248916,0.279481,3.678946
1913,0.404338,-0.397609,3.789389,0.473465,-0.570246,3.708195,0.548335,-0.816602,3.745154,0.954646,-0.709003,4.025070,1.194515,-0.395967,4.007028,0.994546,-0.184330,4.017564,0.566034,-0.172448,3.896134,0.810856,-0.037110,3.962079,0.488091,0.315261,3.828958,0.238836,0.081780,3.832417,0.457916,0.422373,3.712953,0.264847,0.216593,3.740664
1914,0.401801,-0.394989,3.785620,0.463843,-0.580831,3.703445,0.539481,-0.817216,3.745391,0.951181,-0.718479,4.028401,1.192303,-0.388099,4.005714,0.996360,-0.177216,4.017463,0.545197,-0.177155,3.899611,0.798492,-0.048103,3.974058,0.517050,0.290827,3.846956,0.244646,0.099419,3.818608,0.440380,0.418468,3.676278,0.277278,0.317047,3.649490
1915,0.406800,-0.395858,3.790051,0.474715,-0.570543,3.705398,0.543770,-0.812932,3.747325,0.951893,-0.710910,4.026317,1.191631,-0.387882,4.004014,0.999756,-0.183056,4.019458,0.555633,-0.173588,3.899596,0.810730,-0.044433,3.966913,0.503977,0.301159,3.837761,0.227676,0.087293,3.825880,0.424278,0.360267,3.740044,0.268688,0.218515,3.728557
1916,0.403544,-0.392072,3.787224,0.475763,-0.569914,3.706499,0.542108,-0.809164,3.750229,0.952748,-0.717150,4.029119,1.193262,-0.393198,4.007906,1.004681,-0.187250,4.018075,0.545142,-0.173156,3.899814,0.797427,-0.044652,3.972873,0.509468,0.296804,3.841745,0.239889,0.105407,3.821755,0.413123,0.356864,3.731555,0.271686,0.222226,3.740043
1917,0.406812,-0.392502,3.794317,0.474711,-0.576991,3.702891,0.548141,-0.817340,3.746894,0.951385,-0.715644,4.026157,1.192843,-0.393017,4.002561,1.001681,-0.189176,4.020888,0.555721,-0.176633,3.900710,0.808448,-0.046067,3.967468,0.504201,0.302035,3.835845,0.231744,0.092463,3.827895,0.423386,0.365664,3.752337,0.255978,0.203014,3.737676
1918,0.406188,-0.397245,3.788247,0.472019,-0.580898,3.703854,0.550182,-0.821215,3.745409,0.949162,-0.712872,4.031346,1.191420,-0.395567,4.002855,0.998174,-0.186309,4.016706,0.552639,-0.180809,3.897855,0.799610,-0.045346,3.968482,0.498715,0.301144,3.835984,0.232581,0.097227,3.824526,0.420760,0.357722,3.742144,0.232985,0.228259,3.718060
1919,0.405742,-0.389983,3.794239,0.465003,-0.572582,3.705288,0.542771,-0.816661,3.745018,0.949447,-0.712133,4.028851,1.198134,-0.397811,4.005993,1.004547,-0.186845,4.017636,0.546235,-0.179439,3.898562,0.798086,-0.034633,3.967418,0.497712,0.309800,3.830234,0.234284,0.097882,3.823483,0.441531,0.418613,3.692212,0.244465,0.224795,3.734485
1920,0.406832,-0.393676,3.789116,0.465474,-0.569996,3.706156,0.546931,-0.814487,3.749206,0.950355,-0.719515,4.031608,1.193602,-0.396716,4.002339,0.992614,-0.187647,4.018572,0.551986,-0.183637,3.899708,0.798478,-0.043265,3.970801,0.490427,0.290541,3.846333,0.245028,0.082694,3.828703,0.440122,0.442713,3.676582,0.236462,0.251296,3.704283
1921,0.404200,-0.388569,3.793231,0.468646,-0.568844,3.710721,0.541472,-0.817982,3.746370,0.953050,-0.714147,4.026466,1.190742,-0.392816,4.006913,0.994528,-0.180025,4.015443,0.545725,-0.172968,3.897687,0.798974,-0.029997,3.967844,0.505510,0.308067,3.835546,0.249039,0.096642,3.824578,0.405920,0.372781,3.706180,0.225545,0.223368,3.718071
1922,0.403100,-0.389718,3.790900,0.468316,-0.570983,3.703162,0.544063,-0.816780,3.748588,0.952372,-0.711071,4.028731,1.193049,-0.394030,4.004203,0.994186,-0.183960,4.018956,0.549578,-0.180970,3.899921,0.802324,-0.043353,3.970101,0.511273,0.313681,3.827852,0.231294,0.086060,3.823326,0.436866,0.468048,3.627265,0.252491,0.268038,3.685819
1923,0.405185,-0.397365,3.792017,0.472187,-0.580043,3.710559,0.542729,-0.824212,3.743887,0.947655,-0.712548,4.029391,1.191775,-0.394723,3.999655,1.001465,-0.183001,4.014861,0.552760,-0.179454,3.896805,0.806122,-0.042224,3.968852,0.509722,0.311110,3.829931,0.233995,0.095914,3.824748,0.438511,0.437244,3.670879,0.266623,0.269902,3.681640
1924,0.401427,-0.393180,3.789088,0.471878,-0.565158,3.710083,0.544034,-0.810640,3.750684,0.953078,-0.700860,4.023775,1.196862,-0.391743,3.999660,0.990948,-0.183346,4.018791,0.547170,-0.171275,3.899573,0.794786,-0.030474,3.967409,0.496010,0.315474,3.825762,0.245304,0.097930,3.822180,0.439121,0.448102,3.671182,0.239084,0.243047,3.698551
1925,0.398485,-0.399128,3.786576,0.465536,-0.579823,3.705124,0.540223,-0.814170,3.747758,0.947565,-0.700847,4.026246,1.196061,-0.393003,4.000063,0.996665,-0.188224,4.014088,0.542202,-0.179810,3.897926,0.789529,-0.043154,3.968090,0.497094,0.302708,3.835571,0.233703,0.088040,3.826507,0.451533,0.438837,3.690889,0.263719,0.270524,3.678388
1926,0.404681,-0.401031,3.793240,0.465923,-0.577003,3.705125,0.539564,-0.809677,3.748769,0.946059,-0.708719,4.029993,1.198439,-0.394149,4.001464,0.997959,-0.184260,4.014122,0.551641,-0.177307,3.896833,0.793796,-0.039976,3.969455,0.494485,0.305295,3.834739,0.239516,0.083009,3.827540,0.462330,0.427391,3.691973,0.264098,0.259387,3.719004
1927,0.402046,-0.389830,3.791053,0.466005,-0.571241,3.705809,0.535112,-0.804389,3.746870,0.946244,-0.712008,4.030519,1.198736,-0.392062,4.003087,0.995401,-0.189430,4.017537,0.553811,-0.170914,3.896782,0.803378,-0.040513,3.970535,0.505041,0.308668,3.834296,0.234047,0.088171,3.829824,0.443091,0.412218,3.685134,0.264518,0.242529,3.710255
1928,0.402084,-0.395118,3.792967,0.462923,-0.575832,3.706371,0.533689,-0.811245,3.746200,0.947469,-0.706819,4.034625,1.192037,-0.392528,4.005824,0.997760,-0.184447,4.015039,0.548461,-0.176535,3.899393,0.801519,-0.040047,3.970734,0.515105,0.312440,3.831543,0.243744,0.097683,3.823997,0.406326,0.389513,3.715090,0.245218,0.233575,3.723361
1929,0.403464,-0.396772,3.792156,0.473431,-0.570939,3.708891,0.535395,-0.816645,3.746744,0.947847,-0.696560,4.033310,1.198054,-0.387035,4.004261,0.993648,-0.184509,4.016649,0.543746,-0.179285,3.901542,0.797057,-0.037816,3.970618,0.511586,0.316034,3.826813,0.247378,0.088919,3.827716,0.415836,0.359312,3.753996,0.247145,0.207540,3.737390
1930,0.399260,-0.397297,3.786599,0.476187,-0.564889,3.707131,0.537247,-0.815368,3.742701,0.945678,-0.711706,4.031421,1.191351,-0.388192,4.003725,0.988239,-0.191763,4.024248,0.550291,-0.172593,3.895221,0.800710,-0.033314,3.969692,0.486805,0.294899,3.846636,0.240256,0.104630,3.812840,0.469659,0.414571,3.676928,0.279409,0.270417,3.686313
1931,0.403312,-0.396185,3.788723,0.472415,-0.564337,3.709159,0.535476,-0.808718,3.740427,0.947252,-0.698581,4.027139,1.196332,-0.384590,3.999736,0.990729,-0.180649,4.018644,0.549092,-0.168365,3.893219,0.803030,-0.027178,3.964331,0.486291,0.294992,3.842258,0.235200,0.094139,3.816238,0.501735,0.465254,3.661821,0.305031,0.237007,3.727112
1932,0.401476,-0.401406,3.786490,0.464262,-0.582220,3.705405,0.541640,-0.810132,3.746372,0.941174,-0.705779,4.032744,1.186716,-0.390928,4.002522,0.991835,-0.181310,4.018684,0.554191,-0.169463,3.893937,0.801464,-0.040621,3.969808,0.506207,0.307066,3.834029,0.249772,0.094824,3.815597,0.458267,0.431420,3.673390,0.264278,0.250056,3.705148
1933,0.409265,-0.398070,3.794758,0.472946,-0.578803,3.706483,0.537029,-0.814859,3.745932,0.946696,-0.703320,4.032783,1.198429,-0.385554,4.000829,0.991457,-0.178543,4.016813,0.549792,-0.178028,3.899454,0.799993,-0.039903,3.970958,0.501438,0.315726,3.826684,0.235687,0.086425,3.823925,0.473172,0.432188,3.689798,0.282525,0.232280,3.721313
1934,0.406478,-0.388948,3.795782,0.471769,-0.566073,3.710230,0.538772,-0.811203,3.747522,0.947545,-0.701934,4.032658,1.191732,-0.388307,4.001442,0.994369,-0.190115,4.020905,0.549722,-0.177063,3.900635,0.803646,-0.042468,3.971364,0.482029,0.287470,3.849449,0.242985,0.090686,3.827515,0.468881,0.425292,3.673463,0.298286,0.262384,3.696671
1935,0.400611,-0.387099,3.791038,0.473062,-0.565996,3.707217,0.541287,-0.813276,3.751389,0.945754,-0.709918,4.034132,1.192508,-0.390671,3.999273,1.002076,-0.182756,4.016898,0.555414,-0.178178,3.901813,0.806241,-0.049662,3.974872,0.514305,0.307750,3.836012,0.246323,0.100718,3.816113,0.458798,0.406228,3.680760,0.294802,0.230700,3.723640
1936,0.397454,-0.406474,3.788590,0.466459,-0.581876,3.706261,0.529823,-0.833697,3.739234,0.940693,-0.705617,4.028525,1.200081,-0.387356,3.998137,0.997371,-0.185318,4.019116,0.548500,-0.189737,3.901998,0.795904,-0.053145,3.974110,0.507417,0.296839,3.843368,0.240400,0.094319,3.828714,0.469121,0.402385,3.728659,0.279277,0.205768,3.743309
1937,0.404145,-0.395159,3.792739,0.481665,-0.569869,3.709761,0.536062,-0.813690,3.742535,0.936214,-0.709986,4.028341,1.189975,-0.394823,4.002464,0.994326,-0.186130,4.016713,0.549892,-0.177504,3.901603,0.794968,-0.039433,3.972008,0.495339,0.307386,3.831466,0.247145,0.090176,3.827739,0.438216,0.356076,3.775227,0.288407,0.205118,3.757394
1938,0.397613,-0.393827,3.792243,0.472658,-0.569798,3.704227,0.537335,-0.807942,3.744212,0.937882,-0.710717,4.029540,1.190157,-0.397516,4.000279,0.996174,-0.190563,4.018410,0.562041,-0.173829,3.895786,0.807689,-0.038555,3.965057,0.497622,0.309066,3.829875,0.247946,0.089822,3.831907,0.422539,0.335191,3.778837,0.264337,0.194339,3.763345
1939,0.408875,-0.381536,3.794994,0.480324,-0.560965,3.710030,0.532331,-0.803931,3.746807,0.936462,-0.712974,4.030314,1.185628,-0.395877,4.002355,1.000501,-0.193331,4.019701,0.549739,-0.186505,3.899816,0.798372,-0.059684,3.974689,0.520943,0.278048,3.855584,0.238514,0.092061,3.821908,0.453321,0.450083,3.661022,0.285971,0.299246,3.658379
1940,0.410523,-0.380438,3.788840,0.482682,-0.557720,3.705601,0.532129,-0.802335,3.745567,0.935904,-0.716478,4.032938,1.185827,-0.397024,4.003675,0.996924,-0.187795,4.021147,0.554904,-0.182189,3.901181,0.804462,-0.055105,3.971943,0.518925,0.289914,3.846398,0.245451,0.093167,3.835396,0.454795,0.411138,3.700524,0.277792,0.240784,3.722706
1941,0.400046,-0.391868,3.790644,0.475297,-0.561042,3.706925,0.536059,-0.813524,3.744872,0.935000,-0.715759,4.034163,1.185809,-0.393341,4.002417,0.999162,-0.186843,4.020452,0.554054,-0.183642,3.901344,0.798278,-0.050330,3.970395,0.525785,0.312368,3.826700,0.263466,0.084539,3.836458,0.403577,0.289893,3.810277,0.266904,0.168785,3.793076
1942,0.404605,-0.387225,3.787319,0.477910,-0.568120,3.707780,0.536389,-0.818108,3.740590,0.939390,-0.700615,4.023015,1.191197,-0.388565,3.997991,1.003495,-0.185079,4.016574,0.546758,-0.181419,3.898822,0.788617,-0.045735,3.972127,0.521588,0.309004,3.829450,0.250221,0.073111,3.835276,0.380696,0.338206,3.778808,0.250292,0.207650,3.745798
1943,0.400701,-0.393939,3.796549,0.474320,-0.568076,3.706836,0.533125,-0.809260,3.745379,0.933972,-0.713661,4.031359,1.185331,-0.399086,4.003891,1.003465,-0.189119,4.014601,0.543977,-0.189216,3.900206,0.790991,-0.056058,3.975080,0.530273,0.298033,3.841491,0.253696,0.064365,3.824031,0.376367,0.317386,3.784448,0.235599,0.209900,3.750321
1944,0.399939,-0.389213,3.791357,0.471710,-0.576475,3.713008,0.533458,-0.818907,3.740839,0.937892,-0.706696,4.025610,1.191755,-0.397272,4.003787,0.999680,-0.188995,4.018997,0.548490,-0.191774,3.899406,0.791782,-0.050676,3.971903,0.520417,0.290170,3.848077,0.239241,0.063510,3.825805,0.392046,0.372067,3.750039,0.247295,0.216252,3.740647
1945,0.408170,-0.392525,3.794170,0.471966,-0.568248,3.703830,0.531365,-0.805401,3.744154,0.936819,-0.708876,4.029210,1.186515,-0.394956,4.004200,1.000623,-0.188369,4.019697,0.553342,-0.188298,3.899587,0.798851,-0.056642,3.974362,0.502648,0.297781,3.843108,0.236914,0.051598,3.843467,0.382486,0.320186,3.790613,0.242018,0.184072,3.766248
1946,0.405102,-0.389726,3.791123,0.472300,-0.560903,3.701233,0.536484,-0.805173,3.744149,0.937094,-0.709117,4.025354,1.191759,-0.395608,4.004639,0.999624,-0.193765,4.019689,0.554801,-0.184836,3.896189,0.803008,-0.056829,3.970476,0.500413,0.269977,3.864726,0.251163,0.057384,3.840578,0.374397,0.333197,3.764441,0.215871,0.207333,3.740548
1947,0.408556,-0.391617,3.793795,0.476375,-0.572781,3.708912,0.540412,-0.814712,3.744386,0.932485,-0.711719,4.028241,1.190374,-0.396278,4.003201,1.004360,-0.188569,4.016801,0.543954,-0.201622,3.902664,0.786045,-0.069673,3.978869,0.506319,0.294395,3.844059,0.241765,0.077426,3.826586,0.411584,0.373811,3.759401,0.271542,0.231591,3.736236
1948,0.405958,-0.390401,3.790118,0.472012,-0.563188,3.709504,0.530486,-0.800044,3.743842,0.941685,-0.707021,4.024469,1.188530,-0.394812,4.004749,0.998906,-0.187843,4.018320,0.541538,-0.184872,3.899171,0.797172,-0.053343,3.973020,0.484870,0.281588,3.852001,0.250456,0.097085,3.818152,0.390480,0.344168,3.761530,0.237666,0.216910,3.723048
1949,0.410324,-0.394451,3.792166,0.477858,-0.560360,3.707329,0.539453,-0.804230,3.745770,0.941022,-0.702236,4.024299,1.182580,-0.392335,4.006760,1.004429,-0.189968,4.014735,0.552210,-0.184163,3.900681,0.801000,-0.056220,3.972903,0.529053,0.302345,3.838915,0.252188,0.058908,3.846051,0.432564,0.374569,3.747336,0.272088,0.225069,3.740121
1950,0.405493,-0.393783,3.794238,0.472036,-0.577637,3.704844,0.532849,-0.807590,3.742376,0.933330,-0.717309,4.027639,1.190976,-0.398121,4.005346,1.000029,-0.193782,4.016357,0.551332,-0.180900,3.897129,0.800179,-0.054892,3.971212,0.497198,0.264974,3.869849,0.249514,0.068554,3.828560,0.419341,0.388191,3.725523,0.231696,0.233110,3.716704
1951,0.411485,-0.399816,3.795250,0.477566,-0.565412,3.708771,0.538578,-0.806220,3.743857,0.936985,-0.706678,4.026774,1.183864,-0.397679,4.009004,1.003449,-0.191038,4.016882,0.548005,-0.191245,3.901432,0.792909,-0.063274,3.975238,0.531369,0.279283,3.849906,0.259942,0.080713,3.831291,0.430565,0.402959,3.727685,0.258218,0.257561,3.706808
1952,0.408147,-0.388971,3.793073,0.472290,-0.562599,3.709391,0.535216,-0.806607,3.742811,0.936599,-0.703530,4.025686,1.184009,-0.391970,4.007255,1.006282,-0.188641,4.017025,0.558277,-0.185466,3.901322,0.800900,-0.056710,3.973469,0.517791,0.296240,3.843624,0.257479,0.066634,3.846680,0.402286,0.355275,3.760839,0.239315,0.237819,3.727535
1953,0.402589,-0.391069,3.792264,0.469834,-0.569241,3.709142,0.537511,-0.811700,3.743710,0.937851,-0.706160,4.024423,1.184897,-0.396281,4.006808,1.004149,-0.188684,4.014382,0.550834,-0.179743,3.898894,0.803247,-0.053807,3.972054,0.477355,0.265421,3.868346,0.255245,0.072871,3.834705,0.400371,0.315874,3.779428,0.276224,0.177612,3.783391
1954,0.398095,-0.392043,3.790688,0.469388,-0.572731,3.698204,0.538923,-0.811856,3.743233,0.937781,-0.709687,4.025479,1.184031,-0.399266,4.010088,1.006006,-0.188734,4.017153,0.549734,-0.187730,3.898867,0.803382,-0.057652,3.971055,0.520635,0.293247,3.846925,0.247122,0.066930,3.832979,0.408035,0.315468,3.790653,0.253596,0.161397,3.789573
1955,0.407784,-0.386509,3.792073,0.475538,-0.569339,3.709866,0.534892,-0.806467,3.745116,0.936016,-0.710868,4.027890,1.186463,-0.394643,4.004114,0.997890,-0.186536,4.014779,0.544852,-0.192685,3.904031,0.794586,-0.061208,3.975053,0.481302,0.267165,3.861211,0.242885,0.074570,3.830266,0.431316,0.420874,3.698727,0.272399,0.260056,3.705370
1956,0.398299,-0.392830,3.794140,0.467428,-0.560726,3.701699,0.533581,-0.803494,3.739706,0.930441,-0.704973,4.027683,1.185391,-0.389992,4.004733,1.002194,-0.191765,4.017491,0.555204,-0.185609,3.899905,0.799626,-0.052444,3.969886,0.520414,0.285388,3.852073,0.256603,0.062477,3.840435,0.440889,0.418094,3.715314,0.263935,0.235186,3.717278
1957,0.404457,-0.392235,3.797029,0.467885,-0.555592,3.711825,0.532956,-0.806547,3.743593,0.937196,-0.702865,4.024209,1.187412,-0.394624,4.005431,1.001289,-0.188828,4.021185,0.547832,-0.182609,3.898497,0.794981,-0.049547,3.971715,0.492106,0.270778,3.857860,0.261165,0.087759,3.825109,0.412900,0.350496,3.752210,0.240975,0.225012,3.733746
1958,0.402892,-0.387383,3.793888,0.471603,-0.558124,3.710489,0.534896,-0.802078,3.741316,0.937750,-0.708532,4.026107,1.183884,-0.402151,4.009177,0.997781,-0.179575,4.013930,0.545010,-0.188087,3.898362,0.801514,-0.057961,3.972884,0.526259,0.281880,3.853241,0.248787,0.073155,3.831948,0.414910,0.352870,3.762075,0.253348,0.200457,3.756476
1959,0.414237,-0.389748,3.789664,0.477536,-0.558570,3.713384,0.533934,-0.804514,3.744619,0.933455,-0.711379,4.027303,1.188908,-0.399278,4.007135,1.004634,-0.192685,4.019335,0.543036,-0.189118,3.902621,0.791454,-0.063606,3.978407,0.513938,0.287987,3.846232,0.251845,0.057592,3.832664,0.418194,0.390957,3.727790,0.256093,0.255219,3.692788
1960,0.409994,-0.397372,3.794581,0.472459,-0.558839,3.707967,0.536111,-0.807304,3.747575,0.936847,-0.703883,4.024149,1.186688,-0.398214,4.005126,1.001867,-0.195100,4.019622,0.549366,-0.184633,3.901690,0.795763,-0.052813,3.972844,0.483707,0.264589,3.866950,0.246875,0.075451,3.834989,0.429469,0.401336,3.712657,0.238589,0.244415,3.721831
1961,0.406586,-0.397165,3.793223,0.472347,-0.581551,3.707488,0.537433,-0.818628,3.739962,0.928914,-0.715646,4.026712,1.188812,-0.396218,4.005211,0.995582,-0.192925,4.023943,0.550526,-0.183331,3.902135,0.791319,-0.048586,3.971711,0.495416,0.282948,3.852084,0.247458,0.082302,3.832754,0.421406,0.402303,3.711438,0.256975,0.257267,3.715134
1962,0.404319,-0.400011,3.792186,0.464990,-0.563449,3.695738,0.537221,-0.814508,3.740625,0.932929,-0.707803,4.025376,1.185088,-0.397854,4.008950,0.998191,-0.189804,4.018751,0.553699,-0.188513,3.898785,0.803210,-0.054026,3.971590,0.507386,0.272290,3.861663,0.250062,0.044800,3.855737,0.361046,0.295793,3.799845,0.197296,0.169893,3.766455
1963,0.400322,-0.383342,3.790340,0.469272,-0.556996,3.712140,0.530467,-0.799317,3.742238,0.935382,-0.711106,4.027107,1.185704,-0.400152,4.008328,1.001610,-0.189325,4.019139,0.544162,-0.183709,3.901236,0.799905,-0.055418,3.974110,0.504981,0.279099,3.855345,0.239606,0.077849,3.835216,0.420736,0.432053,3.698178,0.268565,0.271221,3.701926
1964,0.406766,-0.392540,3.798853,0.468600,-0.557764,3.704817,0.540469,-0.808318,3.741822,0.934020,-0.707279,4.026809,1.185841,-0.397335,4.009321,0.999606,-0.192198,4.018150,0.562163,-0.181232,3.898330,0.808801,-0.050270,3.968897,0.503570,0.270266,3.859761,0.252916,0.049285,3.853471,0.377562,0.317170,3.782809,0.228291,0.188126,3.769667
1965,0.403047,-0.387850,3.789717,0.470157,-0.566235,3.711949,0.532999,-0.809949,3.741614,0.931197,-0.707761,4.026403,1.186386,-0.386788,4.004862,0.995193,-0.178519,4.017934,0.546354,-0.184702,3.900199,0.798399,-0.049716,3.971100,0.466882,0.252489,3.874469,0.240478,0.072867,3.833506,0.419433,0.366664,3.769326,0.272043,0.198950,3.756767
1966,0.402927,-0.385458,3.794848,0.473628,-0.557169,3.708661,0.529662,-0.799546,3.741357,0.928266,-0.709153,4.029763,1.185551,-0.388720,4.004814,0.998908,-0.174181,4.016423,0.548618,-0.181828,3.899032,0.802126,-0.048356,3.968072,0.517231,0.290183,3.845319,0.252810,0.074785,3.838147,0.419676,0.352262,3.776609,0.256794,0.215867,3.748002
1967,0.408059,-0.385390,3.793117,0.479262,-0.553851,3.716559,0.527592,-0.803643,3.741663,0.922156,-0.704372,4.028493,1.180961,-0.397446,4.004550,0.996371,-0.186627,4.014368,0.544243,-0.183639,3.899441,0.786553,-0.048963,3.971844,0.519020,0.316009,3.826528,0.255072,0.090295,3.824047,0.382565,0.292361,3.808253,0.234213,0.170759,3.761037
1968,0.404745,-0.389136,3.793952,0.479841,-0.556539,3.713882,0.523725,-0.799839,3.742194,0.933298,-0.701539,4.029957,1.184736,-0.396029,4.004015,0.997948,-0.184937,4.013187,0.545189,-0.179581,3.899465,0.792298,-0.049636,3.973624,0.494156,0.295103,3.841122,0.227067,0.088319,3.822900,0.408878,0.382085,3.709878,0.249264,0.226710,3.717257
1969,0.410474,-0.397539,3.796125,0.490070,-0.570039,3.706658,0.534463,-0.809647,3.740485,0.927182,-0.703943,4.030819,1.180726,-0.398539,4.007259,0.998712,-0.194095,4.020847,0.554133,-0.174584,3.899630,0.797809,-0.040149,3.970779,0.517744,0.310153,3.837214,0.249480,0.097843,3.825477,0.401471,0.360796,3.754550,0.240218,0.208775,3.744120
1970,0.404575,-0.389042,3.791462,0.481178,-0.567244,3.712775,0.530238,-0.812097,3.738115,0.931430,-0.707371,4.031285,1.184676,-0.395940,4.005969,0.993590,-0.192782,4.021573,0.547934,-0.176900,3.898036,0.799272,-0.039433,3.970944,0.495465,0.288630,3.852085,0.255043,0.099757,3.823125,0.382226,0.303758,3.785955,0.230828,0.182299,3.750440
1971,0.403360,-0.387470,3.796612,0.490847,-0.552615,3.712419,0.533800,-0.812375,3.740632,0.927425,-0.705042,4.029704,1.190129,-0.389746,3.999291,0.997223,-0.188287,4.017533,0.559168,-0.177694,3.898806,0.805008,-0.043141,3.967392,0.506814,0.297736,3.839640,0.249021,0.090266,3.833197,0.428209,0.374491,3.731208,0.267806,0.233461,3.730686
1972,0.399306,-0.384871,3.795277,0.478354,-0.555020,3.712619,0.536010,-0.816495,3.740570,0.931298,-0.701898,4.024686,1.182999,-0.391919,4.004974,0.999058,-0.194888,4.018642,0.549155,-0.186631,3.901220,0.792565,-0.046385,3.971842,0.502744,0.294648,3.842404,0.242933,0.072168,3.834964,0.421016,0.350145,3.756724,0.252439,0.217369,3.734534
1973,0.401430,-0.388915,3.793613,0.476729,-0.563575,3.713867,0.535074,-0.813785,3.742918,0.929593,-0.704551,4.027554,1.181896,-0.399526,4.003448,0.997882,-0.194875,4.020210,0.544520,-0.184601,3.898822,0.787574,-0.047059,3.972591,0.510190,0.299831,3.839931,0.251153,0.063559,3.838974,0.405566,0.326389,3.778984,0.237606,0.197806,3.754566
1974,0.407108,-0.398554,3.792223,0.486491,-0.576302,3.708162,0.532548,-0.814974,3.739628,0.924817,-0.707144,4.031106,1.181635,-0.404420,4.011078,1.005378,-0.188084,4.018947,0.549915,-0.178902,3.900538,0.798087,-0.038570,3.972762,0.508719,0.302582,3.843050,0.238947,0.071691,3.838594,0.394142,0.359962,3.734418,0.215158,0.217097,3.730932
1975,0.406274,-0.400433,3.794039,0.475743,-0.578090,3.705846,0.537812,-0.817534,3.737413,0.924864,-0.708039,4.027576,1.190556,-0.400719,4.000135,0.994823,-0.181410,4.016792,0.560230,-0.181938,3.902244,0.802158,-0.043056,3.969748,0.502078,0.294198,3.841235,0.261176,0.066635,3.852346,0.397722,0.335690,3.765940,0.245704,0.190762,3.769885
1976,0.405977,-0.394450,3.790551,0.473437,-0.566792,3.709781,0.534409,-0.811362,3.739077,0.924988,-0.704908,4.030437,1.185012,-0.398791,4.003576,1.000850,-0.190775,4.017358,0.560495,-0.183954,3.897409,0.806695,-0.055185,3.970214,0.494518,0.292652,3.844391,0.248648,0.082074,3.838480,0.442019,0.337301,3.757956,0.269791,0.184308,3.776128
1977,0.404383,-0.389184,3.791289,0.470120,-0.562501,3.716691,0.528991,-0.802150,3.743676,0.926520,-0.709212,4.027167,1.185214,-0.392660,4.004964,0.999954,-0.175716,4.012292,0.544017,-0.188032,3.900503,0.797737,-0.051209,3.972247,0.513138,0.284396,3.852589,0.252227,0.083755,3.832693,0.430557,0.389700,3.707537,0.214728,0.201629,3.740713
1978,0.408484,-0.385732,3.791791,0.478392,-0.554503,3.720640,0.528308,-0.797991,3.742353,0.927048,-0.715022,4.026913,1.186576,-0.393002,4.000261,0.999614,-0.186763,4.015072,0.545765,-0.181003,3.898525,0.796749,-0.051021,3.970098,0.522930,0.294376,3.843510,0.260301,0.086449,3.833911,0.420998,0.403253,3.720896,0.250553,0.255596,3.703842
1979,0.407714,-0.383770,3.791761,0.476004,-0.563626,3.712619,0.529711,-0.807357,3.740982,0.929502,-0.707379,4.026878,1.186510,-0.395001,4.001464,0.999375,-0.190276,4.015332,0.552557,-0.184295,3.900708,0.798110,-0.053117,3.971817,0.501529,0.276402,3.854868,0.242303,0.068815,3.847795,0.402737,0.357324,3.753902,0.228269,0.204823,3.758327
1980,0.411830,-0.377311,3.794698,0.474901,-0.550033,3.709703,0.526859,-0.794774,3.737905,0.929528,-0.705463,4.027889,1.183949,-0.396652,4.005620,1.001782,-0.189187,4.018062,0.548993,-0.182086,3.897670,0.798654,-0.054194,3.970462,0.486827,0.264305,3.864849,0.254535,0.084602,3.829157,0.412197,0.376569,3.763085,0.256852,0.227697,3.734693
1981,0.404081,-0.383914,3.791645,0.472730,-0.559123,3.709875,0.525368,-0.806357,3.737507,0.930553,-0.704653,4.028363,1.187238,-0.400053,4.006426,0.999143,-0.189152,4.020164,0.552373,-0.181908,3.896037,0.798206,-0.055875,3.970171,0.497243,0.283895,3.849543,0.248728,0.056722,3.839710,0.429809,0.348415,3.774074,0.254883,0.212129,3.741417
