frame,joint_16_x,joint_16_y,joint_16_z,joint_14_x,joint_14_y,joint_14_z,joint_12_x,joint_12_y,joint_12_z,joint_11_x,joint_11_y,joint_11_z,joint_13_x,joint_13_y,joint_13_z,joint_15_x,joint_15_y,joint_15_z,joint_24_x,joint_24_y,joint_24_z,joint_23_x,joint_23_y,joint_23_z,joint_25_x,joint_25_y,joint_25_z,joint_26_x,joint_26_y,joint_26_z,joint_27_x,joint_27_y,joint_27_z,joint_28_x,joint_28_y,joint_28_z
0,0.044546,0.048667,1.393111,0.060743,-0.034206,1.519003,0.076486,-0.184091,1.778117,0.351739,-0.211105,2.212164,0.333816,-0.030191,1.794555,0.189802,0.080469,1.204340,0.089477,0.128507,1.029481,0.099128,0.098622,0.706333,0.117023,0.075654,0.519844,0.061741,0.180483,1.106013,0.138155,0.204877,0.964663,0.120926,0.217604,0.944153
1,0.015678,0.062688,1.394660,0.033995,-0.006443,1.491883,0.039578,-0.157031,1.741307,0.276328,-0.165674,2.072526,0.262550,-0.008049,1.702192,0.169239,0.080253,1.235548,0.063220,0.146122,1.079694,0.087456,0.113673,0.764247,0.102391,0.099497,0.548613,0.066120,0.224257,1.098725,0.083455,0.104127,0.390809,0.102406,0.221191,0.766054
2,0.024756,0.062431,1.385537,0.039996,-0.003105,1.481489,0.051012,-0.147708,1.724600,0.297069,-0.173256,2.103410,0.284435,-0.012227,1.715804,0.198927,0.068933,1.322221,0.067579,0.148087,1.062712,0.086999,0.115225,0.774475,0.127448,0.112690,0.636791,0.060438,0.203093,1.037573,0.089327,0.103123,0.463457,0.105660,0.199941,0.853803
3,0.029703,0.065711,1.374448,0.045897,-0.000960,1.474848,0.059496,-0.148488,1.726223,0.305561,-0.186903,2.121171,0.306183,-0.026216,1.783443,0.210692,0.061114,1.362242,0.073132,0.141878,1.061057,0.089845,0.109758,0.786252,0.107133,0.079937,0.480006,0.075030,0.201617,1.115711,0.083436,0.072859,0.376134,0.124323,0.192478,0.765128
4,0.030165,0.063675,1.378209,0.053346,-0.003156,1.475025,0.064387,-0.158289,1.742657,0.305703,-0.178792,2.131562,0.291910,-0.019691,1.800576,0.196907,0.068127,1.324274,0.072394,0.135208,1.088310,0.094542,0.107671,0.766756,0.098276,0.089066,0.497644,0.069311,0.203483,1.112136,0.074784,0.083139,0.387463,0.108094,0.188397,0.785968
5,0.032046,0.070820,1.361888,0.049951,-0.001428,1.473404,0.061086,-0.158943,1.745494,0.314808,-0.166129,2.108126,0.288751,-0.002180,1.750518,0.198047,0.069525,1.359770,0.074214,0.138490,1.065133,0.092972,0.108249,0.761974,0.131585,0.093079,0.607461,0.063600,0.192768,1.048740,0.086376,0.079787,0.441119,0.121335,0.195113,0.875577
6,0.035097,0.064671,1.371427,0.053604,-0.008968,1.484655,0.062799,-0.160715,1.747360,0.312923,-0.169501,2.108754,0.281810,-0.003004,1.739797,0.208959,0.051225,1.473670,0.074362,0.141348,1.053780,0.093657,0.109797,0.727969,0.110400,0.082228,0.503884,0.054189,0.190997,1.084115,0.105240,0.103990,0.558764,0.111637,0.209016,0.966549
7,0.037703,0.062388,1.373626,0.054826,-0.006597,1.480392,0.071126,-0.161267,1.743240,0.311018,-0.165397,2.097577,0.251415,0.016281,1.639261,0.210067,0.027542,1.613739,0.074489,0.142707,1.055164,0.093176,0.113422,0.726521,0.103682,0.078604,0.506395,0.053952,0.190452,1.178041,0.072152,0.095272,0.468467,0.087133,0.200956,0.868102
8,0.031472,0.062664,1.379151,0.052928,-0.012900,1.491995,0.067616,-0.167988,1.754026,0.312779,-0.170398,2.115175,0.261866,0.012223,1.668405,0.264410,-0.025163,1.907251,0.070105,0.141824,1.073794,0.094530,0.113620,0.751235,0.105874,0.081655,0.525460,0.038360,0.196919,1.214814,0.082362,0.105433,0.486707,0.090371,0.191928,0.837787
9,0.034480,0.061318,1.378284,0.050346,-0.017519,1.499351,0.069276,-0.167654,1.758338,0.304681,-0.167555,2.095943,0.261113,0.014948,1.662166,0.284942,-0.048746,1.984665,0.068808,0.141174,1.072059,0.092640,0.115067,0.752741,0.103214,0.087672,0.550955,0.041946,0.194053,1.237364,0.078845,0.094765,0.493966,0.098670,0.185865,0.846743
10,0.033692,0.058134,1.385775,0.049368,-0.020048,1.502849,0.069040,-0.170958,1.761939,0.302383,-0.177056,2.117636,0.273253,-0.014594,1.774905,0.299404,-0.082137,2.170175,0.067526,0.133929,1.103555,0.089041,0.116583,0.785145,0.077815,0.106014,0.621534,0.018479,0.199537,1.201531,0.074757,0.096922,0.468893,0.082970,0.191194,0.838665
11,0.035115,0.048128,1.404451,0.050494,-0.029980,1.520313,0.069708,-0.170862,1.761825,0.304839,-0.173927,2.112037,0.279045,-0.010906,1.747338,0.312204,-0.079200,2.174093,0.068014,0.140825,1.074355,0.089507,0.115060,0.763343,0.088799,0.094950,0.561890,0.018169,0.204924,1.175336,0.083035,0.091113,0.482418,0.083972,0.187934,0.859488
12,0.036054,0.069802,1.360078,0.051371,-0.013555,1.490695,0.063680,-0.164368,1.753526,0.307385,-0.175703,2.110234,0.279080,-0.006237,1.737521,0.282031,-0.044594,2.006533,0.064289,0.139455,1.091756,0.091801,0.113521,0.792639,0.097605,0.086084,0.569673,-0.003044,0.219332,1.208615,0.081420,0.088657,0.477601,0.091873,0.183196,0.881213
13,0.033924,0.057891,1.385495,0.051382,-0.016059,1.494906,0.066074,-0.165621,1.754346,0.310323,-0.179359,2.124085,0.287705,-0.011866,1.762468,0.287632,-0.066029,2.120121,0.067656,0.144696,1.060194,0.086987,0.115419,0.760006,0.070762,0.117711,0.670317,-0.013839,0.242531,1.328223,0.118989,0.171789,0.962153,0.087203,0.199930,1.065407
14,0.032493,0.063633,1.375644,0.054196,-0.024802,1.508568,0.064757,-0.171843,1.761314,0.311902,-0.174842,2.126852,0.275264,-0.001820,1.704325,0.210375,0.048606,1.454105,0.066358,0.143612,1.075691,0.086152,0.118036,0.773136,0.057915,0.131439,0.746014,0.004901,0.223027,1.158303,0.071033,0.098080,0.491505,0.076438,0.185938,0.889384
15,0.034848,0.044390,1.413193,0.053043,-0.057131,1.569648,0.067744,-0.178380,1.775357,0.311643,-0.169940,2.116593,0.280888,0.000771,1.700755,0.331679,-0.112676,2.349462,0.059108,0.143789,1.090729,0.077790,0.125044,0.754960,0.044748,0.128565,0.618801,-0.003454,0.228632,1.215725,0.077317,0.247923,1.400895,0.027797,0.218553,1.317149
16,0.034024,0.052045,1.397667,0.051238,-0.051953,1.551557,0.063193,-0.171327,1.764997,0.320686,-0.167877,2.136665,0.256296,0.003092,1.687436,0.266479,-0.028648,1.918794,0.053277,0.147060,1.098130,0.075611,0.125735,0.741050,0.039163,0.208712,0.988498,-0.001648,0.232862,1.195737,-0.073013,0.283073,1.809151,-0.009079,0.209137,1.331214
17,0.033149,0.060619,1.381439,0.051863,-0.044825,1.543564,0.063378,-0.167735,1.757378,0.316847,-0.153137,2.105108,0.232172,0.010914,1.661559,0.196879,0.042340,1.507930,0.051157,0.151521,1.089234,0.071698,0.129717,0.735213,0.006601,0.208866,0.942797,-0.018430,0.250375,1.159302,-0.450938,0.511520,3.071831,-0.068073,0.258662,1.617286
18,0.031659,0.056317,1.390885,0.052685,-0.048856,1.548998,0.061648,-0.166423,1.755500,0.332773,-0.166090,2.150446,0.299099,-0.000655,1.691693,0.163723,0.084526,1.203151,0.053855,0.153278,1.073314,0.079279,0.124444,0.699522,0.054709,0.116237,0.661720,-0.031673,0.254890,1.201638,0.119960,0.162384,1.157288,0.026534,0.189316,1.393848
19,0.030397,0.053746,1.397097,0.051194,-0.029825,1.514280,0.059948,-0.165851,1.754806,0.321202,-0.169377,2.129573,0.311059,-0.009968,1.741228,0.174845,0.085036,1.222882,0.057402,0.154774,1.058953,0.079832,0.124319,0.701758,0.058587,0.109389,0.593554,-0.001985,0.234631,1.135023,0.084129,0.130269,0.996228,0.034686,0.177255,1.264585
20,0.032854,0.055726,1.391914,0.061863,-0.035892,1.521998,0.064812,-0.173957,1.767249,0.326635,-0.181152,2.155422,0.320933,-0.011245,1.761426,0.172560,0.085999,1.170652,0.059399,0.144667,1.084194,0.079869,0.122242,0.716287,0.063674,0.166849,0.806037,0.012233,0.227015,1.119372,0.077119,0.175029,1.318061,0.027644,0.180009,1.328786
21,0.032145,0.050979,1.402209,0.056939,-0.056120,1.555094,0.065644,-0.174933,1.771078,0.326882,-0.182468,2.143584,0.328013,-0.022528,1.806889,0.176844,0.087971,1.188993,0.063804,0.144861,1.068044,0.081755,0.120670,0.711886,0.059862,0.173482,0.805846,0.008375,0.250127,1.250183,0.036698,0.231268,1.464799,0.025399,0.204255,1.279592
22,0.036373,0.045185,1.409570,0.063274,-0.054671,1.549736,0.068609,-0.177138,1.772069,0.327220,-0.187785,2.150910,0.323669,-0.025631,1.797427,0.181209,0.085004,1.214017,0.064566,0.144736,1.071483,0.081122,0.122419,0.717243,0.063320,0.159820,0.769741,0.015750,0.229279,1.096901,0.032435,0.202015,1.152040,0.033885,0.214477,1.165776
23,0.037675,0.040477,1.417492,0.060941,-0.064562,1.566982,0.072125,-0.186738,1.786086,0.316418,-0.181466,2.126440,0.315186,-0.026013,1.803772,0.180328,0.083978,1.220570,0.066000,0.141155,1.078016,0.079584,0.123669,0.725470,0.056966,0.142941,0.678789,0.015903,0.224398,1.093430,0.019732,0.231570,1.244702,0.030003,0.231178,1.203947
24,0.034348,0.043681,1.414143,0.057364,-0.055798,1.559422,0.067253,-0.178059,1.773017,0.320706,-0.186802,2.142616,0.316585,-0.021079,1.771275,0.175547,0.085737,1.194394,0.066484,0.139951,1.082325,0.083158,0.120933,0.725443,0.061139,0.154666,0.764510,0.012096,0.233572,1.233408,0.025128,0.176920,0.991377,0.023571,0.221037,1.119828
25,0.036253,0.042316,1.415650,0.064291,-0.059532,1.560485,0.071683,-0.179518,1.777567,0.314725,-0.182194,2.129321,0.321021,-0.025196,1.787223,0.175868,0.085861,1.198938,0.066910,0.139728,1.083803,0.081753,0.122525,0.728697,0.051463,0.117630,0.550591,0.015269,0.223226,1.114100,0.034223,0.148475,0.718882,0.015979,0.249672,1.130009
26,0.037431,0.042021,1.414421,0.068310,-0.055372,1.554170,0.074000,-0.180119,1.775975,0.313070,-0.176740,2.120562,0.317794,-0.020822,1.771349,0.180624,0.083963,1.232656,0.066767,0.134624,1.096147,0.080705,0.124026,0.748171,0.045678,0.120550,0.567311,0.013321,0.219864,1.109007,0.022087,0.289790,1.417828,0.002054,0.265645,1.283745
27,0.038534,0.043957,1.410333,0.065276,-0.060938,1.565478,0.076533,-0.187470,1.787051,0.310370,-0.172188,2.106408,0.307549,-0.009670,1.727178,0.178607,0.083692,1.235170,0.064023,0.136485,1.101497,0.079904,0.125827,0.752374,0.047402,0.127235,0.616753,0.009301,0.223219,1.132970,0.033780,0.185614,0.917528,0.008909,0.227365,1.134282
28,0.036552,0.049051,1.402071,0.064390,-0.050591,1.548720,0.073651,-0.177195,1.772974,0.318998,-0.180699,2.142467,0.320474,-0.020484,1.766954,0.182856,0.081133,1.256588,0.063707,0.141125,1.083298,0.082345,0.122964,0.728719,0.047395,0.123239,0.587758,0.007058,0.226309,1.128118,0.046348,0.118019,0.546688,0.023555,0.217718,0.951404
29,0.038264,0.044170,1.409941,0.065834,-0.056066,1.555307,0.072994,-0.175450,1.770429,0.312569,-0.176558,2.120401,0.319708,-0.020217,1.786579,0.183451,0.081342,1.271027,0.064207,0.140294,1.083114,0.081095,0.124484,0.734374,0.048582,0.120731,0.580293,0.006105,0.228577,1.160933,0.042548,0.136660,0.682622,0.018451,0.211580,1.072170
30,0.037781,0.047792,1.402354,0.061433,-0.052745,1.551622,0.069797,-0.174123,1.766961,0.314725,-0.178145,2.118356,0.322408,-0.023986,1.794557,0.186631,0.078588,1.285178,0.062037,0.141650,1.086444,0.080639,0.126185,0.741044,0.049559,0.112650,0.546178,0.008919,0.226232,1.132715,0.055364,0.168712,0.792352,0.019069,0.235638,1.117474
31,0.035012,0.049579,1.401965,0.059144,-0.055894,1.558053,0.071533,-0.176396,1.770231,0.312785,-0.178095,2.112927,0.324978,-0.026950,1.814695,0.184519,0.079683,1.272261,0.063251,0.140798,1.086852,0.081560,0.124150,0.741885,0.050374,0.117096,0.569754,0.002222,0.247789,1.251212,0.058264,0.164739,0.727296,0.033744,0.238513,1.082910
32,0.032743,0.050111,1.402976,0.060523,-0.060862,1.565255,0.069437,-0.178555,1.773838,0.313875,-0.176139,2.115378,0.322411,-0.028159,1.805738,0.185482,0.078523,1.269956,0.063401,0.141111,1.086270,0.080491,0.123910,0.730416,0.050057,0.118435,0.569107,0.009720,0.230356,1.113689,0.053005,0.125380,0.591523,0.027835,0.223770,1.024390
33,0.035525,0.051124,1.398412,0.060469,-0.057209,1.560529,0.069273,-0.178413,1.775091,0.320680,-0.175611,2.131884,0.314803,-0.021213,1.765334,0.180325,0.079013,1.247978,0.060915,0.140011,1.098260,0.080100,0.125261,0.742277,0.054166,0.124203,0.605553,0.011152,0.227141,1.105787,0.052425,0.115062,0.534748,0.034462,0.205529,0.942266
34,0.037059,0.051783,1.396623,0.064492,-0.051473,1.547268,0.070920,-0.175496,1.770465,0.319353,-0.175598,2.137764,0.324901,-0.021856,1.805507,0.180994,0.082424,1.253918,0.058320,0.141886,1.097488,0.079226,0.124731,0.745099,0.050554,0.115945,0.553598,0.010516,0.231462,1.124025,0.061026,0.170396,0.819305,0.031910,0.218036,1.039519
35,0.035918,0.055526,1.388719,0.064429,-0.047170,1.542760,0.071810,-0.172318,1.764912,0.317957,-0.173548,2.127358,0.325155,-0.017851,1.793713,0.182419,0.081854,1.259828,0.058266,0.144244,1.089105,0.078436,0.125159,0.735438,0.050502,0.113851,0.546672,0.009905,0.231933,1.111247,0.058017,0.214809,1.002425,0.020812,0.240407,1.179650
36,0.037461,0.051899,1.395042,0.065080,-0.047343,1.541611,0.070732,-0.173924,1.766076,0.319860,-0.175348,2.132654,0.316397,-0.017080,1.768503,0.178712,0.082285,1.224959,0.058815,0.140899,1.098318,0.080063,0.123277,0.738869,0.049484,0.109920,0.524707,0.012384,0.230753,1.108012,0.061369,0.253841,1.229440,0.031347,0.214593,1.113062
37,0.038275,0.043384,1.411419,0.062766,-0.059007,1.562439,0.071748,-0.178046,1.772722,0.318727,-0.178491,2.139047,0.315918,-0.021000,1.775658,0.175528,0.082816,1.216151,0.059648,0.140759,1.100285,0.079557,0.125038,0.748313,0.051721,0.113570,0.551111,0.008026,0.230184,1.124747,0.051671,0.123117,0.593422,0.026833,0.208100,1.019094
38,0.038899,0.042125,1.413070,0.061805,-0.061529,1.568693,0.071777,-0.176200,1.770575,0.315543,-0.174893,2.120294,0.309212,-0.015501,1.728608,0.176707,0.084889,1.217796,0.060924,0.141066,1.089650,0.080249,0.123484,0.733754,0.052570,0.115199,0.555675,0.007464,0.231758,1.120277,0.067588,0.230860,1.081287,0.036501,0.227345,1.177809
39,0.035653,0.045904,1.408864,0.060585,-0.054527,1.555042,0.071022,-0.175380,1.770447,0.312706,-0.175786,2.121517,0.315704,-0.017382,1.757530,0.175649,0.084145,1.215707,0.059528,0.142065,1.093024,0.078892,0.126669,0.746293,0.053174,0.119031,0.567513,0.011702,0.223525,1.077195,0.047470,0.109327,0.515516,0.022217,0.199539,0.934358
40,0.033776,0.052975,1.396470,0.061038,-0.050033,1.549049,0.070484,-0.170984,1.762319,0.312179,-0.177233,2.121443,0.311832,-0.018528,1.754365,0.176359,0.082552,1.217244,0.061844,0.142579,1.085787,0.079748,0.125327,0.743959,0.053116,0.123772,0.593932,0.009047,0.228523,1.116640,0.056000,0.152234,0.733301,0.024526,0.215466,1.026271
41,0.033972,0.055281,1.391076,0.059651,-0.054993,1.556180,0.069260,-0.173492,1.766224,0.310169,-0.175898,2.116708,0.331956,-0.028100,1.832082,0.180274,0.082610,1.240577,0.060497,0.142152,1.089067,0.079263,0.125441,0.742292,0.054977,0.123773,0.591372,0.012612,0.224805,1.085643,0.058100,0.185081,0.880702,0.025209,0.220225,1.106942
42,0.034648,0.053837,1.393777,0.058786,-0.054462,1.556898,0.069373,-0.173476,1.767437,0.315320,-0.179803,2.133903,0.329378,-0.025907,1.811826,0.180066,0.082199,1.246484,0.059369,0.142198,1.091261,0.079480,0.125707,0.744359,0.055252,0.121612,0.575790,0.010433,0.229496,1.118678,0.061185,0.209424,0.986127,0.028979,0.231358,1.175484
43,0.036145,0.053062,1.394259,0.062490,-0.050349,1.549518,0.070191,-0.171523,1.766207,0.321523,-0.180944,2.146068,0.320386,-0.020989,1.783417,0.180809,0.081507,1.237506,0.059152,0.142906,1.091671,0.079954,0.124584,0.740156,0.053291,0.116404,0.556425,0.013769,0.228979,1.082429,0.051750,0.126427,0.634190,0.031767,0.202995,1.031219
44,0.038856,0.048489,1.400843,0.063511,-0.056670,1.560032,0.071124,-0.172839,1.766104,0.318675,-0.176807,2.134394,0.324431,-0.021555,1.784344,0.175424,0.084013,1.210652,0.059037,0.139216,1.101861,0.078418,0.123806,0.741074,0.054777,0.104970,0.512273,0.007342,0.235816,1.167781,0.064012,0.272944,1.280545,0.018181,0.239839,1.249836
45,0.037111,0.042705,1.415105,0.063992,-0.066134,1.573271,0.073066,-0.180957,1.780137,0.317318,-0.178428,2.142257,0.321916,-0.020970,1.770992,0.177942,0.083230,1.224843,0.058498,0.140490,1.097596,0.077689,0.124367,0.743803,0.054297,0.108060,0.536504,0.010349,0.233100,1.132470,0.057147,0.133961,0.611936,0.034336,0.218022,1.069960
46,0.037684,0.045196,1.408777,0.061972,-0.060229,1.566381,0.072831,-0.177127,1.774105,0.314518,-0.172505,2.125745,0.319383,-0.014394,1.759933,0.176556,0.084673,1.219642,0.058298,0.140337,1.098240,0.077578,0.124319,0.741522,0.054693,0.110654,0.548404,0.008846,0.232148,1.118768,0.057522,0.148376,0.711287,0.029214,0.209547,1.067047
47,0.037527,0.041365,1.416254,0.061810,-0.067024,1.577224,0.073873,-0.181152,1.780303,0.313402,-0.173636,2.126532,0.327104,-0.021053,1.794888,0.180558,0.083974,1.245876,0.057787,0.140218,1.100770,0.076943,0.125270,0.747127,0.051395,0.102121,0.502592,0.009490,0.229035,1.114306,0.058596,0.156701,0.752468,0.025243,0.211471,1.061018
48,0.035966,0.044747,1.411417,0.056735,-0.064184,1.577199,0.070107,-0.175516,1.769274,0.320601,-0.175252,2.135006,0.317554,-0.019831,1.760352,0.179517,0.080779,1.226059,0.058711,0.140507,1.101192,0.080324,0.124033,0.747228,0.054669,0.113979,0.562217,0.012792,0.225477,1.116907,0.053974,0.128998,0.620075,0.022599,0.214641,1.040406
49,0.040207,0.040798,1.414642,0.061144,-0.066938,1.578883,0.071525,-0.177671,1.773002,0.314540,-0.175756,2.129529,0.312731,-0.017128,1.741239,0.175722,0.084028,1.212149,0.059772,0.141583,1.094191,0.079692,0.124235,0.745584,0.053214,0.114426,0.547395,0.011761,0.228030,1.119295,0.057945,0.152479,0.739075,0.034086,0.221601,1.105005
50,0.037969,0.039700,1.420060,0.064171,-0.064639,1.574643,0.072683,-0.177801,1.773875,0.314833,-0.178627,2.139032,0.315617,-0.016447,1.753525,0.175436,0.084228,1.204396,0.058311,0.142223,1.092306,0.076724,0.125348,0.749948,0.052415,0.111413,0.541501,0.011425,0.229122,1.106875,0.057348,0.148246,0.703315,0.033459,0.224591,1.040093
51,0.038659,0.045267,1.407198,0.060200,-0.055085,1.556976,0.071921,-0.174236,1.767369,0.316962,-0.178105,2.135025,0.313501,-0.019064,1.758568,0.179547,0.083148,1.229161,0.060118,0.141208,1.090019,0.079443,0.123662,0.740350,0.053479,0.112000,0.547165,0.010171,0.229305,1.115790,0.056020,0.128883,0.587689,0.032260,0.226761,1.024879
52,0.037327,0.041076,1.417421,0.065229,-0.061618,1.565320,0.073399,-0.180691,1.776539,0.311829,-0.176694,2.122840,0.320394,-0.024023,1.770696,0.181968,0.080961,1.240606,0.061854,0.140067,1.094592,0.079204,0.124738,0.751161,0.052054,0.114790,0.553298,0.009488,0.227505,1.099917,0.052166,0.102175,0.484698,0.039193,0.198719,0.927367
53,0.038193,0.041802,1.414920,0.057506,-0.065166,1.577070,0.072615,-0.182349,1.780321,0.317150,-0.178608,2.137056,0.323040,-0.024370,1.795471,0.177780,0.082269,1.220649,0.060046,0.139939,1.103251,0.079301,0.126076,0.764304,0.050557,0.116941,0.564699,0.012786,0.225924,1.117671,0.048739,0.107684,0.529464,0.032183,0.202466,1.000416
54,0.035724,0.047647,1.404906,0.061289,-0.053661,1.555798,0.073284,-0.174597,1.769455,0.318695,-0.178530,2.139841,0.314029,-0.018187,1.748496,0.177136,0.082059,1.215628,0.060086,0.139948,1.094988,0.079475,0.122931,0.748024,0.055046,0.114666,0.569297,0.012156,0.227269,1.122125,0.060417,0.159549,0.800275,0.038562,0.213716,1.093275
55,0.039139,0.039687,1.418172,0.062953,-0.059797,1.566334,0.072502,-0.178469,1.775342,0.315997,-0.175574,2.122366,0.311049,-0.014765,1.736295,0.178397,0.083238,1.231236,0.059709,0.140129,1.093550,0.079589,0.124160,0.746359,0.053867,0.109929,0.533214,0.013309,0.227147,1.100259,0.057595,0.151444,0.775054,0.031929,0.216489,1.146651
56,0.037597,0.041529,1.414984,0.062749,-0.061462,1.566411,0.072648,-0.179146,1.775749,0.315295,-0.178370,2.134194,0.320022,-0.019566,1.751231,0.182226,0.080756,1.244531,0.060286,0.140955,1.092220,0.079127,0.124207,0.746613,0.053670,0.112365,0.550815,0.012839,0.226496,1.105164,0.050563,0.107397,0.532701,0.036347,0.197933,0.961274
57,0.038825,0.037588,1.422473,0.062608,-0.068236,1.577841,0.074326,-0.185256,1.785292,0.314790,-0.176923,2.134542,0.319720,-0.021167,1.763209,0.178588,0.082122,1.225149,0.059564,0.138662,1.101779,0.078855,0.124155,0.752004,0.052909,0.118891,0.578471,0.010926,0.227766,1.122708,0.054900,0.129942,0.680891,0.036861,0.195373,1.055488
58,0.038744,0.041157,1.415757,0.061911,-0.061812,1.569396,0.072568,-0.177250,1.772882,0.314763,-0.173169,2.118639,0.313976,-0.016793,1.745925,0.179710,0.082836,1.236218,0.061299,0.138600,1.096956,0.080903,0.123881,0.752638,0.053109,0.113606,0.547254,0.012874,0.224672,1.101572,0.051415,0.114058,0.535606,0.030123,0.207913,0.980739
59,0.038882,0.040782,1.415765,0.061808,-0.066676,1.576114,0.072032,-0.179619,1.777367,0.314786,-0.179464,2.132564,0.318008,-0.019822,1.755359,0.183183,0.081006,1.251030,0.060475,0.139617,1.095592,0.080056,0.123564,0.749752,0.053821,0.114296,0.559849,0.013536,0.227332,1.101202,0.049265,0.110532,0.532870,0.037754,0.190803,0.923023
60,0.037762,0.043198,1.412890,0.060074,-0.066352,1.576448,0.071298,-0.179384,1.774994,0.313250,-0.178746,2.131045,0.325343,-0.027378,1.802873,0.181659,0.081055,1.245940,0.061193,0.141856,1.089802,0.079454,0.123841,0.744206,0.052948,0.112921,0.546084,0.010934,0.227734,1.088007,0.050740,0.101442,0.506720,0.043092,0.198229,0.965783
61,0.036220,0.048263,1.403490,0.061871,-0.055109,1.556763,0.072573,-0.176990,1.774262,0.309308,-0.171661,2.115853,0.325017,-0.020794,1.790752,0.181289,0.081833,1.248981,0.060266,0.140268,1.096567,0.077557,0.124936,0.744151,0.051643,0.107907,0.531441,0.009643,0.230696,1.132472,0.069836,0.253642,1.189786,0.027107,0.237205,1.223366
62,0.037916,0.048885,1.400910,0.061802,-0.053206,1.555611,0.070263,-0.171249,1.762950,0.314214,-0.176915,2.121477,0.334180,-0.027027,1.815610,0.182565,0.080493,1.247251,0.060694,0.142023,1.086838,0.079977,0.125024,0.738803,0.053512,0.106533,0.524498,0.012989,0.224039,1.097235,0.054038,0.112580,0.519679,0.027968,0.204885,0.913968
63,0.035325,0.050849,1.398997,0.061688,-0.052197,1.551918,0.070705,-0.176247,1.772493,0.312914,-0.174256,2.126109,0.323584,-0.022730,1.791219,0.180679,0.081346,1.252770,0.059637,0.139114,1.098128,0.076726,0.124951,0.749728,0.051399,0.104500,0.514737,0.007403,0.231706,1.144352,0.057592,0.161835,0.784403,0.027294,0.208663,1.053759
64,0.036477,0.051409,1.396753,0.061768,-0.052108,1.552365,0.069919,-0.170735,1.763213,0.314986,-0.176978,2.121089,0.326432,-0.022320,1.787610,0.186388,0.079407,1.269328,0.061965,0.140416,1.087571,0.080566,0.123408,0.738911,0.053357,0.107969,0.535067,0.005755,0.247390,1.244889,0.058256,0.149593,0.687156,0.027667,0.224913,1.055820
65,0.034771,0.045728,1.410067,0.061072,-0.057192,1.561086,0.072086,-0.181635,1.780480,0.312216,-0.174381,2.123081,0.313282,-0.016603,1.751939,0.177674,0.079849,1.243036,0.061368,0.138018,1.105661,0.078490,0.124836,0.763044,0.051898,0.112742,0.547982,0.011554,0.232287,1.112839,0.059014,0.136784,0.667792,0.041510,0.223415,1.136145
66,0.035168,0.050139,1.400978,0.061004,-0.053150,1.556017,0.071825,-0.173680,1.766974,0.312349,-0.174314,2.122181,0.318675,-0.015609,1.744730,0.179475,0.081984,1.230785,0.061750,0.142645,1.084073,0.080021,0.124852,0.748225,0.052585,0.110365,0.538092,0.010642,0.226840,1.083742,0.055933,0.107096,0.515588,0.042984,0.216642,0.922261
67,0.034974,0.052715,1.396175,0.058253,-0.055136,1.556132,0.069562,-0.176258,1.772719,0.311561,-0.173313,2.118418,0.326363,-0.025184,1.798017,0.183065,0.081315,1.250201,0.059411,0.141192,1.092075,0.078507,0.124173,0.744330,0.052815,0.111529,0.549780,0.009616,0.230531,1.137411,0.065099,0.228142,1.031919,0.027666,0.247439,1.227031
68,0.037557,0.049358,1.400201,0.059276,-0.052450,1.551097,0.070548,-0.173351,1.768794,0.317892,-0.179369,2.139397,0.327642,-0.025584,1.810196,0.184232,0.080555,1.257863,0.059150,0.143379,1.084905,0.078380,0.124348,0.734079,0.054562,0.110670,0.540324,0.009589,0.229753,1.126180,0.054545,0.131370,0.622434,0.028324,0.205224,0.948678
69,0.037172,0.043334,1.412630,0.064414,-0.065713,1.575799,0.074495,-0.180940,1.778594,0.315673,-0.175235,2.132207,0.322082,-0.019279,1.769077,0.180128,0.081507,1.233931,0.060874,0.138137,1.101778,0.077415,0.124340,0.746859,0.051923,0.110414,0.537638,0.004416,0.249563,1.256288,0.065168,0.245170,1.132334,0.029218,0.225232,1.153260
70,0.038123,0.041210,1.416064,0.064720,-0.064686,1.572583,0.072184,-0.182018,1.781120,0.315715,-0.173287,2.124592,0.318572,-0.018684,1.770296,0.179099,0.082022,1.235532,0.058611,0.138876,1.099574,0.077935,0.124901,0.750444,0.051687,0.107511,0.526233,0.011053,0.226753,1.096380,0.061033,0.199888,0.977633,0.024847,0.225624,1.171343
71,0.038594,0.041674,1.414967,0.060197,-0.065146,1.575819,0.072219,-0.180435,1.777809,0.315646,-0.176246,2.135555,0.318242,-0.021014,1.764036,0.177683,0.082055,1.225020,0.059320,0.140783,1.098612,0.079114,0.124215,0.748689,0.055671,0.117800,0.580316,0.010972,0.228908,1.121419,0.054290,0.139903,0.686286,0.034580,0.213131,1.016167
72,0.039470,0.041425,1.414370,0.063889,-0.065708,1.575783,0.072547,-0.179860,1.777535,0.316872,-0.173900,2.130158,0.308557,-0.014283,1.729954,0.175946,0.083982,1.210777,0.059655,0.140146,1.099267,0.079803,0.123843,0.745593,0.052925,0.111538,0.537398,0.006040,0.245056,1.223969,0.048699,0.099093,0.492164,0.036567,0.196177,0.941829
73,0.039016,0.042262,1.413291,0.060416,-0.058995,1.564162,0.072719,-0.176717,1.772737,0.317958,-0.178831,2.138786,0.306171,-0.012644,1.705356,0.176275,0.084166,1.208914,0.059671,0.141471,1.092035,0.078479,0.123613,0.742295,0.053890,0.113790,0.548432,0.013087,0.224672,1.073303,0.052801,0.108873,0.546008,0.038760,0.199315,0.949636
74,0.036635,0.046875,1.405697,0.063310,-0.056730,1.560628,0.073481,-0.178399,1.775926,0.316685,-0.176943,2.137340,0.312618,-0.013911,1.732923,0.176384,0.083752,1.212083,0.060827,0.141623,1.090024,0.077354,0.124097,0.741772,0.052893,0.113304,0.549749,0.011620,0.225893,1.100978,0.060380,0.136845,0.670968,0.044848,0.204179,0.982915
75,0.037294,0.044364,1.411429,0.061314,-0.063511,1.571780,0.072772,-0.180735,1.779688,0.314652,-0.177308,2.137247,0.315867,-0.014615,1.747316,0.177837,0.083887,1.222389,0.057359,0.141716,1.096813,0.077460,0.124806,0.748267,0.052489,0.108153,0.529000,0.011867,0.227120,1.112275,0.060530,0.151786,0.716267,0.031295,0.218564,1.005013
76,0.037681,0.051951,1.394842,0.065528,-0.050169,1.547012,0.073451,-0.174047,1.769467,0.319210,-0.176092,2.139531,0.319268,-0.014064,1.768053,0.178662,0.082820,1.233315,0.059722,0.142779,1.089859,0.078665,0.124579,0.747273,0.051653,0.109605,0.533055,0.012845,0.230379,1.107520,0.063830,0.189705,0.948160,0.028083,0.206892,1.043298
77,0.039421,0.042691,1.411685,0.066862,-0.062725,1.565556,0.075587,-0.179803,1.780501,0.317159,-0.171938,2.126562,0.319451,-0.019719,1.771670,0.176621,0.083481,1.216029,0.058257,0.140327,1.095298,0.078937,0.125030,0.747799,0.052419,0.111121,0.536605,0.001019,0.250078,1.260660,0.061984,0.173501,0.824298,0.020296,0.227929,1.165726
78,0.036743,0.047652,1.404630,0.062298,-0.057858,1.557126,0.075347,-0.178854,1.777189,0.323381,-0.173026,2.139735,0.325163,-0.015036,1.761905,0.175269,0.083833,1.222932,0.058059,0.141643,1.095980,0.078112,0.124329,0.744774,0.051916,0.104075,0.509352,0.011894,0.226261,1.051861,0.054104,0.103935,0.506135,0.039942,0.196703,0.896088
79,0.038804,0.044546,1.408701,0.065192,-0.061609,1.564219,0.073342,-0.180731,1.778625,0.316378,-0.171509,2.122607,0.320777,-0.018627,1.774015,0.177469,0.083286,1.228878,0.056643,0.141043,1.097815,0.078211,0.124881,0.749645,0.051605,0.099054,0.489904,0.010713,0.224747,1.075382,0.054035,0.094591,0.473459,0.036335,0.194962,0.909320
80,0.038483,0.047365,1.403118,0.061253,-0.057822,1.561548,0.070941,-0.172553,1.765001,0.319484,-0.180256,2.134955,0.323007,-0.024072,1.779373,0.179345,0.082574,1.230508,0.060262,0.142254,1.087538,0.080336,0.124248,0.747361,0.055591,0.100873,0.494472,0.010463,0.227353,1.106395,0.056690,0.103544,0.514534,0.048601,0.205854,0.997145
81,0.038083,0.043135,1.411385,0.059828,-0.063349,1.570839,0.074380,-0.179297,1.776824,0.311565,-0.174603,2.117340,0.311953,-0.017603,1.729908,0.177015,0.083075,1.231600,0.062034,0.139225,1.091769,0.080027,0.124870,0.753251,0.054054,0.117946,0.566986,0.010733,0.229504,1.112633,0.060190,0.098002,0.491313,0.051960,0.191122,0.921370
82,0.037799,0.043057,1.412314,0.058459,-0.067162,1.578315,0.072189,-0.179020,1.774899,0.317359,-0.179153,2.136348,0.325077,-0.026627,1.794334,0.179765,0.081616,1.238026,0.060848,0.141006,1.090200,0.078839,0.124333,0.747532,0.052785,0.114232,0.554414,0.011054,0.228336,1.091348,0.054519,0.093073,0.467965,0.053656,0.188447,0.924751
83,0.037371,0.044274,1.409951,0.059716,-0.063991,1.572391,0.074495,-0.181665,1.779491,0.313293,-0.175035,2.125739,0.319014,-0.023463,1.761862,0.176256,0.082825,1.226047,0.061499,0.139611,1.092500,0.079844,0.124327,0.750740,0.053866,0.119102,0.570480,0.010860,0.228937,1.096764,0.055619,0.099324,0.487048,0.052733,0.187640,0.912145
84,0.037764,0.042242,1.414112,0.057883,-0.069193,1.583161,0.073143,-0.180805,1.778858,0.313493,-0.175298,2.129129,0.330438,-0.027436,1.817637,0.177246,0.083351,1.232029,0.059346,0.141368,1.098572,0.079220,0.125067,0.751206,0.052862,0.113682,0.549043,0.008958,0.235383,1.146394,0.070798,0.266932,1.242471,0.034681,0.250477,1.318765
85,0.037834,0.045258,1.407943,0.053809,-0.063136,1.575301,0.072641,-0.176035,1.772429,0.319900,-0.176132,2.132832,0.324468,-0.020793,1.784272,0.178091,0.082933,1.231791,0.058506,0.141217,1.094630,0.079225,0.124900,0.755223,0.054697,0.113722,0.549367,0.011720,0.230556,1.105505,0.066380,0.180315,0.717123,0.028816,0.266964,1.196385
86,0.039167,0.044207,1.408858,0.063698,-0.061178,1.566007,0.075105,-0.177849,1.774752,0.316382,-0.174747,2.127705,0.325518,-0.020185,1.775537,0.175855,0.083038,1.222209,0.059428,0.140842,1.097768,0.080448,0.125501,0.763994,0.052013,0.102234,0.497630,0.011148,0.228730,1.097598,0.062663,0.142725,0.620065,0.042782,0.218191,0.958582
87,0.039149,0.043721,1.409893,0.056355,-0.064984,1.577887,0.073402,-0.176692,1.773248,0.320895,-0.175214,2.136491,0.316156,-0.016413,1.739172,0.176069,0.083737,1.215785,0.059527,0.140367,1.097086,0.080600,0.123863,0.754678,0.054111,0.107824,0.531041,0.012417,0.225014,1.107935,0.052292,0.117374,0.551725,0.032332,0.205424,0.933389
88,0.039857,0.041070,1.414862,0.066360,-0.065359,1.572588,0.076620,-0.182886,1.785603,0.319159,-0.173541,2.133738,0.307649,-0.008135,1.705375,0.175175,0.084579,1.216862,0.060299,0.139662,1.097272,0.079569,0.123282,0.752790,0.054470,0.111144,0.543151,0.011159,0.231804,1.102796,0.064526,0.171514,0.799676,0.034562,0.237109,1.161209
89,0.038512,0.042700,1.413203,0.059610,-0.069918,1.580353,0.074795,-0.181044,1.780297,0.322816,-0.172494,2.138290,0.311125,-0.009304,1.714518,0.175535,0.085065,1.206682,0.058340,0.140494,1.099613,0.078609,0.124194,0.750966,0.053404,0.109738,0.539303,0.012353,0.229660,1.094748,0.056372,0.130427,0.619086,0.032583,0.234684,1.087122
90,0.040173,0.044754,1.407305,0.064175,-0.061538,1.565567,0.073472,-0.179604,1.777293,0.319197,-0.171623,2.125795,0.315052,-0.011102,1.725538,0.175157,0.085148,1.203452,0.057760,0.140531,1.096017,0.078072,0.124274,0.746128,0.053058,0.108991,0.533218,0.009751,0.227515,1.101747,0.066078,0.207313,0.978985,0.042191,0.223055,1.131033
91,0.039733,0.045441,1.405819,0.063679,-0.056848,1.559640,0.071838,-0.173797,1.768583,0.316881,-0.179285,2.135393,0.323210,-0.023117,1.772972,0.181078,0.082728,1.233171,0.060360,0.141462,1.090027,0.079077,0.124011,0.745542,0.053820,0.110497,0.540616,0.010678,0.229208,1.120266,0.059296,0.122793,0.598872,0.045902,0.218356,1.072025
92,0.036804,0.042817,1.413745,0.062492,-0.065035,1.573997,0.073874,-0.180350,1.778136,0.315725,-0.177048,2.136884,0.329610,-0.026738,1.806746,0.180520,0.081939,1.231010,0.059514,0.140700,1.098147,0.077357,0.124956,0.747219,0.052764,0.109820,0.535809,0.009014,0.231925,1.129335,0.063726,0.207265,0.920187,0.017335,0.255716,1.195168
93,0.037953,0.045195,1.408378,0.066004,-0.060080,1.562217,0.073502,-0.179521,1.776163,0.315236,-0.173361,2.126303,0.311883,-0.018698,1.732379,0.176712,0.082981,1.220508,0.060619,0.139482,1.096565,0.079273,0.123200,0.739924,0.054932,0.115812,0.566861,0.003778,0.248819,1.247472,0.052450,0.118256,0.565318,0.032398,0.214131,1.042882
94,0.036764,0.047368,1.405202,0.063533,-0.050414,1.546357,0.072686,-0.175397,1.770599,0.317172,-0.176657,2.142384,0.319295,-0.017985,1.751599,0.177284,0.082652,1.209965,0.060241,0.141290,1.092660,0.077980,0.123981,0.740120,0.052828,0.114996,0.561609,0.008758,0.233313,1.113132,0.049865,0.108773,0.513271,0.032040,0.205903,0.965033
95,0.037128,0.048123,1.403451,0.063467,-0.051129,1.548382,0.073608,-0.176326,1.773141,0.313311,-0.175217,2.131485,0.328260,-0.023456,1.811059,0.181230,0.082878,1.239907,0.060137,0.141557,1.092602,0.077718,0.124347,0.741661,0.053349,0.116744,0.573812,0.011758,0.227897,1.121195,0.055011,0.132850,0.663878,0.036618,0.205629,1.040525
96,0.037227,0.046014,1.407150,0.059864,-0.058737,1.562559,0.073028,-0.177304,1.775374,0.315670,-0.176852,2.134296,0.333553,-0.026494,1.815976,0.181209,0.082013,1.239860,0.059509,0.139665,1.096203,0.077207,0.123913,0.744130,0.051041,0.101518,0.493707,0.007126,0.249403,1.250325,0.063380,0.253753,1.229017,0.032437,0.231950,1.225215
97,0.036251,0.046178,1.407497,0.064516,-0.054991,1.557055,0.073750,-0.179423,1.777007,0.316213,-0.174635,2.127116,0.319194,-0.022473,1.779362,0.182719,0.081729,1.255138,0.061193,0.139511,1.094555,0.078907,0.124216,0.743857,0.052832,0.114594,0.562966,0.011337,0.229565,1.093702,0.064173,0.270602,1.272693,0.018064,0.259380,1.334047
98,0.038210,0.041975,1.414833,0.062131,-0.069205,1.581558,0.075371,-0.180314,1.779809,0.317736,-0.170832,2.121052,0.316943,-0.020315,1.760914,0.181146,0.082028,1.241379,0.061221,0.139361,1.093340,0.078391,0.123783,0.739206,0.052702,0.110293,0.535518,0.010209,0.224605,1.094883,0.053716,0.106965,0.509294,0.036175,0.206145,0.935802
99,0.037910,0.038558,1.421385,0.059842,-0.071961,1.588570,0.074469,-0.179412,1.777745,0.316282,-0.172187,2.123696,0.322609,-0.023808,1.794475,0.182792,0.082138,1.239001,0.059819,0.141347,1.093170,0.078238,0.125169,0.743969,0.053164,0.107103,0.525646,0.008426,0.230694,1.119942,0.054091,0.118766,0.581846,0.031774,0.211538,1.040133
100,0.036205,0.044780,1.410491,0.063130,-0.057965,1.558797,0.073810,-0.179317,1.778963,0.316333,-0.173956,2.128881,0.318577,-0.019672,1.765461,0.178572,0.082900,1.224037,0.059927,0.139751,1.096549,0.078006,0.125061,0.752230,0.052829,0.114593,0.555686,0.009504,0.228634,1.118984,0.056835,0.138202,0.683216,0.032760,0.221627,1.075305
101,0.034136,0.053205,1.395435,0.061559,-0.049179,1.548699,0.071974,-0.173612,1.769419,0.316453,-0.175037,2.128442,0.328329,-0.022150,1.803614,0.180294,0.082562,1.235789,0.059408,0.141014,1.095695,0.078564,0.124898,0.752192,0.053845,0.098393,0.485744,0.013559,0.225112,1.097560,0.057613,0.171559,0.849187,0.033216,0.230259,1.142886
102,0.032616,0.049546,1.403975,0.061528,-0.057692,1.560589,0.072607,-0.178873,1.777570,0.311987,-0.174408,2.129946,0.320823,-0.021825,1.775355,0.180829,0.081448,1.232442,0.058924,0.140053,1.098195,0.077577,0.125459,0.761504,0.053328,0.107821,0.527054,0.009199,0.229578,1.109122,0.055980,0.107119,0.516762,0.049161,0.200503,0.915346
103,0.034865,0.047610,1.406123,0.056400,-0.058742,1.566272,0.071462,-0.172655,1.766622,0.314625,-0.174487,2.125921,0.318424,-0.013569,1.743324,0.181825,0.081037,1.239490,0.060599,0.143242,1.080694,0.079417,0.123475,0.747038,0.052629,0.107937,0.531019,0.012601,0.225743,1.105706,0.064049,0.153341,0.734949,0.046115,0.231460,1.121415
104,0.036465,0.043077,1.413361,0.058395,-0.068703,1.581756,0.073813,-0.181596,1.780106,0.308730,-0.168202,2.114347,0.312182,-0.010661,1.735948,0.177791,0.082206,1.227586,0.060994,0.139884,1.099268,0.077581,0.125763,0.752494,0.053377,0.110533,0.535411,0.009392,0.229193,1.112764,0.065207,0.163012,0.793091,0.037330,0.230349,1.176165
105,0.034484,0.045952,1.409636,0.059124,-0.048021,1.545983,0.072078,-0.172539,1.765363,0.318835,-0.176716,2.141587,0.318855,-0.013912,1.740991,0.179552,0.081264,1.224739,0.060020,0.143233,1.082296,0.079457,0.123155,0.743539,0.053596,0.112015,0.542493,0.011564,0.229806,1.111838,0.055538,0.111842,0.534532,0.049630,0.210708,0.985303
106,0.037233,0.042046,1.414646,0.063378,-0.063523,1.566679,0.072224,-0.176017,1.772702,0.315155,-0.172571,2.130159,0.313839,-0.015792,1.753832,0.180589,0.082728,1.236911,0.058889,0.142612,1.088889,0.077136,0.124696,0.742493,0.052578,0.113630,0.557892,0.010291,0.230046,1.132163,0.061345,0.180624,0.854658,0.027050,0.231563,1.135308
107,0.036058,0.041364,1.417022,0.058718,-0.069524,1.583999,0.074764,-0.181622,1.779268,0.320083,-0.172128,2.136640,0.309901,-0.009538,1.721689,0.176450,0.083093,1.217331,0.060435,0.139533,1.094969,0.078032,0.123135,0.740539,0.052177,0.108976,0.534119,0.008566,0.231939,1.120231,0.067250,0.238901,1.126504,0.037920,0.220348,1.196968
108,0.036126,0.044062,1.411928,0.058612,-0.066238,1.575506,0.073411,-0.185352,1.788003,0.317894,-0.170350,2.126571,0.312353,-0.009596,1.733072,0.177269,0.084228,1.219483,0.058924,0.137412,1.103753,0.077584,0.124058,0.751196,0.050526,0.108524,0.530429,0.013477,0.226400,1.108617,0.062222,0.194991,0.928831,0.023504,0.245185,1.233175
109,0.035061,0.039928,1.420908,0.052150,-0.073072,1.594885,0.070803,-0.181070,1.779084,0.320923,-0.178280,2.138076,0.313529,-0.016705,1.744024,0.180699,0.082696,1.240627,0.059886,0.140402,1.092684,0.080324,0.123162,0.752093,0.054098,0.105161,0.519755,0.012605,0.225058,1.097086,0.051578,0.112461,0.541133,0.044467,0.202403,0.936452
110,0.035201,0.041980,1.416761,0.056976,-0.074117,1.587774,0.072273,-0.185427,1.786311,0.315961,-0.176506,2.140093,0.322872,-0.018709,1.770124,0.180860,0.081716,1.236031,0.058874,0.137825,1.104334,0.077754,0.124326,0.762638,0.051048,0.109557,0.533592,0.006183,0.250199,1.237200,0.052661,0.115583,0.550351,0.039656,0.201206,0.990497
111,0.034815,0.042320,1.415411,0.053076,-0.075785,1.596382,0.072455,-0.181754,1.780301,0.323562,-0.178468,2.143239,0.318202,-0.020259,1.754792,0.180803,0.082862,1.233116,0.059862,0.138712,1.096752,0.080326,0.122400,0.750673,0.053090,0.108480,0.538731,0.012023,0.226035,1.095380,0.058801,0.178251,0.847286,0.024450,0.240167,1.145987
112,0.035491,0.040025,1.419569,0.053615,-0.075779,1.593491,0.070558,-0.186807,1.787704,0.317690,-0.176179,2.142602,0.321916,-0.022250,1.779824,0.181871,0.081458,1.236274,0.058205,0.139494,1.098293,0.077991,0.123704,0.748435,0.052117,0.105944,0.520216,0.011197,0.229780,1.100832,0.053819,0.118058,0.559483,0.039175,0.200966,0.932206
113,0.035998,0.042417,1.414967,0.051355,-0.072701,1.587174,0.068494,-0.183646,1.784165,0.320006,-0.176530,2.154387,0.319680,-0.018111,1.777585,0.172803,0.082495,1.185324,0.057200,0.141012,1.098034,0.076840,0.122931,0.744109,0.053864,0.109889,0.547068,0.010328,0.228483,1.114476,0.051721,0.116946,0.552380,0.033175,0.204018,0.932076
114,0.037385,0.045426,1.407587,0.052872,-0.064097,1.569275,0.067365,-0.178934,1.774274,0.320967,-0.174464,2.147503,0.316676,-0.015617,1.765525,0.171888,0.087559,1.182993,0.058474,0.139261,1.099287,0.077269,0.121908,0.742139,0.053159,0.108888,0.542183,0.009980,0.230022,1.103153,0.057811,0.143193,0.748374,0.038777,0.197793,1.073071
115,0.035243,0.042510,1.415621,0.052222,-0.065900,1.574269,0.066778,-0.179445,1.775073,0.319364,-0.173132,2.137847,0.307897,-0.016182,1.754093,0.174380,0.087043,1.195464,0.059996,0.139081,1.095107,0.078616,0.121245,0.731195,0.055587,0.118581,0.585779,0.006937,0.230796,1.134328,0.060955,0.163300,0.796977,0.037835,0.219549,1.078981
116,0.034739,0.042570,1.415224,0.052778,-0.074544,1.586059,0.067340,-0.180867,1.777475,0.324005,-0.177635,2.152809,0.314478,-0.023343,1.782398,0.183062,0.083260,1.231451,0.059702,0.139173,1.094280,0.078366,0.121265,0.734315,0.053116,0.117287,0.574461,0.007060,0.229148,1.136279,0.057547,0.127112,0.609954,0.039036,0.207077,1.003742
117,0.033289,0.039779,1.422459,0.041768,-0.077854,1.597270,0.066730,-0.184010,1.783133,0.323098,-0.176593,2.158331,0.309088,-0.020785,1.779434,0.178158,0.085001,1.219135,0.058054,0.140168,1.097400,0.077964,0.121683,0.733262,0.053301,0.116858,0.575512,0.007911,0.232776,1.147902,0.059039,0.153244,0.733987,0.034831,0.215144,1.037407
118,0.035580,0.032645,1.435087,0.049622,-0.076649,1.589887,0.072465,-0.189365,1.790146,0.320838,-0.168205,2.141524,0.298495,-0.011723,1.741661,0.176870,0.085955,1.204527,0.056735,0.139575,1.101605,0.076457,0.122808,0.739901,0.053172,0.111484,0.549186,0.008415,0.230102,1.109919,0.060059,0.137193,0.655425,0.042365,0.205377,0.967160
119,0.032218,0.035592,1.432901,0.046525,-0.075229,1.589365,0.071196,-0.190848,1.789712,0.321705,-0.171736,2.151451,0.305106,-0.018338,1.777937,0.178430,0.083488,1.211060,0.056658,0.138881,1.104062,0.077479,0.122963,0.750595,0.052261,0.108285,0.524438,0.011053,0.229278,1.102654,0.057079,0.116365,0.576868,0.050454,0.183037,0.912543
120,0.031897,0.034222,1.436106,0.053305,-0.071326,1.584241,0.071423,-0.192002,1.792161,0.318395,-0.171308,2.139131,0.303147,-0.013389,1.765198,0.176460,0.084851,1.207972,0.056117,0.139434,1.101893,0.076817,0.122870,0.753532,0.051738,0.108572,0.524523,0.011350,0.227732,1.093891,0.061381,0.124964,0.649112,0.051258,0.186160,0.949875
121,0.035735,0.046539,1.407451,0.047568,-0.062406,1.569529,0.066118,-0.182519,1.776812,0.321293,-0.175620,2.146707,0.310423,-0.020911,1.791463,0.175329,0.085799,1.192931,0.055503,0.142175,1.097461,0.077394,0.124038,0.751488,0.052027,0.104265,0.514242,0.008405,0.229670,1.091918,0.054417,0.107000,0.490305,0.040959,0.203489,0.923573
122,0.036410,0.047305,1.404762,0.054263,-0.052802,1.551712,0.067419,-0.187485,1.785407,0.317515,-0.179535,2.145799,0.314922,-0.027377,1.819164,0.175754,0.086430,1.207560,0.056992,0.140891,1.093328,0.077004,0.122582,0.748527,0.052670,0.105460,0.517510,0.011407,0.224170,1.064878,0.055714,0.093943,0.463758,0.055997,0.178711,0.896104
123,0.030917,0.041936,1.420675,0.050650,-0.049812,1.545027,0.065402,-0.190821,1.787183,0.315250,-0.182859,2.140839,0.312924,-0.028125,1.821200,0.172152,0.086830,1.187362,0.056455,0.141028,1.093954,0.076459,0.121508,0.741124,0.054283,0.112896,0.552618,0.010776,0.222528,1.071722,0.060271,0.123392,0.619755,0.044910,0.195704,1.007245
124,0.028296,0.030320,1.445590,0.035599,-0.084993,1.609197,0.065386,-0.198090,1.794727,0.314753,-0.184420,2.143576,0.316993,-0.032422,1.850871,0.172732,0.088343,1.186105,0.052786,0.138752,1.111633,0.076807,0.122965,0.756384,0.052324,0.115099,0.560394,0.010713,0.225737,1.108564,0.056591,0.125720,0.584185,0.028813,0.221940,1.014989
125,0.029877,0.045677,1.413548,0.039320,-0.071086,1.582936,0.063984,-0.187968,1.779659,0.317114,-0.190952,2.156745,0.328168,-0.036331,1.863186,0.172449,0.088208,1.188103,0.052965,0.141515,1.101681,0.075627,0.123735,0.758398,0.053280,0.107324,0.529000,0.011794,0.225214,1.094423,0.055190,0.131499,0.591799,0.025768,0.216991,0.933265
126,0.030040,0.045059,1.415144,0.039708,-0.071823,1.587134,0.060999,-0.188401,1.778957,0.314948,-0.189776,2.147662,0.323886,-0.036797,1.852797,0.174790,0.087547,1.197237,0.052436,0.141548,1.104726,0.075968,0.124148,0.759696,0.054131,0.106273,0.521217,0.011276,0.228343,1.084577,0.052534,0.124597,0.578517,0.032806,0.198785,0.922565
127,0.027757,0.046075,1.415705,0.040007,-0.061670,1.571593,0.061544,-0.188324,1.781228,0.309552,-0.192845,2.143410,0.319968,-0.037152,1.852506,0.175268,0.086713,1.199335,0.053445,0.142123,1.095377,0.076205,0.122785,0.754717,0.055771,0.112286,0.551754,0.009945,0.230868,1.109655,0.055889,0.116650,0.560511,0.043581,0.203457,0.962799
128,0.031608,0.037745,1.428135,0.042386,-0.070184,1.579365,0.058878,-0.192805,1.786628,0.309074,-0.195847,2.142526,0.330532,-0.045952,1.892427,0.179638,0.084854,1.220965,0.052949,0.140602,1.101511,0.076236,0.122131,0.754266,0.055057,0.112370,0.556732,0.008608,0.233239,1.130148,0.058029,0.138222,0.663764,0.037573,0.216502,1.017739
129,0.030613,0.041220,1.421706,0.038575,-0.051607,1.553244,0.057351,-0.190036,1.782075,0.310057,-0.200451,2.148841,0.327715,-0.042904,1.881784,0.178592,0.084535,1.216599,0.052015,0.142226,1.095489,0.075039,0.122055,0.743772,0.054412,0.110129,0.541879,0.010059,0.228174,1.118712,0.057391,0.144893,0.669945,0.030900,0.220408,0.970761
130,0.029019,0.041455,1.423876,0.035453,-0.067338,1.578444,0.055746,-0.196835,1.790178,0.307806,-0.200618,2.141084,0.332061,-0.044992,1.900291,0.179176,0.085052,1.216985,0.055655,0.140219,1.098086,0.078627,0.119577,0.746790,0.059449,0.126380,0.618927,0.012050,0.228954,1.122241,0.060226,0.107140,0.514189,0.055598,0.215898,0.966120
131,0.025727,0.038690,1.431123,0.035500,-0.071937,1.588139,0.056646,-0.201446,1.797278,0.305992,-0.206547,2.151297,0.343227,-0.060445,1.948705,0.183130,0.083007,1.243513,0.052309,0.140900,1.104599,0.076672,0.121909,0.751149,0.056342,0.111718,0.550881,0.007712,0.233426,1.160649,0.062084,0.132728,0.589503,0.035090,0.241302,1.030246
132,0.024034,0.039960,1.430334,0.033928,-0.071458,1.589414,0.054035,-0.202436,1.796905,0.306779,-0.209023,2.156056,0.341232,-0.056721,1.935244,0.178962,0.083782,1.216696,0.052919,0.139174,1.106176,0.077531,0.120075,0.746612,0.053966,0.110202,0.544994,0.009854,0.231178,1.142462,0.060145,0.141739,0.634788,0.044559,0.218210,1.017693
133,0.026704,0.043139,1.420896,0.037926,-0.071584,1.589349,0.055860,-0.205797,1.802299,0.305324,-0.208803,2.153869,0.343482,-0.056122,1.943391,0.178038,0.084760,1.208034,0.053511,0.141858,1.097636,0.077219,0.120631,0.741619,0.055011,0.119275,0.568914,0.012721,0.226658,1.094186,0.054566,0.107014,0.457470,0.043588,0.213286,0.928065
134,0.026472,0.040618,1.427269,0.034116,-0.075661,1.593037,0.053613,-0.205132,1.799753,0.304973,-0.212784,2.161087,0.340824,-0.056626,1.938965,0.180428,0.083910,1.222278,0.054641,0.141853,1.095251,0.077889,0.120970,0.741360,0.053625,0.117954,0.565359,0.009997,0.222660,1.095450,0.055237,0.114259,0.495937,0.043660,0.222745,0.987058
135,0.022765,0.046889,1.418365,0.033018,-0.060633,1.571732,0.052242,-0.198418,1.788685,0.302261,-0.212311,2.150262,0.342952,-0.058114,1.952902,0.182601,0.082643,1.237352,0.054119,0.143144,1.089272,0.077323,0.119895,0.729283,0.056328,0.110521,0.536108,0.009113,0.225116,1.108852,0.055498,0.093554,0.425761,0.049009,0.207445,0.902748
136,0.021202,0.045732,1.421650,0.032900,-0.062295,1.571725,0.051022,-0.204084,1.795953,0.300449,-0.217246,2.156550,0.335251,-0.056234,1.918567,0.179899,0.083641,1.222971,0.052950,0.139337,1.105224,0.077000,0.120870,0.744434,0.053024,0.116427,0.555425,0.009310,0.224391,1.105175,0.054494,0.114995,0.536651,0.038553,0.203829,0.934422
137,0.017700,0.043651,1.429373,0.030047,-0.065087,1.580118,0.050950,-0.202901,1.792549,0.299898,-0.218086,2.158788,0.333076,-0.052182,1.920843,0.177768,0.083414,1.209625,0.053847,0.140796,1.100505,0.077498,0.121549,0.743007,0.052735,0.116653,0.550326,0.011546,0.220518,1.073523,0.053813,0.120064,0.560212,0.036201,0.211224,1.021930
138,0.018760,0.047823,1.420115,0.030277,-0.066767,1.583446,0.049998,-0.203340,1.794703,0.300236,-0.219572,2.162456,0.334359,-0.050683,1.910991,0.177940,0.085699,1.205924,0.053658,0.140106,1.100403,0.076555,0.119672,0.735067,0.054088,0.116942,0.561785,0.008938,0.222733,1.096587,0.052482,0.099291,0.470407,0.038244,0.207607,0.941434
139,0.015289,0.040943,1.436298,0.030742,-0.066390,1.577652,0.053279,-0.204997,1.796931,0.302875,-0.218352,2.161956,0.323074,-0.044904,1.890814,0.177313,0.083161,1.210871,0.055261,0.139716,1.100914,0.078081,0.119551,0.745226,0.055200,0.115939,0.561409,0.007710,0.224685,1.115335,0.054452,0.108689,0.521055,0.043046,0.209533,0.986503
140,0.014429,0.044595,1.429702,0.029441,-0.052214,1.560231,0.050104,-0.200418,1.788492,0.299215,-0.218220,2.146805,0.320849,-0.043921,1.879774,0.178219,0.083698,1.213815,0.055287,0.141044,1.101886,0.079287,0.121989,0.751651,0.053728,0.111986,0.532651,0.006341,0.225923,1.105364,0.053694,0.111403,0.527423,0.037914,0.219581,1.030662
141,0.019200,0.044788,1.425039,0.033898,-0.065302,1.575802,0.049110,-0.200704,1.789323,0.298710,-0.213743,2.144182,0.314978,-0.041016,1.847996,0.170405,0.084848,1.166017,0.054265,0.140694,1.099641,0.076731,0.120784,0.741107,0.052023,0.119508,0.569762,0.010038,0.227296,1.106710,0.055227,0.100921,0.493811,0.046890,0.207339,0.914224
142,0.014168,0.046135,1.426385,0.029431,-0.051074,1.553390,0.048024,-0.202583,1.792966,0.302759,-0.220255,2.166726,0.306475,-0.033859,1.822389,0.172606,0.084576,1.173622,0.054287,0.139701,1.104790,0.077469,0.118576,0.739160,0.051977,0.124509,0.607873,0.006742,0.229192,1.129355,0.058700,0.124629,0.605748,0.044674,0.205216,0.997299
143,0.014807,0.050556,1.416481,0.030451,-0.048424,1.551010,0.048509,-0.200948,1.788866,0.301751,-0.218458,2.154832,0.306652,-0.034345,1.814106,0.174599,0.084789,1.185581,0.053317,0.139889,1.110311,0.077695,0.120280,0.747849,0.055759,0.116980,0.553211,0.009334,0.224414,1.097352,0.056346,0.126872,0.589656,0.034903,0.217939,1.057893
144,0.016285,0.045688,1.424461,0.029134,-0.054418,1.561947,0.047727,-0.203455,1.792547,0.300153,-0.219331,2.151891,0.311215,-0.040212,1.842777,0.174489,0.086360,1.196072,0.052763,0.138589,1.109845,0.076445,0.119906,0.734855,0.051088,0.110578,0.536744,0.008343,0.228020,1.116063,0.055132,0.132103,0.599465,0.030806,0.222111,1.060955
145,0.015119,0.047210,1.422857,0.034492,-0.059537,1.567248,0.047835,-0.209378,1.797722,0.298180,-0.223876,2.158782,0.318313,-0.051272,1.886192,0.181751,0.084036,1.233008,0.054293,0.138130,1.107079,0.077123,0.118626,0.738845,0.050257,0.112413,0.543191,0.008798,0.228373,1.118684,0.060747,0.177811,0.853736,0.033586,0.235542,1.190180
146,0.013431,0.045293,1.430500,0.033649,-0.059708,1.570905,0.048452,-0.207369,1.792603,0.296212,-0.223118,2.153282,0.313489,-0.046614,1.845324,0.180695,0.084239,1.223100,0.050371,0.143530,1.106492,0.073962,0.122779,0.734434,0.063103,0.168368,0.816410,0.005393,0.230420,1.115524,0.065312,0.305116,1.232385,0.014736,0.311905,1.344119
147,0.017594,0.053558,1.407686,0.033261,-0.063718,1.568002,0.049467,-0.210030,1.794821,0.297800,-0.224369,2.159949,0.320684,-0.051461,1.887760,0.181887,0.083944,1.239387,0.054503,0.139733,1.097705,0.076373,0.118924,0.722557,0.051347,0.111705,0.533664,0.004426,0.229049,1.137876,0.067558,0.169439,0.731458,0.052254,0.268569,1.141434
148,0.012892,0.040417,1.440720,0.035658,-0.080682,1.604802,0.052910,-0.216799,1.805395,0.297757,-0.218981,2.143873,0.312402,-0.040294,1.852628,0.178393,0.084977,1.218035,0.051225,0.141169,1.108301,0.075231,0.120929,0.735595,0.063767,0.167253,0.798020,0.009805,0.231064,1.107688,0.068489,0.209683,0.885490,0.027541,0.276337,1.285607
149,0.016729,0.048382,1.419618,0.035329,-0.069076,1.583887,0.050439,-0.207721,1.794819,0.299046,-0.224084,2.144021,0.321554,-0.048207,1.896001,0.177998,0.086151,1.209031,0.055600,0.136717,1.103431,0.076228,0.117747,0.729927,0.049935,0.110066,0.536250,0.005913,0.224655,1.130393,0.064342,0.138975,0.676443,0.052596,0.235567,1.157448
150,0.013449,0.046359,1.427585,0.030492,-0.051229,1.562833,0.050203,-0.207736,1.793610,0.301628,-0.233431,2.167202,0.340582,-0.058858,1.980771,0.182623,0.083725,1.239440,0.050935,0.143879,1.097536,0.073662,0.120669,0.732152,0.069891,0.169336,0.810644,0.006395,0.229098,1.125085,0.070867,0.303568,1.203868,0.002907,0.323926,1.424795
151,0.014257,0.052062,1.415617,0.035714,-0.058625,1.570617,0.049406,-0.208058,1.793980,0.302424,-0.228404,2.159990,0.316115,-0.035764,1.852756,0.180058,0.085179,1.222400,0.053593,0.140438,1.103265,0.076765,0.121134,0.737131,0.049396,0.114950,0.546039,0.007159,0.226238,1.090917,0.058631,0.127923,0.612102,0.044990,0.239671,1.145127
152,0.012008,0.043873,1.431024,0.030057,-0.056859,1.565394,0.047475,-0.202303,1.787109,0.302797,-0.231060,2.170633,0.329093,-0.052229,1.917819,0.181251,0.084305,1.227783,0.055257,0.141136,1.092942,0.075712,0.118070,0.721421,0.051191,0.106420,0.531794,0.009086,0.225387,1.126038,0.060937,0.146271,0.678051,0.040677,0.257663,1.189163
153,0.013568,0.047871,1.423874,0.028985,-0.046962,1.557919,0.047128,-0.203522,1.789112,0.302777,-0.235813,2.172945,0.334180,-0.050879,1.959494,0.180327,0.084923,1.229215,0.051701,0.144449,1.094982,0.074632,0.121247,0.732084,0.051850,0.110140,0.534617,0.007992,0.230769,1.120456,0.064867,0.200533,0.856776,0.016228,0.291372,1.322111
154,0.010597,0.050470,1.423302,0.028642,-0.056731,1.572744,0.048117,-0.208029,1.792111,0.303840,-0.231340,2.164236,0.324012,-0.041432,1.876247,0.177158,0.086165,1.211987,0.053483,0.140363,1.099316,0.075637,0.119273,0.730645,0.052946,0.110005,0.550949,0.005785,0.231733,1.134148,0.062792,0.154981,0.699358,0.042858,0.273657,1.222660
155,0.014658,0.046064,1.425312,0.029862,-0.045669,1.547872,0.048000,-0.210765,1.797702,0.302593,-0.233999,2.165615,0.330866,-0.052493,1.924219,0.179307,0.085002,1.227028,0.055043,0.139910,1.096177,0.075644,0.117910,0.725416,0.052702,0.113230,0.561543,0.008521,0.232829,1.158979,0.074148,0.377004,1.473555,0.022208,0.324333,1.457550
156,0.014677,0.049424,1.417806,0.028694,-0.044798,1.549410,0.047225,-0.211135,1.796233,0.302572,-0.237019,2.163011,0.327152,-0.056224,1.916528,0.178421,0.085171,1.233030,0.053693,0.142462,1.092385,0.076271,0.120268,0.734135,0.053181,0.101872,0.501955,0.008210,0.227725,1.111041,0.069627,0.224935,0.866609,0.014501,0.305447,1.349435
157,0.013183,0.043885,1.429732,0.028340,-0.050444,1.560228,0.047776,-0.212126,1.800378,0.304595,-0.238507,2.171607,0.331776,-0.060763,1.942392,0.185240,0.082966,1.261753,0.053743,0.139837,1.094016,0.075276,0.116912,0.719337,0.054552,0.116395,0.584499,0.010603,0.231945,1.146268,0.066060,0.253889,1.072023,0.017192,0.298888,1.373566
158,0.012350,0.047692,1.424037,0.027672,-0.053627,1.564533,0.045664,-0.210814,1.794403,0.304415,-0.236968,2.165486,0.330445,-0.054579,1.921376,0.182286,0.084145,1.244301,0.054824,0.143059,1.092689,0.078698,0.121279,0.744508,0.053854,0.109371,0.531398,0.015279,0.224047,1.071141,0.060709,0.155138,0.698356,0.029585,0.289202,1.327102
159,0.013500,0.046457,1.426148,0.028130,-0.049479,1.558125,0.047825,-0.214972,1.800656,0.307239,-0.237626,2.168295,0.327968,-0.052421,1.920857,0.182303,0.084118,1.247363,0.055286,0.139881,1.092454,0.077516,0.117357,0.728430,0.053519,0.111698,0.560840,0.009580,0.234560,1.154929,0.080638,0.361290,1.543224,0.060988,0.265673,1.346347
160,0.007579,0.050175,1.423962,0.027130,-0.047546,1.557901,0.044970,-0.212706,1.796372,0.309029,-0.243554,2.191452,0.331714,-0.050528,1.917781,0.177631,0.085305,1.210867,0.055022,0.143134,1.092714,0.078648,0.120257,0.733972,0.068906,0.163732,0.793902,0.011300,0.226982,1.104467,0.054308,0.067709,0.308414,0.035869,0.240745,1.057402
161,0.013161,0.044651,1.429916,0.026930,-0.060302,1.573856,0.046475,-0.214847,1.799263,0.308752,-0.238703,2.181252,0.322010,-0.041549,1.889990,0.177415,0.087740,1.199886,0.056745,0.140069,1.097667,0.079312,0.119169,0.727986,0.050771,0.107191,0.514599,0.008816,0.226071,1.124762,0.057076,0.117681,0.595549,0.050450,0.211180,1.094496
162,0.012817,0.041275,1.436146,0.027989,-0.052492,1.563948,0.046629,-0.213943,1.797733,0.307285,-0.242013,2.188696,0.332415,-0.050748,1.913550,0.178653,0.086374,1.213886,0.054436,0.141055,1.099813,0.078901,0.119992,0.737554,0.049601,0.107108,0.515106,0.010640,0.225520,1.110228,0.064114,0.186856,0.882113,0.024146,0.277159,1.357073
163,0.010497,0.042056,1.436832,0.025149,-0.057110,1.571156,0.044716,-0.213413,1.795204,0.308785,-0.241640,2.186924,0.329304,-0.046167,1.906380,0.176625,0.087071,1.199060,0.056473,0.140023,1.100611,0.081945,0.119133,0.747426,0.050157,0.111028,0.541545,0.007951,0.226780,1.114021,0.062427,0.103400,0.541643,0.075340,0.196449,1.042662
164,0.010847,0.044744,1.432565,0.027524,-0.050261,1.561205,0.047766,-0.214330,1.797452,0.307832,-0.243374,2.187506,0.335179,-0.053559,1.948647,0.172820,0.086789,1.190566,0.057663,0.139772,1.093963,0.080599,0.117044,0.727790,0.053680,0.103859,0.514806,0.000758,0.252387,1.271856,0.062684,0.121342,0.602827,0.056197,0.241959,1.130922
165,0.005771,0.039384,1.447865,0.029080,-0.064533,1.585968,0.049157,-0.225283,1.812045,0.307761,-0.248277,2.198199,0.336486,-0.057918,1.944533,0.171704,0.088808,1.175840,0.053047,0.137837,1.114083,0.078354,0.119510,0.749274,0.054332,0.110684,0.548509,0.008683,0.232360,1.127429,0.073809,0.277423,1.129636,0.026043,0.301474,1.358159
166,0.007534,0.042974,1.437461,0.027075,-0.061550,1.583229,0.045850,-0.220617,1.806384,0.306964,-0.243708,2.184354,0.344950,-0.056074,1.965774,0.173462,0.088831,1.179949,0.056932,0.138275,1.105828,0.081657,0.117915,0.744125,0.051379,0.109602,0.535184,0.000934,0.250553,1.258531,0.060551,0.115053,0.578471,0.070608,0.206934,1.093234
167,0.008849,0.040480,1.442934,0.027938,-0.065983,1.590305,0.046789,-0.219306,1.805436,0.304578,-0.242787,2.180519,0.344563,-0.059650,1.962707,0.177861,0.086517,1.209581,0.056195,0.139773,1.096843,0.079045,0.118603,0.735489,0.053374,0.107674,0.525385,-0.006715,0.261100,1.290724,0.064992,0.154381,0.703399,0.041939,0.261332,1.234143
168,0.010954,0.045971,1.429877,0.027999,-0.057806,1.578691,0.044963,-0.221302,1.808518,0.305830,-0.241307,2.181407,0.338461,-0.058132,1.951463,0.176331,0.087171,1.196381,0.054861,0.139509,1.102178,0.078645,0.119281,0.736848,0.053551,0.103656,0.512905,-0.000661,0.261831,1.264950,0.066396,0.181802,0.779231,0.031274,0.272668,1.270022
169,0.007423,0.050791,1.424107,0.029085,-0.060998,1.586896,0.044115,-0.217045,1.801581,0.304337,-0.242953,2.180950,0.349296,-0.060477,1.960211,0.172123,0.088334,1.183861,0.053922,0.139586,1.101050,0.077896,0.118746,0.730463,0.054763,0.110008,0.529672,0.000570,0.260086,1.256055,0.074319,0.238730,0.984829,0.038887,0.297700,1.290959
170,0.009540,0.047259,1.429044,0.028499,-0.071803,1.601661,0.041659,-0.222901,1.805901,0.304635,-0.246012,2.174012,0.353821,-0.063484,1.981417,0.173482,0.088995,1.199439,0.053161,0.139129,1.102527,0.078518,0.118665,0.734950,0.063167,0.174441,0.824969,0.004028,0.259959,1.245829,0.073709,0.320172,1.344353,0.033370,0.301571,1.412904
171,0.007692,0.044694,1.436713,0.029211,-0.069971,1.598991,0.044157,-0.227337,1.809973,0.301715,-0.247202,2.167952,0.341036,-0.065725,1.952388,0.174129,0.087336,1.206538,0.053359,0.139619,1.101344,0.077414,0.118847,0.734206,0.061234,0.171901,0.778251,0.001359,0.268388,1.280419,0.070594,0.423527,1.538722,0.013210,0.348193,1.502995
172,0.006286,0.047607,1.433137,0.026502,-0.061952,1.580580,0.041466,-0.228721,1.811679,0.303153,-0.255782,2.182108,0.344974,-0.071250,1.979327,0.171346,0.087272,1.191588,0.051868,0.136737,1.112202,0.077492,0.116821,0.736749,0.063856,0.188007,0.854973,-0.002704,0.274654,1.324582,0.068782,0.290385,1.139244,0.026773,0.323805,1.374138
173,0.005055,0.056990,1.415488,0.026005,-0.052762,1.571003,0.040740,-0.227207,1.806326,0.303197,-0.252620,2.175459,0.336880,-0.055937,1.936262,0.168123,0.088949,1.170746,0.053030,0.141471,1.102074,0.078671,0.118329,0.730948,0.055730,0.188186,0.869741,0.001979,0.265488,1.246560,0.085065,0.226106,1.083433,0.064828,0.245283,1.301499
174,0.003947,0.047038,1.435858,0.027445,-0.059136,1.578728,0.044271,-0.230625,1.812507,0.301092,-0.254585,2.177924,0.344739,-0.056902,1.951342,0.163259,0.090486,1.150957,0.050983,0.142194,1.099260,0.075264,0.116966,0.720451,0.057740,0.208105,0.964356,-0.003073,0.276231,1.332923,0.089088,0.329110,1.325236,0.043984,0.319819,1.376696
175,0.010220,0.056329,1.410982,0.022813,-0.055524,1.576855,0.039234,-0.233165,1.810033,0.306740,-0.260800,2.195074,0.346944,-0.055609,1.975218,0.162748,0.091069,1.138637,0.053540,0.139694,1.105304,0.080092,0.116494,0.730938,0.061748,0.180735,0.825760,0.001828,0.270715,1.276162,0.062651,0.134195,0.638501,0.037281,0.298263,1.320613
176,0.002515,0.045597,1.440750,0.023291,-0.066131,1.593930,0.042618,-0.239289,1.818749,0.302923,-0.259705,2.184587,0.333938,-0.047346,1.909291,0.168251,0.090289,1.163015,0.053791,0.141624,1.098123,0.079234,0.117316,0.721145,0.065536,0.176463,0.797111,-0.003182,0.276464,1.298673,0.075662,0.206897,0.985656,0.048327,0.276261,1.347214
177,-0.001796,0.038802,1.456271,0.013129,-0.085275,1.625909,0.036729,-0.239603,1.815125,0.300446,-0.259964,2.170352,0.337374,-0.056718,1.941949,0.176039,0.087267,1.205117,0.051900,0.141240,1.100099,0.079453,0.116647,0.714659,0.070095,0.170212,0.779669,0.001164,0.274797,1.293596,0.086925,0.355687,1.519800,0.033023,0.326662,1.481380
178,-0.002227,0.038417,1.459006,0.020256,-0.067152,1.598461,0.042655,-0.244800,1.824507,0.303496,-0.268155,2.180064,0.339256,-0.056109,1.929380,0.171512,0.087469,1.191309,0.047846,0.140659,1.111797,0.075717,0.117827,0.726023,0.063810,0.197966,0.896314,-0.000831,0.278602,1.321510,0.064846,0.327025,1.249193,0.001642,0.362171,1.450067
179,-0.001807,0.039575,1.455484,0.016732,-0.087136,1.628306,0.040366,-0.245315,1.820562,0.303808,-0.269686,2.185727,0.346709,-0.058801,1.951065,0.168763,0.089043,1.177493,0.050575,0.143759,1.098641,0.077027,0.116718,0.716120,0.068109,0.175436,0.789377,0.000007,0.274376,1.282034,0.075552,0.333349,1.422727,0.040505,0.310302,1.423346
180,0.001346,0.037039,1.458955,0.016596,-0.098599,1.647566,0.040472,-0.246233,1.817640,0.300669,-0.267982,2.170716,0.336106,-0.055804,1.929995,0.166758,0.089818,1.165150,0.050506,0.143801,1.098397,0.076059,0.117249,0.724230,0.068520,0.182658,0.821955,-0.001041,0.280261,1.304726,0.103552,0.303244,1.353854,0.063883,0.279406,1.336740
181,0.002889,0.042344,1.445325,0.013362,-0.090553,1.637361,0.039282,-0.248943,1.821547,0.306797,-0.273337,2.187088,0.336823,-0.055274,1.934926,0.168391,0.089915,1.167196,0.047823,0.144135,1.102641,0.075784,0.116248,0.719100,0.067006,0.175820,0.822639,-0.005044,0.289298,1.337855,0.096893,0.396276,1.627318,0.036680,0.334592,1.501263
182,0.004863,0.048307,1.432985,0.013408,-0.069994,1.605957,0.037950,-0.248893,1.820203,0.306263,-0.274996,2.188686,0.329521,-0.044965,1.909609,0.163228,0.089906,1.136300,0.046914,0.145140,1.104630,0.075777,0.116809,0.719239,0.069192,0.158830,0.729619,0.013761,0.228074,1.016609,0.079334,0.276633,1.209017,0.051409,0.284622,1.320912
183,-0.005439,0.031584,1.474755,-0.001186,-0.096676,1.651455,0.036578,-0.247753,1.815577,0.302323,-0.274027,2.170840,0.337900,-0.049485,1.942194,0.162697,0.091863,1.124592,0.048653,0.144541,1.103854,0.078102,0.116394,0.724424,0.069189,0.151726,0.717642,0.004872,0.269955,1.293407,0.086410,0.356927,1.482142,0.041243,0.331953,1.445830
184,-0.006487,0.050853,1.436144,0.002511,-0.081938,1.626133,0.036712,-0.252456,1.817849,0.305486,-0.279325,2.174978,0.339839,-0.059458,1.964222,0.159240,0.092685,1.129039,0.048557,0.144350,1.105982,0.079709,0.116454,0.731166,0.063148,0.143224,0.666153,0.003686,0.270903,1.252363,0.070023,0.162999,0.697197,0.052750,0.291727,1.210877
185,-0.001748,0.037406,1.460597,0.010442,-0.096125,1.647753,0.037408,-0.260482,1.829633,0.304509,-0.281516,2.181822,0.326758,-0.046030,1.894671,0.168207,0.088771,1.167335,0.047103,0.145320,1.105975,0.077161,0.119292,0.743662,0.057996,0.176767,0.817572,0.002318,0.278070,1.272863,0.074326,0.211425,0.878070,0.048241,0.307551,1.247728
186,-0.003838,0.051950,1.433748,0.011204,-0.073116,1.615061,0.038219,-0.256800,1.822481,0.305953,-0.280495,2.184578,0.315470,-0.036500,1.844786,0.161787,0.092223,1.154313,0.044071,0.146447,1.110114,0.075230,0.119167,0.737618,0.069692,0.168824,0.774160,0.005684,0.301876,1.266375,0.091184,0.476171,1.548824,0.023286,0.443730,1.434138
187,-0.006454,0.052404,1.435133,0.010791,-0.079731,1.620731,0.036789,-0.256322,1.820415,0.300432,-0.280899,2.172444,0.327436,-0.050486,1.917847,0.159762,0.091402,1.122386,0.048281,0.146082,1.103020,0.076247,0.118813,0.731087,0.071917,0.172884,0.796391,-0.000224,0.282874,1.271308,0.084666,0.298122,1.118038,0.045572,0.335907,1.388940
188,0.003826,0.055110,1.418959,0.012173,-0.082625,1.626462,0.039324,-0.259702,1.820837,0.302903,-0.285616,2.174329,0.331713,-0.057473,1.939638,0.155184,0.095000,1.097423,0.046746,0.143718,1.110976,0.075857,0.118642,0.735426,0.068931,0.172889,0.816469,0.003964,0.303973,1.290575,0.084921,0.438613,1.621317,0.015775,0.388294,1.555990
189,-0.002732,0.057138,1.421786,0.017698,-0.082927,1.626258,0.041914,-0.270979,1.831923,0.305710,-0.287113,2.178008,0.329595,-0.054991,1.947603,0.158643,0.092196,1.112977,0.043819,0.144841,1.112926,0.076085,0.120419,0.744074,0.071954,0.168256,0.760953,0.009693,0.294313,1.215473,0.083268,0.346666,1.117023,0.031858,0.406927,1.314608
190,0.000805,0.064734,1.401721,0.015143,-0.076804,1.615893,0.041508,-0.271836,1.829713,0.304468,-0.292460,2.173075,0.327218,-0.050045,1.941522,0.154957,0.095397,1.093302,0.045367,0.142185,1.115203,0.076793,0.119495,0.752280,0.065715,0.162058,0.746046,0.011319,0.290434,1.217690,0.084930,0.449127,1.580026,0.012221,0.421262,1.555286
191,-0.001672,0.057662,1.418565,0.017777,-0.080515,1.617588,0.042281,-0.273236,1.828526,0.308309,-0.298076,2.178083,0.322227,-0.042608,1.902490,0.163786,0.091731,1.129449,0.043962,0.142489,1.120197,0.077695,0.120614,0.765620,0.072135,0.163332,0.757884,0.005532,0.285070,1.291784,0.091160,0.588153,1.672897,0.026488,0.471055,1.478277
192,0.004815,0.064803,1.398737,0.015205,-0.084985,1.625082,0.042585,-0.276585,1.832539,0.306693,-0.302807,2.174576,0.319115,-0.048530,1.924785,0.154368,0.094198,1.101436,0.047535,0.140860,1.113889,0.079251,0.118249,0.759143,0.062519,0.156115,0.739604,0.011797,0.283532,1.196111,0.092804,0.488345,1.617334,0.040163,0.386714,1.463321
193,0.003558,0.058268,1.412176,0.015114,-0.071414,1.601783,0.044189,-0.280278,1.838119,0.307199,-0.309019,2.179305,0.342921,-0.069486,2.009966,0.163343,0.090211,1.153755,0.046017,0.140239,1.121411,0.077652,0.118307,0.763389,0.066157,0.148836,0.689210,0.012243,0.285025,1.206792,0.095535,0.426591,1.469029,0.036364,0.395603,1.447621
194,0.006744,0.051304,1.423441,0.018891,-0.083477,1.621476,0.048859,-0.278475,1.838429,0.304984,-0.310000,2.169940,0.344527,-0.077141,2.022071,0.174666,0.086666,1.226965,0.045330,0.139394,1.119310,0.076457,0.118144,0.765818,0.070217,0.154376,0.726680,0.010572,0.287961,1.230744,0.092107,0.528397,1.671276,0.019116,0.462715,1.541075
195,0.010568,0.058632,1.406225,0.017075,-0.075796,1.609769,0.047377,-0.280426,1.841144,0.316866,-0.312780,2.194730,0.331309,-0.065970,2.004004,0.160262,0.088586,1.152872,0.046421,0.138129,1.124405,0.077602,0.118602,0.777137,0.066483,0.149885,0.713501,0.011383,0.280173,1.232726,0.099719,0.458057,1.661616,0.020288,0.384002,1.551341
196,0.012390,0.065113,1.392177,0.030435,-0.081887,1.613514,0.052318,-0.279547,1.837628,0.310308,-0.313157,2.187958,0.339842,-0.063982,2.009598,0.153278,0.093267,1.079753,0.046772,0.140623,1.118711,0.077749,0.120679,0.790897,0.067884,0.164086,0.772274,0.004891,0.272610,1.239611,0.113099,0.492899,1.522316,0.030721,0.444495,1.488858
197,0.012302,0.056339,1.409739,0.026441,-0.085403,1.625711,0.051578,-0.288205,1.847206,0.308385,-0.314825,2.187043,0.337701,-0.063132,1.985391,0.161152,0.094032,1.129030,0.044010,0.139614,1.123064,0.076084,0.119483,0.783337,0.072880,0.155876,0.720455,0.021107,0.250732,1.010689,0.094201,0.430866,1.284999,0.026483,0.434557,1.375658
198,0.010869,0.056338,1.410860,0.028016,-0.086158,1.625586,0.051507,-0.293411,1.850549,0.308705,-0.317808,2.186786,0.348844,-0.079492,2.052854,0.176296,0.085522,1.223662,0.045038,0.139714,1.122164,0.075956,0.119322,0.779619,0.074130,0.154895,0.723662,0.022498,0.251220,1.029744,0.104043,0.540680,1.598889,0.020930,0.450973,1.497367
199,0.009507,0.067082,1.390326,0.023528,-0.063236,1.587777,0.049906,-0.288252,1.842686,0.311889,-0.324956,2.194692,0.337140,-0.070162,2.003317,0.175519,0.085385,1.221232,0.046749,0.137587,1.127002,0.078151,0.118739,0.785976,0.074221,0.159145,0.751469,-0.000325,0.284911,1.310964,0.096673,0.562161,1.648014,0.025012,0.447295,1.472580
200,0.007458,0.050598,1.426407,0.022567,-0.090660,1.633982,0.053397,-0.300609,1.851551,0.311082,-0.328305,2.189773,0.336777,-0.069236,2.010812,0.168844,0.085924,1.179180,0.045688,0.137641,1.123059,0.076859,0.119171,0.793181,0.063893,0.167796,0.770567,0.012236,0.248451,1.086625,0.094488,0.551398,1.579535,0.029727,0.439516,1.378709
201,0.013873,0.053453,1.414432,0.027092,-0.088582,1.628160,0.055830,-0.309941,1.860379,0.308183,-0.331884,2.175680,0.340232,-0.082681,2.040443,0.157882,0.093702,1.142887,0.045857,0.135387,1.132074,0.076118,0.119255,0.808277,0.063432,0.178650,0.815846,0.012122,0.244526,1.091546,0.097918,0.569279,1.649414,0.023756,0.457214,1.463536
202,0.007646,0.050264,1.426025,0.026004,-0.090914,1.627254,0.054686,-0.312003,1.862070,0.314210,-0.340200,2.196252,0.338356,-0.077524,2.049022,0.160015,0.093568,1.155254,0.044208,0.137408,1.130208,0.076795,0.119561,0.799662,0.068041,0.155251,0.717627,-0.004028,0.285756,1.318978,0.100322,0.570671,1.682321,0.021256,0.465762,1.513913
203,0.006538,0.045827,1.436034,0.024530,-0.091612,1.636653,0.052440,-0.317437,1.868952,0.316196,-0.346363,2.202408,0.338612,-0.074668,2.018838,0.161682,0.092588,1.162332,0.046203,0.134885,1.132350,0.078529,0.118041,0.800781,0.067129,0.163968,0.766680,0.027043,0.259317,1.023079,0.102173,0.584115,1.654261,0.015002,0.491824,1.497684
204,0.007251,0.049641,1.427649,0.029065,-0.095163,1.636121,0.056877,-0.313773,1.865319,0.315654,-0.345805,2.191681,0.354666,-0.083313,2.054313,0.164703,0.091699,1.157898,0.046639,0.136726,1.119726,0.078861,0.118804,0.799749,0.066176,0.159790,0.742944,0.003311,0.284495,1.270322,0.114150,0.607140,1.719375,0.034467,0.485224,1.506418
205,0.010633,0.062263,1.399246,0.025058,-0.093837,1.637414,0.052893,-0.313469,1.862339,0.321342,-0.353433,2.207968,0.345903,-0.084592,2.045311,0.165494,0.089180,1.174733,0.044009,0.136653,1.127896,0.079884,0.118497,0.806345,0.069944,0.151535,0.692584,0.033306,0.281222,1.115495,0.123007,0.472473,1.580777,0.060741,0.409958,1.457283
206,0.012804,0.053766,1.414590,0.024016,-0.095624,1.638296,0.055950,-0.318615,1.868082,0.322715,-0.357371,2.212583,0.358372,-0.093649,2.099266,0.163092,0.088136,1.158103,0.046273,0.133900,1.133420,0.080843,0.117505,0.811236,0.071636,0.162791,0.731482,0.031331,0.278555,1.119263,0.125938,0.446143,1.538481,0.063869,0.374550,1.450405
207,0.010044,0.059437,1.405726,0.025114,-0.092192,1.633726,0.055130,-0.318897,1.869518,0.330234,-0.354488,2.223661,0.340859,-0.077689,2.053230,0.152300,0.094310,1.108637,0.044798,0.133502,1.138299,0.079561,0.117713,0.806020,0.069165,0.148430,0.693335,0.024928,0.278108,1.154174,0.099985,0.554664,1.706144,0.022125,0.422432,1.525134
208,0.009381,0.059026,1.407346,0.019616,-0.095352,1.640157,0.054053,-0.323085,1.867388,0.323192,-0.350359,2.205197,0.337378,-0.072139,2.034100,0.150129,0.096183,1.091182,0.044689,0.133531,1.137842,0.079649,0.118982,0.813392,0.069003,0.141555,0.657012,0.023840,0.280275,1.131083,0.106512,0.594695,1.670194,0.028502,0.464403,1.511405
209,0.005735,0.059094,1.408540,0.021222,-0.094189,1.636056,0.053901,-0.322400,1.866059,0.324513,-0.357799,2.207992,0.333216,-0.078587,2.032368,0.148391,0.097283,1.084623,0.043499,0.136807,1.136073,0.080088,0.120032,0.820502,0.065194,0.157396,0.722137,0.024709,0.254981,1.014780,0.124974,0.487390,1.515677,0.046926,0.414203,1.486527
210,0.008997,0.057811,1.409933,0.023721,-0.103785,1.652519,0.052898,-0.330983,1.875129,0.325005,-0.356813,2.207504,0.327686,-0.074041,2.004019,0.146708,0.097224,1.077248,0.042482,0.133544,1.147706,0.078630,0.119090,0.820976,0.067344,0.163623,0.768220,0.014252,0.254679,1.036984,0.095026,0.658971,1.769744,-0.020640,0.555253,1.641873
211,0.008165,0.057427,1.410608,0.022798,-0.094161,1.637567,0.056913,-0.326874,1.872043,0.327418,-0.357363,2.211657,0.332255,-0.071095,2.016664,0.144485,0.098025,1.058597,0.043783,0.134718,1.140022,0.080047,0.119537,0.819876,0.067725,0.164160,0.765703,0.020492,0.248844,1.013072,0.097795,0.630531,1.720123,-0.002215,0.508735,1.598405
212,0.006260,0.040482,1.445050,0.025891,-0.109506,1.657258,0.057883,-0.344107,1.888754,0.325916,-0.353048,2.209126,0.329261,-0.073128,2.026425,0.146579,0.096705,1.075570,0.041660,0.134219,1.149712,0.078845,0.120610,0.828242,0.064768,0.152445,0.711658,0.017125,0.249731,1.012365,0.087430,0.595289,1.637471,-0.017496,0.536415,1.589229
213,0.002132,0.044981,1.441683,0.017280,-0.103611,1.652933,0.051601,-0.334558,1.878844,0.327726,-0.358659,2.205573,0.337090,-0.081885,2.041045,0.149743,0.095958,1.088182,0.041692,0.137201,1.137565,0.079138,0.119478,0.809540,0.067065,0.150278,0.690497,0.003532,0.290381,1.225370,0.099763,0.612756,1.720982,0.015109,0.503956,1.543392
214,0.014519,0.055843,1.408366,0.025624,-0.089463,1.625828,0.055653,-0.333636,1.877103,0.324739,-0.359516,2.211988,0.334262,-0.086409,2.039953,0.159919,0.089108,1.137574,0.041424,0.137590,1.137948,0.078016,0.121011,0.812796,0.070595,0.137946,0.654294,0.026610,0.265427,1.010169,0.097926,0.583772,1.704580,0.016370,0.490195,1.538908
215,0.007427,0.052563,1.421569,0.022313,-0.103807,1.648514,0.054663,-0.336081,1.878482,0.324498,-0.355819,2.202690,0.334671,-0.081583,2.028488,0.154976,0.093488,1.117702,0.042606,0.135806,1.143019,0.078817,0.119790,0.808709,0.069615,0.141214,0.659881,0.017252,0.291922,1.148614,0.100910,0.592018,1.676978,0.015010,0.490621,1.531301
216,0.005574,0.049000,1.432614,0.027476,-0.114851,1.670559,0.057944,-0.336920,1.883031,0.316921,-0.353681,2.193531,0.333098,-0.085227,2.045759,0.162475,0.088530,1.147582,0.041775,0.139635,1.133469,0.078140,0.120387,0.808884,0.070492,0.130519,0.623537,0.029679,0.260901,0.991372,0.106270,0.590484,1.705650,0.027959,0.489348,1.509193
217,0.004660,0.049245,1.429038,0.021620,-0.110888,1.662285,0.051649,-0.335750,1.875402,0.322255,-0.357915,2.200371,0.343331,-0.096690,2.079345,0.175737,0.082856,1.219610,0.039516,0.135839,1.145577,0.078905,0.120852,0.820945,0.069435,0.129937,0.632771,0.023174,0.251767,1.000434,0.104319,0.572361,1.688477,0.021460,0.467156,1.520398
218,0.018068,0.053945,1.409773,0.035807,-0.099544,1.638899,0.058541,-0.334450,1.875286,0.317013,-0.357115,2.194314,0.331910,-0.084731,2.049867,0.158170,0.089139,1.147749,0.042262,0.136002,1.142802,0.078850,0.121026,0.822493,0.067353,0.146314,0.676899,0.015232,0.276962,1.130222,0.112422,0.537811,1.663695,0.020509,0.466516,1.533956
219,-0.000584,0.049456,1.433019,0.018120,-0.105829,1.654154,0.047898,-0.329766,1.870292,0.322301,-0.358061,2.203375,0.328059,-0.079318,2.020865,0.165884,0.087984,1.169227,0.039078,0.138968,1.136574,0.078666,0.121314,0.817317,0.066378,0.134294,0.638662,0.022803,0.266477,1.018653,0.101980,0.609885,1.764971,0.016120,0.485587,1.528431
220,0.015427,0.053135,1.413613,0.028691,-0.104925,1.651359,0.054825,-0.333797,1.876236,0.320531,-0.356210,2.202347,0.327246,-0.075519,2.013067,0.154802,0.092651,1.127833,0.039948,0.137178,1.143558,0.077333,0.121206,0.819604,0.065989,0.153948,0.720594,0.020944,0.259553,1.016281,0.098355,0.620416,1.740157,-0.007535,0.528795,1.592731
221,0.011674,0.054318,1.413834,0.023752,-0.092270,1.633941,0.053074,-0.325735,1.868708,0.314095,-0.355045,2.191451,0.341497,-0.088030,2.064926,0.158394,0.091643,1.140297,0.040979,0.137742,1.136515,0.076621,0.120742,0.817056,0.071672,0.126814,0.607763,0.019588,0.254094,1.020423,0.093097,0.711900,1.822429,-0.020759,0.588797,1.634364
222,0.014147,0.038100,1.448706,0.035380,-0.118770,1.673890,0.059058,-0.333690,1.879877,0.309999,-0.349316,2.191864,0.326671,-0.086170,2.030967,0.166246,0.086200,1.171867,0.042157,0.138345,1.138531,0.077189,0.121097,0.813404,0.074969,0.129961,0.636711,0.021867,0.248232,1.006718,0.100370,0.624691,1.755367,-0.004496,0.539730,1.603339
223,0.010850,0.053952,1.416187,0.030053,-0.118142,1.672449,0.051578,-0.330915,1.874013,0.317387,-0.348789,2.199418,0.335578,-0.088286,2.044280,0.177237,0.083521,1.242684,0.037244,0.137206,1.149614,0.075986,0.120984,0.819002,0.072930,0.135499,0.645732,0.010637,0.283440,1.176407,0.101037,0.536837,1.566411,-0.007160,0.514412,1.553346
224,0.011445,0.055501,1.413961,0.021960,-0.083192,1.618917,0.049171,-0.319772,1.867496,0.321574,-0.350283,2.210915,0.328461,-0.074756,1.978172,0.174186,0.087306,1.221763,0.043299,0.138369,1.135962,0.078537,0.119984,0.808999,0.075487,0.154472,0.716000,0.028575,0.256754,1.002973,0.096027,0.659541,1.787444,0.019292,0.529671,1.565066
225,0.015424,0.060181,1.399128,0.035376,-0.088895,1.622849,0.057815,-0.310576,1.864958,0.307414,-0.340066,2.208549,0.330850,-0.074796,2.004786,0.165630,0.088508,1.189016,0.046726,0.137480,1.138195,0.078951,0.120799,0.812820,0.076072,0.171323,0.790359,0.027228,0.247487,1.025523,0.119273,0.526692,1.587497,0.027280,0.481765,1.530504
226,-0.007077,0.033282,1.471209,0.020595,-0.093803,1.635030,0.048465,-0.301762,1.860185,0.303271,-0.319329,2.184397,0.322578,-0.057786,1.938288,0.172024,0.087591,1.215598,0.041257,0.140680,1.133633,0.075523,0.120942,0.787019,0.070453,0.169805,0.788222,0.009852,0.267057,1.105146,0.089761,0.617816,1.772691,-0.007865,0.516287,1.606594
227,-0.003061,0.045126,1.446691,0.018104,-0.084602,1.629380,0.047222,-0.287778,1.855880,0.311572,-0.310526,2.206226,0.324540,-0.058038,1.944188,0.177579,0.083942,1.232313,0.044419,0.143506,1.123212,0.077723,0.121885,0.766939,0.073910,0.198439,0.889119,0.005363,0.296819,1.231711,0.093984,0.540929,1.705588,0.011530,0.439707,1.589245
228,-0.000351,0.050081,1.429777,0.019592,-0.088362,1.635374,0.045914,-0.269713,1.845181,0.306499,-0.280171,2.185556,0.311637,-0.039551,1.844426,0.173732,0.086288,1.226306,0.042741,0.145829,1.122719,0.074065,0.122518,0.752980,0.064112,0.212686,0.943566,0.015518,0.262770,1.052711,0.101061,0.609793,1.782878,-0.005151,0.535639,1.673764
229,0.001244,0.029120,1.474191,0.025939,-0.080315,1.625952,0.050041,-0.253178,1.825962,0.301129,-0.267130,2.183027,0.325152,-0.037231,1.869374,0.174351,0.087156,1.206469,0.046999,0.147494,1.105781,0.073538,0.124523,0.731771,0.060254,0.202132,0.905793,0.010166,0.248128,1.050845,0.078282,0.458948,1.651647,0.036304,0.380059,1.495255
230,0.009457,0.027745,1.468765,0.034468,-0.091653,1.636816,0.049675,-0.248448,1.830183,0.303159,-0.254508,2.193464,0.316186,-0.031594,1.843503,0.172221,0.086962,1.176022,0.055727,0.143806,1.101270,0.079184,0.120306,0.714524,0.062020,0.207669,0.921403,0.003934,0.274048,1.298298,0.093518,0.374723,1.481252,0.072929,0.326359,1.399983
231,0.014379,0.037075,1.445999,0.034753,-0.083362,1.621564,0.049512,-0.234164,1.821810,0.300315,-0.235013,2.185661,0.313174,-0.029820,1.840085,0.170183,0.088546,1.173749,0.056358,0.140020,1.109854,0.079038,0.118997,0.718262,0.054800,0.203024,0.933320,-0.002730,0.266331,1.275991,0.082972,0.235753,0.903940,0.055944,0.355434,1.357714
232,0.014801,0.037018,1.445058,0.029622,-0.070223,1.602645,0.045004,-0.209005,1.795126,0.291561,-0.211395,2.148323,0.340444,-0.056804,1.934429,0.175234,0.087160,1.183840,0.049150,0.144807,1.108954,0.073537,0.120706,0.711681,0.059979,0.213261,0.937041,0.002986,0.284904,1.244999,0.060906,0.426632,1.664732,0.006320,0.387532,1.586633
233,0.020618,0.050908,1.413460,0.034847,-0.057201,1.572435,0.041474,-0.179504,1.754678,0.292924,-0.192407,2.117183,0.330727,-0.050112,1.890291,0.173742,0.086418,1.160917,0.050274,0.143214,1.104630,0.074870,0.119548,0.711256,0.067296,0.186895,0.816341,-0.000690,0.268873,1.257728,0.058604,0.309475,1.301636,0.015869,0.339899,1.479492
234,0.024853,0.041664,1.426796,0.037446,-0.082055,1.612936,0.048003,-0.193831,1.773194,0.291582,-0.192535,2.109776,0.330423,-0.044362,1.897935,0.170259,0.091422,1.153078,0.055446,0.139482,1.107657,0.079242,0.120073,0.738671,0.061876,0.138193,0.633323,0.003545,0.254287,1.182657,0.084801,0.115002,0.621859,0.073267,0.246296,1.070206
235,0.027847,0.046874,1.413451,0.044698,-0.068091,1.587299,0.048403,-0.200735,1.783416,0.296620,-0.204454,2.132530,0.327332,-0.045543,1.901579,0.183998,0.084019,1.224175,0.049963,0.139725,1.116801,0.076024,0.121983,0.752415,0.061502,0.169738,0.757529,0.011457,0.226936,1.022669,0.079728,0.245799,1.098492,0.012031,0.299037,1.365581
236,0.026472,0.051233,1.407586,0.041963,-0.055168,1.571262,0.049892,-0.204992,1.787320,0.305872,-0.209126,2.161018,0.330560,-0.046328,1.916263,0.175923,0.083674,1.164090,0.049757,0.140818,1.113727,0.076255,0.120958,0.739259,0.059089,0.178881,0.825434,0.005904,0.233049,1.112083,0.064870,0.192847,0.774155,0.017703,0.292953,1.148921
237,0.023257,0.057546,1.396361,0.043124,-0.045616,1.553809,0.052377,-0.201281,1.785607,0.299148,-0.202517,2.138725,0.321669,-0.033853,1.863419,0.169941,0.090238,1.141860,0.049010,0.140904,1.113102,0.072900,0.122203,0.740741,0.054879,0.194645,0.905106,-0.003844,0.265364,1.306747,0.051799,0.370105,1.510357,-0.006835,0.335126,1.491180
238,0.020808,0.049294,1.416182,0.038236,-0.057152,1.577363,0.050995,-0.201528,1.786156,0.303358,-0.209759,2.146606,0.330711,-0.041560,1.894154,0.176941,0.087896,1.177831,0.049848,0.142247,1.112523,0.076731,0.122810,0.740443,0.061144,0.167563,0.795392,0.007077,0.231546,1.091045,0.059721,0.215612,0.821235,0.025591,0.278641,1.059137
239,0.024686,0.049582,1.410671,0.041211,-0.066745,1.587220,0.051327,-0.200788,1.787710,0.305975,-0.209587,2.157413,0.333504,-0.045687,1.900656,0.179316,0.085224,1.193765,0.046861,0.143938,1.110741,0.073861,0.123282,0.742247,0.062390,0.179451,0.832125,0.007479,0.233899,1.124998,0.055640,0.199922,0.802296,0.014033,0.278389,1.104823
240,0.028514,0.044761,1.418007,0.042293,-0.072360,1.599153,0.053568,-0.195542,1.781197,0.306980,-0.208244,2.151809,0.346748,-0.050124,1.940714,0.183330,0.082115,1.219886,0.052453,0.141897,1.103707,0.076584,0.122210,0.732597,0.058946,0.170674,0.804122,0.007735,0.229441,1.134633,0.056759,0.334879,1.231569,0.010654,0.344958,1.317682
241,0.024272,0.050742,1.409595,0.038788,-0.052807,1.567318,0.052374,-0.196910,1.779947,0.302228,-0.207954,2.152959,0.339128,-0.045437,1.908477,0.187190,0.078779,1.236371,0.049411,0.143826,1.110048,0.075381,0.124156,0.748206,0.056239,0.166622,0.782783,0.008416,0.225839,1.082694,0.056840,0.162096,0.667408,0.008876,0.285964,1.149396
242,0.026811,0.044660,1.419242,0.047796,-0.075644,1.597426,0.059190,-0.209507,1.797116,0.302474,-0.206827,2.150656,0.349299,-0.056450,1.957498,0.184504,0.077988,1.226465,0.049992,0.140713,1.120438,0.076342,0.124394,0.760749,0.058155,0.184369,0.866510,0.005769,0.231883,1.129829,0.062211,0.239359,0.945605,0.010622,0.324217,1.315928
243,0.028293,0.048685,1.409878,0.045419,-0.066825,1.584719,0.055925,-0.206836,1.792885,0.296175,-0.203992,2.138024,0.333706,-0.048178,1.912167,0.180295,0.080099,1.204234,0.049685,0.142247,1.111042,0.074261,0.123309,0.754535,0.061655,0.184025,0.841637,0.009183,0.233788,1.115409,0.061585,0.261293,1.103365,0.015224,0.282250,1.255116
244,0.028642,0.049651,1.407557,0.045560,-0.074850,1.596916,0.057664,-0.211311,1.799133,0.299358,-0.200798,2.124979,0.329915,-0.040735,1.882075,0.189528,0.080200,1.264575,0.051184,0.143918,1.106764,0.076913,0.124830,0.761481,0.059555,0.173776,0.814773,0.008985,0.228442,1.089541,0.065209,0.245816,0.920744,0.018694,0.336779,1.268814
245,0.033227,0.037170,1.428564,0.047191,-0.090678,1.623446,0.062180,-0.218370,1.812855,0.300019,-0.203746,2.139837,0.343377,-0.052156,1.922700,0.183148,0.079614,1.226332,0.051340,0.139863,1.115305,0.074828,0.123000,0.754624,0.061279,0.183998,0.851296,0.011246,0.231418,1.116987,0.064267,0.208414,0.836993,0.021264,0.303875,1.224984
246,0.031359,0.044792,1.414668,0.049485,-0.078058,1.603564,0.060617,-0.214590,1.806045,0.303086,-0.205946,2.145980,0.346948,-0.055552,1.951866,0.187359,0.078524,1.237180,0.049889,0.138004,1.128360,0.075955,0.123958,0.768892,0.058494,0.179958,0.846810,0.007990,0.228242,1.121561,0.060255,0.156155,0.636459,0.022367,0.276445,1.058688
247,0.032313,0.044938,1.413716,0.047627,-0.074305,1.595323,0.059030,-0.211588,1.800892,0.300776,-0.205625,2.133499,0.351656,-0.061418,1.973369,0.193275,0.078173,1.277344,0.051553,0.140800,1.111275,0.076332,0.123815,0.762233,0.060667,0.174390,0.803810,0.009462,0.232230,1.117737,0.068828,0.223100,0.915257,0.032109,0.280960,1.247598
248,0.035003,0.039916,1.421297,0.048864,-0.084842,1.611247,0.059689,-0.214218,1.806064,0.304534,-0.209732,2.148998,0.349177,-0.063672,1.972324,0.187969,0.076941,1.248887,0.049716,0.141673,1.115964,0.076461,0.124151,0.761460,0.060506,0.183354,0.857145,0.008774,0.233267,1.129556,0.065671,0.218441,0.862888,0.018076,0.318978,1.247728
249,0.030641,0.041478,1.421059,0.048012,-0.073010,1.588531,0.059128,-0.211220,1.801712,0.302200,-0.205072,2.134874,0.351783,-0.056242,1.971988,0.185089,0.081852,1.247679,0.050013,0.140705,1.114741,0.073982,0.124036,0.762368,0.061169,0.175733,0.819996,0.007171,0.237063,1.138588,0.065058,0.189309,0.761629,0.022015,0.284089,1.127668
250,0.033778,0.042016,1.418534,0.049666,-0.078201,1.596470,0.062324,-0.212834,1.803460,0.302753,-0.206727,2.137097,0.338706,-0.052317,1.928925,0.182370,0.083280,1.212189,0.053465,0.137662,1.116146,0.075824,0.123998,0.767651,0.051025,0.122012,0.579682,0.011163,0.229172,1.116782,0.061805,0.173272,0.761043,0.017219,0.275110,1.181859
251,0.034205,0.038241,1.425228,0.052027,-0.084730,1.602073,0.063133,-0.215207,1.806237,0.306135,-0.203747,2.144874,0.341596,-0.055714,1.945323,0.182947,0.082291,1.213927,0.051499,0.139739,1.117494,0.076347,0.123257,0.757319,0.064110,0.180068,0.856652,0.008269,0.233742,1.144572,0.061479,0.167979,0.713795,0.029486,0.290021,1.111187
252,0.032857,0.041180,1.419905,0.051243,-0.081613,1.601985,0.063123,-0.219665,1.812847,0.307901,-0.202241,2.140254,0.330581,-0.042428,1.878744,0.180870,0.082655,1.201139,0.051932,0.135912,1.130058,0.075822,0.125503,0.775281,0.057684,0.169935,0.792552,0.009630,0.229355,1.111051,0.058139,0.155121,0.696602,0.012709,0.265838,1.170663
253,0.035247,0.039633,1.421597,0.049811,-0.080076,1.601542,0.061040,-0.214937,1.805917,0.310165,-0.206431,2.151097,0.319156,-0.032789,1.831537,0.177679,0.086182,1.190412,0.050369,0.139721,1.122321,0.077691,0.125424,0.769832,0.051713,0.112764,0.538681,0.014861,0.227801,1.095750,0.057970,0.153984,0.681784,0.028238,0.240193,1.008680
254,0.035054,0.045751,1.410185,0.050292,-0.067522,1.582232,0.060662,-0.211862,1.802044,0.307321,-0.198008,2.138342,0.313807,-0.032442,1.832515,0.179100,0.084726,1.204212,0.050595,0.140590,1.118578,0.075886,0.125989,0.769064,0.064460,0.165866,0.773491,0.013092,0.233358,1.103908,0.058091,0.166312,0.751068,0.014493,0.269833,1.222286
255,0.032502,0.045138,1.412808,0.051818,-0.072390,1.588272,0.059284,-0.209537,1.799644,0.305394,-0.198529,2.138972,0.316685,-0.039370,1.857317,0.181286,0.083156,1.218289,0.050174,0.139130,1.120010,0.074198,0.124930,0.763897,0.060415,0.178064,0.820963,0.012887,0.232450,1.097966,0.057848,0.218404,1.023660,0.007182,0.275159,1.326631
256,0.034985,0.037331,1.426439,0.051940,-0.089804,1.614028,0.061620,-0.216189,1.808326,0.304837,-0.199674,2.129985,0.320279,-0.036008,1.857234,0.180121,0.085179,1.215241,0.052461,0.138734,1.114122,0.076982,0.123602,0.754545,0.051368,0.114480,0.540299,0.009675,0.232408,1.108718,0.066807,0.299959,1.171488,0.019780,0.306836,1.309907
257,0.034293,0.030013,1.441291,0.052021,-0.095804,1.628560,0.060707,-0.224355,1.818613,0.304090,-0.203462,2.144746,0.325180,-0.044009,1.884023,0.180005,0.082397,1.199435,0.050244,0.138126,1.124560,0.075293,0.124032,0.764449,0.051958,0.119736,0.579725,0.008010,0.235220,1.129337,0.066218,0.279450,1.106435,0.012734,0.337675,1.391144
258,0.036273,0.036094,1.427073,0.053279,-0.077395,1.592543,0.061515,-0.221343,1.812964,0.302581,-0.200797,2.127384,0.321911,-0.040462,1.876188,0.177082,0.086692,1.203686,0.053698,0.137527,1.116214,0.076916,0.121905,0.753820,0.063512,0.188017,0.885370,0.011469,0.236324,1.120564,0.082140,0.345597,1.468825,0.028742,0.295076,1.409085
259,0.025126,0.031029,1.447587,0.039514,-0.094833,1.629664,0.057745,-0.227252,1.820597,0.305042,-0.216975,2.157303,0.329066,-0.043474,1.893252,0.172832,0.087076,1.163791,0.049455,0.140034,1.117724,0.075065,0.122527,0.753059,0.056088,0.184642,0.855772,0.006519,0.231595,1.110625,0.066882,0.209679,0.796065,0.018806,0.326456,1.271618
260,0.029297,0.037103,1.430295,0.043131,-0.083067,1.609714,0.056719,-0.222747,1.813984,0.305779,-0.213701,2.152306,0.320094,-0.039862,1.861657,0.173517,0.087632,1.176985,0.049775,0.140194,1.115140,0.075185,0.122706,0.755228,0.055142,0.184084,0.858211,0.006055,0.232452,1.115933,0.060995,0.152077,0.631897,0.030397,0.269914,1.043522
261,0.024188,0.041883,1.428244,0.038978,-0.081834,1.616697,0.053970,-0.225146,1.817441,0.302186,-0.223070,2.161414,0.317827,-0.043515,1.855736,0.171568,0.087032,1.164348,0.048592,0.140765,1.116717,0.075077,0.122380,0.755976,0.057030,0.191870,0.887205,0.007821,0.234146,1.107454,0.060639,0.166485,0.698144,0.023248,0.287122,1.170129
262,0.027221,0.044414,1.420262,0.036685,-0.069210,1.596625,0.053733,-0.218947,1.808746,0.304458,-0.227726,2.162868,0.317235,-0.047666,1.865246,0.175427,0.086358,1.191156,0.049426,0.139034,1.120417,0.076043,0.122289,0.757185,0.057220,0.189985,0.883644,0.008000,0.232203,1.106973,0.053938,0.152345,0.657710,0.023865,0.255926,1.065273
263,0.022526,0.039650,1.431632,0.033744,-0.067232,1.592607,0.050702,-0.223236,1.812904,0.301845,-0.237180,2.170506,0.321247,-0.054021,1.893757,0.176706,0.084053,1.199133,0.047245,0.138983,1.123444,0.075959,0.122169,0.764214,0.061344,0.185601,0.861900,0.005775,0.238536,1.141172,0.058489,0.176481,0.732367,0.023308,0.297918,1.208966
264,0.022636,0.035228,1.442284,0.036212,-0.071904,1.600812,0.052849,-0.228700,1.818458,0.298158,-0.240550,2.174043,0.316774,-0.049950,1.884958,0.174863,0.084029,1.187419,0.048412,0.140575,1.117621,0.075974,0.121829,0.758350,0.059492,0.184141,0.854407,0.014012,0.234704,1.090367,0.054342,0.133305,0.595262,0.031557,0.272064,1.122306
265,0.023645,0.043081,1.425364,0.040777,-0.065692,1.591171,0.054492,-0.230954,1.818545,0.300646,-0.237785,2.170837,0.318465,-0.048288,1.899711,0.170773,0.086897,1.169746,0.052211,0.138079,1.120502,0.076665,0.120224,0.752632,0.057739,0.174484,0.816901,0.010814,0.230840,1.104146,0.060344,0.190056,0.798815,0.017832,0.310541,1.247311
266,0.021661,0.039771,1.434569,0.040970,-0.086744,1.625849,0.056171,-0.237054,1.827790,0.299782,-0.244645,2.178547,0.333593,-0.059475,1.950688,0.170928,0.087653,1.164286,0.051649,0.137322,1.126092,0.077208,0.121450,0.770100,0.060431,0.182315,0.844499,0.010649,0.233335,1.085555,0.059141,0.192520,0.787151,0.009043,0.328516,1.322464
267,0.020037,0.049101,1.417410,0.036649,-0.069175,1.600640,0.052105,-0.233629,1.822808,0.302475,-0.243824,2.181333,0.324470,-0.043550,1.899079,0.165519,0.090160,1.140560,0.051333,0.137375,1.126309,0.077942,0.120961,0.762736,0.056137,0.170187,0.802879,0.009339,0.229703,1.085377,0.056103,0.093095,0.413960,0.032541,0.300358,1.051868
268,0.022602,0.048048,1.416808,0.039850,-0.070797,1.602527,0.054598,-0.233947,1.819102,0.299821,-0.244458,2.179564,0.326217,-0.050390,1.917310,0.168507,0.088382,1.160827,0.051379,0.136284,1.133087,0.078065,0.121643,0.768839,0.056829,0.192335,0.904944,0.007759,0.235418,1.104419,0.060581,0.164370,0.695504,0.022186,0.316059,1.217104
269,0.023132,0.045612,1.421684,0.041387,-0.070895,1.602025,0.057155,-0.238681,1.822089,0.298620,-0.242548,2.164497,0.321690,-0.040512,1.873225,0.164166,0.090536,1.142206,0.053269,0.139304,1.120566,0.078120,0.121900,0.758337,0.058734,0.183738,0.853594,0.012321,0.230963,1.086238,0.059389,0.145485,0.648937,0.034994,0.281234,1.196719
270,0.023113,0.040760,1.430495,0.040495,-0.069435,1.599120,0.058638,-0.239146,1.821692,0.299847,-0.254048,2.174950,0.326160,-0.049104,1.914760,0.168939,0.089500,1.155091,0.053130,0.138310,1.121798,0.077198,0.121622,0.758058,0.058166,0.196647,0.908120,0.014493,0.231458,1.089023,0.066126,0.237229,0.978966,0.028721,0.324924,1.316479
271,0.023772,0.041251,1.429904,0.038651,-0.076939,1.607456,0.060241,-0.240239,1.820501,0.300624,-0.254144,2.163352,0.333436,-0.045636,1.924061,0.164831,0.091314,1.146697,0.056676,0.139136,1.109398,0.079800,0.119892,0.749543,0.058917,0.187465,0.868685,0.008028,0.233468,1.106286,0.078724,0.328731,1.198189,0.040553,0.348624,1.344914
272,0.017519,0.048766,1.420178,0.034997,-0.050912,1.568974,0.055963,-0.240056,1.816101,0.306841,-0.263342,2.176820,0.339224,-0.060300,1.960032,0.168342,0.090458,1.160423,0.051481,0.140254,1.117277,0.077882,0.122111,0.764716,0.057599,0.191281,0.880220,0.012814,0.233422,1.084568,0.075708,0.318514,1.109789,0.022847,0.366282,1.385984
273,0.014891,0.047495,1.426433,0.037356,-0.065987,1.589947,0.058960,-0.248267,1.827237,0.305672,-0.266398,2.183705,0.344687,-0.065936,1.997607,0.169695,0.089825,1.164095,0.054476,0.138119,1.118824,0.078332,0.121297,0.763484,0.057373,0.177183,0.821468,0.012368,0.231227,1.091028,0.063727,0.151318,0.649350,0.039938,0.270414,1.132571
274,0.014024,0.047183,1.427893,0.035723,-0.060468,1.587803,0.058522,-0.250985,1.830856,0.307561,-0.264628,2.172368,0.337835,-0.054405,1.968111,0.170410,0.089456,1.162368,0.054286,0.135878,1.123192,0.078338,0.118577,0.765522,0.057163,0.214337,0.992827,0.005381,0.264666,1.261563,0.081001,0.345107,1.379205,0.042073,0.313467,1.414948
275,0.011404,0.040584,1.442569,0.032605,-0.067219,1.595562,0.056663,-0.245136,1.820548,0.311006,-0.271434,2.176617,0.338028,-0.053973,1.948361,0.173971,0.088994,1.187676,0.056335,0.141592,1.105013,0.080870,0.120514,0.753097,0.054793,0.192532,0.886576,0.009796,0.233471,1.073170,0.074329,0.328519,1.188580,0.035105,0.343205,1.362228
276,0.012192,0.036094,1.450806,0.032317,-0.104396,1.648049,0.057306,-0.255343,1.829663,0.308532,-0.276883,2.169085,0.344275,-0.064188,1.960065,0.174038,0.087944,1.195733,0.056540,0.139477,1.111779,0.081431,0.121148,0.770978,0.054634,0.177102,0.820451,0.011214,0.228209,1.075783,0.075216,0.245954,0.887453,0.047359,0.315988,1.208921
277,0.007949,0.037286,1.452896,0.028579,-0.073943,1.606854,0.053852,-0.255616,1.829895,0.310644,-0.279142,2.178903,0.348015,-0.068591,1.999587,0.171008,0.087903,1.179111,0.052687,0.141651,1.107840,0.078141,0.120975,0.768168,0.059674,0.186093,0.856388,0.013737,0.232658,1.066471,0.068348,0.126219,0.588370,0.061442,0.265140,1.205434
278,0.008194,0.039053,1.447651,0.032992,-0.075721,1.604381,0.059834,-0.260959,1.833393,0.313436,-0.286440,2.182701,0.338695,-0.059857,1.950220,0.167461,0.090641,1.147228,0.056251,0.138153,1.105434,0.080107,0.119370,0.767542,0.056915,0.198206,0.915714,0.006601,0.272257,1.286910,0.089287,0.409806,1.497721,0.041709,0.362394,1.402167
279,0.004730,0.050048,1.431122,0.027698,-0.073896,1.606266,0.057874,-0.265781,1.838387,0.306792,-0.288265,2.171026,0.358145,-0.068532,2.010842,0.165974,0.091012,1.156824,0.054101,0.140968,1.098373,0.078847,0.120417,0.772580,0.056030,0.164702,0.771687,0.011598,0.237534,1.060762,0.094624,0.413230,1.486664,0.048420,0.320921,1.425296
280,0.004631,0.047527,1.435103,0.030106,-0.077397,1.608435,0.060514,-0.272656,1.845925,0.313274,-0.294767,2.195256,0.353579,-0.062581,1.986399,0.167781,0.091782,1.166949,0.057886,0.137485,1.106783,0.083766,0.119067,0.782344,0.055824,0.155674,0.741344,0.010809,0.227112,1.042733,0.088057,0.236660,0.926704,0.065696,0.265865,1.307841
281,0.005512,0.036207,1.457197,0.024266,-0.089383,1.632619,0.057805,-0.276337,1.849900,0.312850,-0.295249,2.182142,0.359893,-0.075961,2.028584,0.166809,0.090980,1.162228,0.053708,0.138422,1.111318,0.080737,0.119144,0.778325,0.059785,0.173187,0.818474,0.008799,0.283922,1.259596,0.103438,0.376472,1.432410,0.054370,0.298734,1.413289
282,0.002684,0.036670,1.458724,0.019584,-0.071487,1.604029,0.054422,-0.271175,1.843138,0.316185,-0.302007,2.197261,0.353418,-0.068700,1.998205,0.163628,0.091739,1.143595,0.054659,0.139817,1.104744,0.082161,0.118478,0.774964,0.060613,0.172741,0.800579,0.002590,0.277639,1.258283,0.095076,0.317677,1.231022,0.053560,0.280085,1.370458
283,0.000575,0.025506,1.483687,0.024660,-0.099931,1.647299,0.055993,-0.278634,1.852094,0.315364,-0.307566,2.213290,0.358133,-0.074227,2.042341,0.173187,0.087683,1.190410,0.055558,0.138158,1.107049,0.081480,0.118209,0.777026,0.058801,0.174338,0.805480,-0.000329,0.280379,1.281868,0.102947,0.312796,1.376103,0.062553,0.259163,1.377585
284,0.003318,0.032103,1.467812,0.027704,-0.105975,1.653755,0.056700,-0.280671,1.854477,0.315373,-0.306255,2.202301,0.351902,-0.070023,2.004172,0.170726,0.089193,1.185527,0.057082,0.136931,1.111216,0.082646,0.117808,0.768112,0.058129,0.176440,0.819620,-0.001420,0.278175,1.300746,0.100442,0.340107,1.322046,0.056860,0.289674,1.397649
285,0.003612,0.040013,1.448666,0.017287,-0.077130,1.610365,0.051907,-0.269994,1.841059,0.316874,-0.303003,2.196185,0.354457,-0.070749,2.016780,0.166491,0.090546,1.162421,0.053983,0.140151,1.106303,0.082204,0.117874,0.761645,0.057725,0.176874,0.816147,0.003790,0.277294,1.268367,0.088422,0.390013,1.368243,0.047269,0.338262,1.414711
286,-0.000467,0.030299,1.472202,0.016249,-0.077712,1.611179,0.050904,-0.275048,1.837056,0.314402,-0.310701,2.178910,0.347677,-0.068460,1.999453,0.166378,0.091737,1.163181,0.050708,0.142071,1.104503,0.080455,0.118879,0.766753,0.060191,0.174466,0.806817,0.026552,0.242652,0.980002,0.108976,0.395276,1.508218,0.051781,0.323376,1.414034
287,-0.001942,0.027096,1.478806,0.021808,-0.086579,1.624323,0.055466,-0.284507,1.846195,0.311068,-0.317131,2.174781,0.339453,-0.074244,1.983530,0.169586,0.090157,1.193882,0.050745,0.137153,1.122227,0.080360,0.118363,0.790670,0.064697,0.161412,0.729370,0.027224,0.234128,0.987402,0.106663,0.409482,1.498039,0.050096,0.346723,1.430516
288,-0.001288,0.031159,1.473111,0.018060,-0.091441,1.632169,0.053208,-0.287780,1.849514,0.315706,-0.321633,2.195794,0.339840,-0.074073,2.000219,0.168007,0.090106,1.189359,0.049840,0.139891,1.115599,0.080788,0.117313,0.778971,0.061453,0.174401,0.809882,0.007897,0.293858,1.271980,0.089779,0.441991,1.442165,0.039156,0.368970,1.396701
289,0.000452,0.029120,1.473993,0.012533,-0.089891,1.634680,0.051752,-0.288807,1.850926,0.315170,-0.324501,2.197112,0.344176,-0.079323,2.022681,0.179631,0.085424,1.244055,0.049111,0.139831,1.114298,0.080572,0.117483,0.769974,0.061307,0.174148,0.809888,0.010822,0.292224,1.233542,0.096387,0.426430,1.540804,0.041224,0.332995,1.465583
290,0.005036,0.049983,1.429111,0.013924,-0.076193,1.606346,0.049577,-0.297753,1.855108,0.314835,-0.334644,2.194653,0.340069,-0.081443,2.003257,0.178803,0.085348,1.252079,0.046890,0.137571,1.125097,0.079990,0.118703,0.790353,0.062858,0.160513,0.750108,0.017989,0.290796,1.186702,0.086470,0.486701,1.549090,0.016749,0.431451,1.467397
291,0.012201,0.045284,1.432308,0.024152,-0.090484,1.625997,0.054583,-0.306264,1.867067,0.313864,-0.340179,2.210569,0.348748,-0.089201,2.056628,0.178050,0.084641,1.254903,0.048845,0.137680,1.125556,0.079931,0.119147,0.799202,0.063032,0.161190,0.744666,0.024128,0.289932,1.175336,0.104014,0.448567,1.610117,0.042337,0.382075,1.442354
292,0.006065,0.042923,1.442254,0.019831,-0.085218,1.619357,0.049764,-0.300940,1.857755,0.308313,-0.336142,2.187955,0.346415,-0.081950,2.025476,0.175760,0.086410,1.229848,0.050838,0.139084,1.118504,0.082850,0.118323,0.792562,0.062060,0.160778,0.740358,0.013457,0.283561,1.179837,0.112229,0.416419,1.516138,0.050111,0.335474,1.440432
293,0.015292,0.055232,1.408935,0.020922,-0.077885,1.608316,0.051632,-0.300176,1.857085,0.316965,-0.341067,2.208414,0.334820,-0.082038,2.017989,0.176202,0.085328,1.247306,0.049302,0.135313,1.131986,0.082137,0.118152,0.802676,0.063418,0.167810,0.781042,0.017007,0.284769,1.208519,0.104879,0.390332,1.545932,0.046152,0.331632,1.491526
294,0.001275,0.027884,1.475326,0.019362,-0.091927,1.632691,0.052850,-0.312339,1.870041,0.319726,-0.343047,2.216316,0.331115,-0.079847,2.011164,0.173754,0.086094,1.232138,0.049841,0.132147,1.137070,0.082575,0.117406,0.816521,0.065242,0.154862,0.728679,0.032972,0.227204,0.935454,0.099760,0.433129,1.458148,0.031577,0.392725,1.475066
295,0.002703,0.039359,1.452108,0.020399,-0.100537,1.647553,0.056738,-0.308829,1.868268,0.317820,-0.342645,2.211948,0.331669,-0.077107,1.998689,0.176228,0.085865,1.232520,0.048640,0.137115,1.124328,0.081222,0.118848,0.812363,0.061657,0.168730,0.777459,0.013564,0.283550,1.230819,0.094084,0.492923,1.615807,0.031983,0.421367,1.515635
296,0.010850,0.047584,1.429187,0.019790,-0.079543,1.612226,0.051672,-0.304392,1.858493,0.314653,-0.343168,2.194370,0.327493,-0.077471,1.990657,0.172503,0.087435,1.230765,0.048136,0.138676,1.119798,0.080775,0.119160,0.804281,0.062339,0.157567,0.732984,0.017333,0.289193,1.198066,0.100914,0.463173,1.581831,0.031663,0.401199,1.509300
297,0.010593,0.048818,1.427006,0.018480,-0.085837,1.622864,0.052507,-0.311546,1.864366,0.315105,-0.349538,2.200603,0.327934,-0.089135,2.023353,0.175272,0.087136,1.237690,0.048394,0.137470,1.122750,0.081432,0.118092,0.814310,0.063204,0.161262,0.742580,0.023288,0.282209,1.189651,0.113263,0.413573,1.479150,0.052844,0.370169,1.464215
298,0.009799,0.045894,1.433857,0.018985,-0.084863,1.623089,0.050942,-0.310403,1.859631,0.314749,-0.350597,2.200191,0.337676,-0.093497,2.057883,0.175699,0.086390,1.229269,0.048692,0.139055,1.116971,0.080647,0.118861,0.817827,0.062143,0.155356,0.710095,0.028374,0.272760,1.126154,0.115820,0.407374,1.462160,0.056501,0.369785,1.453957
299,0.014775,0.044293,1.433512,0.025954,-0.084595,1.621093,0.053180,-0.308050,1.857866,0.314976,-0.349137,2.190011,0.332776,-0.083750,2.023758,0.172329,0.088265,1.214047,0.047514,0.140400,1.114597,0.079803,0.120323,0.816711,0.063078,0.148893,0.683252,0.019749,0.279642,1.147539,0.125974,0.419864,1.442056,0.052549,0.372388,1.468245
300,0.013080,0.052745,1.417670,0.020098,-0.070113,1.599616,0.048972,-0.308401,1.855548,0.313962,-0.351758,2.191184,0.340152,-0.091859,2.057588,0.167268,0.088971,1.191487,0.051869,0.141110,1.104371,0.083433,0.118732,0.803165,0.064635,0.142043,0.665680,0.030902,0.266565,1.089923,0.113953,0.405143,1.430513,0.052992,0.384348,1.401399
301,0.019247,0.051851,1.413003,0.029341,-0.071834,1.597893,0.054600,-0.315742,1.863321,0.316364,-0.347574,2.188016,0.324900,-0.076594,2.004166,0.163547,0.091138,1.175584,0.051555,0.138328,1.113010,0.082270,0.119057,0.807019,0.064089,0.142096,0.672278,0.026389,0.266580,1.130612,0.123765,0.381951,1.487152,0.063489,0.329653,1.432613
302,0.022840,0.066338,1.379927,0.024650,-0.073909,1.601001,0.053591,-0.317056,1.860795,0.314233,-0.354759,2.182144,0.323440,-0.087727,2.007059,0.166060,0.091390,1.183264,0.048218,0.138269,1.119923,0.082388,0.119849,0.821388,0.061195,0.130440,0.610984,0.036467,0.242436,0.960246,0.112173,0.418921,1.433673,0.053739,0.386499,1.422294
303,0.027882,0.066966,1.374317,0.022908,-0.072397,1.602367,0.052581,-0.321673,1.866401,0.314240,-0.354572,2.183317,0.324337,-0.090009,2.031906,0.167953,0.090382,1.183218,0.045836,0.139449,1.122235,0.082439,0.119816,0.819034,0.062264,0.142021,0.644449,0.028070,0.267977,1.121969,0.109032,0.381393,1.454124,0.051477,0.368756,1.452108
304,0.016821,0.067545,1.384101,0.017038,-0.063855,1.594102,0.050781,-0.318948,1.864126,0.315476,-0.356106,2.183604,0.339848,-0.094069,2.049995,0.167693,0.090410,1.185310,0.047893,0.138764,1.121094,0.081664,0.121123,0.825831,0.066758,0.138894,0.639948,0.036355,0.244568,0.961333,0.097865,0.501063,1.554216,0.033979,0.444551,1.489488
305,0.031933,0.082612,1.337678,0.022923,-0.059162,1.581871,0.060460,-0.318323,1.861719,0.311839,-0.358999,2.177843,0.338050,-0.094030,2.058714,0.167253,0.090414,1.202278,0.050740,0.135277,1.125690,0.083308,0.119809,0.831988,0.062570,0.145813,0.676688,0.029004,0.266532,1.127586,0.100471,0.495039,1.580431,0.040017,0.446223,1.503077
306,0.021060,0.073288,1.367018,0.020492,-0.074284,1.604559,0.054159,-0.326556,1.865660,0.321290,-0.369358,2.200817,0.328615,-0.097103,2.056589,0.169259,0.090652,1.190851,0.048586,0.132703,1.138126,0.084968,0.119253,0.838535,0.059343,0.140943,0.655786,0.033679,0.264454,1.079200,0.091923,0.452654,1.513436,0.033337,0.419019,1.480579
307,0.018817,0.069956,1.375933,0.020525,-0.075987,1.605757,0.052395,-0.325996,1.863944,0.328125,-0.368375,2.211275,0.333420,-0.100064,2.074884,0.166503,0.089958,1.182045,0.047882,0.134111,1.137247,0.084743,0.119407,0.842840,0.063367,0.139738,0.652335,0.039963,0.239573,0.955481,0.094853,0.433639,1.548939,0.035072,0.393782,1.504534
308,0.013645,0.060198,1.399387,0.022547,-0.103480,1.642146,0.060546,-0.342261,1.878501,0.318927,-0.372746,2.191060,0.327943,-0.104690,2.069117,0.164390,0.091583,1.184284,0.046293,0.130778,1.151394,0.083592,0.120398,0.865129,0.057646,0.117332,0.552617,0.036331,0.241444,0.971678,0.090952,0.534201,1.528982,0.021339,0.511815,1.506703
309,0.010847,0.056109,1.411750,0.021180,-0.100407,1.640415,0.059081,-0.341855,1.873838,0.320377,-0.381157,2.194336,0.342535,-0.115612,2.095111,0.169826,0.090360,1.189630,0.050201,0.126540,1.155416,0.086480,0.118471,0.880101,0.054930,0.118680,0.560717,0.032172,0.232623,0.968158,0.079035,0.533491,1.605131,0.011835,0.480176,1.533046
310,0.016373,0.055724,1.407849,0.027815,-0.102546,1.646615,0.059774,-0.347188,1.879902,0.326157,-0.385581,2.205634,0.336989,-0.118343,2.099422,0.168829,0.089685,1.199744,0.049248,0.128716,1.152585,0.085234,0.118732,0.883453,0.056136,0.121674,0.572961,0.028470,0.228595,0.977314,0.088545,0.518611,1.596493,0.021488,0.464369,1.546763
311,0.021216,0.058677,1.397398,0.025700,-0.093174,1.632007,0.058228,-0.345733,1.875564,0.322768,-0.382739,2.196267,0.340745,-0.115488,2.099959,0.170806,0.089222,1.210660,0.048614,0.126526,1.162198,0.087302,0.118337,0.891187,0.055268,0.114426,0.540289,0.036682,0.229144,0.956275,0.095027,0.471358,1.535419,0.030520,0.441698,1.500328
312,0.027322,0.069561,1.368929,0.031823,-0.103265,1.641786,0.064677,-0.345390,1.877915,0.329454,-0.392114,2.222141,0.341815,-0.111921,2.124463,0.165935,0.089870,1.190478,0.051631,0.128848,1.149926,0.089534,0.118095,0.883106,0.052778,0.119219,0.558691,0.030726,0.230551,0.959112,0.091648,0.416261,1.554329,0.030413,0.385056,1.522062
313,0.016260,0.056595,1.407704,0.020891,-0.109484,1.657191,0.060185,-0.351501,1.882125,0.331453,-0.387650,2.213781,0.334404,-0.102696,2.067548,0.173474,0.088893,1.219037,0.047641,0.126657,1.162720,0.087954,0.118262,0.889143,0.054753,0.119002,0.561910,0.019297,0.233583,0.997814,0.092621,0.493848,1.583270,0.024456,0.452534,1.549262
314,0.017663,0.067196,1.382664,0.015607,-0.091971,1.630489,0.052613,-0.346128,1.872707,0.329748,-0.385554,2.213745,0.328034,-0.100914,2.056481,0.173694,0.085864,1.227529,0.044612,0.132396,1.151161,0.085862,0.119376,0.891781,0.062881,0.146722,0.683448,0.018054,0.232242,0.984477,0.087376,0.489536,1.589777,0.018444,0.445637,1.556147
315,0.013423,0.063803,1.393804,0.014557,-0.098452,1.642144,0.055025,-0.348017,1.876547,0.325701,-0.382620,2.195713,0.326480,-0.100760,2.054102,0.169207,0.088143,1.212558,0.044125,0.129968,1.164634,0.085804,0.119748,0.894012,0.057287,0.124129,0.570062,0.024589,0.231084,0.974475,0.075218,0.555628,1.596867,-0.001446,0.509036,1.574996
316,0.004178,0.063770,1.402826,0.004564,-0.093848,1.641166,0.046777,-0.352888,1.879856,0.329493,-0.394346,2.217549,0.340001,-0.106474,2.099075,0.168297,0.088005,1.196536,0.038825,0.130204,1.172619,0.085186,0.120181,0.897611,0.058838,0.143803,0.667328,0.016285,0.236981,0.997434,0.077058,0.576856,1.616134,-0.008347,0.523107,1.571734
317,0.014665,0.089114,1.341757,0.013303,-0.081156,1.618148,0.052681,-0.349202,1.879920,0.328047,-0.391586,2.216126,0.335529,-0.106233,2.089955,0.165135,0.090734,1.185905,0.042556,0.129974,1.165715,0.087060,0.119209,0.896374,0.055826,0.121546,0.562908,0.018708,0.232682,0.991679,0.076949,0.601842,1.640992,-0.003214,0.519447,1.519905
318,0.014684,0.075978,1.368826,0.013859,-0.086800,1.627098,0.053718,-0.349015,1.880289,0.327502,-0.390429,2.203598,0.340033,-0.106700,2.104908,0.164008,0.090502,1.172166,0.044820,0.128962,1.165417,0.087036,0.118352,0.888510,0.057546,0.122942,0.575718,0.026358,0.234936,0.986165,0.087594,0.554843,1.544430,0.005221,0.519585,1.553588
319,0.010318,0.069441,1.386237,0.015841,-0.082193,1.621880,0.051396,-0.343863,1.874355,0.328478,-0.390974,2.210983,0.331571,-0.095570,2.070921,0.160732,0.093114,1.158468,0.039355,0.130529,1.167076,0.083396,0.119657,0.892273,0.058177,0.136157,0.641604,0.016898,0.240627,1.025882,0.079201,0.631783,1.703100,-0.006268,0.532322,1.548458
320,0.011685,0.069218,1.384455,0.019427,-0.093295,1.637013,0.056794,-0.350296,1.882821,0.325532,-0.393116,2.208892,0.336038,-0.107694,2.098935,0.163165,0.092459,1.175625,0.042392,0.130613,1.162292,0.084108,0.119904,0.884109,0.060217,0.145880,0.671291,0.023619,0.234480,0.988151,0.090049,0.615499,1.654656,0.011718,0.515607,1.505055
321,0.005167,0.064345,1.400474,0.013026,-0.089502,1.632107,0.053162,-0.350130,1.880868,0.330582,-0.395208,2.219471,0.338973,-0.113323,2.111870,0.165341,0.091348,1.179891,0.041431,0.130545,1.164525,0.084093,0.120086,0.886194,0.057067,0.125564,0.568718,0.024443,0.232169,0.983628,0.091431,0.602546,1.598006,0.012707,0.518283,1.475241
322,0.005243,0.066723,1.396145,0.011127,-0.087708,1.628678,0.052873,-0.351849,1.883229,0.330417,-0.393530,2.218859,0.338176,-0.111552,2.111988,0.166090,0.090379,1.179320,0.041436,0.130244,1.165797,0.084499,0.119841,0.884909,0.056095,0.125283,0.572134,0.024768,0.232135,0.984387,0.091912,0.584835,1.585587,0.016228,0.507752,1.480392
323,0.011263,0.077084,1.369836,0.009713,-0.084820,1.627633,0.050703,-0.349118,1.882779,0.332942,-0.393064,2.225608,0.338468,-0.108859,2.103367,0.163872,0.091523,1.185986,0.041885,0.128719,1.166231,0.085994,0.119144,0.883832,0.055420,0.122476,0.566456,0.026194,0.229362,0.975375,0.089198,0.568905,1.557011,0.012429,0.508467,1.481188
324,0.016782,0.078029,1.362386,0.016861,-0.077503,1.613616,0.053690,-0.346597,1.882630,0.327827,-0.392251,2.225501,0.335952,-0.108333,2.101642,0.166660,0.090239,1.191275,0.041366,0.131086,1.159438,0.084461,0.119715,0.887576,0.055010,0.114062,0.535557,0.016660,0.233939,0.991634,0.086304,0.540543,1.528573,-0.001991,0.514545,1.538198
325,0.013589,0.076634,1.368284,0.015389,-0.072099,1.604564,0.051770,-0.342743,1.874825,0.330172,-0.394631,2.228020,0.334950,-0.103217,2.079609,0.164372,0.091038,1.177392,0.041701,0.129147,1.166767,0.085598,0.119671,0.888581,0.055461,0.120907,0.562467,0.018067,0.234951,0.998166,0.081469,0.561832,1.579242,-0.000745,0.511071,1.520815
326,0.011899,0.067217,1.389126,0.018597,-0.076914,1.610650,0.055740,-0.345705,1.878699,0.325610,-0.384991,2.214152,0.334837,-0.105137,2.080092,0.161479,0.091732,1.174776,0.043370,0.133097,1.150683,0.085722,0.119829,0.880002,0.053717,0.121185,0.564070,0.023969,0.237794,0.975357,0.076860,0.549632,1.614778,0.006522,0.473362,1.527025
327,0.012349,0.069108,1.385210,0.016469,-0.074019,1.608307,0.051597,-0.344540,1.882181,0.329271,-0.389092,2.227033,0.339633,-0.107719,2.090346,0.164474,0.091517,1.186603,0.044341,0.130303,1.154649,0.086717,0.118337,0.868684,0.056493,0.125023,0.586411,0.029265,0.236969,0.972285,0.080825,0.532917,1.512556,0.002560,0.515956,1.524135
328,0.015916,0.075408,1.366972,0.022039,-0.062998,1.585819,0.057592,-0.337849,1.881817,0.333449,-0.384024,2.237768,0.342578,-0.104932,2.105136,0.167239,0.090483,1.190349,0.047154,0.132814,1.142013,0.085855,0.118879,0.860665,0.058468,0.119420,0.569047,0.032738,0.236852,0.966303,0.091460,0.536654,1.602105,0.022408,0.475612,1.527122
329,0.015789,0.070489,1.376411,0.013356,-0.080101,1.614015,0.053021,-0.336761,1.883600,0.331902,-0.378492,2.231328,0.335813,-0.107670,2.088969,0.167333,0.089098,1.183435,0.047937,0.129518,1.151034,0.088516,0.116274,0.863245,0.064992,0.156190,0.733776,0.033687,0.235286,0.972273,0.082176,0.513677,1.638201,0.023604,0.436672,1.524110
330,0.020705,0.067001,1.380065,0.020257,-0.082674,1.620496,0.055514,-0.333288,1.883010,0.333504,-0.377684,2.248257,0.338291,-0.100488,2.083782,0.169244,0.088632,1.201729,0.047784,0.131147,1.142893,0.085626,0.116321,0.837947,0.061990,0.162357,0.746472,0.032360,0.237529,0.990725,0.076603,0.542862,1.710984,0.021466,0.429120,1.556920
331,0.008387,0.055923,1.411429,0.022806,-0.082996,1.622223,0.057009,-0.323984,1.882701,0.334972,-0.367550,2.256155,0.337832,-0.082409,2.049395,0.166676,0.090075,1.173755,0.047372,0.136090,1.128182,0.081386,0.118851,0.818408,0.064468,0.165242,0.750440,0.032134,0.242195,0.994302,0.081574,0.540595,1.721925,0.019677,0.433216,1.525319
332,0.008921,0.052803,1.417799,0.025962,-0.072944,1.606496,0.054898,-0.310192,1.874123,0.334757,-0.352456,2.254991,0.322871,-0.070702,1.993784,0.164409,0.092782,1.160147,0.045287,0.138349,1.129211,0.079329,0.120270,0.806224,0.065008,0.161902,0.727305,0.025188,0.251604,1.003493,0.079005,0.567512,1.605664,-0.006768,0.480378,1.514403
333,0.000486,0.025000,1.482120,0.022063,-0.093862,1.643598,0.055176,-0.291344,1.860908,0.325701,-0.326515,2.240016,0.319004,-0.062396,1.959834,0.170134,0.089932,1.182378,0.046258,0.142798,1.115099,0.078493,0.121352,0.787650,0.068083,0.165175,0.719727,0.023275,0.253278,1.010718,0.075394,0.569031,1.675279,-0.006958,0.492124,1.537091
334,0.013135,0.044439,1.433195,0.028665,-0.075766,1.608661,0.054133,-0.274613,1.847738,0.315941,-0.305407,2.212711,0.314241,-0.055191,1.926364,0.178474,0.086709,1.218359,0.049133,0.143269,1.104636,0.078621,0.121188,0.758021,0.064977,0.175150,0.786341,0.030486,0.248540,0.996284,0.073668,0.507992,1.658684,0.012868,0.446284,1.537781
335,0.008221,0.044073,1.438779,0.021843,-0.071136,1.606238,0.049427,-0.257625,1.834821,0.316430,-0.298354,2.225192,0.319533,-0.058244,1.947304,0.177456,0.086814,1.225068,0.049396,0.142329,1.106686,0.076676,0.120998,0.743791,0.065328,0.174865,0.780585,0.030544,0.245851,0.987767,0.064634,0.542307,1.736650,0.002069,0.454782,1.595677
336,0.007287,0.050196,1.426477,0.022884,-0.058098,1.581305,0.044612,-0.241165,1.814935,0.305014,-0.264831,2.177721,0.311593,-0.044234,1.886069,0.168993,0.089689,1.176570,0.046929,0.144240,1.105754,0.076575,0.122005,0.754643,0.061094,0.173546,0.765413,0.029912,0.242046,0.973266,0.065959,0.496955,1.611487,0.022866,0.417438,1.504562
337,0.010973,0.047424,1.430009,0.020382,-0.054854,1.577511,0.042396,-0.238831,1.813117,0.294227,-0.241603,2.143964,0.303244,-0.047188,1.896649,0.168475,0.089529,1.173972,0.050573,0.142598,1.110977,0.078427,0.121424,0.760384,0.060635,0.153464,0.689340,0.030675,0.237073,0.977162,0.063495,0.325664,1.136108,0.012688,0.390933,1.390352
338,0.008257,0.036450,1.449066,0.024516,-0.067036,1.588915,0.044973,-0.230946,1.808253,0.293044,-0.228009,2.126447,0.296560,-0.028427,1.818482,0.168850,0.090139,1.168510,0.054805,0.141678,1.103391,0.081817,0.120692,0.754295,0.061848,0.154461,0.700687,0.011994,0.273992,1.206561,0.073334,0.334065,1.249022,0.041902,0.328347,1.393043
339,0.014607,0.034578,1.450291,0.029453,-0.069212,1.594711,0.048035,-0.227360,1.814723,0.309356,-0.237897,2.207489,0.292681,-0.019731,1.786114,0.164677,0.089921,1.127755,0.055613,0.137724,1.118587,0.081109,0.118618,0.749284,0.060270,0.180561,0.809637,0.015482,0.217290,0.973809,0.066099,0.244777,0.955502,0.051761,0.274291,1.276382
340,0.016953,0.037071,1.443856,0.026104,-0.076929,1.603770,0.049109,-0.222535,1.808990,0.298338,-0.204912,2.138691,0.305763,-0.033511,1.859364,0.177718,0.087207,1.190617,0.055126,0.136075,1.119180,0.079546,0.119334,0.755539,0.055304,0.179643,0.834224,0.005480,0.258317,1.246122,0.078466,0.322637,1.317241,0.040803,0.317764,1.410676
341,0.019202,0.040208,1.436322,0.031283,-0.086246,1.615974,0.050832,-0.213959,1.797802,0.294259,-0.190495,2.116689,0.319518,-0.041457,1.887036,0.178048,0.084080,1.195361,0.054757,0.140442,1.111574,0.078256,0.120232,0.748406,0.055355,0.166551,0.756737,0.016017,0.221551,0.989902,0.049682,0.084685,0.410539,0.047492,0.212687,0.987301
342,0.021490,0.044197,1.424508,0.035525,-0.084915,1.612508,0.055017,-0.216373,1.803593,0.294955,-0.195209,2.120648,0.325792,-0.044169,1.912345,0.180853,0.083799,1.199683,0.055574,0.138579,1.113888,0.079423,0.119116,0.745669,0.059995,0.133310,0.612435,0.009976,0.217773,1.010094,0.059821,0.116499,0.568287,0.043523,0.224854,0.967777
343,0.024062,0.044951,1.420578,0.037429,-0.069544,1.584336,0.055668,-0.214649,1.803764,0.297191,-0.198672,2.129553,0.325237,-0.039788,1.896308,0.180791,0.082900,1.208136,0.056931,0.139527,1.105592,0.077029,0.119335,0.743111,0.058583,0.141424,0.650251,0.008623,0.223216,1.046403,0.062763,0.122801,0.583588,0.044594,0.241885,1.085052
344,0.024110,0.039133,1.431512,0.040561,-0.077858,1.594073,0.056079,-0.200751,1.783360,0.298122,-0.200523,2.120106,0.321451,-0.040492,1.884900,0.186080,0.082679,1.238644,0.058902,0.139375,1.103216,0.080156,0.121015,0.758372,0.059326,0.148267,0.700990,0.009386,0.223081,1.070090,0.077338,0.326645,1.304344,0.006987,0.345042,1.459749
345,0.026319,0.036285,1.436154,0.039293,-0.082609,1.607519,0.055346,-0.205723,1.790539,0.305478,-0.215251,2.150181,0.318067,-0.040619,1.869510,0.180445,0.083503,1.228095,0.058277,0.138228,1.105953,0.083004,0.120183,0.769714,0.060828,0.149953,0.720962,0.010481,0.221976,1.089254,0.072387,0.277449,0.977260,0.034737,0.330649,1.324668
346,0.029105,0.033231,1.438855,0.043851,-0.081961,1.604323,0.056517,-0.205431,1.793659,0.302911,-0.214956,2.139838,0.316637,-0.041702,1.870240,0.191510,0.079338,1.270483,0.059981,0.136809,1.101290,0.083798,0.119496,0.769518,0.049658,0.112174,0.540413,0.016010,0.215876,1.031748,0.050895,0.106159,0.435281,0.036883,0.228049,0.936645
347,0.031577,0.036061,1.430621,0.045072,-0.082839,1.605162,0.056423,-0.209994,1.798024,0.305575,-0.220415,2.152826,0.318178,-0.048955,1.889995,0.195455,0.076217,1.296272,0.058386,0.139647,1.096905,0.082676,0.119025,0.760899,0.052645,0.104316,0.508051,0.013695,0.221484,1.066655,0.060899,0.125459,0.590595,0.050093,0.232849,1.010250
348,0.029894,0.035978,1.432568,0.041159,-0.080263,1.602332,0.057434,-0.209100,1.796239,0.311213,-0.222693,2.171123,0.305606,-0.035843,1.840269,0.191635,0.076128,1.278681,0.057930,0.139230,1.097770,0.082670,0.119058,0.764946,0.052846,0.101203,0.495820,0.013601,0.222718,1.067123,0.057794,0.096293,0.460620,0.051297,0.230416,0.933419
349,0.031174,0.032881,1.437396,0.045478,-0.085711,1.608953,0.058867,-0.216742,1.805622,0.311682,-0.223607,2.172308,0.302379,-0.032528,1.819678,0.182495,0.078673,1.224006,0.057809,0.138585,1.103118,0.083566,0.119239,0.773915,0.053591,0.105929,0.514555,0.015362,0.221850,1.059006,0.062382,0.120059,0.542226,0.049904,0.229971,0.958081
350,0.028834,0.034168,1.438090,0.044012,-0.067640,1.581345,0.056381,-0.207622,1.795815,0.309928,-0.217559,2.148443,0.297400,-0.022079,1.787324,0.177105,0.084243,1.195067,0.059437,0.139642,1.098397,0.084588,0.120528,0.764128,0.052823,0.108297,0.518997,0.012702,0.221506,1.071353,0.059599,0.133616,0.587364,0.035395,0.247906,1.072583
351,0.029989,0.035561,1.435534,0.044025,-0.087560,1.610296,0.058335,-0.210032,1.798343,0.315428,-0.224188,2.159112,0.309784,-0.033955,1.839332,0.175565,0.084680,1.190845,0.058897,0.139461,1.097994,0.084459,0.120437,0.763824,0.052879,0.107190,0.520504,0.015329,0.219616,1.040812,0.057881,0.112716,0.494691,0.048279,0.247812,1.004952
352,0.030175,0.038760,1.427065,0.038600,-0.087953,1.614330,0.056056,-0.203988,1.792940,0.309609,-0.218910,2.140042,0.308149,-0.032897,1.834115,0.176768,0.085553,1.196242,0.059302,0.139896,1.097735,0.084533,0.119554,0.755486,0.055165,0.117786,0.556891,0.013794,0.224462,1.066734,0.067950,0.199479,0.828806,0.039156,0.288367,1.203256
353,0.029779,0.038590,1.430020,0.045062,-0.066224,1.577897,0.057233,-0.205613,1.791873,0.315503,-0.223082,2.170367,0.304038,-0.032413,1.823413,0.179740,0.083713,1.211304,0.058963,0.140104,1.100968,0.084381,0.120723,0.760887,0.053023,0.110218,0.529304,0.014339,0.221616,1.052660,0.061230,0.122672,0.542745,0.044767,0.233489,0.970312
354,0.029607,0.036691,1.432694,0.037717,-0.086145,1.613584,0.056030,-0.208835,1.796372,0.314216,-0.222358,2.166429,0.295583,-0.024077,1.783937,0.182556,0.081299,1.230370,0.058673,0.139999,1.099295,0.083417,0.120386,0.758336,0.052498,0.108629,0.526943,0.012563,0.223375,1.061820,0.066764,0.187414,0.789977,0.032577,0.293118,1.237397
355,0.029559,0.041746,1.422830,0.042197,-0.059795,1.571123,0.054709,-0.200124,1.785449,0.311263,-0.216594,2.143873,0.295455,-0.019049,1.769102,0.181573,0.082669,1.226700,0.059602,0.141459,1.085046,0.083137,0.118684,0.740368,0.054486,0.112770,0.539392,0.014098,0.220236,1.048269,0.064276,0.129436,0.573891,0.047511,0.268289,1.089131
356,0.026645,0.043340,1.420643,0.039686,-0.057821,1.568198,0.055776,-0.206283,1.794598,0.311755,-0.220579,2.153358,0.296562,-0.028152,1.796832,0.181669,0.081145,1.212640,0.057976,0.139611,1.096040,0.081621,0.118994,0.750963,0.054942,0.117105,0.561758,0.013772,0.224775,1.074028,0.073495,0.271936,1.166038,0.034458,0.279207,1.318650
357,0.026399,0.040901,1.427195,0.040418,-0.075280,1.596454,0.055794,-0.207287,1.795353,0.315709,-0.223420,2.162814,0.300399,-0.030611,1.814666,0.184443,0.081279,1.232747,0.060528,0.139172,1.092350,0.083734,0.117071,0.743879,0.053285,0.109283,0.529097,0.012771,0.223211,1.078275,0.059696,0.097397,0.470712,0.052125,0.207595,0.886883
358,0.027847,0.046805,1.412856,0.040940,-0.080251,1.604034,0.056969,-0.207075,1.794108,0.312778,-0.224597,2.159809,0.306801,-0.035615,1.831068,0.183508,0.081010,1.225177,0.058861,0.139503,1.093678,0.083273,0.119226,0.773614,0.053262,0.110800,0.529745,0.014311,0.222132,1.051254,0.059942,0.101338,0.508727,0.062305,0.210170,1.056379
359,0.026337,0.033205,1.441436,0.044432,-0.087641,1.613319,0.058673,-0.211962,1.800304,0.316057,-0.220429,2.163111,0.307911,-0.034547,1.837528,0.181920,0.083060,1.221837,0.059053,0.141045,1.094573,0.084568,0.118724,0.760729,0.053273,0.114849,0.544357,0.015031,0.219334,1.047637,0.051797,0.087512,0.404755,0.050562,0.212265,0.933518
360,0.028213,0.038942,1.427878,0.042809,-0.078246,1.599726,0.057612,-0.210117,1.799002,0.313678,-0.217514,2.153277,0.308878,-0.035191,1.835516,0.186290,0.080614,1.239829,0.057818,0.139246,1.098506,0.082347,0.119750,0.758456,0.053408,0.120709,0.574912,0.011260,0.225924,1.080428,0.065281,0.172598,0.731910,0.031125,0.263928,1.142564
361,0.028109,0.035240,1.435449,0.042064,-0.080707,1.604439,0.058175,-0.210522,1.799683,0.318408,-0.222222,2.172899,0.305830,-0.035759,1.832776,0.181838,0.080088,1.217441,0.058279,0.140627,1.096054,0.082493,0.118840,0.750792,0.054015,0.117409,0.555649,0.014425,0.224887,1.064134,0.062223,0.140051,0.599499,0.043139,0.251853,1.030670
362,0.027834,0.035185,1.436962,0.048919,-0.081564,1.601891,0.060953,-0.213203,1.803399,0.316986,-0.221792,2.162743,0.310381,-0.031457,1.826644,0.180103,0.081907,1.202842,0.059244,0.140286,1.092221,0.081343,0.121368,0.753967,0.052733,0.116642,0.551028,0.011494,0.222795,1.077281,0.066618,0.251543,1.016625,0.014979,0.307975,1.355424
363,0.027234,0.042431,1.423353,0.047619,-0.075265,1.594431,0.059528,-0.209937,1.799104,0.316247,-0.221493,2.164742,0.308742,-0.036582,1.828600,0.180199,0.081426,1.206610,0.058986,0.140268,1.096185,0.081551,0.121065,0.756330,0.053121,0.113681,0.542459,0.012333,0.224377,1.080508,0.059624,0.130498,0.551665,0.032063,0.264960,1.123504
364,0.028256,0.041893,1.424148,0.049945,-0.077830,1.596568,0.059743,-0.212790,1.803240,0.316413,-0.220508,2.170500,0.311665,-0.036496,1.847632,0.176859,0.082507,1.186657,0.058471,0.140100,1.097105,0.079265,0.120329,0.749181,0.063476,0.158301,0.754361,0.017416,0.224772,1.061400,0.062815,0.164465,0.712613,0.035129,0.276692,1.164076
365,0.028235,0.042993,1.420733,0.051798,-0.074430,1.589747,0.059318,-0.209645,1.797504,0.314649,-0.219512,2.163707,0.308363,-0.031478,1.821848,0.182285,0.082248,1.209520,0.059746,0.139969,1.096369,0.082124,0.121163,0.759729,0.050889,0.122849,0.568963,0.016423,0.221893,1.050845,0.062857,0.151645,0.684325,0.034932,0.267403,1.208842
366,0.029566,0.038816,1.428711,0.049298,-0.078441,1.596996,0.060817,-0.211818,1.804493,0.313784,-0.217767,2.152992,0.313313,-0.040784,1.856921,0.191860,0.078305,1.274059,0.059278,0.138570,1.100063,0.080106,0.119588,0.750278,0.053204,0.112714,0.542567,0.014052,0.223132,1.071208,0.056384,0.144667,0.643863,0.025103,0.267044,1.116031
367,0.027491,0.043112,1.420957,0.050274,-0.068942,1.581489,0.059549,-0.209109,1.796743,0.317394,-0.225027,2.170300,0.318229,-0.045411,1.862796,0.190881,0.077562,1.262494,0.058886,0.139255,1.096072,0.081369,0.120090,0.749722,0.051520,0.113272,0.540223,0.013967,0.223795,1.071925,0.061597,0.183285,0.809142,0.024858,0.266751,1.160105
368,0.025833,0.043117,1.423311,0.044562,-0.079697,1.598707,0.059747,-0.212779,1.802516,0.316836,-0.228318,2.177333,0.329605,-0.049676,1.910264,0.186884,0.078824,1.260898,0.058364,0.139254,1.097020,0.079241,0.118588,0.746799,0.053481,0.113740,0.548481,0.010955,0.225705,1.092564,0.062338,0.172208,0.711958,0.032254,0.264507,1.081489
369,0.027352,0.042264,1.423077,0.046620,-0.077951,1.597006,0.060672,-0.212408,1.800321,0.311671,-0.223697,2.157091,0.327893,-0.051824,1.910563,0.188570,0.080166,1.244980,0.059080,0.140866,1.093266,0.081453,0.119300,0.751938,0.053921,0.114615,0.553253,0.013038,0.226077,1.076464,0.059938,0.106715,0.501932,0.050341,0.218740,0.916095
370,0.026992,0.032038,1.444747,0.042803,-0.087420,1.610649,0.058616,-0.216155,1.806669,0.315798,-0.227202,2.171952,0.323294,-0.051062,1.895875,0.186575,0.078737,1.241299,0.058603,0.138884,1.099603,0.081440,0.118899,0.756559,0.054119,0.114430,0.554435,0.011788,0.224164,1.084380,0.060064,0.128134,0.579720,0.042740,0.241012,1.032580
371,0.027033,0.039664,1.428540,0.041846,-0.075623,1.591135,0.059126,-0.213961,1.800269,0.313091,-0.227152,2.159084,0.324412,-0.051802,1.898845,0.188052,0.081142,1.245583,0.058613,0.139389,1.100093,0.082207,0.119854,0.759073,0.054783,0.115628,0.558434,0.011001,0.224041,1.079793,0.056148,0.093551,0.421600,0.048737,0.234878,0.927863
372,0.026151,0.042394,1.423562,0.040310,-0.057473,1.566059,0.056599,-0.214786,1.802905,0.313518,-0.232532,2.164471,0.324772,-0.055124,1.918265,0.194504,0.078858,1.281520,0.057959,0.138825,1.097729,0.079696,0.119195,0.751253,0.054398,0.112522,0.543255,0.011957,0.223062,1.084964,0.060386,0.144454,0.636517,0.033239,0.267318,1.121153
373,0.026135,0.037208,1.434308,0.045244,-0.068295,1.575811,0.059275,-0.218887,1.807171,0.310305,-0.236014,2.174484,0.329637,-0.052958,1.914385,0.185567,0.081937,1.239891,0.060564,0.135813,1.103277,0.081897,0.117593,0.750113,0.053103,0.111948,0.539972,0.013514,0.222389,1.072702,0.054967,0.102189,0.447117,0.045536,0.236934,0.936776
374,0.022833,0.040831,1.429924,0.038094,-0.062445,1.575027,0.056985,-0.220946,1.811451,0.310744,-0.235630,2.171073,0.337397,-0.064899,1.955844,0.186407,0.080099,1.232930,0.057331,0.138345,1.098346,0.078826,0.117749,0.746885,0.053998,0.116747,0.555158,0.010421,0.222818,1.063902,0.047583,0.096115,0.413645,0.040694,0.212621,0.892910
375,0.021376,0.043495,1.424939,0.037720,-0.056604,1.565550,0.054313,-0.217269,1.804740,0.310768,-0.244334,2.184270,0.341313,-0.064470,1.975088,0.188446,0.081444,1.248826,0.057001,0.139571,1.096905,0.079288,0.117872,0.747024,0.056407,0.121834,0.576133,0.010096,0.224092,1.077050,0.052999,0.133331,0.615237,0.038327,0.221603,1.024385
376,0.024295,0.050975,1.407769,0.040727,-0.053370,1.557896,0.054073,-0.216725,1.801899,0.306464,-0.244710,2.167997,0.336886,-0.061697,1.966785,0.189940,0.081395,1.262547,0.056094,0.139056,1.101762,0.078904,0.118311,0.752262,0.054034,0.116441,0.554600,0.015052,0.222392,1.058082,0.073371,0.278032,1.192745,0.038773,0.290729,1.312700
377,0.022514,0.041818,1.428280,0.037256,-0.058234,1.568691,0.053713,-0.217764,1.802747,0.311747,-0.247629,2.176891,0.342831,-0.061136,1.971947,0.191629,0.080116,1.274416,0.055351,0.139612,1.098574,0.078715,0.119897,0.757371,0.055000,0.112474,0.539829,0.013150,0.224833,1.073087,0.073124,0.264294,1.021705,0.028684,0.327648,1.282890
378,0.026252,0.051102,1.406067,0.037903,-0.037619,1.534892,0.052757,-0.214532,1.798739,0.309314,-0.247814,2.172037,0.343618,-0.061419,1.956852,0.193089,0.079269,1.275150,0.056999,0.139301,1.097218,0.080028,0.118302,0.755283,0.057190,0.123792,0.583192,0.015045,0.223806,1.059697,0.056444,0.108486,0.458673,0.044666,0.235273,0.967203
379,0.026038,0.052935,1.402492,0.038650,-0.028463,1.520082,0.051067,-0.213694,1.794123,0.306547,-0.245990,2.161877,0.353733,-0.070567,2.008948,0.194591,0.079084,1.285510,0.056457,0.139255,1.100399,0.079121,0.118489,0.753623,0.065076,0.158240,0.751046,0.013280,0.224081,1.070214,0.064191,0.232258,1.028645,0.036088,0.263124,1.297690
380,0.023315,0.050681,1.409271,0.037871,-0.033752,1.528724,0.052713,-0.217785,1.800742,0.307040,-0.253161,2.183553,0.345502,-0.065102,1.988631,0.189556,0.079882,1.262976,0.057022,0.138586,1.097919,0.079756,0.118018,0.748840,0.057741,0.124644,0.575207,0.016766,0.222504,1.052898,0.068830,0.287055,1.186127,0.028395,0.302572,1.384807
381,0.021149,0.040162,1.431839,0.042271,-0.061908,1.570612,0.055517,-0.222406,1.809358,0.305275,-0.255542,2.181280,0.342186,-0.065044,1.982320,0.189882,0.080056,1.268586,0.059652,0.137001,1.098096,0.080193,0.116592,0.742220,0.061193,0.161077,0.759513,0.012408,0.222893,1.060422,0.058838,0.106313,0.463197,0.043587,0.237880,1.053228
382,0.019092,0.038512,1.437608,0.039656,-0.066422,1.580651,0.053315,-0.222705,1.807466,0.305174,-0.253942,2.171414,0.339667,-0.064888,1.970917,0.187381,0.080807,1.252883,0.058787,0.137695,1.096247,0.079915,0.117062,0.747721,0.058716,0.165752,0.773875,0.013520,0.219905,1.050305,0.058001,0.133575,0.617634,0.039881,0.234963,1.099079
383,0.015806,0.040898,1.434965,0.044566,-0.045115,1.542710,0.057891,-0.225939,1.812014,0.305218,-0.258418,2.179147,0.337855,-0.063578,1.965096,0.186326,0.081941,1.249154,0.059779,0.139308,1.091539,0.079955,0.117859,0.750089,0.058535,0.154703,0.717885,0.016215,0.222245,1.068074,0.060108,0.115843,0.550466,0.051049,0.230315,1.123879
384,0.012260,0.041676,1.438535,0.033869,-0.053804,1.563926,0.053544,-0.230659,1.813220,0.307466,-0.259805,2.177559,0.343561,-0.063857,1.985450,0.182194,0.083990,1.232966,0.055688,0.141085,1.100489,0.079454,0.121159,0.766307,0.060490,0.155184,0.721140,0.014662,0.228247,1.076912,0.072757,0.179923,0.780549,0.043423,0.264564,1.254598
385,0.019501,0.054597,1.405592,0.031280,-0.037521,1.542769,0.049408,-0.224392,1.806101,0.311065,-0.262893,2.189979,0.329758,-0.056194,1.945550,0.183906,0.083396,1.237278,0.055261,0.139860,1.097952,0.080950,0.119092,0.759091,0.061209,0.164556,0.768127,0.005840,0.253880,1.232991,0.068984,0.220967,0.922247,0.038180,0.292983,1.298558
386,0.009867,0.041540,1.441019,0.033417,-0.060005,1.576284,0.052358,-0.229875,1.809511,0.314132,-0.263887,2.197006,0.321425,-0.044731,1.905228,0.174587,0.085015,1.186483,0.054204,0.141106,1.102295,0.078887,0.119058,0.752698,0.061846,0.182567,0.846651,0.012198,0.231596,1.078566,0.068182,0.320632,1.202327,0.032774,0.315700,1.336444
387,0.010447,0.047011,1.428431,0.033557,-0.052815,1.561458,0.051575,-0.231351,1.808675,0.307145,-0.260547,2.165872,0.322735,-0.041289,1.896615,0.171857,0.090004,1.166925,0.056454,0.142686,1.092579,0.080943,0.120749,0.756544,0.058276,0.156879,0.733071,0.009653,0.229241,1.087670,0.080374,0.305003,1.099401,0.050026,0.319599,1.295871
388,0.011866,0.042137,1.438962,0.033949,-0.066122,1.586708,0.052931,-0.241187,1.819128,0.312200,-0.266588,2.186883,0.342108,-0.057602,1.996407,0.170879,0.088829,1.158546,0.051802,0.140956,1.108963,0.076437,0.119638,0.751878,0.065803,0.180674,0.814638,0.008041,0.241034,1.142410,0.073122,0.273985,0.985689,0.037348,0.344098,1.257601
389,0.012922,0.052988,1.415661,0.034594,-0.043085,1.551471,0.053245,-0.239091,1.816329,0.314881,-0.269155,2.200322,0.330677,-0.049064,1.955488,0.168760,0.090248,1.133245,0.055108,0.140279,1.109128,0.079193,0.119660,0.762118,0.051590,0.123604,0.579531,0.009123,0.231446,1.081761,0.074012,0.301740,1.101329,0.034621,0.332810,1.329399
390,0.014183,0.061285,1.397907,0.027999,-0.035567,1.539949,0.051629,-0.238409,1.814654,0.310757,-0.270199,2.191267,0.331152,-0.049607,1.968850,0.172365,0.089222,1.160082,0.052659,0.141508,1.108365,0.079156,0.119421,0.760182,0.051245,0.119626,0.563425,0.013051,0.232545,1.071454,0.072806,0.239448,0.960093,0.036370,0.305058,1.301993
391,0.011571,0.059149,1.404807,0.027503,-0.058192,1.577528,0.051238,-0.242877,1.819651,0.311831,-0.276579,2.200357,0.331471,-0.051518,1.972209,0.166770,0.087393,1.117099,0.051669,0.139317,1.117702,0.078845,0.120164,0.774002,0.060884,0.180152,0.856414,0.010590,0.236608,1.121691,0.065710,0.208450,0.892185,0.034344,0.290232,1.269495
392,0.015039,0.057337,1.404967,0.031912,-0.058572,1.576550,0.054338,-0.245303,1.822463,0.310742,-0.275265,2.195699,0.333126,-0.056368,1.989215,0.174755,0.087475,1.174704,0.053155,0.139951,1.114816,0.079605,0.120985,0.779197,0.061663,0.190378,0.872198,0.014527,0.238190,1.110396,0.062754,0.313486,1.403695,0.018272,0.294412,1.424289
393,0.016336,0.065291,1.388649,0.034734,-0.033314,1.536408,0.052050,-0.242789,1.819487,0.310070,-0.275318,2.191596,0.332985,-0.055796,1.985679,0.175087,0.086967,1.172072,0.052457,0.139500,1.116534,0.079661,0.120507,0.778591,0.068279,0.182823,0.805253,0.014743,0.233507,1.064834,0.075840,0.311189,1.295128,0.036527,0.277365,1.383137
394,0.015243,0.061474,1.396249,0.030557,-0.028279,1.526708,0.051483,-0.242920,1.818218,0.314960,-0.276492,2.198002,0.335058,-0.057314,1.975409,0.174105,0.088296,1.173138,0.053952,0.140223,1.115282,0.084123,0.120846,0.782143,0.057319,0.115095,0.536838,0.015917,0.224708,1.063996,0.077416,0.350331,1.294169,0.039733,0.319584,1.371750
395,0.011836,0.059073,1.405519,0.026360,-0.031963,1.537401,0.052178,-0.245311,1.818501,0.309794,-0.269718,2.175450,0.335164,-0.053901,1.980871,0.174617,0.087440,1.172670,0.054626,0.139895,1.113035,0.082553,0.120924,0.780698,0.069982,0.166648,0.784312,0.015785,0.226372,1.055383,0.077995,0.324212,1.342608,0.040903,0.300850,1.371480
396,0.010982,0.059928,1.403197,0.025517,-0.050005,1.563662,0.055045,-0.249178,1.823780,0.311671,-0.276867,2.190840,0.333000,-0.053961,1.974874,0.167075,0.088112,1.119712,0.054840,0.139733,1.118259,0.084187,0.120128,0.788456,0.063172,0.178001,0.831065,0.015256,0.231517,1.076394,0.082027,0.348456,1.306459,0.049935,0.321513,1.333769
397,0.008074,0.054129,1.417064,0.026403,-0.035607,1.541653,0.051929,-0.244440,1.818530,0.308700,-0.274813,2.189260,0.335295,-0.051144,1.982271,0.167487,0.089875,1.135541,0.052149,0.141255,1.111029,0.081246,0.118987,0.774203,0.062853,0.187084,0.872798,0.013838,0.232076,1.081950,0.079320,0.353091,1.325281,0.035818,0.318846,1.406183
398,0.013239,0.059625,1.401536,0.032234,-0.032192,1.532127,0.055966,-0.249014,1.823632,0.313378,-0.282576,2.196405,0.335031,-0.051908,1.981459,0.169836,0.090081,1.146721,0.054765,0.139868,1.114828,0.083732,0.119783,0.792703,0.062490,0.167230,0.786880,0.018334,0.225664,1.055491,0.081354,0.349519,1.328453,0.040259,0.322707,1.369130
399,0.018773,0.060579,1.394973,0.026257,-0.029908,1.529847,0.054276,-0.247165,1.821623,0.310295,-0.281698,2.176178,0.345908,-0.064295,2.024126,0.174283,0.089468,1.181874,0.055929,0.138128,1.114115,0.085098,0.119198,0.790452,0.061608,0.156148,0.743481,0.013976,0.227391,1.076360,0.075828,0.280519,1.112643,0.042398,0.289626,1.362986
400,0.016299,0.062302,1.393318,0.028019,-0.039032,1.543879,0.058669,-0.256521,1.831186,0.310066,-0.285685,2.185230,0.356612,-0.073118,2.061032,0.176962,0.087602,1.192278,0.056311,0.138504,1.118877,0.084603,0.121227,0.806278,0.053313,0.110864,0.528839,0.019953,0.226199,1.029078,0.078533,0.302378,1.230224,0.044789,0.301521,1.321751
401,0.013867,0.044616,1.430838,0.031399,-0.040392,1.544734,0.058016,-0.260059,1.838148,0.307197,-0.284968,2.173336,0.348372,-0.071404,2.033413,0.176975,0.087192,1.179447,0.055427,0.135725,1.122822,0.084769,0.120219,0.811045,0.053237,0.111126,0.536793,0.017256,0.222651,1.050160,0.078445,0.326907,1.305691,0.039321,0.308875,1.362392
402,0.007501,0.045893,1.433202,0.027512,-0.043461,1.551167,0.056121,-0.253895,1.829695,0.310686,-0.288760,2.188209,0.354997,-0.077054,2.074238,0.180234,0.083870,1.206347,0.053999,0.136725,1.123505,0.083446,0.119557,0.807539,0.053781,0.115092,0.552824,0.017374,0.231005,1.071807,0.081268,0.335071,1.371334,0.039195,0.309079,1.380466
403,0.007184,0.033954,1.456888,0.032689,-0.065875,1.584737,0.059174,-0.258786,1.836116,0.310936,-0.288005,2.185390,0.341508,-0.070242,2.019767,0.176016,0.085137,1.190309,0.055626,0.134584,1.128624,0.085628,0.119501,0.812865,0.053950,0.122465,0.590464,0.016930,0.228424,1.080796,0.075974,0.357837,1.381304,0.039088,0.325475,1.390401
404,0.015159,0.048177,1.423519,0.032222,-0.045036,1.551878,0.057721,-0.255560,1.831927,0.310419,-0.291176,2.190845,0.347298,-0.076004,2.037752,0.185114,0.083160,1.239438,0.057572,0.136620,1.113750,0.085448,0.117886,0.799612,0.053430,0.113584,0.543806,0.017809,0.228919,1.059714,0.094743,0.311561,1.336664,0.060648,0.280209,1.353007
405,0.019011,0.064360,1.386643,0.031273,-0.041791,1.546739,0.058394,-0.260105,1.836343,0.310348,-0.291182,2.188521,0.343933,-0.072498,2.015057,0.181404,0.083690,1.212058,0.056484,0.137948,1.116355,0.084697,0.119318,0.805425,0.062903,0.175297,0.829790,0.018273,0.231927,1.054208,0.084855,0.340435,1.368364,0.042229,0.309071,1.370937
406,0.011865,0.047892,1.426160,0.026566,-0.042885,1.551521,0.057590,-0.258682,1.829996,0.310167,-0.292580,2.182780,0.338747,-0.071135,2.004249,0.180319,0.083512,1.206526,0.055946,0.137372,1.119908,0.087124,0.119200,0.810941,0.052919,0.124124,0.576550,0.020394,0.224990,1.046680,0.079024,0.219638,0.998102,0.048948,0.274011,1.296866
407,0.014061,0.050103,1.419977,0.024509,-0.043926,1.555078,0.058964,-0.261269,1.834130,0.311499,-0.298263,2.191153,0.345021,-0.072557,2.035449,0.179178,0.084028,1.195641,0.054438,0.135565,1.122634,0.084146,0.118843,0.809686,0.060862,0.174232,0.832589,0.016846,0.227060,1.072303,0.067805,0.368690,1.580772,0.027339,0.301518,1.426791
408,0.020182,0.075967,1.361943,0.025830,-0.041659,1.547803,0.059732,-0.261162,1.835819,0.310762,-0.301181,2.187506,0.342676,-0.074873,2.008260,0.181909,0.083785,1.214049,0.058777,0.135059,1.119520,0.087829,0.117970,0.818145,0.062436,0.155454,0.720035,0.020622,0.225073,1.046435,0.075643,0.181794,0.797243,0.055832,0.273964,1.256784
409,0.019592,0.067846,1.378890,0.028489,-0.042259,1.550115,0.058640,-0.264924,1.838549,0.313185,-0.306449,2.188472,0.357578,-0.093480,2.085742,0.196551,0.077463,1.301192,0.057139,0.133946,1.120634,0.085685,0.117582,0.817030,0.060856,0.153246,0.732031,0.019023,0.224702,1.055751,0.094988,0.318567,1.425673,0.060587,0.268937,1.358582
410,0.008431,0.051717,1.420664,0.028250,-0.062064,1.579445,0.060414,-0.270629,1.843682,0.317416,-0.309259,2.194838,0.350271,-0.075390,2.024354,0.186686,0.078700,1.266585,0.057134,0.135450,1.125292,0.084972,0.119814,0.814627,0.056856,0.130078,0.598986,0.009945,0.261322,1.239584,0.091477,0.359352,1.380916,0.052762,0.309692,1.379499
411,0.019064,0.052095,1.412312,0.026691,-0.049758,1.564035,0.056326,-0.266286,1.838867,0.314777,-0.310347,2.190949,0.343626,-0.082477,2.025613,0.185418,0.081371,1.239583,0.058474,0.137491,1.110813,0.086722,0.118553,0.806042,0.060838,0.140005,0.672838,0.019592,0.222607,1.004710,0.085825,0.236134,0.959258,0.068767,0.265935,1.190090
412,0.009100,0.051003,1.422380,0.029711,-0.050042,1.561153,0.058882,-0.270548,1.839473,0.318379,-0.307992,2.191091,0.336605,-0.069427,1.982649,0.180920,0.082237,1.222503,0.055459,0.135849,1.121466,0.083932,0.119722,0.810465,0.061550,0.170437,0.797532,0.026143,0.230066,1.013615,0.086929,0.366218,1.445195,0.040467,0.325070,1.408168
413,0.016946,0.046011,1.425583,0.027767,-0.065056,1.584776,0.059381,-0.277988,1.849638,0.319398,-0.309597,2.196896,0.341139,-0.070279,1.996180,0.180389,0.084986,1.219442,0.055724,0.133406,1.124940,0.082949,0.117704,0.809337,0.063180,0.168789,0.797723,0.018984,0.228656,1.056804,0.088506,0.331353,1.437194,0.046968,0.278287,1.395896
414,0.009277,0.028657,1.468053,0.025907,-0.078046,1.605385,0.060144,-0.281813,1.852216,0.317778,-0.313260,2.205466,0.351488,-0.079976,2.036141,0.181680,0.084961,1.217790,0.055376,0.136235,1.117594,0.081718,0.118956,0.796920,0.061045,0.178764,0.824176,0.023046,0.233498,1.024828,0.076548,0.358353,1.330379,0.025505,0.353075,1.395562
415,0.009625,0.046513,1.431320,0.025135,-0.055088,1.569783,0.051843,-0.278271,1.847891,0.318027,-0.313107,2.196203,0.344007,-0.074882,1.996918,0.177105,0.085983,1.218123,0.054313,0.136196,1.121489,0.084150,0.118791,0.805779,0.063340,0.166309,0.787319,0.022192,0.266906,1.203823,0.088776,0.357158,1.392394,0.045408,0.324043,1.412633
416,0.019519,0.052412,1.411059,0.026002,-0.050376,1.563975,0.056747,-0.274025,1.841599,0.320106,-0.313419,2.202291,0.340847,-0.073236,1.995997,0.177176,0.085162,1.205823,0.056041,0.136940,1.122022,0.085582,0.118583,0.809009,0.063152,0.173135,0.812232,0.025302,0.235639,0.993272,0.093466,0.346470,1.394428,0.050760,0.315359,1.409943
417,0.011066,0.055852,1.412162,0.022178,-0.048642,1.564451,0.050995,-0.275391,1.839487,0.322459,-0.317848,2.203659,0.334551,-0.066613,1.961285,0.176654,0.086030,1.200962,0.054998,0.137784,1.115984,0.087230,0.117380,0.797021,0.063936,0.157233,0.733549,0.027574,0.231365,1.016717,0.091831,0.354959,1.294801,0.058448,0.300549,1.311506
418,0.015267,0.041902,1.437174,0.026172,-0.063190,1.586114,0.059431,-0.280074,1.845660,0.316871,-0.315195,2.195035,0.343194,-0.080675,2.033037,0.187172,0.081050,1.252549,0.053354,0.139837,1.109282,0.081180,0.120362,0.800213,0.061475,0.182971,0.852508,0.013183,0.239919,1.090656,0.087711,0.417089,1.572071,0.042672,0.345094,1.466494
419,0.014820,0.059925,1.399345,0.022886,-0.052211,1.567204,0.057011,-0.286080,1.852586,0.317939,-0.320270,2.189872,0.339967,-0.072762,2.005329,0.184620,0.081579,1.265524,0.052516,0.137416,1.117373,0.081922,0.118933,0.799926,0.061476,0.173619,0.801512,0.020816,0.243735,1.036816,0.106386,0.352690,1.484716,0.055416,0.304264,1.411765
420,0.012517,0.051370,1.418392,0.019972,-0.058941,1.577821,0.054810,-0.288006,1.853059,0.321146,-0.324574,2.201540,0.337236,-0.066731,1.998555,0.184168,0.083315,1.251543,0.053078,0.136199,1.122574,0.082793,0.119073,0.807852,0.064141,0.163543,0.775959,0.021130,0.276196,1.217157,0.089970,0.446356,1.591491,0.042642,0.366190,1.461780
421,0.007000,0.044574,1.437595,0.016440,-0.072581,1.601857,0.055599,-0.285209,1.846268,0.319693,-0.321632,2.187691,0.328472,-0.059043,1.946408,0.179093,0.086255,1.215926,0.049449,0.138948,1.119679,0.080334,0.120999,0.802276,0.060463,0.150050,0.704622,0.030929,0.246936,0.972225,0.080607,0.463246,1.573574,0.029365,0.391377,1.466929
422,0.002071,0.047442,1.435732,0.017396,-0.077009,1.607233,0.056180,-0.292934,1.850557,0.317811,-0.328780,2.194203,0.332374,-0.066377,1.968577,0.176529,0.088015,1.199242,0.045690,0.138407,1.133426,0.078735,0.121446,0.796450,0.069439,0.159044,0.732855,0.023542,0.250904,1.021664,0.074988,0.581385,1.734208,-0.015478,0.524583,1.625877
423,0.007312,0.047809,1.429914,0.019397,-0.078530,1.608299,0.056696,-0.301265,1.858564,0.316328,-0.333609,2.191586,0.341049,-0.078526,2.018020,0.176068,0.086798,1.217053,0.052034,0.134399,1.134973,0.082769,0.120473,0.818513,0.060720,0.154790,0.736701,0.027140,0.236117,0.994894,0.090669,0.436540,1.635529,0.034405,0.364248,1.476226
424,-0.000725,0.035195,1.462397,0.017637,-0.077838,1.607184,0.055386,-0.296705,1.850988,0.319686,-0.338113,2.202331,0.335609,-0.077994,2.002365,0.184755,0.083093,1.249688,0.048708,0.137896,1.126662,0.082319,0.120527,0.813981,0.060814,0.147639,0.696331,0.026645,0.241671,1.003103,0.085887,0.500509,1.607021,0.015685,0.417891,1.458030
425,0.001953,0.047339,1.436578,0.014550,-0.064980,1.589532,0.055460,-0.301817,1.857494,0.321939,-0.337430,2.199538,0.336630,-0.075886,1.997885,0.177274,0.085469,1.212073,0.049828,0.137598,1.126675,0.084345,0.118521,0.813465,0.062885,0.153809,0.726133,0.024383,0.281332,1.185904,0.086130,0.537524,1.549486,0.030033,0.408166,1.314256
426,0.004244,0.050717,1.427849,0.017619,-0.063943,1.587559,0.055646,-0.304842,1.860033,0.324027,-0.342280,2.201720,0.338076,-0.079469,2.007397,0.177175,0.087293,1.220319,0.048444,0.136496,1.126420,0.083090,0.119109,0.819960,0.062200,0.152040,0.716286,0.032525,0.243144,0.966740,0.086516,0.509079,1.691912,0.030057,0.373491,1.376156
427,-0.000115,0.055093,1.421995,0.014308,-0.069676,1.595676,0.053631,-0.306171,1.860480,0.320925,-0.340084,2.188640,0.340072,-0.082201,2.022068,0.182285,0.084975,1.243197,0.046875,0.139535,1.126543,0.081939,0.121070,0.822772,0.060335,0.142894,0.668704,0.031953,0.244139,0.988577,0.092523,0.446235,1.499487,0.035600,0.375138,1.340640
428,0.002105,0.054540,1.421957,0.017329,-0.066515,1.590540,0.051835,-0.307896,1.860521,0.322080,-0.350215,2.198969,0.333802,-0.085337,2.021640,0.182421,0.085364,1.244470,0.048971,0.136024,1.134023,0.084125,0.120854,0.827130,0.061174,0.141950,0.675031,0.035347,0.238988,0.970178,0.086373,0.494920,1.592157,0.014158,0.434791,1.473609
429,0.003286,0.058356,1.413686,0.012311,-0.061232,1.583393,0.051154,-0.303950,1.856718,0.329877,-0.354047,2.211420,0.335788,-0.082684,2.022081,0.171384,0.090462,1.178950,0.049261,0.131952,1.138033,0.085439,0.117585,0.821245,0.061442,0.152943,0.725572,0.024937,0.276989,1.179537,0.070895,0.518457,1.675728,0.010659,0.423265,1.523572
430,0.013242,0.069683,1.381395,0.015840,-0.068150,1.594136,0.053948,-0.310685,1.862268,0.328147,-0.346360,2.207131,0.331964,-0.074706,2.012157,0.168312,0.090776,1.182977,0.046788,0.136411,1.133457,0.082322,0.120155,0.822549,0.063051,0.145413,0.675320,0.035538,0.250231,0.970781,0.078227,0.439422,1.360868,0.020643,0.430603,1.393377
431,0.007073,0.057219,1.411876,0.015188,-0.067320,1.594131,0.052130,-0.311359,1.865749,0.319976,-0.346686,2.189183,0.331846,-0.076988,2.001524,0.170981,0.088793,1.200147,0.047100,0.138097,1.126717,0.081645,0.120384,0.821239,0.059747,0.157255,0.731697,0.031711,0.243124,0.979533,0.083068,0.523195,1.759362,0.013508,0.423740,1.553221
432,0.000542,0.051274,1.430007,0.012311,-0.067561,1.597046,0.051535,-0.310489,1.859474,0.324077,-0.352031,2.197251,0.337487,-0.083457,2.035521,0.178934,0.086837,1.231331,0.044778,0.139041,1.126194,0.080057,0.120965,0.818216,0.057803,0.121985,0.572163,0.034014,0.242596,0.973185,0.084460,0.510444,1.574632,0.015760,0.441523,1.506208
433,0.002425,0.054663,1.420886,0.014664,-0.065961,1.590467,0.052920,-0.320393,1.866581,0.324053,-0.355649,2.200364,0.336747,-0.085896,2.029881,0.175772,0.086945,1.224539,0.047819,0.135394,1.131889,0.083217,0.120115,0.820923,0.061372,0.145979,0.697316,0.027246,0.272385,1.145853,0.074550,0.481043,1.609870,0.018274,0.389968,1.437616
434,0.010582,0.060436,1.402574,0.016486,-0.070824,1.598319,0.054464,-0.320827,1.867096,0.325606,-0.361258,2.211078,0.338911,-0.094028,2.058560,0.175536,0.086427,1.227492,0.049766,0.135181,1.128095,0.084519,0.119134,0.828062,0.063869,0.141883,0.670758,0.032127,0.239483,0.961581,0.094056,0.505544,1.593828,0.030468,0.449549,1.526437
435,0.013873,0.068099,1.385324,0.017696,-0.077390,1.609519,0.057149,-0.326557,1.870895,0.332610,-0.355958,2.208961,0.331571,-0.084628,2.041484,0.169765,0.089722,1.190273,0.048707,0.133053,1.137560,0.084492,0.118445,0.826946,0.065271,0.154234,0.721955,0.021445,0.233597,1.000969,0.088666,0.504972,1.663761,0.029861,0.410337,1.521185
436,0.009787,0.068337,1.388674,0.016989,-0.073409,1.611412,0.055055,-0.329839,1.878016,0.329420,-0.365395,2.209830,0.331178,-0.089445,2.046597,0.170145,0.089783,1.182781,0.046733,0.133997,1.142737,0.082846,0.120122,0.842037,0.065153,0.166047,0.761634,0.016165,0.265335,1.188605,0.097900,0.458188,1.650995,0.030952,0.380516,1.540066
437,0.011441,0.069451,1.384622,0.018363,-0.072613,1.606244,0.054697,-0.330792,1.876267,0.337987,-0.373491,2.224558,0.337791,-0.095349,2.055199,0.169538,0.090126,1.195568,0.048182,0.129244,1.154862,0.087161,0.117953,0.855569,0.064830,0.169937,0.787639,0.033537,0.241053,0.973250,0.080029,0.520146,1.706017,0.018513,0.426249,1.564401
438,0.009640,0.069181,1.385313,0.017246,-0.071722,1.605158,0.053307,-0.335016,1.881090,0.331828,-0.377587,2.221098,0.341735,-0.102077,2.077478,0.171897,0.089413,1.208586,0.052276,0.128297,1.148898,0.090299,0.115111,0.866819,0.061153,0.151197,0.711607,0.032699,0.264409,1.157358,0.088530,0.468078,1.660035,0.023598,0.398507,1.529067
439,0.012892,0.067714,1.387235,0.016281,-0.071110,1.603915,0.053682,-0.330146,1.874060,0.335940,-0.375715,2.221499,0.343362,-0.097675,2.093460,0.170552,0.089027,1.192850,0.051559,0.131109,1.139770,0.088063,0.116352,0.844976,0.063513,0.151191,0.702284,0.031132,0.266519,1.112651,0.098695,0.459635,1.609144,0.034616,0.389763,1.514424
440,0.013820,0.076569,1.366315,0.015261,-0.066975,1.595196,0.055118,-0.326417,1.871363,0.331338,-0.372175,2.207183,0.341196,-0.088187,2.065614,0.174481,0.088125,1.221082,0.049555,0.130591,1.146235,0.084976,0.118601,0.846732,0.061818,0.149162,0.690132,0.036999,0.234028,0.958086,0.100947,0.433773,1.572562,0.040133,0.371998,1.500925
441,0.009225,0.063408,1.397570,0.015176,-0.080339,1.617570,0.057852,-0.327776,1.869553,0.332622,-0.374930,2.206649,0.340037,-0.093187,2.062354,0.177797,0.086989,1.234306,0.050388,0.131274,1.141719,0.084883,0.117591,0.838717,0.061796,0.135708,0.638695,0.022248,0.233836,0.995046,0.093134,0.466212,1.550686,0.028501,0.412239,1.484486
442,0.007889,0.062895,1.400840,0.014054,-0.079269,1.615586,0.055546,-0.334337,1.873953,0.334053,-0.383775,2.214852,0.344423,-0.106097,2.099263,0.173449,0.088879,1.228029,0.048793,0.130853,1.144549,0.084909,0.117885,0.842355,0.064326,0.147220,0.695627,0.032859,0.228936,0.963342,0.092055,0.524873,1.659554,0.022772,0.443138,1.550484
443,0.010564,0.070404,1.382778,0.011078,-0.080455,1.615670,0.051710,-0.339254,1.876465,0.334468,-0.386783,2.217309,0.346689,-0.113795,2.120852,0.176361,0.088490,1.233991,0.048567,0.129560,1.151257,0.090580,0.117509,0.861552,0.061050,0.130149,0.611568,0.035063,0.231307,0.956411,0.086854,0.494884,1.476724,0.023785,0.437828,1.460452
444,0.012081,0.069844,1.383865,0.009367,-0.086952,1.631265,0.047919,-0.342710,1.878106,0.330974,-0.385420,2.202870,0.340146,-0.115089,2.104229,0.175884,0.087622,1.222014,0.045021,0.126115,1.168231,0.087882,0.117546,0.885226,0.065937,0.144393,0.688715,0.034712,0.233576,0.971418,0.081965,0.525900,1.609699,0.015102,0.452055,1.516304
445,0.017247,0.083379,1.349472,0.011213,-0.076436,1.609691,0.050697,-0.337921,1.873431,0.331807,-0.386602,2.203426,0.336020,-0.110295,2.083545,0.178211,0.087552,1.251574,0.046802,0.130091,1.149390,0.089025,0.117254,0.866720,0.061931,0.139513,0.658842,0.030629,0.234126,0.972369,0.095784,0.460907,1.604799,0.030618,0.387914,1.518285
446,0.019809,0.081472,1.351312,0.009964,-0.079252,1.616057,0.050349,-0.340737,1.876154,0.329341,-0.389477,2.208599,0.341756,-0.115585,2.102731,0.175356,0.087110,1.232047,0.043741,0.130485,1.156508,0.086442,0.118402,0.875966,0.065804,0.146060,0.682534,0.018424,0.237281,1.014713,0.091884,0.554138,1.637717,0.018507,0.460996,1.540830
447,0.016350,0.078925,1.359791,0.008499,-0.078048,1.614318,0.052250,-0.337381,1.874006,0.330728,-0.383067,2.206754,0.337951,-0.112276,2.098820,0.176814,0.086138,1.260940,0.047495,0.131640,1.143768,0.087195,0.117023,0.858100,0.064056,0.150415,0.701003,0.030267,0.238678,0.992372,0.095099,0.555362,1.653624,0.024337,0.458886,1.529076
448,0.023140,0.083812,1.342936,0.010547,-0.074815,1.607423,0.051467,-0.337056,1.874732,0.332184,-0.383891,2.208534,0.338954,-0.114736,2.101437,0.182447,0.084849,1.274170,0.049103,0.129433,1.147095,0.089540,0.116854,0.864679,0.064896,0.133279,0.645449,0.035900,0.236223,0.963609,0.089484,0.515243,1.576257,0.017344,0.465393,1.519063
449,0.021869,0.084664,1.342646,0.009882,-0.074402,1.605684,0.047212,-0.339804,1.872851,0.331173,-0.390420,2.210035,0.343427,-0.127732,2.118805,0.180649,0.084475,1.272743,0.045423,0.126793,1.165364,0.089503,0.116865,0.890271,0.066683,0.144210,0.690976,0.033157,0.226062,0.980002,0.092503,0.527972,1.610557,0.022650,0.473748,1.545649
450,0.027461,0.085146,1.335756,0.014634,-0.077620,1.609608,0.055595,-0.346433,1.880218,0.333777,-0.390329,2.213075,0.346277,-0.122905,2.128940,0.181664,0.084235,1.279866,0.049035,0.127591,1.156322,0.090946,0.115332,0.878678,0.064812,0.146977,0.693286,0.023164,0.231548,1.013799,0.098014,0.511903,1.581113,0.036435,0.434622,1.507040
451,0.018114,0.073957,1.368060,0.011644,-0.081416,1.617477,0.054256,-0.346272,1.879827,0.334616,-0.392135,2.208208,0.337074,-0.120193,2.110446,0.180999,0.084380,1.278640,0.045900,0.125966,1.168489,0.091148,0.116490,0.892388,0.060998,0.134671,0.631203,0.019397,0.229422,0.986898,0.090070,0.474259,1.579853,0.025728,0.424098,1.534637
452,0.018854,0.074634,1.367680,0.011294,-0.083646,1.624243,0.055963,-0.346040,1.880703,0.334146,-0.389937,2.208073,0.332030,-0.112451,2.089744,0.178319,0.085870,1.267774,0.044720,0.129055,1.161407,0.090168,0.117332,0.895596,0.064721,0.146939,0.685715,0.019727,0.230990,0.996430,0.086980,0.574769,1.653931,0.019629,0.485743,1.520105
453,0.020726,0.081403,1.350448,0.011889,-0.075648,1.609625,0.055895,-0.347548,1.879822,0.335601,-0.385299,2.205788,0.340709,-0.105990,2.096448,0.175765,0.085832,1.237555,0.044170,0.131518,1.153390,0.087005,0.117525,0.884757,0.057585,0.120588,0.566269,0.018511,0.239111,1.039774,0.086287,0.559466,1.678489,0.009321,0.492836,1.551491
454,0.014939,0.072105,1.375789,0.011856,-0.075811,1.609922,0.054720,-0.351444,1.885422,0.336370,-0.397387,2.226959,0.333973,-0.104212,2.089248,0.175313,0.086114,1.244513,0.042208,0.130956,1.156948,0.084677,0.118633,0.880157,0.057562,0.124256,0.578075,0.015171,0.240797,1.028619,0.082120,0.566898,1.698728,-0.003170,0.491882,1.581794
455,0.015610,0.079572,1.360753,0.009090,-0.077312,1.612477,0.049641,-0.351419,1.884847,0.334695,-0.395519,2.226774,0.327418,-0.101415,2.076670,0.167884,0.087752,1.212934,0.042646,0.132538,1.157058,0.084891,0.119064,0.873555,0.058851,0.127252,0.591609,0.017710,0.240210,1.027204,0.088640,0.540821,1.647031,0.011380,0.459265,1.537647
456,0.015449,0.090008,1.339275,0.011700,-0.077846,1.612634,0.051520,-0.346019,1.878448,0.331012,-0.383831,2.210304,0.327308,-0.094129,2.058708,0.163108,0.091694,1.170995,0.041898,0.133043,1.156372,0.084533,0.120284,0.876059,0.064112,0.149968,0.710110,0.018810,0.236944,0.999384,0.079244,0.652127,1.751363,-0.012167,0.551303,1.589262
457,0.026934,0.089979,1.327915,0.016685,-0.074835,1.606429,0.053432,-0.350405,1.885713,0.336596,-0.389233,2.222007,0.330296,-0.098312,2.071107,0.164221,0.091883,1.175416,0.042864,0.130623,1.160762,0.087020,0.119293,0.872841,0.063302,0.149760,0.693256,0.025834,0.232745,0.993973,0.081558,0.584610,1.649223,0.008331,0.496137,1.497412
458,0.017758,0.090090,1.337126,0.014909,-0.071463,1.601890,0.050327,-0.346006,1.880759,0.334424,-0.387432,2.223632,0.326320,-0.095123,2.065785,0.161086,0.092513,1.162589,0.042987,0.130532,1.160038,0.086252,0.119215,0.877436,0.059220,0.125187,0.575871,0.021241,0.235817,1.000171,0.086498,0.580957,1.645447,0.013107,0.464166,1.499832
459,0.015176,0.088917,1.341181,0.015286,-0.070344,1.600228,0.049920,-0.343217,1.878399,0.332005,-0.383921,2.214672,0.324784,-0.094351,2.053641,0.159547,0.093371,1.156772,0.041650,0.133183,1.153405,0.085107,0.119663,0.876913,0.058002,0.120745,0.561355,0.020724,0.236513,0.993996,0.086325,0.609877,1.676028,-0.001094,0.531829,1.561132
460,0.028655,0.098266,1.309054,0.020508,-0.064416,1.589504,0.048149,-0.339726,1.877195,0.333071,-0.382401,2.222212,0.328788,-0.097751,2.064677,0.159023,0.093182,1.161677,0.043383,0.134818,1.146635,0.085906,0.119225,0.868457,0.058423,0.125029,0.579041,0.022592,0.238442,1.008765,0.091736,0.569061,1.600708,0.017915,0.480384,1.488340
461,0.028228,0.100387,1.303759,0.015249,-0.061119,1.585652,0.048029,-0.333332,1.871746,0.333486,-0.378455,2.222255,0.332206,-0.089865,2.044372,0.161090,0.092532,1.166958,0.044912,0.136314,1.136507,0.086524,0.119457,0.855481,0.058234,0.123368,0.579069,0.025717,0.237697,1.006499,0.089048,0.574607,1.619735,0.010539,0.509918,1.535516
462,0.017435,0.088353,1.339856,0.012395,-0.064074,1.590737,0.050923,-0.333362,1.877460,0.332654,-0.376818,2.227741,0.321614,-0.088496,2.014133,0.163084,0.092194,1.178764,0.043925,0.133361,1.148580,0.084961,0.119400,0.852658,0.067003,0.171739,0.796728,0.021029,0.242914,1.038360,0.074800,0.566500,1.668225,0.002527,0.495913,1.561416
463,0.015021,0.084972,1.348822,0.010185,-0.063369,1.591774,0.049139,-0.328282,1.875565,0.335781,-0.371683,2.241777,0.323754,-0.088587,2.034729,0.166136,0.090793,1.180533,0.043186,0.136342,1.139926,0.084895,0.119064,0.838880,0.057815,0.139506,0.636182,0.023739,0.251328,1.030587,0.062139,0.630955,1.799353,-0.009731,0.511164,1.605370
464,0.022599,0.087881,1.335390,0.018208,-0.053933,1.575760,0.051116,-0.312829,1.867292,0.332434,-0.360059,2.248382,0.326849,-0.071866,1.987126,0.160295,0.089835,1.144729,0.045779,0.142563,1.117448,0.082365,0.119391,0.818173,0.058009,0.142616,0.653075,0.029687,0.250730,1.003022,0.087448,0.528094,1.693742,0.023722,0.445772,1.542000
465,0.022114,0.078141,1.354791,0.032968,-0.048923,1.564955,0.059616,-0.304911,1.870821,0.335131,-0.343333,2.259678,0.323099,-0.060471,1.975841,0.160472,0.092792,1.157006,0.045747,0.137798,1.126297,0.078765,0.119032,0.787948,0.065362,0.184350,0.828532,0.028805,0.244225,0.997869,0.069546,0.553730,1.812665,0.009293,0.442258,1.580643
466,-0.005589,0.035930,1.463400,0.020861,-0.061686,1.592633,0.053296,-0.291776,1.866439,0.335989,-0.308831,2.247086,0.311975,-0.039911,1.868198,0.164565,0.092582,1.151041,0.048324,0.143782,1.103306,0.078066,0.119077,0.759574,0.066975,0.200041,0.863450,0.026288,0.250913,1.028665,0.069935,0.514360,1.789270,0.023087,0.409782,1.587211
467,0.002581,0.041083,1.447682,0.029453,-0.075365,1.611738,0.057261,-0.276339,1.859342,0.327770,-0.286978,2.254434,0.297165,-0.024944,1.807139,0.168019,0.091188,1.155124,0.048441,0.149907,1.089907,0.077049,0.121749,0.755447,0.068320,0.197229,0.836769,0.023349,0.255150,1.008241,0.062914,0.647960,1.861001,-0.010004,0.517473,1.625645
468,0.006640,0.016888,1.491875,0.035969,-0.100134,1.647785,0.057394,-0.248539,1.837092,0.333218,-0.271808,2.284279,0.296472,-0.011715,1.766139,0.170603,0.090660,1.160104,0.049803,0.146141,1.092157,0.074668,0.120051,0.724692,0.060676,0.201689,0.888666,0.011219,0.246296,1.041670,0.049685,0.536539,1.758874,-0.019387,0.456979,1.623476
469,0.011944,0.023179,1.475918,0.040790,-0.121221,1.681683,0.054477,-0.224296,1.815677,0.323258,-0.240635,2.244271,0.295422,-0.012288,1.765183,0.174201,0.088674,1.153214,0.049605,0.144439,1.095845,0.070248,0.119053,0.699302,0.058367,0.167050,0.726805,0.012042,0.236619,1.016987,0.064192,0.206474,0.816324,0.024706,0.374957,1.387152
470,0.019911,0.028379,1.459561,0.053925,-0.105798,1.646727,0.058983,-0.196443,1.783692,0.310201,-0.213435,2.194350,0.299748,-0.011450,1.751878,0.172206,0.089507,1.168243,0.054318,0.144105,1.092251,0.072044,0.120327,0.689198,0.058083,0.203440,0.856727,0.006297,0.236842,1.087194,0.082729,0.206807,0.971554,0.055214,0.285206,1.308972
471,0.014172,0.034718,1.452757,0.044192,-0.087264,1.607556,0.053294,-0.174152,1.754968,0.303610,-0.194049,2.156674,0.328093,-0.029954,1.809775,0.175178,0.088862,1.161584,0.051034,0.146234,1.087637,0.069563,0.121459,0.682004,0.051357,0.185536,0.775768,0.004876,0.231591,1.053834,0.070324,0.188460,0.871997,0.046443,0.284005,1.237275
472,0.018582,0.048314,1.420746,0.036696,-0.074940,1.590610,0.049059,-0.162668,1.739363,0.307747,-0.184070,2.128186,0.316866,-0.025310,1.781119,0.171861,0.090125,1.156960,0.051379,0.144726,1.095718,0.071253,0.120198,0.692054,0.055537,0.165203,0.703950,0.018707,0.234681,0.991112,0.067028,0.132739,0.684785,0.049668,0.251526,1.185003
473,0.028497,0.052009,1.403448,0.040631,-0.064136,1.577192,0.053337,-0.174681,1.755990,0.311845,-0.180787,2.136601,0.297206,-0.022028,1.740281,0.175492,0.088526,1.166152,0.052746,0.141784,1.101515,0.073398,0.119525,0.709526,0.067231,0.169696,0.739409,0.008757,0.237940,1.093238,0.087990,0.286656,1.238667,0.042929,0.300550,1.356951
474,0.029745,0.043967,1.417270,0.049865,-0.068493,1.580780,0.058016,-0.190581,1.776713,0.316155,-0.187014,2.149880,0.299388,-0.011350,1.749204,0.178905,0.086134,1.176424,0.057230,0.138904,1.101525,0.076705,0.119233,0.721571,0.062175,0.170728,0.794542,0.009808,0.233794,1.067540,0.080777,0.387561,1.406962,0.035638,0.332574,1.347537
475,0.031350,0.046885,1.410390,0.053273,-0.065708,1.574444,0.060347,-0.196587,1.785374,0.319881,-0.194213,2.154490,0.295246,-0.004260,1.726866,0.172315,0.089095,1.142289,0.055699,0.140626,1.097637,0.075465,0.120250,0.719881,0.066900,0.168792,0.761455,0.004960,0.241194,1.123052,0.091221,0.367397,1.533897,0.049862,0.292764,1.353659
476,0.030204,0.050119,1.405310,0.046043,-0.067134,1.579271,0.061037,-0.195909,1.784190,0.321585,-0.201571,2.164471,0.288188,-0.008068,1.739797,0.172667,0.089934,1.140483,0.055300,0.143184,1.090551,0.076386,0.121031,0.727305,0.067071,0.159944,0.730424,0.006379,0.236663,1.085216,0.085019,0.370583,1.439728,0.042862,0.297695,1.345163
477,0.029552,0.054077,1.398269,0.043225,-0.048780,1.553682,0.057799,-0.188884,1.777231,0.322507,-0.203430,2.171706,0.306415,-0.019590,1.812332,0.174982,0.088920,1.171301,0.055376,0.140210,1.092937,0.078288,0.118511,0.721968,0.062895,0.161475,0.774648,0.009022,0.226701,1.070290,0.076173,0.364219,1.404345,0.037323,0.302126,1.337303
478,0.029194,0.049019,1.408581,0.049531,-0.068863,1.581936,0.059917,-0.198461,1.788663,0.325377,-0.200100,2.169425,0.309246,-0.017638,1.809241,0.173535,0.088764,1.173106,0.054902,0.141944,1.097643,0.077449,0.121842,0.734072,0.066984,0.175188,0.813813,0.008244,0.239237,1.124107,0.075571,0.406243,1.551817,0.013693,0.339708,1.487544
479,0.030511,0.046846,1.411012,0.046030,-0.067522,1.575583,0.061387,-0.200623,1.792707,0.322698,-0.198928,2.170831,0.304417,-0.011965,1.787748,0.174098,0.087756,1.166132,0.053466,0.139761,1.104057,0.076687,0.119736,0.730386,0.068046,0.169217,0.789539,0.006033,0.239298,1.148158,0.077041,0.362142,1.303916,0.034250,0.347295,1.343348
480,0.026456,0.045347,1.418814,0.044316,-0.073011,1.587411,0.062812,-0.203110,1.797326,0.326250,-0.201331,2.174491,0.303931,-0.008871,1.758187,0.172786,0.089369,1.160946,0.054456,0.139579,1.106149,0.078012,0.122116,0.742221,0.064867,0.166925,0.762382,0.007537,0.234787,1.104617,0.073878,0.260208,1.031159,0.032753,0.315066,1.301600
481,0.035098,0.054772,1.391481,0.054852,-0.059454,1.562047,0.063969,-0.192422,1.780758,0.329769,-0.207843,2.193719,0.298794,-0.006971,1.719042,0.170616,0.088890,1.150822,0.055277,0.141825,1.094578,0.077503,0.120278,0.735171,0.063273,0.164139,0.763882,0.011225,0.224370,1.063770,0.068852,0.171382,0.748601,0.048532,0.247972,0.979224
482,0.034837,0.043351,1.414415,0.050878,-0.071117,1.584842,0.067542,-0.210183,1.807391,0.325135,-0.203410,2.177912,0.297634,-0.004847,1.720424,0.170064,0.090227,1.150144,0.056905,0.140381,1.093369,0.079187,0.120713,0.737858,0.062275,0.169819,0.800513,0.011666,0.228485,1.086633,0.085817,0.369536,1.463948,0.035781,0.317467,1.376596
483,0.036417,0.051600,1.396484,0.051362,-0.061551,1.569191,0.067020,-0.202964,1.796159,0.329019,-0.204849,2.180544,0.290296,-0.001296,1.680508,0.167846,0.091043,1.137810,0.057465,0.141826,1.089043,0.078471,0.120901,0.732354,0.062685,0.159045,0.741652,0.013095,0.227699,1.077596,0.081956,0.307269,1.199865,0.044845,0.299719,1.216469
484,0.034263,0.052024,1.398679,0.050939,-0.061193,1.567832,0.066650,-0.203564,1.796742,0.329286,-0.205682,2.176660,0.298605,-0.009768,1.717076,0.169633,0.090092,1.145766,0.058275,0.141035,1.095617,0.079106,0.121552,0.731299,0.060985,0.159592,0.744319,0.010945,0.226282,1.065384,0.065120,0.161673,0.695451,0.039302,0.251671,1.000730
485,0.033090,0.054356,1.393431,0.043578,-0.062803,1.573168,0.065680,-0.201196,1.796201,0.333423,-0.207800,2.185423,0.292147,-0.004133,1.707930,0.165327,0.091339,1.143375,0.058581,0.141178,1.090144,0.080990,0.119137,0.728881,0.062119,0.171978,0.818643,0.008914,0.229612,1.106893,0.078966,0.337224,1.296126,0.039850,0.318255,1.350906
486,0.038671,0.054340,1.388925,0.052914,-0.063346,1.570595,0.066232,-0.200644,1.793815,0.331314,-0.204054,2.183970,0.291758,-0.006808,1.713706,0.169645,0.089801,1.144345,0.059215,0.140228,1.095941,0.079592,0.120729,0.732648,0.063636,0.165304,0.782192,0.010739,0.230824,1.102563,0.064795,0.151353,0.661737,0.041614,0.282806,1.195531
487,0.035957,0.052871,1.394744,0.051331,-0.060224,1.566223,0.065984,-0.200469,1.795062,0.332948,-0.201699,2.178288,0.293381,-0.005115,1.708582,0.171217,0.088827,1.153055,0.057271,0.141809,1.093396,0.079681,0.120838,0.728367,0.058895,0.149530,0.702973,0.011996,0.227259,1.077696,0.062620,0.152538,0.709698,0.038071,0.238692,1.100704
488,0.034851,0.051483,1.398526,0.051164,-0.058966,1.563079,0.067997,-0.200233,1.792531,0.335584,-0.204332,2.191881,0.292308,-0.003588,1.695141,0.170057,0.089137,1.148908,0.058043,0.141424,1.093107,0.078890,0.120420,0.722900,0.059667,0.165341,0.774106,0.011882,0.225544,1.063292,0.061735,0.142135,0.631243,0.037288,0.256330,1.064217
489,0.034969,0.054046,1.393701,0.051249,-0.050449,1.550163,0.067538,-0.200019,1.793177,0.331723,-0.205041,2.175704,0.296511,-0.005694,1.711366,0.170459,0.089618,1.152527,0.058256,0.142986,1.089713,0.078261,0.121033,0.721179,0.063024,0.167692,0.777934,0.009029,0.230893,1.096298,0.068078,0.248938,1.013975,0.024694,0.315477,1.304101
490,0.035566,0.053095,1.394279,0.047859,-0.054240,1.558480,0.067509,-0.201266,1.794563,0.333182,-0.207389,2.176053,0.302713,-0.011379,1.754728,0.171444,0.089656,1.163090,0.058229,0.141370,1.090848,0.078162,0.120757,0.723032,0.060636,0.163930,0.765391,0.008187,0.230543,1.099928,0.068148,0.218835,0.897812,0.033699,0.295890,1.214118
491,0.036307,0.056076,1.387797,0.048103,-0.057533,1.563715,0.065970,-0.200025,1.794123,0.332172,-0.207568,2.182659,0.301735,-0.010053,1.727119,0.172811,0.089114,1.158411,0.058806,0.140582,1.092561,0.079664,0.120649,0.729515,0.062277,0.165581,0.784400,0.007241,0.229563,1.107429,0.071593,0.240906,0.951840,0.034455,0.307029,1.252928
492,0.034173,0.050339,1.400928,0.044249,-0.057637,1.565493,0.068343,-0.201872,1.796502,0.337105,-0.208169,2.194654,0.297057,-0.006983,1.725345,0.172506,0.087908,1.164057,0.058671,0.142990,1.087652,0.080246,0.121588,0.726708,0.057666,0.142525,0.682111,0.010455,0.223693,1.058326,0.062814,0.126982,0.546431,0.048591,0.253222,0.987279
493,0.034843,0.051517,1.398041,0.048003,-0.056891,1.562201,0.068228,-0.203893,1.798663,0.332093,-0.206508,2.184176,0.301037,-0.009468,1.728599,0.171034,0.088758,1.153124,0.059655,0.140826,1.093148,0.081101,0.121755,0.738863,0.061763,0.156667,0.746479,0.010740,0.224804,1.079409,0.063253,0.157659,0.681324,0.044293,0.257653,1.020557
494,0.037507,0.052269,1.394163,0.046994,-0.058264,1.565957,0.067191,-0.200576,1.793096,0.334238,-0.206979,2.181413,0.297245,-0.009393,1.733922,0.170565,0.089736,1.159763,0.059446,0.140250,1.095081,0.082081,0.119473,0.737671,0.060601,0.166292,0.791446,0.002031,0.259743,1.284947,0.074537,0.278919,1.108278,0.041175,0.301558,1.266055
495,0.037232,0.053488,1.392321,0.048115,-0.049728,1.551312,0.067610,-0.199574,1.791576,0.337149,-0.205891,2.180905,0.304736,-0.011517,1.760047,0.175946,0.087766,1.183436,0.059078,0.141729,1.090050,0.081579,0.120399,0.733237,0.061392,0.165441,0.787670,0.012758,0.232149,1.077477,0.079831,0.344864,1.219945,0.037976,0.354444,1.336023
496,0.035642,0.055262,1.390031,0.043624,-0.046722,1.549521,0.068250,-0.201723,1.796596,0.335358,-0.208556,2.180116,0.312138,-0.016139,1.799464,0.179478,0.086395,1.202299,0.058586,0.141240,1.089455,0.081442,0.120402,0.734344,0.052593,0.118863,0.563975,0.011703,0.226300,1.081939,0.075836,0.325506,1.133912,0.036825,0.347726,1.309494
497,0.038298,0.056319,1.385696,0.049276,-0.059030,1.564710,0.067171,-0.198738,1.790381,0.331605,-0.204710,2.172519,0.315930,-0.018970,1.803240,0.179429,0.086346,1.196532,0.059636,0.140580,1.094863,0.080265,0.121323,0.734669,0.052105,0.115403,0.548814,0.009649,0.228099,1.102499,0.076120,0.334257,1.253909,0.032333,0.328819,1.384303
498,0.038014,0.051470,1.395194,0.051352,-0.048756,1.548707,0.066239,-0.198975,1.789670,0.335471,-0.202790,2.172762,0.299302,-0.010182,1.733128,0.179967,0.086189,1.199553,0.058898,0.141959,1.092433,0.082277,0.121210,0.733235,0.053132,0.116197,0.555483,0.005256,0.255814,1.255318,0.074656,0.252303,1.044170,0.039570,0.286878,1.319759
499,0.036832,0.050718,1.397941,0.054204,-0.044542,1.535419,0.068192,-0.199305,1.789716,0.334443,-0.204917,2.178828,0.288246,-0.000654,1.677209,0.180292,0.084940,1.208729,0.059842,0.140922,1.093627,0.081600,0.121749,0.737898,0.062803,0.163899,0.802157,0.013336,0.225868,1.060827,0.073771,0.255336,0.998628,0.041109,0.308881,1.262411
500,0.037953,0.053545,1.391168,0.052292,-0.044792,1.541841,0.068987,-0.199157,1.792081,0.336445,-0.207372,2.186958,0.301584,-0.006425,1.738230,0.181567,0.084902,1.216288,0.058385,0.140646,1.091318,0.080771,0.120377,0.732349,0.062872,0.161628,0.760085,0.013894,0.226427,1.082253,0.071486,0.234334,0.926789,0.037164,0.313705,1.233176
501,0.034500,0.051086,1.399814,0.048712,-0.061770,1.571427,0.068189,-0.200565,1.794243,0.338503,-0.208985,2.198697,0.294276,-0.006601,1.696913,0.173738,0.087735,1.174409,0.061483,0.139383,1.092890,0.083038,0.119985,0.741530,0.062956,0.170922,0.815659,0.011865,0.222630,1.083696,0.079575,0.312354,1.221383,0.041332,0.311029,1.311776
502,0.039560,0.056108,1.384771,0.047438,-0.065513,1.575951,0.066214,-0.197991,1.789915,0.336689,-0.204336,2.188589,0.296881,-0.007297,1.733025,0.175208,0.088278,1.173593,0.057562,0.141389,1.094288,0.081496,0.120351,0.734805,0.062047,0.169767,0.804196,0.011684,0.229393,1.104291,0.073644,0.225083,0.975529,0.041484,0.275398,1.267103
503,0.039165,0.061614,1.373705,0.049524,-0.061821,1.569937,0.068883,-0.203306,1.798309,0.332819,-0.202981,2.182736,0.292342,-0.005331,1.704625,0.174383,0.087809,1.165872,0.058136,0.140632,1.092152,0.079828,0.120103,0.732539,0.061374,0.154679,0.731734,0.014605,0.225086,1.058766,0.064258,0.135529,0.647133,0.049498,0.226280,0.978869
504,0.037600,0.052131,1.394796,0.051478,-0.067407,1.574675,0.068327,-0.202332,1.795496,0.334673,-0.202152,2.174182,0.305502,-0.007681,1.754946,0.175327,0.089735,1.176757,0.059718,0.138949,1.094431,0.080447,0.119639,0.733462,0.060976,0.161540,0.779753,0.010779,0.226687,1.098744,0.084168,0.336877,1.367811,0.040248,0.304438,1.366277
505,0.037247,0.051726,1.395948,0.056270,-0.045946,1.541645,0.069902,-0.202069,1.797338,0.333324,-0.205306,2.179661,0.306251,-0.011563,1.762317,0.178046,0.087400,1.191943,0.057711,0.139117,1.099504,0.079520,0.120865,0.738130,0.052785,0.113551,0.545800,0.016274,0.225579,1.072458,0.078631,0.255575,1.007940,0.044606,0.314831,1.261383
506,0.035659,0.051737,1.397573,0.052999,-0.041544,1.533629,0.068850,-0.199617,1.792327,0.334852,-0.208453,2.188257,0.309949,-0.015285,1.781535,0.177538,0.087181,1.192657,0.058318,0.139589,1.096257,0.081113,0.121976,0.753203,0.061787,0.156315,0.762181,0.011094,0.225277,1.076637,0.071065,0.177779,0.740845,0.047462,0.293000,1.153612
507,0.038417,0.051374,1.395001,0.052193,-0.068329,1.577451,0.069577,-0.199528,1.792415,0.334963,-0.207154,2.186770,0.295147,-0.007027,1.711867,0.173797,0.086584,1.167685,0.060247,0.139811,1.091921,0.082173,0.119959,0.740465,0.065471,0.180138,0.843169,0.012269,0.227144,1.093958,0.080086,0.299763,1.121785,0.047054,0.328379,1.271197
508,0.039644,0.051208,1.394693,0.053936,-0.046066,1.541807,0.068142,-0.197765,1.790959,0.336344,-0.206577,2.191070,0.298565,-0.006315,1.726898,0.173447,0.088481,1.169603,0.058016,0.139914,1.092957,0.080779,0.119794,0.735175,0.063048,0.174056,0.821331,0.012419,0.225471,1.087643,0.077275,0.263430,1.019849,0.041504,0.303520,1.256070
509,0.038703,0.045275,1.406771,0.052224,-0.063771,1.572226,0.070651,-0.202244,1.797509,0.335703,-0.208354,2.189456,0.304733,-0.007515,1.739438,0.172425,0.088460,1.155448,0.059799,0.137450,1.101916,0.081410,0.120203,0.744228,0.060593,0.171829,0.798921,0.013803,0.226317,1.081665,0.075175,0.248791,1.036944,0.037960,0.295282,1.289246
510,0.033922,0.041167,1.420165,0.053514,-0.061730,1.566356,0.070903,-0.207717,1.802715,0.334990,-0.205829,2.189674,0.296359,-0.007028,1.715234,0.170339,0.088951,1.144760,0.058902,0.138001,1.100453,0.081021,0.121171,0.744166,0.051521,0.114674,0.550578,0.009715,0.229396,1.110288,0.075421,0.268776,1.023119,0.038764,0.313727,1.223995
511,0.042003,0.055408,1.384273,0.052723,-0.066678,1.575463,0.071216,-0.201894,1.795100,0.332587,-0.205178,2.178690,0.295955,-0.005912,1.714922,0.171665,0.088818,1.156242,0.060173,0.140676,1.089436,0.080913,0.121179,0.741720,0.064078,0.170851,0.826490,0.012073,0.227009,1.091605,0.074246,0.292691,1.070142,0.039436,0.325978,1.278648
512,0.043413,0.062847,1.367300,0.050955,-0.046044,1.543012,0.068701,-0.197248,1.789616,0.336163,-0.207701,2.190278,0.299204,-0.009225,1.732562,0.173962,0.087583,1.168165,0.061317,0.140505,1.087442,0.082443,0.119310,0.734841,0.065185,0.186926,0.872042,0.013480,0.228894,1.101572,0.077441,0.295077,1.064563,0.045114,0.321863,1.246722
513,0.038143,0.052445,1.392971,0.053260,-0.046922,1.542691,0.067581,-0.195024,1.786532,0.335146,-0.206821,2.186184,0.299889,-0.010150,1.730878,0.175878,0.087277,1.177112,0.059167,0.138517,1.097437,0.082066,0.120394,0.740829,0.065293,0.180318,0.846676,0.011263,0.227045,1.099938,0.076784,0.317722,1.234158,0.033272,0.309014,1.342762
514,0.043385,0.057012,1.379025,0.054069,-0.043495,1.538150,0.068747,-0.197127,1.789883,0.333487,-0.205376,2.179947,0.296074,-0.008314,1.729658,0.175102,0.086877,1.171798,0.060225,0.138858,1.094742,0.082584,0.120512,0.743232,0.061702,0.188117,0.875849,0.008066,0.228150,1.112309,0.076327,0.312185,1.227023,0.030524,0.302198,1.337754
515,0.042151,0.052134,1.389120,0.053591,-0.045698,1.543273,0.068709,-0.197762,1.789999,0.336225,-0.206568,2.183186,0.297236,-0.008776,1.730245,0.173410,0.086650,1.168167,0.060701,0.139195,1.090784,0.083270,0.120184,0.737852,0.061838,0.177862,0.829474,0.009040,0.229530,1.111340,0.073534,0.313684,1.196677,0.030723,0.316961,1.312109
516,0.038205,0.047773,1.401962,0.052291,-0.064057,1.570912,0.069861,-0.202791,1.794860,0.334834,-0.206299,2.180845,0.301892,-0.010378,1.748741,0.175857,0.087074,1.184554,0.059341,0.139181,1.101175,0.082309,0.121546,0.749005,0.061101,0.166565,0.794528,0.011992,0.227554,1.088239,0.079613,0.331954,1.314741,0.035391,0.314991,1.381978
517,0.037667,0.051574,1.395729,0.048075,-0.063818,1.573335,0.068304,-0.201607,1.793846,0.335438,-0.205696,2.190920,0.291420,-0.002425,1.701417,0.167470,0.090565,1.152135,0.056747,0.141505,1.096707,0.080416,0.120946,0.735769,0.063318,0.156452,0.740121,0.009952,0.229429,1.094642,0.063028,0.159690,0.666667,0.038371,0.255651,0.992051
518,0.039826,0.049352,1.398487,0.055513,-0.064455,1.568702,0.071671,-0.206533,1.801112,0.334068,-0.208021,2.193983,0.291560,-0.004318,1.713916,0.170688,0.090356,1.154701,0.059410,0.139875,1.094051,0.080855,0.122004,0.748550,0.052344,0.105995,0.513287,0.015426,0.225691,1.070320,0.065302,0.161094,0.702059,0.044029,0.260116,1.079127
519,0.040935,0.048970,1.398214,0.056387,-0.065714,1.569850,0.070675,-0.206630,1.801992,0.334829,-0.205129,2.186637,0.292559,-0.007966,1.725457,0.172633,0.088243,1.162847,0.058034,0.140359,1.094700,0.079806,0.120288,0.739825,0.051973,0.106345,0.513679,0.013479,0.226531,1.078463,0.063548,0.141532,0.629041,0.041293,0.251737,1.011732
520,0.036310,0.044578,1.410711,0.048234,-0.069999,1.583409,0.070997,-0.206763,1.802706,0.333666,-0.208453,2.191213,0.298865,-0.009458,1.729708,0.170501,0.088900,1.158494,0.059055,0.139935,1.094307,0.081353,0.120119,0.737271,0.053858,0.116099,0.552215,0.013340,0.224668,1.085787,0.064314,0.153347,0.668524,0.047049,0.273699,1.118079
521,0.036210,0.040658,1.418994,0.052521,-0.069324,1.581653,0.069635,-0.208359,1.806220,0.326917,-0.207021,2.174733,0.308633,-0.014724,1.779902,0.172047,0.089242,1.162772,0.058432,0.139778,1.096830,0.080706,0.121375,0.749603,0.063861,0.157669,0.769220,0.014850,0.224340,1.077901,0.071305,0.187616,0.796104,0.048055,0.292199,1.212732
522,0.038539,0.043923,1.410505,0.055363,-0.074494,1.588949,0.071263,-0.210189,1.806994,0.333518,-0.210997,2.195578,0.296750,-0.011273,1.731403,0.174487,0.085895,1.158593,0.059401,0.139193,1.092689,0.080920,0.120386,0.742144,0.061823,0.163775,0.783203,0.013231,0.224857,1.081849,0.068096,0.176138,0.721474,0.043240,0.290965,1.123601
523,0.033280,0.042046,1.419108,0.049369,-0.076250,1.596058,0.070445,-0.210869,1.809195,0.326312,-0.206049,2.168295,0.311973,-0.016377,1.798735,0.173803,0.088461,1.166511,0.057394,0.138820,1.097999,0.079675,0.120895,0.742845,0.062451,0.161196,0.763619,0.012122,0.227539,1.080931,0.071755,0.255046,1.081743,0.028742,0.295146,1.317829
524,0.035045,0.045814,1.409562,0.051265,-0.063073,1.573122,0.069152,-0.205336,1.800190,0.327354,-0.217130,2.190990,0.311512,-0.024399,1.799134,0.172681,0.087959,1.158617,0.058217,0.139860,1.097388,0.081302,0.120639,0.745393,0.065201,0.169606,0.807930,0.012983,0.225045,1.080455,0.079457,0.328497,1.242902,0.035118,0.333550,1.333700
525,0.036936,0.047567,1.404190,0.055367,-0.049852,1.550195,0.068262,-0.205358,1.798325,0.330793,-0.215710,2.197774,0.300989,-0.014726,1.748284,0.174393,0.087333,1.163118,0.059876,0.139531,1.092844,0.081795,0.117745,0.732210,0.062842,0.165614,0.786497,0.005992,0.250105,1.237271,0.070557,0.173330,0.716384,0.054028,0.284506,1.094079
526,0.030783,0.039430,1.426498,0.050442,-0.053826,1.559805,0.068016,-0.210497,1.805205,0.328508,-0.217930,2.195548,0.310980,-0.019915,1.797091,0.176860,0.084357,1.171056,0.055828,0.141450,1.095871,0.076969,0.120790,0.733441,0.061542,0.169801,0.805425,0.012498,0.227684,1.070034,0.062560,0.144771,0.661979,0.029800,0.251642,1.052646
527,0.031478,0.044951,1.414195,0.052368,-0.072987,1.587831,0.068074,-0.212127,1.805952,0.320709,-0.212824,2.170054,0.318789,-0.025194,1.814495,0.172574,0.089051,1.172013,0.058037,0.137392,1.103195,0.079174,0.120438,0.745745,0.048961,0.113358,0.542215,0.013015,0.222483,1.082714,0.059639,0.112429,0.542929,0.048774,0.228330,0.987854
528,0.029916,0.042704,1.419692,0.047920,-0.078407,1.599994,0.067200,-0.214371,1.807781,0.327130,-0.224123,2.189673,0.335678,-0.042298,1.904924,0.178925,0.086553,1.200438,0.056892,0.138695,1.098487,0.078409,0.119894,0.739952,0.061864,0.168621,0.813215,0.009798,0.227309,1.097659,0.054056,0.108015,0.455388,0.037082,0.235763,0.954542
529,0.027294,0.037253,1.434859,0.047131,-0.084705,1.610868,0.069756,-0.218439,1.812994,0.327097,-0.225917,2.191076,0.330162,-0.046931,1.902299,0.179198,0.084145,1.181948,0.056749,0.136898,1.108341,0.077342,0.120261,0.739689,0.051342,0.125065,0.578499,0.007305,0.231009,1.113644,0.054406,0.142061,0.644968,0.025898,0.246686,1.026062
530,0.024203,0.039828,1.431690,0.042351,-0.079262,1.602534,0.067221,-0.215075,1.805702,0.323880,-0.219954,2.173522,0.330493,-0.041790,1.894592,0.175931,0.085838,1.179644,0.055545,0.140849,1.096794,0.078219,0.122237,0.749690,0.062749,0.170583,0.817851,0.007718,0.229356,1.102910,0.055617,0.108811,0.478979,0.046297,0.238313,0.958075
531,0.023441,0.041626,1.430253,0.038830,-0.056873,1.569395,0.066348,-0.215191,1.802718,0.322097,-0.225283,2.173773,0.334918,-0.046727,1.920006,0.173670,0.087192,1.160898,0.054217,0.139618,1.106591,0.077885,0.121723,0.755022,0.054841,0.176166,0.817332,0.009676,0.228930,1.090664,0.056172,0.098972,0.458105,0.044141,0.244574,0.962719
532,0.019879,0.047407,1.422208,0.040257,-0.037303,1.536764,0.065216,-0.215166,1.801389,0.325118,-0.232734,2.177433,0.337236,-0.049595,1.945349,0.174684,0.087403,1.161516,0.055280,0.139008,1.104662,0.079668,0.121807,0.764831,0.056780,0.159632,0.747820,0.010190,0.228076,1.080387,0.058138,0.129195,0.600703,0.030520,0.256082,1.068093
533,0.024135,0.051467,1.409551,0.040462,-0.040274,1.541060,0.064788,-0.216635,1.801255,0.324007,-0.236673,2.175004,0.335223,-0.049332,1.935367,0.177497,0.087489,1.176580,0.056154,0.137851,1.109487,0.080497,0.122428,0.777547,0.059259,0.174844,0.818360,0.009937,0.228648,1.077415,0.067395,0.256040,1.037405,0.020990,0.320249,1.299332
534,0.023339,0.055964,1.400476,0.036868,-0.042329,1.547419,0.064425,-0.223470,1.812692,0.322857,-0.242320,2.181509,0.342796,-0.055778,1.962046,0.181360,0.084374,1.206545,0.057024,0.137123,1.103071,0.081246,0.120687,0.781588,0.058401,0.180787,0.845468,0.014554,0.228688,1.090032,0.079468,0.304652,1.149038,0.042249,0.325759,1.261435
535,0.024902,0.060081,1.390811,0.040346,-0.032412,1.529814,0.064342,-0.224294,1.810786,0.317918,-0.240546,2.158301,0.348759,-0.061376,1.993409,0.181048,0.084490,1.214936,0.056170,0.140014,1.100388,0.081494,0.121656,0.782731,0.061090,0.168985,0.780830,0.012971,0.230198,1.078327,0.070668,0.237480,1.011555,0.032341,0.291004,1.304648
536,0.027539,0.058065,1.392322,0.035065,-0.043005,1.549863,0.063615,-0.229455,1.813527,0.324287,-0.251994,2.183552,0.348680,-0.060063,2.005265,0.185961,0.083311,1.235786,0.055353,0.137009,1.109205,0.081187,0.119930,0.773427,0.057997,0.172277,0.792685,0.013926,0.225705,1.046672,0.064894,0.282260,1.081116,0.023156,0.320230,1.305837
537,0.023002,0.057100,1.398041,0.039895,-0.033100,1.530986,0.065856,-0.233952,1.817699,0.322942,-0.254739,2.173904,0.349895,-0.057715,1.988943,0.182631,0.083245,1.230296,0.055041,0.139418,1.107290,0.080870,0.121945,0.780395,0.061908,0.168446,0.774253,0.018130,0.227506,1.047417,0.063891,0.230658,1.059586,0.032430,0.271025,1.323224
538,0.022570,0.060236,1.392068,0.034528,-0.037057,1.541238,0.062665,-0.234043,1.815134,0.326602,-0.264552,2.192134,0.349222,-0.054793,1.995757,0.182546,0.084077,1.222336,0.056325,0.138914,1.102993,0.080746,0.119976,0.765524,0.057040,0.165231,0.766571,0.014455,0.227859,1.073299,0.061518,0.293375,1.114488,0.028486,0.340964,1.308092
539,0.021418,0.050820,1.412740,0.035285,-0.037562,1.542179,0.062995,-0.237181,1.821658,0.324078,-0.264779,2.184048,0.350408,-0.057762,2.009118,0.187922,0.083008,1.248373,0.056382,0.141561,1.091687,0.081067,0.119641,0.769055,0.058068,0.171612,0.799429,0.017472,0.228678,1.058853,0.090093,0.291928,1.290577,0.048884,0.270597,1.351471
540,0.016870,0.048578,1.421630,0.034562,-0.035723,1.541949,0.063062,-0.236796,1.820456,0.326165,-0.265595,2.187008,0.349530,-0.055170,2.013025,0.180823,0.085520,1.217966,0.053781,0.140721,1.101144,0.078321,0.120368,0.764408,0.060831,0.161619,0.770403,0.015844,0.230281,1.061581,0.072749,0.398307,1.433542,0.025383,0.336557,1.404878
541,0.015468,0.039144,1.441040,0.032500,-0.062916,1.583653,0.060653,-0.243297,1.826140,0.325799,-0.269617,2.183230,0.345670,-0.057725,2.002326,0.180648,0.085708,1.200174,0.053382,0.137467,1.111789,0.078863,0.119672,0.769146,0.051088,0.117299,0.558124,0.016103,0.231976,1.072552,0.066427,0.418236,1.537600,0.019967,0.353496,1.454712
542,0.015494,0.037051,1.445291,0.032789,-0.068367,1.592536,0.062906,-0.250805,1.833676,0.323844,-0.274453,2.176970,0.342088,-0.053526,1.983648,0.179289,0.087941,1.208507,0.055670,0.137151,1.105289,0.080286,0.119243,0.774277,0.059788,0.164571,0.811819,0.016170,0.227127,1.069618,0.062709,0.389507,1.572429,0.023613,0.316884,1.443438
543,0.017495,0.048254,1.421337,0.035832,-0.064402,1.587289,0.064658,-0.257854,1.839307,0.323358,-0.282927,2.191827,0.349104,-0.059864,2.024052,0.180125,0.086411,1.203542,0.055936,0.136004,1.109371,0.080755,0.118412,0.774359,0.063169,0.176267,0.826039,0.017634,0.238164,1.098941,0.063731,0.438132,1.538495,0.019236,0.363504,1.427458
544,0.014785,0.049430,1.421592,0.036614,-0.057710,1.573483,0.063510,-0.251897,1.830742,0.320527,-0.281078,2.172935,0.341586,-0.055427,1.988440,0.180644,0.088026,1.202073,0.054866,0.138230,1.109265,0.081084,0.120512,0.782118,0.053339,0.112501,0.539259,0.020480,0.228342,1.022192,0.058992,0.469326,1.536665,0.010545,0.395850,1.434973
545,0.014545,0.047869,1.424911,0.032224,-0.049834,1.565055,0.061465,-0.253709,1.829114,0.315565,-0.285045,2.165710,0.360660,-0.072806,2.055097,0.183452,0.086197,1.223290,0.055071,0.136811,1.114090,0.080961,0.120739,0.795768,0.060756,0.163206,0.784328,0.017167,0.225102,1.038321,0.057150,0.453985,1.605073,0.009196,0.384204,1.483459
546,0.014205,0.047685,1.425018,0.033892,-0.049311,1.559577,0.061751,-0.261082,1.829986,0.318093,-0.292661,2.173422,0.360397,-0.076426,2.072639,0.180663,0.085440,1.201550,0.056468,0.134899,1.120000,0.084934,0.118974,0.802159,0.059011,0.160904,0.745528,0.012041,0.255960,1.211953,0.062452,0.306374,1.123496,0.016813,0.356310,1.349723
547,0.018064,0.046631,1.423871,0.033672,-0.053201,1.566535,0.065216,-0.268791,1.836138,0.313035,-0.299981,2.162307,0.363170,-0.081007,2.087521,0.185712,0.083290,1.242052,0.057184,0.134563,1.113500,0.085432,0.118360,0.809996,0.056229,0.155748,0.725766,0.020567,0.229654,1.015106,0.071914,0.339339,1.268824,0.029494,0.343336,1.342652
548,0.019281,0.059631,1.396251,0.035406,-0.057798,1.572933,0.064689,-0.273926,1.840624,0.318046,-0.303412,2.170005,0.350474,-0.065088,2.025786,0.183339,0.083815,1.232120,0.058163,0.136160,1.106375,0.085342,0.119215,0.808102,0.052855,0.121443,0.571532,0.015091,0.253568,1.194611,0.069456,0.319322,1.188025,0.024576,0.345981,1.325852
549,0.018392,0.060569,1.395073,0.029840,-0.054018,1.570149,0.061328,-0.275029,1.844731,0.318483,-0.309647,2.166917,0.349174,-0.067080,2.012339,0.187529,0.082426,1.248123,0.058112,0.136399,1.106689,0.086410,0.117531,0.797693,0.060142,0.151885,0.723219,0.022186,0.228595,0.994670,0.069497,0.395214,1.347428,0.025964,0.389587,1.391579
550,0.015281,0.060685,1.398256,0.026946,-0.056266,1.577601,0.057607,-0.270049,1.832507,0.319022,-0.314927,2.167659,0.353061,-0.076560,2.044468,0.186038,0.081609,1.241293,0.055820,0.139270,1.100028,0.084899,0.118233,0.795291,0.061236,0.149437,0.689923,0.022935,0.228055,1.011935,0.088972,0.340701,1.325770,0.044906,0.317127,1.358743
551,0.010859,0.050110,1.424028,0.029477,-0.070056,1.602323,0.064598,-0.285111,1.846012,0.317000,-0.322893,2.178216,0.343430,-0.075589,2.028554,0.181346,0.084020,1.235422,0.053505,0.137096,1.108518,0.078540,0.117849,0.799980,0.059000,0.166095,0.763255,0.016490,0.236976,1.050074,0.100560,0.358173,1.516050,0.045485,0.311801,1.400592
552,0.019485,0.061444,1.392912,0.030848,-0.053798,1.572298,0.062225,-0.289933,1.852902,0.315800,-0.328018,2.175390,0.338045,-0.067858,1.993847,0.177536,0.086766,1.204327,0.052227,0.139310,1.112311,0.079986,0.119430,0.805697,0.060737,0.163930,0.740158,0.021319,0.274633,1.157504,0.086765,0.326273,1.207579,0.031378,0.350155,1.318715
553,0.016707,0.042062,1.435409,0.028025,-0.078922,1.614509,0.059460,-0.292706,1.850523,0.318809,-0.332059,2.177919,0.344819,-0.084694,2.029795,0.180839,0.085486,1.227605,0.055142,0.135566,1.112776,0.081549,0.116488,0.790513,0.059902,0.148701,0.700686,0.006442,0.279656,1.232469,0.078032,0.448079,1.558534,0.027415,0.357190,1.418469
554,0.011874,0.042171,1.440793,0.026324,-0.077743,1.614329,0.058222,-0.301811,1.867214,0.322917,-0.340739,2.206608,0.348245,-0.086165,2.063193,0.179829,0.084918,1.223172,0.050186,0.138013,1.116126,0.078886,0.117720,0.792109,0.063574,0.158234,0.730779,0.009068,0.284423,1.227909,0.083129,0.446349,1.491286,0.028825,0.378778,1.439083
555,0.009525,0.046754,1.431922,0.021174,-0.066915,1.593011,0.057949,-0.294251,1.853376,0.325231,-0.333884,2.198941,0.334699,-0.065379,1.993767,0.174493,0.088235,1.197832,0.049093,0.136435,1.128529,0.082052,0.118918,0.808664,0.060190,0.163989,0.756899,0.015690,0.239976,1.026078,0.084849,0.417230,1.640293,0.028034,0.338043,1.545266
556,0.005691,0.041441,1.445212,0.023646,-0.075801,1.605244,0.056474,-0.301731,1.856904,0.321587,-0.340019,2.206501,0.340780,-0.069913,2.019603,0.173154,0.088772,1.199699,0.049527,0.136687,1.124753,0.079953,0.118730,0.799617,0.059430,0.166457,0.783514,0.009253,0.285649,1.255641,0.072597,0.510190,1.739330,0.011472,0.392380,1.575623
557,0.026169,0.038451,1.437022,0.019988,-0.056651,1.579121,0.054352,-0.302973,1.861357,0.319145,-0.344426,2.194110,0.329919,-0.071063,1.985244,0.169130,0.089123,1.175160,0.050855,0.135899,1.121784,0.082750,0.118106,0.804401,0.059011,0.156619,0.745002,0.010287,0.280304,1.213587,0.088677,0.418074,1.584209,0.034378,0.334547,1.506822
558,0.004758,0.050401,1.430820,0.016098,-0.051120,1.568882,0.050379,-0.296740,1.848907,0.325295,-0.344644,2.197125,0.325550,-0.071274,1.980197,0.169062,0.090121,1.175479,0.048464,0.138208,1.119278,0.081340,0.118924,0.802159,0.062469,0.154014,0.713428,0.009002,0.281599,1.211425,0.089840,0.426619,1.602013,0.032479,0.343224,1.547072
559,0.003688,0.048775,1.433664,0.014091,-0.052661,1.571421,0.051074,-0.303285,1.854725,0.323391,-0.346000,2.190652,0.336096,-0.075929,2.016642,0.171631,0.089964,1.195725,0.047066,0.136013,1.124891,0.081257,0.118646,0.799839,0.062617,0.161130,0.742757,0.024311,0.244265,0.997394,0.080096,0.479381,1.698244,0.021252,0.372259,1.590241
560,0.017060,0.044170,1.431511,0.014011,-0.060544,1.582912,0.053869,-0.305286,1.858447,0.320551,-0.350774,2.191187,0.337683,-0.080216,2.023051,0.171731,0.089849,1.199767,0.046983,0.137329,1.119808,0.080459,0.118090,0.801235,0.062380,0.171668,0.776130,0.020139,0.287055,1.206767,0.095710,0.431328,1.665025,0.037307,0.361724,1.540448
561,0.018412,0.035056,1.449239,0.014215,-0.061394,1.585630,0.054512,-0.304711,1.854718,0.323757,-0.351763,2.190487,0.339108,-0.085723,2.038890,0.174314,0.088309,1.228542,0.046650,0.138929,1.116765,0.080469,0.118700,0.797603,0.061471,0.157007,0.720173,0.026244,0.282330,1.143338,0.103877,0.390836,1.597898,0.043177,0.347894,1.520012
562,0.002039,0.048686,1.435589,0.016140,-0.060132,1.584233,0.051507,-0.310477,1.857513,0.327346,-0.357169,2.198084,0.331452,-0.085395,2.027427,0.176903,0.088590,1.229762,0.044632,0.139696,1.123905,0.079390,0.121010,0.803686,0.063102,0.167480,0.765741,0.023343,0.285123,1.158141,0.091407,0.465416,1.687772,0.021148,0.385960,1.577587
563,0.011024,0.063484,1.397121,0.017325,-0.065577,1.592922,0.054606,-0.316588,1.862034,0.322600,-0.362689,2.194849,0.340579,-0.094110,2.062266,0.175407,0.087841,1.229300,0.046783,0.138296,1.124816,0.080313,0.120650,0.811370,0.064232,0.159295,0.739707,0.028573,0.235985,0.986815,0.082862,0.629809,1.793003,0.003352,0.524986,1.616118
564,0.014370,0.070355,1.380160,0.014693,-0.062111,1.588429,0.049511,-0.318141,1.862562,0.326240,-0.368391,2.200656,0.346272,-0.104007,2.113067,0.176514,0.086885,1.236778,0.046547,0.136410,1.128053,0.082575,0.119969,0.819242,0.063726,0.137304,0.671579,0.027499,0.265504,1.141055,0.080434,0.628417,1.797230,0.000086,0.525721,1.603706
565,0.025673,0.075187,1.359234,0.020142,-0.066210,1.594009,0.057295,-0.329273,1.874992,0.321924,-0.372059,2.193859,0.334638,-0.093930,2.072424,0.172054,0.088558,1.216726,0.048340,0.132409,1.137356,0.082660,0.118706,0.831033,0.063653,0.150574,0.716226,0.033811,0.236963,0.955822,0.101709,0.487610,1.694713,0.032193,0.426559,1.558645
566,0.024899,0.084896,1.339525,0.016477,-0.058630,1.585012,0.052997,-0.323086,1.867347,0.327418,-0.373652,2.195188,0.330910,-0.082357,2.037887,0.173654,0.089612,1.208204,0.045829,0.135550,1.132829,0.081484,0.119801,0.826378,0.060235,0.150934,0.704490,0.028430,0.241480,0.975699,0.088374,0.492469,1.734146,0.016821,0.426818,1.583734
567,0.016726,0.082383,1.353029,0.016725,-0.055364,1.578254,0.050651,-0.324778,1.863598,0.326515,-0.376723,2.195707,0.329689,-0.086056,2.056450,0.173610,0.089455,1.209720,0.045711,0.135066,1.135939,0.081346,0.119476,0.826874,0.061957,0.152677,0.709610,0.031751,0.239926,0.976329,0.095610,0.489532,1.707890,0.023441,0.423484,1.569009
568,0.013893,0.076742,1.367602,0.012384,-0.069844,1.601465,0.051062,-0.334331,1.870388,0.327087,-0.380229,2.196080,0.335322,-0.090773,2.067037,0.170062,0.090265,1.202539,0.044925,0.133545,1.142778,0.082290,0.119474,0.833333,0.060115,0.146341,0.684236,0.028450,0.236683,0.969662,0.092852,0.524810,1.750392,0.014136,0.451271,1.597920
569,0.008311,0.072224,1.380843,0.008412,-0.074923,1.606924,0.051062,-0.340272,1.873953,0.328673,-0.383560,2.198107,0.333240,-0.094882,2.065679,0.172234,0.089372,1.217919,0.046550,0.131770,1.146672,0.086715,0.118941,0.845026,0.061947,0.151715,0.703992,0.028136,0.237558,0.970732,0.089547,0.522997,1.642519,0.010286,0.486885,1.581185
570,0.010806,0.072194,1.379977,0.012026,-0.078531,1.614326,0.055350,-0.340869,1.878610,0.327130,-0.379812,2.197283,0.336535,-0.096582,2.090350,0.169409,0.089109,1.196767,0.045682,0.132612,1.145387,0.084059,0.118680,0.847876,0.062192,0.141969,0.665613,0.020171,0.234384,0.988420,0.076887,0.587384,1.742653,0.003647,0.502511,1.566145
571,0.009231,0.069300,1.387392,0.014221,-0.080028,1.614438,0.051848,-0.346069,1.887984,0.329070,-0.388265,2.209326,0.342457,-0.106481,2.109502,0.167296,0.091033,1.180568,0.046949,0.130449,1.148771,0.086111,0.116683,0.856008,0.062452,0.153964,0.714257,0.024623,0.263871,1.136957,0.083799,0.580453,1.721116,0.006601,0.510017,1.609984
572,0.006425,0.060709,1.405584,0.013969,-0.087442,1.624600,0.054219,-0.347175,1.888654,0.331517,-0.386013,2.214218,0.338399,-0.104726,2.115347,0.163260,0.091478,1.163410,0.044023,0.130367,1.153020,0.084123,0.117188,0.859625,0.063645,0.146814,0.695219,0.028706,0.233400,0.972266,0.078792,0.611589,1.735036,0.006388,0.504969,1.563376
573,0.012926,0.067567,1.386911,0.017059,-0.085509,1.620434,0.056318,-0.344736,1.885522,0.331857,-0.378557,2.199664,0.322445,-0.093500,2.033930,0.161292,0.094262,1.148790,0.045580,0.132364,1.145695,0.085612,0.118138,0.851204,0.063784,0.153905,0.716377,0.028164,0.238115,0.979290,0.078004,0.614440,1.703522,0.000186,0.524089,1.585386
574,0.011086,0.072017,1.380808,0.017785,-0.082061,1.620381,0.054794,-0.345278,1.885623,0.330656,-0.380474,2.209277,0.326809,-0.097151,2.074162,0.156647,0.093874,1.124084,0.044324,0.131356,1.151461,0.082379,0.118480,0.849828,0.062220,0.165913,0.769875,0.029710,0.237237,0.983224,0.075930,0.562754,1.770600,0.005923,0.470073,1.560555
575,0.009245,0.071133,1.383839,0.018831,-0.079853,1.617001,0.056509,-0.347168,1.886926,0.333506,-0.379151,2.211102,0.333523,-0.092489,2.073072,0.157863,0.094816,1.119718,0.045505,0.132845,1.141636,0.082572,0.118947,0.836372,0.064049,0.159813,0.741492,0.029544,0.238973,0.978227,0.078075,0.633861,1.811804,-0.004170,0.506672,1.572734
576,0.011482,0.070970,1.380673,0.018035,-0.074953,1.607758,0.056466,-0.344193,1.887040,0.340011,-0.384684,2.227851,0.331963,-0.090283,2.080801,0.156599,0.094482,1.126165,0.047132,0.130984,1.147574,0.083068,0.118814,0.835446,0.065203,0.162439,0.761585,0.033911,0.238384,0.986389,0.090031,0.537571,1.747890,0.014544,0.451002,1.550213
577,0.008514,0.066190,1.394844,0.016848,-0.082190,1.619900,0.056406,-0.345059,1.886225,0.340260,-0.383536,2.231870,0.324735,-0.082481,2.048441,0.155014,0.095132,1.119384,0.044664,0.133291,1.143537,0.080328,0.119761,0.830522,0.066323,0.159534,0.742172,0.031251,0.240705,0.982803,0.090148,0.592048,1.696360,0.007652,0.503887,1.538639
578,0.005759,0.071507,1.386774,0.009678,-0.080708,1.619666,0.048782,-0.343052,1.876153,0.340332,-0.378864,2.227975,0.325463,-0.083310,2.055617,0.154019,0.095226,1.113241,0.041014,0.136352,1.144054,0.080470,0.119978,0.829192,0.064186,0.163700,0.752525,0.024842,0.247426,0.996673,0.077896,0.595372,1.709044,-0.008023,0.514458,1.570682
579,0.002208,0.065683,1.402342,0.007569,-0.081213,1.623878,0.049530,-0.348052,1.883692,0.339954,-0.381206,2.230142,0.328871,-0.089547,2.067669,0.157602,0.094355,1.115804,0.044242,0.134468,1.140671,0.081585,0.118407,0.815362,0.064480,0.159269,0.734474,0.027562,0.244983,0.987003,0.071171,0.678204,1.765331,-0.013112,0.566773,1.607308
580,0.003382,0.065204,1.400628,0.012835,-0.081170,1.620713,0.058467,-0.349476,1.885046,0.341575,-0.382730,2.234359,0.330859,-0.087255,2.061924,0.160394,0.093771,1.129921,0.041221,0.134651,1.145697,0.079118,0.119708,0.823318,0.065805,0.133913,0.601281,0.024923,0.248012,0.992560,0.070515,0.650971,1.785736,-0.010094,0.526308,1.569212
581,0.013168,0.074048,1.373222,0.009087,-0.073659,1.610339,0.053125,-0.346835,1.884802,0.345984,-0.382421,2.245395,0.337611,-0.089379,2.094486,0.155189,0.095001,1.118172,0.042889,0.134486,1.144101,0.080607,0.119018,0.817233,0.062020,0.157187,0.728902,0.026344,0.233698,0.996053,0.075829,0.641594,1.697560,-0.003530,0.541031,1.539072
582,0.000932,0.063795,1.406600,0.010473,-0.082446,1.622616,0.054224,-0.346809,1.882717,0.344415,-0.387119,2.254154,0.342306,-0.094331,2.114258,0.150952,0.094592,1.074214,0.039808,0.135754,1.144887,0.080256,0.119808,0.823366,0.062497,0.148701,0.690828,0.023461,0.242620,0.992941,0.075086,0.636712,1.713243,-0.008260,0.536167,1.551713
583,0.021318,0.076796,1.360406,0.017497,-0.077133,1.613519,0.056190,-0.348666,1.888720,0.344415,-0.380918,2.240767,0.323847,-0.076695,2.040750,0.145865,0.099029,1.065300,0.045682,0.135370,1.134011,0.081289,0.118696,0.813238,0.063533,0.160507,0.741943,0.031268,0.237563,0.969312,0.083709,0.618914,1.717720,0.008316,0.523956,1.552500
584,0.002931,0.061216,1.408279,0.011875,-0.085539,1.627238,0.055858,-0.350147,1.889542,0.348825,-0.392144,2.262674,0.348601,-0.102391,2.143825,0.156062,0.094546,1.116344,0.041366,0.134474,1.147295,0.079860,0.119115,0.820004,0.070567,0.140089,0.640522,0.030604,0.242413,0.978580,0.083886,0.609008,1.696014,0.005975,0.505915,1.529256
585,0.010001,0.053497,1.420340,0.020316,-0.094232,1.639622,0.060850,-0.350817,1.892769,0.343562,-0.385333,2.247237,0.344425,-0.101613,2.119402,0.165501,0.089587,1.166863,0.046007,0.133849,1.137517,0.081985,0.118833,0.818995,0.066717,0.147643,0.663009,0.030249,0.238665,0.974277,0.095821,0.533057,1.608804,0.027900,0.466063,1.495878
586,0.003357,0.057419,1.416159,0.019742,-0.092920,1.633906,0.059185,-0.353151,1.889775,0.344869,-0.391441,2.249911,0.341716,-0.103211,2.108318,0.161841,0.090582,1.150311,0.042845,0.135352,1.142425,0.080704,0.119100,0.822330,0.070394,0.152971,0.677660,0.030962,0.243971,0.984518,0.086933,0.577100,1.626409,0.009939,0.507520,1.518620
587,0.010622,0.067812,1.389882,0.013577,-0.078559,1.616459,0.059377,-0.345337,1.885654,0.345056,-0.380360,2.244647,0.342371,-0.092509,2.087004,0.162078,0.091127,1.161701,0.044376,0.138755,1.127022,0.080899,0.119502,0.814975,0.063086,0.152973,0.700622,0.026723,0.233694,0.991426,0.089619,0.554677,1.609541,0.021960,0.491646,1.506174
588,0.013590,0.070671,1.379404,0.021558,-0.067812,1.597486,0.062065,-0.339783,1.884277,0.343761,-0.379664,2.251236,0.347800,-0.096217,2.106349,0.168852,0.088785,1.198143,0.046188,0.136929,1.128129,0.080565,0.119057,0.812884,0.069751,0.138762,0.644122,0.024915,0.235827,1.014692,0.096630,0.594743,1.704898,0.026424,0.490741,1.519151
589,-0.000532,0.052288,1.427908,0.019519,-0.077326,1.615713,0.060005,-0.336745,1.888917,0.348779,-0.374245,2.276417,0.330576,-0.077715,2.044122,0.165875,0.089542,1.192995,0.041573,0.140755,1.123144,0.077898,0.119090,0.803843,0.070746,0.157583,0.711816,0.026254,0.246112,1.003671,0.081620,0.660829,1.822870,-0.007635,0.547458,1.626600
590,0.002245,0.053426,1.420585,0.023249,-0.068882,1.597197,0.061567,-0.322007,1.887869,0.349866,-0.343105,2.262269,0.335961,-0.059461,2.005233,0.158526,0.092573,1.142360,0.046658,0.142528,1.103842,0.077738,0.117478,0.774312,0.064755,0.163540,0.738559,0.025037,0.247229,1.004706,0.076333,0.506328,1.607485,0.006550,0.449978,1.523249
591,0.004933,0.038324,1.453364,0.034442,-0.078474,1.617939,0.068416,-0.310402,1.903226,0.350746,-0.330699,2.307161,0.330330,-0.065655,2.004191,0.179196,0.087362,1.219755,0.050217,0.143670,1.097385,0.077253,0.120217,0.766821,0.071207,0.195080,0.860582,0.021098,0.246367,1.030986,0.075728,0.603049,1.779200,-0.004633,0.511067,1.624202
592,-0.001275,0.019718,1.494421,0.024208,-0.085185,1.635527,0.064073,-0.275728,1.870680,0.347890,-0.297522,2.307909,0.302870,-0.024898,1.824235,0.174976,0.088158,1.190850,0.049510,0.150471,1.081537,0.074441,0.120596,0.740296,0.062729,0.212014,0.870680,0.019621,0.252299,1.038438,0.061547,0.590812,1.776857,0.014625,0.487810,1.579375
593,0.006864,0.019237,1.488343,0.038539,-0.130905,1.701680,0.058479,-0.243071,1.840451,0.340437,-0.271963,2.305413,0.285152,-0.008248,1.742576,0.176091,0.086064,1.185051,0.049412,0.149397,1.091709,0.071433,0.118668,0.708551,0.060002,0.240887,0.984709,0.015664,0.260882,1.091858,0.055175,0.561007,1.781054,0.031699,0.445591,1.535973
594,0.010864,0.033671,1.456903,0.036349,-0.108968,1.673827,0.054095,-0.220742,1.820597,0.336519,-0.233337,2.262429,0.276358,0.009138,1.665639,0.168763,0.091910,1.125686,0.051275,0.146239,1.089948,0.071055,0.120163,0.679801,0.059741,0.204189,0.853691,0.015401,0.256680,1.066288,0.061777,0.555921,1.765725,0.020472,0.443118,1.552058
595,0.022446,0.030177,1.453396,0.050897,-0.105323,1.653250,0.058343,-0.219314,1.825183,0.320207,-0.203862,2.187564,0.293081,-0.005348,1.732170,0.166960,0.092710,1.114221,0.050380,0.144250,1.103092,0.072924,0.123780,0.708566,0.056328,0.171451,0.723350,0.015345,0.238906,1.004375,0.067149,0.264328,0.995695,0.043981,0.306117,1.136152
596,0.023412,0.042220,1.430023,0.049549,-0.070956,1.594962,0.054155,-0.178151,1.761378,0.312563,-0.194963,2.153449,0.315690,-0.021212,1.797896,0.173418,0.089890,1.153935,0.052215,0.142707,1.101486,0.072548,0.122906,0.713823,0.053854,0.163113,0.703028,0.001568,0.266495,1.241253,0.078231,0.225643,1.009406,0.050457,0.273651,1.216368
597,0.024462,0.049158,1.414328,0.047642,-0.057184,1.572285,0.054961,-0.158024,1.731036,0.314791,-0.191581,2.163575,0.317249,-0.028743,1.853827,0.173724,0.086407,1.157057,0.054025,0.140688,1.105044,0.072799,0.123377,0.724073,0.055330,0.165773,0.730629,0.004454,0.236890,1.072876,0.064118,0.152279,0.749567,0.030804,0.264731,1.233088
598,0.024780,0.054064,1.402580,0.051317,-0.056516,1.561625,0.057421,-0.181393,1.762353,0.307747,-0.173073,2.111534,0.314513,-0.014350,1.791035,0.170739,0.090100,1.146629,0.054584,0.140992,1.102902,0.075346,0.123005,0.733819,0.058702,0.175988,0.782335,0.006528,0.230564,1.069508,0.080615,0.282976,1.256894,0.034571,0.268934,1.242235
599,0.028305,0.054511,1.398504,0.046006,-0.073054,1.593633,0.062380,-0.193780,1.780763,0.322417,-0.193869,2.167634,0.301210,-0.011262,1.787315,0.169777,0.089334,1.129209,0.055781,0.140463,1.098634,0.078136,0.120968,0.735119,0.061427,0.172664,0.805919,-0.001696,0.242893,1.154876,0.085289,0.353222,1.391513,0.040889,0.317908,1.363372
600,0.027895,0.045459,1.417621,0.046293,-0.078633,1.602630,0.064393,-0.202105,1.791205,0.320848,-0.199365,2.165313,0.313171,-0.014737,1.799619,0.167714,0.090042,1.126110,0.054589,0.139907,1.099142,0.076031,0.121353,0.731083,0.061086,0.148958,0.689508,0.000871,0.237707,1.110995,0.076720,0.312786,1.231280,0.026439,0.329361,1.357012
601,0.029243,0.046291,1.414711,0.043628,-0.081369,1.609161,0.063514,-0.201651,1.794875,0.327662,-0.209885,2.189315,0.308730,-0.014737,1.786990,0.173942,0.088202,1.161493,0.054994,0.137858,1.105312,0.078657,0.120331,0.741190,0.065412,0.172787,0.832410,0.002998,0.241059,1.148310,0.072605,0.415660,1.520210,0.006575,0.371525,1.474196
602,0.034225,0.048279,1.406323,0.049677,-0.076391,1.595687,0.064770,-0.196631,1.787147,0.327347,-0.206075,2.179473,0.304895,-0.008877,1.766096,0.180646,0.085944,1.203571,0.056516,0.140092,1.095101,0.079062,0.121287,0.738765,0.062509,0.173590,0.833379,0.003318,0.237289,1.127794,0.071383,0.424480,1.554436,-0.016535,0.363402,1.537184
603,0.030381,0.052296,1.401345,0.045519,-0.063375,1.575558,0.062248,-0.194091,1.785216,0.325466,-0.202168,2.166314,0.313800,-0.011387,1.794089,0.179576,0.086071,1.205967,0.055231,0.140808,1.099454,0.078245,0.121262,0.737148,0.062402,0.185311,0.887368,0.005029,0.235491,1.118807,0.067438,0.453042,1.638048,-0.011024,0.370355,1.560839
604,0.030400,0.052636,1.400067,0.043685,-0.060110,1.570100,0.061513,-0.193840,1.785117,0.325689,-0.202601,2.168902,0.314148,-0.013504,1.812089,0.177864,0.086309,1.207281,0.054703,0.139536,1.105481,0.078467,0.120871,0.735095,0.060520,0.193471,0.920742,0.002239,0.236509,1.129112,0.060493,0.462925,1.644132,-0.017156,0.391771,1.592150
605,0.034688,0.046333,1.410928,0.050581,-0.070482,1.582956,0.070392,-0.203749,1.799160,0.328161,-0.204968,2.175467,0.302864,-0.004563,1.749003,0.175240,0.086769,1.183982,0.057958,0.137490,1.107558,0.079705,0.120792,0.742370,0.059379,0.176196,0.828062,0.004777,0.233671,1.123246,0.072075,0.378236,1.434650,0.010588,0.349986,1.441837
606,0.034064,0.043841,1.416489,0.045289,-0.080397,1.601900,0.070356,-0.205579,1.800898,0.329587,-0.208422,2.190154,0.297375,-0.004582,1.712096,0.168201,0.088143,1.133098,0.056478,0.139662,1.106523,0.080083,0.120989,0.745782,0.060393,0.173024,0.809026,0.007182,0.230252,1.097821,0.076783,0.315660,1.228656,0.032887,0.315193,1.316326
607,0.034683,0.044454,1.414069,0.057310,-0.054835,1.549922,0.073335,-0.199374,1.791216,0.335380,-0.208788,2.199733,0.296873,0.000671,1.697469,0.168805,0.091058,1.144483,0.060497,0.139155,1.099370,0.080838,0.119822,0.736616,0.063235,0.180774,0.855998,0.006368,0.237544,1.161580,0.074115,0.403434,1.500117,0.017405,0.344639,1.453079
608,0.034984,0.041937,1.420370,0.055714,-0.061673,1.567251,0.073879,-0.201991,1.796295,0.333985,-0.208062,2.192492,0.303186,-0.001491,1.722588,0.169594,0.089662,1.144722,0.060051,0.138743,1.099783,0.080935,0.120739,0.737059,0.063692,0.179346,0.854244,0.011451,0.227808,1.099187,0.078144,0.387011,1.511480,0.024337,0.335429,1.474470
609,0.034507,0.042684,1.416078,0.054454,-0.071792,1.580122,0.072988,-0.198315,1.791729,0.334739,-0.207620,2.181916,0.310133,-0.007284,1.757541,0.171116,0.090143,1.152878,0.059800,0.138713,1.100298,0.081186,0.121538,0.741602,0.053729,0.120921,0.576155,0.008359,0.229810,1.110189,0.076810,0.434570,1.533013,0.004369,0.377245,1.516144
610,0.034659,0.043474,1.415548,0.054744,-0.065962,1.571612,0.073403,-0.197407,1.790198,0.330974,-0.208601,2.164788,0.316453,-0.009083,1.787375,0.175045,0.088552,1.178753,0.060180,0.138276,1.092925,0.082300,0.121087,0.745656,0.051147,0.107057,0.524037,0.012530,0.227549,1.090155,0.070992,0.423212,1.558597,0.019320,0.355686,1.471779
611,0.034133,0.048419,1.404289,0.052501,-0.064961,1.571676,0.072467,-0.195059,1.786989,0.336541,-0.212715,2.182227,0.322767,-0.017361,1.811183,0.174882,0.088000,1.181231,0.059829,0.142064,1.082170,0.082566,0.121629,0.742860,0.051418,0.111560,0.536029,0.008663,0.229539,1.091276,0.072767,0.390044,1.492299,0.018994,0.327752,1.452787
612,0.032927,0.041542,1.419292,0.048765,-0.074773,1.589946,0.071113,-0.196035,1.786891,0.334167,-0.212944,2.173456,0.323382,-0.015593,1.799130,0.178748,0.086382,1.200065,0.060691,0.141222,1.084308,0.083940,0.122090,0.751643,0.051743,0.115210,0.547318,0.008981,0.234895,1.122001,0.081986,0.377170,1.448800,0.034046,0.310012,1.444213
613,0.031586,0.039299,1.424773,0.052301,-0.077839,1.588308,0.073561,-0.198549,1.792445,0.337548,-0.209857,2.183238,0.319658,-0.012756,1.793019,0.182106,0.084513,1.217836,0.060925,0.141228,1.078758,0.083719,0.119193,0.733073,0.055242,0.126449,0.611635,0.008460,0.232631,1.113593,0.076639,0.438836,1.500637,0.026454,0.349493,1.459297
614,0.031371,0.040696,1.422890,0.048103,-0.079192,1.597892,0.073201,-0.197383,1.789575,0.333212,-0.211409,2.169508,0.327786,-0.015217,1.829520,0.182261,0.085054,1.226434,0.059335,0.142359,1.082936,0.084028,0.120382,0.746936,0.056165,0.117680,0.569447,0.012121,0.231123,1.105093,0.092813,0.432682,1.340991,0.055090,0.378917,1.396043
615,0.033225,0.036582,1.430142,0.049739,-0.086423,1.609232,0.075471,-0.202570,1.797748,0.337480,-0.214067,2.186555,0.314645,-0.012077,1.770493,0.178146,0.084829,1.199530,0.063165,0.140260,1.082824,0.085063,0.118679,0.740236,0.065182,0.170278,0.822108,0.009936,0.230292,1.111150,0.085168,0.343195,1.284039,0.042611,0.303441,1.395223
616,0.033153,0.047118,1.408359,0.051284,-0.066421,1.572256,0.074244,-0.197657,1.791652,0.335962,-0.208043,2.173523,0.313785,-0.006326,1.774295,0.175421,0.088208,1.185854,0.059685,0.141424,1.083793,0.082427,0.120375,0.737818,0.055434,0.121176,0.569119,0.010638,0.233918,1.120653,0.081678,0.415146,1.448363,0.032514,0.359090,1.430127
617,0.032218,0.045345,1.413245,0.050167,-0.060960,1.566111,0.073407,-0.193982,1.785273,0.333598,-0.206107,2.165071,0.316965,-0.008960,1.786634,0.176998,0.088094,1.196074,0.060025,0.142603,1.080426,0.082629,0.121228,0.739452,0.054171,0.120373,0.573579,0.008223,0.231489,1.118487,0.088644,0.447287,1.513913,0.043703,0.341709,1.439641
618,0.034328,0.048391,1.405363,0.050971,-0.059061,1.564775,0.073418,-0.195367,1.785959,0.336181,-0.208770,2.179720,0.309986,-0.005351,1.760743,0.174371,0.087732,1.185792,0.061780,0.142420,1.078840,0.084457,0.121240,0.744318,0.053041,0.115277,0.546713,0.010209,0.227219,1.098753,0.089061,0.408959,1.413287,0.055454,0.323629,1.384330
619,0.032988,0.045185,1.412357,0.050380,-0.074479,1.588900,0.073164,-0.197522,1.787352,0.337139,-0.212405,2.180644,0.317349,-0.010424,1.779848,0.173291,0.089102,1.169791,0.061498,0.139856,1.084944,0.083878,0.120704,0.744102,0.053413,0.117010,0.571986,0.007437,0.232784,1.140222,0.079451,0.435806,1.518734,0.031529,0.335789,1.466089
620,0.033938,0.043061,1.414903,0.051671,-0.085807,1.606382,0.075176,-0.204359,1.799876,0.338242,-0.216427,2.194563,0.319975,-0.011519,1.787394,0.172651,0.089019,1.169801,0.062860,0.138641,1.085456,0.084425,0.119355,0.742317,0.054085,0.116681,0.569814,0.008886,0.226153,1.100476,0.080925,0.425123,1.478305,0.036500,0.324073,1.427922
621,0.033564,0.044271,1.413825,0.051804,-0.065999,1.574225,0.074072,-0.200306,1.793723,0.338892,-0.213011,2.192431,0.310573,-0.007460,1.761211,0.167594,0.089791,1.139144,0.062273,0.139825,1.086108,0.084808,0.118901,0.738941,0.054283,0.112213,0.542228,0.009725,0.225031,1.098067,0.086310,0.352768,1.239882,0.046903,0.326720,1.373394
622,0.033965,0.047391,1.407339,0.050930,-0.065997,1.576753,0.074097,-0.199287,1.792067,0.337345,-0.209720,2.182114,0.315815,-0.008072,1.781646,0.168678,0.091057,1.147082,0.060679,0.140396,1.088054,0.084135,0.121234,0.750307,0.055916,0.117636,0.568883,0.010051,0.229930,1.109486,0.085857,0.427971,1.462563,0.032269,0.354167,1.452507
623,0.032970,0.045210,1.413938,0.050633,-0.068025,1.578641,0.074264,-0.200416,1.792447,0.338607,-0.211230,2.187024,0.319468,-0.012076,1.805595,0.168441,0.089508,1.144329,0.059574,0.140827,1.091653,0.083053,0.121640,0.751455,0.052196,0.107127,0.517053,0.011880,0.226890,1.075199,0.077141,0.399049,1.406945,0.037408,0.338544,1.389906
624,0.034627,0.043457,1.414974,0.051072,-0.063023,1.565153,0.076109,-0.197234,1.788784,0.336578,-0.209040,2.181386,0.309310,-0.003618,1.766675,0.175997,0.087217,1.189451,0.060168,0.140295,1.092064,0.082421,0.121895,0.744556,0.053117,0.111605,0.545697,0.008390,0.231573,1.123122,0.075644,0.423201,1.554590,0.002412,0.357051,1.520115
625,0.034499,0.041929,1.418928,0.049297,-0.064599,1.570650,0.075748,-0.201239,1.795900,0.336402,-0.207823,2.177336,0.291188,0.002570,1.675853,0.166612,0.088352,1.123116,0.060989,0.138843,1.094760,0.082961,0.121333,0.743897,0.053968,0.122249,0.578955,0.006501,0.230443,1.112397,0.066737,0.404573,1.496422,-0.001038,0.354197,1.527007
626,0.034432,0.040039,1.421638,0.048721,-0.074162,1.583289,0.077235,-0.203759,1.798431,0.333375,-0.206740,2.170184,0.297397,0.000554,1.713048,0.166679,0.091786,1.127108,0.060570,0.138159,1.097642,0.082499,0.120776,0.752618,0.053095,0.119391,0.573165,0.011108,0.226111,1.091680,0.075646,0.417409,1.471097,0.033922,0.350772,1.427865
627,0.035083,0.041598,1.417947,0.050174,-0.061800,1.565081,0.074923,-0.199107,1.791951,0.336287,-0.210699,2.184432,0.308878,-0.007883,1.773968,0.171611,0.089638,1.160803,0.059072,0.139289,1.098147,0.082990,0.120426,0.754721,0.055532,0.124186,0.591654,0.011261,0.234867,1.141422,0.078518,0.413577,1.463524,0.032945,0.350489,1.440044
628,0.035223,0.038464,1.423979,0.049930,-0.063422,1.569442,0.076062,-0.201992,1.796576,0.336988,-0.214256,2.187937,0.307758,-0.009293,1.768385,0.170830,0.089303,1.158285,0.060824,0.137522,1.099200,0.083357,0.120393,0.755614,0.054481,0.128451,0.607479,0.009427,0.230207,1.101477,0.073759,0.361939,1.335882,0.008893,0.350096,1.468397
629,0.035689,0.045198,1.410465,0.045833,-0.056634,1.561061,0.072629,-0.197200,1.789471,0.340317,-0.212813,2.195202,0.302358,-0.004778,1.745730,0.168468,0.090499,1.151200,0.059528,0.140753,1.090931,0.083545,0.120858,0.751030,0.066715,0.181865,0.861405,0.008589,0.231370,1.101360,0.087551,0.373341,1.419233,0.048203,0.310619,1.402372
630,0.034818,0.042150,1.417032,0.055759,-0.050432,1.543212,0.076139,-0.200137,1.792048,0.340153,-0.212779,2.195394,0.301068,-0.003275,1.734371,0.169299,0.089091,1.153483,0.059698,0.139295,1.097749,0.084328,0.120390,0.752750,0.054881,0.126665,0.579264,0.010317,0.230392,1.104609,0.079158,0.347587,1.274888,0.038617,0.338999,1.390428
631,0.034203,0.042727,1.416665,0.049985,-0.056131,1.557140,0.074951,-0.200249,1.792840,0.336077,-0.210327,2.182650,0.303176,-0.005717,1.745931,0.170611,0.089963,1.151268,0.059244,0.138631,1.099659,0.083247,0.120715,0.750114,0.052587,0.119672,0.567410,0.005137,0.234814,1.147984,0.060319,0.415858,1.530015,-0.003073,0.355593,1.531849
632,0.034128,0.049998,1.402220,0.045719,-0.056220,1.560828,0.073161,-0.195783,1.789046,0.337384,-0.212577,2.182271,0.314942,-0.010716,1.805763,0.170364,0.090012,1.163438,0.059877,0.139713,1.092453,0.082876,0.120610,0.753888,0.055558,0.126604,0.604767,0.010826,0.228955,1.098640,0.068397,0.398138,1.436594,0.020935,0.364608,1.461769
633,0.037686,0.050471,1.398058,0.054472,-0.044948,1.536824,0.076479,-0.195286,1.789511,0.336947,-0.218599,2.188219,0.318930,-0.018594,1.821612,0.170108,0.089849,1.162914,0.059847,0.139965,1.091971,0.083261,0.120710,0.755519,0.053329,0.121657,0.577574,0.010127,0.227538,1.094973,0.079818,0.328294,1.268774,0.037549,0.316027,1.396566
634,0.033534,0.044180,1.414774,0.050569,-0.053851,1.553170,0.076061,-0.201529,1.795056,0.332427,-0.219752,2.178187,0.323950,-0.021035,1.840701,0.170166,0.089864,1.167075,0.059036,0.138259,1.096191,0.082349,0.120956,0.761128,0.051759,0.120086,0.567448,0.010811,0.225796,1.078382,0.076756,0.272415,1.099808,0.035444,0.302821,1.356369
635,0.035020,0.043309,1.415002,0.050836,-0.064627,1.573776,0.074917,-0.200855,1.793511,0.336623,-0.222300,2.192431,0.321561,-0.021356,1.842702,0.177618,0.086816,1.198693,0.060190,0.138692,1.097673,0.083053,0.121385,0.762190,0.051658,0.117056,0.559257,0.012124,0.227104,1.099355,0.080862,0.339132,1.388597,0.031734,0.309324,1.414691
636,0.034052,0.041653,1.420257,0.047682,-0.066096,1.579964,0.074703,-0.201891,1.796540,0.338713,-0.221399,2.196599,0.324925,-0.020884,1.852839,0.175559,0.086760,1.187317,0.059895,0.138058,1.093772,0.082204,0.118762,0.749691,0.052512,0.114556,0.555254,0.011266,0.230287,1.123519,0.084575,0.343331,1.367591,0.046637,0.297913,1.380290
637,0.030727,0.046204,1.412739,0.049122,-0.062245,1.573986,0.075347,-0.202361,1.796622,0.335276,-0.222570,2.187115,0.322016,-0.020104,1.825710,0.179645,0.085704,1.204514,0.060338,0.139676,1.086492,0.082786,0.121019,0.753896,0.051949,0.115325,0.552989,0.012526,0.223141,1.086659,0.084613,0.363675,1.440176,0.035207,0.307214,1.440419
638,0.031825,0.046423,1.412166,0.050563,-0.038684,1.534513,0.074174,-0.198258,1.790631,0.334002,-0.222415,2.178830,0.326911,-0.024897,1.864784,0.186803,0.082054,1.247952,0.060026,0.139659,1.087306,0.082961,0.120745,0.760932,0.051621,0.114999,0.553419,0.013897,0.221685,1.061048,0.086480,0.338125,1.366426,0.044653,0.303172,1.392468
639,0.033259,0.045269,1.411504,0.047598,-0.043637,1.540738,0.073365,-0.202864,1.797903,0.337593,-0.224820,2.189264,0.321702,-0.022644,1.846014,0.184461,0.082744,1.245506,0.060495,0.138229,1.093675,0.084815,0.119289,0.761950,0.052504,0.113674,0.551117,0.011594,0.221740,1.079703,0.090041,0.371211,1.407244,0.045940,0.308857,1.395323
640,0.035303,0.045338,1.409812,0.049205,-0.043460,1.538882,0.073229,-0.203178,1.799116,0.339004,-0.224459,2.194269,0.317737,-0.020743,1.836012,0.181967,0.083802,1.238469,0.060533,0.137721,1.093832,0.084432,0.118955,0.756248,0.052820,0.112978,0.546120,0.009605,0.222843,1.092650,0.086821,0.380926,1.443654,0.039182,0.314443,1.404995
641,0.033118,0.042969,1.418305,0.045925,-0.049176,1.551103,0.074604,-0.204204,1.799511,0.336086,-0.223002,2.185277,0.321093,-0.025684,1.846610,0.183793,0.082474,1.242556,0.059686,0.139721,1.088789,0.082675,0.120347,0.755492,0.052688,0.111898,0.543381,0.010357,0.230035,1.117666,0.092086,0.351502,1.348049,0.045488,0.299219,1.373943
642,0.035885,0.049622,1.402033,0.046569,-0.043409,1.541899,0.072718,-0.199782,1.793405,0.336285,-0.224301,2.187568,0.317998,-0.023560,1.843575,0.184102,0.082673,1.234946,0.059340,0.139657,1.089615,0.082999,0.120175,0.756164,0.053106,0.113957,0.553321,0.013289,0.223718,1.070080,0.088376,0.353307,1.393356,0.049499,0.292652,1.381847
643,0.033250,0.044298,1.415174,0.045599,-0.045964,1.547296,0.072487,-0.203178,1.798523,0.335878,-0.224838,2.194011,0.314728,-0.023348,1.828438,0.183789,0.082786,1.232620,0.059701,0.138505,1.092979,0.083737,0.119845,0.759628,0.052419,0.114098,0.554571,0.011427,0.218196,1.066156,0.083668,0.339823,1.337587,0.047688,0.303892,1.352026
644,0.032948,0.044178,1.415782,0.041122,-0.050600,1.558018,0.071666,-0.203089,1.798248,0.335796,-0.220715,2.189995,0.307273,-0.019153,1.799234,0.180876,0.083909,1.222618,0.059260,0.137870,1.096488,0.083877,0.119558,0.760496,0.052367,0.118794,0.576081,0.010788,0.219906,1.086381,0.085281,0.345128,1.352809,0.054543,0.290648,1.327922
645,0.031776,0.043392,1.417246,0.042663,-0.045257,1.545149,0.071475,-0.204536,1.798228,0.331193,-0.221936,2.186407,0.310870,-0.021186,1.805621,0.181464,0.083842,1.223341,0.058521,0.140218,1.094747,0.082998,0.120854,0.764004,0.051573,0.120028,0.578213,0.010347,0.226330,1.109317,0.082441,0.329786,1.368396,0.045090,0.289171,1.382914
646,0.032617,0.050592,1.402533,0.053512,-0.032626,1.519610,0.071754,-0.204612,1.798901,0.330505,-0.219688,2.182998,0.299854,-0.008456,1.750534,0.179831,0.084571,1.212090,0.058838,0.140375,1.095132,0.082201,0.121262,0.757117,0.051794,0.123765,0.588336,0.007596,0.230236,1.094593,0.072130,0.348664,1.382622,0.013617,0.317528,1.437953
647,0.031686,0.052093,1.400565,0.045237,-0.040412,1.539774,0.072445,-0.204454,1.797538,0.328082,-0.218431,2.186439,0.298145,-0.009520,1.751560,0.177144,0.085010,1.199370,0.057751,0.142295,1.092364,0.079978,0.122784,0.750831,0.051454,0.116118,0.551998,0.010626,0.229507,1.084017,0.070687,0.229812,0.973507,0.031274,0.291530,1.328293
648,0.034202,0.053808,1.394951,0.058124,-0.037752,1.527918,0.074521,-0.208773,1.803787,0.326149,-0.217606,2.179167,0.294055,-0.008689,1.741145,0.172255,0.086506,1.173385,0.058089,0.140816,1.094815,0.078571,0.121309,0.745065,0.050879,0.120180,0.577307,0.012807,0.226985,1.068407,0.062054,0.116956,0.565588,0.038102,0.260579,1.185513
649,0.028120,0.053771,1.400719,0.048211,-0.038571,1.534240,0.071481,-0.210105,1.805676,0.326422,-0.220550,2.175621,0.293937,-0.009993,1.744398,0.167682,0.089253,1.143875,0.056378,0.139982,1.103785,0.079753,0.123268,0.754977,0.050298,0.124705,0.594078,0.007631,0.225276,1.092801,0.071523,0.278694,1.220162,0.006125,0.305870,1.410309
650,0.031431,0.052983,1.399066,0.049867,-0.038363,1.534969,0.073558,-0.212276,1.809928,0.322998,-0.220984,2.165591,0.299091,-0.017879,1.777925,0.170898,0.088457,1.161143,0.056179,0.139898,1.102234,0.080954,0.122472,0.762038,0.050627,0.123372,0.586530,0.010642,0.225882,1.073393,0.076778,0.222703,0.919988,0.043528,0.294540,1.260606
651,0.029036,0.048732,1.410631,0.056205,-0.037158,1.528569,0.073069,-0.208724,1.804533,0.328734,-0.228140,2.182103,0.299240,-0.022214,1.786076,0.173676,0.087660,1.165819,0.057529,0.140356,1.094409,0.079755,0.121330,0.747750,0.050078,0.119340,0.567863,0.012445,0.223536,1.042189,0.063537,0.149510,0.684167,0.037441,0.249238,1.069675
652,0.028526,0.053864,1.399077,0.050967,-0.038754,1.534284,0.070028,-0.207789,1.804421,0.325653,-0.227914,2.174049,0.309331,-0.026953,1.821954,0.175510,0.087485,1.187145,0.059607,0.139548,1.091909,0.082996,0.120369,0.756037,0.052809,0.126180,0.603066,0.011631,0.219204,1.054007,0.068088,0.159981,0.729539,0.049065,0.279880,1.283474
653,0.026623,0.041480,1.426322,0.047303,-0.039058,1.535307,0.067194,-0.211248,1.806226,0.325196,-0.232119,2.175819,0.320055,-0.033621,1.857273,0.179319,0.085124,1.200844,0.055848,0.138558,1.103130,0.080141,0.120992,0.758474,0.061217,0.175730,0.850549,0.010255,0.228217,1.110022,0.074048,0.296096,1.289647,0.023503,0.298494,1.398578
654,0.028250,0.042090,1.423606,0.052789,-0.040499,1.534533,0.070417,-0.212775,1.804880,0.324623,-0.233881,2.167271,0.318717,-0.037885,1.872978,0.183337,0.083772,1.226827,0.057114,0.137623,1.104742,0.080466,0.121416,0.758201,0.058290,0.175666,0.826011,0.009265,0.230447,1.105941,0.066743,0.248003,1.062152,0.018095,0.308999,1.394123
655,0.025692,0.045840,1.419171,0.050560,-0.040863,1.534620,0.069195,-0.212764,1.805879,0.324418,-0.238102,2.178167,0.326963,-0.047519,1.909882,0.185466,0.081604,1.242412,0.058056,0.139358,1.095524,0.079858,0.119514,0.744417,0.050521,0.122162,0.578416,0.010750,0.228586,1.107875,0.060111,0.133128,0.601467,0.042029,0.255724,1.088172
656,0.025160,0.040722,1.429692,0.048378,-0.048860,1.550978,0.071433,-0.216985,1.810318,0.320680,-0.237238,2.165202,0.332108,-0.048765,1.918329,0.184499,0.082104,1.239582,0.057515,0.138501,1.098956,0.079503,0.120892,0.759352,0.060601,0.157743,0.754703,0.009998,0.227830,1.090176,0.062886,0.137191,0.621452,0.042839,0.253388,1.116971
657,0.024977,0.046099,1.418882,0.042378,-0.058692,1.569276,0.070708,-0.221013,1.813683,0.326679,-0.247745,2.189218,0.326284,-0.047185,1.903800,0.177370,0.082860,1.195911,0.056604,0.138631,1.103417,0.079538,0.120872,0.767596,0.051473,0.116600,0.552317,0.011603,0.227071,1.080790,0.078427,0.282821,1.175283,0.040052,0.293021,1.306609
658,0.024565,0.048640,1.413300,0.042153,-0.050843,1.557203,0.066502,-0.220951,1.808596,0.326512,-0.247784,2.180549,0.323985,-0.045612,1.900653,0.172422,0.087874,1.171140,0.057333,0.139870,1.100776,0.081749,0.120756,0.767711,0.062012,0.170008,0.818111,0.013512,0.226960,1.085202,0.076717,0.196102,0.852158,0.057330,0.275525,1.189379
659,0.024859,0.043135,1.425110,0.041154,-0.056270,1.566303,0.066397,-0.229645,1.820446,0.329695,-0.253907,2.191760,0.318611,-0.045919,1.891191,0.170367,0.088774,1.154729,0.056610,0.138369,1.112822,0.080777,0.120427,0.774173,0.059641,0.170962,0.793182,0.020533,0.223114,1.045700,0.069579,0.178302,0.859290,0.039372,0.259703,1.266601
660,0.023656,0.043473,1.424185,0.036833,-0.056879,1.568175,0.065466,-0.228012,1.814749,0.330024,-0.257648,2.205823,0.329642,-0.048348,1.932600,0.168958,0.088757,1.138928,0.054093,0.139466,1.114565,0.080890,0.122085,0.779404,0.050489,0.118941,0.559709,0.017583,0.220002,1.041686,0.061990,0.128774,0.585201,0.048088,0.236962,0.989547
661,0.023196,0.047482,1.416694,0.040422,-0.052130,1.560547,0.066272,-0.232064,1.818660,0.332045,-0.255786,2.196401,0.320067,-0.037408,1.899847,0.167144,0.091040,1.128391,0.055584,0.140046,1.110731,0.082296,0.122455,0.780110,0.051509,0.113715,0.547536,0.018117,0.218608,1.042699,0.072388,0.186458,0.831434,0.049437,0.257127,1.160786
662,0.024994,0.051131,1.409154,0.042212,-0.051026,1.559002,0.067034,-0.236233,1.826505,0.327448,-0.259502,2.184313,0.329024,-0.046206,1.927778,0.168236,0.090823,1.132199,0.057671,0.139012,1.103513,0.082451,0.119273,0.771455,0.061321,0.164212,0.793308,0.020255,0.214221,1.036929,0.089980,0.272676,1.201865,0.056636,0.274869,1.305632
663,0.022507,0.051658,1.409171,0.037114,-0.062239,1.578426,0.063157,-0.238556,1.824019,0.327391,-0.263586,2.186450,0.333131,-0.052952,1.961086,0.168277,0.090635,1.138537,0.055069,0.138850,1.107391,0.079998,0.120809,0.773119,0.060051,0.177118,0.831405,0.013261,0.224981,1.078603,0.090992,0.344224,1.436127,0.046256,0.291170,1.391668
664,0.017616,0.041913,1.432576,0.033264,-0.066628,1.586818,0.064447,-0.246014,1.830189,0.324904,-0.264680,2.180516,0.329555,-0.047055,1.944679,0.167221,0.091359,1.136073,0.055935,0.136939,1.111396,0.080079,0.120295,0.772059,0.059729,0.166536,0.767200,0.015561,0.219929,1.045814,0.090227,0.250849,1.134940,0.058236,0.257119,1.289184
665,0.016318,0.047845,1.422268,0.032262,-0.069920,1.593442,0.063763,-0.252022,1.836815,0.320659,-0.268210,2.166211,0.332816,-0.049515,1.958141,0.170807,0.090297,1.152603,0.054873,0.137188,1.114578,0.079827,0.120471,0.777623,0.061887,0.171567,0.808814,0.017616,0.224347,1.064105,0.083067,0.332914,1.366734,0.043731,0.299686,1.357588
666,0.015345,0.051003,1.418177,0.035229,-0.072274,1.599226,0.063065,-0.253075,1.835258,0.319238,-0.273847,2.168914,0.346869,-0.064347,2.021557,0.169201,0.089943,1.157695,0.054306,0.137805,1.109413,0.078245,0.119807,0.777412,0.061858,0.157259,0.735122,0.018182,0.227584,1.050406,0.083647,0.320892,1.369729,0.041492,0.294451,1.369216
667,0.012800,0.045480,1.430620,0.032835,-0.069909,1.592914,0.062919,-0.256848,1.841591,0.321061,-0.277924,2.166958,0.336941,-0.063243,1.988202,0.171869,0.090739,1.146554,0.055629,0.137521,1.107198,0.080917,0.118780,0.781403,0.058941,0.167230,0.791726,0.016830,0.222853,1.063574,0.079769,0.328097,1.135590,0.047195,0.348086,1.295182
668,0.014144,0.051848,1.416903,0.032273,-0.076643,1.602932,0.060762,-0.257727,1.840396,0.326239,-0.283968,2.178656,0.335324,-0.060750,2.000819,0.168838,0.090723,1.160760,0.055390,0.137085,1.112596,0.081947,0.119088,0.786052,0.061708,0.167045,0.762028,0.018857,0.224385,1.059694,0.077183,0.333772,1.333774,0.050923,0.295551,1.325369
669,0.009314,0.051922,1.420698,0.025639,-0.061442,1.586180,0.058368,-0.249767,1.828601,0.317776,-0.290706,2.174185,0.329159,-0.060638,1.961367,0.172445,0.089722,1.160775,0.054064,0.139429,1.107732,0.081916,0.119867,0.782932,0.060798,0.173870,0.806364,0.017704,0.226099,1.055569,0.075263,0.315639,1.279911,0.040803,0.298803,1.318081
670,0.007967,0.048563,1.429294,0.029438,-0.063491,1.585971,0.057085,-0.257650,1.832099,0.321357,-0.294533,2.178801,0.331039,-0.060819,1.982361,0.172021,0.089776,1.164817,0.055653,0.135792,1.116075,0.083195,0.119086,0.796111,0.061313,0.176253,0.826778,0.017293,0.221616,1.059919,0.074283,0.337474,1.278955,0.042923,0.314052,1.315945
671,0.010741,0.053542,1.417376,0.030978,-0.046585,1.559283,0.058412,-0.252953,1.825727,0.316557,-0.295371,2.166823,0.335556,-0.065993,1.988778,0.174389,0.088335,1.195786,0.055140,0.135714,1.113759,0.081919,0.118321,0.789319,0.062487,0.180301,0.837362,0.020663,0.226719,1.042785,0.081360,0.314538,1.407306,0.045468,0.280886,1.367320
672,0.006599,0.050552,1.427156,0.027772,-0.060953,1.585729,0.057193,-0.264171,1.838132,0.320153,-0.302521,2.180596,0.342781,-0.068849,2.006485,0.176609,0.086890,1.205913,0.053048,0.137356,1.109891,0.078874,0.118449,0.777998,0.063418,0.158083,0.706773,0.018889,0.227626,1.057170,0.069324,0.257851,0.923103,0.034187,0.313428,1.100955
673,0.003268,0.046059,1.438723,0.025454,-0.074100,1.602709,0.056413,-0.271905,1.843475,0.319882,-0.301358,2.177985,0.344684,-0.069406,2.016479,0.174140,0.088789,1.191654,0.052777,0.138018,1.112578,0.080067,0.119076,0.779644,0.063345,0.156203,0.709097,0.020877,0.240491,1.027938,0.073593,0.407139,1.362743,0.028821,0.368874,1.343380
674,-0.001636,0.042989,1.448959,0.022999,-0.072474,1.602059,0.055532,-0.276569,1.846906,0.323517,-0.307735,2.202641,0.348010,-0.070629,2.033954,0.173814,0.088872,1.192920,0.048702,0.139252,1.115401,0.077777,0.119687,0.782794,0.050559,0.110958,0.529181,0.014444,0.248920,1.066573,0.071784,0.478114,1.450170,0.014232,0.416423,1.441491
675,0.004472,0.041890,1.446687,0.023282,-0.064786,1.588519,0.052079,-0.280819,1.851821,0.323753,-0.311788,2.225020,0.342268,-0.067279,2.014798,0.164239,0.089587,1.136859,0.049600,0.139067,1.120442,0.077655,0.120955,0.795177,0.063006,0.179570,0.860569,0.006527,0.279590,1.300801,0.072249,0.471232,1.497383,0.020264,0.388088,1.387641
676,0.003795,0.035340,1.460909,0.021095,-0.068445,1.596851,0.053604,-0.276459,1.846766,0.321981,-0.307867,2.207055,0.324387,-0.055791,1.958477,0.166802,0.091510,1.133045,0.050822,0.138103,1.120104,0.080739,0.118949,0.782813,0.067477,0.164940,0.733634,0.018944,0.292675,1.172460,0.077373,0.403713,1.265659,0.032500,0.379015,1.286662
677,0.006346,0.050229,1.426895,0.023155,-0.076265,1.609131,0.055625,-0.276309,1.850777,0.320959,-0.308036,2.208230,0.321961,-0.053851,1.935960,0.157714,0.093223,1.097665,0.050737,0.139593,1.116400,0.077621,0.119803,0.785091,0.063411,0.176596,0.826459,0.032716,0.237433,0.970662,0.076871,0.518386,1.600098,0.019245,0.417305,1.366880
678,0.004916,0.054083,1.420781,0.018555,-0.064166,1.591255,0.048289,-0.272812,1.838559,0.326706,-0.312046,2.205681,0.323487,-0.059014,1.952717,0.155495,0.096173,1.092471,0.050269,0.138264,1.116806,0.080793,0.118421,0.777970,0.063203,0.173276,0.825334,0.019666,0.273534,1.235193,0.075164,0.533143,1.713588,0.023935,0.414701,1.522962
679,-0.002290,0.038055,1.460950,0.022181,-0.077303,1.610259,0.053439,-0.283606,1.853237,0.322101,-0.315766,2.204640,0.323888,-0.062381,1.953747,0.159396,0.093453,1.107355,0.048571,0.137831,1.126052,0.078302,0.121369,0.790355,0.059112,0.130010,0.592741,0.022247,0.242322,1.018422,0.071829,0.591981,1.769935,0.003752,0.443774,1.517889
680,0.003106,0.052415,1.427403,0.023569,-0.076796,1.608566,0.054060,-0.282519,1.848232,0.320255,-0.317992,2.195703,0.331097,-0.059493,1.972224,0.158696,0.094943,1.100893,0.049382,0.138233,1.124335,0.078258,0.121658,0.795450,0.057823,0.132713,0.602239,0.018942,0.278632,1.206923,0.073813,0.558724,1.759348,0.007678,0.447082,1.531431
681,-0.000546,0.045630,1.444532,0.016937,-0.079348,1.618299,0.048860,-0.290752,1.855891,0.323953,-0.328689,2.214218,0.325474,-0.063247,1.966409,0.164823,0.092923,1.131793,0.048183,0.140718,1.117010,0.079812,0.118991,0.783432,0.058958,0.187336,0.873917,0.024141,0.247953,0.991118,0.084700,0.578436,1.768365,0.025816,0.459077,1.534611
682,-0.000415,0.034920,1.463744,0.015741,-0.077574,1.611482,0.050798,-0.291323,1.853498,0.324827,-0.322954,2.202369,0.320142,-0.058035,1.933348,0.163478,0.093518,1.145363,0.047753,0.139500,1.123693,0.078165,0.121322,0.791433,0.062966,0.176734,0.776296,0.025127,0.237244,0.997708,0.078657,0.532794,1.671412,0.002857,0.444407,1.564227
683,-0.002304,0.045995,1.443916,0.015942,-0.074830,1.607902,0.046611,-0.295999,1.855148,0.326770,-0.330182,2.209358,0.326040,-0.068687,1.961380,0.168929,0.090953,1.170924,0.045751,0.140029,1.125510,0.079146,0.122160,0.788920,0.062882,0.147982,0.655010,0.027064,0.236590,0.959059,0.075947,0.508890,1.641791,0.005020,0.441876,1.528912
684,-0.004420,0.051237,1.433916,0.014330,-0.073299,1.606502,0.047222,-0.297151,1.855006,0.321510,-0.332730,2.202877,0.329795,-0.074829,1.980863,0.168307,0.090589,1.163095,0.045791,0.140693,1.120158,0.078720,0.121880,0.789265,0.063369,0.153789,0.682481,0.024156,0.239015,0.979511,0.075639,0.558827,1.723860,-0.002020,0.495141,1.639938
685,-0.002867,0.062708,1.411837,0.011754,-0.064788,1.599870,0.044388,-0.299959,1.856151,0.320890,-0.333171,2.194997,0.327374,-0.071522,1.966464,0.167733,0.091030,1.158629,0.042992,0.141486,1.132347,0.078572,0.121940,0.791302,0.063677,0.151388,0.679201,0.025754,0.241961,0.980026,0.069107,0.567827,1.742165,-0.015542,0.512100,1.658349
686,-0.006154,0.054953,1.428891,0.005987,-0.055810,1.582538,0.042460,-0.296228,1.848030,0.322004,-0.336051,2.191216,0.323173,-0.071856,1.958116,0.169873,0.090273,1.179018,0.043088,0.142096,1.126483,0.079815,0.122941,0.804395,0.060162,0.137228,0.649805,0.027807,0.239959,0.964811,0.073234,0.570217,1.614881,-0.003086,0.524856,1.568842
687,-0.004116,0.056666,1.424122,0.007373,-0.056871,1.582489,0.040842,-0.305051,1.854058,0.319010,-0.339876,2.182139,0.314482,-0.074337,1.942455,0.170783,0.089458,1.181218,0.041081,0.136326,1.146039,0.079064,0.121853,0.823873,0.065262,0.142912,0.690479,0.029057,0.238095,0.970903,0.071949,0.583588,1.635487,-0.010428,0.538811,1.612714
688,-0.005108,0.048303,1.443605,0.016470,-0.064690,1.592126,0.047154,-0.305634,1.855788,0.320066,-0.345064,2.190246,0.316945,-0.076687,1.979564,0.174610,0.088699,1.197587,0.045282,0.138969,1.132285,0.081638,0.121780,0.830716,0.064165,0.148107,0.695821,0.035744,0.235872,0.948149,0.089898,0.537749,1.577224,0.018358,0.511214,1.546395
689,-0.007414,0.046813,1.446785,0.014115,-0.062802,1.590441,0.048656,-0.307133,1.857772,0.321685,-0.349872,2.196902,0.319085,-0.075676,1.978512,0.171942,0.088806,1.198660,0.043631,0.138982,1.135295,0.079979,0.121130,0.827267,0.060293,0.149392,0.696297,0.024168,0.271290,1.134090,0.073647,0.526302,1.651738,0.002581,0.484104,1.595403
690,-0.007117,0.044435,1.450974,0.003280,-0.077248,1.616624,0.043520,-0.312072,1.860232,0.328907,-0.350549,2.206241,0.323649,-0.079552,1.988366,0.169295,0.090063,1.183647,0.040678,0.138766,1.137851,0.081182,0.120474,0.819918,0.063243,0.142826,0.650756,0.029343,0.257053,0.981650,0.071329,0.553520,1.666160,-0.008848,0.506388,1.605850
691,-0.005056,0.041142,1.456842,0.007824,-0.079387,1.617421,0.044422,-0.316265,1.862640,0.328717,-0.357104,2.210664,0.315633,-0.082329,1.996024,0.165704,0.090196,1.165691,0.044270,0.134564,1.143180,0.085550,0.118111,0.836909,0.062678,0.154265,0.708520,0.031154,0.235891,0.959167,0.070038,0.578750,1.734370,0.000400,0.500215,1.625128
692,0.002448,0.057967,1.415757,0.006121,-0.072001,1.605270,0.045210,-0.314706,1.860222,0.327375,-0.356794,2.207657,0.311893,-0.074233,1.976173,0.162548,0.092642,1.157479,0.044541,0.138839,1.128738,0.083781,0.120134,0.834244,0.065012,0.149486,0.700409,0.035085,0.231752,0.944470,0.088685,0.547879,1.659743,0.026354,0.473478,1.521641
693,0.000097,0.072299,1.389092,0.004587,-0.060038,1.587070,0.043229,-0.313515,1.860466,0.331550,-0.357497,2.213654,0.315307,-0.074737,1.980054,0.164052,0.092366,1.162376,0.040271,0.140520,1.133065,0.080640,0.120968,0.833277,0.061607,0.167685,0.763312,0.029238,0.239234,0.982189,0.081375,0.511093,1.645825,0.006587,0.470543,1.578579
694,-0.007508,0.047309,1.448991,0.005956,-0.063019,1.591427,0.046116,-0.316820,1.863576,0.331733,-0.362332,2.215513,0.318704,-0.073300,1.978557,0.162316,0.092517,1.127940,0.043171,0.138473,1.130337,0.079900,0.120013,0.812767,0.067183,0.152255,0.682965,0.026138,0.273532,1.125332,0.069365,0.653856,1.749376,-0.011827,0.574847,1.656141
695,-0.000094,0.061535,1.411642,0.007139,-0.064745,1.593026,0.047147,-0.323736,1.867514,0.331142,-0.366589,2.218867,0.314207,-0.077590,1.996312,0.158646,0.094030,1.134304,0.042386,0.137479,1.140651,0.080716,0.120164,0.819480,0.069045,0.149324,0.670564,0.027624,0.274650,1.083569,0.072720,0.590993,1.693334,-0.006533,0.530486,1.606146
696,-0.001817,0.045706,1.445618,0.011837,-0.081645,1.616456,0.050675,-0.333002,1.875833,0.330302,-0.366349,2.214571,0.312788,-0.078166,1.996961,0.160323,0.094704,1.137101,0.043177,0.136748,1.141373,0.080757,0.120229,0.812699,0.065194,0.139374,0.619498,0.030156,0.253810,0.988968,0.073663,0.648317,1.809107,-0.001713,0.547257,1.622238
697,-0.007273,0.041773,1.456146,0.006945,-0.076537,1.608673,0.048288,-0.327205,1.865714,0.329416,-0.366528,2.206185,0.312564,-0.077112,1.997013,0.157901,0.094265,1.119511,0.042933,0.143324,1.113756,0.079029,0.120307,0.807579,0.063507,0.151466,0.675539,0.032650,0.249478,0.977400,0.087769,0.598509,1.770376,0.024642,0.486195,1.549339
698,-0.000365,0.053240,1.429997,0.004731,-0.078918,1.614686,0.047866,-0.330968,1.868423,0.329343,-0.371179,2.201209,0.314367,-0.080937,1.991840,0.161610,0.093412,1.151313,0.046079,0.138535,1.128628,0.082701,0.120064,0.816724,0.067079,0.135130,0.618417,0.034223,0.241339,0.967321,0.093911,0.581328,1.715788,0.013372,0.505969,1.565364
699,0.010207,0.083990,1.355034,0.005794,-0.068474,1.598480,0.044953,-0.329461,1.865812,0.332792,-0.373401,2.200470,0.324871,-0.086982,2.021037,0.162098,0.093160,1.147601,0.044045,0.141348,1.123888,0.083229,0.120990,0.824354,0.069897,0.129795,0.595594,0.036703,0.241848,0.963899,0.097279,0.614048,1.644401,0.019686,0.522322,1.499354
700,0.000644,0.067461,1.396434,0.009663,-0.069729,1.600625,0.049948,-0.333958,1.868961,0.330629,-0.378872,2.206523,0.320860,-0.088301,2.025622,0.160102,0.093037,1.137615,0.045093,0.139876,1.123536,0.081933,0.120119,0.819486,0.062774,0.145365,0.681304,0.034503,0.241118,0.969269,0.098036,0.619300,1.734363,0.023209,0.506752,1.547773
701,0.010643,0.073991,1.374893,0.006580,-0.079168,1.614603,0.047423,-0.340879,1.873637,0.334445,-0.384594,2.213948,0.329624,-0.099102,2.059647,0.162156,0.092465,1.158540,0.044546,0.138530,1.129037,0.083560,0.118953,0.819728,0.064946,0.134987,0.614843,0.032299,0.240941,0.964847,0.095898,0.543561,1.621446,0.022729,0.481363,1.517003
702,0.009174,0.070432,1.383823,0.009921,-0.085106,1.620717,0.051252,-0.346534,1.877354,0.331707,-0.382841,2.203888,0.322275,-0.098661,2.056615,0.160135,0.093912,1.142805,0.043749,0.134413,1.143826,0.083341,0.119402,0.842966,0.065493,0.135455,0.628012,0.032091,0.239216,0.967795,0.089250,0.582436,1.707534,0.011171,0.499898,1.545493
703,0.012243,0.072987,1.376243,0.015288,-0.091989,1.630843,0.054823,-0.346385,1.880402,0.335361,-0.381986,2.210359,0.327428,-0.097898,2.089416,0.164942,0.092035,1.178653,0.043740,0.133784,1.145257,0.085123,0.119308,0.843525,0.062044,0.159185,0.710724,0.022456,0.240615,0.997147,0.081411,0.511523,1.715666,0.005052,0.449208,1.599809
704,0.013889,0.084465,1.350352,0.011377,-0.078072,1.611951,0.050131,-0.341373,1.873094,0.331212,-0.378626,2.202264,0.322065,-0.090755,2.041395,0.160782,0.093292,1.143116,0.042033,0.135522,1.141266,0.084047,0.119409,0.844165,0.060143,0.148295,0.665509,0.026841,0.238293,0.975031,0.078668,0.563365,1.769476,0.003414,0.492244,1.582280
705,0.014889,0.073609,1.373556,0.011015,-0.079570,1.617295,0.054354,-0.347485,1.877805,0.331801,-0.387130,2.200967,0.325864,-0.100494,2.068896,0.162531,0.093486,1.159482,0.042148,0.132103,1.153219,0.083720,0.119018,0.858448,0.057252,0.125682,0.588400,0.019706,0.235602,1.025885,0.079175,0.617825,1.797971,-0.004358,0.524255,1.580871
706,0.013869,0.075755,1.369142,0.012551,-0.073115,1.608574,0.054479,-0.347578,1.879380,0.327659,-0.384075,2.185028,0.324584,-0.098086,2.056820,0.160414,0.094027,1.158740,0.039932,0.137280,1.140533,0.080580,0.119912,0.861550,0.060248,0.125151,0.605301,0.027785,0.229475,0.976496,0.087892,0.648828,1.703647,0.000655,0.549291,1.535487
707,0.012370,0.069926,1.382712,0.012908,-0.080384,1.615516,0.054965,-0.355003,1.880077,0.329017,-0.389044,2.192462,0.326114,-0.111569,2.075930,0.166407,0.090224,1.197510,0.038354,0.135678,1.150625,0.081237,0.120825,0.866639,0.060530,0.126467,0.583417,0.026906,0.231256,0.987775,0.087937,0.610173,1.621330,0.008511,0.538005,1.493943
708,-0.000607,0.061416,1.412233,0.010342,-0.091636,1.634928,0.053633,-0.354644,1.881157,0.337730,-0.393413,2.209669,0.333751,-0.113162,2.084166,0.167062,0.090477,1.199783,0.042830,0.132992,1.150347,0.082971,0.119773,0.856458,0.060941,0.142982,0.686047,0.028399,0.234636,0.973068,0.079260,0.667860,1.795751,0.004919,0.540245,1.584829
709,0.003933,0.066719,1.397343,0.007837,-0.089279,1.629202,0.049215,-0.357261,1.883416,0.337182,-0.395443,2.212618,0.334795,-0.112035,2.090134,0.169398,0.088616,1.205551,0.038812,0.134468,1.152933,0.081878,0.120039,0.861406,0.061667,0.140283,0.653528,0.025160,0.233216,0.990849,0.083679,0.661105,1.703181,0.003514,0.561607,1.556468
710,0.004244,0.061345,1.409196,0.012091,-0.094675,1.640058,0.053348,-0.360971,1.890368,0.337178,-0.395167,2.214472,0.323433,-0.110617,2.079320,0.171639,0.087758,1.215250,0.039595,0.134445,1.153831,0.080970,0.120313,0.865329,0.057917,0.126803,0.582068,0.021979,0.235912,1.002942,0.079001,0.715756,1.820585,0.000829,0.552658,1.542220
711,-0.000473,0.061660,1.412690,0.010515,-0.091346,1.634859,0.052887,-0.360381,1.889373,0.338219,-0.391133,2.211761,0.321574,-0.103939,2.065777,0.167678,0.089392,1.204240,0.038860,0.136085,1.149890,0.081426,0.120460,0.863316,0.057333,0.125515,0.574252,0.021840,0.242311,0.987583,0.077223,0.593390,1.584718,-0.008363,0.541842,1.504338
712,-0.000731,0.063342,1.410242,0.007305,-0.090889,1.634372,0.048609,-0.357625,1.884832,0.333500,-0.392121,2.197441,0.323936,-0.104358,2.069444,0.165386,0.090736,1.192487,0.036843,0.130752,1.172613,0.081586,0.121015,0.882757,0.057949,0.118550,0.556420,0.025181,0.240689,0.981061,0.077708,0.537198,1.487878,0.007267,0.496944,1.436102
713,0.005708,0.061817,1.403967,0.008008,-0.092216,1.629965,0.050507,-0.359723,1.885021,0.339725,-0.408055,2.232083,0.321178,-0.119385,2.069409,0.170471,0.088744,1.214376,0.035975,0.132754,1.167130,0.081172,0.121632,0.888501,0.056494,0.118702,0.556027,0.024320,0.239842,0.979276,0.078985,0.570320,1.568851,0.005634,0.500926,1.459356
714,-0.005477,0.043175,1.453587,0.011191,-0.101912,1.648399,0.053569,-0.363130,1.891226,0.335559,-0.395217,2.212909,0.313951,-0.110450,2.043371,0.163392,0.092222,1.170023,0.036979,0.133038,1.165373,0.080715,0.121764,0.890267,0.053512,0.126796,0.589915,0.023209,0.246454,0.988157,0.075703,0.625367,1.690010,-0.005448,0.523244,1.514666
715,-0.004538,0.055906,1.428222,0.006271,-0.097636,1.648496,0.047433,-0.361375,1.891182,0.336617,-0.396940,2.225621,0.322646,-0.112872,2.092345,0.160074,0.092421,1.147696,0.032965,0.135493,1.161203,0.078859,0.121394,0.884639,0.055173,0.118397,0.558335,0.019854,0.232620,0.978693,0.075969,0.630269,1.658314,-0.011616,0.545636,1.524219
716,-0.008707,0.053367,1.439530,0.006519,-0.104056,1.658828,0.050810,-0.363273,1.893394,0.340813,-0.387845,2.221157,0.321591,-0.093208,2.039186,0.161137,0.093392,1.143301,0.035321,0.134291,1.160873,0.079895,0.121194,0.879920,0.056252,0.121191,0.567883,0.021746,0.241610,0.984118,0.075412,0.649930,1.701862,-0.010647,0.547252,1.536468
717,-0.001934,0.063204,1.410114,0.008721,-0.083289,1.619720,0.050258,-0.352651,1.882415,0.342412,-0.393125,2.238866,0.320905,-0.098598,2.053549,0.167518,0.089047,1.195056,0.040074,0.135215,1.149429,0.082538,0.120160,0.864742,0.061380,0.114186,0.534551,0.026728,0.243027,0.967758,0.079966,0.615360,1.643257,0.008143,0.513181,1.477128
718,0.009910,0.060445,1.405762,0.019899,-0.098309,1.645601,0.054396,-0.359233,1.895175,0.340343,-0.393588,2.244788,0.317262,-0.099554,2.048780,0.172091,0.087757,1.210457,0.044962,0.129997,1.153760,0.083576,0.118407,0.864525,0.057285,0.122997,0.577564,0.029502,0.242201,0.980055,0.084926,0.651649,1.797082,0.013972,0.506048,1.533399
719,0.014540,0.076460,1.366363,0.010667,-0.075095,1.612575,0.048650,-0.341381,1.886590,0.344620,-0.390488,2.269037,0.313919,-0.084803,2.026425,0.165539,0.088066,1.166347,0.043793,0.134118,1.142930,0.083182,0.117148,0.832438,0.065316,0.180095,0.831491,0.023681,0.274832,1.150034,0.082493,0.646957,1.826799,0.004379,0.509034,1.632154
720,0.010663,0.071859,1.377984,0.010025,-0.059971,1.589591,0.049024,-0.323616,1.877146,0.339773,-0.375805,2.270364,0.313227,-0.075111,2.003010,0.161844,0.093300,1.143643,0.043824,0.137599,1.129568,0.078702,0.117406,0.810724,0.063189,0.176379,0.772698,0.022123,0.272381,1.139460,0.095946,0.601425,1.716143,0.027498,0.484192,1.520139
721,0.011039,0.074037,1.375889,0.009939,-0.056857,1.589310,0.046632,-0.311261,1.877118,0.341467,-0.354275,2.275488,0.299621,-0.044897,1.896321,0.158719,0.093576,1.144783,0.040686,0.146168,1.109806,0.075631,0.117424,0.768983,0.067655,0.160271,0.708039,0.029210,0.263258,0.984153,0.082865,0.600257,1.746912,0.004701,0.503240,1.534371
722,0.000976,0.044693,1.444232,0.030807,-0.077273,1.613294,0.055127,-0.291654,1.870962,0.331513,-0.326822,2.272280,0.321262,-0.063960,1.996331,0.176647,0.085990,1.228411,0.044733,0.149337,1.090422,0.073418,0.119414,0.756470,0.066681,0.171981,0.740800,0.033564,0.253546,0.983955,0.095443,0.558093,1.740393,0.028151,0.478138,1.551276
723,-0.003015,0.023561,1.489414,0.032213,-0.115595,1.684266,0.053850,-0.268821,1.855224,0.322144,-0.290630,2.257262,0.294039,-0.035372,1.857700,0.173027,0.087786,1.199191,0.045741,0.148227,1.088256,0.070288,0.119727,0.743416,0.063248,0.173266,0.744231,0.030971,0.243032,0.989571,0.081472,0.469842,1.612973,0.033522,0.413616,1.457387
724,-0.003236,0.026667,1.483317,0.027641,-0.139007,1.723707,0.050847,-0.244856,1.836182,0.331177,-0.275958,2.282052,0.276763,-0.003180,1.724777,0.170922,0.088503,1.172793,0.044847,0.152997,1.073944,0.069939,0.118380,0.711221,0.063393,0.196454,0.833933,0.033064,0.238583,0.977492,0.063003,0.543965,1.735602,0.015770,0.468727,1.538741
725,0.008252,0.043237,1.439634,0.038384,-0.094043,1.643868,0.046048,-0.236222,1.836273,0.329521,-0.238572,2.241431,0.280403,-0.006413,1.724025,0.175122,0.086999,1.174196,0.049255,0.148585,1.086178,0.070406,0.119492,0.702426,0.059519,0.180817,0.766758,0.013892,0.271722,1.195631,0.069619,0.245437,0.978959,0.043543,0.333612,1.301545
726,0.008747,0.051734,1.421946,0.034895,-0.063929,1.594354,0.045474,-0.209772,1.807098,0.311149,-0.212403,2.176223,0.298586,-0.010176,1.756024,0.174670,0.088575,1.180069,0.044140,0.157862,1.074091,0.070072,0.127052,0.727201,0.054985,0.164735,0.702676,0.004810,0.278905,1.158253,0.073761,0.367686,1.324138,0.031329,0.354947,1.311546
727,0.011526,0.058203,1.406465,0.032510,-0.070904,1.607411,0.043223,-0.184278,1.775373,0.313640,-0.206701,2.185744,0.287636,-0.004360,1.697311,0.170828,0.088305,1.162355,0.044643,0.147283,1.111696,0.069482,0.125314,0.728162,0.056286,0.173302,0.752324,0.003319,0.281502,1.209723,0.069425,0.401708,1.366654,0.021108,0.394132,1.387439
728,0.013889,0.060275,1.399868,0.028153,-0.028142,1.533384,0.046819,-0.173616,1.756700,0.303685,-0.180199,2.125281,0.289397,-0.008422,1.720639,0.182438,0.083887,1.200593,0.045825,0.155472,1.082451,0.070400,0.125670,0.720087,0.056597,0.169852,0.774476,0.012860,0.229300,1.002553,0.074042,0.319266,1.070299,0.044374,0.361150,1.232564
729,0.015562,0.054642,1.409887,0.029213,-0.036616,1.541853,0.045250,-0.158935,1.733550,0.301230,-0.171913,2.107598,0.303276,-0.008893,1.747199,0.181624,0.085570,1.201529,0.048597,0.152479,1.073954,0.071501,0.124071,0.709744,0.057761,0.170393,0.770730,0.011029,0.232852,1.053543,0.066643,0.173778,0.771726,0.034962,0.294072,1.266105
730,0.011930,0.058684,1.404050,0.033797,-0.045326,1.557131,0.046810,-0.166497,1.745003,0.304673,-0.189152,2.141713,0.316409,-0.020265,1.805377,0.190188,0.082478,1.242702,0.047320,0.150173,1.090329,0.069303,0.123359,0.712376,0.056778,0.181431,0.809352,-0.002596,0.244935,1.130023,0.069768,0.382614,1.510164,0.008587,0.344612,1.471525
731,0.022777,0.055877,1.401855,0.037801,-0.055734,1.570121,0.051213,-0.176606,1.761798,0.311422,-0.204885,2.167855,0.322917,-0.030984,1.851100,0.186760,0.083025,1.230989,0.049453,0.147384,1.082741,0.070595,0.121431,0.704987,0.059168,0.165930,0.735939,0.005283,0.238533,1.088113,0.072908,0.380803,1.474966,0.024244,0.333551,1.426269
732,0.023439,0.059665,1.392387,0.046188,-0.028366,1.517499,0.053035,-0.180582,1.766965,0.313964,-0.211303,2.176661,0.328655,-0.036134,1.898000,0.192416,0.082037,1.255099,0.051885,0.148375,1.078234,0.070974,0.121826,0.710972,0.059874,0.174194,0.788926,0.004574,0.237026,1.098427,0.062642,0.409480,1.555943,0.018763,0.357275,1.495814
733,0.021923,0.055230,1.402617,0.039200,-0.052242,1.560425,0.052991,-0.182022,1.769403,0.308538,-0.210538,2.163253,0.334024,-0.041047,1.907019,0.192544,0.082316,1.285455,0.049748,0.148851,1.083670,0.071458,0.122868,0.717511,0.057909,0.162332,0.750187,0.010955,0.235904,1.076944,0.064200,0.373754,1.423860,0.027624,0.350204,1.425875
734,0.024399,0.059683,1.390823,0.040795,-0.051852,1.556983,0.052235,-0.178289,1.763964,0.310755,-0.211367,2.161967,0.327427,-0.040012,1.888998,0.195287,0.079089,1.301010,0.050397,0.149946,1.079345,0.072136,0.122894,0.722201,0.063177,0.156877,0.731839,0.010715,0.235083,1.085875,0.073282,0.394155,1.466500,0.030645,0.344150,1.443067
735,0.023923,0.059011,1.392790,0.039445,-0.059036,1.568589,0.049951,-0.175798,1.759854,0.312485,-0.209909,2.177747,0.324902,-0.041369,1.893750,0.196982,0.077888,1.304150,0.049356,0.150141,1.080022,0.071870,0.121825,0.720574,0.068085,0.168495,0.767605,0.012035,0.238932,1.090410,0.077460,0.356823,1.378417,0.028646,0.328384,1.423897
736,0.024963,0.068455,1.373724,0.039768,-0.051257,1.559566,0.048341,-0.174707,1.758537,0.314120,-0.206599,2.178077,0.314036,-0.031367,1.841079,0.193752,0.078491,1.288532,0.051222,0.150161,1.073578,0.072070,0.119215,0.701477,0.070713,0.177089,0.805093,0.011667,0.239878,1.090965,0.081322,0.351992,1.354412,0.034828,0.322790,1.414283
737,0.023649,0.061472,1.387891,0.037360,-0.068429,1.585193,0.050788,-0.181580,1.765816,0.308532,-0.200824,2.145382,0.307162,-0.024957,1.826953,0.199120,0.077863,1.306730,0.050803,0.149720,1.079836,0.072413,0.122122,0.717789,0.060992,0.168650,0.796352,0.009039,0.245932,1.133295,0.078041,0.409954,1.356112,0.015611,0.400979,1.390053
738,0.026024,0.056702,1.395463,0.037336,-0.063636,1.580314,0.051299,-0.185212,1.771557,0.313626,-0.207725,2.164768,0.317322,-0.030158,1.854702,0.200237,0.076963,1.323237,0.051062,0.148730,1.080171,0.072526,0.121279,0.715529,0.064936,0.162521,0.744807,0.016577,0.236981,1.062654,0.078922,0.377441,1.364405,0.037481,0.346877,1.360333
739,0.024998,0.058186,1.394061,0.038526,-0.062023,1.576890,0.052085,-0.185744,1.772851,0.319633,-0.207619,2.181607,0.307514,-0.023307,1.805402,0.198437,0.076950,1.302953,0.052296,0.147196,1.083598,0.073318,0.121615,0.722455,0.068638,0.162635,0.753136,0.017056,0.232978,1.057584,0.079110,0.421215,1.500510,0.031642,0.362909,1.396000
740,0.025763,0.058537,1.392597,0.039655,-0.051759,1.558786,0.052453,-0.184775,1.770438,0.312987,-0.202406,2.165093,0.302003,-0.017511,1.788429,0.196718,0.077319,1.298206,0.051395,0.148866,1.080295,0.073022,0.121351,0.717981,0.071015,0.175619,0.806643,0.007391,0.244531,1.122929,0.080141,0.415551,1.557542,0.025872,0.344417,1.468195
741,0.025685,0.059969,1.389732,0.038453,-0.056197,1.567573,0.051966,-0.183898,1.768812,0.311996,-0.203379,2.158851,0.301637,-0.017964,1.790630,0.195610,0.078117,1.292934,0.050155,0.148615,1.081468,0.072628,0.121545,0.719553,0.068471,0.165536,0.768269,0.011707,0.241858,1.100016,0.078633,0.417062,1.496364,0.026457,0.359679,1.452862
742,0.026672,0.059375,1.389601,0.042194,-0.052196,1.558208,0.054643,-0.185160,1.772271,0.314111,-0.206045,2.173198,0.305764,-0.022705,1.814638,0.198229,0.077461,1.305754,0.051579,0.149100,1.081369,0.074836,0.121286,0.724937,0.067719,0.188703,0.885147,0.013729,0.234619,1.069581,0.081367,0.417870,1.470555,0.030435,0.369860,1.432569
743,0.027191,0.053453,1.399915,0.046316,-0.070394,1.586060,0.057178,-0.187413,1.775486,0.312182,-0.201815,2.159085,0.312592,-0.026609,1.842161,0.198850,0.076094,1.323249,0.052486,0.148188,1.080293,0.074264,0.121755,0.724448,0.061587,0.195215,0.910002,0.009833,0.232857,1.084921,0.077452,0.457963,1.589293,0.026042,0.384327,1.455592
744,0.025793,0.049413,1.409612,0.041827,-0.069143,1.590283,0.056310,-0.186388,1.776353,0.317445,-0.201306,2.166675,0.308523,-0.017863,1.800616,0.192084,0.079857,1.272204,0.052384,0.148678,1.084317,0.075017,0.121720,0.723045,0.063614,0.197544,0.911990,0.007272,0.245515,1.148781,0.076229,0.478597,1.589459,0.029248,0.388153,1.434754
745,0.026984,0.054330,1.399585,0.045185,-0.054492,1.565067,0.054643,-0.183069,1.770456,0.314788,-0.204201,2.171584,0.307045,-0.020397,1.804815,0.185391,0.081857,1.235555,0.052514,0.146930,1.091148,0.075583,0.120460,0.725341,0.062913,0.202123,0.936146,0.008418,0.244087,1.136475,0.079414,0.460243,1.537591,0.034411,0.383278,1.412346
746,0.026157,0.059026,1.391680,0.040190,-0.066237,1.591933,0.055476,-0.183420,1.769787,0.310421,-0.194939,2.140862,0.304362,-0.014376,1.764312,0.180911,0.085529,1.216895,0.051289,0.147130,1.088538,0.073505,0.123182,0.726569,0.060458,0.176253,0.816530,0.006787,0.244126,1.134370,0.073127,0.355017,1.252832,0.026823,0.366693,1.328772
747,0.027608,0.059033,1.389230,0.040464,-0.069029,1.595679,0.056672,-0.188057,1.778474,0.322445,-0.202254,2.171257,0.303781,-0.015195,1.786378,0.182615,0.085196,1.214398,0.051780,0.143796,1.099556,0.075734,0.121315,0.733117,0.062936,0.187366,0.886320,0.011123,0.238575,1.105553,0.074937,0.437100,1.489524,0.023963,0.383602,1.406473
748,0.030704,0.052783,1.400099,0.045724,-0.063821,1.583408,0.057683,-0.185708,1.771826,0.313283,-0.200355,2.151594,0.306467,-0.015297,1.781883,0.180339,0.085948,1.203832,0.052725,0.146642,1.090062,0.076161,0.123340,0.743105,0.059409,0.171780,0.807036,0.006581,0.232592,1.084969,0.077497,0.352426,1.190657,0.036510,0.367992,1.331690
749,0.028921,0.055991,1.394803,0.043387,-0.063711,1.585044,0.058575,-0.188079,1.775549,0.316910,-0.208156,2.172265,0.302538,-0.018314,1.788528,0.180491,0.085823,1.212218,0.052302,0.145141,1.094919,0.075339,0.121056,0.741968,0.062532,0.197965,0.927261,0.009248,0.240580,1.126280,0.082626,0.461001,1.571418,0.035872,0.375501,1.408949
750,0.030397,0.050997,1.402923,0.045939,-0.066355,1.584818,0.059623,-0.188562,1.779471,0.318888,-0.209146,2.171984,0.301526,-0.017395,1.776706,0.177812,0.086333,1.187645,0.054411,0.145989,1.083610,0.076529,0.120477,0.733501,0.063978,0.189415,0.878184,0.011689,0.238694,1.122594,0.077995,0.254928,0.984505,0.047165,0.328978,1.314449
751,0.027341,0.052368,1.402963,0.044828,-0.068367,1.593712,0.057689,-0.186257,1.772701,0.320447,-0.207014,2.172219,0.307621,-0.020712,1.797440,0.181049,0.085540,1.211836,0.051676,0.145280,1.093440,0.074658,0.123173,0.743594,0.062796,0.170521,0.795933,0.012279,0.237739,1.100031,0.079415,0.379908,1.367675,0.031717,0.358680,1.348394
752,0.028677,0.053881,1.399487,0.044879,-0.066026,1.589225,0.058040,-0.189142,1.777770,0.312291,-0.203866,2.161708,0.302130,-0.017417,1.783759,0.179801,0.085728,1.205829,0.051792,0.147009,1.091880,0.075262,0.122883,0.741496,0.063573,0.182054,0.858424,0.014539,0.236941,1.108653,0.079127,0.437758,1.446811,0.034602,0.380498,1.351502
753,0.028684,0.057071,1.392958,0.046010,-0.062584,1.580262,0.057988,-0.189852,1.777930,0.318394,-0.207926,2.170850,0.306990,-0.020797,1.803022,0.179920,0.085473,1.211075,0.052608,0.145332,1.096133,0.075812,0.122631,0.737927,0.066292,0.180802,0.846811,0.013340,0.238451,1.109584,0.076646,0.433284,1.461914,0.017672,0.395537,1.418609
754,0.026242,0.054940,1.398843,0.043000,-0.063294,1.582642,0.057465,-0.188077,1.773796,0.314613,-0.204793,2.155469,0.312466,-0.021878,1.816776,0.180767,0.085736,1.225918,0.050480,0.148064,1.094532,0.073666,0.124009,0.737567,0.066542,0.174509,0.809109,0.016256,0.230640,1.058534,0.076381,0.322819,1.168093,0.030128,0.364194,1.338132
755,0.029150,0.052828,1.400970,0.048314,-0.063948,1.584442,0.060217,-0.191296,1.780748,0.317499,-0.205716,2.163077,0.310666,-0.022617,1.805054,0.184926,0.083825,1.238808,0.051731,0.147149,1.094268,0.075831,0.125253,0.751303,0.061224,0.168161,0.789884,0.014520,0.227835,1.066145,0.075073,0.332773,1.188127,0.034189,0.349290,1.302158
756,0.027247,0.050125,1.408680,0.048471,-0.064689,1.580953,0.060018,-0.190262,1.777756,0.314892,-0.202291,2.161715,0.305466,-0.014686,1.782837,0.183031,0.083522,1.235952,0.050926,0.145834,1.097143,0.074672,0.122645,0.737249,0.063915,0.171107,0.804541,0.009053,0.238350,1.130630,0.077237,0.365439,1.269279,0.032490,0.362212,1.308964
757,0.026701,0.058410,1.391046,0.047095,-0.059669,1.573478,0.058608,-0.187021,1.773978,0.314589,-0.202135,2.156028,0.305106,-0.014804,1.783993,0.183811,0.084138,1.233432,0.051399,0.148030,1.088615,0.075238,0.122592,0.732742,0.066098,0.174496,0.834002,0.006503,0.240894,1.135330,0.077752,0.412416,1.395549,0.040189,0.377402,1.354941
758,0.026207,0.051410,1.406615,0.042316,-0.065950,1.592639,0.055637,-0.186280,1.774724,0.316876,-0.204592,2.157552,0.313013,-0.020922,1.817973,0.183583,0.083901,1.238947,0.051699,0.147253,1.093690,0.075469,0.122836,0.732894,0.066408,0.185765,0.870401,0.010788,0.243114,1.124185,0.086411,0.432443,1.492460,0.037001,0.362725,1.400702
759,0.029359,0.051488,1.403048,0.047243,-0.066846,1.586412,0.057136,-0.188086,1.775659,0.317320,-0.204709,2.161233,0.312417,-0.020711,1.807759,0.183839,0.083956,1.239281,0.051238,0.146335,1.094796,0.074784,0.122760,0.730505,0.065027,0.180773,0.840519,0.011384,0.242681,1.107854,0.079585,0.445730,1.445986,0.019835,0.403378,1.407077
760,0.025543,0.053073,1.403540,0.044196,-0.066153,1.590169,0.054789,-0.186517,1.774594,0.317330,-0.202734,2.159583,0.309362,-0.019817,1.810878,0.185779,0.083175,1.244499,0.051520,0.146756,1.095521,0.076317,0.122436,0.735888,0.064101,0.192836,0.906078,0.009528,0.243253,1.137396,0.081169,0.439974,1.468579,0.035595,0.375677,1.398771
761,0.028280,0.051570,1.403966,0.044671,-0.069071,1.591175,0.055965,-0.188557,1.775093,0.314360,-0.201820,2.149739,0.314652,-0.024202,1.815778,0.184479,0.083092,1.247310,0.050954,0.147384,1.091665,0.073654,0.122986,0.726772,0.064382,0.167380,0.784668,0.009380,0.243209,1.131852,0.079651,0.379063,1.340527,0.035355,0.353450,1.330800
762,0.025971,0.053471,1.402818,0.041133,-0.065680,1.591175,0.055005,-0.188961,1.778450,0.317020,-0.203345,2.160208,0.308588,-0.025733,1.825671,0.182705,0.083363,1.229885,0.052460,0.146366,1.090380,0.076218,0.121518,0.733233,0.064456,0.188723,0.889743,0.015151,0.239039,1.104716,0.088608,0.408850,1.502517,0.043521,0.342197,1.391177
763,0.026071,0.055141,1.399116,0.038929,-0.063192,1.585158,0.053926,-0.187126,1.775182,0.314851,-0.202873,2.155668,0.305151,-0.019416,1.804030,0.182516,0.084116,1.222045,0.052098,0.146719,1.093118,0.076329,0.122764,0.742612,0.061654,0.185190,0.872296,0.011364,0.238618,1.119086,0.080104,0.417908,1.436665,0.040070,0.360148,1.375854
764,0.025779,0.054903,1.399028,0.043702,-0.062322,1.580204,0.055751,-0.188277,1.775253,0.313903,-0.205183,2.158477,0.312453,-0.022229,1.812407,0.181824,0.085108,1.227314,0.050047,0.147041,1.093538,0.074943,0.122772,0.735981,0.063723,0.175013,0.812205,0.012793,0.233272,1.062785,0.076897,0.344488,1.244376,0.031650,0.361556,1.346800
765,0.025174,0.052068,1.404382,0.042836,-0.062577,1.578128,0.054943,-0.186849,1.773135,0.313235,-0.204710,2.155245,0.313127,-0.025833,1.831070,0.183876,0.084555,1.237981,0.049926,0.146544,1.094462,0.074575,0.122810,0.738771,0.062494,0.183739,0.856516,0.010267,0.239239,1.110746,0.075831,0.419745,1.415484,0.024082,0.390916,1.400784
766,0.026517,0.048642,1.410859,0.044585,-0.068103,1.591034,0.056729,-0.188487,1.776179,0.314367,-0.204768,2.162328,0.312480,-0.026517,1.827642,0.185192,0.083512,1.241145,0.051237,0.145547,1.099074,0.075515,0.123413,0.748089,0.061000,0.175752,0.822711,0.011025,0.237630,1.103670,0.078332,0.409731,1.437870,0.035152,0.355569,1.368214
767,0.028704,0.049495,1.407520,0.045145,-0.071941,1.595568,0.057650,-0.189328,1.775464,0.314010,-0.202403,2.152730,0.313431,-0.023206,1.823217,0.186317,0.083259,1.241758,0.050349,0.147691,1.093665,0.074630,0.124137,0.737756,0.065001,0.180952,0.837218,0.010271,0.242372,1.108205,0.076989,0.422661,1.450516,0.011664,0.393119,1.425394
768,0.026843,0.053416,1.401368,0.042795,-0.073528,1.599741,0.056167,-0.187079,1.773700,0.317119,-0.205728,2.164692,0.308893,-0.024903,1.816329,0.185823,0.082889,1.241604,0.050387,0.147191,1.092023,0.075205,0.123010,0.734543,0.064731,0.178876,0.840136,0.011177,0.239840,1.111964,0.076989,0.435573,1.438005,0.034271,0.386781,1.345762
769,0.026441,0.052037,1.404831,0.042447,-0.070893,1.597956,0.057065,-0.192081,1.782638,0.317785,-0.204982,2.165160,0.298815,-0.019448,1.804354,0.181692,0.084446,1.211962,0.053296,0.145108,1.094768,0.077228,0.122007,0.744931,0.059346,0.168347,0.791801,0.011562,0.240252,1.132132,0.080251,0.361368,1.278428,0.050771,0.337565,1.298403
770,0.025635,0.049806,1.410566,0.047212,-0.068790,1.591959,0.058014,-0.192841,1.783902,0.317166,-0.205916,2.166017,0.299034,-0.015854,1.777176,0.180400,0.084619,1.212600,0.053140,0.145684,1.091611,0.076586,0.121954,0.736806,0.062380,0.161260,0.769230,0.012528,0.235078,1.104742,0.078152,0.376708,1.318457,0.029970,0.364820,1.336672
771,0.026791,0.051487,1.406170,0.047138,-0.069757,1.592439,0.058977,-0.196627,1.790070,0.317442,-0.202672,2.159478,0.312906,-0.020755,1.812703,0.179296,0.084984,1.211902,0.053585,0.143801,1.097627,0.076594,0.121787,0.736246,0.063411,0.173704,0.820181,0.011830,0.238544,1.120032,0.078511,0.413330,1.463146,0.021663,0.367973,1.400274
772,0.028695,0.050324,1.406086,0.053642,-0.065713,1.582509,0.059357,-0.186211,1.773351,0.312557,-0.202572,2.156480,0.303691,-0.019655,1.798596,0.182157,0.084716,1.218084,0.053204,0.145885,1.090645,0.076069,0.122734,0.739025,0.063351,0.172838,0.817234,0.012662,0.232684,1.086767,0.079032,0.418621,1.421857,0.035989,0.369454,1.358939
773,0.025698,0.049764,1.409743,0.044632,-0.068421,1.591301,0.056504,-0.191825,1.781147,0.317924,-0.205784,2.174111,0.309493,-0.020289,1.809689,0.184565,0.083399,1.235838,0.052744,0.145396,1.095072,0.077590,0.121725,0.743468,0.067247,0.179313,0.850723,0.011959,0.239282,1.131868,0.078735,0.432589,1.418937,0.031626,0.387306,1.373856
774,0.025135,0.054486,1.401026,0.041940,-0.066318,1.589697,0.056835,-0.191941,1.780567,0.317157,-0.202321,2.162394,0.303703,-0.016360,1.795428,0.183605,0.083373,1.233854,0.052923,0.147304,1.091425,0.078174,0.122923,0.735430,0.065258,0.163904,0.768441,0.012642,0.236725,1.094206,0.077312,0.366191,1.205061,0.034141,0.374578,1.281369
775,0.027348,0.056618,1.394069,0.047127,-0.063278,1.578215,0.058139,-0.190937,1.778950,0.317652,-0.200700,2.158136,0.296629,-0.012505,1.780397,0.183785,0.084029,1.238124,0.052681,0.146616,1.088293,0.077416,0.122324,0.732157,0.067675,0.180012,0.843268,0.008808,0.241916,1.126680,0.080247,0.444878,1.467138,0.015766,0.402108,1.429433
776,0.026278,0.054018,1.400647,0.046424,-0.064918,1.580605,0.057503,-0.193106,1.784207,0.315316,-0.204135,2.167293,0.300114,-0.019447,1.816928,0.183559,0.083566,1.231581,0.052459,0.146243,1.089886,0.074815,0.121887,0.734652,0.062084,0.182485,0.853876,0.012011,0.240816,1.122784,0.086618,0.392154,1.444097,0.048723,0.339090,1.335927
777,0.025966,0.052822,1.403259,0.044011,-0.066628,1.584056,0.055323,-0.191501,1.781266,0.318678,-0.207513,2.173152,0.309645,-0.018412,1.816852,0.182198,0.084289,1.223144,0.052141,0.146233,1.089192,0.075977,0.120926,0.729709,0.066721,0.182674,0.851017,0.012258,0.242185,1.114196,0.078766,0.448435,1.467223,0.025445,0.401945,1.414568
778,0.028159,0.052593,1.401538,0.045190,-0.066368,1.584507,0.055967,-0.190168,1.777871,0.319371,-0.205800,2.168748,0.300004,-0.015836,1.791523,0.184552,0.084396,1.233633,0.053160,0.145567,1.093558,0.077267,0.121513,0.738443,0.062145,0.178336,0.837157,0.008028,0.241459,1.129274,0.071864,0.403098,1.366291,0.026595,0.382515,1.385088
779,0.026079,0.054052,1.400310,0.042172,-0.071602,1.594755,0.056292,-0.193811,1.782654,0.316672,-0.204262,2.162015,0.309093,-0.017489,1.797649,0.184878,0.083722,1.243153,0.052935,0.145470,1.089611,0.076030,0.121603,0.732999,0.065114,0.179776,0.839015,0.013043,0.242269,1.116331,0.074865,0.439049,1.542767,0.026470,0.372396,1.402457
780,0.025032,0.053751,1.401612,0.048998,-0.042773,1.543385,0.056655,-0.195528,1.785555,0.318737,-0.208226,2.174177,0.313315,-0.020983,1.825863,0.189359,0.081697,1.260079,0.052080,0.144021,1.094345,0.075330,0.119550,0.731709,0.065065,0.189759,0.892787,0.012044,0.238842,1.118159,0.075742,0.429946,1.494165,0.033695,0.372989,1.402285
781,0.029537,0.055421,1.395761,0.051037,-0.043627,1.547951,0.060355,-0.190661,1.781110,0.313253,-0.205570,2.173570,0.302963,-0.016061,1.772733,0.187284,0.079516,1.239513,0.053978,0.144721,1.094373,0.075835,0.121675,0.736951,0.061399,0.173549,0.810161,0.008127,0.241112,1.129028,0.080437,0.368101,1.388058,0.042328,0.336458,1.335307
782,0.026844,0.057439,1.393234,0.046603,-0.063951,1.580021,0.058788,-0.193758,1.782795,0.312689,-0.201220,2.159224,0.304590,-0.018322,1.805130,0.182733,0.083820,1.224887,0.052279,0.146142,1.091324,0.075622,0.122000,0.733039,0.061967,0.183231,0.853565,0.010158,0.242527,1.121045,0.083510,0.395483,1.491352,0.040992,0.338246,1.373576
783,0.027799,0.054337,1.399231,0.047135,-0.065156,1.580524,0.061104,-0.194384,1.785153,0.312723,-0.201135,2.161269,0.304666,-0.019337,1.795504,0.180646,0.084748,1.212778,0.053116,0.145801,1.088543,0.075540,0.121632,0.730617,0.061336,0.180211,0.840589,0.008555,0.240590,1.108219,0.083446,0.402832,1.524639,0.037868,0.340277,1.385170
784,0.028838,0.055907,1.394626,0.049047,-0.063844,1.579489,0.061454,-0.194511,1.784809,0.312850,-0.193779,2.147132,0.309596,-0.019386,1.815649,0.183935,0.082081,1.227046,0.053332,0.146796,1.088504,0.074873,0.122310,0.732076,0.060462,0.178670,0.833287,0.007326,0.240078,1.121041,0.081087,0.398264,1.410672,0.034287,0.367240,1.366733
785,0.031442,0.053808,1.397198,0.046739,-0.061370,1.575153,0.059519,-0.195721,1.784334,0.311497,-0.195518,2.148895,0.302669,-0.014775,1.769281,0.179145,0.085127,1.198917,0.050964,0.146419,1.095752,0.074132,0.123541,0.739458,0.061431,0.179618,0.833908,0.011029,0.238713,1.107615,0.077629,0.323611,1.140225,0.034573,0.357831,1.241349
786,0.027295,0.052781,1.402908,0.044060,-0.062589,1.577269,0.058936,-0.195611,1.785186,0.313990,-0.193915,2.152823,0.301242,-0.011462,1.782631,0.181546,0.084024,1.214068,0.051102,0.146244,1.091316,0.074170,0.122110,0.732291,0.060886,0.190945,0.882708,0.006339,0.243168,1.145269,0.072228,0.296134,1.114441,0.034485,0.331764,1.262702
787,0.030476,0.052440,1.401027,0.049832,-0.069080,1.585533,0.061435,-0.199726,1.790847,0.309187,-0.194015,2.136683,0.313198,-0.021601,1.823095,0.185542,0.083897,1.236258,0.050980,0.144375,1.096336,0.074475,0.121440,0.740229,0.055857,0.189704,0.877873,0.009582,0.238917,1.105841,0.073106,0.321430,1.206990,0.036139,0.335004,1.266612
788,0.029308,0.055814,1.394054,0.047540,-0.064841,1.574978,0.061146,-0.200542,1.794322,0.312640,-0.199247,2.156562,0.302396,-0.022865,1.804099,0.184404,0.081316,1.225140,0.053132,0.143959,1.090388,0.074477,0.120454,0.730977,0.057668,0.188500,0.876646,0.008163,0.241111,1.128105,0.078133,0.390372,1.498173,0.031119,0.328705,1.359499
789,0.026088,0.047071,1.414996,0.044100,-0.070976,1.590201,0.059889,-0.200090,1.790880,0.310812,-0.197461,2.145633,0.316583,-0.024928,1.843999,0.179333,0.085914,1.194884,0.051713,0.143269,1.098542,0.073833,0.121107,0.733922,0.063757,0.172392,0.793976,0.007969,0.241703,1.120476,0.075578,0.403873,1.461909,0.029050,0.356426,1.413235
790,0.026202,0.045909,1.417506,0.046418,-0.070258,1.586998,0.059930,-0.203746,1.795803,0.312380,-0.200893,2.151820,0.320330,-0.027765,1.862911,0.181432,0.085734,1.205579,0.050205,0.144741,1.095431,0.073035,0.119974,0.725837,0.063869,0.183756,0.861882,0.000055,0.270132,1.280346,0.075905,0.452711,1.485940,0.021194,0.401023,1.419655
791,0.025788,0.044062,1.422588,0.050565,-0.067168,1.579417,0.058730,-0.200533,1.789918,0.311228,-0.202874,2.149684,0.320346,-0.029439,1.860265,0.181221,0.085606,1.192601,0.050424,0.144143,1.097180,0.072554,0.120466,0.725610,0.064606,0.180691,0.832060,0.006439,0.242619,1.118564,0.077355,0.430426,1.461562,0.026471,0.374639,1.399939
792,0.026521,0.037972,1.432774,0.050042,-0.068921,1.581224,0.058682,-0.199150,1.786779,0.313081,-0.208030,2.158334,0.330461,-0.038161,1.892028,0.187246,0.082544,1.229748,0.049856,0.145220,1.097423,0.072737,0.122909,0.732351,0.064295,0.175602,0.790893,0.011503,0.236965,1.095360,0.074481,0.357629,1.296805,0.019719,0.368180,1.385844
793,0.028770,0.043491,1.420241,0.048442,-0.070431,1.584474,0.058195,-0.203577,1.792371,0.315534,-0.207115,2.165056,0.330981,-0.037275,1.900760,0.180429,0.084315,1.199456,0.050340,0.143755,1.103523,0.073490,0.123000,0.734189,0.057347,0.179387,0.833882,0.009333,0.237515,1.102923,0.070286,0.379829,1.354263,0.014950,0.377358,1.420424
794,0.028857,0.056022,1.394162,0.042150,-0.066879,1.583305,0.055688,-0.195096,1.780822,0.310644,-0.206552,2.142006,0.331635,-0.037839,1.898723,0.180327,0.085702,1.211446,0.051730,0.144758,1.090043,0.074375,0.120633,0.728955,0.064459,0.181803,0.847423,0.007367,0.237618,1.148257,0.075972,0.269975,1.000805,0.045152,0.302122,1.148315
795,0.021424,0.044625,1.424589,0.040559,-0.072050,1.592601,0.056264,-0.206608,1.795527,0.309587,-0.215033,2.149343,0.333755,-0.046147,1.915880,0.191138,0.081197,1.258421,0.047456,0.143667,1.105835,0.071540,0.123540,0.752914,0.055890,0.127469,0.592087,0.007927,0.237919,1.096578,0.065284,0.183639,0.790400,0.026260,0.287613,1.217584
796,0.026709,0.049803,1.410319,0.046836,-0.071550,1.587661,0.057451,-0.207482,1.797086,0.312705,-0.214191,2.152299,0.335387,-0.043506,1.910928,0.185567,0.083036,1.227202,0.049752,0.145005,1.095906,0.072516,0.122284,0.738383,0.062750,0.176447,0.812167,0.008815,0.237260,1.098845,0.067892,0.190003,0.794870,0.032734,0.268545,1.057204
797,0.020146,0.048728,1.416781,0.038066,-0.048066,1.557650,0.056423,-0.208606,1.798462,0.313389,-0.221390,2.158759,0.324063,-0.043075,1.898521,0.189553,0.081801,1.248647,0.048969,0.142960,1.102225,0.072966,0.121183,0.737922,0.064061,0.186587,0.837780,0.005627,0.241854,1.135773,0.071476,0.310592,1.213020,0.027093,0.312190,1.326030
798,0.020705,0.041212,1.432918,0.040331,-0.081088,1.607503,0.059641,-0.220021,1.813533,0.316443,-0.227239,2.180966,0.329637,-0.044620,1.896528,0.185010,0.082546,1.232996,0.050575,0.140556,1.106479,0.072798,0.121546,0.738704,0.057635,0.197274,0.901083,0.007814,0.238961,1.128795,0.067142,0.240188,0.943328,0.022006,0.316717,1.242296
799,0.024158,0.039629,1.432755,0.046205,-0.074739,1.596203,0.062186,-0.220788,1.814101,0.314015,-0.221236,2.163006,0.329600,-0.040866,1.895147,0.185504,0.083533,1.236337,0.050121,0.140802,1.110231,0.072719,0.122124,0.740220,0.055612,0.192506,0.856291,0.006484,0.238951,1.121123,0.074527,0.350404,1.358525,0.023606,0.335670,1.401730
800,0.017927,0.040086,1.437563,0.039694,-0.068022,1.589482,0.056031,-0.213375,1.801955,0.319245,-0.223235,2.174548,0.327320,-0.041900,1.901945,0.183546,0.084605,1.212208,0.049062,0.145558,1.094448,0.072662,0.121803,0.722091,0.061567,0.190708,0.880818,0.005057,0.242086,1.157072,0.075210,0.374266,1.336832,0.015113,0.367052,1.418507
801,0.017392,0.039414,1.439367,0.038989,-0.066816,1.591465,0.058392,-0.214388,1.802561,0.316370,-0.223129,2.171116,0.323453,-0.039886,1.900898,0.181489,0.085056,1.190647,0.048580,0.146256,1.094594,0.071407,0.122380,0.727631,0.062319,0.193461,0.852207,0.007384,0.238934,1.116393,0.073348,0.376697,1.300261,0.012673,0.381195,1.415532
802,0.014335,0.040985,1.439744,0.038258,-0.058280,1.579363,0.055915,-0.215260,1.798421,0.322333,-0.225938,2.175413,0.308127,-0.025479,1.830348,0.174562,0.088389,1.158404,0.047874,0.146447,1.097484,0.072466,0.123063,0.724645,0.059550,0.190577,0.833397,0.011364,0.229048,1.065039,0.073127,0.289544,1.115813,0.025972,0.335097,1.368766
803,0.014154,0.046335,1.427419,0.032068,-0.073942,1.603017,0.057123,-0.218752,1.806560,0.319366,-0.230492,2.177525,0.313445,-0.033006,1.860235,0.170995,0.089258,1.139581,0.048420,0.145018,1.099436,0.072225,0.123301,0.734547,0.060086,0.179976,0.820135,0.006193,0.234786,1.128859,0.074739,0.338731,1.268415,0.008811,0.363460,1.426805
804,0.012657,0.048783,1.425386,0.038537,-0.065841,1.590945,0.058592,-0.221330,1.806424,0.315036,-0.235762,2.181103,0.319336,-0.039763,1.897725,0.169642,0.091011,1.122155,0.051402,0.142368,1.100923,0.072898,0.120619,0.724176,0.057689,0.190702,0.876606,0.009482,0.238900,1.133142,0.064489,0.218735,0.843596,0.017311,0.330896,1.235216
805,0.011697,0.051293,1.420111,0.037879,-0.064027,1.588044,0.059747,-0.229290,1.814923,0.319317,-0.243244,2.188414,0.318480,-0.037837,1.877172,0.165680,0.092243,1.126106,0.051473,0.140522,1.104675,0.072496,0.118514,0.716633,0.059024,0.193483,0.862735,-0.001254,0.272239,1.317522,0.061553,0.231056,0.881514,0.018713,0.337265,1.261096
806,0.011182,0.053266,1.415168,0.033491,-0.051870,1.568188,0.060292,-0.229902,1.814145,0.319429,-0.259523,2.200197,0.321878,-0.033804,1.887809,0.164437,0.093109,1.110690,0.050626,0.145801,1.089960,0.070800,0.119973,0.716716,0.060261,0.193969,0.881834,0.010545,0.244453,1.091861,0.068671,0.318299,1.097451,0.013780,0.396889,1.366218
807,0.010470,0.043838,1.436023,0.032648,-0.065904,1.593839,0.060136,-0.239992,1.822487,0.322823,-0.262641,2.199882,0.330012,-0.037570,1.917707,0.166803,0.093383,1.127432,0.051361,0.142694,1.098022,0.072197,0.120714,0.729286,0.059609,0.181239,0.836320,0.009160,0.230792,1.065310,0.067538,0.319438,1.186289,0.016380,0.349343,1.377818
808,0.011739,0.052347,1.417867,0.031956,-0.055410,1.576592,0.059262,-0.238825,1.822594,0.322481,-0.261615,2.192083,0.332323,-0.038594,1.920260,0.167595,0.092931,1.139464,0.050874,0.143094,1.099132,0.073529,0.119647,0.727413,0.060844,0.183533,0.836387,0.006695,0.241014,1.122733,0.064186,0.182377,0.700107,0.024118,0.317573,1.162285
809,0.011590,0.047929,1.427187,0.032454,-0.076394,1.611864,0.059398,-0.244456,1.827825,0.323347,-0.268996,2.200756,0.336329,-0.051626,1.966886,0.169223,0.091308,1.157639,0.051122,0.141741,1.106007,0.073263,0.121165,0.745189,0.060381,0.173848,0.799355,0.014094,0.224989,1.030787,0.061678,0.213519,0.827379,0.026050,0.280022,1.042540
810,0.008953,0.032699,1.459394,0.039303,-0.072226,1.601761,0.062999,-0.249560,1.834578,0.325656,-0.273173,2.214784,0.334505,-0.055562,1.992929,0.172727,0.090220,1.154789,0.055017,0.140279,1.104284,0.077040,0.120162,0.747301,0.060605,0.198531,0.876591,0.007955,0.258920,1.255737,0.067493,0.328931,1.215402,0.015426,0.337285,1.388326
811,0.011042,0.038205,1.447667,0.033994,-0.059354,1.581339,0.060355,-0.245957,1.827930,0.323393,-0.269254,2.200847,0.341059,-0.052484,1.976134,0.174333,0.090225,1.170614,0.054515,0.142462,1.097336,0.077449,0.118623,0.736719,0.061385,0.202942,0.912198,0.003617,0.274631,1.272797,0.068647,0.270143,0.949813,0.032814,0.341631,1.283684
812,0.008379,0.039737,1.445907,0.032398,-0.063439,1.589392,0.057060,-0.249018,1.827797,0.320593,-0.275186,2.191823,0.345340,-0.053139,1.980822,0.173396,0.089634,1.191827,0.053709,0.140972,1.098933,0.075685,0.118271,0.735282,0.057611,0.197681,0.892908,0.011972,0.240761,1.080316,0.065359,0.309343,1.104779,0.024500,0.328745,1.377735
813,0.009776,0.044276,1.435937,0.029709,-0.065280,1.594435,0.055489,-0.257270,1.837072,0.322755,-0.279063,2.198627,0.348169,-0.058835,2.002999,0.174487,0.089382,1.176254,0.053675,0.139188,1.105620,0.077611,0.118417,0.751463,0.061330,0.189703,0.882828,0.004935,0.270548,1.307467,0.069786,0.413414,1.425829,0.042348,0.333814,1.404815
814,0.008981,0.037618,1.450098,0.033503,-0.060760,1.584116,0.062314,-0.264441,1.848377,0.327473,-0.284500,2.218448,0.339570,-0.052733,1.974698,0.168521,0.090958,1.148860,0.055265,0.139872,1.103087,0.077787,0.118361,0.751809,0.065143,0.191122,0.875719,0.004798,0.275055,1.261999,0.072611,0.305674,1.123500,0.036128,0.315618,1.310186
815,0.005628,0.039466,1.449058,0.025969,-0.063253,1.591864,0.053616,-0.258159,1.838017,0.327883,-0.285730,2.218944,0.330611,-0.042896,1.925258,0.167792,0.091533,1.144412,0.054927,0.138662,1.106734,0.077644,0.118187,0.751594,0.061738,0.194876,0.906077,-0.000270,0.276676,1.304670,0.076045,0.412206,1.533417,0.036686,0.315495,1.432739
816,0.005513,0.035818,1.456574,0.029175,-0.065235,1.593015,0.056323,-0.261347,1.841272,0.322919,-0.282322,2.199349,0.334496,-0.043957,1.938044,0.164288,0.093320,1.128164,0.054497,0.137667,1.110950,0.078675,0.119586,0.762496,0.057208,0.177496,0.831875,-0.001959,0.272676,1.294030,0.068635,0.314253,1.218055,0.035173,0.307330,1.364660
817,0.000622,0.035858,1.460808,0.027377,-0.066836,1.597491,0.058743,-0.269112,1.853507,0.319891,-0.294015,2.204923,0.342249,-0.062715,1.996958,0.167927,0.091952,1.140558,0.052042,0.139845,1.107439,0.077118,0.119497,0.762766,0.057029,0.176410,0.823374,0.012485,0.226995,1.026948,0.065933,0.332288,1.144371,0.019324,0.365161,1.280431
818,0.003665,0.039491,1.450543,0.024350,-0.067420,1.596985,0.058484,-0.263535,1.840019,0.323725,-0.294875,2.217617,0.340189,-0.056891,1.983726,0.159972,0.092274,1.101803,0.056908,0.139091,1.103302,0.083393,0.117135,0.764084,0.059139,0.175606,0.815809,0.015352,0.215535,1.011509,0.071652,0.186002,0.792927,0.057603,0.253466,1.228778
819,0.000641,0.038138,1.457940,0.025467,-0.067088,1.594400,0.060405,-0.273801,1.850733,0.318659,-0.297020,2.188540,0.325942,-0.057122,1.932248,0.166042,0.091706,1.144027,0.051472,0.141844,1.105083,0.078169,0.120318,0.762819,0.060834,0.173414,0.760730,-0.000647,0.277052,1.314919,0.069628,0.214724,0.898635,0.029600,0.309165,1.328506
820,0.001935,0.031253,1.468000,0.025709,-0.078837,1.610880,0.058510,-0.279264,1.855103,0.317246,-0.303961,2.184716,0.334733,-0.069027,1.979906,0.171234,0.090769,1.171339,0.052274,0.140220,1.108424,0.080163,0.119880,0.772375,0.058619,0.173400,0.804594,0.019111,0.224371,0.998241,0.077381,0.362221,1.407048,0.030088,0.314799,1.395736
821,-0.002846,0.030149,1.478078,0.019816,-0.086226,1.635379,0.054698,-0.280825,1.856483,0.322225,-0.304670,2.191838,0.341015,-0.072478,2.007889,0.171008,0.089409,1.168809,0.051685,0.139533,1.112249,0.080168,0.119317,0.775981,0.058951,0.168051,0.780448,0.016083,0.229820,1.055016,0.079480,0.334814,1.313564,0.038528,0.308517,1.327094
822,-0.000542,0.033622,1.466701,0.024456,-0.077366,1.612683,0.059705,-0.280987,1.853687,0.325199,-0.313238,2.201210,0.337685,-0.068965,2.002054,0.174866,0.087646,1.196332,0.051801,0.141046,1.107359,0.080537,0.120154,0.780141,0.058483,0.176374,0.817080,0.020787,0.241198,1.025130,0.080728,0.360596,1.247486,0.025300,0.359094,1.374507
823,0.001298,0.032194,1.467532,0.022979,-0.077856,1.612520,0.061203,-0.283274,1.857444,0.321122,-0.318142,2.208455,0.326435,-0.067957,1.971200,0.175546,0.086153,1.205218,0.052941,0.139457,1.111929,0.081583,0.120341,0.788358,0.056888,0.169064,0.793076,0.016362,0.238190,1.038826,0.081010,0.409589,1.469858,0.027856,0.350214,1.439457
824,0.005810,0.053815,1.420255,0.019923,-0.081105,1.616692,0.057245,-0.282330,1.853718,0.326471,-0.318694,2.221669,0.319432,-0.052299,1.918016,0.168229,0.088828,1.162238,0.050858,0.139751,1.116940,0.079900,0.120734,0.784939,0.067861,0.174635,0.778534,0.030961,0.246544,1.019905,0.084203,0.430602,1.467387,0.036617,0.368010,1.387057
825,-0.002251,0.034030,1.469048,0.018483,-0.081595,1.619853,0.057214,-0.291202,1.859053,0.319127,-0.312719,2.185651,0.311033,-0.046723,1.899775,0.163568,0.092856,1.143534,0.047132,0.140469,1.116770,0.078433,0.123966,0.805234,0.059656,0.142666,0.641316,0.029770,0.234077,0.941415,0.074341,0.446366,1.445305,0.017906,0.411196,1.438156
826,0.005380,0.057149,1.414640,0.015254,-0.056570,1.581518,0.051727,-0.280091,1.847418,0.318796,-0.318549,2.189239,0.321676,-0.068454,1.963015,0.173842,0.088810,1.186477,0.050298,0.142425,1.103435,0.080670,0.120369,0.787391,0.064333,0.151067,0.692244,0.030779,0.237058,1.002887,0.101803,0.402007,1.468235,0.057161,0.331283,1.383677
827,0.001202,0.038470,1.454624,0.016350,-0.072580,1.601034,0.049377,-0.284154,1.847630,0.320905,-0.321918,2.189350,0.323841,-0.069053,1.958598,0.170561,0.088954,1.183863,0.050907,0.140708,1.110185,0.082060,0.118585,0.783918,0.060835,0.172141,0.795592,0.031509,0.233510,0.965565,0.094579,0.343532,1.353636,0.048089,0.316354,1.316844
828,0.008567,0.055248,1.414687,0.015663,-0.062117,1.587119,0.053950,-0.286446,1.849331,0.319847,-0.330380,2.190006,0.329250,-0.069930,1.962496,0.169962,0.089775,1.182611,0.050297,0.140017,1.112156,0.079885,0.119939,0.787007,0.064139,0.152017,0.689847,0.028781,0.237333,0.971735,0.074266,0.393518,1.286177,0.017597,0.397007,1.385611
829,0.007505,0.054871,1.415901,0.012299,-0.060862,1.585501,0.051186,-0.287941,1.849764,0.323727,-0.337607,2.208502,0.332575,-0.073811,1.993739,0.170748,0.089675,1.179477,0.051280,0.139398,1.110886,0.081621,0.118228,0.789584,0.063619,0.156094,0.695751,0.024076,0.277938,1.191127,0.087826,0.334637,1.339267,0.042332,0.316750,1.404939
830,-0.000916,0.045675,1.445175,0.012368,-0.062702,1.593704,0.054240,-0.296759,1.856450,0.327525,-0.332972,2.205393,0.313824,-0.063333,1.947902,0.170279,0.090142,1.191101,0.043005,0.142134,1.116122,0.077514,0.121738,0.797300,0.060103,0.154115,0.711609,0.019326,0.238889,0.993843,0.084715,0.469079,1.665406,0.024101,0.376390,1.468412
831,0.004971,0.057761,1.413575,0.016983,-0.084095,1.619830,0.054852,-0.303684,1.857265,0.322240,-0.336668,2.191115,0.318637,-0.067853,1.955252,0.167577,0.091458,1.170258,0.046383,0.137868,1.130438,0.080262,0.122291,0.813610,0.060713,0.147517,0.677507,0.027948,0.234029,0.966420,0.080292,0.478116,1.616139,0.014758,0.426585,1.546361
832,-0.001696,0.026082,1.481832,0.013949,-0.085735,1.625745,0.052468,-0.308841,1.862857,0.324868,-0.341460,2.196752,0.330663,-0.074390,1.993623,0.169618,0.090938,1.180163,0.045558,0.136576,1.132037,0.079466,0.120681,0.809243,0.064222,0.146191,0.677342,0.019932,0.259903,1.172708,0.074308,0.554575,1.681383,0.011099,0.477165,1.532063
833,-0.008201,0.023060,1.495421,0.015067,-0.089744,1.630221,0.052787,-0.310232,1.862394,0.328497,-0.342655,2.200734,0.322001,-0.073325,1.986525,0.166316,0.091437,1.166175,0.046367,0.138077,1.126966,0.082355,0.120478,0.813968,0.062223,0.143545,0.631711,0.029894,0.249127,0.971959,0.084351,0.494598,1.655002,0.019297,0.434767,1.532233
834,-0.003981,0.029699,1.483173,0.017269,-0.094393,1.639913,0.055422,-0.319787,1.872999,0.327081,-0.342891,2.201032,0.322791,-0.073691,1.998299,0.171774,0.090165,1.179579,0.044627,0.138246,1.127330,0.078514,0.120656,0.814991,0.059740,0.160123,0.712885,0.021377,0.247374,0.989589,0.068857,0.501188,1.658115,-0.003555,0.450143,1.590564
835,0.001003,0.042497,1.450772,0.017076,-0.084331,1.624705,0.053443,-0.320878,1.874796,0.328655,-0.349540,2.208006,0.317459,-0.069994,1.975124,0.172166,0.089351,1.197790,0.046159,0.135606,1.130913,0.079353,0.119690,0.811610,0.056945,0.131941,0.598851,0.024677,0.267695,1.122192,0.070246,0.496661,1.714287,0.005846,0.433406,1.616943
836,0.001232,0.047767,1.437946,0.018499,-0.066597,1.594685,0.054489,-0.317157,1.873648,0.329239,-0.350560,2.207372,0.319224,-0.076133,2.003306,0.167344,0.090766,1.180296,0.048350,0.136332,1.129104,0.081626,0.120441,0.814023,0.061990,0.158587,0.748447,0.030474,0.240632,0.969219,0.070467,0.524216,1.748248,0.007269,0.443325,1.609871
837,0.003075,0.049174,1.431720,0.017363,-0.067611,1.596411,0.053230,-0.315672,1.867483,0.325944,-0.352033,2.200423,0.321110,-0.085402,2.015492,0.169752,0.089780,1.197694,0.047200,0.136659,1.127075,0.080312,0.119497,0.810643,0.064240,0.151931,0.700424,0.032528,0.233817,0.959249,0.070139,0.558919,1.751040,-0.004924,0.496095,1.660184
838,0.005014,0.050724,1.430684,0.020192,-0.074366,1.608810,0.055383,-0.319337,1.872540,0.328987,-0.354728,2.208153,0.317123,-0.083108,2.009156,0.167021,0.090348,1.177440,0.045857,0.137596,1.128588,0.078687,0.120764,0.811510,0.057554,0.123722,0.583399,0.024261,0.272205,1.167419,0.074681,0.523852,1.748534,0.002351,0.457180,1.623200
839,0.002660,0.059956,1.413024,0.013289,-0.064135,1.592977,0.049566,-0.312995,1.864774,0.335782,-0.357583,2.225262,0.319538,-0.080000,2.011026,0.165403,0.091180,1.167919,0.044655,0.141259,1.119850,0.079371,0.120865,0.806907,0.064153,0.162813,0.749209,0.024985,0.277109,1.095267,0.076900,0.565088,1.727962,0.000876,0.491823,1.595516
840,-0.003240,0.048224,1.438943,0.014223,-0.066123,1.593391,0.051642,-0.311469,1.862288,0.330677,-0.356375,2.219646,0.330377,-0.087952,2.049543,0.165768,0.091683,1.169048,0.049423,0.135751,1.124979,0.082428,0.118305,0.816456,0.063136,0.153845,0.703991,0.038021,0.232726,0.939222,0.081757,0.506663,1.675399,0.027311,0.447615,1.576366
841,0.000064,0.035639,1.464180,0.019548,-0.097043,1.642015,0.061505,-0.325250,1.881078,0.333468,-0.354922,2.216439,0.325897,-0.080550,2.037129,0.167387,0.090941,1.181132,0.045876,0.137426,1.126334,0.078846,0.120977,0.822246,0.058691,0.153218,0.716323,0.025470,0.236025,0.977503,0.076373,0.518120,1.673766,0.013668,0.448184,1.549796
842,0.007819,0.046477,1.433921,0.019296,-0.081094,1.615366,0.062145,-0.326228,1.880774,0.331818,-0.360465,2.218467,0.318581,-0.080815,2.009967,0.164792,0.091043,1.177692,0.043844,0.135619,1.133422,0.076539,0.120030,0.818832,0.056378,0.132279,0.615336,0.026139,0.238394,0.983450,0.070503,0.589930,1.719311,-0.010966,0.512575,1.607860
843,-0.000231,0.043437,1.449623,0.019065,-0.096118,1.642110,0.056208,-0.327487,1.878117,0.332245,-0.362514,2.216475,0.324318,-0.083103,2.049929,0.159054,0.092605,1.139759,0.046259,0.135630,1.131307,0.079912,0.119310,0.809487,0.060983,0.163841,0.740746,0.030746,0.265143,1.102274,0.091099,0.475353,1.629767,0.028979,0.414539,1.523481
844,0.012336,0.062487,1.397305,0.023605,-0.082786,1.617460,0.063758,-0.330731,1.882758,0.336585,-0.368355,2.226061,0.331725,-0.086315,2.060578,0.159013,0.093304,1.128654,0.048637,0.133324,1.132989,0.080896,0.118810,0.821496,0.060142,0.162567,0.747677,0.032528,0.238610,0.963514,0.088979,0.519200,1.689153,0.023412,0.450833,1.554283
845,0.003911,0.058968,1.413574,0.015933,-0.077899,1.614738,0.059634,-0.331507,1.879820,0.338684,-0.373573,2.226620,0.330204,-0.090300,2.067021,0.154246,0.094549,1.103569,0.046351,0.136588,1.128217,0.079771,0.119766,0.820635,0.061733,0.166959,0.757169,0.034721,0.240899,0.970370,0.084914,0.506548,1.664680,0.012369,0.449824,1.560934
846,0.011330,0.070371,1.381845,0.017911,-0.074006,1.603558,0.055595,-0.332699,1.876864,0.341128,-0.383764,2.240207,0.334652,-0.093854,2.091628,0.154550,0.094963,1.109418,0.048678,0.132140,1.137724,0.083705,0.117979,0.822271,0.062387,0.164944,0.760569,0.032844,0.235131,0.983069,0.084838,0.508463,1.702674,0.015894,0.432651,1.576649
847,0.015640,0.068303,1.382979,0.018570,-0.075075,1.607594,0.060545,-0.337528,1.882890,0.339447,-0.379939,2.234330,0.332564,-0.093326,2.088484,0.157578,0.093055,1.121318,0.049581,0.132343,1.135967,0.083956,0.119249,0.841267,0.064172,0.154164,0.719916,0.034428,0.259289,1.107782,0.089563,0.514721,1.642208,0.020323,0.454059,1.525890
848,0.011386,0.065509,1.392527,0.017467,-0.083111,1.619730,0.059337,-0.342692,1.884832,0.337699,-0.381099,2.221816,0.336000,-0.104839,2.092909,0.165466,0.092174,1.173565,0.049464,0.130599,1.141881,0.085778,0.118179,0.853886,0.059426,0.150925,0.700077,0.036437,0.238054,0.955941,0.105224,0.411623,1.581748,0.039539,0.381484,1.529607
849,0.008791,0.061417,1.404661,0.015943,-0.076256,1.611710,0.061755,-0.339158,1.880831,0.337684,-0.383754,2.225568,0.340135,-0.104562,2.107670,0.162872,0.092047,1.156167,0.049778,0.130988,1.141394,0.089058,0.116870,0.857030,0.065986,0.160444,0.761893,0.033943,0.225693,0.957060,0.088098,0.512282,1.516711,0.022982,0.476913,1.498034
850,0.014050,0.074145,1.371392,0.016794,-0.074979,1.607374,0.059421,-0.339950,1.879885,0.340918,-0.386004,2.219882,0.338572,-0.095106,2.070645,0.162238,0.093626,1.151079,0.049162,0.129668,1.146113,0.088753,0.117327,0.861615,0.064420,0.146399,0.698768,0.030510,0.219724,0.972132,0.082461,0.519021,1.545530,0.017841,0.472955,1.533027
851,0.023922,0.077477,1.355188,0.018867,-0.074811,1.607423,0.060161,-0.343893,1.885506,0.338612,-0.389341,2.213459,0.340789,-0.109747,2.094642,0.171211,0.091374,1.192580,0.049272,0.127528,1.150598,0.089504,0.116516,0.868721,0.063960,0.138960,0.659534,0.030699,0.222687,0.995717,0.087162,0.443799,1.481468,0.033112,0.401257,1.480066
852,0.013708,0.068597,1.383977,0.018412,-0.074173,1.604690,0.060648,-0.338975,1.879630,0.339303,-0.399364,2.225338,0.348414,-0.117016,2.131545,0.176180,0.087997,1.232768,0.047611,0.132626,1.138874,0.087897,0.117551,0.864017,0.064370,0.151539,0.708617,0.034631,0.229159,0.960242,0.097419,0.535874,1.570962,0.032020,0.481219,1.493336
853,0.026512,0.087088,1.333264,0.014216,-0.071395,1.601139,0.058488,-0.335653,1.877433,0.341982,-0.393013,2.225601,0.337941,-0.102354,2.097058,0.167048,0.088934,1.165206,0.043199,0.132290,1.151819,0.085910,0.117904,0.859356,0.065669,0.139385,0.672181,0.030575,0.227601,0.981259,0.079662,0.609805,1.638091,0.003175,0.535811,1.529169
854,0.012194,0.078110,1.366863,0.010768,-0.073742,1.607615,0.058512,-0.340626,1.878660,0.337336,-0.399834,2.221148,0.339049,-0.117715,2.136755,0.159037,0.093228,1.138919,0.044225,0.129451,1.160621,0.086477,0.117203,0.868651,0.067155,0.155314,0.730720,0.033197,0.232939,0.970733,0.080252,0.540906,1.606386,-0.000266,0.510560,1.571828
855,0.015395,0.072731,1.372661,0.013982,-0.086982,1.623750,0.058738,-0.346130,1.885201,0.339983,-0.402599,2.224239,0.337673,-0.112458,2.114420,0.161031,0.093965,1.141068,0.048066,0.129545,1.150782,0.089153,0.117323,0.870429,0.062152,0.137213,0.653154,0.028754,0.223855,0.987787,0.083245,0.530925,1.560109,0.017354,0.473772,1.470057
856,0.010271,0.070443,1.382844,0.010503,-0.083278,1.619774,0.057988,-0.346744,1.880858,0.336962,-0.400598,2.217240,0.337670,-0.107493,2.107090,0.160486,0.093877,1.142497,0.045180,0.128858,1.160789,0.089779,0.116574,0.879117,0.064786,0.148333,0.699004,0.033041,0.231340,0.976087,0.085981,0.503525,1.458288,0.019413,0.480978,1.461310
857,0.009073,0.068916,1.388171,0.014565,-0.083316,1.619616,0.054885,-0.354142,1.888861,0.343035,-0.401306,2.222241,0.335944,-0.109986,2.107682,0.161222,0.092944,1.151793,0.045487,0.125494,1.169596,0.089303,0.116922,0.887103,0.062421,0.133293,0.637719,0.031107,0.234150,0.963878,0.070075,0.546133,1.558492,-0.002660,0.504184,1.517628
858,0.016549,0.085142,1.347855,0.014099,-0.074279,1.609744,0.055582,-0.346313,1.884726,0.343670,-0.399251,2.227022,0.334251,-0.107374,2.099807,0.159383,0.093002,1.143893,0.044975,0.126252,1.171367,0.088790,0.116994,0.885948,0.063876,0.148856,0.704810,0.025823,0.228064,0.981605,0.071860,0.562742,1.613098,0.000743,0.494007,1.515528
859,0.012649,0.071080,1.378906,0.015744,-0.069854,1.601496,0.059748,-0.343947,1.878477,0.330085,-0.393431,2.200427,0.327176,-0.102615,2.067755,0.168400,0.090083,1.184061,0.044361,0.130612,1.156084,0.086335,0.117700,0.877292,0.056851,0.124506,0.580101,0.018002,0.232848,1.024921,0.075588,0.591092,1.643029,-0.002476,0.530997,1.575944
860,0.010243,0.066491,1.391541,0.011632,-0.077130,1.611780,0.054822,-0.348092,1.883949,0.337113,-0.409835,2.237717,0.340301,-0.127362,2.154662,0.169885,0.087893,1.195306,0.044268,0.125221,1.176989,0.089073,0.116674,0.894218,0.062614,0.154903,0.723875,0.025677,0.232314,1.003825,0.079410,0.554432,1.564355,0.004804,0.519344,1.523486
861,0.011547,0.066773,1.390027,0.012877,-0.078155,1.613656,0.057092,-0.354353,1.887287,0.333376,-0.404654,2.225476,0.335138,-0.123843,2.137940,0.170447,0.088540,1.201649,0.044181,0.124012,1.179196,0.086654,0.116747,0.900192,0.063672,0.156663,0.729159,0.021782,0.231069,1.016431,0.082894,0.565683,1.577603,0.011204,0.502870,1.489387
862,0.036074,0.084341,1.329589,0.024277,-0.068707,1.595787,0.057992,-0.350119,1.884731,0.335459,-0.400008,2.227632,0.331194,-0.114752,2.104359,0.164867,0.091642,1.167302,0.045724,0.128373,1.161484,0.087282,0.117031,0.874454,0.057655,0.134492,0.624850,0.027703,0.235004,1.030196,0.075500,0.574008,1.624747,-0.007118,0.525904,1.569361
863,-0.015930,0.040809,1.467080,0.015244,-0.082833,1.621735,0.055220,-0.353758,1.892070,0.338795,-0.395929,2.245673,0.345468,-0.116873,2.172012,0.164859,0.090695,1.164176,0.041309,0.131429,1.156271,0.082980,0.118385,0.867877,0.062299,0.159255,0.743623,0.013959,0.241221,1.040692,0.071407,0.601243,1.711797,-0.005944,0.509419,1.530204
864,0.015820,0.063442,1.389789,0.015134,-0.072049,1.601678,0.055917,-0.338079,1.881738,0.337186,-0.389860,2.254074,0.339711,-0.107654,2.119931,0.167048,0.091911,1.170380,0.049641,0.134421,1.135061,0.087007,0.117072,0.839801,0.062611,0.166631,0.762001,0.029381,0.241709,0.992046,0.085193,0.536804,1.513668,0.013655,0.502733,1.498562
865,0.015061,0.059654,1.400149,0.026592,-0.072944,1.599903,0.055474,-0.328983,1.882894,0.335268,-0.364359,2.242978,0.318986,-0.083286,2.041649,0.165707,0.091472,1.158132,0.046420,0.136973,1.130295,0.081966,0.118617,0.815603,0.070394,0.163421,0.735570,0.030700,0.243736,0.993384,0.074144,0.604890,1.803373,0.006897,0.504425,1.601578
866,0.016915,0.052351,1.413080,0.021396,-0.063150,1.592668,0.051118,-0.311423,1.871755,0.332315,-0.349746,2.244243,0.306071,-0.057117,1.942603,0.165662,0.091826,1.160602,0.044964,0.141821,1.117414,0.079478,0.119191,0.792008,0.068336,0.177460,0.768731,0.026107,0.248483,1.003579,0.069119,0.564296,1.763749,-0.008981,0.502428,1.640579
867,0.016872,0.033288,1.452376,0.022868,-0.077516,1.622460,0.049142,-0.302613,1.889053,0.344762,-0.335781,2.325382,0.301739,-0.039638,1.895263,0.170578,0.090194,1.195632,0.045292,0.142399,1.112762,0.077407,0.119214,0.766204,0.070975,0.179334,0.803216,0.028856,0.243798,0.993247,0.066319,0.600956,1.801458,-0.004524,0.503095,1.601233
868,-0.003901,0.048389,1.438213,0.015096,-0.090259,1.645317,0.043605,-0.254003,1.825612,0.322922,-0.279770,2.220365,0.284852,-0.020897,1.811142,0.172574,0.089059,1.192275,0.046884,0.148088,1.086120,0.071874,0.120219,0.746381,0.063789,0.190635,0.885433,0.025739,0.242083,1.027916,0.063397,0.578015,1.763456,0.000516,0.489838,1.596105
869,0.010583,0.020825,1.481330,0.030673,-0.154894,1.745321,0.055895,-0.242769,1.825319,0.319510,-0.274584,2.253298,0.273957,-0.001143,1.722089,0.167801,0.091125,1.151734,0.048072,0.146215,1.095339,0.070152,0.121236,0.743035,0.061821,0.198509,0.863905,0.014084,0.268975,1.196080,0.060867,0.546941,1.772861,0.019398,0.440190,1.551769
870,0.008699,0.042200,1.441841,0.033114,-0.119383,1.688323,0.050323,-0.238743,1.836434,0.309258,-0.247362,2.223998,0.283905,-0.022124,1.782423,0.169413,0.090681,1.156012,0.047931,0.153101,1.073700,0.067038,0.121587,0.721740,0.059887,0.207869,0.872321,0.009232,0.286653,1.213435,0.057881,0.587972,1.749525,0.018662,0.481488,1.510268
871,0.008546,0.059185,1.408182,0.039487,-0.034236,1.541114,0.047417,-0.213535,1.810420,0.306431,-0.222523,2.208333,0.278703,-0.005558,1.712867,0.165368,0.091354,1.139662,0.045734,0.158721,1.071552,0.068039,0.127099,0.734511,0.056453,0.172531,0.721635,0.010032,0.278606,1.140685,0.068469,0.357519,1.158769,0.032302,0.416162,1.343148
872,0.009586,0.077960,1.367643,0.035078,-0.012855,1.505012,0.042920,-0.186223,1.780306,0.291815,-0.195774,2.144107,0.292813,-0.002383,1.747742,0.167425,0.091249,1.126939,0.045901,0.156822,1.074740,0.071186,0.122844,0.713227,0.062281,0.151147,0.668765,0.021949,0.271290,1.104654,0.071874,0.352956,1.130065,0.047810,0.359154,1.168593
873,0.008287,0.059321,1.405567,0.032779,-0.048305,1.553397,0.043660,-0.149465,1.720467,0.288731,-0.178038,2.093769,0.311108,-0.019844,1.804449,0.169158,0.091477,1.141800,0.047981,0.153430,1.070412,0.069717,0.126153,0.711126,0.062252,0.156080,0.675407,0.016127,0.233634,1.018400,0.074008,0.369162,1.174965,0.044601,0.345229,1.120817
874,0.010129,0.056200,1.410406,0.036594,-0.047617,1.553430,0.046964,-0.168912,1.747133,0.296505,-0.187787,2.124230,0.312756,-0.031516,1.858025,0.165874,0.090632,1.126448,0.050884,0.150348,1.080011,0.072127,0.124601,0.712146,0.057078,0.157725,0.683677,0.013567,0.232918,0.987474,0.069589,0.228684,0.852660,0.044428,0.316992,1.140012
875,0.012959,0.054681,1.411927,0.029264,-0.056055,1.569862,0.046411,-0.180885,1.765171,0.298439,-0.193856,2.135325,0.314233,-0.030288,1.862488,0.177514,0.087279,1.181805,0.052496,0.145638,1.096096,0.073916,0.120953,0.712032,0.057327,0.173051,0.761288,-0.001135,0.264076,1.242732,0.071134,0.328399,1.226970,0.027587,0.350563,1.362849
876,0.011924,0.057001,1.406720,0.028278,-0.055796,1.570021,0.044489,-0.181523,1.766356,0.304040,-0.205593,2.157667,0.322055,-0.037076,1.887699,0.182837,0.085173,1.214381,0.048922,0.147896,1.085671,0.071528,0.121381,0.711753,0.058756,0.177593,0.778468,-0.005775,0.283072,1.274928,0.055239,0.412842,1.530343,0.010188,0.370003,1.465117
877,0.014643,0.062697,1.394104,0.032153,-0.047387,1.551301,0.045134,-0.180136,1.764002,0.309128,-0.209680,2.175180,0.317034,-0.035113,1.875203,0.187007,0.081492,1.236020,0.048992,0.148932,1.084836,0.071365,0.120313,0.705296,0.062664,0.200081,0.876881,0.004371,0.254400,1.127640,0.061436,0.451374,1.676932,0.015257,0.367822,1.514823
878,0.021600,0.063304,1.387772,0.033437,-0.054803,1.568160,0.045427,-0.183306,1.769880,0.306628,-0.210631,2.177598,0.309683,-0.029348,1.839185,0.181628,0.082423,1.206013,0.049272,0.149460,1.084155,0.071099,0.122030,0.711015,0.063072,0.178242,0.759828,0.007878,0.246808,1.118234,0.066416,0.394656,1.535490,0.020579,0.338361,1.422832
879,0.020842,0.064487,1.384421,0.031442,-0.049790,1.559960,0.045292,-0.178360,1.763979,0.303982,-0.204213,2.152819,0.317130,-0.032555,1.858716,0.177772,0.086783,1.187131,0.050010,0.148541,1.081271,0.071611,0.122829,0.713751,0.057617,0.161969,0.714327,0.006474,0.245756,1.118817,0.062992,0.345077,1.351965,0.015361,0.336678,1.425431
880,0.018845,0.060086,1.396020,0.031499,-0.059692,1.576661,0.045198,-0.178049,1.757516,0.303708,-0.203292,2.147401,0.316894,-0.037782,1.888225,0.179556,0.086007,1.196965,0.049679,0.146589,1.093712,0.072820,0.123118,0.729660,0.060888,0.164748,0.738128,0.007583,0.238177,1.091169,0.062454,0.365717,1.462100,0.014075,0.336901,1.468197
881,0.023874,0.059797,1.390936,0.037122,-0.056398,1.566306,0.047490,-0.178774,1.761333,0.301903,-0.202349,2.142462,0.325549,-0.039790,1.893871,0.186991,0.085076,1.238193,0.051165,0.147001,1.078841,0.072061,0.120440,0.714512,0.059749,0.167388,0.750715,0.008168,0.237033,1.095472,0.073918,0.336652,1.387225,0.026454,0.324513,1.443942
882,0.026339,0.050408,1.408269,0.039241,-0.071837,1.593968,0.049040,-0.186371,1.770698,0.305839,-0.202277,2.151935,0.329757,-0.045117,1.924507,0.186052,0.081891,1.228820,0.051620,0.145697,1.086837,0.072775,0.121250,0.723929,0.064392,0.189451,0.817838,0.011383,0.239858,1.063517,0.071639,0.276353,1.063773,0.013827,0.360729,1.406128
883,0.021506,0.054470,1.403525,0.042166,-0.069365,1.583894,0.050067,-0.186782,1.771389,0.305857,-0.202207,2.146800,0.318529,-0.034532,1.877854,0.188938,0.081410,1.249044,0.052005,0.144919,1.091694,0.074078,0.121727,0.734545,0.067340,0.169832,0.759608,0.010089,0.235663,1.067113,0.071448,0.335642,1.289867,0.025305,0.335080,1.392832
884,0.022205,0.053223,1.405143,0.040167,-0.064283,1.579482,0.052953,-0.187949,1.772336,0.307505,-0.199109,2.146074,0.327310,-0.037480,1.893371,0.188389,0.082308,1.242899,0.054255,0.143919,1.087001,0.075520,0.121610,0.730994,0.056423,0.158918,0.725764,0.004663,0.257700,1.206431,0.065562,0.176452,0.777972,0.034330,0.300944,1.310479
885,0.018498,0.051469,1.412170,0.039691,-0.062861,1.579694,0.053002,-0.190603,1.776943,0.307121,-0.203278,2.165505,0.330203,-0.043280,1.924149,0.185910,0.081908,1.238217,0.050103,0.147108,1.090090,0.074464,0.123270,0.737125,0.062772,0.167490,0.756174,0.007773,0.238533,1.071483,0.072168,0.369600,1.440448,0.017303,0.330944,1.421407
886,0.024759,0.050650,1.408185,0.038431,-0.078717,1.604719,0.052666,-0.192613,1.780630,0.304512,-0.202212,2.151656,0.313173,-0.031270,1.855835,0.188003,0.083084,1.240781,0.052192,0.145606,1.092384,0.075987,0.123052,0.742419,0.055165,0.179165,0.823702,0.005383,0.232902,1.098660,0.071626,0.266673,1.061854,0.038123,0.310464,1.289812
887,0.024592,0.054506,1.400586,0.040549,-0.067683,1.582414,0.055057,-0.188367,1.774574,0.306545,-0.200519,2.148385,0.321505,-0.031001,1.869973,0.184752,0.082803,1.242543,0.053479,0.146246,1.081728,0.075377,0.121355,0.723835,0.057292,0.186682,0.859145,0.007290,0.234573,1.106094,0.076657,0.316115,1.345053,0.027352,0.310557,1.423502
888,0.018786,0.048897,1.417173,0.038391,-0.070596,1.590832,0.055132,-0.190779,1.776912,0.305437,-0.204619,2.162956,0.316722,-0.037131,1.887182,0.186828,0.081997,1.238015,0.051471,0.144989,1.094723,0.073853,0.123291,0.736905,0.062277,0.174478,0.761647,-0.000143,0.267002,1.257397,0.080177,0.367624,1.530315,0.026978,0.317744,1.427409
889,0.019036,0.055721,1.404162,0.041182,-0.053620,1.561166,0.054918,-0.189122,1.772757,0.304227,-0.198817,2.147401,0.310158,-0.020566,1.823564,0.182213,0.084053,1.226488,0.049910,0.147663,1.089051,0.074504,0.124226,0.739845,0.062601,0.167115,0.733646,0.009324,0.232003,1.061082,0.067866,0.192524,0.810470,0.028968,0.297799,1.238292
890,0.022392,0.051855,1.409204,0.038332,-0.080090,1.604559,0.053813,-0.194700,1.780957,0.294297,-0.199032,2.133467,0.310233,-0.022815,1.828981,0.182884,0.084856,1.229358,0.050805,0.146906,1.084537,0.073282,0.121627,0.733546,0.057495,0.181733,0.835179,0.010475,0.232891,1.085100,0.076608,0.279054,1.109931,0.042280,0.328700,1.321019
891,0.016344,0.058975,1.400440,0.042258,-0.056974,1.567988,0.051394,-0.189789,1.774366,0.305332,-0.203499,2.155789,0.305350,-0.031494,1.864236,0.191787,0.077545,1.266456,0.050595,0.146968,1.085489,0.072715,0.120836,0.732657,0.060613,0.157084,0.702427,0.008927,0.237122,1.082315,0.059978,0.101695,0.451545,0.033726,0.291680,1.048803
892,0.018419,0.059201,1.397651,0.042414,-0.052808,1.557704,0.050846,-0.193589,1.777745,0.301784,-0.201025,2.146731,0.310415,-0.032498,1.884770,0.196070,0.076649,1.294079,0.051128,0.147085,1.084491,0.072713,0.121003,0.728119,0.061962,0.169002,0.744465,0.009149,0.239901,1.067907,0.067715,0.187702,0.810429,0.036941,0.290174,1.191494
893,0.019722,0.058700,1.397481,0.033766,-0.053707,1.563699,0.050029,-0.190713,1.773732,0.305334,-0.197510,2.144540,0.303870,-0.028479,1.857771,0.196304,0.076525,1.298207,0.050960,0.145374,1.090370,0.073253,0.120617,0.732126,0.062875,0.165428,0.739551,0.010276,0.239037,1.064327,0.071865,0.243311,1.014844,0.029890,0.302361,1.286898
894,0.016179,0.060631,1.396309,0.034124,-0.051328,1.556232,0.049372,-0.191008,1.774625,0.305528,-0.197467,2.140649,0.304573,-0.030516,1.870312,0.200659,0.075040,1.319463,0.049455,0.146380,1.087828,0.073100,0.120080,0.732022,0.062581,0.161611,0.723589,0.011361,0.241460,1.058383,0.078253,0.359846,1.332447,0.031598,0.348917,1.371103
895,0.017485,0.059476,1.397827,0.042050,-0.053773,1.559478,0.052889,-0.192971,1.778232,0.302403,-0.196590,2.141414,0.306416,-0.029137,1.860142,0.191617,0.077150,1.267274,0.051940,0.146881,1.077537,0.072055,0.120298,0.725316,0.062120,0.162424,0.709393,0.011717,0.234275,1.022523,0.064763,0.145184,0.600975,0.035863,0.294274,1.077006
896,0.021147,0.058888,1.395250,0.041893,-0.047956,1.548324,0.053003,-0.190755,1.774746,0.308131,-0.203616,2.157894,0.305545,-0.026439,1.847558,0.185909,0.082503,1.230331,0.051172,0.147471,1.078981,0.072441,0.120207,0.721620,0.068633,0.173705,0.760414,0.013236,0.235779,1.064738,0.074247,0.235832,1.037365,0.039731,0.287324,1.296354
897,0.020970,0.056028,1.401501,0.039348,-0.051596,1.557842,0.052366,-0.190884,1.776547,0.311358,-0.207507,2.174620,0.308629,-0.027975,1.857088,0.180855,0.082891,1.198215,0.051951,0.146870,1.081644,0.073011,0.119909,0.721006,0.067826,0.172489,0.757400,0.012765,0.237764,1.071532,0.061896,0.136640,0.633689,0.037637,0.279290,1.190687
898,0.019496,0.059980,1.393838,0.037198,-0.052586,1.558293,0.051177,-0.188461,1.772797,0.307513,-0.202572,2.149958,0.305072,-0.026330,1.839935,0.181730,0.085979,1.215208,0.049512,0.147653,1.084650,0.072004,0.121598,0.719699,0.066570,0.166585,0.758548,0.009418,0.239911,1.080564,0.077587,0.372743,1.430040,0.007074,0.370732,1.466669
899,0.021459,0.054610,1.403560,0.044123,-0.055001,1.564059,0.055675,-0.195399,1.781897,0.305859,-0.206413,2.151153,0.319283,-0.036998,1.892116,0.193420,0.080369,1.271526,0.050267,0.143790,1.091473,0.071560,0.121734,0.730240,0.061961,0.172236,0.793041,0.009370,0.235677,1.086928,0.074101,0.417280,1.585256,0.024827,0.351769,1.455333
900,0.020479,0.055627,1.403524,0.042545,-0.049209,1.552391,0.053403,-0.190393,1.775807,0.306369,-0.206607,2.156282,0.319698,-0.038208,1.909947,0.185408,0.081453,1.228816,0.051194,0.147077,1.082935,0.073835,0.121978,0.730808,0.065332,0.164878,0.738530,0.005859,0.260263,1.202972,0.071340,0.222417,0.889321,0.038703,0.323131,1.272807
901,0.019473,0.057078,1.399282,0.044341,-0.052181,1.559169,0.056047,-0.191963,1.779871,0.305939,-0.204884,2.148656,0.317897,-0.030242,1.866845,0.182364,0.086140,1.214396,0.053618,0.145141,1.084792,0.075100,0.120876,0.724776,0.066120,0.180749,0.807128,0.007338,0.242289,1.088880,0.085180,0.378771,1.446135,0.034394,0.332799,1.424102
902,0.019994,0.051004,1.410542,0.042661,-0.057454,1.564751,0.055835,-0.191018,1.779170,0.305336,-0.205033,2.153179,0.318307,-0.033498,1.883414,0.183079,0.084809,1.218193,0.054388,0.146658,1.077469,0.075244,0.121571,0.723287,0.064633,0.165391,0.741729,0.006761,0.237431,1.103054,0.079998,0.277376,1.086750,0.044255,0.320898,1.311217
903,0.023482,0.044080,1.422395,0.040588,-0.073459,1.595094,0.058210,-0.194256,1.779671,0.308744,-0.203076,2.158381,0.316717,-0.029456,1.854330,0.179461,0.085160,1.195334,0.052787,0.146990,1.086430,0.074648,0.122608,0.727979,0.067709,0.176446,0.784299,-0.000008,0.264823,1.247558,0.083628,0.313335,1.203437,0.043202,0.317094,1.323453
904,0.024186,0.048737,1.414876,0.039248,-0.072452,1.598918,0.054688,-0.192891,1.778327,0.308874,-0.196506,2.146509,0.315312,-0.025310,1.863726,0.178028,0.085548,1.181927,0.050915,0.147306,1.087665,0.074476,0.123501,0.732740,0.063481,0.173648,0.752123,0.010008,0.230792,1.027277,0.077847,0.211169,0.961119,0.045620,0.284635,1.290762
905,0.022711,0.072417,1.366492,0.038071,-0.024911,1.516677,0.053727,-0.186795,1.772987,0.309184,-0.205222,2.162189,0.305624,-0.015401,1.815021,0.174604,0.089238,1.169767,0.051923,0.145662,1.084089,0.075026,0.120058,0.724807,0.057733,0.185633,0.853491,0.005739,0.233920,1.102025,0.073960,0.295494,1.123999,0.041094,0.337283,1.323584
906,0.020598,0.056009,1.400535,0.040450,-0.048450,1.551019,0.054980,-0.189756,1.774562,0.305188,-0.201687,2.152334,0.311710,-0.024684,1.854911,0.179180,0.085918,1.193121,0.051746,0.146082,1.084627,0.074122,0.121652,0.730021,0.065788,0.187205,0.833206,0.008782,0.237286,1.095006,0.073693,0.287689,1.151237,0.026095,0.331670,1.375376
907,0.021792,0.053628,1.404818,0.038904,-0.040972,1.541415,0.056070,-0.190345,1.776479,0.304987,-0.200150,2.143861,0.306566,-0.024188,1.836792,0.185911,0.083754,1.226492,0.052213,0.146652,1.080930,0.074683,0.121536,0.728878,0.065047,0.171914,0.770085,0.009530,0.233646,1.080198,0.077450,0.355059,1.399987,0.027482,0.335519,1.421157
908,0.018195,0.050965,1.414441,0.039358,-0.052334,1.561303,0.054192,-0.190776,1.777495,0.310613,-0.203061,2.160643,0.317761,-0.029715,1.872305,0.183034,0.084357,1.211596,0.049883,0.147952,1.086498,0.074413,0.122229,0.729642,0.067766,0.171444,0.767545,0.009241,0.238233,1.088173,0.070974,0.251942,1.000246,0.031855,0.318107,1.312264
909,0.024231,0.058091,1.393462,0.040964,-0.054771,1.561438,0.054718,-0.187745,1.774040,0.310513,-0.203286,2.153805,0.304389,-0.023928,1.837332,0.189907,0.081433,1.256290,0.052226,0.146157,1.079773,0.075260,0.120343,0.724510,0.056046,0.182802,0.842600,0.008374,0.232476,1.090965,0.076532,0.333073,1.280926,0.035670,0.331309,1.379534
910,0.019639,0.054755,1.404573,0.040942,-0.053505,1.563036,0.055721,-0.192147,1.779367,0.311390,-0.202308,2.158834,0.315007,-0.031511,1.869034,0.193589,0.080443,1.272900,0.049978,0.147068,1.090480,0.074022,0.122388,0.732194,0.057317,0.152666,0.704390,0.010967,0.234162,1.069152,0.065210,0.169037,0.727502,0.040529,0.277035,1.137346
911,0.022558,0.047604,1.416567,0.042364,-0.056400,1.566621,0.055945,-0.191357,1.777704,0.314779,-0.198540,2.163414,0.315673,-0.029581,1.869052,0.193230,0.079811,1.261906,0.049343,0.147545,1.092974,0.073095,0.123721,0.736850,0.055202,0.178485,0.833565,0.007660,0.233700,1.089757,0.064116,0.155102,0.679881,0.038502,0.289678,1.175164
912,0.025731,0.043562,1.421311,0.048954,-0.069978,1.586653,0.061627,-0.198073,1.788787,0.311674,-0.196727,2.159182,0.309833,-0.019915,1.805817,0.190287,0.080267,1.239033,0.049816,0.145456,1.097012,0.072528,0.124920,0.739378,0.052051,0.163284,0.747132,0.007481,0.233092,1.069633,0.063761,0.158693,0.697070,0.039452,0.270333,1.095678
913,0.027281,0.049364,1.408202,0.042441,-0.072773,1.589907,0.059774,-0.197689,1.788082,0.308885,-0.194532,2.145088,0.316082,-0.021331,1.829387,0.185156,0.082728,1.220541,0.050482,0.145842,1.095596,0.072964,0.122999,0.736950,0.054290,0.180849,0.844320,0.005147,0.233868,1.083435,0.060560,0.146930,0.635104,0.044450,0.266161,1.008617
914,0.027803,0.045123,1.416592,0.043247,-0.073211,1.593971,0.062782,-0.203524,1.797622,0.311186,-0.195127,2.152987,0.313482,-0.027202,1.824131,0.186357,0.081438,1.223378,0.051452,0.143350,1.100073,0.073787,0.122568,0.735862,0.055756,0.185279,0.859377,0.009317,0.231476,1.079808,0.067904,0.255966,0.993739,0.036524,0.329382,1.250855
915,0.029528,0.045087,1.414898,0.049864,-0.071491,1.582723,0.063805,-0.200055,1.793020,0.310776,-0.193280,2.144529,0.308202,-0.022496,1.800876,0.190959,0.080263,1.254788,0.050514,0.144502,1.096339,0.073148,0.122910,0.735050,0.052426,0.183353,0.853181,0.010280,0.230030,1.070593,0.066055,0.152661,0.636048,0.049822,0.273550,1.005202
916,0.029810,0.048941,1.406528,0.047412,-0.068940,1.582516,0.061320,-0.197762,1.789981,0.310805,-0.197057,2.149625,0.322515,-0.034204,1.869574,0.198888,0.077748,1.307343,0.049932,0.146155,1.096499,0.073390,0.121598,0.736045,0.054387,0.188663,0.872448,0.012563,0.232603,1.065661,0.069925,0.198192,0.784184,0.046416,0.324510,1.209987
917,0.027243,0.044080,1.418075,0.043350,-0.070376,1.582266,0.063119,-0.198048,1.791406,0.313905,-0.199971,2.161364,0.324018,-0.037036,1.866772,0.204080,0.074871,1.333352,0.051237,0.145027,1.093069,0.074666,0.122270,0.734031,0.056358,0.183003,0.847813,0.010319,0.230736,1.077285,0.077202,0.290900,1.065936,0.046398,0.347159,1.252231
918,0.027039,0.048867,1.409800,0.051385,-0.063355,1.575202,0.061510,-0.195044,1.787639,0.313598,-0.197646,2.154871,0.333635,-0.041612,1.893808,0.212939,0.070829,1.364893,0.049864,0.146276,1.096515,0.072617,0.124179,0.741315,0.054062,0.168997,0.787564,0.013391,0.230438,1.065578,0.062985,0.137593,0.571027,0.041278,0.273066,1.039103
919,0.026384,0.052289,1.403529,0.046666,-0.051972,1.559958,0.060831,-0.190795,1.779347,0.313836,-0.201399,2.157479,0.337163,-0.047007,1.902532,0.200217,0.072533,1.302249,0.048715,0.146829,1.093350,0.072530,0.124675,0.747173,0.056985,0.173465,0.817087,0.011670,0.230616,1.070961,0.058451,0.114110,0.507835,0.045763,0.248397,1.017378
920,0.024444,0.056698,1.395193,0.048746,-0.024675,1.509638,0.059971,-0.185991,1.775203,0.312790,-0.202871,2.156964,0.334448,-0.050683,1.895836,0.201353,0.075575,1.303406,0.049777,0.147913,1.085766,0.074799,0.121203,0.729918,0.059622,0.183463,0.849090,0.009269,0.232710,1.095418,0.065907,0.207437,0.826027,0.033223,0.318679,1.244729
921,0.024835,0.048482,1.411248,0.047909,-0.069052,1.582528,0.062135,-0.194654,1.787600,0.315569,-0.206041,2.160879,0.342861,-0.056442,1.932871,0.208942,0.071332,1.341190,0.049575,0.144930,1.096796,0.073683,0.122584,0.740427,0.054212,0.182782,0.845901,0.006169,0.234258,1.093440,0.067273,0.201495,0.815492,0.037399,0.303485,1.224331
922,0.022726,0.053651,1.402476,0.046580,-0.053382,1.555700,0.060143,-0.186714,1.776262,0.317364,-0.205756,2.160867,0.334922,-0.050649,1.913027,0.208747,0.071605,1.334495,0.048554,0.147479,1.091601,0.074179,0.123093,0.737938,0.063701,0.174761,0.775983,0.006074,0.241726,1.119333,0.070129,0.229178,0.840032,0.039905,0.325817,1.107447
923,0.023406,0.049708,1.409819,0.046013,-0.054064,1.551732,0.060575,-0.189295,1.781367,0.316481,-0.205925,2.166194,0.330251,-0.044962,1.883301,0.197208,0.074280,1.284456,0.048068,0.146652,1.098996,0.071954,0.124766,0.743317,0.056541,0.183182,0.836625,0.005840,0.241192,1.108112,0.067854,0.212309,0.903764,0.033146,0.273460,1.181330
924,0.021768,0.052817,1.405847,0.039883,-0.052203,1.554872,0.060719,-0.188049,1.779503,0.320360,-0.206388,2.163035,0.328663,-0.040935,1.873324,0.202174,0.074083,1.301635,0.050740,0.146745,1.087283,0.074920,0.120403,0.723100,0.056267,0.194959,0.880302,0.005312,0.243305,1.123717,0.080437,0.248981,1.066688,0.042125,0.293045,1.319303
925,0.026287,0.050643,1.406243,0.046794,-0.069729,1.576280,0.062539,-0.193416,1.784876,0.321488,-0.210521,2.177652,0.327356,-0.046910,1.903493,0.199730,0.075634,1.290359,0.049220,0.142375,1.103779,0.075190,0.122678,0.738932,0.061252,0.166763,0.757888,0.007528,0.233072,1.091954,0.058481,0.128019,0.581857,0.033885,0.248059,1.008144
926,0.027622,0.047994,1.410846,0.053017,-0.061316,1.565825,0.064095,-0.191554,1.781972,0.319420,-0.211498,2.167635,0.347323,-0.057893,1.952014,0.203493,0.074915,1.314410,0.052793,0.141496,1.095785,0.076235,0.122668,0.748904,0.053004,0.153848,0.713618,0.007241,0.227521,1.088751,0.064548,0.188232,0.814503,0.034498,0.284837,1.182373
927,0.020609,0.049005,1.413732,0.045686,-0.054541,1.548440,0.061035,-0.189874,1.781645,0.321316,-0.212778,2.183036,0.356420,-0.065045,1.989472,0.205606,0.072340,1.326545,0.051110,0.141824,1.097712,0.074476,0.121941,0.750794,0.055655,0.161976,0.748733,0.007372,0.231651,1.076096,0.064673,0.168587,0.745129,0.034106,0.268397,1.141471
928,0.026738,0.050996,1.405120,0.048790,-0.054684,1.553385,0.063281,-0.188528,1.777825,0.315913,-0.210088,2.156066,0.349918,-0.058412,1.956409,0.209701,0.072322,1.344611,0.053260,0.143468,1.084238,0.075678,0.121278,0.737494,0.056716,0.167445,0.773532,0.008258,0.234209,1.091164,0.067989,0.196895,0.868358,0.034683,0.269527,1.189166
929,0.025389,0.053553,1.401335,0.046166,-0.054557,1.553319,0.062202,-0.190760,1.781342,0.319636,-0.215150,2.180342,0.345336,-0.061668,1.970339,0.203336,0.072691,1.313619,0.053328,0.144799,1.080007,0.073798,0.121170,0.726016,0.056625,0.169607,0.778384,0.006872,0.234843,1.100136,0.058050,0.106845,0.491077,0.034253,0.254965,1.039490
930,0.023571,0.053997,1.402481,0.046316,-0.051560,1.556734,0.062244,-0.192721,1.784911,0.318446,-0.208641,2.174083,0.339570,-0.049510,1.925069,0.203236,0.073863,1.299532,0.051241,0.144976,1.090526,0.073343,0.123255,0.741530,0.064796,0.163973,0.729192,0.006002,0.237028,1.106282,0.068480,0.246291,1.050673,0.017017,0.309569,1.371246
931,0.027836,0.053604,1.399401,0.054135,-0.055799,1.549016,0.062780,-0.193490,1.784681,0.320846,-0.210431,2.180195,0.352479,-0.056169,1.963049,0.201859,0.073411,1.303171,0.051887,0.141890,1.100386,0.074731,0.122133,0.747839,0.055171,0.173266,0.790620,0.002058,0.238043,1.135800,0.066167,0.159061,0.670226,0.039572,0.276130,1.135429
932,0.020659,0.053814,1.405402,0.047832,-0.051062,1.549576,0.063632,-0.193638,1.787956,0.325012,-0.211297,2.188406,0.361951,-0.064923,2.006497,0.197523,0.075370,1.277566,0.051075,0.141346,1.103795,0.075605,0.121463,0.753726,0.053749,0.202842,0.936353,0.005526,0.240137,1.125051,0.078489,0.361964,1.333404,0.030468,0.361057,1.404918
933,0.019435,0.053787,1.406596,0.051580,-0.051798,1.549507,0.066578,-0.197402,1.794313,0.318524,-0.200870,2.159674,0.338963,-0.043953,1.890380,0.188288,0.083243,1.226498,0.051668,0.142473,1.100216,0.075869,0.123714,0.751162,0.054488,0.187097,0.852598,0.004806,0.238635,1.112856,0.075037,0.321889,1.281301,0.026246,0.320055,1.396244
934,0.024537,0.054887,1.399902,0.050747,-0.046251,1.544839,0.067118,-0.194008,1.790413,0.318729,-0.201552,2.156268,0.337955,-0.044134,1.891569,0.184721,0.085379,1.219395,0.050648,0.142492,1.104401,0.075834,0.124114,0.749430,0.055150,0.174901,0.787558,0.004645,0.238607,1.111738,0.065211,0.247949,0.911185,0.015576,0.344748,1.276662
935,0.027575,0.050510,1.405725,0.049891,-0.056916,1.559179,0.064372,-0.192517,1.787107,0.313615,-0.202536,2.158232,0.348882,-0.050827,1.940722,0.188041,0.083844,1.237234,0.049550,0.144641,1.103407,0.075230,0.124363,0.752392,0.057140,0.174924,0.784761,0.008133,0.238693,1.091500,0.066844,0.277341,1.055976,0.025357,0.327949,1.271612
936,0.026075,0.062196,1.383768,0.047243,-0.036660,1.529960,0.063364,-0.187922,1.777199,0.320837,-0.203312,2.167036,0.314268,-0.025478,1.810902,0.189640,0.082844,1.242026,0.049584,0.147891,1.086155,0.075542,0.122860,0.736714,0.056910,0.162686,0.741221,0.012970,0.236831,1.095357,0.066510,0.156598,0.627038,0.048132,0.273298,1.010458
937,0.026477,0.055243,1.396738,0.050607,-0.046116,1.541658,0.066456,-0.193523,1.786033,0.318334,-0.206782,2.166516,0.332019,-0.040535,1.877503,0.191110,0.082585,1.245770,0.050379,0.144072,1.097375,0.075383,0.121452,0.740681,0.057327,0.170390,0.794427,0.011678,0.236150,1.108641,0.067822,0.232742,0.887784,0.031271,0.329925,1.215507
938,0.026515,0.050835,1.405638,0.050883,-0.040895,1.536389,0.066347,-0.197262,1.792994,0.319133,-0.205519,2.170175,0.334715,-0.042175,1.879071,0.193102,0.081211,1.251929,0.048714,0.145392,1.098454,0.074241,0.124938,0.751556,0.053912,0.157179,0.720503,0.014478,0.229386,1.042861,0.067355,0.200228,0.773130,0.034687,0.309598,1.101060
939,0.026832,0.058736,1.390108,0.050504,-0.035757,1.528214,0.065829,-0.191564,1.783499,0.316762,-0.202825,2.156927,0.339573,-0.046054,1.893434,0.191668,0.081365,1.260394,0.050346,0.147328,1.084583,0.074409,0.122984,0.737363,0.056485,0.168337,0.766833,0.008240,0.238602,1.108333,0.069849,0.194719,0.777453,0.040409,0.316788,1.170051
940,0.023204,0.055011,1.400543,0.049034,-0.033747,1.524202,0.064751,-0.193070,1.783993,0.318954,-0.205943,2.160963,0.334398,-0.045883,1.886886,0.192694,0.081226,1.257955,0.048786,0.146582,1.095474,0.073104,0.124800,0.748557,0.055627,0.154831,0.711854,0.012608,0.228071,1.039511,0.071532,0.246268,0.956672,0.025929,0.330619,1.273426
941,0.028010,0.051891,1.402313,0.057481,-0.045602,1.540756,0.066843,-0.194076,1.785373,0.318065,-0.205537,2.159977,0.348422,-0.053539,1.939185,0.194808,0.079827,1.274761,0.051938,0.145996,1.083019,0.073498,0.121821,0.727588,0.052996,0.132999,0.616331,0.012748,0.230284,1.065125,0.063719,0.139805,0.605644,0.039479,0.270925,1.036021
942,0.029448,0.049154,1.406561,0.049559,-0.047484,1.548687,0.067561,-0.198428,1.793650,0.315308,-0.207170,2.156618,0.341440,-0.054244,1.924195,0.197004,0.079524,1.282291,0.049114,0.144368,1.101561,0.072017,0.125148,0.755266,0.061960,0.144445,0.653628,0.007054,0.238220,1.098950,0.074459,0.222979,0.940097,0.022705,0.297934,1.243046
943,0.022166,0.055627,1.400396,0.053805,-0.031503,1.520644,0.063649,-0.185805,1.775699,0.318138,-0.206882,2.163955,0.337603,-0.046152,1.901201,0.200124,0.078423,1.297694,0.049737,0.147152,1.087632,0.075093,0.123078,0.739317,0.058392,0.165722,0.763967,0.007996,0.241476,1.103228,0.076145,0.383048,1.420867,0.024772,0.353111,1.426549
944,0.028274,0.054136,1.397787,0.055172,-0.040338,1.533938,0.066565,-0.192516,1.785402,0.317479,-0.206648,2.164651,0.331329,-0.042519,1.877274,0.194867,0.080603,1.268812,0.049562,0.146286,1.096052,0.074206,0.125072,0.746789,0.054345,0.163905,0.757545,0.009518,0.237354,1.094581,0.071214,0.291699,0.995598,0.027542,0.336269,1.177248
945,0.028690,0.053840,1.398523,0.058463,-0.034675,1.524323,0.064115,-0.187353,1.777774,0.313047,-0.204544,2.155308,0.344403,-0.051816,1.926098,0.200254,0.078074,1.304262,0.050761,0.146440,1.087172,0.073310,0.123572,0.741500,0.054174,0.159061,0.722142,0.011550,0.234878,1.077945,0.070834,0.333178,1.256501,0.023728,0.333077,1.348261
946,0.029484,0.060635,1.384049,0.057603,-0.024043,1.504231,0.063005,-0.185636,1.774728,0.320642,-0.209176,2.181204,0.339654,-0.049036,1.922386,0.197456,0.078733,1.279446,0.050841,0.145907,1.085465,0.074227,0.121500,0.728791,0.056578,0.159612,0.743545,0.007032,0.260862,1.229890,0.067866,0.256136,0.916784,0.027629,0.363577,1.278433
947,0.029067,0.051067,1.403385,0.052382,-0.043788,1.542331,0.061934,-0.194591,1.786174,0.316814,-0.207450,2.162405,0.337169,-0.050155,1.921118,0.192465,0.080203,1.261066,0.049832,0.144995,1.091048,0.072296,0.122847,0.732911,0.058560,0.153479,0.687024,0.008578,0.241654,1.089335,0.062837,0.166912,0.704181,0.028955,0.259824,1.016625
948,0.030275,0.047144,1.410743,0.047067,-0.045844,1.550336,0.062401,-0.192085,1.783343,0.321297,-0.211174,2.174550,0.340670,-0.049572,1.925910,0.191879,0.080409,1.262358,0.049444,0.145360,1.091120,0.072513,0.121455,0.729429,0.058002,0.161925,0.739092,0.010416,0.235643,1.090859,0.079087,0.291317,1.143625,0.038059,0.321656,1.309550
949,0.023719,0.054532,1.401166,0.044155,-0.034298,1.531928,0.058901,-0.186686,1.773773,0.323460,-0.216106,2.182281,0.328097,-0.045410,1.918398,0.191963,0.081605,1.255565,0.049794,0.146964,1.083576,0.072100,0.121687,0.723121,0.056511,0.167328,0.757042,0.012812,0.231127,1.065443,0.072714,0.220757,0.871400,0.034114,0.324554,1.276098
950,0.023735,0.052821,1.404734,0.044935,-0.033687,1.528095,0.058464,-0.187745,1.774092,0.322609,-0.219033,2.178585,0.328646,-0.042444,1.900560,0.191930,0.082266,1.249925,0.048865,0.145722,1.091476,0.071115,0.122309,0.727741,0.055810,0.169666,0.762052,0.007778,0.239330,1.101861,0.072935,0.325466,1.227049,0.011130,0.357318,1.405950
951,0.022566,0.053702,1.404150,0.043716,-0.037099,1.535052,0.058306,-0.189072,1.777170,0.317963,-0.221008,2.182443,0.325952,-0.045043,1.896781,0.186364,0.083222,1.221944,0.047592,0.146575,1.090553,0.069962,0.121893,0.724692,0.056610,0.165574,0.748318,0.010606,0.232696,1.059107,0.068789,0.230055,0.889739,0.023442,0.339314,1.279115
952,0.023863,0.051954,1.406964,0.041667,-0.045437,1.550663,0.058153,-0.191327,1.777774,0.320504,-0.218528,2.181123,0.322654,-0.043403,1.887813,0.184593,0.084741,1.212741,0.047370,0.146798,1.091881,0.069963,0.122565,0.728598,0.055242,0.161781,0.724664,0.010081,0.231280,1.048838,0.067719,0.217864,0.853488,0.025423,0.310045,1.166568
953,0.021009,0.051143,1.410432,0.040101,-0.048968,1.553259,0.058234,-0.193110,1.781693,0.315191,-0.219131,2.173236,0.327275,-0.045639,1.891993,0.183215,0.085275,1.198923,0.048513,0.148200,1.084338,0.070363,0.121042,0.715297,0.057077,0.184664,0.832858,0.011931,0.234866,1.070901,0.069095,0.225861,0.863627,0.032136,0.341290,1.259304
954,0.021069,0.052878,1.409918,0.042757,-0.044352,1.552781,0.057073,-0.191953,1.779157,0.315331,-0.219402,2.180890,0.325602,-0.038530,1.891410,0.177580,0.086096,1.168353,0.047963,0.149601,1.081927,0.069047,0.120710,0.711807,0.060004,0.180108,0.824776,0.011134,0.238487,1.076906,0.064301,0.175148,0.743678,0.034549,0.297751,1.191319
955,0.018639,0.060502,1.394549,0.038470,-0.023329,1.518697,0.051189,-0.184898,1.769072,0.316491,-0.220457,2.183757,0.323004,-0.036561,1.876846,0.175813,0.088456,1.159617,0.046605,0.148317,1.090274,0.068755,0.122503,0.717533,0.061176,0.172761,0.753885,0.009696,0.239966,1.081647,0.069739,0.278679,1.155007,0.018680,0.326373,1.375325
956,0.018847,0.059024,1.397382,0.044309,-0.012236,1.499266,0.053555,-0.188279,1.774024,0.308940,-0.217004,2.162231,0.320405,-0.040262,1.877479,0.179468,0.086627,1.173201,0.046801,0.147131,1.090599,0.068400,0.121867,0.718189,0.054027,0.174784,0.801877,0.008750,0.237935,1.101330,0.064669,0.189683,0.836519,0.021578,0.311357,1.306440
957,0.019222,0.053325,1.407806,0.042618,-0.029497,1.524884,0.052841,-0.192672,1.780762,0.308488,-0.216344,2.156567,0.326204,-0.039150,1.888276,0.180955,0.085710,1.198963,0.046962,0.149220,1.080775,0.067700,0.121845,0.714414,0.056049,0.160938,0.741592,0.010343,0.239973,1.085325,0.066221,0.188427,0.885979,0.024179,0.286920,1.308580
958,0.017012,0.054632,1.408396,0.038224,-0.037125,1.538491,0.050119,-0.190964,1.779183,0.311265,-0.221170,2.167009,0.324692,-0.041644,1.894275,0.180268,0.085650,1.194308,0.048342,0.147775,1.080098,0.069146,0.119861,0.703920,0.060843,0.179517,0.819058,0.014036,0.241461,1.070841,0.076615,0.372303,1.402317,0.023363,0.366149,1.419070
959,0.019887,0.055186,1.404970,0.040734,-0.040197,1.544545,0.048419,-0.185242,1.769303,0.311430,-0.225474,2.171639,0.324587,-0.045055,1.900386,0.181624,0.085212,1.191042,0.046252,0.150795,1.077198,0.068082,0.120305,0.702194,0.064991,0.161320,0.708022,0.011719,0.240907,1.074301,0.067265,0.242422,1.046691,0.015709,0.313770,1.362963
960,0.016837,0.062619,1.392578,0.041065,-0.022898,1.513643,0.048067,-0.184824,1.767554,0.309741,-0.221617,2.162182,0.322739,-0.044004,1.899475,0.180864,0.085625,1.194705,0.047038,0.148850,1.082024,0.068781,0.119958,0.701212,0.064996,0.173274,0.764109,0.009205,0.241050,1.098432,0.070127,0.314070,1.161086,0.014342,0.379335,1.402118
961,0.018409,0.057336,1.400967,0.039504,-0.037214,1.535285,0.049365,-0.187503,1.770141,0.306076,-0.223493,2.155271,0.323506,-0.046185,1.901881,0.182750,0.086302,1.204721,0.047709,0.148311,1.080147,0.069466,0.120430,0.701454,0.061531,0.165696,0.742800,0.002008,0.270474,1.254757,0.069165,0.287458,1.058947,0.016800,0.365271,1.364865
962,0.017081,0.054992,1.406726,0.038056,-0.041954,1.546847,0.048172,-0.188048,1.771786,0.303789,-0.223655,2.154766,0.334090,-0.053322,1.932163,0.182613,0.085685,1.212567,0.047928,0.150676,1.068577,0.069718,0.120603,0.695812,0.056348,0.149360,0.691313,0.010952,0.238531,1.065148,0.070150,0.321738,1.262558,0.020561,0.338074,1.403984
963,0.018592,0.052683,1.410597,0.036311,-0.048245,1.554397,0.047010,-0.193049,1.776645,0.297853,-0.223784,2.136058,0.329929,-0.058830,1.921607,0.181252,0.084752,1.211236,0.046880,0.149365,1.080883,0.068880,0.121829,0.710792,0.055056,0.143416,0.668072,0.009753,0.238433,1.081831,0.068263,0.234004,0.959986,0.025331,0.311388,1.285837
964,0.009919,0.056867,1.410532,0.034016,-0.042989,1.550122,0.045184,-0.198193,1.782454,0.303736,-0.227291,2.137376,0.328039,-0.059253,1.924386,0.179074,0.085162,1.193430,0.045013,0.146341,1.094535,0.068615,0.120831,0.713603,0.063200,0.153817,0.701902,0.012361,0.236704,1.071101,0.062580,0.231310,0.922466,0.012329,0.325352,1.304321
965,0.011877,0.052005,1.418556,0.030658,-0.041666,1.553170,0.046521,-0.203894,1.793492,0.306052,-0.234369,2.165983,0.323607,-0.054729,1.914669,0.177135,0.086093,1.180979,0.045584,0.145233,1.104240,0.069016,0.122197,0.729941,0.060261,0.180236,0.840140,0.008364,0.241378,1.121347,0.055537,0.197292,0.842252,0.019038,0.289778,1.217247
966,0.012648,0.057654,1.406471,0.033756,-0.035732,1.542102,0.045382,-0.194682,1.777948,0.310103,-0.232007,2.168388,0.305588,-0.046677,1.872045,0.174656,0.087965,1.159239,0.045699,0.146221,1.098692,0.070469,0.120480,0.720005,0.054638,0.184500,0.851039,0.011687,0.234409,1.079841,0.058281,0.200385,0.821620,0.021634,0.313765,1.276447
967,0.014292,0.048709,1.424648,0.031181,-0.051055,1.568537,0.048724,-0.205797,1.789525,0.302021,-0.232523,2.158161,0.308671,-0.046629,1.865760,0.179032,0.086762,1.190265,0.044228,0.146273,1.098213,0.069123,0.122150,0.731581,0.053147,0.174810,0.804828,0.011523,0.230374,1.066153,0.056889,0.191351,0.782869,0.021905,0.297043,1.141545
968,0.011368,0.050111,1.423200,0.029084,-0.051911,1.568092,0.046793,-0.212390,1.796895,0.301864,-0.234638,2.148529,0.303823,-0.043470,1.854974,0.176944,0.087653,1.180089,0.044863,0.146448,1.098204,0.070550,0.122465,0.731118,0.056939,0.193918,0.893218,0.007528,0.239523,1.130556,0.063093,0.285437,1.100100,0.009933,0.346067,1.392708
969,0.007841,0.052341,1.422540,0.029139,-0.051431,1.570020,0.048883,-0.212383,1.797578,0.303591,-0.236669,2.148681,0.299681,-0.042343,1.860645,0.174577,0.088311,1.171915,0.045426,0.146954,1.093681,0.070190,0.122341,0.727883,0.053742,0.185910,0.844487,0.006301,0.241136,1.129824,0.067656,0.313660,1.141030,0.016833,0.362871,1.369764
970,0.006030,0.051721,1.424757,0.029612,-0.058122,1.583006,0.046784,-0.219570,1.799693,0.304028,-0.245474,2.158995,0.306457,-0.045804,1.878463,0.175008,0.088624,1.169511,0.045101,0.146445,1.101057,0.071915,0.122080,0.729360,0.056573,0.192718,0.878872,0.009849,0.246312,1.132528,0.066213,0.356340,1.344414,0.011151,0.356920,1.469927
971,0.006204,0.054277,1.421141,0.026152,-0.055693,1.578368,0.046381,-0.224346,1.806543,0.309115,-0.249241,2.178962,0.308544,-0.044575,1.886971,0.174287,0.088871,1.173014,0.042472,0.149297,1.094711,0.070523,0.121239,0.724321,0.058038,0.181408,0.829178,0.012721,0.241235,1.067507,0.066775,0.291624,1.023306,0.013768,0.385014,1.321115
972,0.005564,0.054038,1.419869,0.024940,-0.064631,1.592609,0.046982,-0.230503,1.810843,0.308288,-0.249145,2.171221,0.303963,-0.043981,1.870941,0.173968,0.088874,1.169757,0.043785,0.147489,1.098068,0.070286,0.120187,0.715663,0.056284,0.182889,0.852865,0.012551,0.237366,1.072659,0.061112,0.289297,1.092428,-0.000661,0.375034,1.431194
973,0.001876,0.042977,1.445995,0.022574,-0.066972,1.598092,0.046580,-0.236323,1.815509,0.309524,-0.254685,2.164637,0.301783,-0.044145,1.862295,0.170222,0.090303,1.165532,0.045146,0.145730,1.100442,0.070331,0.121353,0.727797,0.056775,0.184758,0.852446,0.000614,0.283210,1.313724,0.058675,0.375496,1.495709,0.006967,0.345383,1.494161
974,0.000957,0.043307,1.446272,0.022183,-0.077280,1.613465,0.045331,-0.238724,1.817967,0.309059,-0.263720,2.166247,0.306290,-0.052464,1.898193,0.172415,0.089190,1.170717,0.045513,0.145566,1.098147,0.069800,0.120965,0.727599,0.056926,0.178780,0.821608,-0.000188,0.291665,1.279729,0.045394,0.368671,1.462486,0.002824,0.354086,1.495787
975,-0.004236,0.046839,1.443764,0.021114,-0.060737,1.589310,0.045291,-0.237302,1.814488,0.307314,-0.271175,2.162126,0.312253,-0.055939,1.898297,0.173154,0.088025,1.183851,0.045954,0.145789,1.094347,0.070817,0.120189,0.723837,0.056780,0.169019,0.783595,0.010389,0.246655,1.097775,0.059258,0.287302,1.289154,0.020890,0.283356,1.358519
976,0.005777,0.056972,1.415604,0.022175,-0.048270,1.570205,0.049076,-0.239879,1.814485,0.307599,-0.273522,2.162030,0.315086,-0.057104,1.920023,0.171482,0.088227,1.175850,0.049319,0.146389,1.086295,0.072775,0.120043,0.722500,0.059301,0.188127,0.854125,0.013362,0.244746,1.110403,0.082387,0.277575,1.315437,0.045721,0.266066,1.380386
977,-0.003926,0.042796,1.452477,0.022044,-0.066095,1.597172,0.049229,-0.249355,1.819009,0.308756,-0.280946,2.167553,0.319776,-0.055769,1.915298,0.174179,0.088346,1.186459,0.047522,0.146593,1.088071,0.071889,0.121095,0.730194,0.056546,0.168537,0.726682,0.003200,0.291439,1.268462,0.061107,0.287289,1.174379,0.019106,0.315351,1.355319
978,-0.004104,0.028520,1.478984,0.024920,-0.092200,1.639572,0.050449,-0.259035,1.826033,0.306331,-0.284207,2.162878,0.328580,-0.061058,1.947400,0.175026,0.088851,1.185167,0.046844,0.147753,1.087609,0.072072,0.122407,0.741555,0.056304,0.167220,0.721440,0.015500,0.243028,1.005689,0.059568,0.316071,1.186269,0.023158,0.339331,1.382362
979,-0.002981,0.028892,1.480224,0.027236,-0.092440,1.634363,0.051350,-0.267092,1.834382,0.302910,-0.284264,2.149368,0.312991,-0.062806,1.917984,0.173611,0.088470,1.192336,0.046120,0.144116,1.101388,0.070739,0.122273,0.748509,0.056513,0.191092,0.827478,0.007307,0.280063,1.244777,0.051969,0.464636,1.733783,0.000926,0.383612,1.576082
980,-0.001234,0.038147,1.459430,0.020315,-0.096833,1.646614,0.054049,-0.277668,1.847255,0.303849,-0.290968,2.158367,0.314215,-0.067383,1.940850,0.175635,0.087168,1.187739,0.045556,0.143401,1.105435,0.073224,0.121692,0.755072,0.058302,0.179262,0.777841,0.014862,0.244379,1.028451,0.053120,0.443289,1.709210,0.003558,0.377909,1.561016
981,-0.001230,0.036663,1.461402,0.022557,-0.070418,1.603145,0.050288,-0.273760,1.837162,0.305437,-0.298212,2.163232,0.306321,-0.057869,1.894476,0.170896,0.088798,1.176169,0.046690,0.143483,1.105564,0.075422,0.121916,0.765750,0.058032,0.172070,0.771042,0.025161,0.234003,0.985419,0.056740,0.486148,1.726221,0.015488,0.394514,1.545756
982,-0.001730,0.043231,1.447974,0.020118,-0.064560,1.593779,0.046227,-0.278052,1.840935,0.305303,-0.304719,2.163306,0.313792,-0.059591,1.927002,0.167410,0.090031,1.174388,0.045865,0.142964,1.108088,0.077126,0.120530,0.767390,0.056226,0.162629,0.758614,0.020342,0.237862,0.994537,0.079887,0.444772,1.690084,0.032438,0.348910,1.541678
983,-0.004115,0.028703,1.477578,0.019042,-0.077622,1.612787,0.048014,-0.282318,1.842103,0.305880,-0.311865,2.163102,0.314916,-0.063488,1.933802,0.171427,0.089206,1.190028,0.046421,0.139022,1.121162,0.080222,0.119965,0.797595,0.056772,0.169665,0.797692,0.021598,0.231787,0.993401,0.084849,0.409642,1.573265,0.024054,0.371925,1.566448
984,-0.003735,0.032055,1.473036,0.018459,-0.082965,1.620066,0.048608,-0.287533,1.843564,0.307073,-0.315556,2.153709,0.321196,-0.071379,1.965072,0.175488,0.088399,1.221790,0.047456,0.141257,1.109487,0.076781,0.121149,0.801680,0.056322,0.174267,0.801255,0.015085,0.278055,1.202238,0.077244,0.491293,1.697343,0.017332,0.421827,1.612281
985,0.007165,0.051514,1.422532,0.019522,-0.083399,1.618476,0.048257,-0.293793,1.854798,0.311947,-0.325374,2.178710,0.328159,-0.078201,1.995561,0.176416,0.085977,1.235713,0.048950,0.141211,1.109353,0.079261,0.117932,0.787949,0.059943,0.174268,0.796500,0.012076,0.285577,1.232756,0.089554,0.494736,1.645140,0.030172,0.398289,1.545655
986,0.006449,0.055001,1.417815,0.016161,-0.062108,1.588587,0.049048,-0.292298,1.849553,0.310189,-0.327192,2.180676,0.317147,-0.073718,1.986283,0.175145,0.086224,1.220124,0.047457,0.142998,1.108529,0.078938,0.119794,0.791843,0.064510,0.163044,0.741450,0.022162,0.269878,1.179975,0.096733,0.432178,1.590185,0.038082,0.380873,1.543832
987,0.008699,0.055094,1.416578,0.015715,-0.076771,1.610397,0.045505,-0.297088,1.851922,0.309230,-0.327849,2.171785,0.312286,-0.064838,1.959448,0.174024,0.088319,1.212954,0.047287,0.141445,1.111091,0.079612,0.119372,0.794683,0.058209,0.157718,0.733129,0.014893,0.270751,1.193307,0.093088,0.415330,1.553056,0.046642,0.350819,1.501857
988,0.003514,0.058955,1.412385,0.015223,-0.064610,1.591676,0.047557,-0.297087,1.849737,0.309231,-0.331529,2.161093,0.308668,-0.066240,1.955705,0.172181,0.089193,1.198523,0.045773,0.142183,1.111829,0.079465,0.120084,0.797954,0.062374,0.148679,0.674916,0.021567,0.232371,0.975045,0.091771,0.434641,1.524319,0.032955,0.395749,1.530383
989,0.007872,0.059991,1.408000,0.018357,-0.061930,1.589120,0.047720,-0.300764,1.848932,0.308168,-0.336737,2.162624,0.311055,-0.070202,1.971021,0.171524,0.089172,1.193746,0.044713,0.141765,1.117181,0.077436,0.121906,0.810785,0.060049,0.160764,0.737566,0.019889,0.233200,0.983343,0.086846,0.460678,1.629241,0.023528,0.417851,1.583504
990,-0.000568,0.048983,1.436996,0.016368,-0.082033,1.618481,0.048796,-0.310837,1.857853,0.309489,-0.344175,2.168535,0.310576,-0.079967,1.986301,0.168973,0.089730,1.183188,0.044430,0.138623,1.124753,0.077922,0.120480,0.812277,0.063242,0.159349,0.723734,0.031777,0.231513,0.974130,0.084003,0.492202,1.658524,0.014829,0.443323,1.600722
991,0.008178,0.066339,1.393813,0.013715,-0.065343,1.595454,0.044285,-0.314768,1.859691,0.305191,-0.347881,2.166306,0.314376,-0.082581,1.997312,0.165081,0.089937,1.172911,0.041653,0.138804,1.129229,0.077516,0.120902,0.820336,0.063823,0.144509,0.662426,0.027244,0.222899,0.953707,0.076965,0.536498,1.661684,0.005934,0.491889,1.597385
992,0.009127,0.054462,1.417535,0.012888,-0.065551,1.594382,0.041380,-0.316093,1.860256,0.311750,-0.353614,2.181193,0.311713,-0.078821,1.999235,0.166776,0.090108,1.167158,0.043969,0.140525,1.120762,0.079157,0.120688,0.815701,0.061432,0.138623,0.660152,0.030414,0.225823,0.962320,0.091870,0.553428,1.715876,0.025134,0.457957,1.539772
993,0.005739,0.056098,1.416889,0.009594,-0.063857,1.592873,0.041123,-0.315686,1.860656,0.314903,-0.356770,2.183518,0.307493,-0.078984,1.983970,0.163851,0.091392,1.169909,0.043480,0.139016,1.126862,0.079988,0.120347,0.826035,0.061137,0.149541,0.695106,0.029891,0.229978,0.957880,0.092421,0.557625,1.711606,0.020034,0.470171,1.577835
994,0.017572,0.073386,1.371138,0.011668,-0.053498,1.577438,0.041436,-0.311927,1.852902,0.309942,-0.357559,2.172422,0.302690,-0.079977,1.975023,0.162525,0.091772,1.172979,0.042324,0.140439,1.125422,0.080252,0.121066,0.834402,0.059305,0.130346,0.618048,0.034669,0.234552,0.950569,0.090214,0.579092,1.655707,0.021533,0.484812,1.505304
995,0.056903,0.074168,1.328880,0.016914,-0.049657,1.568263,0.038830,-0.318038,1.855036,0.315574,-0.362568,2.180752,0.313041,-0.086580,2.011713,0.161507,0.092358,1.155828,0.045039,0.140778,1.120990,0.083040,0.120449,0.829661,0.063198,0.150810,0.693747,0.029824,0.230570,0.970023,0.094532,0.516814,1.510923,0.027365,0.472819,1.483922
996,0.060615,0.079121,1.313936,0.015827,-0.052960,1.575939,0.040147,-0.327187,1.861904,0.311436,-0.365416,2.169555,0.310282,-0.090630,1.998616,0.163007,0.092251,1.166728,0.040385,0.138626,1.133937,0.080751,0.120829,0.838174,0.058954,0.143263,0.666089,0.031178,0.237687,0.962958,0.083177,0.562801,1.656981,0.011718,0.504640,1.554457
997,0.021458,0.083602,1.345993,0.009589,-0.061232,1.588876,0.040653,-0.328715,1.864448,0.317252,-0.371010,2.190818,0.318190,-0.098261,2.036218,0.161376,0.091974,1.160967,0.045292,0.137453,1.131111,0.085134,0.117965,0.833557,0.064283,0.152204,0.715990,0.033084,0.260998,1.096981,0.096769,0.513982,1.460864,0.037222,0.488060,1.485814
998,0.027329,0.080639,1.346350,0.016033,-0.060727,1.588007,0.041243,-0.331697,1.867541,0.315993,-0.368127,2.185294,0.309041,-0.087550,2.000175,0.164976,0.091662,1.178168,0.039700,0.138520,1.136125,0.078929,0.119327,0.836280,0.062334,0.153705,0.724866,0.022395,0.235838,0.977996,0.068414,0.630408,1.726904,-0.003755,0.540639,1.600042
999,0.029034,0.082725,1.340086,0.011928,-0.059868,1.588038,0.041460,-0.330719,1.862480,0.318525,-0.370022,2.187896,0.310355,-0.087007,2.006798,0.162984,0.091610,1.164272,0.038442,0.141857,1.128244,0.079525,0.120436,0.826401,0.067300,0.130112,0.603892,0.025159,0.234854,0.984933,0.083290,0.611949,1.677685,0.010646,0.525493,1.525854
1000,0.031473,0.086605,1.329864,0.012004,-0.059893,1.586480,0.039852,-0.333754,1.862925,0.316075,-0.372692,2.182409,0.304129,-0.087301,1.994408,0.161932,0.090407,1.176215,0.039695,0.140955,1.126500,0.080543,0.119972,0.816092,0.068470,0.126757,0.586556,0.026871,0.228354,0.981630,0.083243,0.626357,1.663321,0.000344,0.566790,1.583441
1001,0.027894,0.082313,1.341525,0.010980,-0.066286,1.596954,0.040872,-0.339211,1.869014,0.322039,-0.375327,2.189998,0.312503,-0.090621,2.012406,0.160419,0.092779,1.142515,0.038951,0.139346,1.131677,0.081141,0.119433,0.813932,0.066684,0.134856,0.611928,0.032291,0.237344,0.961266,0.087199,0.602298,1.699172,0.014754,0.527742,1.564357
1002,0.033244,0.087501,1.325425,0.016456,-0.066475,1.596481,0.041106,-0.341409,1.874163,0.320215,-0.375491,2.188279,0.310659,-0.094106,2.016881,0.161034,0.091732,1.171781,0.041760,0.139722,1.131384,0.084760,0.119336,0.826474,0.065023,0.141684,0.628880,0.032109,0.238820,0.964985,0.096641,0.515193,1.519814,0.038483,0.479725,1.477262
1003,0.019344,0.078132,1.358747,0.009893,-0.068845,1.599150,0.039705,-0.342202,1.874854,0.326354,-0.380866,2.201398,0.314162,-0.097767,2.020091,0.162320,0.089760,1.185482,0.039898,0.138330,1.135462,0.084589,0.118379,0.826066,0.062600,0.134812,0.617639,0.023222,0.270562,1.122201,0.085768,0.612217,1.728525,0.024589,0.494574,1.505835
1004,0.002778,0.064442,1.399984,0.005546,-0.074855,1.609821,0.040062,-0.341472,1.872169,0.320007,-0.375295,2.188728,0.314168,-0.095410,2.025774,0.163798,0.089190,1.175211,0.039269,0.138282,1.137700,0.081493,0.118217,0.818253,0.067052,0.134210,0.621687,0.033567,0.253914,0.971792,0.090002,0.604382,1.700274,0.011065,0.525449,1.551875
1005,0.013633,0.068636,1.382805,0.009834,-0.074571,1.608325,0.043998,-0.341378,1.873556,0.327953,-0.381024,2.207342,0.325747,-0.095135,2.042784,0.160365,0.092775,1.159629,0.038411,0.140853,1.128899,0.079387,0.119310,0.811234,0.066023,0.138496,0.632318,0.026510,0.275782,1.093936,0.085457,0.620496,1.760124,-0.005587,0.545876,1.624458
1006,0.004892,0.053129,1.421242,0.014252,-0.090997,1.633416,0.047551,-0.343849,1.879209,0.327372,-0.378116,2.212850,0.325413,-0.092263,2.039962,0.160357,0.093298,1.134747,0.041518,0.140646,1.125857,0.080659,0.119001,0.799046,0.062431,0.152869,0.717482,0.029345,0.255169,0.989323,0.080512,0.608208,1.695493,-0.001430,0.539195,1.574190
1007,0.005227,0.062042,1.404845,0.010618,-0.086250,1.625527,0.042312,-0.342669,1.878662,0.324610,-0.373350,2.202636,0.325536,-0.085087,2.010827,0.161652,0.093662,1.145540,0.041689,0.140324,1.129196,0.082773,0.119766,0.803064,0.059793,0.161981,0.722765,0.025381,0.247532,0.979745,0.073757,0.536334,1.686422,0.003995,0.470552,1.591896
1008,0.016758,0.072411,1.372594,0.016674,-0.082886,1.617853,0.050111,-0.334755,1.874082,0.329054,-0.373078,2.213572,0.324489,-0.088876,2.036540,0.160547,0.092465,1.149658,0.045452,0.139762,1.121551,0.080381,0.119511,0.799400,0.061140,0.144433,0.648606,0.031774,0.237814,0.964146,0.086519,0.508687,1.635272,0.015457,0.471783,1.545569
1009,-0.004836,0.052875,1.430360,0.013249,-0.083940,1.620647,0.043514,-0.340304,1.876647,0.323777,-0.376616,2.211302,0.318226,-0.092754,2.020640,0.164031,0.091605,1.160113,0.043094,0.138438,1.133159,0.080673,0.118974,0.808113,0.061380,0.153888,0.686210,0.028895,0.240715,0.972507,0.084288,0.537092,1.690188,0.018207,0.466246,1.560335
1010,0.004502,0.066351,1.394429,0.004829,-0.077329,1.613082,0.037579,-0.329498,1.867271,0.326736,-0.370772,2.211955,0.322170,-0.086103,2.011453,0.165591,0.091418,1.163768,0.044844,0.145486,1.106605,0.084198,0.119623,0.791067,0.067292,0.131764,0.610020,0.028302,0.262885,1.089143,0.095095,0.522610,1.566957,0.033087,0.457125,1.455061
1011,0.026369,0.042447,1.425408,0.008785,-0.079523,1.619221,0.044492,-0.328625,1.881994,0.332462,-0.365429,2.257049,0.322850,-0.084405,2.040077,0.170638,0.089392,1.189305,0.043915,0.138903,1.133890,0.082376,0.118364,0.803314,0.062801,0.165484,0.742327,0.023269,0.274646,1.138683,0.107070,0.434565,1.660802,0.053746,0.366921,1.503343
1012,-0.012083,0.028300,1.483326,0.018788,-0.071066,1.603146,0.048957,-0.310066,1.871343,0.327028,-0.345584,2.255165,0.305780,-0.057378,1.952537,0.186545,0.080746,1.276167,0.042553,0.142964,1.113456,0.073991,0.117971,0.768597,0.066213,0.156858,0.704974,0.017378,0.285056,1.139902,0.082843,0.700552,1.852971,-0.001934,0.557738,1.555676
1013,-0.007109,0.042827,1.453317,0.018925,-0.099490,1.651393,0.044677,-0.293119,1.862741,0.317170,-0.298575,2.218345,0.314647,-0.048884,1.943936,0.189169,0.080271,1.291719,0.047087,0.151342,1.079187,0.075823,0.121364,0.752544,0.066114,0.175717,0.772848,0.025328,0.279920,1.135744,0.084834,0.535900,1.695165,0.033020,0.415795,1.462417
1014,0.036358,0.064784,1.370234,0.026563,-0.044721,1.564324,0.048649,-0.276395,1.853928,0.314136,-0.276427,2.219785,0.290187,-0.018605,1.815835,0.175774,0.084730,1.220059,0.049108,0.154370,1.071427,0.074864,0.120550,0.732042,0.061573,0.181947,0.795081,0.031313,0.271470,1.099404,0.058087,0.521667,1.720611,0.031581,0.404248,1.481830
1015,-0.006941,0.037983,1.458204,0.021617,-0.120808,1.684374,0.042890,-0.275090,1.864478,0.316641,-0.267797,2.239155,0.285653,-0.028307,1.834196,0.174186,0.088048,1.191358,0.045346,0.151467,1.084755,0.069808,0.121468,0.718971,0.059358,0.174422,0.747232,0.018569,0.278233,1.132461,0.035380,0.559251,1.736500,0.006855,0.458598,1.482799
1016,-0.001025,0.029475,1.472813,0.032334,-0.101117,1.654344,0.048169,-0.244134,1.834118,0.305363,-0.243464,2.207826,0.280892,-0.007462,1.753201,0.171039,0.089811,1.179639,0.044798,0.157012,1.067805,0.067897,0.122889,0.717652,0.059626,0.193410,0.819375,0.015976,0.253790,1.014971,0.062307,0.581261,1.759103,0.031166,0.452207,1.476689
1017,0.002661,0.046599,1.438457,0.033373,-0.097306,1.655269,0.049462,-0.223956,1.816446,0.306474,-0.224231,2.193262,0.279043,-0.003740,1.718141,0.157298,0.095865,1.077595,0.044817,0.154414,1.075637,0.066083,0.122426,0.700788,0.056432,0.185446,0.791510,0.007505,0.282835,1.217180,0.054388,0.525038,1.737916,0.022708,0.419138,1.483157
1018,0.001631,0.049948,1.431898,0.031811,-0.081619,1.624724,0.045139,-0.201988,1.790348,0.295719,-0.190423,2.120308,0.270066,0.004284,1.667684,0.158944,0.095589,1.058566,0.043365,0.157218,1.072316,0.068603,0.125278,0.714968,0.056536,0.167407,0.707430,0.016501,0.261160,1.020500,0.070992,0.394341,1.263673,0.030731,0.420031,1.336546
1019,0.014506,0.058255,1.405380,0.030148,-0.068568,1.604114,0.044076,-0.182504,1.763526,0.296688,-0.193758,2.141971,0.291395,-0.012042,1.729031,0.163864,0.091765,1.094005,0.047649,0.151185,1.083331,0.068326,0.121516,0.697432,0.057842,0.154274,0.669177,0.015126,0.240955,1.000217,0.075949,0.256544,0.945428,0.053669,0.309625,1.099369
1020,0.017888,0.068423,1.380448,0.035444,-0.038926,1.545484,0.044476,-0.172178,1.745851,0.288969,-0.181261,2.097481,0.291827,-0.013846,1.744045,0.159325,0.092869,1.077618,0.049268,0.149195,1.085974,0.072013,0.121895,0.698513,0.058912,0.164283,0.721202,0.014448,0.237130,0.997302,0.060123,0.135825,0.558138,0.027348,0.274454,0.976061
1021,0.015713,0.058916,1.400822,0.026996,-0.068743,1.592095,0.041698,-0.191508,1.775135,0.297313,-0.196164,2.119411,0.299277,-0.022833,1.790659,0.162643,0.093954,1.106560,0.048362,0.147070,1.094741,0.074601,0.122104,0.714581,0.057713,0.160619,0.714505,0.007850,0.234241,1.036691,0.058246,0.234942,0.915533,0.029170,0.274121,1.040441
1022,0.022227,0.052050,1.410000,0.032167,-0.072089,1.595312,0.049128,-0.198126,1.783825,0.307403,-0.209147,2.161757,0.305742,-0.035211,1.832635,0.173333,0.089085,1.147081,0.052626,0.146725,1.078950,0.074108,0.118521,0.700875,0.062907,0.187033,0.831290,-0.005558,0.280239,1.285697,0.060261,0.242960,0.954581,0.017902,0.302227,1.230176
1023,0.022735,0.052917,1.407252,0.034359,-0.078214,1.604285,0.049437,-0.195349,1.783404,0.311449,-0.211324,2.171800,0.307169,-0.034944,1.833690,0.175742,0.087860,1.167693,0.052466,0.146069,1.077909,0.072664,0.118836,0.697158,0.060426,0.194270,0.863479,-0.005297,0.281568,1.277389,0.057718,0.304230,1.137874,0.011411,0.350172,1.344993
1024,0.024696,0.057761,1.394281,0.040525,-0.062242,1.574373,0.049768,-0.195207,1.784565,0.308856,-0.209002,2.167295,0.304967,-0.027639,1.818892,0.175567,0.088469,1.174651,0.050667,0.146196,1.079691,0.071682,0.119341,0.698409,0.058505,0.196037,0.864236,0.008316,0.244637,1.081163,0.054634,0.407986,1.472085,0.013505,0.376051,1.469771
1025,0.027263,0.041961,1.423611,0.040057,-0.088694,1.620172,0.058461,-0.204300,1.797777,0.311295,-0.205519,2.152246,0.311623,-0.034757,1.856440,0.186512,0.083966,1.228773,0.052647,0.146959,1.075363,0.072912,0.119765,0.704188,0.061275,0.187851,0.831754,0.001072,0.278276,1.264588,0.061451,0.481057,1.666403,0.009757,0.394515,1.516810
1026,0.030872,0.047193,1.410509,0.044710,-0.081576,1.603043,0.062173,-0.201939,1.793767,0.312568,-0.206029,2.151695,0.305939,-0.035462,1.854589,0.187819,0.082538,1.232805,0.053030,0.146399,1.076533,0.073506,0.120208,0.706275,0.065283,0.180571,0.800459,0.005623,0.252735,1.133893,0.066794,0.490411,1.661196,0.006337,0.411511,1.526671
1027,0.031317,0.047416,1.409731,0.053156,-0.095380,1.629243,0.066757,-0.210477,1.806777,0.315568,-0.208845,2.171518,0.305738,-0.028934,1.830302,0.180293,0.084006,1.202121,0.056472,0.144392,1.076839,0.074681,0.120244,0.707192,0.064940,0.188847,0.840514,0.006939,0.249939,1.139720,0.070777,0.512702,1.699610,0.009839,0.414658,1.514533
1028,0.029142,0.046808,1.412092,0.050702,-0.084739,1.610354,0.067965,-0.210323,1.804312,0.316084,-0.206700,2.159033,0.291716,-0.014646,1.770872,0.182547,0.085050,1.199678,0.054329,0.143250,1.086089,0.073936,0.121221,0.717940,0.064467,0.200958,0.885677,0.006166,0.250555,1.144490,0.073867,0.508019,1.745327,0.006187,0.411150,1.556810
1029,0.027692,0.043147,1.420380,0.050240,-0.083160,1.606400,0.068264,-0.213578,1.809880,0.314245,-0.207231,2.161014,0.298270,-0.016172,1.779233,0.187308,0.082123,1.218741,0.053704,0.143533,1.088835,0.072329,0.121219,0.723180,0.062321,0.190846,0.839430,0.005510,0.255722,1.171684,0.076063,0.442887,1.688421,0.019577,0.376415,1.545892
1030,0.032580,0.042376,1.418059,0.051715,-0.077630,1.597152,0.067849,-0.208990,1.804988,0.316922,-0.204473,2.158916,0.294988,-0.017845,1.779739,0.184417,0.084140,1.206260,0.052947,0.143173,1.088565,0.074002,0.121033,0.720689,0.061478,0.183908,0.822541,0.006153,0.244363,1.119180,0.069308,0.429176,1.687394,0.021730,0.339723,1.475003
1031,0.028549,0.043991,1.419888,0.050034,-0.076257,1.606420,0.068906,-0.214065,1.811978,0.321774,-0.209779,2.177696,0.290404,-0.013304,1.754887,0.182017,0.082856,1.198226,0.053730,0.143068,1.094177,0.074087,0.121123,0.724425,0.062813,0.192452,0.862653,0.007747,0.243603,1.123447,0.065103,0.474320,1.723243,-0.000443,0.395146,1.575556
1032,0.031699,0.048860,1.406230,0.051482,-0.079095,1.605567,0.067221,-0.208464,1.801986,0.315302,-0.200603,2.147095,0.278485,0.004339,1.664375,0.174244,0.088860,1.156639,0.054179,0.144928,1.089483,0.074690,0.122219,0.720325,0.061102,0.180491,0.807881,0.010058,0.241407,1.124367,0.071986,0.432024,1.620337,0.024389,0.353054,1.439142
1033,0.036122,0.049920,1.400130,0.052114,-0.070713,1.591260,0.068328,-0.212561,1.807667,0.319653,-0.204836,2.159462,0.288220,-0.005467,1.733896,0.180932,0.085445,1.186813,0.055472,0.142652,1.094477,0.078000,0.121032,0.727135,0.056690,0.168925,0.784621,0.007517,0.238976,1.117181,0.079592,0.355454,1.394446,0.033766,0.327055,1.371062
1034,0.033956,0.044266,1.413186,0.059006,-0.068918,1.578477,0.074325,-0.211371,1.810513,0.322723,-0.205833,2.165751,0.299617,-0.008668,1.768852,0.184956,0.083661,1.216257,0.056545,0.141686,1.098086,0.078307,0.120707,0.729704,0.056278,0.195301,0.915843,0.008963,0.237841,1.119432,0.078000,0.431596,1.593549,0.013424,0.367291,1.495375
1035,0.034155,0.047755,1.406611,0.054895,-0.071249,1.583893,0.074469,-0.212753,1.814591,0.321452,-0.207615,2.163478,0.305452,-0.008568,1.758348,0.179911,0.086281,1.189733,0.056444,0.142638,1.093847,0.077697,0.121623,0.729543,0.060294,0.185662,0.869308,0.008611,0.238016,1.118475,0.078460,0.447483,1.574290,0.024499,0.383166,1.445164
1036,0.034435,0.047916,1.406292,0.054247,-0.068307,1.577068,0.074349,-0.208176,1.806285,0.322368,-0.205409,2.158490,0.312915,-0.015007,1.777535,0.181042,0.085362,1.198496,0.056982,0.142819,1.097178,0.078166,0.121728,0.732334,0.060034,0.185705,0.863512,0.007363,0.240057,1.123360,0.079845,0.410264,1.549796,0.028278,0.348280,1.426780
1037,0.034867,0.044317,1.412036,0.056597,-0.054641,1.555292,0.074886,-0.207486,1.803651,0.325344,-0.206703,2.164359,0.326070,-0.014957,1.844245,0.180050,0.085174,1.200523,0.057746,0.143090,1.094699,0.078452,0.122188,0.729259,0.058382,0.173589,0.752621,0.009432,0.231544,1.057418,0.075697,0.234626,1.027775,0.038339,0.268388,1.239815
1038,0.030871,0.039746,1.423878,0.061711,-0.060016,1.562309,0.077284,-0.208687,1.804930,0.323904,-0.205935,2.158497,0.335755,-0.020817,1.892484,0.180036,0.087669,1.209602,0.057835,0.142741,1.096292,0.080076,0.122974,0.739905,0.057160,0.168316,0.784581,0.013582,0.228050,1.060642,0.083111,0.386313,1.483567,0.024292,0.340210,1.418388
1039,0.026523,0.042541,1.422519,0.056798,-0.072525,1.581458,0.079100,-0.206883,1.802042,0.320918,-0.197522,2.139820,0.337220,-0.017283,1.864828,0.192265,0.080351,1.255782,0.060602,0.141755,1.094571,0.080760,0.123732,0.744578,0.056944,0.166847,0.786155,0.011945,0.230402,1.095976,0.081000,0.353250,1.319865,0.030998,0.332620,1.359083
1040,0.026037,0.044987,1.416837,0.052224,-0.071402,1.580427,0.076043,-0.203231,1.795972,0.329278,-0.204646,2.166166,0.361676,-0.028016,1.932942,0.188011,0.085645,1.238284,0.058609,0.140913,1.102477,0.081116,0.122774,0.747336,0.056826,0.155449,0.724105,0.013615,0.225627,1.050519,0.067874,0.199307,0.796759,0.032053,0.270494,1.045661
1041,0.012466,0.056705,1.404162,0.046500,-0.033409,1.520812,0.076521,-0.199212,1.789999,0.325168,-0.201682,2.152357,0.352655,-0.015495,1.880658,0.202463,0.083496,1.307683,0.058533,0.143445,1.096848,0.080609,0.122559,0.739195,0.056856,0.147734,0.705679,0.012823,0.226986,1.073944,0.063439,0.147564,0.637859,0.037931,0.258473,1.033116
1042,0.017377,0.037918,1.435503,0.056921,-0.040488,1.527066,0.079470,-0.207559,1.804103,0.324868,-0.199265,2.146708,0.360612,-0.017007,1.892991,0.226369,0.076951,1.415802,0.061598,0.140220,1.097652,0.082677,0.122610,0.744017,0.050899,0.127373,0.596213,0.010076,0.226657,1.074889,0.060578,0.128542,0.596809,0.037601,0.259394,1.171703
1043,0.017449,0.028959,1.453085,0.046526,-0.066467,1.570768,0.078468,-0.200265,1.791278,0.329684,-0.200324,2.151150,0.366975,-0.015477,1.917960,0.250134,0.072927,1.546744,0.058667,0.139485,1.110035,0.085023,0.121758,0.753161,0.058209,0.157582,0.763799,0.013536,0.224916,1.057518,0.077137,0.336218,1.308514,0.023648,0.346465,1.343157
1044,0.013494,0.031641,1.449962,0.041419,-0.052078,1.547254,0.076980,-0.191668,1.782516,0.331899,-0.202930,2.161513,0.355696,-0.001536,1.861775,0.261780,0.070313,1.599725,0.059261,0.144195,1.096765,0.084736,0.123066,0.748769,0.061502,0.162927,0.786742,0.012697,0.228481,1.079868,0.076378,0.485269,1.555117,0.031757,0.361719,1.413758
1045,0.006413,0.033484,1.455472,0.029478,-0.042516,1.541276,0.074333,-0.187529,1.779920,0.330306,-0.199209,2.148929,0.362795,0.006194,1.864058,0.251791,0.073093,1.592708,0.058132,0.146144,1.086882,0.083127,0.124041,0.745725,0.062885,0.180190,0.857880,0.010899,0.233115,1.097212,0.071408,0.531686,1.614537,0.027084,0.399194,1.463227
1046,0.000238,0.032579,1.463820,0.023047,-0.041629,1.544522,0.078807,-0.190387,1.783928,0.341325,-0.196822,2.168668,0.373202,0.023036,1.850210,0.234900,0.074371,1.550186,0.060190,0.147043,1.087554,0.086588,0.125277,0.740359,0.059317,0.164601,0.787338,0.010888,0.232802,1.086244,0.067567,0.513162,1.524173,0.026446,0.380339,1.440262
1047,-0.002252,0.048902,1.442588,0.014430,-0.041091,1.545821,0.079486,-0.189403,1.786689,0.339820,-0.193478,2.151914,0.483100,0.032768,2.289320,0.229787,0.083184,1.556619,0.058216,0.146305,1.090492,0.085873,0.123179,0.736144,0.061572,0.202507,0.974723,0.003291,0.242115,1.159854,0.072460,0.511065,1.620663,0.030979,0.352723,1.498843
1048,-0.004253,0.066303,1.413242,0.014063,-0.024620,1.526623,0.079750,-0.189239,1.789771,0.335892,-0.196149,2.169302,0.476713,0.034128,2.312841,0.207513,0.086966,1.473798,0.056718,0.147710,1.084856,0.081447,0.123017,0.725389,0.062460,0.207597,0.977318,0.006942,0.238432,1.100266,0.076335,0.507330,1.629050,0.033152,0.354883,1.503421
1049,-0.014406,0.076249,1.404628,0.009851,-0.004448,1.501001,0.076402,-0.175301,1.767369,0.341934,-0.191824,2.161249,0.476555,0.046501,2.290416,0.170189,0.093234,1.278927,0.057639,0.150164,1.071679,0.083656,0.126933,0.740294,0.061345,0.197024,0.923557,0.004686,0.237692,1.095478,0.100239,0.432397,1.511226,0.059641,0.293890,1.434448
1050,-0.022668,0.085464,1.398020,0.011940,0.002229,1.491264,0.078433,-0.180182,1.776127,0.348115,-0.188904,2.176436,0.409057,0.056038,2.037061,0.148803,0.103927,1.179448,0.058816,0.150536,1.080871,0.087172,0.129722,0.769805,0.049011,0.117417,0.547952,-0.001659,0.256187,1.207051,0.103605,0.364639,1.307156,0.057874,0.274121,1.393627
1051,-0.027039,0.089710,1.398051,0.009489,0.002966,1.499063,0.079693,-0.177956,1.774161,0.340463,-0.185621,2.158831,0.324588,0.056868,1.729406,0.137873,0.107207,1.129090,0.056252,0.149217,1.098675,0.086526,0.130001,0.791313,0.049963,0.112415,0.536063,0.008750,0.242899,1.118913,0.095758,0.353937,1.234918,0.052984,0.322545,1.348243
1052,-0.025302,0.102349,1.369236,0.015754,0.008498,1.484698,0.083156,-0.177980,1.771542,0.339752,-0.177890,2.124716,0.305494,0.060459,1.703826,0.121462,0.109746,1.019707,0.058589,0.146926,1.098889,0.089553,0.128686,0.794283,0.052798,0.123439,0.616085,0.009156,0.238827,1.147821,0.104287,0.323419,1.181543,0.067831,0.290190,1.320324
1053,-0.029031,0.109144,1.354302,0.016064,0.016171,1.473368,0.085939,-0.170662,1.761879,0.337582,-0.183491,2.132110,0.306329,0.052552,1.741495,0.112193,0.107603,0.963224,0.061918,0.147909,1.076430,0.091094,0.126533,0.781157,0.065157,0.171670,0.852836,0.011332,0.215509,1.037124,0.112625,0.363461,1.351397,0.066053,0.282677,1.383320
1054,-0.031259,0.109011,1.356030,0.015880,0.008094,1.490583,0.092022,-0.177960,1.772308,0.342540,-0.190850,2.174511,0.300518,0.049966,1.779881,0.092380,0.102752,0.827819,0.065571,0.145192,1.074184,0.091918,0.124624,0.770131,0.081844,0.142460,0.797987,0.005803,0.237087,1.219431,0.096328,0.390036,1.321085,0.047622,0.400357,1.332539
1055,-0.033023,0.118864,1.339184,0.013961,0.012099,1.487240,0.087685,-0.175035,1.767550,0.336479,-0.173289,2.126520,0.292638,0.050883,1.777793,0.076030,0.095027,0.705034,0.064296,0.146765,1.071071,0.090659,0.125668,0.768634,0.065072,0.160097,0.800934,0.008550,0.239391,1.167572,0.102290,0.382938,1.362897,0.054707,0.354312,1.359367
1056,-0.031996,0.126523,1.324970,0.015152,0.016120,1.483899,0.090372,-0.175456,1.767684,0.343288,-0.181422,2.152445,0.287065,0.051043,1.785776,0.063290,0.088420,0.616032,0.066686,0.144854,1.074172,0.092054,0.124986,0.770571,0.059842,0.150486,0.750887,0.012484,0.211798,1.012902,0.092534,0.369456,1.320851,0.050837,0.370220,1.366839
1057,-0.030668,0.134630,1.300892,0.014753,0.026908,1.468284,0.086162,-0.173335,1.764892,0.337541,-0.182416,2.133687,0.271314,0.052420,1.775145,0.052158,0.080658,0.541169,0.064174,0.144001,1.072627,0.090795,0.125293,0.776768,0.062818,0.166550,0.818488,0.013351,0.215841,1.046233,0.089697,0.389974,1.375736,0.043692,0.375033,1.400172
1058,-0.024980,0.132824,1.293064,0.017757,0.025668,1.474047,0.089319,-0.177903,1.772603,0.336453,-0.184407,2.134425,0.250643,0.054638,1.705136,0.041716,0.072523,0.459177,0.062962,0.141651,1.074416,0.088873,0.123623,0.771706,0.063998,0.165014,0.804979,0.006849,0.245392,1.224460,0.087791,0.396788,1.375816,0.047460,0.378869,1.399509
1059,-0.019578,0.134404,1.249302,0.022270,0.026069,1.469740,0.090643,-0.176237,1.768469,0.335006,-0.182307,2.130353,0.221170,0.057737,1.589539,0.036665,0.068480,0.418450,0.066018,0.144399,1.067149,0.091042,0.123787,0.773204,0.063164,0.159097,0.761125,0.014929,0.238466,1.131531,0.094247,0.335033,1.215893,0.054524,0.348853,1.316188
1060,-0.011575,0.134982,1.225001,0.026522,0.030212,1.459689,0.089756,-0.172675,1.763253,0.335467,-0.177005,2.124449,0.204468,0.060814,1.557464,0.038634,0.071938,0.424892,0.065641,0.143856,1.073033,0.090286,0.124666,0.774420,0.055073,0.127869,0.612682,0.018393,0.220058,1.002276,0.092594,0.287043,1.055440,0.054850,0.328341,1.235580
1061,-0.002498,0.132425,1.210797,0.031534,0.028546,1.461535,0.091243,-0.170200,1.759614,0.330999,-0.172639,2.112499,0.189131,0.062971,1.512621,0.046779,0.083398,0.498145,0.066320,0.140251,1.085322,0.092995,0.124941,0.805252,0.049714,0.105807,0.503136,0.012907,0.222828,1.096955,0.078635,0.204736,0.800061,0.048463,0.291581,1.117078
1062,0.003120,0.134553,1.176167,0.032951,0.033670,1.448166,0.096053,-0.165161,1.749874,0.330360,-0.170020,2.101010,0.189622,0.062066,1.510191,0.052703,0.091838,0.551617,0.067776,0.139650,1.077238,0.094139,0.124420,0.813908,0.049440,0.102041,0.491925,0.012828,0.218155,1.066543,0.077638,0.196036,0.794556,0.052694,0.214198,0.867859
1063,0.010102,0.140236,1.148965,0.033330,0.039273,1.434268,0.093523,-0.164512,1.750584,0.331899,-0.171773,2.109255,0.181362,0.066758,1.476938,0.048353,0.091682,0.541202,0.065686,0.136707,1.091711,0.095409,0.123861,0.824456,0.044794,0.064771,0.351120,0.019104,0.214933,1.042685,0.074403,0.170367,0.710040,0.048973,0.267816,1.098358
1064,0.017835,0.143196,1.114747,0.034765,0.041450,1.429847,0.095572,-0.167271,1.759566,0.335966,-0.176816,2.122966,0.178485,0.068516,1.457365,0.051499,0.103253,0.610741,0.066267,0.128876,1.115600,0.096335,0.122236,0.856190,0.027870,0.064261,0.257786,0.018831,0.200366,0.976072,0.073207,0.192675,0.773686,0.041907,0.335456,1.297216
1065,0.022818,0.143939,1.107287,0.037195,0.045401,1.417366,0.094075,-0.164156,1.753149,0.336451,-0.168790,2.109300,0.172238,0.071863,1.409702,0.050943,0.110065,0.671579,0.064598,0.130102,1.124763,0.095937,0.122633,0.863383,0.032992,0.064890,0.311721,0.016915,0.210879,1.012602,0.079083,0.187450,0.754888,0.043381,0.326154,1.159796
1066,0.026562,0.147971,1.078567,0.038285,0.048641,1.408761,0.091478,-0.158781,1.747635,0.340183,-0.167318,2.126392,0.164763,0.072878,1.377834,0.049904,0.113008,0.690353,0.065737,0.128844,1.134578,0.097072,0.122516,0.867447,0.039414,0.090408,0.413549,0.008565,0.209230,1.042205,0.070700,0.187634,0.757977,0.023425,0.312979,1.149547
1067,0.033070,0.156923,1.023265,0.042087,0.054356,1.392235,0.089998,-0.156824,1.745300,0.336648,-0.158254,2.105618,0.157950,0.077531,1.313841,0.051819,0.120842,0.732266,0.067207,0.129557,1.136231,0.099264,0.123166,0.890427,0.043498,0.098920,0.491927,0.010187,0.210770,1.092329,0.067599,0.163590,0.703403,0.036256,0.281896,1.096275
1068,0.039174,0.160628,1.007814,0.045056,0.059747,1.376461,0.091664,-0.151917,1.740073,0.336587,-0.150087,2.088965,0.152871,0.079070,1.294492,0.057599,0.123944,0.753608,0.067195,0.127438,1.143336,0.097896,0.121073,0.884206,0.042496,0.095267,0.473736,0.014305,0.203503,1.047296,0.072776,0.206744,0.829716,0.038012,0.295178,1.116507
1069,0.041253,0.158602,1.011930,0.049391,0.063996,1.361763,0.090078,-0.147307,1.733434,0.330457,-0.150579,2.079626,0.149248,0.081842,1.259596,0.056688,0.127640,0.765201,0.067073,0.134798,1.124745,0.099044,0.125853,0.876979,0.043794,0.092845,0.463625,0.014904,0.201803,1.090674,0.068296,0.214582,0.861607,0.034974,0.299650,1.149176
1070,0.042392,0.152446,1.026086,0.051581,0.058814,1.372260,0.091410,-0.149773,1.735378,0.325367,-0.138976,2.048097,0.149887,0.085942,1.218496,0.059751,0.130332,0.762505,0.071404,0.126983,1.145106,0.102064,0.125108,0.894840,0.045753,0.089978,0.459163,0.016510,0.196909,1.033214,0.077180,0.218344,0.879221,0.042171,0.295409,1.138419
1071,0.042950,0.148451,1.013415,0.049566,0.057928,1.374631,0.093039,-0.147558,1.731274,0.321687,-0.140696,2.046901,0.148969,0.088055,1.188441,0.065794,0.133987,0.768613,0.070436,0.131520,1.133568,0.100948,0.125841,0.898180,0.045515,0.094546,0.460595,0.018114,0.202046,1.038895,0.082396,0.247639,1.020611,0.048639,0.291589,1.199602
1072,0.046534,0.146749,1.004824,0.049909,0.060018,1.369224,0.090676,-0.146393,1.731030,0.313713,-0.127960,2.009892,0.145334,0.091507,1.173801,0.065288,0.132820,0.768150,0.068291,0.129933,1.141120,0.101034,0.127227,0.900171,0.048006,0.092213,0.454744,0.023027,0.206425,1.049155,0.080525,0.257707,0.987532,0.034460,0.311705,1.264911
1073,0.047469,0.147740,1.003823,0.050368,0.059424,1.370139,0.093398,-0.147154,1.731921,0.313011,-0.123859,2.005908,0.144570,0.092213,1.160370,0.067116,0.135400,0.789674,0.066355,0.135093,1.133628,0.098028,0.128081,0.898654,0.042982,0.088264,0.427060,0.023765,0.200850,0.997212,0.086462,0.227888,0.941647,0.049924,0.288372,1.240065
1074,0.048484,0.146863,1.005214,0.051540,0.059631,1.368768,0.091824,-0.141545,1.721773,0.310784,-0.117491,1.985924,0.145049,0.094007,1.142073,0.068196,0.134271,0.797087,0.067265,0.134700,1.131007,0.098946,0.128251,0.897721,0.043291,0.089690,0.429642,0.019632,0.201810,1.033200,0.080382,0.247074,0.988789,0.041690,0.303245,1.270259
1075,0.048511,0.148424,1.003093,0.051639,0.057517,1.373134,0.092693,-0.145298,1.727355,0.316725,-0.122110,2.005672,0.145987,0.093887,1.142747,0.066538,0.134587,0.816769,0.065537,0.135323,1.131926,0.097749,0.127477,0.888367,0.044463,0.094454,0.461679,0.018350,0.206801,1.045874,0.083439,0.246299,0.958436,0.050764,0.294425,1.222639
1076,0.048540,0.146953,1.009420,0.052770,0.059334,1.366854,0.091953,-0.140801,1.721314,0.320435,-0.125693,2.019865,0.147958,0.094014,1.140010,0.069200,0.133357,0.821595,0.066679,0.134844,1.126278,0.097131,0.127490,0.870804,0.045705,0.097126,0.473023,0.018626,0.210606,1.060006,0.084556,0.242957,0.980973,0.045809,0.273815,1.269809
1077,0.048837,0.145686,1.015491,0.054684,0.058980,1.365536,0.093652,-0.136501,1.712907,0.322516,-0.126127,2.026532,0.148485,0.094151,1.125606,0.072596,0.132831,0.840398,0.068629,0.137956,1.109577,0.097132,0.127466,0.854715,0.045522,0.092463,0.453590,0.014419,0.215201,1.108683,0.090642,0.267372,1.052976,0.049767,0.291570,1.251175
1078,0.047570,0.146166,1.025664,0.056412,0.065075,1.349658,0.094627,-0.134789,1.706828,0.321878,-0.121837,2.012338,0.148306,0.095733,1.104447,0.073591,0.131344,0.836584,0.069133,0.138216,1.112436,0.099212,0.129406,0.854638,0.046218,0.097302,0.474902,0.015347,0.217134,1.070177,0.085994,0.246739,0.975915,0.049261,0.297321,1.199831
1079,0.047335,0.147387,1.023013,0.058197,0.066251,1.344450,0.095157,-0.130647,1.698945,0.324591,-0.125146,2.024681,0.149139,0.095186,1.108234,0.073186,0.131966,0.830572,0.068627,0.139273,1.111394,0.097337,0.129282,0.853068,0.046990,0.100623,0.487072,0.013390,0.218165,1.065091,0.088191,0.239246,0.983502,0.053343,0.285742,1.214050
1080,0.048475,0.147072,1.021202,0.058737,0.063254,1.351432,0.096441,-0.133001,1.705524,0.323058,-0.129810,2.031366,0.150864,0.094830,1.128785,0.073257,0.132054,0.836402,0.069112,0.140353,1.106931,0.097217,0.129750,0.851451,0.046821,0.100778,0.487927,0.014449,0.216888,1.058542,0.090807,0.239949,0.988436,0.055058,0.284700,1.227034
1081,0.047960,0.147722,1.026927,0.057738,0.063207,1.352523,0.095663,-0.129527,1.697713,0.324115,-0.129178,2.026700,0.155149,0.093453,1.144739,0.073077,0.130207,0.821992,0.068555,0.139375,1.109214,0.095773,0.129633,0.847984,0.047348,0.098941,0.478358,0.015587,0.212850,1.056913,0.090341,0.261474,1.029494,0.042410,0.298403,1.257246
1082,0.048325,0.143978,1.029582,0.057848,0.063640,1.351388,0.096485,-0.127571,1.696345,0.325067,-0.128425,2.022994,0.156334,0.092896,1.141990,0.073991,0.130085,0.831510,0.068566,0.140859,1.104902,0.097227,0.130101,0.843617,0.049745,0.104734,0.509880,0.013135,0.216995,1.075068,0.088585,0.272941,1.068678,0.051216,0.299077,1.228010
1083,0.049685,0.146299,1.018929,0.060437,0.060637,1.355683,0.097770,-0.128932,1.698315,0.323843,-0.126661,2.015256,0.155681,0.093089,1.136461,0.071604,0.130123,0.827719,0.066416,0.140972,1.110626,0.095377,0.131974,0.844442,0.046552,0.098612,0.478936,0.016118,0.216183,1.042698,0.084302,0.245885,0.977058,0.044516,0.296305,1.234570
1084,0.051687,0.144926,1.032316,0.059449,0.057911,1.362505,0.097347,-0.132484,1.702823,0.318298,-0.123346,2.004986,0.152358,0.092574,1.137015,0.072050,0.129372,0.828437,0.064742,0.141439,1.117092,0.094757,0.133620,0.859197,0.046660,0.097979,0.472168,0.012997,0.214893,1.093492,0.085189,0.253959,1.015114,0.034995,0.302594,1.269943
1085,0.050047,0.142406,1.039607,0.056471,0.054168,1.374423,0.096749,-0.129482,1.698388,0.321325,-0.120283,1.998533,0.152527,0.093546,1.124315,0.071433,0.130480,0.825960,0.065498,0.137711,1.126739,0.095273,0.133328,0.859870,0.044696,0.101763,0.488517,0.011150,0.212151,1.067733,0.080895,0.255847,0.988421,0.030003,0.314297,1.255869
1086,0.050556,0.143185,1.042582,0.057494,0.054474,1.371818,0.097241,-0.127771,1.695163,0.320592,-0.120100,1.998817,0.152374,0.093730,1.127343,0.070242,0.131562,0.825547,0.065952,0.136755,1.125756,0.094506,0.132078,0.855200,0.046599,0.105134,0.506032,0.009488,0.219209,1.115774,0.081494,0.261810,1.020001,0.027077,0.318363,1.284487
1087,0.049510,0.145704,1.049404,0.059315,0.058199,1.361614,0.097416,-0.125708,1.690697,0.319812,-0.119665,1.996260,0.152681,0.093782,1.127509,0.070836,0.130184,0.827302,0.065023,0.139135,1.119168,0.094150,0.132077,0.849102,0.047073,0.103299,0.498492,0.011111,0.222704,1.102967,0.083969,0.243053,0.972452,0.037737,0.300609,1.271972
1088,0.050460,0.144124,1.050272,0.059741,0.059029,1.359738,0.098082,-0.129444,1.694494,0.319957,-0.124288,2.001689,0.155453,0.092490,1.139596,0.072927,0.128794,0.814953,0.067672,0.139591,1.116176,0.095377,0.132675,0.849619,0.049193,0.111279,0.530893,0.012329,0.215456,1.088091,0.084497,0.241996,0.976887,0.029045,0.304423,1.270508
1089,0.051498,0.144628,1.044139,0.060228,0.054937,1.367867,0.098732,-0.129081,1.695247,0.319014,-0.126458,2.003171,0.155791,0.091430,1.143420,0.074002,0.128473,0.821869,0.068372,0.136925,1.120999,0.096341,0.131521,0.856497,0.053825,0.101599,0.500448,0.010363,0.217684,1.149548,0.085587,0.249027,0.968399,0.029646,0.315718,1.239901
1090,0.051297,0.143611,1.051341,0.058861,0.061477,1.354519,0.095311,-0.125992,1.692526,0.320449,-0.126114,2.002327,0.158151,0.092298,1.137061,0.074738,0.129998,0.829619,0.069284,0.138691,1.113348,0.096372,0.131576,0.853785,0.051278,0.112682,0.547218,0.013561,0.208854,1.030019,0.087885,0.250220,0.980212,0.030814,0.313745,1.249191
1091,0.051347,0.146041,1.047791,0.058526,0.062271,1.353215,0.095555,-0.122502,1.686293,0.316941,-0.119271,1.984250,0.157039,0.092457,1.128698,0.073996,0.128652,0.835388,0.069838,0.140569,1.104206,0.096535,0.130889,0.844590,0.049162,0.112426,0.538331,0.009736,0.226399,1.168216,0.084600,0.248595,0.975256,0.039908,0.310406,1.223847
1092,0.052643,0.144886,1.051072,0.059029,0.060821,1.356097,0.097103,-0.122537,1.685818,0.313374,-0.115019,1.974289,0.154371,0.093238,1.126228,0.072933,0.129073,0.834859,0.068757,0.139834,1.097658,0.094513,0.128924,0.830663,0.051929,0.114853,0.550430,0.011026,0.233887,1.151579,0.081670,0.269193,0.999142,0.027706,0.334789,1.254086
1093,0.051807,0.145706,1.052614,0.061294,0.065194,1.343950,0.093968,-0.123313,1.688667,0.312575,-0.116446,1.973826,0.153697,0.093603,1.120875,0.075309,0.129431,0.846983,0.068444,0.138937,1.099324,0.095455,0.128169,0.830887,0.052818,0.113398,0.554416,0.009141,0.230645,1.158205,0.078073,0.279372,1.027688,0.025063,0.327016,1.246967
1094,0.051897,0.145732,1.043375,0.061389,0.066987,1.339699,0.093472,-0.123501,1.685063,0.314430,-0.120389,1.987893,0.154446,0.094023,1.116659,0.075267,0.129054,0.842602,0.071279,0.138821,1.089816,0.095678,0.128906,0.822260,0.051658,0.120890,0.578950,0.008939,0.230698,1.155461,0.079273,0.265244,1.002534,0.026869,0.316714,1.248980
1095,0.051322,0.144994,1.051698,0.059763,0.064202,1.348355,0.092763,-0.122108,1.686714,0.313082,-0.117702,1.981917,0.154695,0.094365,1.107008,0.075677,0.128175,0.835472,0.071394,0.143097,1.075420,0.095986,0.128295,0.804622,0.066847,0.153575,0.753036,0.006479,0.236740,1.156835,0.075276,0.318840,1.154721,0.015438,0.359233,1.314569
1096,0.051930,0.145814,1.048976,0.060450,0.064238,1.346791,0.093512,-0.121865,1.684256,0.314112,-0.120632,1.991250,0.153741,0.094334,1.106052,0.075893,0.128285,0.839181,0.072290,0.142309,1.073386,0.095274,0.127660,0.796225,0.058521,0.164054,0.790816,0.007977,0.218801,1.052203,0.077792,0.330134,1.191792,0.021155,0.359526,1.311773
1097,0.048593,0.144030,1.059678,0.059723,0.066207,1.343606,0.094949,-0.121772,1.686123,0.310840,-0.115197,1.972187,0.152853,0.095124,1.099788,0.074947,0.128289,0.832371,0.072877,0.140496,1.077121,0.095688,0.127936,0.794316,0.062342,0.155713,0.748228,0.006535,0.231759,1.156762,0.080937,0.339497,1.186744,0.025091,0.359810,1.303187
1098,0.048262,0.147856,1.053680,0.060754,0.068199,1.337795,0.093572,-0.119595,1.682109,0.308462,-0.113829,1.971365,0.152571,0.094852,1.102135,0.077244,0.129251,0.838646,0.071416,0.141849,1.078399,0.095205,0.128098,0.800000,0.066998,0.150412,0.732732,0.008419,0.220039,1.045012,0.076137,0.339967,1.213726,0.024879,0.353170,1.302366
1099,0.048931,0.148219,1.050144,0.061255,0.067168,1.339203,0.094569,-0.121250,1.683945,0.307265,-0.109412,1.960633,0.150766,0.095301,1.093979,0.076639,0.129046,0.836905,0.071616,0.139499,1.090751,0.095763,0.128825,0.814825,0.054726,0.109466,0.525183,0.010418,0.229263,1.156198,0.075549,0.303141,1.133306,0.023825,0.330613,1.312233
1100,0.049767,0.146058,1.050225,0.059642,0.065252,1.345214,0.095637,-0.122200,1.685919,0.303354,-0.105706,1.950003,0.150230,0.096255,1.088107,0.074175,0.128696,0.825117,0.071306,0.139284,1.092213,0.094572,0.128916,0.817645,0.055283,0.109500,0.532765,0.005746,0.233674,1.169197,0.073335,0.305351,1.127709,0.011503,0.348525,1.322537
1101,0.050202,0.146440,1.044590,0.060298,0.068313,1.337283,0.092734,-0.116158,1.675872,0.305059,-0.106183,1.949309,0.151358,0.096109,1.085839,0.073033,0.128020,0.815342,0.069789,0.137005,1.105092,0.094634,0.129412,0.827797,0.054149,0.107118,0.528470,0.012808,0.230721,1.165515,0.075141,0.324421,1.199974,0.007809,0.350096,1.367196
1102,0.050984,0.147548,1.037998,0.059169,0.070486,1.334014,0.092317,-0.115400,1.673590,0.309434,-0.105361,1.954675,0.148159,0.097113,1.080268,0.072698,0.128047,0.811256,0.066974,0.140181,1.102639,0.095131,0.130682,0.823457,0.054787,0.114275,0.552950,0.006035,0.235599,1.172448,0.086242,0.317107,1.150212,0.015359,0.361364,1.349997
1103,0.049840,0.147254,1.045112,0.059587,0.066202,1.343513,0.094587,-0.119239,1.682865,0.303905,-0.102693,1.944014,0.149250,0.097062,1.078859,0.073086,0.128700,0.810850,0.069037,0.139165,1.096940,0.094683,0.129026,0.821378,0.054285,0.111522,0.537488,0.008853,0.232753,1.165023,0.087236,0.303192,1.156313,0.013888,0.347685,1.362357
1104,0.050509,0.144971,1.046904,0.062953,0.061622,1.349502,0.093867,-0.121279,1.686112,0.304906,-0.104225,1.947219,0.150185,0.096500,1.082893,0.073263,0.126613,0.801976,0.068735,0.139208,1.097816,0.093592,0.129783,0.820277,0.054760,0.110629,0.547796,0.008238,0.231876,1.189821,0.084577,0.305474,1.130513,0.009564,0.354685,1.344223
1105,0.050211,0.147414,1.042411,0.060082,0.067704,1.339252,0.093678,-0.117168,1.677718,0.302457,-0.100007,1.936062,0.150151,0.096902,1.083592,0.073120,0.128625,0.805305,0.068350,0.139581,1.101504,0.094731,0.131561,0.829071,0.053436,0.110048,0.532976,0.008916,0.228325,1.163326,0.079820,0.303582,1.136507,0.001754,0.358272,1.370906
1106,0.050568,0.147317,1.031116,0.059573,0.066683,1.342217,0.092532,-0.117897,1.678156,0.303744,-0.099793,1.937299,0.149398,0.096880,1.078225,0.071619,0.128348,0.802578,0.068289,0.141249,1.098806,0.095363,0.131429,0.832638,0.059587,0.138111,0.682281,0.011166,0.229768,1.145499,0.084133,0.291311,1.130597,0.030869,0.323674,1.309448
1107,0.050734,0.147436,1.024947,0.061441,0.065983,1.341326,0.094979,-0.120487,1.682740,0.304131,-0.099522,1.941189,0.148185,0.096733,1.083281,0.071482,0.129091,0.808184,0.067734,0.139082,1.108351,0.095327,0.131126,0.840841,0.054092,0.113948,0.537927,0.009728,0.229042,1.158560,0.089393,0.282697,1.100843,0.020039,0.334583,1.329666
1108,0.052742,0.148081,1.021520,0.059990,0.066207,1.342747,0.092316,-0.117665,1.678611,0.304765,-0.101376,1.940650,0.149660,0.096711,1.081982,0.072076,0.129397,0.809478,0.065520,0.139747,1.113448,0.095172,0.131660,0.848181,0.055115,0.110232,0.526909,0.012122,0.232882,1.134422,0.084077,0.281957,1.045344,0.015976,0.343163,1.305206
1109,0.051182,0.146033,1.032643,0.058818,0.063792,1.349630,0.093569,-0.113679,1.672878,0.306882,-0.104264,1.949482,0.151354,0.096173,1.084986,0.072363,0.128204,0.814097,0.066868,0.139628,1.106332,0.093885,0.131660,0.849675,0.051536,0.099559,0.486961,0.011371,0.228032,1.144747,0.082747,0.300040,1.157006,0.009682,0.340231,1.365049
1110,0.051674,0.147749,1.025351,0.060476,0.065822,1.343052,0.092465,-0.118037,1.680164,0.306603,-0.103761,1.947286,0.150469,0.096278,1.085928,0.072061,0.128134,0.814060,0.065805,0.141741,1.103449,0.094460,0.132185,0.848239,0.052019,0.104688,0.503299,0.011816,0.226918,1.093321,0.081170,0.270678,1.024161,0.023186,0.339243,1.292134
1111,0.052771,0.147962,1.031326,0.060197,0.062350,1.351149,0.092577,-0.117848,1.679968,0.307952,-0.104661,1.952669,0.151531,0.096151,1.083609,0.072757,0.128353,0.820764,0.066838,0.140240,1.106057,0.093683,0.132101,0.846465,0.051503,0.103988,0.503090,0.009271,0.231153,1.145563,0.083708,0.290195,1.124666,0.011567,0.336682,1.357533
1112,0.052840,0.148152,1.029631,0.058776,0.066771,1.342968,0.090991,-0.113274,1.671174,0.309196,-0.107134,1.957279,0.152237,0.096135,1.077165,0.072472,0.128288,0.813219,0.065990,0.143085,1.100566,0.093952,0.132512,0.845985,0.051249,0.106576,0.512803,0.006512,0.235823,1.145614,0.083031,0.286411,1.084702,0.020090,0.343711,1.305030
1113,0.052429,0.147482,1.025841,0.057576,0.064382,1.349668,0.092827,-0.116389,1.677592,0.307953,-0.106386,1.955811,0.149811,0.096822,1.076849,0.071096,0.128287,0.810077,0.067322,0.142470,1.098799,0.094277,0.132374,0.843361,0.051416,0.109724,0.523167,0.006689,0.231435,1.135128,0.080680,0.280183,1.054253,0.013244,0.343952,1.308303
1114,0.051845,0.148336,1.018650,0.057517,0.065687,1.346906,0.091764,-0.115391,1.676853,0.305947,-0.105634,1.950273,0.150613,0.097012,1.070413,0.071302,0.128743,0.806342,0.066480,0.142998,1.098943,0.093938,0.132381,0.841238,0.050647,0.107921,0.515808,0.007645,0.233053,1.127850,0.079015,0.256275,0.998252,0.016357,0.330279,1.289651
1115,0.052473,0.147126,1.027874,0.059507,0.062351,1.352475,0.094034,-0.116857,1.681675,0.306515,-0.108836,1.956967,0.151135,0.096665,1.077812,0.072908,0.130339,0.821102,0.065798,0.142302,1.102250,0.094117,0.132955,0.846963,0.050965,0.108247,0.517803,0.006224,0.233845,1.138508,0.081733,0.266148,1.037767,0.019167,0.335183,1.305395
1116,0.051791,0.148041,1.025299,0.058474,0.062098,1.353857,0.094610,-0.116433,1.678412,0.306289,-0.114712,1.972087,0.158453,0.093129,1.106949,0.072778,0.128239,0.814014,0.067012,0.139672,1.106422,0.093659,0.132407,0.851482,0.048664,0.100328,0.486117,0.009172,0.228195,1.152291,0.074013,0.288229,1.137641,0.007139,0.333470,1.365924
1117,0.052172,0.147050,1.029925,0.057235,0.063258,1.352196,0.094877,-0.120262,1.685041,0.307070,-0.115703,1.982894,0.158838,0.092268,1.107452,0.074155,0.129087,0.821562,0.067149,0.140174,1.104788,0.093028,0.131713,0.847833,0.053545,0.099491,0.482832,0.009895,0.227260,1.143066,0.078879,0.281987,1.084256,0.008504,0.347485,1.330210
1118,0.052735,0.147696,1.028361,0.058468,0.061648,1.354244,0.094644,-0.118716,1.681877,0.307377,-0.111637,1.977941,0.156218,0.093287,1.089288,0.073936,0.127948,0.820211,0.067241,0.141181,1.105959,0.094014,0.132343,0.852039,0.050052,0.095767,0.468050,0.012923,0.227452,1.118931,0.081610,0.264278,1.043038,0.017492,0.331031,1.322598
1119,0.050395,0.145687,1.040978,0.055843,0.061896,1.357238,0.095919,-0.115324,1.676544,0.305486,-0.105318,1.953577,0.150473,0.096205,1.075174,0.071689,0.127720,0.815168,0.067454,0.138321,1.115100,0.093284,0.133238,0.860186,0.049279,0.105945,0.510653,0.009326,0.226425,1.136110,0.081478,0.252640,1.028960,0.014573,0.328986,1.306928
1120,0.051398,0.147069,1.028549,0.057831,0.061941,1.354494,0.094141,-0.118498,1.680725,0.307066,-0.104810,1.951853,0.149032,0.097449,1.066139,0.072264,0.130433,0.817408,0.064707,0.143230,1.111663,0.093518,0.134153,0.856687,0.047854,0.106723,0.512022,0.012071,0.224386,1.092141,0.076349,0.267530,1.083280,0.026636,0.296847,1.320811
1121,0.052114,0.145280,1.029173,0.058125,0.062342,1.353069,0.095451,-0.118670,1.680689,0.303887,-0.101278,1.942618,0.145535,0.098675,1.059984,0.071970,0.130445,0.813837,0.065624,0.141801,1.113415,0.092894,0.133946,0.853402,0.052795,0.103716,0.511274,0.006685,0.234630,1.162369,0.087358,0.275048,1.144125,0.014120,0.316772,1.365469
1122,0.052140,0.144036,1.038336,0.057590,0.060302,1.358629,0.095282,-0.117442,1.678556,0.303773,-0.100425,1.942320,0.146719,0.098367,1.062188,0.072980,0.130401,0.814602,0.065743,0.143269,1.109360,0.092082,0.133995,0.848756,0.050825,0.103660,0.499300,0.009064,0.228601,1.097788,0.087923,0.261344,1.067761,0.018766,0.316908,1.326161
1123,0.051402,0.145538,1.040948,0.057060,0.063258,1.352748,0.095082,-0.116249,1.677783,0.303539,-0.099239,1.935761,0.149027,0.097582,1.065725,0.073065,0.128974,0.816945,0.065528,0.140895,1.112953,0.092993,0.134201,0.850260,0.049863,0.101776,0.492354,0.009788,0.230112,1.148456,0.087485,0.275954,1.115315,0.020290,0.314289,1.337455
1124,0.051814,0.145794,1.031237,0.058342,0.060231,1.358634,0.096319,-0.118961,1.682843,0.310067,-0.109071,1.969152,0.150645,0.096556,1.069541,0.072178,0.128882,0.817157,0.066238,0.139597,1.112724,0.093414,0.132891,0.850560,0.051734,0.103443,0.499447,0.008958,0.227551,1.120821,0.078081,0.277033,1.058384,0.019439,0.332004,1.313030
1125,0.050308,0.148988,1.023015,0.057672,0.063039,1.352983,0.093195,-0.119264,1.683902,0.310409,-0.106176,1.958612,0.152835,0.096341,1.076812,0.073864,0.128837,0.816299,0.065272,0.141675,1.105297,0.093629,0.132422,0.842475,0.051769,0.104753,0.503981,0.014756,0.227516,1.090965,0.084524,0.263678,1.031533,0.028310,0.319522,1.306566
1126,0.053503,0.146952,1.030704,0.059834,0.063647,1.347733,0.094115,-0.116979,1.677582,0.310804,-0.105259,1.961266,0.149793,0.096594,1.075252,0.072954,0.128969,0.819013,0.068578,0.139925,1.106911,0.094212,0.132135,0.843672,0.053672,0.112473,0.539552,0.010154,0.228977,1.139699,0.083713,0.291670,1.120841,0.015916,0.338540,1.325743
1127,0.051344,0.146701,1.032489,0.057913,0.062547,1.352787,0.096336,-0.121242,1.683872,0.308620,-0.105688,1.960641,0.149206,0.097028,1.072541,0.071576,0.128824,0.809853,0.067848,0.140523,1.108038,0.093766,0.132755,0.849700,0.050892,0.106339,0.510848,0.009523,0.225764,1.123971,0.086650,0.275472,1.084335,0.013476,0.341047,1.321748
1128,0.051077,0.147048,1.019173,0.057126,0.066064,1.345701,0.094378,-0.118367,1.681650,0.307209,-0.102730,1.944555,0.148503,0.097320,1.076091,0.072425,0.128036,0.806503,0.067667,0.138655,1.113353,0.094513,0.133178,0.854315,0.050937,0.099281,0.477728,0.011306,0.216855,1.094802,0.082338,0.274411,1.073318,-0.001279,0.350628,1.361880
1129,0.052713,0.147436,1.028248,0.057370,0.062969,1.352633,0.096500,-0.118025,1.682136,0.314351,-0.107824,1.967056,0.150656,0.096709,1.074929,0.072622,0.128127,0.822467,0.066988,0.139537,1.113839,0.094562,0.132375,0.851433,0.049598,0.095550,0.467886,0.012699,0.224062,1.110370,0.076300,0.278746,1.057083,0.017631,0.331880,1.311323
1130,0.052126,0.146716,1.033026,0.057997,0.064288,1.348586,0.094554,-0.118684,1.682555,0.311429,-0.104786,1.963670,0.149467,0.097132,1.073205,0.072935,0.128227,0.817379,0.067646,0.139647,1.110491,0.094659,0.132354,0.848753,0.052233,0.095929,0.479525,0.010419,0.226236,1.157933,0.083227,0.288109,1.124346,0.018777,0.325405,1.333139
1131,0.050694,0.147789,1.018194,0.058601,0.063092,1.350909,0.095111,-0.118855,1.684959,0.309910,-0.102370,1.948843,0.150419,0.096708,1.072309,0.072793,0.127449,0.811096,0.067443,0.142262,1.100830,0.094341,0.132381,0.843653,0.050946,0.099867,0.487515,0.007821,0.231275,1.138723,0.085283,0.284039,1.092946,0.032931,0.320999,1.304514
1132,0.053024,0.146733,1.015495,0.059981,0.062738,1.350053,0.094727,-0.119628,1.686337,0.308353,-0.101131,1.944549,0.150478,0.097291,1.060195,0.072610,0.127990,0.810677,0.066529,0.141335,1.105176,0.094434,0.132818,0.841096,0.052567,0.095368,0.466707,0.008772,0.229114,1.135332,0.081145,0.281620,1.072697,0.016628,0.337008,1.329831
1133,0.054848,0.147137,1.028131,0.059951,0.061929,1.352170,0.095077,-0.118991,1.682741,0.313454,-0.107079,1.969038,0.152434,0.096117,1.080166,0.072537,0.127858,0.811926,0.068225,0.139218,1.110196,0.095410,0.131721,0.842399,0.053958,0.107681,0.515009,0.010253,0.223491,1.126946,0.075034,0.242604,0.938719,0.003642,0.342595,1.322535
1134,0.051856,0.145397,1.033918,0.058629,0.060934,1.355823,0.096876,-0.117291,1.679778,0.311727,-0.104352,1.964912,0.149464,0.096289,1.080535,0.072519,0.128436,0.806471,0.069157,0.138353,1.108350,0.094298,0.131022,0.843776,0.050659,0.107109,0.514268,0.010272,0.221764,1.145205,0.083354,0.264017,1.065223,0.006307,0.332868,1.335911
1135,0.052918,0.146684,1.028392,0.058104,0.063543,1.350242,0.097515,-0.116025,1.676054,0.310301,-0.104476,1.963352,0.148340,0.097377,1.066782,0.071422,0.129450,0.809841,0.069059,0.140180,1.106800,0.095092,0.131876,0.846152,0.050152,0.110803,0.530259,0.006593,0.227388,1.128813,0.085619,0.261447,1.029171,0.026667,0.330002,1.281085
1136,0.051675,0.148726,1.025666,0.057457,0.062108,1.354480,0.096313,-0.118539,1.684459,0.310508,-0.102249,1.953522,0.148671,0.097674,1.064734,0.073521,0.128580,0.805433,0.066750,0.138552,1.114634,0.095346,0.132185,0.850313,0.052716,0.103688,0.510550,0.015807,0.227538,1.129263,0.077398,0.287920,1.128373,0.013640,0.328199,1.339523
1137,0.051847,0.147008,1.022739,0.057159,0.060514,1.358247,0.094992,-0.119693,1.686939,0.308568,-0.105315,1.959967,0.149749,0.097289,1.066373,0.073682,0.128659,0.814694,0.068156,0.141587,1.103288,0.094667,0.132904,0.850933,0.050389,0.104619,0.502749,0.009284,0.225004,1.110311,0.088169,0.268933,1.053900,0.036524,0.323832,1.272044
1138,0.052508,0.145211,1.029472,0.058266,0.059505,1.359462,0.096272,-0.120183,1.685638,0.309174,-0.104473,1.953347,0.149822,0.097418,1.061752,0.072479,0.128293,0.811882,0.066989,0.142243,1.106467,0.095099,0.133565,0.846370,0.049489,0.102195,0.493645,0.013041,0.226371,1.141914,0.081322,0.265588,1.037778,0.020435,0.319614,1.318789
1139,0.052429,0.147310,1.026984,0.059495,0.061674,1.353298,0.096894,-0.118175,1.680870,0.311418,-0.104431,1.960393,0.150485,0.097291,1.065535,0.072176,0.129627,0.826564,0.065977,0.139817,1.118111,0.094449,0.132904,0.848794,0.049721,0.100635,0.482833,0.014677,0.218343,1.056364,0.077935,0.248364,0.989657,0.021763,0.316507,1.278893
1140,0.053768,0.144517,1.032502,0.056483,0.061411,1.356701,0.094545,-0.118515,1.685379,0.311920,-0.105476,1.960891,0.150785,0.097289,1.064134,0.072153,0.130011,0.826380,0.065845,0.138095,1.119318,0.095212,0.131966,0.848423,0.048883,0.098220,0.478077,0.014194,0.218946,1.106180,0.081475,0.267261,1.053087,0.022404,0.318419,1.310167
1141,0.051462,0.146563,1.034703,0.056728,0.061260,1.357190,0.096120,-0.117692,1.683798,0.308167,-0.101459,1.950850,0.147757,0.097721,1.068887,0.072136,0.128026,0.811781,0.067901,0.139969,1.108323,0.094653,0.133061,0.854242,0.049490,0.105133,0.506798,0.009289,0.225578,1.121318,0.085477,0.275173,1.111457,0.026191,0.315136,1.314868
1142,0.050860,0.146205,1.029588,0.056499,0.062305,1.354918,0.095014,-0.115282,1.678625,0.309051,-0.098080,1.945794,0.148938,0.097375,1.070286,0.073064,0.129348,0.821722,0.067476,0.139232,1.113169,0.093872,0.131911,0.847988,0.048850,0.102804,0.496846,0.012365,0.221415,1.096180,0.081130,0.268359,1.067016,0.018762,0.320577,1.308882
1143,0.052277,0.147616,1.026606,0.059690,0.065548,1.344108,0.094536,-0.117104,1.679016,0.310105,-0.096067,1.942659,0.146891,0.098563,1.052895,0.072953,0.128393,0.816806,0.067087,0.141403,1.110019,0.094795,0.133288,0.847291,0.049104,0.101427,0.490988,0.011409,0.221872,1.102265,0.077670,0.282691,1.100329,0.014943,0.328076,1.308502
1144,0.052400,0.145276,1.031748,0.059004,0.058606,1.360603,0.095649,-0.119795,1.684993,0.308948,-0.098406,1.947258,0.149301,0.097979,1.054794,0.072572,0.129248,0.820109,0.066741,0.139747,1.114440,0.094072,0.132323,0.847473,0.050321,0.102714,0.495745,0.013350,0.219436,1.110587,0.085641,0.269569,1.043280,0.017427,0.333333,1.295837
1145,0.052099,0.147318,1.024532,0.059463,0.064827,1.345983,0.094756,-0.117926,1.683295,0.309183,-0.097779,1.944822,0.148164,0.098090,1.059107,0.072930,0.128628,0.814248,0.066880,0.141099,1.106485,0.093640,0.132751,0.845119,0.048465,0.099653,0.483923,0.011244,0.226533,1.119037,0.084315,0.271368,1.088035,0.024449,0.322811,1.306227
1146,0.051107,0.146770,1.025267,0.058149,0.064594,1.347797,0.093891,-0.116753,1.682941,0.313122,-0.103031,1.958738,0.150212,0.097289,1.066617,0.073171,0.128042,0.814411,0.066172,0.141502,1.104227,0.094523,0.132808,0.844431,0.048944,0.097705,0.476368,0.010250,0.228803,1.137401,0.086295,0.269065,1.073987,0.026446,0.314972,1.311455
1147,0.052454,0.147314,1.029582,0.059892,0.064913,1.345175,0.093873,-0.118026,1.681990,0.313644,-0.103424,1.959678,0.150068,0.097061,1.071299,0.072461,0.127925,0.813316,0.067421,0.139636,1.110721,0.095150,0.131930,0.840654,0.050755,0.100049,0.485751,0.015471,0.223497,1.092039,0.081377,0.264852,1.043518,0.017171,0.329432,1.300708
1148,0.051949,0.147171,1.029103,0.058653,0.061709,1.353767,0.096317,-0.116152,1.679664,0.311824,-0.100749,1.958218,0.148588,0.097338,1.066367,0.072297,0.127758,0.808279,0.068773,0.137937,1.112924,0.095254,0.131901,0.843011,0.051815,0.101333,0.489501,0.013282,0.217980,1.106965,0.074608,0.267964,1.072880,-0.004787,0.335926,1.339640
1149,0.052960,0.146293,1.036522,0.058898,0.063115,1.350644,0.093870,-0.116380,1.680154,0.310208,-0.100609,1.951454,0.148157,0.097670,1.068744,0.073258,0.127753,0.799854,0.069173,0.137081,1.115390,0.095675,0.131591,0.853090,0.052843,0.108626,0.522465,0.013438,0.219572,1.117256,0.080257,0.270933,1.070010,0.014491,0.324017,1.296763
1150,0.051747,0.147684,1.026303,0.057361,0.060398,1.358174,0.095389,-0.118934,1.684279,0.309257,-0.098256,1.946618,0.148241,0.097722,1.066955,0.073090,0.129118,0.813216,0.068828,0.138405,1.108884,0.094103,0.131909,0.848484,0.050392,0.107411,0.519158,0.010346,0.229675,1.144283,0.078858,0.289570,1.154346,0.019674,0.313800,1.333589
1151,0.053372,0.146829,1.026816,0.059310,0.060719,1.355090,0.094874,-0.117748,1.680116,0.310437,-0.100577,1.948526,0.147482,0.097988,1.066804,0.071100,0.128087,0.811135,0.067350,0.140812,1.107051,0.095224,0.132294,0.849321,0.049504,0.103111,0.495928,0.014111,0.223379,1.069642,0.085300,0.254473,1.021870,0.027402,0.308745,1.295362
1152,0.052526,0.148542,1.022269,0.059375,0.064914,1.345675,0.095784,-0.119797,1.685304,0.314194,-0.109286,1.973282,0.150136,0.097431,1.060766,0.072646,0.128689,0.816941,0.069554,0.137826,1.110689,0.095539,0.131400,0.851029,0.052284,0.105640,0.507331,0.014297,0.216905,1.090140,0.082264,0.271137,1.058919,0.015161,0.335679,1.283262
1153,0.051680,0.148377,1.025544,0.057816,0.062856,1.351893,0.096049,-0.120168,1.685866,0.313313,-0.109615,1.972865,0.150041,0.097519,1.061847,0.072614,0.129182,0.820162,0.068683,0.136524,1.116320,0.095142,0.130849,0.851190,0.051723,0.101346,0.492718,0.014314,0.215233,1.097553,0.072468,0.280609,1.078038,0.004396,0.338102,1.303588
1154,0.053323,0.147511,1.021593,0.060002,0.062537,1.350385,0.096027,-0.120260,1.687951,0.312535,-0.110713,1.975140,0.152120,0.096131,1.077183,0.073560,0.128830,0.811961,0.068647,0.139907,1.103751,0.094603,0.131315,0.851129,0.051343,0.103556,0.499419,0.010953,0.220758,1.094253,0.085753,0.257765,1.019544,0.021783,0.320724,1.293918
1155,0.053698,0.149420,1.020596,0.059251,0.064497,1.346833,0.096530,-0.117395,1.683488,0.312736,-0.103203,1.958636,0.150693,0.096570,1.081258,0.072463,0.129406,0.814802,0.069961,0.137233,1.107319,0.097682,0.130076,0.851536,0.055363,0.113683,0.546022,0.017741,0.219001,1.108351,0.073607,0.277616,1.068909,-0.013311,0.317999,1.412193
1156,0.052701,0.148472,1.027158,0.059569,0.060763,1.355016,0.096475,-0.119553,1.685070,0.312305,-0.103546,1.962820,0.149998,0.096165,1.080163,0.073032,0.128577,0.814863,0.070479,0.136861,1.106886,0.097391,0.129515,0.845253,0.059725,0.109219,0.541842,0.014546,0.225484,1.138154,0.073240,0.291686,1.121817,-0.015557,0.323347,1.434865
1157,0.052772,0.146871,1.035533,0.060944,0.062506,1.349550,0.095223,-0.119501,1.683832,0.312597,-0.104292,1.970368,0.148570,0.097040,1.060432,0.072180,0.127917,0.811829,0.068457,0.141099,1.105341,0.096141,0.131730,0.839919,0.053586,0.108017,0.521082,0.009325,0.226409,1.129336,0.085357,0.270219,1.055046,0.012772,0.338856,1.303894
1158,0.052140,0.149375,1.022527,0.056836,0.063873,1.351114,0.096207,-0.118528,1.683844,0.312535,-0.100266,1.954016,0.147453,0.098145,1.057760,0.073217,0.128182,0.810397,0.068980,0.140437,1.108503,0.095555,0.133491,0.850336,0.051093,0.101695,0.491423,0.013311,0.224390,1.083677,0.081099,0.262256,1.022951,0.021744,0.326781,1.290779
1159,0.052358,0.143122,1.028178,0.056616,0.059192,1.361952,0.094745,-0.123359,1.694083,0.313649,-0.104716,1.972680,0.147476,0.098352,1.045229,0.072662,0.130630,0.830762,0.066361,0.137559,1.120204,0.093869,0.132028,0.849333,0.050500,0.101824,0.493376,0.012324,0.222874,1.114572,0.079835,0.268777,1.054526,0.015830,0.318166,1.322176
1160,0.052470,0.146633,1.036625,0.058158,0.061291,1.355708,0.094644,-0.121569,1.689928,0.310908,-0.100111,1.956038,0.147725,0.098525,1.050066,0.071749,0.128236,0.815064,0.066626,0.140599,1.110572,0.095169,0.133280,0.849710,0.052087,0.103837,0.500727,0.013373,0.217834,1.093845,0.088858,0.251790,0.999144,0.019397,0.321040,1.306789
1161,0.051333,0.147878,1.027073,0.056782,0.061419,1.356614,0.095429,-0.122548,1.689193,0.311184,-0.100326,1.950833,0.147822,0.098562,1.049205,0.071751,0.128028,0.816146,0.067204,0.137917,1.117985,0.095198,0.132396,0.855559,0.050599,0.102609,0.495330,0.012730,0.223830,1.109639,0.082983,0.255184,0.996813,0.020985,0.321750,1.297719
1162,0.052418,0.146091,1.041435,0.056372,0.064211,1.350720,0.095055,-0.116137,1.678617,0.314495,-0.099494,1.952167,0.146167,0.098963,1.048798,0.072739,0.128317,0.818768,0.068031,0.136154,1.119138,0.094878,0.131525,0.848700,0.054357,0.103908,0.508022,0.010039,0.224637,1.143489,0.081858,0.290233,1.129178,0.003473,0.323239,1.368909
1163,0.053480,0.150591,1.034000,0.058741,0.061914,1.353743,0.094570,-0.118266,1.681156,0.312291,-0.104034,1.961236,0.150547,0.098007,1.048256,0.074320,0.127200,0.811774,0.069410,0.138342,1.111522,0.095994,0.131599,0.848839,0.058443,0.113660,0.541696,0.011499,0.230113,1.131572,0.087343,0.272824,1.045532,0.017714,0.332104,1.286026
1164,0.052186,0.149634,1.029746,0.059373,0.062529,1.351255,0.096116,-0.118045,1.684102,0.307252,-0.100951,1.946413,0.151294,0.097485,1.058272,0.073291,0.127630,0.814639,0.068412,0.140992,1.100596,0.093861,0.131495,0.841735,0.053871,0.104996,0.505524,0.008615,0.231285,1.146776,0.089646,0.272422,1.071753,0.016009,0.331599,1.336062
1165,0.053840,0.147657,1.040052,0.059644,0.061794,1.352984,0.096595,-0.118340,1.681648,0.309462,-0.101174,1.952280,0.149082,0.097468,1.062807,0.073191,0.127457,0.815481,0.069551,0.140924,1.099350,0.094944,0.131666,0.837407,0.054071,0.115026,0.555463,0.007026,0.234515,1.160784,0.084301,0.289096,1.125633,0.000748,0.346298,1.376160
1166,0.051774,0.147383,1.046433,0.057763,0.062489,1.353727,0.096596,-0.115660,1.677070,0.310582,-0.103970,1.959763,0.150332,0.097199,1.060786,0.072122,0.126884,0.812767,0.069549,0.137824,1.106639,0.095509,0.131287,0.836835,0.054148,0.115342,0.553221,0.013132,0.217563,1.056935,0.078227,0.285185,1.115735,-0.004125,0.346254,1.386973
1167,0.052651,0.146824,1.047474,0.058483,0.061713,1.354591,0.098320,-0.118200,1.681386,0.310709,-0.099701,1.951365,0.149284,0.097837,1.057796,0.072534,0.127345,0.815735,0.070010,0.139078,1.104407,0.094654,0.131737,0.832779,0.056226,0.109125,0.523583,0.006866,0.232126,1.175373,0.081884,0.296201,1.158005,-0.002974,0.351802,1.378561
1168,0.053633,0.147097,1.039460,0.058910,0.060513,1.356332,0.095280,-0.119533,1.683334,0.307896,-0.097730,1.947060,0.150090,0.097760,1.052494,0.074300,0.126571,0.812226,0.067716,0.144602,1.093268,0.093978,0.133191,0.832941,0.056504,0.104385,0.503555,0.010077,0.236772,1.134676,0.089019,0.277079,1.106881,0.024597,0.312107,1.346470
1169,0.051027,0.149914,1.027053,0.057587,0.062734,1.353131,0.095322,-0.120831,1.689773,0.307246,-0.099612,1.947998,0.152676,0.096784,1.062781,0.074089,0.126980,0.810688,0.066323,0.141514,1.098763,0.092645,0.132335,0.830097,0.055849,0.105127,0.508265,0.010744,0.235938,1.132578,0.077152,0.294627,1.151651,0.006837,0.322775,1.413051
1170,0.053375,0.145774,1.039948,0.058464,0.060839,1.356719,0.095144,-0.114530,1.674416,0.308406,-0.100393,1.948325,0.151731,0.096882,1.067325,0.073644,0.126305,0.808265,0.067956,0.143205,1.090346,0.093941,0.132201,0.826262,0.054975,0.114309,0.544091,0.007331,0.236148,1.150178,0.082284,0.278524,1.113993,0.012881,0.319850,1.364251
1171,0.053725,0.146865,1.039451,0.059192,0.059482,1.358731,0.096677,-0.120630,1.687088,0.308570,-0.101652,1.953846,0.152487,0.096823,1.064282,0.073871,0.127376,0.818962,0.070267,0.138721,1.099840,0.095167,0.130822,0.833625,0.056755,0.118447,0.567002,0.013797,0.218917,1.053325,0.093553,0.297217,1.215187,0.018475,0.328548,1.368636
1172,0.052795,0.147055,1.038823,0.059427,0.062039,1.352738,0.095966,-0.117941,1.683711,0.308087,-0.101047,1.950796,0.153743,0.096110,1.074404,0.073699,0.126011,0.814405,0.070123,0.139298,1.098471,0.095021,0.131657,0.831158,0.054284,0.120105,0.561792,0.009589,0.230343,1.160463,0.090212,0.293258,1.184154,0.019425,0.324143,1.361161
1173,0.051535,0.146877,1.041811,0.060305,0.061747,1.352372,0.096871,-0.115083,1.678257,0.310402,-0.103395,1.958300,0.155199,0.095257,1.081521,0.074142,0.125850,0.811698,0.070597,0.140535,1.093950,0.093821,0.131413,0.825382,0.053728,0.116211,0.552756,0.008465,0.235266,1.153520,0.094273,0.297123,1.205170,0.028581,0.307583,1.369941
1174,0.052329,0.147272,1.037448,0.059875,0.062282,1.351495,0.095157,-0.116276,1.681480,0.311234,-0.107480,1.965901,0.155877,0.094634,1.089427,0.073383,0.126556,0.808584,0.068811,0.140700,1.097872,0.094614,0.130728,0.826366,0.055692,0.110994,0.528877,0.010818,0.238280,1.143800,0.092171,0.303756,1.172650,0.026434,0.328223,1.353312
1175,0.051879,0.147591,1.030860,0.059393,0.064015,1.348705,0.093747,-0.117912,1.682778,0.311186,-0.106943,1.969801,0.152692,0.094732,1.083915,0.072313,0.127056,0.804348,0.067211,0.143434,1.095585,0.093585,0.132092,0.826546,0.056720,0.103672,0.499268,0.010573,0.238109,1.132914,0.088808,0.279722,1.099200,0.032704,0.313416,1.321029
1176,0.052235,0.147543,1.026098,0.060253,0.064807,1.344699,0.094595,-0.115849,1.677872,0.310582,-0.103148,1.955704,0.150167,0.096612,1.066858,0.073143,0.127741,0.811932,0.066927,0.140427,1.107595,0.094368,0.131776,0.828303,0.054826,0.098207,0.480822,0.013318,0.228875,1.146380,0.074742,0.306531,1.182064,0.001376,0.353950,1.381682
1177,0.053065,0.145599,1.030830,0.060596,0.064033,1.346386,0.095555,-0.119596,1.685807,0.311661,-0.102928,1.958560,0.150622,0.097076,1.060771,0.073859,0.127252,0.811006,0.068537,0.139519,1.109118,0.095519,0.132974,0.841500,0.053173,0.104754,0.507850,0.010963,0.229345,1.152698,0.083947,0.279540,1.126501,0.017374,0.328232,1.336066
1178,0.049334,0.150554,1.016700,0.058795,0.064917,1.347597,0.093624,-0.117406,1.683641,0.308270,-0.096071,1.936512,0.150167,0.097771,1.055343,0.073867,0.127975,0.808773,0.066129,0.145580,1.097914,0.094113,0.134056,0.843064,0.053709,0.101605,0.492146,0.010778,0.231780,1.107430,0.088797,0.244900,0.980335,0.038033,0.299429,1.298196
1179,0.050076,0.145270,1.037538,0.057706,0.057785,1.364865,0.094230,-0.119938,1.688771,0.306281,-0.097905,1.936529,0.149305,0.098089,1.050924,0.073679,0.128625,0.810261,0.065189,0.142283,1.106879,0.093812,0.133747,0.842482,0.052456,0.100426,0.493661,0.011304,0.229990,1.152433,0.083060,0.270212,1.073965,0.018442,0.323382,1.345410
1180,0.049888,0.144539,1.037069,0.056800,0.057805,1.365806,0.094099,-0.120728,1.689768,0.305875,-0.097922,1.936664,0.148921,0.097983,1.053354,0.073739,0.129177,0.812456,0.065716,0.141129,1.112208,0.094083,0.133735,0.847733,0.051158,0.096992,0.473013,0.012769,0.228140,1.137860,0.081027,0.283179,1.100617,0.021704,0.322658,1.342655
1181,0.050574,0.143128,1.041865,0.056839,0.057337,1.366449,0.095235,-0.120378,1.688721,0.309064,-0.099651,1.947637,0.149226,0.098126,1.051442,0.073653,0.129720,0.818917,0.066918,0.137250,1.119721,0.095113,0.132727,0.852394,0.051223,0.100792,0.490096,0.013437,0.219334,1.093649,0.075890,0.261294,1.035814,0.013692,0.319551,1.325861
1182,0.050990,0.145258,1.028388,0.055469,0.063291,1.354279,0.095590,-0.114785,1.679172,0.311919,-0.101054,1.956429,0.148863,0.098118,1.054025,0.072921,0.129818,0.814222,0.066610,0.139313,1.113392,0.094068,0.132316,0.849782,0.048557,0.107255,0.521805,0.013764,0.226550,1.138425,0.076586,0.284297,1.100454,0.022077,0.322921,1.322454
1183,0.050438,0.146405,1.030900,0.057150,0.060011,1.360106,0.095121,-0.116782,1.684181,0.312356,-0.103496,1.965728,0.149442,0.097917,1.055466,0.072968,0.128407,0.810016,0.066847,0.140707,1.106352,0.094159,0.132320,0.849711,0.052375,0.100019,0.485191,0.011458,0.228770,1.118050,0.084119,0.275684,1.062397,0.028431,0.325384,1.297934
1184,0.050592,0.147708,1.025985,0.058119,0.061702,1.355218,0.095158,-0.114396,1.679937,0.309414,-0.103337,1.954383,0.151127,0.097312,1.060920,0.073900,0.127660,0.808430,0.068686,0.142191,1.103254,0.094516,0.133575,0.854647,0.052069,0.098060,0.477246,0.009935,0.230676,1.118851,0.090300,0.266884,1.049255,0.033706,0.321209,1.301822
1185,0.051546,0.146367,1.038010,0.056563,0.060481,1.359377,0.093898,-0.115029,1.679733,0.313199,-0.103263,1.962865,0.150581,0.097353,1.057770,0.073099,0.129589,0.828326,0.064199,0.140754,1.118141,0.094016,0.133554,0.855715,0.051114,0.103975,0.500630,0.016446,0.229170,1.102559,0.085372,0.267658,1.025905,0.030193,0.327247,1.281728
1186,0.050458,0.142711,1.039657,0.056429,0.060098,1.360368,0.094359,-0.117191,1.683297,0.306345,-0.096781,1.940208,0.147739,0.097836,1.068039,0.073255,0.130373,0.829315,0.066705,0.140027,1.112161,0.094427,0.133209,0.854722,0.052614,0.103688,0.497504,0.015143,0.222450,1.096815,0.077780,0.258431,1.003946,0.017471,0.314851,1.327244
1187,0.051802,0.145203,1.027132,0.056067,0.061705,1.357363,0.096061,-0.117414,1.683820,0.308707,-0.100302,1.944923,0.149660,0.097576,1.061424,0.073086,0.128866,0.813607,0.068088,0.138002,1.113509,0.094047,0.131907,0.848526,0.050809,0.097553,0.480373,0.012112,0.221798,1.129818,0.078208,0.281506,1.093194,0.012935,0.331217,1.333244
1188,0.051942,0.146292,1.032763,0.057658,0.060404,1.358208,0.094887,-0.116663,1.682205,0.307779,-0.098399,1.934611,0.148507,0.097756,1.065875,0.073607,0.128518,0.811072,0.069268,0.139987,1.105761,0.094981,0.132933,0.849053,0.056370,0.104696,0.504347,0.013781,0.222929,1.117831,0.080990,0.282060,1.057775,0.017535,0.341933,1.293178
1189,0.052875,0.149238,1.024275,0.058739,0.065123,1.346296,0.095783,-0.116985,1.682750,0.311406,-0.106327,1.962007,0.150468,0.097363,1.062996,0.072886,0.127641,0.810388,0.069072,0.138799,1.107879,0.096344,0.131177,0.850491,0.054499,0.108940,0.525320,0.014553,0.224251,1.119834,0.077577,0.273922,1.007817,0.010757,0.347959,1.299732
1190,0.052046,0.147333,1.029128,0.058787,0.061938,1.353332,0.097199,-0.117050,1.679576,0.313884,-0.105709,1.966241,0.149550,0.097160,1.068943,0.072892,0.127880,0.813553,0.068729,0.140144,1.106468,0.094664,0.132248,0.852133,0.053492,0.106294,0.511556,0.015175,0.224755,1.101612,0.082579,0.274544,1.071208,0.021393,0.328798,1.293605
1191,0.052740,0.146874,1.030376,0.058902,0.058730,1.360591,0.096489,-0.118442,1.683741,0.308802,-0.103040,1.949825,0.149563,0.097262,1.071218,0.073078,0.128370,0.816086,0.068099,0.139314,1.108179,0.094637,0.131726,0.854945,0.053845,0.108413,0.521759,0.014002,0.228215,1.114133,0.079262,0.280343,1.066145,0.018951,0.330383,1.309201
1192,0.051263,0.147295,1.032787,0.058827,0.061452,1.354359,0.096496,-0.117097,1.679121,0.311773,-0.104892,1.961869,0.150987,0.096460,1.076122,0.074503,0.128636,0.817196,0.069476,0.137879,1.108471,0.095574,0.130135,0.845555,0.058268,0.110098,0.535978,0.013099,0.232719,1.129241,0.081136,0.296053,1.135208,0.009128,0.327156,1.349843
1193,0.053281,0.147051,1.038707,0.060198,0.063169,1.349136,0.095822,-0.113388,1.673887,0.311484,-0.105858,1.968615,0.150661,0.096244,1.082465,0.073957,0.129375,0.817814,0.069163,0.141022,1.100508,0.095808,0.131232,0.835994,0.060025,0.109936,0.525192,0.014006,0.228168,1.133741,0.073024,0.282584,1.048567,-0.001395,0.342148,1.334190
1194,0.051723,0.147922,1.035933,0.060192,0.061589,1.352363,0.096844,-0.115495,1.676858,0.309913,-0.104054,1.956064,0.150892,0.096574,1.078626,0.073145,0.129027,0.821146,0.069856,0.138420,1.108029,0.095889,0.131104,0.845763,0.057759,0.108362,0.525897,0.012570,0.227458,1.139132,0.075288,0.286293,1.100818,0.001514,0.340265,1.347981
1195,0.050525,0.148691,1.028745,0.057895,0.064833,1.347501,0.094205,-0.114576,1.678369,0.311560,-0.109359,1.976633,0.152322,0.095465,1.075652,0.073215,0.127995,0.807297,0.068938,0.138707,1.105082,0.094739,0.130356,0.841936,0.056385,0.107329,0.520587,0.012725,0.228879,1.128727,0.080428,0.290816,1.118934,0.010305,0.335914,1.344721
1196,0.052354,0.147168,1.034506,0.059739,0.060954,1.354527,0.097417,-0.116606,1.678523,0.308882,-0.100752,1.952451,0.148645,0.097252,1.072992,0.072642,0.128550,0.816032,0.069891,0.140410,1.104064,0.094704,0.131569,0.840094,0.055594,0.105359,0.514180,0.011216,0.229348,1.135313,0.081335,0.274678,1.063054,0.014390,0.330127,1.316428
1197,0.052193,0.147130,1.022792,0.058102,0.063390,1.350682,0.095829,-0.116749,1.682887,0.309676,-0.100539,1.946864,0.149103,0.097414,1.068885,0.072894,0.128900,0.812131,0.068648,0.140386,1.103944,0.094411,0.131976,0.841950,0.052568,0.109082,0.516087,0.012839,0.223267,1.078447,0.078357,0.268779,1.074963,0.024259,0.314745,1.318877
1198,0.052097,0.144821,1.038750,0.059474,0.062627,1.351317,0.095146,-0.115992,1.679416,0.312444,-0.104085,1.963120,0.151521,0.096577,1.066621,0.073995,0.127315,0.810510,0.069398,0.140826,1.103843,0.095079,0.132530,0.842099,0.054587,0.107428,0.514121,0.011072,0.221717,1.109559,0.082040,0.269545,1.058375,0.016724,0.324908,1.324049
1199,0.049858,0.147099,1.019257,0.057758,0.062611,1.352751,0.095865,-0.114174,1.678222,0.309264,-0.097642,1.945306,0.150228,0.097304,1.055103,0.073339,0.128516,0.811962,0.068279,0.141764,1.104025,0.094355,0.133141,0.847005,0.048947,0.101760,0.486595,0.012626,0.221026,1.063435,0.083206,0.260684,1.009502,0.031279,0.320778,1.274046
1200,0.052981,0.144316,1.031428,0.058283,0.061837,1.354244,0.094345,-0.119327,1.686880,0.308172,-0.097080,1.941716,0.150932,0.097168,1.054575,0.073414,0.128275,0.817254,0.068628,0.140771,1.107280,0.095344,0.134016,0.846814,0.049727,0.099057,0.481828,0.013177,0.220539,1.109705,0.084940,0.260417,1.036693,0.025711,0.318988,1.297508
1201,0.051628,0.143782,1.035505,0.058012,0.057095,1.365358,0.095527,-0.122903,1.690936,0.309705,-0.101440,1.961611,0.148399,0.097306,1.058000,0.073666,0.129567,0.826158,0.066743,0.135924,1.124979,0.094701,0.131903,0.859007,0.049433,0.096043,0.471421,0.017329,0.212727,1.064718,0.066710,0.280328,1.115500,0.000543,0.324915,1.351936
1202,0.053376,0.144809,1.034986,0.058382,0.055990,1.367128,0.095761,-0.122396,1.690154,0.310812,-0.099307,1.949388,0.148064,0.098127,1.043044,0.072874,0.129898,0.821289,0.067831,0.135834,1.125070,0.094793,0.132166,0.864869,0.049182,0.097613,0.471462,0.015231,0.214520,1.067518,0.077050,0.249848,0.983028,0.018457,0.318402,1.285210
1203,0.051124,0.147232,1.021151,0.057741,0.066076,1.344904,0.092853,-0.114649,1.676702,0.314704,-0.102708,1.964473,0.146430,0.099142,1.039071,0.073276,0.130333,0.817695,0.066912,0.139976,1.115246,0.094989,0.132708,0.861557,0.050013,0.098510,0.478398,0.013817,0.215818,1.078779,0.073022,0.265768,1.049205,0.001230,0.321012,1.355588
1204,0.051692,0.147933,1.021975,0.057930,0.065403,1.346476,0.094808,-0.114014,1.675514,0.312604,-0.101337,1.955884,0.145538,0.099467,1.039944,0.072322,0.131140,0.815001,0.066974,0.141072,1.110903,0.094307,0.132493,0.856419,0.050773,0.101130,0.493288,0.011732,0.220519,1.105988,0.075395,0.273860,1.075311,0.012873,0.317766,1.326550
1205,0.053383,0.146182,1.023951,0.056500,0.062447,1.354520,0.095150,-0.115853,1.677844,0.313555,-0.104416,1.961934,0.147097,0.099099,1.039448,0.072267,0.130123,0.813544,0.068733,0.137513,1.114677,0.094619,0.131512,0.853238,0.050252,0.106018,0.515584,0.011494,0.223108,1.139909,0.073154,0.294153,1.139717,0.012809,0.331237,1.345148
1206,0.051176,0.145462,1.039179,0.056448,0.060376,1.359457,0.097933,-0.116679,1.682284,0.311405,-0.102942,1.961785,0.147123,0.098808,1.048045,0.073415,0.128545,0.810251,0.069251,0.137593,1.108554,0.093927,0.131645,0.848998,0.052447,0.106790,0.516592,0.010676,0.226828,1.155716,0.076849,0.277660,1.065593,0.017303,0.336396,1.302154
1207,0.054552,0.145912,1.025545,0.059086,0.063410,1.349597,0.095486,-0.117050,1.680607,0.312994,-0.107231,1.966737,0.150342,0.097424,1.062665,0.073685,0.128371,0.819384,0.067163,0.141069,1.105489,0.094221,0.131795,0.849528,0.054899,0.106456,0.509914,0.011739,0.231527,1.119405,0.077672,0.269250,1.040586,0.020510,0.328903,1.301759
1208,0.050616,0.149949,1.014851,0.058658,0.065104,1.346595,0.095508,-0.114214,1.674805,0.311332,-0.102577,1.962566,0.149093,0.097589,1.064849,0.073246,0.129430,0.816257,0.066889,0.142428,1.102967,0.094875,0.132277,0.853876,0.054570,0.105093,0.512108,0.008361,0.234118,1.139053,0.083762,0.292390,1.117064,0.022126,0.334720,1.316618
1209,0.051507,0.145696,1.032395,0.058077,0.061949,1.353961,0.097279,-0.118666,1.685483,0.310092,-0.101605,1.959161,0.149914,0.097273,1.068182,0.072637,0.129887,0.822961,0.068395,0.137912,1.110605,0.094192,0.131237,0.848945,0.053263,0.107707,0.516357,0.011018,0.226530,1.132095,0.077089,0.281784,1.062250,0.016729,0.333901,1.318224
1210,0.052963,0.145569,1.034367,0.059607,0.059518,1.357804,0.096733,-0.121478,1.689842,0.310042,-0.105341,1.966248,0.148357,0.097110,1.077760,0.073183,0.128764,0.821677,0.067936,0.139146,1.107738,0.095177,0.131019,0.853493,0.055712,0.101985,0.492844,0.011854,0.230017,1.122136,0.083516,0.277166,1.045604,0.019928,0.335408,1.302833
1211,0.052013,0.148388,1.026583,0.058580,0.060797,1.355935,0.096734,-0.118652,1.686450,0.311834,-0.105886,1.971359,0.151274,0.096330,1.078046,0.073516,0.129958,0.816413,0.067700,0.138057,1.111346,0.094226,0.130488,0.849828,0.055236,0.102616,0.495861,0.011957,0.227007,1.109455,0.081705,0.265428,1.044488,0.014086,0.325429,1.316845
1212,0.052650,0.148223,1.031912,0.057937,0.064905,1.347338,0.094999,-0.117344,1.682738,0.318478,-0.108421,1.991392,0.150075,0.096682,1.064234,0.073072,0.131734,0.823482,0.069727,0.134978,1.115871,0.095895,0.129051,0.847669,0.058879,0.113406,0.542113,0.011832,0.225890,1.114550,0.074049,0.296913,1.086413,0.008142,0.339036,1.307684
1213,0.051468,0.148771,1.031588,0.059530,0.064830,1.345809,0.096158,-0.115400,1.680767,0.315468,-0.100490,1.972865,0.148292,0.097379,1.057162,0.072965,0.130879,0.832981,0.068574,0.138376,1.109893,0.095673,0.130193,0.844852,0.058068,0.113066,0.535323,0.013009,0.225386,1.089673,0.079180,0.285592,1.053524,0.021561,0.333728,1.249953
1214,0.053744,0.146856,1.028673,0.060403,0.061473,1.353032,0.096005,-0.120153,1.685474,0.313096,-0.102303,1.971662,0.147444,0.097623,1.053294,0.072993,0.129317,0.828030,0.065179,0.139956,1.114901,0.094132,0.132168,0.857204,0.055092,0.106281,0.509389,0.012081,0.227705,1.115160,0.078164,0.287245,1.063082,0.016218,0.341444,1.305925
1215,0.053705,0.145771,1.034768,0.058134,0.056115,1.367158,0.096927,-0.120823,1.687487,0.312848,-0.097232,1.956721,0.144065,0.099047,1.046304,0.073007,0.130839,0.831295,0.068183,0.138109,1.117205,0.094442,0.132363,0.857407,0.047697,0.108564,0.503299,0.014802,0.218597,1.060670,0.078327,0.244108,0.956322,0.026276,0.299617,1.292782
1216,0.050419,0.147243,1.036032,0.055966,0.062757,1.354775,0.093572,-0.117443,1.679938,0.313141,-0.098038,1.961954,0.143010,0.099300,1.027841,0.072409,0.130700,0.824632,0.065703,0.140122,1.117145,0.093536,0.132111,0.859077,0.049974,0.103850,0.491390,0.012514,0.221283,1.081589,0.079117,0.255801,0.968695,0.030389,0.324529,1.252426
1217,0.052065,0.146894,1.029170,0.055978,0.063333,1.353374,0.095171,-0.115664,1.675713,0.312872,-0.092588,1.946315,0.140794,0.101276,1.014247,0.071471,0.131826,0.823604,0.066204,0.141616,1.114262,0.093864,0.133079,0.857286,0.049511,0.103037,0.492094,0.009868,0.220157,1.058759,0.078925,0.247312,0.970167,0.035490,0.297281,1.260698
1218,0.050541,0.147679,1.029032,0.056697,0.060623,1.359141,0.095111,-0.119918,1.683527,0.306789,-0.089254,1.932089,0.139969,0.101890,1.014134,0.071977,0.131323,0.825304,0.064352,0.144258,1.111706,0.092745,0.134706,0.860997,0.050159,0.112094,0.533449,0.007102,0.225545,1.106883,0.081027,0.244010,0.978384,0.030335,0.304054,1.267026
1219,0.051005,0.144604,1.038449,0.056985,0.057081,1.366510,0.097083,-0.119601,1.683373,0.307266,-0.087775,1.930019,0.138491,0.102181,1.015781,0.071387,0.131681,0.832158,0.065116,0.141639,1.119367,0.092780,0.134077,0.864063,0.048851,0.108989,0.514663,0.006584,0.216082,1.065044,0.078098,0.247977,0.953835,0.013189,0.317562,1.268750
1220,0.049707,0.145020,1.036613,0.056667,0.057670,1.365279,0.098731,-0.121788,1.689145,0.308576,-0.088036,1.931088,0.138694,0.102323,1.015940,0.071397,0.131849,0.828348,0.064201,0.140763,1.122113,0.090775,0.134309,0.869158,0.051432,0.118573,0.555491,0.004164,0.230610,1.148106,0.084031,0.243512,0.954398,0.021215,0.300788,1.301412
1221,0.049779,0.144968,1.038285,0.057179,0.056671,1.367195,0.099503,-0.122178,1.690864,0.310403,-0.093254,1.947645,0.140641,0.101093,1.028941,0.070860,0.131426,0.828990,0.064655,0.139237,1.125423,0.090757,0.133831,0.865783,0.052320,0.119865,0.561524,0.005436,0.230319,1.148368,0.082013,0.250309,0.958594,0.024158,0.295056,1.305685
1222,0.050335,0.145418,1.033196,0.057962,0.055607,1.368870,0.099500,-0.124450,1.695371,0.310075,-0.092831,1.943636,0.141564,0.101020,1.025911,0.071713,0.131875,0.831579,0.064351,0.140925,1.120435,0.091407,0.134663,0.869340,0.049315,0.112482,0.524237,0.005975,0.227728,1.105258,0.091650,0.241293,0.933894,0.026588,0.307759,1.287006
1223,0.050439,0.144967,1.036565,0.057343,0.057926,1.364380,0.099216,-0.120857,1.687776,0.313458,-0.094587,1.951485,0.141848,0.100947,1.025830,0.071058,0.132063,0.835298,0.063953,0.140615,1.123321,0.092293,0.133363,0.874504,0.050479,0.112553,0.527607,0.009068,0.226371,1.092050,0.085674,0.240085,0.944795,0.032186,0.292151,1.277536
1224,0.050018,0.144636,1.032530,0.056535,0.058409,1.363502,0.099708,-0.122882,1.691973,0.312199,-0.094180,1.959459,0.141535,0.101076,1.020959,0.071150,0.131991,0.833486,0.063403,0.138987,1.127896,0.090797,0.132417,0.867236,0.047531,0.120652,0.572240,-0.001641,0.235101,1.136292,0.080435,0.270179,1.044619,0.014213,0.310305,1.326802
1225,0.049944,0.144469,1.035443,0.055606,0.057181,1.367555,0.100051,-0.123091,1.693154,0.312384,-0.095583,1.957834,0.141414,0.101147,1.022566,0.070480,0.131931,0.829990,0.063961,0.138899,1.126924,0.090509,0.133266,0.865300,0.046954,0.120298,0.565827,-0.004305,0.234147,1.146958,0.080686,0.262390,1.032716,0.014330,0.302418,1.322539
1226,0.049485,0.144533,1.036143,0.055966,0.057698,1.366156,0.099049,-0.121999,1.690634,0.310781,-0.095303,1.954471,0.141102,0.100973,1.029426,0.070792,0.131853,0.830097,0.063660,0.140452,1.124190,0.090082,0.134184,0.866616,0.047139,0.118609,0.559298,0.004913,0.223343,1.128424,0.082347,0.251247,1.004785,0.019958,0.289230,1.322866
1227,0.050407,0.143808,1.027642,0.057184,0.061767,1.355249,0.099287,-0.121551,1.688695,0.306796,-0.091715,1.938333,0.139944,0.100871,1.036931,0.070137,0.131791,0.835666,0.065682,0.139900,1.123806,0.090717,0.135162,0.872945,0.049410,0.119065,0.559762,0.000571,0.221194,1.153360,0.088845,0.237523,0.942262,0.031112,0.297090,1.274856
1228,0.050798,0.144918,1.017515,0.057975,0.064997,1.346707,0.099511,-0.120755,1.687328,0.307245,-0.088643,1.933242,0.140086,0.100998,1.032392,0.070342,0.131371,0.835081,0.066106,0.140832,1.120025,0.090994,0.134754,0.870836,0.050164,0.115004,0.543593,0.001037,0.223078,1.158194,0.087817,0.241075,0.961780,0.028007,0.298286,1.275286
1229,0.051387,0.143809,1.023894,0.057725,0.064195,1.348939,0.098223,-0.120289,1.685480,0.304616,-0.088118,1.931263,0.138959,0.101360,1.031793,0.070858,0.131711,0.837029,0.067996,0.139960,1.121055,0.091694,0.134910,0.873736,0.050008,0.111518,0.529946,0.002176,0.218120,1.124255,0.091157,0.232229,0.912011,0.031541,0.302757,1.250369
1230,0.051977,0.142513,1.037202,0.057469,0.062848,1.352890,0.099826,-0.120620,1.688437,0.309554,-0.092302,1.945557,0.139231,0.101334,1.033378,0.070504,0.131724,0.836022,0.066510,0.138669,1.125282,0.090006,0.134858,0.872289,0.050575,0.113566,0.538663,0.006211,0.202733,1.065276,0.086520,0.223406,0.899349,0.023196,0.301116,1.252820
1231,0.050485,0.144173,1.021204,0.057707,0.065695,1.345553,0.095628,-0.119395,1.683333,0.308469,-0.093513,1.948215,0.140974,0.100638,1.035719,0.071231,0.131712,0.838607,0.066541,0.138375,1.129416,0.090905,0.134802,0.875900,0.051475,0.111835,0.531839,0.007804,0.200883,1.047399,0.085832,0.237857,0.936906,0.019980,0.311174,1.258935
1232,0.051236,0.144334,1.029602,0.056537,0.062455,1.354594,0.098220,-0.120777,1.689391,0.306809,-0.091850,1.944849,0.139388,0.100944,1.040567,0.069850,0.131981,0.836372,0.065721,0.138892,1.126440,0.089997,0.134383,0.871769,0.048655,0.116398,0.551019,0.006229,0.205476,1.069891,0.085281,0.230710,0.911413,0.031287,0.300606,1.212075
1233,0.052594,0.144353,1.021519,0.057965,0.063242,1.351332,0.097021,-0.120310,1.685116,0.308490,-0.095708,1.953133,0.140297,0.101053,1.034884,0.070574,0.131728,0.835323,0.067779,0.141105,1.120984,0.092459,0.135173,0.873953,0.048049,0.112302,0.532559,0.008737,0.204709,1.034112,0.080994,0.214207,0.829035,0.037618,0.303007,1.134714
1234,0.051861,0.142273,1.035993,0.058198,0.058880,1.360377,0.098004,-0.120758,1.685345,0.309997,-0.097679,1.961730,0.139613,0.100623,1.040842,0.070830,0.132109,0.843720,0.065823,0.141927,1.122862,0.091570,0.135297,0.873719,0.050640,0.115706,0.545786,0.010137,0.204541,1.034686,0.085585,0.239425,0.939070,0.036991,0.313350,1.197461
1235,0.052608,0.142480,1.033369,0.057840,0.062081,1.354033,0.094804,-0.118520,1.684667,0.305770,-0.093700,1.944211,0.140880,0.100620,1.042714,0.069598,0.132102,0.839792,0.064936,0.141993,1.121750,0.091542,0.135836,0.873787,0.048489,0.119283,0.563038,0.007712,0.203111,1.046472,0.081560,0.234166,0.903491,0.029744,0.316426,1.196376
1236,0.052593,0.142627,1.032097,0.060868,0.060036,1.354870,0.095489,-0.117996,1.682003,0.305626,-0.092646,1.935329,0.143246,0.100101,1.055035,0.071283,0.132772,0.843662,0.065598,0.141052,1.121846,0.091575,0.135791,0.874761,0.050377,0.113507,0.537173,0.006236,0.216413,1.121459,0.082865,0.231279,0.895208,0.035123,0.315003,1.180527
1237,0.052420,0.142837,1.037143,0.058864,0.061747,1.353590,0.096241,-0.120809,1.687747,0.309634,-0.097918,1.958988,0.143445,0.098912,1.056183,0.070207,0.130180,0.833357,0.066741,0.138496,1.125927,0.092046,0.134532,0.871001,0.051668,0.107715,0.513671,0.003500,0.224858,1.130273,0.081267,0.233426,0.905379,0.013716,0.311179,1.247779
1238,0.052891,0.143087,1.035112,0.060909,0.057267,1.360808,0.097589,-0.122809,1.687502,0.310391,-0.100493,1.963552,0.144565,0.099428,1.031054,0.071808,0.130104,0.825139,0.066678,0.136783,1.132999,0.093275,0.134554,0.880733,0.047096,0.103475,0.487828,0.008546,0.215164,1.072330,0.079227,0.246728,0.972229,0.021812,0.318620,1.226410
1239,0.052446,0.144770,1.029258,0.060587,0.061720,1.352022,0.098026,-0.118400,1.680375,0.308913,-0.095894,1.955783,0.141256,0.099846,1.040231,0.071820,0.133160,0.835682,0.065577,0.138862,1.128617,0.092646,0.133140,0.873046,0.049211,0.102911,0.494512,0.006303,0.215283,1.067354,0.081832,0.240441,0.932836,0.019188,0.314339,1.228838
1240,0.052079,0.144626,1.030336,0.060546,0.058581,1.358559,0.096877,-0.121139,1.684645,0.309652,-0.097537,1.954611,0.142899,0.099983,1.039984,0.071677,0.132606,0.839006,0.066108,0.138176,1.131274,0.093034,0.133824,0.876046,0.047436,0.103130,0.489482,0.007279,0.210836,1.045854,0.081133,0.243332,0.944729,0.017573,0.313455,1.242176
1241,0.053038,0.143734,1.020030,0.062072,0.060956,1.350962,0.097922,-0.120212,1.682094,0.310951,-0.100008,1.960747,0.145228,0.099109,1.042780,0.071238,0.131030,0.832985,0.066272,0.138928,1.127377,0.093692,0.134093,0.876488,0.046501,0.092052,0.439227,0.007351,0.212819,1.028523,0.077289,0.237109,0.903595,0.013751,0.315385,1.254509
1242,0.051088,0.144037,1.015581,0.061221,0.061565,1.351345,0.099367,-0.119810,1.684042,0.312035,-0.098292,1.968428,0.141707,0.098652,1.030150,0.071499,0.131601,0.825039,0.067793,0.136143,1.128640,0.093822,0.131957,0.869403,0.046700,0.099750,0.484418,0.005833,0.216826,1.116652,0.079265,0.242634,0.942046,0.018620,0.319637,1.247191
1243,0.052196,0.143588,1.024705,0.059587,0.059816,1.356927,0.095688,-0.115567,1.676166,0.308719,-0.096710,1.952829,0.142409,0.100866,1.022275,0.072767,0.132129,0.835039,0.067176,0.138653,1.123407,0.093104,0.132952,0.862128,0.045412,0.095542,0.460748,0.008072,0.210204,1.065477,0.072052,0.233857,0.893551,0.019426,0.319859,1.205996
1244,0.052061,0.145676,1.022443,0.059958,0.062730,1.349794,0.095111,-0.120077,1.683887,0.308133,-0.098821,1.952722,0.144655,0.100295,1.025161,0.072050,0.131286,0.849023,0.067741,0.136331,1.128149,0.094642,0.133042,0.869918,0.045002,0.102068,0.493621,0.005806,0.212888,1.124804,0.075284,0.223719,0.893682,0.015862,0.307007,1.261041
1245,0.050745,0.146126,1.019197,0.060307,0.064841,1.344798,0.096288,-0.117924,1.679317,0.311833,-0.104484,1.969708,0.145941,0.099595,1.034030,0.072251,0.130712,0.848781,0.067182,0.137216,1.127882,0.094390,0.133118,0.869244,0.045711,0.091606,0.450510,0.003575,0.220163,1.134391,0.080350,0.241226,0.963491,0.013192,0.314613,1.289904
1246,0.050648,0.144337,1.018245,0.060259,0.059526,1.356902,0.097253,-0.121040,1.685080,0.312902,-0.101335,1.973227,0.147055,0.097992,1.035897,0.072066,0.130446,0.849857,0.066510,0.136506,1.130408,0.093629,0.131630,0.864369,0.046415,0.093839,0.460122,0.007670,0.216906,1.118973,0.078645,0.214381,0.870214,0.019130,0.302917,1.242403
1247,0.052765,0.143872,1.024173,0.059282,0.061824,1.352713,0.096117,-0.120124,1.683163,0.307777,-0.095496,1.945245,0.143478,0.100230,1.033141,0.072064,0.131237,0.848778,0.067296,0.137771,1.124409,0.093802,0.133273,0.861069,0.045996,0.089853,0.443637,0.003713,0.221547,1.119792,0.078966,0.236642,0.944793,0.011569,0.314829,1.288593
1248,0.051606,0.145834,1.003623,0.060275,0.064171,1.346052,0.095196,-0.117148,1.678569,0.309891,-0.098827,1.958241,0.146129,0.099381,1.035318,0.073471,0.130774,0.850103,0.066555,0.141734,1.119173,0.094144,0.134218,0.863388,0.048939,0.095487,0.469897,0.005311,0.220664,1.127259,0.077889,0.214384,0.850067,0.018659,0.308581,1.236335
1249,0.051622,0.143764,1.017386,0.060416,0.062535,1.350178,0.096629,-0.116676,1.679747,0.311373,-0.099606,1.967397,0.144128,0.099092,1.022630,0.072000,0.131101,0.847509,0.066814,0.135743,1.131300,0.092721,0.131678,0.859453,0.046040,0.100737,0.493969,0.004350,0.223080,1.145103,0.081209,0.261319,1.017296,0.009635,0.326087,1.303933
1250,0.053304,0.145506,1.008702,0.058919,0.063652,1.349345,0.095476,-0.118188,1.683276,0.307865,-0.097663,1.953621,0.142963,0.100486,1.025578,0.072607,0.131352,0.842835,0.066209,0.141974,1.116759,0.093084,0.134457,0.856878,0.046579,0.085910,0.428720,0.005433,0.219703,1.091450,0.080228,0.274561,1.078434,0.019688,0.306502,1.289363
1251,0.053014,0.143758,1.017362,0.060339,0.057913,1.360708,0.096033,-0.119631,1.686728,0.308675,-0.099602,1.958140,0.144876,0.099665,1.036051,0.071834,0.131532,0.833765,0.066815,0.141185,1.117579,0.093280,0.134644,0.858855,0.047818,0.089388,0.442797,0.009475,0.216503,1.099316,0.079499,0.251473,0.988372,0.015190,0.302781,1.301733
1252,0.052671,0.144969,1.019005,0.058888,0.061819,1.353448,0.095429,-0.118627,1.683372,0.310145,-0.095444,1.955143,0.144288,0.099705,1.026567,0.072246,0.130996,0.830226,0.066317,0.141058,1.119298,0.093020,0.134399,0.858590,0.048055,0.092402,0.454779,0.007446,0.218671,1.117936,0.077062,0.275433,1.075749,0.012438,0.309752,1.312390
1253,0.053614,0.144189,1.021336,0.060158,0.061826,1.352249,0.093835,-0.122812,1.692269,0.308318,-0.096346,1.945398,0.143709,0.100193,1.029830,0.070589,0.130253,0.820459,0.064956,0.140640,1.120564,0.093244,0.135359,0.861930,0.049431,0.095370,0.471806,0.009192,0.208889,1.057703,0.074969,0.282359,1.088476,0.007378,0.329984,1.308472
1254,0.053617,0.143169,1.025077,0.059690,0.059610,1.357486,0.097134,-0.120645,1.686632,0.310588,-0.093459,1.945140,0.144632,0.100359,1.021478,0.072664,0.132479,0.838227,0.067207,0.139099,1.123342,0.092861,0.134832,0.859528,0.048002,0.093704,0.459159,0.006732,0.215894,1.128199,0.079245,0.263711,1.032344,0.010022,0.320876,1.295118
1255,0.053414,0.143221,1.022964,0.060064,0.058407,1.359890,0.095460,-0.123165,1.691251,0.310670,-0.098747,1.960297,0.144487,0.100065,1.029259,0.072242,0.131900,0.839041,0.066435,0.139537,1.122431,0.092572,0.134204,0.855509,0.046294,0.095052,0.467044,0.006767,0.215947,1.119738,0.077452,0.292234,1.114636,0.006895,0.324772,1.299460
