frame,joint_16_x,joint_16_y,joint_16_z,joint_14_x,joint_14_y,joint_14_z,joint_12_x,joint_12_y,joint_12_z,joint_11_x,joint_11_y,joint_11_z,joint_13_x,joint_13_y,joint_13_z,joint_15_x,joint_15_y,joint_15_z,joint_24_x,joint_24_y,joint_24_z,joint_23_x,joint_23_y,joint_23_z,joint_25_x,joint_25_y,joint_25_z,joint_26_x,joint_26_y,joint_26_z,joint_27_x,joint_27_y,joint_27_z,joint_28_x,joint_28_y,joint_28_z
0,0.455140,-1.037627,4.369705,0.516200,-1.127352,4.328256,0.640950,-1.410405,4.340809,1.188437,-1.287752,4.698135,1.334402,-0.812824,4.658679,1.164660,-0.831414,4.748105,0.645054,-0.787473,4.607066,0.937968,-0.657240,4.704222,0.800001,-0.195975,4.681394,0.320301,-0.411193,4.623331,0.601618,0.047048,4.587956,0.431897,-0.213238,4.641566
1,0.261719,-0.882576,4.392738,0.393395,-0.953246,4.322070,0.484456,-1.211479,4.357962,1.009418,-1.137596,4.736032,1.016500,-0.699795,4.751222,0.933376,-0.678250,4.779231,0.422492,-0.468123,4.553962,0.720508,-0.453026,4.715286,0.534300,-0.146162,4.767589,0.108114,-0.358422,4.600749,0.511412,0.163846,4.527707,0.135691,-0.155798,4.604655
2,0.363983,-0.939363,4.390286,0.453320,-1.017249,4.322312,0.548084,-1.304275,4.351244,1.079141,-1.212426,4.737647,1.091326,-0.742743,4.751516,1.020887,-0.627078,4.748254,0.449000,-0.231740,4.512576,0.619280,-0.309523,4.712305,0.631200,0.050211,4.636861,0.076713,-0.216593,4.599720,0.548040,0.306867,4.378621,0.209707,-0.163507,4.613952
3,0.392462,-0.967459,4.397119,0.505033,-1.041032,4.267089,0.588113,-1.361989,4.346172,1.119797,-1.259791,4.740568,1.222603,-0.772713,4.709973,1.091785,-0.753506,4.766050,0.511167,-0.456823,4.564915,0.805098,-0.204014,4.649776,0.618822,0.325360,4.453197,0.146881,-0.293257,4.629388,0.556975,0.393627,4.301227,0.431928,-0.064883,4.513761
4,0.398777,-0.952147,4.422073,0.530961,-0.998521,4.320149,0.604231,-1.365578,4.359585,1.145538,-1.247773,4.735275,1.245772,-0.772344,4.706532,1.118024,-0.763007,4.761985,0.515984,-0.573688,4.581110,0.828610,-0.383311,4.700315,0.548755,0.038587,4.658254,0.146639,-0.345169,4.637815,0.570210,0.468420,4.181023,0.477123,-0.145725,4.557854
5,0.379143,-1.007810,4.428203,0.489799,-1.100257,4.325703,0.601996,-1.411292,4.352781,1.160108,-1.287907,4.738343,1.244945,-0.824303,4.713104,1.128961,-0.795427,4.754807,0.538268,-0.652137,4.598386,0.842937,-0.467592,4.714090,0.603460,-0.037369,4.692758,0.199186,-0.393647,4.649074,0.462503,0.204263,4.480091,0.473533,-0.142608,4.541349
6,0.418942,-0.983282,4.411326,0.518747,-1.058146,4.329851,0.609833,-1.415240,4.353338,1.158287,-1.279759,4.735848,1.291902,-0.778972,4.696648,1.130855,-0.790174,4.765766,0.537020,-0.683384,4.597634,0.832518,-0.499881,4.726055,0.600147,-0.038341,4.696879,0.145000,-0.401083,4.656450,0.516672,0.222952,4.475084,0.423031,-0.218433,4.575903
7,0.424457,-0.979037,4.404297,0.527905,-1.075044,4.331388,0.625481,-1.387819,4.354550,1.164163,-1.292812,4.731734,1.300330,-0.793405,4.698208,1.152996,-0.796416,4.760466,0.548379,-0.672445,4.584290,0.843824,-0.487659,4.713682,0.638932,-0.007699,4.664970,0.134908,-0.425299,4.615644,0.509933,0.172275,4.516618,0.443823,-0.198313,4.565297
8,0.410023,-0.997995,4.401654,0.488247,-1.036675,4.332244,0.615877,-1.396460,4.356359,1.168453,-1.277223,4.725436,1.257568,-0.804943,4.710976,1.144646,-0.778388,4.745029,0.551166,-0.687494,4.579087,0.867065,-0.512004,4.707816,0.639545,-0.031692,4.674481,0.128247,-0.428810,4.616113,0.641339,0.287249,4.423497,0.405995,-0.175637,4.556874
9,0.414066,-0.996774,4.402133,0.494648,-1.009818,4.325166,0.610887,-1.375560,4.354901,1.164950,-1.269371,4.723615,1.268088,-0.777184,4.693923,1.143231,-0.770415,4.742093,0.549588,-0.687141,4.580380,0.854503,-0.517436,4.712719,0.628901,-0.056814,4.688077,0.152006,-0.423724,4.607274,0.590050,0.242279,4.447819,0.404390,-0.195347,4.566504
10,0.419627,-0.961279,4.385253,0.488619,-0.987945,4.337855,0.608756,-1.376000,4.355230,1.164109,-1.266209,4.724664,1.269095,-0.777577,4.703419,1.135702,-0.755453,4.746276,0.551863,-0.687530,4.586986,0.861329,-0.517537,4.715852,0.623502,-0.069755,4.691438,0.151384,-0.417311,4.645158,0.578484,0.187328,4.497734,0.334137,-0.209946,4.605393
11,0.411496,-0.984887,4.396646,0.499951,-1.020219,4.347388,0.612816,-1.371474,4.356697,1.165395,-1.266901,4.720835,1.265339,-0.752311,4.694263,1.141385,-0.773813,4.745826,0.560758,-0.687150,4.584246,0.876241,-0.523607,4.712235,0.649877,-0.065305,4.687357,0.159843,-0.420186,4.614573,0.585530,0.198700,4.484757,0.414040,-0.171340,4.582626
12,0.406075,-1.008279,4.401025,0.511578,-1.038441,4.352605,0.613032,-1.371652,4.351803,1.162184,-1.270134,4.713919,1.263586,-0.771755,4.693468,1.130602,-0.784189,4.744924,0.557181,-0.687379,4.583862,0.861930,-0.528601,4.715199,0.632865,-0.076524,4.695973,0.148383,-0.412816,4.626104,0.581065,0.235002,4.460314,0.295066,-0.237376,4.622341
13,0.418536,-1.006285,4.404852,0.505194,-1.008925,4.341530,0.612245,-1.378311,4.346913,1.159845,-1.275145,4.723506,1.252612,-0.788140,4.705392,1.120232,-0.774693,4.751500,0.555968,-0.692714,4.586194,0.856155,-0.535623,4.720562,0.650317,-0.055077,4.691142,0.126450,-0.415486,4.631640,0.603645,0.271752,4.437528,0.378217,-0.173135,4.563809
14,0.417091,-1.003722,4.392086,0.485434,-1.010839,4.339684,0.615299,-1.375860,4.350637,1.157015,-1.273033,4.720524,1.275635,-0.779186,4.694115,1.134581,-0.764103,4.749402,0.557451,-0.686706,4.587233,0.865594,-0.530359,4.717957,0.644889,-0.068310,4.697927,0.134181,-0.415322,4.654026,0.628963,0.260832,4.448661,0.353252,-0.207593,4.596463
15,0.419321,-1.001127,4.402741,0.535386,-1.058255,4.333553,0.615530,-1.385442,4.353795,1.152622,-1.261684,4.723656,1.280017,-0.746600,4.687943,1.142224,-0.787407,4.752491,0.556227,-0.684044,4.589242,0.858967,-0.520542,4.717000,0.645236,-0.044734,4.690115,0.132992,-0.417499,4.656507,0.616604,0.239490,4.460865,0.363910,-0.235269,4.606433
16,0.415289,-0.992015,4.394021,0.502175,-0.995202,4.333107,0.610338,-1.370178,4.358367,1.156824,-1.260477,4.725169,1.228722,-0.760262,4.710933,1.135525,-0.778890,4.754004,0.553030,-0.671774,4.588566,0.869847,-0.500691,4.712233,0.652439,-0.015807,4.664747,0.121203,-0.417356,4.640983,0.627407,0.245437,4.437837,0.330044,-0.247065,4.623909
17,0.415167,-1.007160,4.413273,0.518116,-1.056893,4.318268,0.618111,-1.378482,4.355544,1.157317,-1.264011,4.727777,1.262510,-0.791731,4.706957,1.146833,-0.768755,4.752380,0.547039,-0.683392,4.590642,0.860829,-0.507253,4.716114,0.638578,-0.040499,4.688201,0.133209,-0.403114,4.643101,0.640998,0.317882,4.378724,0.315805,-0.229513,4.600571
18,0.420831,-0.966183,4.415176,0.520525,-1.002732,4.320903,0.611007,-1.377762,4.354778,1.155099,-1.256076,4.732627,1.253077,-0.773716,4.705801,1.142642,-0.785353,4.745085,0.544400,-0.676471,4.582387,0.847103,-0.494664,4.716104,0.618350,-0.016502,4.667450,0.138895,-0.407811,4.656418,0.627677,0.294860,4.399903,0.325664,-0.214754,4.593869
19,0.432041,-0.965827,4.408233,0.509107,-1.005079,4.323186,0.615429,-1.381388,4.352559,1.157871,-1.265912,4.727724,1.275361,-0.785697,4.704291,1.152353,-0.773311,4.750090,0.543081,-0.674812,4.584085,0.848724,-0.500942,4.715963,0.640970,-0.041515,4.680850,0.138912,-0.401205,4.649292,0.590056,0.224918,4.455228,0.355259,-0.248972,4.612469
20,0.422016,-0.980462,4.411956,0.496650,-1.019224,4.321923,0.612395,-1.372615,4.354524,1.158311,-1.265740,4.725362,1.264669,-0.810310,4.701718,1.146654,-0.765291,4.744238,0.538364,-0.682658,4.590056,0.854403,-0.503611,4.716298,0.648192,-0.047196,4.687150,0.141837,-0.408002,4.653249,0.607636,0.285775,4.405283,0.368551,-0.221109,4.594247
21,0.408757,-1.006598,4.407111,0.508205,-1.057070,4.309495,0.615244,-1.367246,4.348893,1.158500,-1.264446,4.728672,1.278076,-0.776728,4.693457,1.153481,-0.780247,4.748666,0.543901,-0.678634,4.585628,0.855848,-0.502419,4.713447,0.643492,-0.032394,4.670745,0.150956,-0.411496,4.656654,0.624562,0.289819,4.399158,0.329682,-0.244178,4.602741
22,0.425384,-0.982881,4.401589,0.512551,-1.061773,4.315799,0.611175,-1.380997,4.356375,1.157528,-1.262408,4.726457,1.268283,-0.801679,4.695505,1.147000,-0.782817,4.746886,0.542896,-0.685602,4.588706,0.853480,-0.500197,4.714393,0.645907,-0.047712,4.689878,0.138526,-0.423952,4.660626,0.610046,0.254782,4.433612,0.241641,-0.263641,4.638321
23,0.416990,-0.992201,4.402250,0.507028,-1.045284,4.320377,0.616553,-1.382872,4.356808,1.158748,-1.262119,4.724717,1.270687,-0.787734,4.691782,1.144102,-0.777728,4.748492,0.552272,-0.678897,4.585116,0.859001,-0.503253,4.710883,0.662207,-0.041339,4.683487,0.137869,-0.406710,4.652340,0.635560,0.235085,4.449691,0.295845,-0.235278,4.615223
24,0.413476,-0.986944,4.397552,0.510130,-1.062758,4.332673,0.614587,-1.366483,4.357770,1.159133,-1.268105,4.723882,1.274011,-0.789591,4.689085,1.142733,-0.784645,4.752178,0.551058,-0.676870,4.584644,0.853791,-0.512072,4.712890,0.627707,-0.045799,4.689665,0.127278,-0.408245,4.648124,0.603727,0.296151,4.419743,0.396501,-0.198250,4.585313
25,0.416117,-0.999815,4.389071,0.490965,-1.002371,4.331137,0.607604,-1.385313,4.357777,1.158692,-1.286331,4.728298,1.267417,-0.793267,4.690979,1.149005,-0.799038,4.749794,0.547383,-0.676404,4.590326,0.853101,-0.520388,4.719543,0.633691,-0.035297,4.684730,0.136493,-0.403684,4.646823,0.605798,0.221257,4.468318,0.348980,-0.219924,4.598502
26,0.406930,-0.988986,4.406622,0.482853,-0.990901,4.344828,0.609282,-1.368627,4.354577,1.154743,-1.280900,4.722564,1.266634,-0.775517,4.699332,1.138157,-0.778300,4.752370,0.549844,-0.669100,4.588983,0.857045,-0.517968,4.713543,0.641913,-0.048866,4.693376,0.129316,-0.404878,4.647976,0.635425,0.269960,4.436372,0.355313,-0.212067,4.599583
27,0.409265,-0.995039,4.389774,0.492848,-1.000443,4.334853,0.611217,-1.372065,4.352829,1.152600,-1.277580,4.725735,1.260057,-0.798840,4.703995,1.133439,-0.783309,4.752229,0.548142,-0.676444,4.589271,0.850899,-0.516172,4.717415,0.635109,-0.050975,4.690889,0.127045,-0.405884,4.650112,0.630156,0.275999,4.424712,0.334775,-0.181555,4.579373
28,0.409170,-0.990857,4.407844,0.487431,-0.997597,4.335483,0.614161,-1.374737,4.353110,1.154162,-1.276945,4.725595,1.252021,-0.799465,4.706097,1.140081,-0.782583,4.752868,0.550541,-0.668133,4.587656,0.850893,-0.513029,4.720320,0.626704,-0.047381,4.688233,0.121291,-0.404422,4.633178,0.615570,0.235669,4.445979,0.334092,-0.216150,4.601161
29,0.413436,-0.980239,4.411875,0.495395,-0.985124,4.322098,0.614969,-1.371289,4.351972,1.160971,-1.262133,4.724486,1.278532,-0.784918,4.701434,1.144001,-0.768323,4.748608,0.546546,-0.674801,4.581578,0.858096,-0.503522,4.712459,0.648033,-0.021814,4.672463,0.132700,-0.394162,4.646616,0.611279,0.262773,4.420433,0.337507,-0.235317,4.618593
30,0.420264,-0.988500,4.416813,0.493539,-0.992081,4.319424,0.617734,-1.365058,4.358415,1.155295,-1.272183,4.725540,1.262156,-0.805028,4.698286,1.149763,-0.779900,4.752171,0.550880,-0.686324,4.589127,0.865739,-0.507141,4.712039,0.641059,-0.054369,4.695052,0.137780,-0.416916,4.659400,0.614603,0.290680,4.407407,0.302844,-0.261504,4.630333
31,0.423772,-0.972036,4.398974,0.500100,-0.994496,4.324203,0.611796,-1.372553,4.354064,1.158349,-1.268501,4.729125,1.246854,-0.807859,4.705594,1.136504,-0.763178,4.748717,0.547869,-0.686485,4.585943,0.859480,-0.510936,4.715288,0.670021,-0.045888,4.685892,0.116315,-0.423901,4.639719,0.609359,0.246489,4.434224,0.372098,-0.247948,4.616015
32,0.421143,-0.975231,4.403164,0.503107,-1.011365,4.328245,0.614030,-1.368690,4.356575,1.157464,-1.268541,4.726521,1.248547,-0.808429,4.702542,1.138617,-0.770482,4.749650,0.549151,-0.686392,4.586683,0.855470,-0.513535,4.715126,0.669389,-0.054764,4.691657,0.113347,-0.425644,4.637717,0.622944,0.249058,4.436680,0.358965,-0.237742,4.618052
33,0.409786,-0.994296,4.413828,0.491874,-1.004866,4.321964,0.615960,-1.365178,4.354730,1.158734,-1.264595,4.729218,1.265210,-0.790967,4.699496,1.137512,-0.771711,4.743484,0.541462,-0.671576,4.586242,0.846643,-0.503507,4.714605,0.647135,-0.043158,4.683402,0.112821,-0.415871,4.622864,0.599953,0.293061,4.402265,0.343805,-0.235108,4.603055
34,0.421998,-1.000736,4.407899,0.504362,-1.000633,4.327415,0.614209,-1.366447,4.357809,1.159164,-1.280051,4.726681,1.260481,-0.807057,4.697865,1.145029,-0.789320,4.751095,0.547828,-0.677587,4.582586,0.851782,-0.512657,4.711750,0.637298,-0.056091,4.692556,0.122381,-0.416927,4.631370,0.611474,0.226639,4.458542,0.285489,-0.226405,4.613339
35,0.414965,-1.003050,4.411584,0.485921,-0.999027,4.328341,0.613613,-1.375061,4.356782,1.160747,-1.281761,4.732141,1.263052,-0.785132,4.700809,1.145706,-0.807944,4.749279,0.543174,-0.679343,4.580010,0.849841,-0.520875,4.715166,0.633764,-0.052327,4.694963,0.132066,-0.410572,4.645024,0.612743,0.249938,4.435009,0.317264,-0.228892,4.602032
36,0.406309,-1.007545,4.389458,0.488963,-1.059754,4.330189,0.607637,-1.379037,4.351938,1.155466,-1.270482,4.721742,1.255482,-0.806419,4.704049,1.143446,-0.770491,4.741225,0.546994,-0.690601,4.586361,0.865790,-0.524736,4.710894,0.768383,-0.027793,4.655092,0.149634,-0.425207,4.654419,0.613134,0.228517,4.472251,0.259215,-0.246666,4.626712
37,0.410578,-0.976939,4.403865,0.476428,-1.001733,4.347947,0.605883,-1.367303,4.350904,1.152036,-1.281097,4.726829,1.260820,-0.788552,4.702150,1.133406,-0.770918,4.747339,0.546364,-0.691135,4.585522,0.852992,-0.524663,4.716520,0.731642,-0.021966,4.656986,0.140765,-0.419311,4.646137,0.616630,0.229020,4.460058,0.350004,-0.213468,4.594281
38,0.410173,-0.993612,4.395480,0.496690,-1.004106,4.335439,0.608605,-1.379662,4.351607,1.157347,-1.283202,4.722123,1.252667,-0.801545,4.705611,1.140649,-0.784456,4.753731,0.555469,-0.684016,4.591012,0.863582,-0.528630,4.718386,0.734035,-0.029453,4.658536,0.142656,-0.415764,4.650792,0.614391,0.232499,4.470553,0.368909,-0.184295,4.584044
39,0.411206,-0.987129,4.394360,0.485317,-0.979719,4.329555,0.614383,-1.374907,4.350159,1.152834,-1.285585,4.723502,1.275506,-0.765156,4.691068,1.138932,-0.773838,4.744026,0.553144,-0.684324,4.589126,0.871024,-0.537843,4.720007,0.646765,-0.071760,4.702511,0.139068,-0.419964,4.644267,0.580511,0.242234,4.465075,0.381680,-0.191003,4.576973
40,0.416861,-0.992584,4.400304,0.519009,-1.020606,4.322909,0.618391,-1.381754,4.355557,1.148770,-1.266817,4.725858,1.290121,-0.766018,4.695659,1.144766,-0.782534,4.753493,0.553568,-0.683196,4.593024,0.858634,-0.510527,4.716015,0.599230,-0.048904,4.692060,0.125157,-0.418799,4.635002,0.571063,0.221387,4.475990,0.347397,-0.224871,4.605747
41,0.406450,-1.001008,4.408484,0.495781,-1.040923,4.325376,0.615090,-1.377806,4.350441,1.161989,-1.266158,4.725992,1.266567,-0.799937,4.702078,1.141008,-0.773422,4.750763,0.550713,-0.665281,4.581113,0.857697,-0.498503,4.715735,0.637709,-0.020631,4.669516,0.134500,-0.402591,4.648181,0.606734,0.272696,4.396921,0.356701,-0.247725,4.613906
42,0.418775,-0.987487,4.411684,0.502439,-1.006130,4.319702,0.614957,-1.374632,4.354297,1.156686,-1.259791,4.728354,1.260021,-0.801006,4.711502,1.140911,-0.758880,4.747416,0.550359,-0.681904,4.588289,0.861048,-0.511230,4.718532,0.653806,-0.063286,4.698176,0.123574,-0.420383,4.631643,0.602670,0.278909,4.419120,0.382948,-0.255088,4.614054
43,0.429427,-0.974968,4.402213,0.515317,-0.986064,4.320546,0.615931,-1.373112,4.354580,1.153573,-1.266682,4.726063,1.244987,-0.767925,4.697813,1.145466,-0.775508,4.747600,0.545643,-0.684357,4.584266,0.853470,-0.509856,4.712342,0.656141,-0.048131,4.685185,0.134132,-0.412950,4.648240,0.598832,0.279566,4.409724,0.225994,-0.253918,4.631377
44,0.414200,-0.989987,4.402551,0.500199,-1.024156,4.320725,0.616256,-1.385143,4.352703,1.159369,-1.263249,4.727214,1.285108,-0.783065,4.691179,1.140444,-0.771453,4.750671,0.544676,-0.682705,4.584102,0.848168,-0.510951,4.713889,0.645246,-0.026332,4.680812,0.128996,-0.418187,4.649112,0.607204,0.273742,4.408176,0.311379,-0.228108,4.609122
45,0.416751,-0.989592,4.412276,0.507491,-1.028428,4.321436,0.611753,-1.375273,4.353576,1.155420,-1.264807,4.720609,1.273485,-0.798006,4.690540,1.148816,-0.770519,4.746916,0.545992,-0.682073,4.583488,0.850134,-0.507983,4.708201,0.647093,-0.035064,4.683298,0.137407,-0.424500,4.650290,0.610454,0.262689,4.419302,0.236424,-0.262351,4.637267
46,0.417404,-0.988958,4.409283,0.496169,-0.999014,4.331912,0.615601,-1.372836,4.355442,1.159376,-1.263884,4.725392,1.270931,-0.795074,4.701730,1.145968,-0.769772,4.746316,0.551222,-0.685738,4.582655,0.863307,-0.518098,4.711282,0.752984,-0.009752,4.646206,0.139687,-0.427395,4.652655,0.597443,0.212370,4.465222,0.303617,-0.227853,4.613031
47,0.415713,-0.974934,4.398258,0.497127,-1.007852,4.332224,0.611492,-1.372299,4.354000,1.155276,-1.266535,4.722893,1.265345,-0.794678,4.706012,1.136812,-0.771269,4.749281,0.550162,-0.690504,4.581289,0.856688,-0.527306,4.712407,0.653313,-0.063007,4.695610,0.137229,-0.421401,4.647914,0.600010,0.291050,4.398758,0.331942,-0.242988,4.603610
48,0.420457,-0.991351,4.391929,0.499025,-0.992434,4.328914,0.621840,-1.367300,4.354890,1.157173,-1.274050,4.721744,1.258058,-0.797758,4.699754,1.133385,-0.782177,4.748449,0.550417,-0.684975,4.580859,0.854426,-0.525423,4.712756,0.618750,-0.060670,4.702500,0.144708,-0.408289,4.652423,0.570976,0.268261,4.451158,0.426993,-0.159913,4.555415
49,0.411302,-1.007593,4.395401,0.475695,-1.009927,4.330749,0.613528,-1.377656,4.354583,1.156874,-1.277842,4.723573,1.255909,-0.800539,4.703773,1.136378,-0.775575,4.747066,0.547911,-0.686686,4.583851,0.856605,-0.526056,4.715332,0.640955,-0.071836,4.699873,0.143383,-0.413324,4.645504,0.618392,0.257677,4.446644,0.295019,-0.207988,4.598475
50,0.417092,-0.996249,4.393045,0.494402,-1.005965,4.336733,0.613974,-1.373687,4.352568,1.152919,-1.274452,4.723957,1.248538,-0.787874,4.708013,1.125762,-0.770881,4.756024,0.552149,-0.687799,4.593952,0.857093,-0.535895,4.721807,0.649835,-0.065601,4.706000,0.149711,-0.407744,4.645824,0.622308,0.297499,4.427896,0.362882,-0.187610,4.585826
51,0.411486,-1.005340,4.402432,0.498102,-0.992875,4.334209,0.611190,-1.372862,4.350083,1.150800,-1.281777,4.726187,1.250327,-0.789989,4.710126,1.128354,-0.785665,4.752666,0.552336,-0.684248,4.588915,0.861134,-0.526142,4.720166,0.641069,-0.063216,4.700315,0.141060,-0.409395,4.635043,0.627803,0.275416,4.443962,0.332583,-0.217475,4.600295
52,0.413309,-0.994268,4.398860,0.504263,-1.003248,4.337362,0.612073,-1.374192,4.344302,1.151392,-1.273502,4.721181,1.261941,-0.783185,4.701489,1.131138,-0.783088,4.750949,0.556819,-0.678893,4.583964,0.864146,-0.524324,4.717704,0.644042,-0.057459,4.689399,0.134906,-0.410997,4.645746,0.643600,0.251551,4.458822,0.342627,-0.214465,4.596985
53,0.411267,-1.008775,4.404180,0.501207,-1.021953,4.345173,0.614044,-1.378341,4.346281,1.153090,-1.274574,4.725482,1.262472,-0.780443,4.703838,1.129637,-0.782167,4.749563,0.559152,-0.680808,4.582422,0.865137,-0.522602,4.716933,0.644276,-0.062686,4.691894,0.140214,-0.408302,4.636605,0.653173,0.267473,4.436463,0.344409,-0.211524,4.593523
54,0.418720,-0.993869,4.401948,0.508872,-0.994836,4.337877,0.612857,-1.379880,4.351639,1.152339,-1.271550,4.722758,1.273234,-0.773258,4.694625,1.132154,-0.769189,4.747158,0.554332,-0.687143,4.590643,0.864022,-0.527487,4.716679,0.636197,-0.059568,4.701692,0.136376,-0.409863,4.650047,0.656221,0.333794,4.407545,0.381108,-0.173372,4.576505
55,0.411950,-0.981273,4.394885,0.501656,-1.001412,4.337045,0.615674,-1.376869,4.353418,1.153190,-1.271693,4.723046,1.263995,-0.777952,4.697649,1.128232,-0.770482,4.748705,0.556369,-0.679903,4.589643,0.867336,-0.529737,4.717428,0.651380,-0.062667,4.699175,0.144015,-0.409902,4.644649,0.642758,0.301724,4.419663,0.337249,-0.203150,4.594626
56,0.414841,-0.970373,4.393802,0.488147,-1.003215,4.340414,0.615493,-1.377744,4.353278,1.147713,-1.276820,4.724920,1.260971,-0.795568,4.700350,1.127572,-0.763466,4.744493,0.558293,-0.686294,4.589656,0.871413,-0.540591,4.720572,0.646024,-0.078178,4.706773,0.147665,-0.408781,4.646341,0.641980,0.288443,4.433448,0.390641,-0.201339,4.585427
57,0.412279,-0.984632,4.397277,0.489174,-0.992709,4.343938,0.615608,-1.373780,4.352565,1.150946,-1.276073,4.725776,1.262388,-0.779052,4.700331,1.129588,-0.773200,4.750422,0.553770,-0.686828,4.588284,0.865190,-0.537644,4.719298,0.642039,-0.083172,4.708500,0.139437,-0.414270,4.651860,0.666090,0.340037,4.415033,0.439890,-0.155382,4.555769
58,0.410031,-0.990012,4.408302,0.499562,-0.998865,4.339084,0.613452,-1.368092,4.351262,1.153139,-1.277828,4.723145,1.258914,-0.795895,4.702150,1.126159,-0.770401,4.756289,0.552027,-0.671998,4.586371,0.858428,-0.520621,4.714118,0.643184,-0.064334,4.700480,0.136476,-0.406705,4.646938,0.659177,0.292847,4.432448,0.346188,-0.207044,4.574307
59,0.413648,-0.999358,4.408951,0.547159,-1.021724,4.329743,0.608599,-1.372433,4.351603,1.157078,-1.284757,4.729589,1.262896,-0.788962,4.704404,1.145484,-0.789772,4.747355,0.545797,-0.664423,4.585956,0.855540,-0.508604,4.720441,0.771466,-0.007987,4.641269,0.134073,-0.399639,4.641763,0.619947,0.229119,4.453424,0.298995,-0.223251,4.601777
60,0.412470,-0.992469,4.411815,0.498584,-0.993341,4.331053,0.613706,-1.362796,4.356061,1.152590,-1.276245,4.729116,1.265722,-0.796466,4.700554,1.139928,-0.793879,4.750064,0.545183,-0.670818,4.586584,0.845184,-0.506698,4.718329,0.621020,-0.037969,4.683469,0.137436,-0.409288,4.654600,0.600734,0.285041,4.393147,0.384281,-0.204800,4.580403
61,0.420865,-0.993431,4.413064,0.516707,-1.003959,4.315139,0.616121,-1.376106,4.357457,1.152906,-1.270213,4.724613,1.251375,-0.813168,4.699924,1.148202,-0.778806,4.748433,0.551175,-0.685508,4.585892,0.861954,-0.512238,4.712274,0.654024,-0.061720,4.692851,0.145496,-0.408948,4.654057,0.637821,0.302767,4.408719,0.341264,-0.229552,4.605226
62,0.409074,-0.984935,4.419437,0.518536,-1.065346,4.319960,0.617285,-1.388280,4.354021,1.154765,-1.261923,4.722237,1.272867,-0.789295,4.691824,1.145870,-0.768530,4.745059,0.551203,-0.681064,4.580635,0.852038,-0.507999,4.709270,0.746798,-0.031036,4.656759,0.140620,-0.420978,4.651021,0.626597,0.241230,4.441040,0.268466,-0.246200,4.614092
63,0.418921,-0.982402,4.419047,0.537860,-1.010956,4.323045,0.614262,-1.381347,4.354632,1.157556,-1.272673,4.725801,1.255475,-0.793778,4.702655,1.145737,-0.779769,4.746037,0.548964,-0.681923,4.579522,0.852812,-0.508400,4.708666,0.623976,-0.038598,4.682973,0.127183,-0.426103,4.649199,0.610865,0.265032,4.429131,0.334165,-0.209125,4.584124
64,0.415386,-0.997852,4.404680,0.490472,-1.007132,4.331236,0.618469,-1.372569,4.354385,1.154377,-1.272534,4.725057,1.270287,-0.803026,4.697716,1.141553,-0.772843,4.748600,0.545688,-0.686571,4.578653,0.856466,-0.514880,4.706827,0.633628,-0.076836,4.706363,0.135441,-0.420433,4.640297,0.597485,0.225291,4.449549,0.345923,-0.197300,4.575477
65,0.411008,-0.988249,4.402547,0.488553,-1.009099,4.347583,0.610106,-1.370026,4.352664,1.156933,-1.282946,4.728496,1.254778,-0.824265,4.703479,1.144095,-0.789692,4.742635,0.550241,-0.684094,4.581738,0.860058,-0.518081,4.712366,0.744120,-0.010276,4.649233,0.134785,-0.429158,4.650218,0.610860,0.223426,4.460968,0.355413,-0.200989,4.590786
66,0.410939,-0.984161,4.405796,0.485553,-1.007897,4.337684,0.610392,-1.376151,4.352248,1.153703,-1.291532,4.723042,1.264624,-0.801432,4.694226,1.132744,-0.794088,4.748311,0.552028,-0.688766,4.586483,0.853507,-0.523528,4.714581,0.640552,-0.074202,4.703405,0.140329,-0.415436,4.649289,0.577485,0.184243,4.501504,0.315696,-0.199903,4.592445
67,0.412829,-1.005092,4.401630,0.492558,-1.003212,4.341263,0.611354,-1.376502,4.348153,1.151747,-1.285719,4.726202,1.262639,-0.802378,4.704971,1.134299,-0.779428,4.742996,0.559730,-0.684932,4.587076,0.866441,-0.528744,4.718224,0.631859,-0.070054,4.708122,0.144917,-0.417552,4.653182,0.588546,0.244107,4.459780,0.320543,-0.177831,4.581086
68,0.406410,-1.006844,4.399480,0.492732,-1.005970,4.335552,0.613095,-1.382749,4.350471,1.153430,-1.281243,4.723711,1.270451,-0.788371,4.697149,1.138208,-0.765030,4.743367,0.553697,-0.688151,4.585961,0.869911,-0.530371,4.714372,0.656135,-0.060143,4.695856,0.143455,-0.417761,4.642130,0.564332,0.196943,4.509541,0.294329,-0.240711,4.623276
69,0.408986,-0.995867,4.400487,0.522545,-1.060245,4.327826,0.615916,-1.381087,4.350910,1.152762,-1.275557,4.723340,1.274565,-0.774165,4.692889,1.134601,-0.783678,4.751652,0.553750,-0.685695,4.589391,0.857916,-0.525918,4.718260,0.620557,-0.063711,4.704918,0.135779,-0.418871,4.659944,0.612551,0.282530,4.420943,0.395836,-0.187005,4.577959
70,0.410954,-0.988933,4.407960,0.487370,-0.993545,4.331995,0.611770,-1.374076,4.351687,1.148037,-1.273537,4.727222,1.279537,-0.784009,4.701638,1.137695,-0.771804,4.750703,0.547865,-0.674488,4.591041,0.860626,-0.517406,4.718828,0.651520,-0.054645,4.687124,0.139259,-0.409221,4.649030,0.619696,0.278847,4.413639,0.356789,-0.243173,4.608322
71,0.417309,-0.982092,4.405714,0.492628,-0.980614,4.325869,0.613494,-1.371949,4.345385,1.156685,-1.265890,4.730135,1.267373,-0.771664,4.702210,1.144428,-0.784544,4.753402,0.546498,-0.670349,4.586552,0.858788,-0.491055,4.714334,0.639667,-0.008532,4.664030,0.120974,-0.413013,4.632079,0.588217,0.258171,4.423811,0.342291,-0.235875,4.612801
72,0.429851,-0.987344,4.405649,0.501643,-0.990055,4.325311,0.621971,-1.366079,4.356150,1.157211,-1.258237,4.726999,1.266051,-0.796901,4.705531,1.143506,-0.778798,4.751959,0.552606,-0.674712,4.581577,0.859255,-0.500840,4.713262,0.644571,-0.060406,4.685137,0.121840,-0.414716,4.628683,0.591698,0.268496,4.418777,0.390653,-0.215923,4.595132
73,0.412635,-0.978281,4.407775,0.523370,-1.057953,4.311612,0.614194,-1.388140,4.350880,1.155048,-1.272608,4.733133,1.252085,-0.807878,4.707541,1.147545,-0.769687,4.744756,0.541712,-0.678885,4.582576,0.840462,-0.512587,4.721061,0.643501,-0.059867,4.695487,0.134902,-0.400468,4.647697,0.622416,0.255513,4.427155,0.352946,-0.254158,4.614249
74,0.402597,-0.991987,4.406511,0.498744,-1.070356,4.327895,0.610871,-1.383165,4.346411,1.153241,-1.263992,4.722190,1.251449,-0.792996,4.705444,1.128688,-0.770498,4.754657,0.539248,-0.690212,4.583941,0.843264,-0.520055,4.715259,0.642645,-0.060127,4.695960,0.135948,-0.416298,4.647857,0.604916,0.312121,4.377640,0.244385,-0.273945,4.639628
75,0.404096,-0.995808,4.414740,0.507081,-1.056559,4.330721,0.610812,-1.378860,4.348744,1.155446,-1.260850,4.720530,1.282164,-0.776853,4.688037,1.147110,-0.760025,4.745789,0.541327,-0.692086,4.583887,0.854213,-0.512422,4.707283,0.646290,-0.042016,4.678914,0.137410,-0.422718,4.654150,0.641126,0.316140,4.402112,0.257678,-0.257454,4.635137
76,0.416642,-0.988003,4.393933,0.493430,-1.000475,4.332025,0.615342,-1.364884,4.355110,1.156112,-1.274242,4.722084,1.246927,-0.818811,4.716153,1.134583,-0.779255,4.755890,0.550442,-0.685733,4.580178,0.860940,-0.519059,4.710211,0.752038,-0.037160,4.657262,0.137433,-0.422506,4.653366,0.620371,0.216370,4.464666,0.239297,-0.257992,4.631525
77,0.405230,-1.003960,4.401971,0.504015,-1.055271,4.337148,0.614131,-1.376675,4.356841,1.161105,-1.267395,4.721999,1.246177,-0.802149,4.709560,1.136719,-0.779700,4.744012,0.550215,-0.690982,4.581131,0.865451,-0.524767,4.709492,0.643464,-0.074359,4.699105,0.149255,-0.422624,4.643789,0.606083,0.228085,4.464508,0.235412,-0.263395,4.634681
78,0.412142,-1.000048,4.394964,0.491026,-1.007549,4.345326,0.614369,-1.375501,4.354119,1.151143,-1.278294,4.723063,1.245032,-0.797967,4.704986,1.129944,-0.782897,4.744833,0.551997,-0.691892,4.588049,0.860744,-0.527550,4.713511,0.644324,-0.068101,4.697367,0.147766,-0.427238,4.659377,0.607334,0.260017,4.442057,0.285907,-0.198037,4.603666
79,0.412032,-0.962554,4.402396,0.486523,-0.947454,4.339168,0.600722,-1.362521,4.353570,1.154457,-1.264878,4.721808,1.251060,-0.760852,4.700917,1.133324,-0.777210,4.755798,0.543375,-0.674594,4.587784,0.861174,-0.520525,4.716249,0.631017,-0.065810,4.698948,0.126363,-0.417178,4.639391,0.602917,0.266141,4.440386,0.390100,-0.206272,4.589194
80,0.408783,-0.977281,4.402583,0.500246,-1.007903,4.349823,0.611008,-1.379702,4.352740,1.156260,-1.271466,4.724144,1.274572,-0.770479,4.690103,1.133032,-0.767056,4.745104,0.558082,-0.676673,4.589561,0.866032,-0.519163,4.717136,0.638398,-0.057720,4.695878,0.124060,-0.413385,4.630208,0.615400,0.214195,4.488411,0.316032,-0.226376,4.610452
81,0.419565,-0.993773,4.397764,0.504116,-1.001168,4.336175,0.614117,-1.372760,4.355734,1.150021,-1.268956,4.722910,1.274512,-0.786806,4.698689,1.142887,-0.780997,4.751482,0.553474,-0.674012,4.594216,0.863686,-0.509056,4.717654,0.640218,-0.048909,4.687362,0.137169,-0.406911,4.651979,0.589127,0.213736,4.487484,0.333364,-0.260542,4.628719
82,0.412205,-0.982765,4.402868,0.490563,-0.990840,4.336915,0.614012,-1.371305,4.349167,1.151356,-1.273451,4.722284,1.268579,-0.789667,4.699943,1.151987,-0.782723,4.746871,0.547258,-0.677951,4.592863,0.865945,-0.512389,4.719268,0.645033,-0.043309,4.692252,0.142349,-0.409308,4.655695,0.603616,0.263890,4.450197,0.353819,-0.237373,4.618886
83,0.424418,-0.974947,4.402295,0.513805,-0.985866,4.326839,0.616124,-1.374908,4.356463,1.151148,-1.269350,4.727807,1.271625,-0.794999,4.704347,1.147258,-0.783547,4.748128,0.555128,-0.683760,4.595250,0.865871,-0.520222,4.717959,0.647326,-0.044056,4.692698,0.125958,-0.421616,4.646121,0.611166,0.291631,4.418343,0.417981,-0.194966,4.592113
84,0.412122,-0.989447,4.402222,0.496345,-0.996395,4.331172,0.616142,-1.365433,4.355379,1.163356,-1.259795,4.723814,1.245706,-0.778199,4.710891,1.135126,-0.772999,4.749815,0.554986,-0.676889,4.585464,0.866123,-0.502664,4.710562,0.640817,-0.024639,4.673338,0.120403,-0.412850,4.625201,0.629324,0.302400,4.404498,0.365971,-0.200035,4.588245
85,0.407693,-1.010625,4.405616,0.516937,-1.070263,4.329930,0.609622,-1.375084,4.353060,1.159346,-1.258939,4.722814,1.254179,-0.808382,4.704150,1.143454,-0.770654,4.743447,0.546295,-0.670704,4.582643,0.856098,-0.505545,4.711202,0.744668,-0.017729,4.650670,0.119898,-0.414151,4.629218,0.628126,0.242258,4.440973,0.374913,-0.258630,4.615702
86,0.413652,-1.013197,4.421447,0.494016,-1.014830,4.324264,0.612925,-1.371202,4.357517,1.159103,-1.257320,4.721513,1.265716,-0.775871,4.693168,1.133632,-0.763764,4.749146,0.547512,-0.678463,4.581826,0.850112,-0.517607,4.712046,0.644896,-0.053507,4.687770,0.142453,-0.410063,4.650204,0.610416,0.269740,4.417260,0.349010,-0.250996,4.603136
87,0.418220,-0.988676,4.403786,0.489319,-1.014596,4.336740,0.613886,-1.377843,4.358879,1.159587,-1.258499,4.721364,1.272782,-0.797553,4.700181,1.149488,-0.786650,4.750485,0.549092,-0.687015,4.586223,0.863669,-0.522315,4.711363,0.643687,-0.067335,4.696394,0.141144,-0.427556,4.650774,0.601200,0.268369,4.426547,0.298897,-0.217225,4.587767
88,0.415521,-0.977284,4.400590,0.495905,-1.014539,4.328101,0.615613,-1.371746,4.356392,1.160268,-1.257289,4.717748,1.249040,-0.799747,4.705104,1.130379,-0.781363,4.750308,0.547331,-0.695502,4.583007,0.855207,-0.528431,4.712525,0.640475,-0.081609,4.710664,0.143368,-0.428264,4.647045,0.617017,0.254541,4.439523,0.276382,-0.221061,4.592741
89,0.408802,-0.984345,4.404860,0.501412,-1.057907,4.351093,0.609785,-1.369630,4.353886,1.157208,-1.266422,4.723737,1.259754,-0.799293,4.706331,1.146353,-0.770818,4.743991,0.552479,-0.690311,4.589955,0.861579,-0.525545,4.716184,0.743825,-0.007347,4.648453,0.148533,-0.428457,4.654537,0.609844,0.255374,4.446521,0.390897,-0.190347,4.574001
90,0.412176,-0.997766,4.398811,0.480659,-1.048354,4.342347,0.614892,-1.377218,4.353386,1.154238,-1.263163,4.724683,1.254159,-0.793280,4.706751,1.136130,-0.790160,4.747277,0.546973,-0.695281,4.586020,0.855211,-0.533754,4.717769,0.640059,-0.077338,4.702638,0.146544,-0.415176,4.643776,0.602361,0.257881,4.433990,0.390545,-0.185413,4.570132
91,0.417485,-0.984300,4.388657,0.481480,-1.001518,4.335994,0.620966,-1.373889,4.352708,1.159935,-1.266091,4.718735,1.258052,-0.760709,4.697759,1.136459,-0.778247,4.751531,0.548824,-0.687983,4.588542,0.864521,-0.528323,4.712244,0.732503,-0.027905,4.655571,0.144325,-0.412528,4.649540,0.646961,0.308573,4.411816,0.354429,-0.211485,4.609953
92,0.418824,-0.985970,4.395948,0.484136,-1.018614,4.335432,0.613196,-1.374583,4.357298,1.153335,-1.271594,4.725982,1.246767,-0.794418,4.700046,1.133724,-0.783456,4.751242,0.546647,-0.683707,4.589179,0.856854,-0.519558,4.716080,0.622783,-0.075488,4.706734,0.128799,-0.425223,4.631468,0.583499,0.257006,4.452577,0.386684,-0.202589,4.584519
93,0.419329,-0.994855,4.403171,0.490217,-1.000117,4.333597,0.610044,-1.372666,4.354654,1.150100,-1.274732,4.731280,1.253532,-0.797118,4.705330,1.139994,-0.791322,4.756948,0.543612,-0.679847,4.586810,0.847805,-0.523235,4.719875,0.623894,-0.047114,4.688090,0.137624,-0.410238,4.642821,0.592149,0.272824,4.423511,0.349341,-0.191363,4.591574
94,0.411267,-0.979578,4.409412,0.488955,-1.008376,4.337383,0.604068,-1.364959,4.351294,1.150241,-1.270519,4.732203,1.261601,-0.797153,4.706734,1.137509,-0.782834,4.750905,0.537845,-0.671385,4.584610,0.846097,-0.515203,4.719449,0.636946,-0.062198,4.697679,0.128514,-0.409881,4.629189,0.608860,0.300803,4.401819,0.342893,-0.238801,4.616242
95,0.412782,-0.982633,4.408307,0.501785,-1.008657,4.333171,0.614910,-1.368835,4.348877,1.156882,-1.262848,4.727448,1.287083,-0.776424,4.695498,1.145707,-0.777435,4.751153,0.547834,-0.664673,4.581740,0.849959,-0.504942,4.715022,0.638147,-0.030473,4.678599,0.115627,-0.408729,4.621196,0.636742,0.321312,4.372349,0.432213,-0.203485,4.571116
96,0.408718,-0.998580,4.415520,0.493979,-1.018371,4.318387,0.610887,-1.377665,4.350542,1.161060,-1.262669,4.729759,1.249972,-0.796311,4.709758,1.138353,-0.770501,4.747519,0.542805,-0.675030,4.585509,0.855672,-0.498997,4.713721,0.641443,-0.055036,4.689842,0.128702,-0.408103,4.655210,0.622314,0.259333,4.416286,0.379032,-0.194002,4.570262
97,0.415575,-0.980792,4.410467,0.521069,-1.063465,4.316633,0.615522,-1.382791,4.357483,1.158678,-1.255488,4.727028,1.250739,-0.808763,4.716150,1.153366,-0.776449,4.747678,0.548089,-0.675266,4.585854,0.856216,-0.502675,4.714899,0.659465,-0.051114,4.684450,0.133157,-0.425338,4.641924,0.629020,0.260724,4.431041,0.387344,-0.209934,4.594423
98,0.415630,-0.993050,4.419417,0.505783,-1.041036,4.320366,0.616692,-1.382746,4.353341,1.156890,-1.258891,4.726041,1.257423,-0.801134,4.701162,1.145227,-0.781973,4.745468,0.550318,-0.677805,4.588325,0.859605,-0.507775,4.716581,0.719946,-0.014229,4.652690,0.121162,-0.414221,4.641168,0.612934,0.279860,4.415114,0.368603,-0.251385,4.620419
99,0.417019,-0.995539,4.412438,0.534262,-1.053266,4.328801,0.611317,-1.381177,4.354498,1.159157,-1.260217,4.726328,1.245878,-0.813203,4.719607,1.140291,-0.755514,4.751298,0.552451,-0.676523,4.589281,0.859791,-0.505590,4.718683,0.645603,-0.042018,4.680323,0.125526,-0.422961,4.643897,0.620558,0.276930,4.409453,0.323012,-0.271042,4.634927
100,0.418682,-0.987899,4.407171,0.507660,-0.997478,4.327375,0.618970,-1.369155,4.355084,1.153291,-1.266126,4.724335,1.252228,-0.798915,4.699026,1.130442,-0.762129,4.753284,0.549639,-0.685509,4.584641,0.851024,-0.518277,4.715891,0.644784,-0.052098,4.689917,0.119718,-0.416284,4.638973,0.588658,0.238290,4.449274,0.389649,-0.242223,4.605721
101,0.407775,-0.993178,4.403761,0.484382,-1.008154,4.321926,0.616311,-1.371665,4.356603,1.157872,-1.266639,4.727569,1.263874,-0.788847,4.695096,1.136888,-0.782055,4.748457,0.546774,-0.682842,4.586902,0.855178,-0.511893,4.714859,0.637267,-0.075200,4.706115,0.127980,-0.421488,4.634707,0.592104,0.248256,4.449300,0.345042,-0.214090,4.610089
102,0.415897,-0.991052,4.401985,0.500200,-0.984487,4.329625,0.615547,-1.377191,4.356479,1.156631,-1.277189,4.731244,1.263894,-0.799898,4.703697,1.139907,-0.796869,4.752612,0.539701,-0.675726,4.586407,0.846995,-0.517210,4.719505,0.632020,-0.052543,4.695245,0.133336,-0.417610,4.629672,0.580017,0.222826,4.457881,0.320051,-0.171670,4.587220
103,0.415494,-1.004601,4.387578,0.491946,-1.028270,4.330855,0.614355,-1.383682,4.356822,1.157046,-1.284167,4.729701,1.255169,-0.795278,4.697375,1.143022,-0.796228,4.751777,0.549154,-0.678349,4.587307,0.857288,-0.512995,4.715989,0.652337,-0.033268,4.678794,0.142019,-0.418908,4.655558,0.610482,0.225819,4.463197,0.354073,-0.182344,4.585833
104,0.412882,-1.000534,4.398064,0.480693,-1.023534,4.325310,0.609198,-1.375098,4.352906,1.151642,-1.279960,4.727537,1.246928,-0.798675,4.709531,1.142276,-0.787257,4.750523,0.546888,-0.680207,4.591167,0.862315,-0.517268,4.717142,0.746884,-0.003655,4.645979,0.132229,-0.411860,4.634629,0.624218,0.261753,4.429840,0.373284,-0.217424,4.607182
105,0.413606,-0.981178,4.397227,0.479017,-0.980085,4.331331,0.608829,-1.362389,4.354263,1.153356,-1.269804,4.723654,1.265922,-0.789157,4.698130,1.137366,-0.775427,4.748271,0.544934,-0.677163,4.591126,0.862361,-0.518175,4.715631,0.652854,-0.042612,4.682219,0.133558,-0.411662,4.659844,0.602438,0.260414,4.450251,0.370675,-0.233733,4.604667
106,0.409092,-1.002658,4.419803,0.499748,-0.985401,4.335512,0.616828,-1.374286,4.351136,1.154162,-1.274534,4.729278,1.224993,-0.792032,4.714763,1.131628,-0.790997,4.756668,0.554194,-0.670684,4.587557,0.864463,-0.508581,4.718003,0.637813,-0.043524,4.681543,0.121745,-0.417040,4.646206,0.620519,0.285643,4.406884,0.326687,-0.228970,4.608784
107,0.427719,-0.977679,4.407328,0.505377,-1.005241,4.345614,0.615914,-1.368303,4.350399,1.157618,-1.253194,4.725534,1.263787,-0.782298,4.693888,1.140419,-0.761978,4.748309,0.544397,-0.679775,4.592154,0.861617,-0.489790,4.712618,0.628300,-0.042771,4.688430,0.116420,-0.418533,4.639777,0.556750,0.217810,4.474321,0.273939,-0.232551,4.624100
108,0.418766,-1.009490,4.403102,0.506161,-1.007575,4.332146,0.611865,-1.372644,4.353609,1.152430,-1.266782,4.729820,1.264217,-0.798333,4.698711,1.147881,-0.760958,4.741931,0.556418,-0.667946,4.589897,0.862064,-0.497205,4.718143,0.629785,-0.061282,4.696205,0.114476,-0.418820,4.647589,0.584149,0.265077,4.433856,0.412282,-0.226180,4.598380
109,0.416630,-1.017103,4.405594,0.505383,-1.034538,4.328103,0.613722,-1.372937,4.356544,1.154267,-1.265972,4.731433,1.262033,-0.801543,4.699049,1.154849,-0.774705,4.745363,0.545245,-0.666586,4.590810,0.856641,-0.493740,4.714112,0.642843,-0.024508,4.677955,0.128249,-0.416611,4.642121,0.618969,0.270937,4.418571,0.378162,-0.194303,4.585247
110,0.403117,-1.010036,4.409351,0.517708,-1.068467,4.326230,0.613340,-1.380211,4.355587,1.155895,-1.268685,4.727987,1.247429,-0.813563,4.717506,1.146550,-0.775015,4.752058,0.552655,-0.674605,4.592005,0.860445,-0.507626,4.720718,0.632698,-0.040831,4.684954,0.121465,-0.416718,4.630507,0.616316,0.304135,4.401731,0.435346,-0.215259,4.586108
111,0.418076,-0.991040,4.404203,0.516128,-1.060940,4.314756,0.613373,-1.382642,4.355792,1.151656,-1.267079,4.732799,1.254737,-0.823610,4.706779,1.145305,-0.771501,4.743369,0.542513,-0.683519,4.585713,0.846845,-0.508264,4.718729,0.621975,-0.047878,4.693151,0.119092,-0.420157,4.636384,0.614465,0.307866,4.401044,0.387863,-0.213806,4.599629
112,0.417579,-0.977503,4.398798,0.518302,-1.055679,4.316698,0.615276,-1.378257,4.357982,1.156211,-1.257799,4.725346,1.246901,-0.794060,4.695671,1.144450,-0.767024,4.746014,0.548871,-0.680178,4.584814,0.854652,-0.510102,4.715044,0.640774,-0.061970,4.700512,0.127195,-0.425221,4.636024,0.621286,0.281097,4.414347,0.351061,-0.252620,4.629417
113,0.412601,-0.998530,4.404922,0.524095,-1.050649,4.321822,0.616007,-1.373631,4.358160,1.160940,-1.259452,4.730048,1.248300,-0.822727,4.717141,1.150720,-0.779117,4.745671,0.551018,-0.667296,4.581021,0.856235,-0.503998,4.712980,0.647413,-0.015224,4.669014,0.118803,-0.422557,4.635045,0.615900,0.264157,4.424477,0.352342,-0.227965,4.607883
114,0.418968,-1.001541,4.404581,0.495647,-1.016760,4.321529,0.611874,-1.374405,4.353732,1.157416,-1.270490,4.729684,1.248580,-0.811068,4.711951,1.146888,-0.787448,4.748178,0.544408,-0.672578,4.586766,0.851225,-0.511617,4.716770,0.637232,-0.043092,4.683697,0.114767,-0.420552,4.646665,0.629995,0.295012,4.402686,0.306133,-0.245641,4.634952
115,0.422234,-1.001108,4.400875,0.500790,-1.005066,4.326622,0.614817,-1.365510,4.357719,1.155005,-1.269895,4.732333,1.253667,-0.806767,4.707091,1.147017,-0.786265,4.748541,0.549808,-0.674791,4.582038,0.854128,-0.509997,4.713492,0.630843,-0.043856,4.690350,0.120140,-0.422333,4.642030,0.627093,0.272733,4.429070,0.341299,-0.228487,4.616109
116,0.416106,-0.997113,4.393490,0.480574,-0.987278,4.334712,0.609967,-1.369291,4.356620,1.157879,-1.271017,4.732024,1.251467,-0.806055,4.706846,1.142314,-0.793745,4.746533,0.542562,-0.671377,4.586229,0.861065,-0.513961,4.715687,0.657229,-0.055003,4.685634,0.116946,-0.416138,4.633932,0.628355,0.235538,4.460571,0.304816,-0.233281,4.628364
117,0.408824,-1.003463,4.405231,0.506994,-1.034698,4.317623,0.612727,-1.373821,4.352447,1.157745,-1.271001,4.725193,1.262065,-0.790730,4.702439,1.143971,-0.792345,4.750928,0.544441,-0.662543,4.581360,0.849583,-0.513723,4.717597,0.636865,-0.040744,4.685822,0.120870,-0.412431,4.634547,0.605294,0.282484,4.399726,0.389993,-0.193461,4.583442
118,0.409097,-1.004920,4.413925,0.508070,-1.039969,4.317911,0.610957,-1.371990,4.352183,1.154770,-1.270407,4.732803,1.226900,-0.808750,4.717529,1.122540,-0.766502,4.749780,0.545309,-0.679155,4.586834,0.853292,-0.513074,4.719002,0.643771,-0.034559,4.681111,0.121613,-0.425049,4.640582,0.628969,0.270242,4.422652,0.359854,-0.216662,4.604193
119,0.410537,-0.996943,4.399940,0.514117,-1.040575,4.316373,0.610807,-1.371529,4.356067,1.158197,-1.262086,4.728298,1.254031,-0.800773,4.700734,1.148657,-0.774838,4.746009,0.546510,-0.680987,4.587308,0.857989,-0.509552,4.714162,0.641999,-0.049013,4.690261,0.128005,-0.419300,4.639094,0.637041,0.252139,4.444814,0.287884,-0.215396,4.621519
120,0.415721,-1.001831,4.404926,0.478927,-0.983537,4.330363,0.610739,-1.367025,4.358018,1.154866,-1.272530,4.729847,1.261656,-0.796716,4.701056,1.141330,-0.801068,4.751037,0.538388,-0.676992,4.586588,0.849330,-0.517879,4.716434,0.640685,-0.063985,4.695401,0.137196,-0.405346,4.645497,0.614345,0.251989,4.428848,0.300638,-0.230072,4.618840
121,0.416949,-0.991380,4.394927,0.490605,-1.021668,4.328353,0.612719,-1.378534,4.358242,1.154014,-1.282954,4.725806,1.239253,-0.811639,4.708347,1.146954,-0.793109,4.749153,0.547953,-0.683425,4.586359,0.863253,-0.522981,4.715931,0.658569,-0.071962,4.699835,0.143148,-0.421009,4.653536,0.612658,0.256717,4.436781,0.361890,-0.201232,4.588195
122,0.419652,-0.994611,4.395602,0.497413,-1.002134,4.331682,0.613498,-1.375323,4.356919,1.145971,-1.270442,4.729358,1.252487,-0.800982,4.705492,1.133166,-0.781817,4.748436,0.546533,-0.688580,4.590457,0.855372,-0.526681,4.719413,0.637443,-0.062446,4.695860,0.137954,-0.413132,4.652801,0.605797,0.253073,4.434065,0.344205,-0.234485,4.612070
123,0.414286,-0.991093,4.402748,0.494242,-1.007523,4.326478,0.612719,-1.374478,4.353330,1.146428,-1.267600,4.723751,1.256732,-0.789188,4.698955,1.132094,-0.776981,4.747265,0.545238,-0.687431,4.586636,0.856567,-0.536878,4.718174,0.635844,-0.066965,4.696912,0.141861,-0.408014,4.650062,0.620697,0.305272,4.391885,0.358321,-0.218508,4.591694
124,0.418127,-0.991334,4.393636,0.510182,-0.990618,4.333488,0.613614,-1.375536,4.355170,1.150036,-1.263293,4.722300,1.265451,-0.786391,4.696916,1.133535,-0.777332,4.750004,0.551572,-0.686460,4.591513,0.862492,-0.526833,4.718663,0.642543,-0.068185,4.702333,0.140283,-0.419157,4.652916,0.615711,0.307137,4.422450,0.461501,-0.127057,4.531023
125,0.419466,-1.002262,4.398599,0.509593,-1.011835,4.333826,0.610877,-1.374306,4.353225,1.154695,-1.274008,4.723258,1.262352,-0.780191,4.697112,1.142033,-0.779215,4.746880,0.548987,-0.671430,4.587466,0.853189,-0.516463,4.717903,0.635816,-0.047114,4.689600,0.121322,-0.417833,4.629681,0.630244,0.239008,4.458816,0.400965,-0.185452,4.566282
126,0.413680,-1.007574,4.394928,0.502526,-1.014681,4.322340,0.614748,-1.372716,4.352229,1.154398,-1.271390,4.726960,1.265105,-0.791751,4.702024,1.140436,-0.789157,4.749165,0.552902,-0.673229,4.587179,0.852875,-0.523394,4.718534,0.628322,-0.056748,4.693640,0.127071,-0.403393,4.643755,0.642110,0.319675,4.403626,0.405012,-0.155029,4.568950
127,0.416621,-0.985308,4.401199,0.502180,-0.980408,4.327855,0.612909,-1.366148,4.354691,1.150087,-1.268237,4.732974,1.254271,-0.782407,4.708423,1.138076,-0.793532,4.753811,0.543184,-0.667038,4.583184,0.844508,-0.516761,4.721124,0.638017,-0.048451,4.687246,0.126358,-0.415272,4.630924,0.615837,0.256162,4.419865,0.325636,-0.217452,4.600814
128,0.416612,-1.009274,4.410223,0.494626,-1.022646,4.325862,0.616761,-1.374606,4.352777,1.158981,-1.260329,4.728296,1.238282,-0.806914,4.708482,1.137003,-0.775540,4.749592,0.543464,-0.682011,4.586939,0.849804,-0.516296,4.715816,0.651792,-0.065172,4.702601,0.134325,-0.417762,4.650091,0.584844,0.220574,4.454698,0.316278,-0.220720,4.606533
129,0.421974,-0.975231,4.404065,0.499594,-1.030533,4.328603,0.613304,-1.376253,4.358239,1.155954,-1.263483,4.724952,1.262337,-0.805553,4.704503,1.146606,-0.788211,4.749446,0.551009,-0.684768,4.584007,0.855420,-0.511908,4.712936,0.643968,-0.043401,4.678833,0.138953,-0.413371,4.647504,0.594892,0.244327,4.423609,0.264632,-0.236197,4.606654
130,0.408560,-0.990172,4.410939,0.507020,-1.039123,4.333432,0.617105,-1.375238,4.357249,1.157465,-1.266908,4.726157,1.257322,-0.804354,4.700337,1.138636,-0.772985,4.748601,0.543050,-0.685921,4.587013,0.854668,-0.503930,4.710947,0.657597,-0.034680,4.677480,0.145471,-0.418453,4.646358,0.588624,0.239836,4.436567,0.268461,-0.230535,4.610769
131,0.404100,-0.983125,4.403643,0.506595,-1.063709,4.325420,0.614091,-1.377714,4.355132,1.155153,-1.267808,4.725981,1.258081,-0.822058,4.709906,1.148177,-0.785981,4.746699,0.544189,-0.688722,4.583660,0.860551,-0.519313,4.711707,0.666676,-0.045295,4.676396,0.140424,-0.418611,4.649180,0.600250,0.241915,4.431280,0.343295,-0.194849,4.576930
132,0.419603,-0.985533,4.397164,0.483779,-1.006525,4.323655,0.609639,-1.372054,4.352214,1.156418,-1.276445,4.722707,1.251332,-0.811438,4.709929,1.141687,-0.804448,4.751945,0.549631,-0.694616,4.580577,0.863415,-0.526396,4.710433,0.633650,-0.086267,4.707546,0.135804,-0.435792,4.658173,0.611376,0.304242,4.416798,0.356054,-0.183731,4.585998
133,0.415833,-0.986933,4.399683,0.487283,-0.972961,4.331834,0.611195,-1.367682,4.356641,1.153521,-1.269648,4.727922,1.242742,-0.794425,4.705571,1.133790,-0.795457,4.749584,0.546969,-0.683318,4.584135,0.855586,-0.523512,4.715171,0.641785,-0.074324,4.692863,0.131372,-0.421378,4.655439,0.618197,0.255614,4.441992,0.365820,-0.198773,4.585972
134,0.414029,-1.004582,4.397170,0.494749,-0.999763,4.333370,0.613127,-1.369107,4.350828,1.149873,-1.265720,4.724105,1.253046,-0.789101,4.699811,1.124416,-0.773417,4.756380,0.553398,-0.679594,4.589918,0.858231,-0.520092,4.717645,0.618859,-0.055823,4.691675,0.140324,-0.421156,4.651718,0.553943,0.212202,4.477031,0.438147,-0.154110,4.552998
135,0.415551,-0.986479,4.399720,0.497525,-0.984604,4.337173,0.612638,-1.364787,4.349663,1.154815,-1.277949,4.727651,1.255182,-0.808877,4.713385,1.137449,-0.785057,4.751567,0.553722,-0.680555,4.592195,0.863298,-0.530723,4.723929,0.643739,-0.062047,4.695349,0.121446,-0.414406,4.625686,0.630988,0.283718,4.434292,0.444018,-0.155938,4.561540
136,0.423787,-0.994625,4.395266,0.516802,-1.000920,4.343826,0.619344,-1.378286,4.350185,1.145503,-1.269942,4.727459,1.265925,-0.796791,4.697339,1.134403,-0.773609,4.746568,0.558406,-0.677200,4.589273,0.861836,-0.511915,4.713550,0.629076,-0.048891,4.691167,0.120411,-0.411182,4.632435,0.599977,0.246243,4.463068,0.356686,-0.204995,4.596251
137,0.416983,-0.996456,4.411552,0.507606,-0.983094,4.338124,0.614705,-1.367897,4.350213,1.149976,-1.271617,4.725768,1.233831,-0.802710,4.717042,1.140024,-0.786767,4.757836,0.547285,-0.671636,4.583384,0.859014,-0.513403,4.717309,0.640881,-0.043740,4.676481,0.111881,-0.416987,4.629125,0.596164,0.238945,4.438484,0.358393,-0.235103,4.604044
138,0.411218,-0.978254,4.413541,0.491485,-1.008531,4.323905,0.614430,-1.377874,4.352242,1.157555,-1.264483,4.728354,1.256460,-0.800092,4.702811,1.140856,-0.779729,4.745034,0.545261,-0.682028,4.587417,0.851741,-0.518903,4.718114,0.647869,-0.043950,4.680846,0.115480,-0.422480,4.651824,0.626248,0.274909,4.418484,0.420959,-0.197585,4.585220
139,0.419171,-0.994909,4.409207,0.501517,-1.003786,4.325265,0.614820,-1.372496,4.354524,1.158513,-1.262123,4.721386,1.247050,-0.795060,4.702558,1.140999,-0.778119,4.748101,0.546667,-0.682129,4.583409,0.859059,-0.517737,4.712396,0.650383,-0.057950,4.691210,0.130062,-0.421850,4.641240,0.621442,0.259091,4.421011,0.343505,-0.233256,4.615180
140,0.426851,-0.994072,4.410299,0.531729,-1.053378,4.327106,0.613892,-1.373168,4.350505,1.159208,-1.253973,4.722274,1.270627,-0.803732,4.699918,1.142266,-0.776223,4.746456,0.542683,-0.696018,4.587793,0.857170,-0.509294,4.711189,0.638750,-0.064673,4.693638,0.142546,-0.420636,4.651058,0.616197,0.233801,4.438620,0.198875,-0.260747,4.638354
141,0.419082,-0.977919,4.403369,0.497666,-1.014949,4.338619,0.611765,-1.381525,4.355160,1.156207,-1.267181,4.726421,1.262055,-0.795850,4.704705,1.124791,-0.758130,4.748932,0.546479,-0.692893,4.585070,0.859222,-0.512307,4.709628,0.638647,-0.055935,4.684194,0.141835,-0.434074,4.653354,0.598266,0.238525,4.432876,0.269390,-0.201406,4.587124
142,0.417646,-0.986826,4.397972,0.495414,-1.022991,4.328921,0.615191,-1.379893,4.354013,1.160126,-1.258809,4.721609,1.270430,-0.776419,4.695965,1.142013,-0.774345,4.750128,0.551286,-0.690403,4.580495,0.856850,-0.524770,4.709928,0.714368,-0.014349,4.652614,0.137167,-0.423995,4.656160,0.601659,0.300664,4.399577,0.319353,-0.201989,4.585087
143,0.417488,-0.992751,4.391111,0.493841,-0.994999,4.328116,0.619611,-1.368722,4.358002,1.158940,-1.268949,4.724271,1.255181,-0.810737,4.714163,1.139637,-0.796495,4.755184,0.551342,-0.690708,4.581279,0.854731,-0.524031,4.712870,0.631471,-0.085281,4.704894,0.143061,-0.427416,4.643420,0.581839,0.221605,4.462440,0.370649,-0.196109,4.562933
144,0.405064,-0.966116,4.395138,0.486440,-0.973143,4.322965,0.611911,-1.369989,4.355295,1.160193,-1.266305,4.723866,1.257865,-0.795254,4.702664,1.144976,-0.771923,4.749820,0.535984,-0.695372,4.585123,0.854177,-0.523069,4.713914,0.660921,-0.067430,4.694562,0.142961,-0.428648,4.655066,0.592639,0.244826,4.434680,0.203282,-0.251098,4.636044
145,0.413751,-1.002406,4.402569,0.492189,-1.014907,4.325803,0.611588,-1.380519,4.355951,1.158571,-1.268591,4.727728,1.262830,-0.794275,4.705830,1.144431,-0.778212,4.752215,0.542764,-0.684655,4.583901,0.854198,-0.515112,4.712655,0.656641,-0.056693,4.686366,0.136644,-0.417274,4.643896,0.611174,0.241347,4.439478,0.323267,-0.213248,4.601793
146,0.414466,-1.007528,4.399986,0.497108,-1.014934,4.332061,0.615468,-1.384609,4.356432,1.156319,-1.277833,4.730075,1.264231,-0.803025,4.695567,1.142717,-0.796286,4.749019,0.547241,-0.680727,4.584625,0.858060,-0.517238,4.714338,0.641220,-0.067774,4.696552,0.134270,-0.410966,4.645010,0.596538,0.227413,4.462137,0.321143,-0.199670,4.601449
147,0.414575,-1.001402,4.404993,0.498191,-1.003659,4.336103,0.609118,-1.383838,4.352945,1.153339,-1.285188,4.732179,1.265403,-0.801928,4.696915,1.141685,-0.810056,4.749573,0.538884,-0.681228,4.580239,0.850991,-0.516008,4.714137,0.619852,-0.057832,4.686538,0.126302,-0.421672,4.633506,0.552528,0.148267,4.507258,0.288803,-0.197295,4.617912
148,0.417455,-0.970200,4.407617,0.503350,-0.984918,4.333645,0.609100,-1.378280,4.351991,1.155842,-1.281522,4.734328,1.272051,-0.792191,4.700020,1.139288,-0.799661,4.752732,0.542243,-0.666881,4.582880,0.848429,-0.507114,4.718512,0.628435,-0.018578,4.674441,0.113246,-0.405893,4.628718,0.588894,0.225268,4.458577,0.311212,-0.221013,4.619119
149,0.409913,-0.997823,4.414536,0.499591,-1.001863,4.326419,0.614116,-1.373457,4.353000,1.157027,-1.263493,4.728688,1.251970,-0.798541,4.706623,1.138923,-0.779316,4.743873,0.545001,-0.672977,4.584816,0.856870,-0.510295,4.716131,0.650681,-0.038011,4.674232,0.130597,-0.404679,4.644421,0.637097,0.326185,4.379889,0.377123,-0.243916,4.616202
150,0.415801,-0.979553,4.404170,0.499557,-1.030137,4.322500,0.617445,-1.370022,4.356411,1.154727,-1.258384,4.728162,1.263305,-0.805836,4.708655,1.146098,-0.773317,4.750332,0.547161,-0.674556,4.584409,0.858563,-0.504463,4.713598,0.645848,-0.033706,4.673021,0.124108,-0.422446,4.647527,0.635382,0.298311,4.398882,0.377846,-0.243918,4.617389
151,0.409732,-0.982213,4.414029,0.513578,-1.056144,4.321692,0.612372,-1.374490,4.350477,1.156060,-1.254753,4.729246,1.257488,-0.794904,4.705279,1.150064,-0.775424,4.742567,0.544871,-0.673532,4.583049,0.857118,-0.504577,4.717462,0.647698,-0.036829,4.674388,0.131701,-0.404333,4.657682,0.634888,0.300998,4.388387,0.383469,-0.221568,4.591003
152,0.414271,-0.992082,4.417633,0.528499,-1.066536,4.320929,0.614409,-1.382331,4.356086,1.155489,-1.265441,4.730992,1.259310,-0.819536,4.708558,1.142310,-0.769761,4.746280,0.544112,-0.681000,4.586172,0.852842,-0.508451,4.718396,0.647064,-0.046157,4.683179,0.126984,-0.421612,4.637556,0.608332,0.202029,4.475913,0.385145,-0.213026,4.588246
153,0.414694,-0.975002,4.411249,0.501789,-1.025782,4.321636,0.611779,-1.374824,4.356109,1.157250,-1.263118,4.730369,1.265831,-0.790790,4.709018,1.140506,-0.773126,4.751455,0.543649,-0.673189,4.585541,0.854186,-0.503653,4.716646,0.647347,-0.034872,4.676507,0.118115,-0.413724,4.635117,0.619180,0.308671,4.382251,0.357009,-0.235081,4.604049
154,0.409558,-0.990043,4.421329,0.494908,-1.028533,4.322807,0.614497,-1.377898,4.346095,1.157099,-1.262859,4.728241,1.253142,-0.801852,4.707047,1.144931,-0.775276,4.744351,0.545891,-0.677209,4.583713,0.860196,-0.508161,4.716333,0.649039,-0.043366,4.677223,0.132701,-0.400243,4.644025,0.622211,0.310885,4.384604,0.393461,-0.243718,4.611588
155,0.421511,-0.987821,4.410898,0.504363,-0.992929,4.324862,0.620915,-1.368936,4.358306,1.153514,-1.267174,4.729079,1.251500,-0.801338,4.705924,1.140159,-0.774359,4.746973,0.546253,-0.682283,4.582098,0.852764,-0.506402,4.711791,0.644128,-0.044414,4.680653,0.121157,-0.414365,4.624901,0.617559,0.277757,4.405726,0.335914,-0.236176,4.601416
156,0.402677,-0.970452,4.414985,0.490177,-1.035520,4.325377,0.611887,-1.377247,4.352964,1.152315,-1.264299,4.729576,1.267464,-0.824636,4.703784,1.144743,-0.785356,4.749248,0.547757,-0.682748,4.588410,0.853161,-0.509426,4.717096,0.732354,-0.015215,4.652369,0.131357,-0.418187,4.657423,0.620441,0.295245,4.395363,0.326256,-0.214614,4.605919
157,0.415378,-0.978180,4.403513,0.499210,-1.037368,4.323612,0.610329,-1.374217,4.356436,1.154018,-1.272327,4.728885,1.255056,-0.828196,4.709538,1.148165,-0.777436,4.750644,0.549677,-0.682120,4.590010,0.862051,-0.511827,4.716895,0.656875,-0.039273,4.680674,0.129827,-0.425254,4.633007,0.642693,0.281852,4.413945,0.349283,-0.230633,4.613243
158,0.414915,-0.995862,4.396845,0.493313,-1.009850,4.333355,0.621274,-1.373819,4.356848,1.157596,-1.257841,4.724714,1.264343,-0.797699,4.711885,1.145511,-0.786167,4.757021,0.549074,-0.681859,4.588080,0.863063,-0.516220,4.717288,0.657782,-0.063945,4.694836,0.125988,-0.419799,4.620665,0.634864,0.292410,4.415797,0.367078,-0.216381,4.617230
159,0.412251,-0.999763,4.395024,0.480576,-0.996265,4.328880,0.613363,-1.373925,4.359054,1.160175,-1.266919,4.725802,1.256602,-0.784456,4.699239,1.144903,-0.787437,4.748349,0.547093,-0.669920,4.588446,0.863010,-0.513158,4.714266,0.672185,-0.008965,4.658305,0.117472,-0.412115,4.625275,0.632351,0.274507,4.416612,0.366726,-0.217731,4.600020
160,0.415741,-0.993825,4.403850,0.485466,-0.993883,4.334723,0.611574,-1.370710,4.354115,1.156506,-1.277828,4.731574,1.257997,-0.799315,4.704507,1.139512,-0.782513,4.748302,0.546127,-0.674953,4.589865,0.847886,-0.522448,4.720207,0.744953,-0.010865,4.642618,0.114571,-0.412699,4.626032,0.660161,0.298639,4.408062,0.405864,-0.188932,4.583358
161,0.413525,-0.991936,4.395484,0.496088,-0.991218,4.321812,0.615737,-1.363874,4.357194,1.149325,-1.278642,4.727273,1.260259,-0.806658,4.702164,1.138369,-0.806560,4.747492,0.548154,-0.671167,4.589015,0.848618,-0.519202,4.719412,0.649689,-0.030860,4.672501,0.120361,-0.409542,4.635143,0.648074,0.289089,4.408606,0.364456,-0.192988,4.595325
162,0.410649,-0.987402,4.408988,0.485431,-0.974603,4.331790,0.612641,-1.363043,4.351867,1.149202,-1.281501,4.726959,1.267477,-0.802288,4.703214,1.143257,-0.799116,4.753181,0.549478,-0.663304,4.584236,0.850224,-0.512639,4.719005,0.624789,-0.031279,4.679081,0.116991,-0.409249,4.641457,0.595385,0.250892,4.429862,0.321927,-0.243702,4.622080
163,0.412024,-0.976541,4.405539,0.498917,-0.981917,4.326035,0.617398,-1.364639,4.354192,1.157534,-1.265038,4.728076,1.249507,-0.802815,4.712158,1.146410,-0.806028,4.755810,0.544477,-0.671676,4.582879,0.849789,-0.507796,4.718419,0.643288,-0.034259,4.682382,0.123693,-0.413819,4.635683,0.632280,0.274513,4.416806,0.338295,-0.221273,4.616000
164,0.420352,-0.985071,4.397383,0.501090,-0.988531,4.328542,0.616570,-1.371955,4.356706,1.159892,-1.260012,4.728997,1.238859,-0.803660,4.704203,1.145061,-0.790993,4.747527,0.548731,-0.675241,4.581673,0.857804,-0.509210,4.714532,0.652210,-0.042543,4.685733,0.121677,-0.425834,4.631835,0.596587,0.161403,4.510524,0.339931,-0.211720,4.602134
165,0.416573,-1.002162,4.404647,0.505121,-1.007673,4.329496,0.612814,-1.369564,4.358231,1.158963,-1.261300,4.727283,1.254283,-0.804666,4.701352,1.152122,-0.771484,4.745570,0.545207,-0.678062,4.585585,0.848113,-0.509584,4.711925,0.659351,-0.044502,4.679164,0.128714,-0.412229,4.646232,0.639398,0.268308,4.424552,0.371257,-0.213290,4.592882
166,0.424569,-0.990997,4.391428,0.497171,-0.990396,4.338206,0.611924,-1.375034,4.359302,1.153827,-1.269639,4.726859,1.256193,-0.802748,4.698102,1.142809,-0.794979,4.749675,0.548763,-0.680801,4.589421,0.853856,-0.516465,4.716919,0.630383,-0.053697,4.696972,0.130638,-0.419066,4.658130,0.601577,0.241113,4.457470,0.370317,-0.192758,4.593347
167,0.412737,-1.007662,4.398695,0.488745,-1.018895,4.342900,0.614845,-1.376601,4.354362,1.151081,-1.270752,4.723912,1.247082,-0.806952,4.701771,1.145706,-0.798023,4.747477,0.546134,-0.679052,4.586543,0.855277,-0.520903,4.713975,0.658915,-0.043412,4.684562,0.138023,-0.410257,4.649200,0.640544,0.287896,4.414022,0.357078,-0.182933,4.604343
168,0.404317,-0.968079,4.395058,0.479371,-0.979526,4.335065,0.609560,-1.369515,4.351521,1.150707,-1.280150,4.725830,1.263871,-0.790545,4.705683,1.140400,-0.787581,4.757099,0.550538,-0.674655,4.590607,0.858935,-0.522667,4.719629,0.640390,-0.078214,4.699236,0.130462,-0.418616,4.623709,0.623837,0.250185,4.437154,0.363261,-0.235681,4.620558
169,0.418544,-1.001021,4.398114,0.511674,-0.993331,4.327376,0.617701,-1.374622,4.350083,1.149415,-1.271865,4.726887,1.251092,-0.805942,4.711601,1.134174,-0.782121,4.755537,0.550540,-0.677425,4.591097,0.865983,-0.516853,4.718269,0.649622,-0.049997,4.684753,0.118373,-0.427705,4.639805,0.628654,0.249683,4.440529,0.350735,-0.207745,4.612361
170,0.410672,-0.984857,4.398365,0.506261,-0.976946,4.332951,0.617610,-1.374679,4.354916,1.152965,-1.272864,4.728340,1.244017,-0.807924,4.709530,1.144142,-0.798532,4.754130,0.549806,-0.672399,4.590560,0.863573,-0.490377,4.712946,0.649949,-0.039073,4.668593,0.122485,-0.421301,4.650799,0.546486,0.161167,4.522419,0.335658,-0.225276,4.620614
171,0.420003,-1.021275,4.406319,0.504410,-0.985837,4.335706,0.619964,-1.375139,4.355208,1.153241,-1.270226,4.730514,1.240310,-0.828812,4.721517,1.141406,-0.784185,4.754425,0.548356,-0.675051,4.587933,0.856758,-0.508084,4.718030,0.638677,-0.047030,4.682479,0.124085,-0.408248,4.633263,0.602533,0.277616,4.421570,0.340900,-0.195933,4.586998
172,0.414128,-0.993966,4.412074,0.497870,-1.015867,4.321418,0.611703,-1.380202,4.354795,1.156649,-1.262626,4.726335,1.259983,-0.817262,4.701005,1.141571,-0.769018,4.748877,0.546507,-0.681702,4.589345,0.860216,-0.505873,4.715120,0.652441,-0.019734,4.666608,0.118761,-0.420467,4.635262,0.640041,0.297946,4.403002,0.380400,-0.219946,4.604149
173,0.418646,-0.997550,4.404159,0.499172,-1.019347,4.327189,0.613841,-1.374302,4.356340,1.154786,-1.265379,4.728203,1.251468,-0.791986,4.700154,1.138788,-0.779213,4.749016,0.544275,-0.682375,4.587855,0.847034,-0.509131,4.713960,0.638495,-0.035592,4.678597,0.114156,-0.414249,4.638672,0.653072,0.295803,4.407716,0.399552,-0.192316,4.592690
174,0.412071,-1.001871,4.401122,0.492277,-1.023555,4.344680,0.614222,-1.373653,4.356013,1.156331,-1.274185,4.727183,1.275643,-0.810032,4.700118,1.152863,-0.805157,4.751671,0.553046,-0.676000,4.580724,0.853085,-0.501355,4.710311,0.630303,-0.045136,4.687338,0.133648,-0.424618,4.657958,0.565895,0.177470,4.499107,0.272256,-0.214310,4.618325
175,0.417383,-1.004609,4.394063,0.488031,-1.005145,4.329732,0.615372,-1.384020,4.354737,1.154066,-1.282872,4.727697,1.263252,-0.807481,4.697998,1.139915,-0.798563,4.744277,0.549001,-0.685472,4.586447,0.851963,-0.520697,4.715688,0.640020,-0.074956,4.702924,0.143182,-0.411111,4.652836,0.592136,0.195875,4.492949,0.307691,-0.191075,4.602115
176,0.418226,-1.015521,4.397167,0.481524,-1.007142,4.352073,0.614323,-1.379783,4.343592,1.157001,-1.279688,4.724957,1.259569,-0.806095,4.708285,1.144111,-0.789409,4.751660,0.554357,-0.679920,4.588717,0.868050,-0.518595,4.714363,0.634406,-0.080931,4.707425,0.142930,-0.411035,4.648240,0.620912,0.201874,4.490737,0.371626,-0.185568,4.591625
177,0.409784,-0.983302,4.394387,0.489408,-1.001398,4.343744,0.610856,-1.374151,4.347228,1.150251,-1.270416,4.725007,1.246446,-0.799906,4.699606,1.132827,-0.786109,4.753540,0.554777,-0.683587,4.588794,0.858529,-0.525726,4.719285,0.640409,-0.055283,4.690961,0.131863,-0.418898,4.655029,0.634847,0.310468,4.410224,0.337466,-0.206516,4.627522
178,0.419748,-0.986811,4.404427,0.517279,-1.002232,4.328285,0.607925,-1.379475,4.353672,1.147325,-1.275563,4.725668,1.256324,-0.804998,4.709720,1.133719,-0.778864,4.752697,0.556533,-0.674532,4.588213,0.862843,-0.519159,4.718241,0.631315,-0.045583,4.692472,0.134097,-0.411760,4.648150,0.603627,0.246137,4.475224,0.299994,-0.221269,4.623508
179,0.421088,-0.995736,4.394858,0.505601,-0.996466,4.334703,0.615185,-1.381805,4.350614,1.151307,-1.264842,4.726193,1.251763,-0.803889,4.715361,1.137216,-0.789878,4.753881,0.549822,-0.681149,4.592690,0.864650,-0.528630,4.721064,0.649704,-0.062868,4.701996,0.142543,-0.413428,4.655511,0.650123,0.245807,4.463581,0.357517,-0.214007,4.607617
180,0.407563,-0.970629,4.404206,0.500010,-0.978074,4.334911,0.616752,-1.369330,4.355113,1.148147,-1.275516,4.729676,1.268765,-0.794026,4.706941,1.142063,-0.786789,4.754727,0.553150,-0.669582,4.594947,0.861732,-0.507786,4.718976,0.739520,-0.008622,4.646841,0.130566,-0.414842,4.640774,0.622088,0.282628,4.418800,0.310049,-0.236059,4.617939
181,0.412640,-0.984781,4.398335,0.508211,-0.997187,4.338191,0.615679,-1.376244,4.351833,1.158259,-1.261224,4.726218,1.282868,-0.770592,4.694802,1.143312,-0.768762,4.748224,0.554485,-0.670032,4.587443,0.869234,-0.497006,4.713738,0.647779,-0.025245,4.669156,0.119993,-0.420410,4.646282,0.580951,0.246892,4.444477,0.372086,-0.213865,4.600079
182,0.419137,-0.998244,4.404883,0.511493,-1.010314,4.328417,0.620412,-1.372154,4.355303,1.159400,-1.261529,4.725447,1.256776,-0.802681,4.712856,1.146375,-0.768490,4.752466,0.552066,-0.670190,4.589466,0.862178,-0.494469,4.711226,0.638229,-0.020986,4.674505,0.116458,-0.417082,4.635066,0.623032,0.303965,4.384928,0.377664,-0.194253,4.578689
183,0.417160,-0.964886,4.418586,0.499765,-1.023894,4.324505,0.611064,-1.375045,4.352609,1.158035,-1.252905,4.726208,1.250221,-0.798029,4.703835,1.134099,-0.747692,4.747297,0.546728,-0.685048,4.584805,0.852210,-0.515353,4.717045,0.649318,-0.046921,4.686208,0.115848,-0.416168,4.632792,0.627526,0.287547,4.404981,0.330512,-0.254006,4.623370
184,0.412279,-0.971368,4.409200,0.502192,-1.038667,4.331115,0.614967,-1.379579,4.355734,1.156597,-1.255914,4.727381,1.271136,-0.797096,4.688355,1.147416,-0.769853,4.742725,0.551623,-0.677941,4.588223,0.855319,-0.500662,4.714866,0.740356,-0.039940,4.664750,0.133278,-0.433110,4.642117,0.627458,0.243755,4.435851,0.240419,-0.263618,4.649401
185,0.410069,-0.994828,4.403131,0.520188,-1.060730,4.321710,0.614053,-1.384051,4.355614,1.154113,-1.269291,4.730131,1.252157,-0.827230,4.701149,1.134718,-0.770252,4.744783,0.551605,-0.680549,4.581454,0.849442,-0.515025,4.716344,0.640699,-0.039381,4.681482,0.118508,-0.414975,4.629786,0.626987,0.254980,4.422786,0.369809,-0.242372,4.608134
186,0.407654,-0.997243,4.408425,0.516805,-1.065994,4.324862,0.614417,-1.383487,4.352768,1.153843,-1.268114,4.724779,1.273300,-0.805042,4.703869,1.144760,-0.785159,4.753622,0.549120,-0.682003,4.582787,0.850374,-0.518497,4.713362,0.633967,-0.049856,4.688469,0.135601,-0.408436,4.641269,0.606858,0.278946,4.397891,0.303953,-0.246121,4.616660
187,0.412006,-0.991441,4.401265,0.498342,-1.005320,4.329587,0.614923,-1.372833,4.354569,1.158210,-1.264080,4.721756,1.252648,-0.798032,4.705172,1.141744,-0.790732,4.753080,0.547656,-0.688366,4.584484,0.854939,-0.518417,4.709304,0.636688,-0.082983,4.705916,0.147178,-0.418616,4.654606,0.598581,0.254603,4.431167,0.317840,-0.222214,4.586930
188,0.417385,-0.985777,4.397737,0.499618,-1.015238,4.324234,0.610587,-1.374748,4.354673,1.156478,-1.278878,4.728757,1.250667,-0.813227,4.707353,1.138949,-0.783662,4.746108,0.552572,-0.683515,4.582942,0.854212,-0.514055,4.713988,0.635711,-0.071732,4.697461,0.137684,-0.419829,4.658854,0.617857,0.258468,4.429867,0.296025,-0.227113,4.613759
189,0.411792,-1.002657,4.404524,0.497401,-1.000279,4.331710,0.613086,-1.371378,4.354200,1.156424,-1.276040,4.726621,1.262123,-0.800342,4.705247,1.148233,-0.792952,4.755733,0.544709,-0.678826,4.582122,0.853697,-0.509120,4.709417,0.649518,-0.054199,4.683718,0.144597,-0.412040,4.650936,0.610422,0.205638,4.461982,0.313720,-0.229221,4.604502
190,0.419746,-0.996961,4.404504,0.505770,-0.988908,4.333360,0.619731,-1.374595,4.353295,1.153441,-1.278839,4.728603,1.271520,-0.803628,4.693683,1.143327,-0.793270,4.747890,0.553356,-0.683744,4.585531,0.849931,-0.516950,4.716529,0.622838,-0.062139,4.700215,0.137785,-0.421483,4.659287,0.601985,0.270546,4.440311,0.350052,-0.182116,4.582911
191,0.415559,-1.012264,4.397432,0.483745,-1.023082,4.335365,0.619633,-1.380711,4.353953,1.155059,-1.272060,4.724066,1.256912,-0.791138,4.697498,1.144990,-0.786940,4.748751,0.550106,-0.676465,4.586474,0.859695,-0.520196,4.715625,0.643294,-0.050799,4.692564,0.141654,-0.398388,4.646479,0.624976,0.293092,4.411929,0.368390,-0.202997,4.583751
192,0.408758,-0.984870,4.396455,0.484775,-0.981863,4.329720,0.606020,-1.375629,4.355214,1.155000,-1.279402,4.726702,1.261639,-0.811834,4.703145,1.141007,-0.794138,4.752421,0.550433,-0.681346,4.593625,0.856802,-0.527325,4.722386,0.665573,-0.069934,4.695603,0.144860,-0.410689,4.654029,0.634695,0.259867,4.439511,0.376314,-0.203171,4.596117
193,0.411688,-0.986776,4.405159,0.498994,-0.976285,4.342261,0.613209,-1.367256,4.352689,1.152540,-1.272054,4.726466,1.254533,-0.787250,4.705738,1.138877,-0.792526,4.754791,0.548254,-0.669126,4.590309,0.861889,-0.509680,4.715450,0.644389,-0.057023,4.692847,0.122985,-0.417222,4.634545,0.625081,0.264278,4.447062,0.366780,-0.221984,4.593397
194,0.417487,-0.985188,4.403502,0.509277,-0.964031,4.332318,0.614726,-1.369699,4.355570,1.148222,-1.270910,4.727485,1.263456,-0.794887,4.700366,1.149627,-0.796804,4.754603,0.548262,-0.667818,4.590278,0.855723,-0.502450,4.717333,0.639297,-0.032235,4.678187,0.129409,-0.412205,4.656715,0.578479,0.196924,4.497129,0.209364,-0.263659,4.649780
195,0.415383,-0.987981,4.400115,0.500988,-0.984463,4.327040,0.617813,-1.373010,4.357463,1.158585,-1.265767,4.729066,1.263918,-0.802655,4.707871,1.142443,-0.791552,4.755548,0.545056,-0.675791,4.587490,0.863135,-0.496501,4.713629,0.665916,-0.023918,4.667031,0.116830,-0.416717,4.644010,0.617744,0.264907,4.433084,0.275439,-0.242083,4.625906
196,0.412257,-1.019683,4.403867,0.525807,-1.040580,4.326237,0.614465,-1.377320,4.355064,1.158047,-1.260140,4.726816,1.252580,-0.793840,4.714220,1.143467,-0.764831,4.749589,0.551727,-0.662611,4.578531,0.857466,-0.488988,4.708914,0.649661,-0.021642,4.669214,0.129574,-0.408489,4.633559,0.610497,0.247062,4.442255,0.323470,-0.282358,4.647750
197,0.414468,-0.976939,4.410135,0.501479,-1.027001,4.311552,0.611387,-1.382164,4.350724,1.155279,-1.267092,4.725647,1.245286,-0.801272,4.706507,1.134017,-0.776736,4.749887,0.540177,-0.684174,4.584941,0.841666,-0.505546,4.715461,0.635419,-0.053267,4.693380,0.124184,-0.427338,4.642074,0.624188,0.259407,4.432624,0.315865,-0.218890,4.603277
198,0.417107,-0.991069,4.409951,0.500396,-1.027004,4.323838,0.609550,-1.379728,4.353012,1.159074,-1.268732,4.725328,1.248395,-0.799945,4.701328,1.142717,-0.776439,4.745933,0.546398,-0.680322,4.582992,0.859886,-0.505822,4.712839,0.649184,-0.054484,4.689577,0.124546,-0.428989,4.642754,0.638512,0.284920,4.411663,0.179406,-0.286623,4.668649
199,0.414807,-0.985581,4.412047,0.498024,-1.012634,4.333354,0.608385,-1.381730,4.349942,1.158836,-1.265277,4.724857,1.245826,-0.804752,4.706017,1.142941,-0.766168,4.748411,0.549950,-0.687815,4.577885,0.862826,-0.507293,4.709491,0.665260,-0.045492,4.680871,0.129852,-0.429875,4.648304,0.613841,0.196951,4.473247,0.233086,-0.264319,4.647954
200,0.419285,-1.000559,4.410576,0.491223,-1.009799,4.325962,0.614828,-1.380599,4.354361,1.157608,-1.268262,4.726840,1.257590,-0.812510,4.697906,1.144155,-0.778265,4.742416,0.545469,-0.683735,4.581334,0.858097,-0.508712,4.712977,0.732951,-0.023218,4.650622,0.128090,-0.431614,4.637832,0.587258,0.206842,4.458693,0.307136,-0.236706,4.619527
201,0.405782,-1.001135,4.410783,0.502309,-1.068037,4.330700,0.609217,-1.384489,4.354257,1.156312,-1.268064,4.723638,1.259176,-0.815655,4.709477,1.141324,-0.763861,4.746704,0.542332,-0.689301,4.586695,0.853751,-0.509331,4.712307,0.680150,-0.050979,4.675009,0.147523,-0.417725,4.654080,0.624649,0.228905,4.433530,0.297807,-0.240537,4.616524
202,0.407937,-0.996277,4.406865,0.479446,-1.002760,4.333869,0.609701,-1.373836,4.351991,1.159140,-1.264300,4.721387,1.267702,-0.802264,4.705078,1.148468,-0.774831,4.747902,0.544881,-0.686495,4.582267,0.860607,-0.516836,4.709532,0.673069,-0.053256,4.680764,0.135997,-0.428285,4.639073,0.610485,0.233644,4.446660,0.281719,-0.235094,4.615299
203,0.415840,-1.025871,4.402059,0.527536,-1.060079,4.331196,0.620586,-1.382783,4.353251,1.155528,-1.264974,4.724770,1.272990,-0.806729,4.704882,1.148966,-0.786282,4.746381,0.557167,-0.686863,4.582735,0.861245,-0.525744,4.716470,0.648003,-0.087784,4.706629,0.149190,-0.419349,4.628367,0.631796,0.278494,4.428981,0.328102,-0.224255,4.606675
204,0.420005,-0.973006,4.406727,0.499607,-1.007091,4.343714,0.611016,-1.372059,4.350494,1.158862,-1.271947,4.724144,1.252298,-0.808706,4.710994,1.141105,-0.785089,4.750157,0.550834,-0.689882,4.586380,0.867449,-0.521468,4.711496,0.646971,-0.044338,4.684727,0.130358,-0.418195,4.653278,0.639119,0.264572,4.443383,0.335031,-0.231195,4.613439
205,0.419134,-1.008971,4.393076,0.496850,-1.006938,4.348406,0.615008,-1.380358,4.353527,1.151679,-1.268019,4.722708,1.266373,-0.802724,4.701913,1.139494,-0.792688,4.754614,0.553784,-0.681535,4.588350,0.859422,-0.523786,4.713531,0.639343,-0.058110,4.696589,0.151498,-0.411130,4.651006,0.617588,0.264088,4.441974,0.369254,-0.231871,4.611629
206,0.412220,-0.980538,4.398914,0.495555,-0.980429,4.331800,0.611896,-1.372921,4.351271,1.150560,-1.271928,4.726896,1.262472,-0.787540,4.698470,1.136781,-0.784885,4.751692,0.547361,-0.678600,4.594142,0.853298,-0.523240,4.721215,0.620761,-0.037005,4.689895,0.131664,-0.412711,4.637200,0.604637,0.301430,4.416332,0.372917,-0.250347,4.643862
207,0.412960,-0.995354,4.399946,0.496930,-0.976186,4.334970,0.612126,-1.374957,4.349837,1.151825,-1.266549,4.727650,1.272319,-0.786963,4.696421,1.147292,-0.794992,4.749541,0.550025,-0.663984,4.584474,0.860408,-0.496799,4.715795,0.732765,-0.017597,4.648454,0.119748,-0.406252,4.642096,0.613423,0.216688,4.460401,0.325879,-0.247576,4.623553
208,0.421401,-0.997211,4.402170,0.513704,-0.983708,4.328759,0.614753,-1.379984,4.355049,1.158143,-1.263747,4.726098,1.247378,-0.806013,4.712805,1.135495,-0.781539,4.756002,0.551363,-0.681196,4.593975,0.866317,-0.507413,4.718478,0.632761,-0.037835,4.680121,0.124594,-0.410691,4.635842,0.619878,0.286434,4.402444,0.227640,-0.270961,4.651780
209,0.406905,-1.019541,4.409503,0.493988,-1.011420,4.325256,0.610285,-1.382227,4.352148,1.153803,-1.268590,4.729656,1.247577,-0.807885,4.710172,1.141575,-0.760831,4.746727,0.546763,-0.672363,4.585455,0.857346,-0.496327,4.712889,0.635294,-0.027243,4.676594,0.112727,-0.417254,4.649333,0.617184,0.262739,4.416194,0.327666,-0.244284,4.625373
210,0.416498,-1.000307,4.409994,0.504711,-1.015051,4.316611,0.613411,-1.381837,4.349960,1.151970,-1.268057,4.732934,1.240520,-0.822353,4.711459,1.143991,-0.787021,4.747046,0.545693,-0.677522,4.584911,0.845629,-0.508811,4.719646,0.641662,-0.050395,4.687628,0.138455,-0.398227,4.656168,0.621448,0.273161,4.411374,0.305845,-0.244324,4.618469
211,0.410211,-0.987517,4.395675,0.503352,-0.996219,4.323796,0.609618,-1.383693,4.354092,1.157567,-1.267321,4.728411,1.235634,-0.799237,4.707590,1.141216,-0.771750,4.747839,0.543999,-0.683846,4.585064,0.853729,-0.506720,4.716217,0.644774,-0.033610,4.681654,0.143874,-0.416353,4.656954,0.600704,0.239012,4.442745,0.256200,-0.256970,4.628203
212,0.414541,-0.986128,4.410805,0.496810,-1.017330,4.324697,0.608755,-1.378924,4.351034,1.152550,-1.270438,4.727922,1.257067,-0.814349,4.706103,1.138009,-0.768973,4.750028,0.548676,-0.684307,4.583381,0.859938,-0.509267,4.713479,0.654810,-0.049723,4.685508,0.126374,-0.432187,4.646180,0.620521,0.259975,4.426202,0.168033,-0.305301,4.685361
213,0.420863,-0.986318,4.401710,0.498909,-1.003197,4.322998,0.606401,-1.376389,4.353535,1.155071,-1.269470,4.728202,1.259412,-0.802139,4.700899,1.129135,-0.776350,4.753743,0.545277,-0.688341,4.584198,0.852630,-0.517474,4.714757,0.655150,-0.057609,4.692869,0.126786,-0.413189,4.640274,0.638204,0.281590,4.417429,0.284206,-0.285084,4.655093
214,0.414543,-0.998946,4.400186,0.497922,-1.001066,4.327811,0.610143,-1.378251,4.354962,1.154683,-1.269455,4.729136,1.229921,-0.806426,4.707146,1.133077,-0.794245,4.748405,0.547249,-0.684252,4.584408,0.851670,-0.519764,4.716825,0.648093,-0.078648,4.698399,0.130681,-0.422282,4.631793,0.591492,0.206722,4.471404,0.304259,-0.241288,4.621381
215,0.415817,-1.019128,4.392080,0.501832,-1.003326,4.350378,0.617953,-1.374807,4.355397,1.154373,-1.266819,4.723189,1.257867,-0.799700,4.704486,1.142044,-0.779333,4.750654,0.556507,-0.676546,4.586504,0.861675,-0.508683,4.713867,0.739051,-0.024543,4.656481,0.136983,-0.418954,4.654348,0.613036,0.213822,4.467000,0.303792,-0.238576,4.622825
216,0.411511,-1.018772,4.417423,0.478478,-0.998404,4.355939,0.614541,-1.368597,4.349743,1.159311,-1.273164,4.721178,1.250535,-0.810944,4.712402,1.142075,-0.786475,4.746264,0.552251,-0.688048,4.585674,0.867929,-0.530964,4.713183,0.673559,-0.069037,4.698135,0.128145,-0.427023,4.639794,0.658080,0.214844,4.469416,0.317989,-0.233867,4.614905
217,0.425971,-0.979669,4.391584,0.493392,-1.011208,4.338994,0.616380,-1.375588,4.354854,1.159855,-1.268270,4.718420,1.254712,-0.769520,4.698420,1.138454,-0.784704,4.749220,0.548793,-0.695759,4.593651,0.859297,-0.527991,4.716582,0.644949,-0.061709,4.700547,0.143051,-0.413967,4.651231,0.633770,0.231229,4.463750,0.343109,-0.231245,4.607147
218,0.419735,-0.979107,4.397166,0.486399,-1.004732,4.348119,0.610128,-1.377398,4.350122,1.158495,-1.272551,4.724501,1.277487,-0.768148,4.691724,1.137406,-0.782477,4.748335,0.553520,-0.687180,4.590555,0.872255,-0.524948,4.715430,0.651739,-0.093129,4.710578,0.142391,-0.429503,4.656249,0.544915,0.113258,4.572254,0.340427,-0.235049,4.619294
219,0.416979,-1.007599,4.399267,0.490130,-0.999931,4.341244,0.611089,-1.373320,4.345182,1.151099,-1.274418,4.726676,1.276053,-0.802084,4.700482,1.132359,-0.782593,4.747710,0.564983,-0.665288,4.584229,0.878531,-0.512186,4.713093,0.718087,-0.089583,4.699161,0.138952,-0.437364,4.631329,0.529234,0.180037,4.525522,0.408887,-0.217481,4.594670
220,0.410245,-1.002070,4.400208,0.502413,-0.985758,4.345782,0.620437,-1.367673,4.350072,1.147700,-1.274971,4.728206,1.283905,-0.798265,4.700938,1.149586,-0.788972,4.749477,0.558378,-0.661176,4.588809,0.865553,-0.501569,4.714391,0.707894,-0.106291,4.710038,0.128279,-0.430709,4.647299,0.517981,0.153491,4.548439,0.387217,-0.237291,4.604101
221,0.410682,-0.995850,4.394352,0.506042,-1.030257,4.329349,0.618207,-1.384260,4.354107,1.159807,-1.266264,4.724634,1.269813,-0.805194,4.703651,1.134241,-0.772297,4.751151,0.551539,-0.676411,4.592149,0.861592,-0.500769,4.714648,0.706551,-0.049705,4.675380,0.130865,-0.435403,4.661811,0.482089,0.145182,4.556484,0.431238,-0.196330,4.579038
222,0.407337,-1.026290,4.406888,0.494634,-1.047470,4.339008,0.610711,-1.382853,4.349712,1.153587,-1.279958,4.730779,1.281731,-0.809782,4.700576,1.150326,-0.782420,4.745671,0.548645,-0.671442,4.590325,0.866142,-0.495575,4.710709,0.723358,-0.041490,4.667812,0.131348,-0.438434,4.649681,0.481434,0.182876,4.523643,0.377280,-0.165177,4.570793
223,0.412599,-1.016597,4.390438,0.500149,-1.009115,4.341948,0.604623,-1.377039,4.349417,1.155039,-1.276157,4.723655,1.274469,-0.813605,4.700922,1.144345,-0.775176,4.745258,0.554464,-0.661080,4.591076,0.875910,-0.499366,4.711564,0.720961,-0.056921,4.679508,0.134792,-0.438555,4.634666,0.543825,0.182537,4.525902,0.375181,-0.216413,4.595663
224,0.414460,-1.008611,4.395049,0.498242,-1.002393,4.342167,0.618694,-1.373799,4.347890,1.153097,-1.274625,4.727691,1.283425,-0.803713,4.705758,1.151247,-0.795817,4.748251,0.549871,-0.677779,4.594059,0.872181,-0.505296,4.711644,0.720106,-0.064363,4.684163,0.141573,-0.437343,4.658757,0.576908,0.156656,4.540688,0.329283,-0.214374,4.610582
225,0.411897,-1.008504,4.394113,0.477856,-1.005237,4.347506,0.612280,-1.367257,4.349782,1.160127,-1.276507,4.725561,1.276857,-0.794849,4.699192,1.142323,-0.790339,4.748716,0.552867,-0.677428,4.585561,0.878338,-0.516301,4.713738,0.733980,-0.072855,4.680486,0.149669,-0.431145,4.652051,0.571071,0.144052,4.549105,0.322428,-0.177337,4.584209
226,0.414219,-0.993261,4.401958,0.485604,-1.018809,4.346906,0.618993,-1.367844,4.345662,1.163742,-1.260490,4.719439,1.283944,-0.769503,4.692147,1.144247,-0.783377,4.746343,0.548966,-0.687959,4.590930,0.876009,-0.515347,4.710003,0.694558,-0.061513,4.684989,0.146365,-0.433708,4.661374,0.537776,0.146874,4.545466,0.342821,-0.180137,4.574344
227,0.417769,-0.994735,4.401483,0.493042,-1.039376,4.349196,0.612827,-1.389042,4.354425,1.158451,-1.268322,4.720195,1.286521,-0.785232,4.689539,1.136817,-0.779772,4.747712,0.546487,-0.696268,4.591277,0.868119,-0.525258,4.714280,0.707805,-0.033349,4.662919,0.144103,-0.431006,4.660790,0.524001,0.083590,4.595339,0.281624,-0.220537,4.612725
228,0.420475,-0.969124,4.395708,0.486960,-0.980129,4.338142,0.611856,-1.371219,4.352768,1.160163,-1.273349,4.723495,1.306973,-0.730358,4.685736,1.131437,-0.768787,4.746839,0.555434,-0.691093,4.581596,0.884482,-0.510778,4.705025,0.662950,-0.028912,4.670885,0.143241,-0.438846,4.657888,0.539132,0.201389,4.498976,0.354001,-0.231355,4.611929
229,0.425876,-0.972564,4.401140,0.489305,-0.978361,4.342509,0.611165,-1.384597,4.354210,1.158650,-1.275750,4.723531,1.304494,-0.749919,4.683328,1.142340,-0.784456,4.748400,0.550049,-0.685966,4.595164,0.882113,-0.505455,4.709313,0.660942,-0.016823,4.670294,0.145749,-0.436213,4.662633,0.534980,0.160774,4.547218,0.321382,-0.266457,4.644610
230,0.431250,-0.968638,4.398186,0.509933,-0.971723,4.333231,0.613163,-1.376125,4.348646,1.156069,-1.273834,4.724097,1.291431,-0.761951,4.687231,1.140454,-0.787404,4.747974,0.551314,-0.683702,4.587386,0.884880,-0.509839,4.709645,0.667559,-0.024775,4.675065,0.135937,-0.430888,4.642308,0.516411,0.234767,4.491054,0.355199,-0.238803,4.616230
231,0.423951,-0.973109,4.402978,0.506936,-0.989836,4.336678,0.617011,-1.378980,4.350622,1.163988,-1.261870,4.723297,1.292311,-0.735502,4.684947,1.140247,-0.765103,4.752115,0.560614,-0.674061,4.593522,0.897411,-0.490789,4.707128,0.694063,-0.033190,4.671447,0.127545,-0.434388,4.641044,0.571761,0.215545,4.493769,0.383185,-0.249475,4.620100
232,0.422776,-0.984630,4.394922,0.492956,-1.008042,4.342370,0.622189,-1.364613,4.346155,1.165630,-1.272205,4.725794,1.308668,-0.746173,4.674633,1.152087,-0.776345,4.744160,0.558553,-0.664428,4.586784,0.886819,-0.478364,4.700750,0.658752,-0.034649,4.677088,0.150871,-0.426698,4.644933,0.554253,0.294725,4.463571,0.451911,-0.180541,4.580002
233,0.418557,-1.005387,4.397347,0.494663,-0.979908,4.343618,0.614693,-1.390586,4.348478,1.166090,-1.292945,4.726888,1.285304,-0.807607,4.693461,1.145762,-0.786164,4.749829,0.568839,-0.686119,4.592057,0.899299,-0.523816,4.711068,0.678076,-0.007848,4.663882,0.155538,-0.432169,4.614744,0.557964,0.162801,4.558914,0.325773,-0.241215,4.617587
234,0.424587,-1.000933,4.390592,0.492395,-1.009908,4.326490,0.617068,-1.374470,4.352857,1.161779,-1.270667,4.726255,1.280571,-0.782926,4.693958,1.143557,-0.793767,4.751492,0.569355,-0.678919,4.586642,0.897185,-0.513914,4.710743,0.761732,-0.010980,4.648770,0.149826,-0.435578,4.606049,0.600434,0.195698,4.528636,0.438259,-0.187570,4.572932
235,0.429080,-0.993279,4.405045,0.525969,-1.048045,4.329414,0.621075,-1.375190,4.351909,1.163135,-1.275258,4.726494,1.286703,-0.758172,4.689754,1.142753,-0.794509,4.756806,0.569997,-0.673811,4.585989,0.904855,-0.516804,4.710763,0.776677,-0.022719,4.653807,0.154657,-0.434577,4.654318,0.583816,0.182091,4.536397,0.391527,-0.210283,4.592558
236,0.430554,-0.981880,4.395053,0.504205,-0.981290,4.332673,0.611621,-1.378304,4.347461,1.163925,-1.270166,4.729303,1.280835,-0.748182,4.695960,1.133862,-0.793140,4.756344,0.563093,-0.676503,4.587639,0.893923,-0.506816,4.710791,0.667020,-0.038684,4.677427,0.163865,-0.430260,4.652558,0.587616,0.217457,4.508697,0.411544,-0.209446,4.589259
237,0.421482,-0.998707,4.397512,0.498594,-1.010456,4.338801,0.612393,-1.375557,4.349862,1.163661,-1.266068,4.722573,1.277501,-0.765801,4.693805,1.150321,-0.786505,4.753341,0.560028,-0.672473,4.583704,0.897133,-0.502977,4.708422,0.756030,-0.042569,4.658597,0.147899,-0.427040,4.647810,0.569931,0.184655,4.518825,0.312531,-0.268129,4.624166
238,0.415903,-0.993453,4.400988,0.506736,-1.012795,4.330113,0.619440,-1.381593,4.351552,1.157267,-1.268205,4.720705,1.278058,-0.780110,4.698105,1.144062,-0.802337,4.753087,0.555904,-0.676817,4.591679,0.874105,-0.506309,4.713478,0.653739,-0.058012,4.691577,0.148626,-0.441194,4.662431,0.547622,0.199094,4.506217,0.396071,-0.208785,4.595975
239,0.424479,-0.987742,4.393825,0.508663,-0.997008,4.333127,0.623252,-1.371760,4.350790,1.160164,-1.263179,4.723883,1.292017,-0.777947,4.692649,1.145398,-0.793038,4.752534,0.554988,-0.672401,4.586363,0.873218,-0.496525,4.706741,0.638993,-0.053692,4.689495,0.130236,-0.438340,4.652962,0.540241,0.217867,4.484144,0.400027,-0.209422,4.591969
240,0.419148,-0.996048,4.408965,0.502727,-1.003522,4.329205,0.617388,-1.369733,4.355266,1.154664,-1.267931,4.727791,1.280092,-0.796934,4.687999,1.137907,-0.795527,4.750859,0.548542,-0.680116,4.582080,0.859738,-0.510502,4.710198,0.732975,0.006892,4.639183,0.125737,-0.427873,4.664564,0.592523,0.200597,4.474550,0.370430,-0.196250,4.582683
241,0.405885,-0.989691,4.393654,0.506831,-1.063125,4.328481,0.615588,-1.382939,4.356561,1.154069,-1.275444,4.725948,1.279436,-0.815081,4.698150,1.148867,-0.783394,4.748249,0.556689,-0.685924,4.586049,0.872701,-0.517911,4.710032,0.741766,-0.028202,4.655763,0.147026,-0.427401,4.668086,0.604750,0.256992,4.438669,0.320719,-0.225606,4.611537
242,0.425664,-0.978092,4.391872,0.501931,-1.004974,4.338533,0.610401,-1.378781,4.358438,1.157523,-1.281692,4.725575,1.268598,-0.805448,4.700196,1.143896,-0.798062,4.755102,0.551032,-0.691576,4.593412,0.872700,-0.517770,4.711792,0.642129,-0.042785,4.685535,0.141335,-0.424953,4.660020,0.604718,0.202562,4.484938,0.422063,-0.192353,4.581795
243,0.415893,-0.992622,4.399419,0.479428,-0.987130,4.351325,0.611221,-1.364907,4.354963,1.154013,-1.273893,4.726553,1.266143,-0.796740,4.705273,1.139739,-0.795687,4.751051,0.550145,-0.686355,4.590137,0.875335,-0.520037,4.708780,0.739987,-0.009495,4.643781,0.139073,-0.428468,4.665712,0.628784,0.269918,4.427756,0.367829,-0.187651,4.586458
244,0.412858,-0.981794,4.402577,0.483806,-0.979953,4.326570,0.609124,-1.368894,4.353581,1.151995,-1.273370,4.727086,1.269976,-0.804984,4.701402,1.138475,-0.786218,4.757875,0.551010,-0.679704,4.594391,0.864559,-0.522956,4.718068,0.748478,-0.023071,4.652767,0.145308,-0.416155,4.648705,0.642395,0.286041,4.412109,0.401559,-0.206281,4.586813
245,0.410741,-0.974527,4.399718,0.500999,-0.959505,4.330554,0.610370,-1.362893,4.355311,1.155657,-1.270750,4.727908,1.274230,-0.791786,4.698736,1.140302,-0.782567,4.749498,0.555228,-0.663152,4.591306,0.874982,-0.493626,4.713083,0.774890,0.014108,4.624148,0.119240,-0.434340,4.649420,0.595504,0.253143,4.437778,0.391416,-0.206449,4.592864
246,0.414015,-1.005620,4.411373,0.502997,-0.968314,4.343702,0.610332,-1.368718,4.352139,1.153535,-1.277091,4.731319,1.270089,-0.801072,4.702322,1.134425,-0.798579,4.750014,0.546657,-0.664315,4.584856,0.860554,-0.496410,4.713100,0.728361,-0.008892,4.635758,0.111333,-0.425606,4.650970,0.576222,0.190792,4.492029,0.302503,-0.231471,4.622167
247,0.412584,-1.022694,4.417344,0.494399,-1.008232,4.322223,0.618313,-1.372450,4.352751,1.153833,-1.275440,4.732061,1.255414,-0.843100,4.707634,1.142310,-0.781543,4.747587,0.545170,-0.673839,4.585126,0.860500,-0.503069,4.712951,0.633445,-0.057325,4.689534,0.137998,-0.417166,4.658825,0.572442,0.202795,4.478953,0.363030,-0.194742,4.571215
248,0.416434,-0.969250,4.406888,0.496284,-1.033219,4.324904,0.606830,-1.380826,4.352942,1.154505,-1.276197,4.729316,1.257796,-0.800854,4.700620,1.143856,-0.775163,4.750351,0.549048,-0.681293,4.582448,0.865348,-0.512616,4.711207,0.736149,-0.012055,4.641778,0.130640,-0.437065,4.647387,0.562915,0.104917,4.561151,0.327343,-0.217161,4.604997
249,0.417090,-1.006508,4.401594,0.523517,-1.074881,4.330062,0.622677,-1.380852,4.358564,1.158678,-1.261140,4.721061,1.295309,-0.803305,4.695943,1.153543,-0.786694,4.751013,0.553494,-0.688713,4.581579,0.862837,-0.516052,4.709076,0.756254,-0.049745,4.660575,0.143335,-0.434206,4.663682,0.618366,0.168774,4.496128,0.325516,-0.242902,4.608778
250,0.410311,-0.995955,4.396891,0.486703,-1.031682,4.324365,0.613183,-1.377934,4.358364,1.156775,-1.265743,4.719418,1.282483,-0.799968,4.693716,1.130521,-0.766995,4.751312,0.548515,-0.695871,4.584788,0.859566,-0.525810,4.709775,0.641735,-0.045791,4.682611,0.142167,-0.427035,4.657141,0.587651,0.182206,4.496166,0.386420,-0.208228,4.578999
251,0.418665,-0.986571,4.396844,0.481036,-1.004533,4.345822,0.613219,-1.377377,4.357893,1.157763,-1.274987,4.726255,1.272368,-0.788406,4.695456,1.137180,-0.790176,4.750090,0.548310,-0.689780,4.583234,0.863048,-0.522096,4.710745,0.743995,-0.010830,4.645917,0.139958,-0.427340,4.632221,0.586918,0.163231,4.518697,0.404433,-0.195165,4.575069
252,0.414050,-1.000211,4.401539,0.483456,-1.005129,4.357872,0.607747,-1.372200,4.350143,1.153966,-1.281432,4.730073,1.260298,-0.801386,4.705341,1.131294,-0.819679,4.753811,0.551727,-0.689529,4.592410,0.873147,-0.524416,4.714645,0.713191,-0.020007,4.656097,0.122433,-0.435802,4.641453,0.578540,0.128696,4.552020,0.420567,-0.164661,4.572067
253,0.420787,-1.001628,4.400332,0.490111,-0.983341,4.337006,0.606252,-1.379225,4.351771,1.152691,-1.284326,4.730416,1.264505,-0.801999,4.709708,1.137373,-0.791680,4.749942,0.552888,-0.684622,4.584070,0.875282,-0.515167,4.712949,0.725207,-0.010909,4.644413,0.142212,-0.421932,4.644403,0.546410,0.049877,4.618193,0.339556,-0.194119,4.591094
254,0.416986,-0.993342,4.397626,0.497518,-1.001958,4.332530,0.617122,-1.380744,4.352749,1.153029,-1.283465,4.731374,1.261143,-0.797392,4.710912,1.133794,-0.787138,4.750785,0.557405,-0.685260,4.586048,0.874144,-0.526804,4.717816,0.711729,-0.010378,4.647746,0.133968,-0.426212,4.652369,0.552060,0.152764,4.534000,0.416467,-0.157590,4.562260
255,0.415055,-0.984916,4.397294,0.492750,-0.975225,4.338559,0.613824,-1.372786,4.352867,1.148176,-1.288646,4.733270,1.270872,-0.790541,4.701841,1.142913,-0.791994,4.749804,0.550862,-0.684274,4.584125,0.866540,-0.527404,4.717071,0.633541,-0.066321,4.689813,0.146492,-0.426572,4.650768,0.504431,0.004504,4.650768,0.369592,-0.193888,4.588744
256,0.409452,-0.996078,4.394258,0.480270,-0.981465,4.337734,0.610866,-1.369898,4.358444,1.149593,-1.285260,4.731872,1.268010,-0.803230,4.703738,1.140000,-0.799445,4.756588,0.548326,-0.683465,4.594886,0.867329,-0.518831,4.717613,0.648128,-0.059697,4.691140,0.144371,-0.430193,4.652610,0.517818,0.184214,4.525420,0.370429,-0.175466,4.587970
257,0.416923,-1.000372,4.397823,0.483832,-1.015526,4.337119,0.615208,-1.379070,4.355257,1.154585,-1.283921,4.733272,1.267765,-0.808106,4.707816,1.138778,-0.791808,4.749569,0.550301,-0.680884,4.587768,0.878124,-0.515368,4.714426,0.710719,-0.018501,4.659238,0.141680,-0.418495,4.641647,0.513970,0.199552,4.513366,0.398478,-0.214785,4.594732
258,0.421957,-0.974601,4.402622,0.493594,-0.985405,4.328965,0.608961,-1.370965,4.357717,1.158572,-1.267563,4.729009,1.271261,-0.790321,4.704041,1.148013,-0.779040,4.748512,0.540929,-0.678224,4.590548,0.884556,-0.515258,4.713303,0.778097,-0.066960,4.669556,0.136744,-0.429209,4.632592,0.572497,0.220847,4.483398,0.349615,-0.202043,4.601194
259,0.429241,-0.976679,4.419098,0.510369,-0.980462,4.330475,0.616079,-1.373887,4.356656,1.155829,-1.269893,4.734590,1.278092,-0.814777,4.708267,1.145755,-0.793411,4.754900,0.544139,-0.683681,4.592419,0.875582,-0.511721,4.716121,0.645529,-0.065874,4.691998,0.118286,-0.434077,4.660516,0.557551,0.186164,4.518883,0.352472,-0.225072,4.626572
260,0.418301,-1.005016,4.408592,0.496912,-1.017878,4.323660,0.614812,-1.383131,4.357097,1.157682,-1.266950,4.733113,1.279508,-0.807542,4.703994,1.153066,-0.774592,4.751709,0.544250,-0.673656,4.586871,0.857010,-0.505105,4.715520,0.611473,-0.059717,4.695493,0.125186,-0.426247,4.632576,0.533744,0.191966,4.495594,0.350838,-0.232114,4.616324
261,0.415009,-0.979949,4.411426,0.490466,-1.021238,4.326321,0.606387,-1.383007,4.351263,1.156939,-1.267660,4.735929,1.269387,-0.793202,4.700593,1.139503,-0.768846,4.747099,0.541194,-0.669426,4.582107,0.849616,-0.502932,4.715190,0.648875,-0.084041,4.703946,0.144461,-0.423647,4.655746,0.544224,0.270708,4.424533,0.371952,-0.269465,4.605718
262,0.415793,-0.973965,4.411191,0.510777,-1.027977,4.318259,0.605968,-1.379772,4.350803,1.160527,-1.264091,4.733554,1.287221,-0.778126,4.687964,1.146473,-0.750603,4.743267,0.537951,-0.677824,4.584361,0.852135,-0.498958,4.714719,0.646091,-0.092711,4.710370,0.143235,-0.432664,4.659984,0.540558,0.277526,4.425014,0.381553,-0.285634,4.621369
263,0.415841,-0.981262,4.407678,0.507021,-1.033778,4.322003,0.604434,-1.386386,4.355756,1.159362,-1.266451,4.730322,1.280209,-0.772968,4.698290,1.149450,-0.756843,4.751103,0.546851,-0.686350,4.591006,0.869951,-0.510311,4.714660,0.656527,-0.084465,4.705459,0.123896,-0.439593,4.643430,0.619017,0.294707,4.411581,0.321302,-0.285961,4.655250
264,0.420080,-0.990699,4.388920,0.507608,-1.039160,4.344176,0.616876,-1.376254,4.363439,1.157969,-1.267771,4.727647,1.287791,-0.794889,4.696064,1.142489,-0.777179,4.752233,0.552644,-0.685450,4.590687,0.874526,-0.506811,4.708376,0.668772,-0.075931,4.703711,0.117689,-0.428745,4.639107,0.628581,0.308406,4.395260,0.334871,-0.267900,4.637058
265,0.412764,-0.990574,4.400103,0.497893,-0.993893,4.350211,0.609846,-1.371844,4.357286,1.156989,-1.273210,4.725126,1.290024,-0.768907,4.683851,1.139080,-0.782831,4.750269,0.548151,-0.689137,4.589245,0.864269,-0.509520,4.708559,0.648554,-0.061235,4.692028,0.118254,-0.440016,4.641257,0.576237,0.198370,4.486542,0.320007,-0.241806,4.622607
266,0.412634,-1.009035,4.399701,0.503125,-1.046130,4.340180,0.609263,-1.374360,4.352671,1.156428,-1.270696,4.728815,1.277361,-0.787250,4.698050,1.148238,-0.805148,4.751830,0.546587,-0.680678,4.585651,0.867169,-0.501005,4.708025,0.648668,-0.085506,4.703334,0.141897,-0.421255,4.651735,0.571774,0.226052,4.458274,0.321774,-0.240222,4.620369
267,0.414196,-0.996157,4.396755,0.508270,-0.979907,4.335351,0.609508,-1.375879,4.354209,1.152947,-1.279660,4.732454,1.280740,-0.790927,4.696527,1.144852,-0.792918,4.747730,0.543559,-0.672964,4.588493,0.854611,-0.501742,4.713896,0.650398,-0.076344,4.704134,0.149861,-0.420890,4.653845,0.578779,0.247681,4.451089,0.362132,-0.218697,4.610967
268,0.405442,-1.019000,4.395444,0.493075,-0.965112,4.323605,0.612238,-1.371338,4.353798,1.151459,-1.265892,4.731480,1.282699,-0.778636,4.684794,1.150384,-0.815071,4.754581,0.545918,-0.660183,4.585143,0.863984,-0.492792,4.712611,0.764699,-0.003938,4.630592,0.133724,-0.417640,4.636879,0.620913,0.253108,4.431673,0.292253,-0.238546,4.639981
269,0.414668,-0.987025,4.397026,0.486517,-0.958982,4.333428,0.604854,-1.371727,4.355596,1.155617,-1.270306,4.732439,1.281001,-0.789196,4.690616,1.148806,-0.787516,4.743075,0.541080,-0.662631,4.594141,0.869728,-0.492346,4.713030,0.718388,0.032082,4.620753,0.124528,-0.423199,4.652982,0.489891,0.124072,4.570245,0.407729,-0.182229,4.576277
270,0.418736,-0.995723,4.404916,0.503936,-0.960617,4.340830,0.608380,-1.377034,4.350944,1.160189,-1.260459,4.729749,1.272061,-0.777446,4.696612,1.142356,-0.770536,4.745710,0.559188,-0.655201,4.585574,0.888981,-0.489748,4.709721,0.731871,0.029228,4.618431,0.121571,-0.421243,4.640873,0.562497,0.148357,4.538218,0.378069,-0.213883,4.592315
271,0.417829,-1.004163,4.409389,0.517236,-1.004080,4.339386,0.609665,-1.383571,4.350743,1.164694,-1.250658,4.723491,1.277273,-0.779613,4.698395,1.147265,-0.771585,4.748751,0.562272,-0.661571,4.593259,0.901493,-0.503049,4.713061,0.839631,-0.020820,4.633701,0.127143,-0.427598,4.643225,0.656652,0.099174,4.572934,0.364499,-0.209823,4.601351
272,0.433330,-0.958333,4.392889,0.513125,-0.951303,4.328722,0.608841,-1.370713,4.352493,1.161687,-1.249934,4.726711,1.316359,-0.708563,4.675709,1.153796,-0.771519,4.745797,0.551472,-0.667541,4.593872,0.880097,-0.480458,4.711123,0.758530,0.044712,4.609109,0.123386,-0.422714,4.646748,0.567228,0.187454,4.508528,0.331485,-0.287592,4.645948
273,0.420384,-0.970912,4.403445,0.495232,-0.950749,4.335317,0.604108,-1.359305,4.357608,1.155557,-1.266028,4.729688,1.300426,-0.750889,4.684734,1.151100,-0.780886,4.751190,0.549753,-0.657031,4.592851,0.884876,-0.489547,4.710134,0.586203,-0.017648,4.684784,0.131147,-0.407747,4.668580,0.607917,0.245090,4.490968,0.398566,-0.205008,4.580898
274,0.428679,-0.971441,4.403888,0.517939,-0.949185,4.327906,0.613616,-1.373627,4.353971,1.156320,-1.266898,4.731345,1.296248,-0.753080,4.687557,1.149214,-0.799935,4.757388,0.552335,-0.665857,4.593579,0.876647,-0.486715,4.712446,0.796837,0.028446,4.611914,0.148236,-0.409300,4.666639,0.615108,0.155312,4.533834,0.334440,-0.240341,4.622586
275,0.422820,-0.967395,4.415311,0.506157,-0.984369,4.326715,0.607650,-1.373204,4.351625,1.157537,-1.276023,4.731840,1.293598,-0.742336,4.690061,1.152931,-0.803688,4.750371,0.551685,-0.667950,4.586348,0.871926,-0.497907,4.716494,0.593200,-0.046324,4.688304,0.130126,-0.423991,4.642884,0.557653,0.214629,4.473680,0.402023,-0.192336,4.580726
276,0.412499,-0.981052,4.424335,0.498471,-0.990391,4.323477,0.606959,-1.385192,4.353858,1.160167,-1.271630,4.725721,1.308290,-0.741004,4.676618,1.152018,-0.787937,4.749113,0.550283,-0.680669,4.588747,0.865010,-0.512227,4.715087,0.636513,-0.047974,4.688396,0.116233,-0.417678,4.643479,0.623485,0.320801,4.401846,0.366726,-0.272574,4.622513
277,0.411396,-0.997702,4.413195,0.497870,-0.988809,4.323657,0.616174,-1.379232,4.362122,1.158440,-1.266668,4.728943,1.301528,-0.755169,4.680298,1.155828,-0.762735,4.741544,0.557434,-0.675180,4.588930,0.871765,-0.513929,4.713234,0.621797,-0.044582,4.691503,0.116845,-0.417352,4.634767,0.591860,0.293982,4.418693,0.430159,-0.240230,4.599227
278,0.418482,-0.978798,4.395640,0.513863,-1.017376,4.328611,0.610719,-1.382725,4.356736,1.157138,-1.265321,4.726001,1.271034,-0.788623,4.697490,1.141989,-0.748172,4.739861,0.547709,-0.689023,4.584582,0.856086,-0.524917,4.715014,0.641767,-0.056980,4.687742,0.130776,-0.417872,4.660573,0.626174,0.272639,4.421602,0.365337,-0.238189,4.602055
279,0.416262,-0.988032,4.400885,0.495414,-0.988222,4.351359,0.607314,-1.377267,4.358319,1.160860,-1.280003,4.723769,1.274703,-0.785447,4.691473,1.143897,-0.811822,4.751741,0.552090,-0.689713,4.589245,0.872621,-0.533215,4.714781,0.646798,-0.081210,4.710892,0.130081,-0.429188,4.643826,0.629529,0.292570,4.434599,0.396815,-0.180853,4.592371
280,0.411303,-1.008680,4.413101,0.490220,-1.009941,4.352441,0.608421,-1.380840,4.356344,1.157217,-1.275300,4.725897,1.281093,-0.780937,4.689481,1.139141,-0.812266,4.748104,0.549506,-0.686963,4.588692,0.871685,-0.530694,4.714738,0.667478,-0.060911,4.689856,0.130214,-0.415126,4.661115,0.658239,0.273383,4.441154,0.361155,-0.224996,4.602634
281,0.407679,-0.975451,4.399960,0.486391,-0.960172,4.337667,0.601165,-1.375417,4.350016,1.154581,-1.271143,4.725535,1.281805,-0.768813,4.690442,1.138521,-0.805864,4.752216,0.547057,-0.675502,4.590770,0.867391,-0.531891,4.721906,0.646040,-0.078656,4.708290,0.141246,-0.410755,4.650938,0.645761,0.313572,4.426432,0.394603,-0.239183,4.607174
282,0.416654,-0.994554,4.402974,0.500501,-0.988586,4.336057,0.610177,-1.378900,4.347425,1.157931,-1.275972,4.722425,1.302048,-0.757267,4.682616,1.149358,-0.792118,4.744914,0.553247,-0.682208,4.585969,0.874630,-0.531668,4.716309,0.647278,-0.078988,4.705031,0.135172,-0.413628,4.638636,0.638892,0.279906,4.426000,0.375959,-0.249369,4.616510
283,0.409095,-0.992499,4.400771,0.511339,-1.001667,4.331022,0.613301,-1.376319,4.351985,1.152174,-1.267439,4.727563,1.300632,-0.746320,4.676532,1.139708,-0.811389,4.752849,0.548730,-0.676400,4.596485,0.866434,-0.512337,4.723563,0.653245,-0.049531,4.692040,0.115836,-0.407203,4.637554,0.648931,0.313160,4.406474,0.365182,-0.226034,4.620592
284,0.408289,-1.018189,4.409372,0.513549,-1.022416,4.326984,0.613524,-1.388320,4.354306,1.161953,-1.260291,4.727869,1.296921,-0.745295,4.681785,1.142332,-0.792788,4.749791,0.553923,-0.674108,4.586253,0.866007,-0.494218,4.712534,0.673131,-0.020711,4.662671,0.115806,-0.415254,4.648385,0.619618,0.245039,4.448382,0.332579,-0.209612,4.599832
285,0.410175,-0.993939,4.418830,0.507284,-1.006238,4.316774,0.607612,-1.383411,4.356066,1.158716,-1.265568,4.732105,1.279459,-0.762422,4.692169,1.144592,-0.792899,4.752105,0.547336,-0.670448,4.586967,0.860669,-0.506947,4.716060,0.649178,-0.037623,4.678141,0.109903,-0.415355,4.644106,0.619545,0.322671,4.398431,0.271507,-0.258108,4.638523
286,0.407102,-1.010018,4.418046,0.508346,-1.027270,4.323939,0.606938,-1.392620,4.353652,1.157340,-1.272232,4.733262,1.285252,-0.785986,4.687922,1.148557,-0.797664,4.747310,0.544077,-0.674851,4.588192,0.857899,-0.507131,4.718046,0.636448,-0.017639,4.672056,0.114667,-0.410382,4.648421,0.639257,0.301702,4.412828,0.346363,-0.258763,4.637707
287,0.404037,-1.017355,4.419158,0.505267,-1.015629,4.316348,0.604757,-1.387021,4.347111,1.158324,-1.267142,4.734036,1.285158,-0.776860,4.696080,1.149065,-0.789444,4.752027,0.533409,-0.667763,4.585907,0.851953,-0.501592,4.719524,0.627585,-0.021273,4.672305,0.117897,-0.403469,4.638821,0.609211,0.291611,4.411643,0.363394,-0.250389,4.632659
288,0.414259,-0.978903,4.404749,0.505896,-1.003263,4.321099,0.604133,-1.394529,4.350875,1.156473,-1.271810,4.729068,1.287726,-0.768858,4.681393,1.147388,-0.772782,4.740928,0.540882,-0.675272,4.584754,0.857851,-0.514140,4.716904,0.748889,0.005094,4.633412,0.120937,-0.414394,4.649463,0.637182,0.291629,4.417547,0.394124,-0.253561,4.615788
289,0.426984,-0.982927,4.410767,0.503522,-0.988829,4.331879,0.610833,-1.379897,4.352760,1.159284,-1.261639,4.726454,1.282357,-0.773395,4.690132,1.146531,-0.763760,4.745912,0.540730,-0.682805,4.589087,0.855598,-0.501042,4.715469,0.637462,-0.054664,4.684708,0.120681,-0.425909,4.631947,0.577414,0.273736,4.442354,0.300195,-0.252000,4.624990
290,0.413787,-0.986720,4.414248,0.516807,-1.020846,4.321361,0.609403,-1.385539,4.355115,1.160617,-1.254357,4.728692,1.299332,-0.759613,4.691165,1.150746,-0.775888,4.746279,0.546994,-0.670935,4.588846,0.861105,-0.496334,4.712872,0.752115,0.013588,4.628646,0.113848,-0.412947,4.641889,0.645627,0.292772,4.415377,0.337260,-0.252934,4.633755
291,0.415743,-0.991605,4.405444,0.518491,-1.005667,4.324383,0.608227,-1.384645,4.349649,1.159748,-1.253781,4.728417,1.289115,-0.766728,4.690808,1.146526,-0.776696,4.747655,0.541000,-0.668260,4.584484,0.847243,-0.502128,4.715736,0.632436,-0.017495,4.666653,0.128896,-0.393267,4.649077,0.637153,0.312966,4.406635,0.391501,-0.233861,4.607504
292,0.421119,-0.982854,4.399698,0.509247,-1.003360,4.327528,0.606756,-1.380293,4.353979,1.162891,-1.251135,4.727707,1.299252,-0.751872,4.685956,1.143193,-0.777974,4.752239,0.548560,-0.667969,4.591971,0.865191,-0.493993,4.714730,0.644602,-0.013648,4.668106,0.127127,-0.424034,4.640314,0.612930,0.252653,4.448084,0.391777,-0.248396,4.624255
293,0.418260,-1.016902,4.399168,0.504675,-0.998514,4.327616,0.609202,-1.382202,4.354997,1.161748,-1.247550,4.726136,1.310244,-0.722953,4.680895,1.144903,-0.763235,4.738718,0.550083,-0.664340,4.589145,0.863568,-0.481709,4.713722,0.647757,-0.009059,4.655155,0.110521,-0.420827,4.655035,0.632858,0.275126,4.423370,0.333982,-0.241063,4.624496
294,0.415306,-1.002682,4.401486,0.499933,-0.973152,4.329161,0.610677,-1.377646,4.354298,1.160931,-1.261191,4.732818,1.287818,-0.774390,4.685329,1.143371,-0.802882,4.743991,0.544509,-0.663979,4.586958,0.856394,-0.494670,4.717514,0.638036,-0.033110,4.680098,0.112870,-0.423342,4.658114,0.623796,0.277832,4.442937,0.332107,-0.208957,4.619582
295,0.414071,-1.001031,4.402834,0.499042,-0.990625,4.335025,0.612851,-1.378253,4.355512,1.156427,-1.266087,4.734079,1.286089,-0.775459,4.697299,1.142598,-0.803242,4.747256,0.550559,-0.657798,4.583919,0.855819,-0.492246,4.717465,0.656824,0.003655,4.649268,0.115220,-0.414473,4.649994,0.631241,0.316294,4.406444,0.428754,-0.158290,4.570446
296,0.415408,-1.006948,4.415552,0.495997,-0.985667,4.344055,0.611278,-1.378677,4.351297,1.160359,-1.261405,4.731203,1.294970,-0.767404,4.688611,1.141401,-0.808414,4.751553,0.548280,-0.659548,4.588834,0.855688,-0.491868,4.718088,0.650096,-0.021638,4.666920,0.112401,-0.414909,4.649198,0.620372,0.293469,4.409024,0.349811,-0.219316,4.610933
297,0.412442,-1.013897,4.414214,0.489628,-0.999911,4.343293,0.603482,-1.380859,4.352023,1.163788,-1.262409,4.731025,1.281953,-0.774067,4.689754,1.148005,-0.782393,4.747017,0.544272,-0.661756,4.590849,0.864668,-0.493657,4.716484,0.654842,-0.036131,4.675562,0.115985,-0.427257,4.648593,0.631719,0.269910,4.434673,0.332648,-0.245496,4.628226
298,0.400623,-1.013069,4.417262,0.498728,-1.035886,4.321698,0.604585,-1.389220,4.346028,1.158410,-1.259077,4.730043,1.293486,-0.750916,4.686653,1.141718,-0.759087,4.741224,0.541364,-0.669659,4.584938,0.851150,-0.500172,4.716219,0.637529,-0.024921,4.670866,0.132098,-0.410678,4.659220,0.620930,0.306223,4.405096,0.406330,-0.225436,4.592717
299,0.415167,-0.984399,4.412344,0.499137,-0.987672,4.324910,0.603075,-1.380871,4.351316,1.163047,-1.253580,4.728795,1.294621,-0.741881,4.681965,1.143867,-0.764547,4.741662,0.542530,-0.672056,4.585089,0.859071,-0.493914,4.714607,0.653366,-0.026611,4.666073,0.142753,-0.406646,4.658779,0.629126,0.287434,4.418235,0.346387,-0.250093,4.626802
300,0.415722,-0.980415,4.405877,0.516708,-1.009956,4.315028,0.604178,-1.385746,4.349787,1.158823,-1.253665,4.728494,1.281145,-0.756278,4.685668,1.138866,-0.767344,4.747334,0.540423,-0.672738,4.581650,0.851165,-0.495369,4.709530,0.644994,-0.006886,4.661779,0.147858,-0.396315,4.646145,0.645602,0.325197,4.398527,0.349148,-0.227344,4.600369
301,0.417987,-0.984284,4.406609,0.488231,-0.998269,4.312124,0.610264,-1.379031,4.357457,1.157304,-1.268914,4.723998,1.272473,-0.798972,4.690714,1.135724,-0.767502,4.744033,0.545910,-0.683873,4.590698,0.861434,-0.514231,4.712608,0.661190,-0.037794,4.681580,0.117422,-0.425581,4.642998,0.636817,0.293067,4.422705,0.339737,-0.237340,4.622757
302,0.416670,-0.992546,4.413831,0.508690,-0.984143,4.312799,0.603544,-1.379908,4.357090,1.157419,-1.254305,4.731966,1.292418,-0.757683,4.685660,1.137927,-0.762337,4.744961,0.542486,-0.676025,4.594020,0.857861,-0.491828,4.714313,0.664617,-0.026621,4.674908,0.122192,-0.410177,4.636755,0.647868,0.219952,4.471023,0.218009,-0.291470,4.677145
303,0.404358,-1.000363,4.409688,0.499916,-1.007455,4.327644,0.600210,-1.385576,4.350601,1.156652,-1.258328,4.729583,1.287851,-0.775572,4.687232,1.145751,-0.774697,4.746727,0.545135,-0.668944,4.588143,0.853650,-0.498115,4.715168,0.634700,-0.005314,4.661313,0.118124,-0.410937,4.641571,0.643047,0.272846,4.420294,0.335521,-0.261200,4.627576
304,0.407574,-1.012610,4.411386,0.494896,-0.991917,4.334018,0.596636,-1.378973,4.348182,1.152868,-1.274860,4.732628,1.273625,-0.795147,4.691739,1.129178,-0.784164,4.750818,0.550267,-0.668780,4.590870,0.858431,-0.497642,4.716693,0.635442,-0.002338,4.663179,0.115257,-0.419106,4.656004,0.658849,0.316006,4.412254,0.341549,-0.238260,4.610719
305,0.405709,-1.019538,4.400280,0.498478,-1.003078,4.321520,0.600974,-1.383197,4.346520,1.153545,-1.269873,4.734146,1.290290,-0.800113,4.691017,1.148427,-0.756698,4.748832,0.556175,-0.663155,4.591853,0.867289,-0.487236,4.714658,0.678883,-0.026414,4.669604,0.126447,-0.425680,4.653194,0.630601,0.228616,4.471999,0.361106,-0.196196,4.599971
306,0.399272,-1.017793,4.401940,0.501228,-1.087111,4.302865,0.599323,-1.392557,4.350754,1.157612,-1.270069,4.732177,1.276165,-0.804389,4.696551,1.146098,-0.759483,4.746325,0.547377,-0.672695,4.594321,0.862172,-0.493615,4.717076,0.694042,-0.036772,4.669181,0.124930,-0.436109,4.660105,0.637820,0.225130,4.470564,0.351225,-0.215981,4.612636
307,0.395970,-1.006054,4.400366,0.504302,-1.080040,4.305679,0.594251,-1.390365,4.345075,1.149504,-1.281805,4.732113,1.284534,-0.813945,4.689111,1.146537,-0.774911,4.754128,0.547051,-0.682786,4.595280,0.867556,-0.504485,4.718643,0.692086,-0.036132,4.673740,0.129664,-0.452103,4.669347,0.631861,0.222081,4.480518,0.326590,-0.243309,4.650869
308,0.404789,-1.001084,4.402389,0.509933,-1.077298,4.292452,0.593678,-1.393296,4.349367,1.150121,-1.281623,4.733886,1.289913,-0.827808,4.683889,1.135592,-0.789955,4.754433,0.542598,-0.685377,4.590333,0.861499,-0.508734,4.714575,0.686037,-0.039479,4.678514,0.127627,-0.435853,4.661416,0.655705,0.284821,4.447903,0.353647,-0.242975,4.640474
309,0.405761,-1.008557,4.398921,0.512662,-1.071069,4.306696,0.592873,-1.392569,4.350494,1.153014,-1.274455,4.731385,1.295102,-0.808586,4.678003,1.154186,-0.783190,4.743466,0.545297,-0.687551,4.600113,0.864297,-0.508674,4.718609,0.755000,-0.014549,4.651296,0.121272,-0.437370,4.649287,0.697106,0.337988,4.413578,0.377506,-0.236570,4.616082
310,0.402036,-1.009429,4.386491,0.491193,-1.101931,4.299757,0.584340,-1.399347,4.349499,1.153135,-1.294543,4.732039,1.300362,-0.846621,4.673603,1.161976,-0.807487,4.747628,0.533516,-0.692109,4.601665,0.866755,-0.516614,4.722347,0.674343,-0.040163,4.679223,0.118625,-0.441633,4.660804,0.653469,0.234568,4.486216,0.353824,-0.246405,4.622161
311,0.395793,-0.996137,4.393568,0.504247,-1.093570,4.303315,0.582692,-1.408780,4.349017,1.147211,-1.309512,4.736090,1.292521,-0.861893,4.679948,1.153468,-0.814167,4.751771,0.532342,-0.689801,4.600596,0.866917,-0.514127,4.722790,0.757269,-0.016240,4.647491,0.120228,-0.435385,4.653202,0.655269,0.254387,4.468763,0.313626,-0.267493,4.620353
312,0.402557,-0.993249,4.395246,0.517674,-1.110544,4.294704,0.585897,-1.413679,4.347587,1.144942,-1.313921,4.740685,1.281086,-0.880527,4.691334,1.150256,-0.821432,4.760755,0.536701,-0.692592,4.599646,0.865611,-0.513654,4.723354,0.751782,0.013873,4.636002,0.128637,-0.443214,4.659543,0.637169,0.304569,4.433341,0.414461,-0.236506,4.593621
313,0.383226,-0.998186,4.403120,0.481218,-1.119705,4.289575,0.575048,-1.419824,4.353478,1.141670,-1.333723,4.751057,1.300838,-0.889852,4.699034,1.143223,-0.815323,4.772234,0.515339,-0.692240,4.606651,0.847235,-0.519314,4.734942,0.627782,-0.019327,4.680663,0.115597,-0.439585,4.670085,0.596159,0.299124,4.443945,0.391235,-0.246083,4.610970
314,0.385804,-0.996027,4.400184,0.449316,-1.157421,4.282948,0.573781,-1.418087,4.346493,1.135551,-1.342347,4.757490,1.318796,-0.898682,4.676529,1.141607,-0.839890,4.772645,0.529264,-0.688883,4.606483,0.867114,-0.531682,4.739821,0.788105,-0.113104,4.708954,0.122652,-0.440146,4.645379,0.640467,0.322420,4.439000,0.397673,-0.232100,4.590235
315,0.392623,-1.015718,4.399203,0.484072,-1.181730,4.306538,0.582416,-1.439646,4.345314,1.140418,-1.351003,4.757956,1.300805,-0.919439,4.706719,1.140174,-0.848880,4.787035,0.545776,-0.685642,4.596537,0.881768,-0.519428,4.725007,0.779854,-0.034440,4.662468,0.142344,-0.437455,4.645502,0.634586,0.333035,4.425722,0.456694,-0.217889,4.582902
316,0.390352,-1.019481,4.387257,0.494313,-1.154484,4.328215,0.583013,-1.429659,4.350286,1.136074,-1.348006,4.754874,1.310546,-0.898161,4.667448,1.125480,-0.826985,4.748931,0.539264,-0.703526,4.593732,0.866209,-0.551871,4.729813,0.640851,-0.072230,4.710673,0.144761,-0.433975,4.626346,0.646489,0.356468,4.424527,0.475276,-0.158722,4.573736
317,0.410603,-1.024462,4.374847,0.511110,-1.193941,4.302670,0.598258,-1.429966,4.356383,1.145386,-1.337997,4.745394,1.303110,-0.920769,4.672403,1.134426,-0.845002,4.760067,0.545106,-0.707478,4.595293,0.858032,-0.543474,4.718695,0.653418,-0.051947,4.693182,0.155167,-0.458097,4.624696,0.606157,0.254766,4.476579,0.434380,-0.184332,4.560393
318,0.415278,-1.019002,4.371401,0.493842,-1.150016,4.311475,0.585065,-1.429544,4.361287,1.147555,-1.337673,4.746933,1.315377,-0.905040,4.666528,1.125252,-0.818997,4.753921,0.553139,-0.723599,4.595343,0.859873,-0.571727,4.726238,0.653615,-0.054502,4.692773,0.147953,-0.443229,4.642478,0.559594,0.185943,4.525094,0.339269,-0.235017,4.598410
319,0.407618,-1.003843,4.393366,0.504620,-1.148144,4.321264,0.574576,-1.443550,4.356351,1.141991,-1.347817,4.750679,1.346261,-0.923062,4.660265,1.136624,-0.811548,4.760371,0.538611,-0.723730,4.598957,0.840310,-0.565194,4.732384,0.605943,-0.108828,4.730343,0.154966,-0.441040,4.661749,0.487344,0.138700,4.553486,0.419181,-0.198929,4.608842
320,0.408676,-1.017886,4.398565,0.494216,-1.162172,4.332083,0.574582,-1.438727,4.346933,1.149258,-1.345771,4.748968,1.352646,-0.900072,4.643237,1.130397,-0.818780,4.742168,0.544635,-0.715061,4.597153,0.864424,-0.561667,4.735149,0.629095,-0.100444,4.724037,0.162394,-0.431675,4.652374,0.503302,0.040069,4.625630,0.458882,-0.166234,4.560296
321,0.410168,-1.026978,4.383295,0.494404,-1.204004,4.311093,0.578176,-1.458507,4.348002,1.143638,-1.371327,4.752180,1.341429,-0.958658,4.657500,1.140210,-0.822989,4.749525,0.537365,-0.733419,4.607224,0.860252,-0.565483,4.740478,0.607136,-0.075130,4.727234,0.152818,-0.437866,4.668503,0.488160,0.102577,4.606591,0.484301,-0.174379,4.559389
322,0.409538,-1.032304,4.410510,0.507549,-1.181082,4.320128,0.579565,-1.466661,4.344310,1.140244,-1.388759,4.757812,1.337262,-0.990299,4.661862,1.133979,-0.832280,4.740695,0.550336,-0.726403,4.593427,0.871030,-0.563963,4.736044,0.714577,-0.060972,4.703287,0.166061,-0.453259,4.642443,0.588782,0.263213,4.499537,0.495262,-0.272137,4.575095
323,0.407839,-1.008031,4.387294,0.510142,-1.128466,4.320557,0.567179,-1.450268,4.352882,1.137638,-1.374771,4.758672,1.324302,-0.964766,4.670568,1.128977,-0.826864,4.754303,0.527148,-0.727436,4.606291,0.842240,-0.554067,4.742737,0.636091,-0.088691,4.720334,0.144838,-0.433459,4.651895,0.518913,0.107883,4.592932,0.463511,-0.293757,4.589870
324,0.417248,-0.998918,4.396940,0.529649,-1.098891,4.298007,0.570286,-1.451537,4.351134,1.143934,-1.368283,4.763492,1.322877,-0.953134,4.667893,1.135389,-0.816669,4.745989,0.528316,-0.711915,4.603890,0.848380,-0.548272,4.743744,0.603176,-0.124094,4.755039,0.144123,-0.433983,4.631121,0.591805,0.301027,4.488206,0.446662,-0.249658,4.588518
325,0.434551,-1.028639,4.404974,0.519249,-1.171745,4.332553,0.566768,-1.475341,4.342919,1.145540,-1.421288,4.764714,1.331545,-1.033222,4.672101,1.116569,-0.852361,4.756593,0.539339,-0.735578,4.598720,0.869594,-0.565859,4.740429,0.660627,-0.147286,4.758373,0.156821,-0.430775,4.644613,0.649435,0.284423,4.477839,0.460364,-0.256710,4.591336
326,0.433565,-1.004195,4.402246,0.532537,-1.127000,4.335854,0.571670,-1.452772,4.353541,1.137003,-1.386830,4.770129,1.305073,-1.000739,4.690291,1.126612,-0.841117,4.750230,0.534631,-0.702176,4.598075,0.842270,-0.546952,4.739290,0.651310,-0.142606,4.746218,0.153491,-0.438059,4.656679,0.598739,0.228475,4.512223,0.413771,-0.340535,4.650447
327,0.434409,-1.003331,4.397881,0.516429,-1.132431,4.310481,0.578489,-1.462274,4.356373,1.146365,-1.391976,4.766767,1.315661,-1.002649,4.683241,1.132434,-0.859561,4.757936,0.537396,-0.714036,4.597023,0.842190,-0.549055,4.729736,0.640395,-0.125312,4.738958,0.174663,-0.421913,4.621563,0.546426,0.098858,4.597115,0.290734,-0.372845,4.664275
328,0.436881,-1.022217,4.414557,0.521555,-1.186413,4.322108,0.583078,-1.474313,4.364630,1.140689,-1.393848,4.763252,1.327172,-1.028172,4.679163,1.141888,-0.825238,4.745517,0.536694,-0.719999,4.594430,0.819862,-0.558400,4.729328,0.643118,-0.105989,4.721305,0.175054,-0.418723,4.658247,0.558910,0.165087,4.530107,0.396984,-0.286483,4.666589
329,0.435251,-1.001132,4.412092,0.523677,-1.150385,4.322948,0.570554,-1.450654,4.365464,1.119207,-1.381774,4.775683,1.306241,-1.058799,4.691339,1.139296,-0.821760,4.748673,0.525644,-0.741316,4.596100,0.825225,-0.585125,4.737559,0.638293,-0.141886,4.735563,0.176577,-0.414923,4.654941,0.496290,0.006152,4.645530,0.316968,-0.286154,4.652302
330,0.430024,-1.033288,4.406466,0.518076,-1.203612,4.316809,0.577127,-1.472635,4.361007,1.122333,-1.395182,4.770194,1.306235,-1.072773,4.689583,1.147930,-0.836823,4.746985,0.538904,-0.722420,4.590021,0.816683,-0.569428,4.730495,0.610375,-0.104708,4.715986,0.188217,-0.406957,4.612111,0.528694,0.036411,4.619425,0.341739,-0.235352,4.633911
331,0.427110,-0.999473,4.392393,0.491149,-1.160579,4.322301,0.561900,-1.448817,4.350592,1.117477,-1.371688,4.771777,1.290334,-1.075820,4.694165,1.147323,-0.819842,4.738370,0.514911,-0.726501,4.593154,0.817377,-0.581567,4.738849,0.613122,-0.132074,4.724182,0.169268,-0.410689,4.632061,0.475873,-0.010372,4.654063,0.353536,-0.300514,4.638849
332,0.430424,-1.010663,4.403400,0.531155,-1.145702,4.321999,0.582043,-1.459772,4.360744,1.139043,-1.366078,4.759222,1.251531,-1.029104,4.686582,1.143885,-0.828891,4.738765,0.542186,-0.718639,4.584363,0.822567,-0.564540,4.727829,0.627631,-0.104253,4.716037,0.180372,-0.413214,4.620458,0.518875,0.115601,4.567786,0.387859,-0.334368,4.666829
333,0.429747,-1.018156,4.400190,0.517537,-1.180825,4.318952,0.571898,-1.468130,4.361253,1.116395,-1.376356,4.772661,1.264739,-1.093403,4.681426,1.146288,-0.826043,4.746286,0.519654,-0.713604,4.594794,0.804158,-0.561037,4.730137,0.638673,-0.078356,4.698981,0.167463,-0.404802,4.646903,0.516529,0.027787,4.621439,0.355913,-0.265110,4.652443
334,0.427358,-1.003072,4.390299,0.512567,-1.115071,4.312575,0.567779,-1.443504,4.355383,1.119427,-1.346630,4.770652,1.242628,-1.037223,4.705373,1.134900,-0.836398,4.748910,0.514255,-0.717553,4.595277,0.805065,-0.565125,4.738721,0.631791,-0.102802,4.721061,0.159560,-0.419578,4.630575,0.578417,0.083691,4.569470,0.353630,-0.225959,4.588531
335,0.437130,-0.999529,4.396606,0.535270,-1.119069,4.315370,0.576507,-1.452557,4.354902,1.127509,-1.372607,4.776962,1.228143,-1.062192,4.713349,1.136762,-0.852013,4.757583,0.521612,-0.695702,4.600522,0.798845,-0.536715,4.742810,0.605986,-0.084184,4.711481,0.149296,-0.418152,4.631761,0.526035,0.043742,4.613283,0.370782,-0.290436,4.625978
336,0.430476,-1.004561,4.398530,0.520608,-1.125139,4.311551,0.575396,-1.465111,4.363411,1.147643,-1.379151,4.768437,1.202279,-0.956311,4.712806,1.146172,-0.829349,4.749285,0.533066,-0.708369,4.600914,0.828288,-0.538825,4.731116,0.606925,-0.077246,4.713415,0.167841,-0.415814,4.636339,0.545516,0.121418,4.594046,0.378732,-0.297758,4.646529
337,0.448672,-0.992147,4.402306,0.562317,-1.110635,4.324002,0.582991,-1.456516,4.369453,1.147689,-1.351071,4.767261,1.202156,-0.945937,4.716359,1.148272,-0.820794,4.748357,0.536920,-0.706989,4.598372,0.828665,-0.536604,4.732772,0.624662,-0.074226,4.713126,0.177546,-0.414642,4.622939,0.510580,-0.131552,4.742926,0.399381,-0.330855,4.642117
338,0.440131,-0.994377,4.408007,0.544133,-1.111642,4.327485,0.585748,-1.462950,4.365373,1.137828,-1.365763,4.770436,1.217893,-0.995426,4.709858,1.145655,-0.848638,4.753495,0.532952,-0.717115,4.596848,0.806372,-0.547675,4.736473,0.605581,-0.098651,4.711762,0.173889,-0.419263,4.641253,0.501868,0.018657,4.648190,0.343312,-0.227206,4.613362
339,0.433227,-1.006238,4.411589,0.563195,-1.132434,4.333755,0.582092,-1.460865,4.364400,1.138051,-1.363608,4.767920,1.234937,-1.033138,4.718997,1.145858,-0.826117,4.745775,0.537879,-0.716097,4.598128,0.816561,-0.553587,4.735592,0.626312,-0.083020,4.712815,0.174144,-0.416201,4.657883,0.590175,0.199194,4.539129,0.409935,-0.172263,4.595793
340,0.453771,-1.005043,4.408789,0.545902,-1.184030,4.325300,0.575092,-1.463492,4.366813,1.120431,-1.386730,4.773500,1.244014,-1.071681,4.725046,1.151702,-0.828195,4.743959,0.534970,-0.716684,4.598628,0.807990,-0.559528,4.740094,0.635276,-0.068502,4.699759,0.178227,-0.409307,4.650389,0.613948,0.204418,4.511045,0.424032,-0.177256,4.598987
341,0.446372,-0.999104,4.412062,0.548370,-1.133032,4.332348,0.579037,-1.462212,4.357615,1.126476,-1.365109,4.766940,1.228699,-1.001258,4.715165,1.146611,-0.824322,4.746623,0.538247,-0.727651,4.599668,0.807985,-0.559535,4.732275,0.619617,-0.078468,4.706400,0.179455,-0.414965,4.664756,0.602710,0.107875,4.589238,0.391026,-0.172492,4.611637
342,0.445964,-1.007455,4.417600,0.548786,-1.125218,4.310124,0.573407,-1.454010,4.348817,1.114390,-1.376659,4.769422,1.262519,-1.004381,4.700696,1.161427,-0.821538,4.749183,0.529027,-0.726069,4.595994,0.803439,-0.564745,4.732599,0.627581,-0.055161,4.697803,0.180694,-0.409033,4.658717,0.592749,0.158571,4.538489,0.413792,-0.212824,4.619658
343,0.435402,-1.008074,4.404476,0.518126,-1.171393,4.295063,0.561225,-1.469501,4.356726,1.110570,-1.387249,4.782561,1.289369,-1.076279,4.705596,1.153921,-0.827137,4.751679,0.524881,-0.738583,4.600813,0.807155,-0.576085,4.747421,0.615377,-0.071664,4.712515,0.173568,-0.411776,4.622508,0.573404,0.147996,4.557505,0.390641,-0.236502,4.584992
344,0.430796,-1.018529,4.406839,0.515391,-1.199800,4.304443,0.560362,-1.482791,4.343899,1.096865,-1.416960,4.781626,1.269038,-1.107733,4.703742,1.142322,-0.838482,4.756441,0.522941,-0.717031,4.603042,0.802174,-0.549258,4.744878,0.601248,-0.092328,4.725976,0.175401,-0.413145,4.651959,0.494419,-0.031569,4.675794,0.339421,-0.290806,4.624094
345,0.419740,-0.990792,4.410245,0.488528,-1.179178,4.284799,0.552807,-1.473923,4.350452,1.099606,-1.417962,4.783821,1.281954,-1.089979,4.702007,1.131849,-0.852738,4.756502,0.510923,-0.704662,4.607100,0.795829,-0.538343,4.747130,0.607509,-0.093561,4.731540,0.168795,-0.405031,4.646290,0.588156,-0.060008,4.669861,0.401010,-0.359317,4.625590
346,0.420684,-0.999504,4.420576,0.508808,-1.191415,4.284211,0.551393,-1.478817,4.344947,1.101340,-1.439863,4.792345,1.306572,-1.085474,4.699421,1.131723,-0.847447,4.760282,0.525305,-0.695870,4.606863,0.804943,-0.535829,4.756073,0.593871,-0.073089,4.717839,0.159960,-0.402738,4.620142,0.607430,0.076658,4.611883,0.415673,-0.338127,4.620698
347,0.424230,-0.992717,4.406547,0.514076,-1.196114,4.281147,0.545758,-1.471280,4.344149,1.093321,-1.429767,4.790146,1.295921,-1.064749,4.692435,1.126196,-0.821695,4.756297,0.516122,-0.685067,4.609695,0.802319,-0.532249,4.754773,0.611495,-0.052285,4.720289,0.144097,-0.399375,4.630728,0.548741,0.100469,4.619830,0.481656,-0.231235,4.607021
348,0.432848,-0.997064,4.414352,0.515053,-1.193274,4.280533,0.542217,-1.480289,4.344171,1.100248,-1.441045,4.791207,1.303984,-1.066662,4.696678,1.124075,-0.803184,4.747040,0.519298,-0.704224,4.605554,0.818076,-0.540783,4.757922,0.627733,-0.055858,4.717627,0.169835,-0.407739,4.636121,0.531267,0.028513,4.664909,0.470183,-0.348072,4.647070
349,0.421721,-0.990791,4.417298,0.464646,-1.200848,4.287598,0.534749,-1.466805,4.346904,1.088849,-1.434968,4.791372,1.300195,-1.096764,4.691444,1.131330,-0.818798,4.761229,0.514537,-0.686539,4.608456,0.809349,-0.533564,4.760888,0.619682,-0.061734,4.719266,0.159468,-0.409963,4.636477,0.570745,0.209827,4.545633,0.463205,-0.289601,4.627058
350,0.420772,-0.987620,4.416586,0.508314,-1.167902,4.276019,0.523117,-1.472052,4.335176,1.089802,-1.428998,4.787591,1.299569,-1.089263,4.698287,1.138511,-0.793500,4.747719,0.509673,-0.694259,4.610967,0.814806,-0.531226,4.757394,0.631065,-0.056929,4.712512,0.164389,-0.402203,4.646996,0.546201,0.115634,4.603894,0.428420,-0.331371,4.649525
351,0.410605,-0.972451,4.430463,0.481651,-1.133196,4.272398,0.517365,-1.458913,4.329724,1.079715,-1.419669,4.781976,1.282395,-1.083688,4.700682,1.129313,-0.790760,4.753014,0.502665,-0.688154,4.614975,0.801810,-0.528212,4.763508,0.632410,-0.061527,4.709846,0.177638,-0.399343,4.674440,0.547180,0.160834,4.573119,0.474462,-0.242491,4.596015
352,0.418478,-1.015963,4.410562,0.501267,-1.206016,4.259034,0.513588,-1.482117,4.331500,1.078991,-1.445213,4.781901,1.288058,-1.114863,4.703059,1.142301,-0.821446,4.761367,0.506652,-0.708568,4.622447,0.797826,-0.536860,4.767238,0.603387,-0.056231,4.712018,0.170984,-0.400846,4.648028,0.582006,0.053912,4.656454,0.370622,-0.318954,4.634238
353,0.432419,-1.056570,4.421206,0.449485,-1.233419,4.255511,0.515389,-1.501974,4.332451,1.070379,-1.451614,4.789484,1.256867,-1.122984,4.711396,1.131496,-0.811155,4.749642,0.509623,-0.721365,4.625521,0.801481,-0.564338,4.773825,0.612658,-0.085112,4.727639,0.169248,-0.387968,4.651700,0.523605,0.005905,4.689020,0.406851,-0.315363,4.635846
354,0.401742,-1.058798,4.421282,0.399542,-1.262979,4.231213,0.504890,-1.499977,4.314706,1.073507,-1.439332,4.780161,1.260177,-1.117495,4.702727,1.129857,-0.803179,4.747373,0.501778,-0.705821,4.626747,0.807029,-0.547467,4.776583,0.607714,-0.091116,4.735373,0.156919,-0.385577,4.669093,0.544376,0.058946,4.652028,0.360877,-0.353586,4.670396
355,0.384910,-1.046866,4.409184,0.382052,-1.246477,4.240962,0.501131,-1.501638,4.316313,1.062226,-1.437491,4.776186,1.246276,-1.114140,4.714854,1.133157,-0.798420,4.751091,0.498109,-0.720774,4.626748,0.804055,-0.560582,4.779471,0.650078,-0.093061,4.733716,0.193363,-0.396467,4.691607,0.568337,0.164206,4.579847,0.403878,-0.300994,4.640236
356,0.396990,-1.081020,4.419288,0.371856,-1.264626,4.250250,0.496724,-1.500407,4.319901,1.057269,-1.452006,4.783784,1.238644,-1.124269,4.719525,1.131099,-0.792382,4.748690,0.501269,-0.716644,4.630225,0.809140,-0.566878,4.786349,0.646841,-0.069682,4.721485,0.175076,-0.385671,4.679344,0.611354,0.296476,4.476516,0.466757,-0.202107,4.596954
357,0.397270,-1.068155,4.410813,0.380877,-1.264284,4.235092,0.504915,-1.494265,4.307850,1.057255,-1.488991,4.799642,1.247841,-1.140879,4.724617,1.128114,-0.811739,4.747983,0.502159,-0.714315,4.619552,0.814940,-0.575838,4.781665,0.625106,-0.084784,4.724618,0.184966,-0.390245,4.691342,0.604898,0.265603,4.511028,0.561791,-0.145226,4.562672
358,0.349683,-1.024246,4.421552,0.370701,-1.210677,4.246879,0.505846,-1.489623,4.315693,1.062375,-1.506173,4.792767,1.249127,-1.139240,4.728610,1.139087,-0.813099,4.755400,0.499876,-0.714749,4.624218,0.818620,-0.580002,4.781885,0.631612,-0.089746,4.724390,0.195035,-0.412903,4.717905,0.613258,0.252056,4.515296,0.402689,-0.256088,4.610619
359,0.367986,-1.038163,4.421050,0.388363,-1.256500,4.240252,0.504049,-1.510823,4.313457,1.062972,-1.527977,4.795218,1.234106,-1.144250,4.731062,1.133810,-0.808581,4.749955,0.502101,-0.723243,4.633309,0.825424,-0.586334,4.789094,0.605940,-0.070448,4.717358,0.189625,-0.385488,4.703465,0.610570,0.323265,4.471372,0.477936,-0.284635,4.615011
360,0.369689,-1.023667,4.415788,0.373398,-1.226362,4.240553,0.505637,-1.517644,4.313064,1.057986,-1.535625,4.792457,1.223752,-1.134304,4.728468,1.140346,-0.803572,4.752494,0.487527,-0.737416,4.626903,0.813359,-0.588728,4.785481,0.594683,-0.078381,4.729792,0.205252,-0.372134,4.703536,0.466277,-0.044831,4.700669,0.430244,-0.299076,4.619079
361,0.368574,-1.055411,4.417925,0.374607,-1.255049,4.215598,0.515455,-1.510884,4.291520,1.071867,-1.533241,4.797206,1.235670,-1.150681,4.736515,1.137298,-0.808925,4.765481,0.499929,-0.733094,4.628735,0.815351,-0.597517,4.786425,0.598239,-0.055616,4.714777,0.179280,-0.399012,4.703249,0.576295,0.270020,4.493603,0.435735,-0.317979,4.657412
362,0.359782,-1.063013,4.413080,0.397652,-1.237723,4.238570,0.510530,-1.545104,4.288456,1.067265,-1.566817,4.793605,1.237820,-1.129779,4.740293,1.135484,-0.808135,4.749990,0.511341,-0.743793,4.634748,0.829228,-0.616180,4.788572,0.643178,-0.086323,4.739203,0.206486,-0.372945,4.702286,0.620190,0.349397,4.450077,0.490954,-0.308715,4.644385
363,0.356124,-1.069083,4.428487,0.378464,-1.246902,4.221873,0.497532,-1.578242,4.289455,1.067100,-1.587707,4.790471,1.238602,-1.147260,4.729743,1.135580,-0.816238,4.751870,0.497156,-0.756071,4.638079,0.825489,-0.623767,4.792112,0.656412,-0.120733,4.737085,0.213921,-0.374236,4.699754,0.596813,0.131644,4.599562,0.446158,-0.345274,4.639720
364,0.369540,-1.062144,4.415151,0.410337,-1.222752,4.229695,0.504537,-1.565493,4.288561,1.063215,-1.595787,4.786090,1.237399,-1.136676,4.727849,1.128689,-0.807994,4.754956,0.502758,-0.745390,4.627867,0.827328,-0.616298,4.783535,0.634812,-0.048145,4.695714,0.215249,-0.346669,4.689194,0.673994,0.315874,4.470947,0.530594,-0.315781,4.625466
365,0.359491,-1.047116,4.422676,0.417015,-1.255780,4.243903,0.514426,-1.566965,4.247506,1.093837,-1.581160,4.780912,1.251230,-1.120497,4.739872,1.126054,-0.809848,4.771570,0.502743,-0.746484,4.626315,0.829957,-0.616273,4.789608,0.629426,-0.032765,4.695299,0.205895,-0.342324,4.714072,0.661670,0.334494,4.426951,0.500404,-0.353145,4.685062
366,0.356805,-1.106473,4.403705,0.420887,-1.265401,4.237819,0.513716,-1.596586,4.264234,1.093836,-1.609223,4.797671,1.239126,-1.157351,4.766339,1.132434,-0.832209,4.780743,0.492712,-0.769189,4.633429,0.820303,-0.634640,4.804977,0.632616,-0.100386,4.744129,0.185813,-0.365278,4.726370,0.596137,0.154202,4.580185,0.415779,-0.410686,4.743695
367,0.360700,-1.043289,4.414666,0.415812,-1.188036,4.246327,0.512469,-1.574352,4.270476,1.104821,-1.597923,4.788778,1.218008,-1.143208,4.750728,1.131603,-0.819559,4.771047,0.490971,-0.770959,4.639192,0.821673,-0.642982,4.805341,0.621136,-0.109756,4.756439,0.179242,-0.350182,4.706587,0.632141,0.283086,4.464273,0.441768,-0.359352,4.707805
368,0.341332,-1.080684,4.419099,0.406387,-1.283291,4.241111,0.504991,-1.597087,4.266013,1.106791,-1.596044,4.793305,1.204829,-1.151200,4.764820,1.125265,-0.833210,4.782321,0.486143,-0.776285,4.631210,0.821456,-0.627399,4.797575,0.615622,-0.077277,4.725209,0.192101,-0.350667,4.693857,0.610445,0.261261,4.484316,0.482299,-0.384390,4.679777
369,0.336177,-1.052476,4.432542,0.401042,-1.248252,4.252226,0.518709,-1.583919,4.224434,1.124811,-1.598953,4.776107,1.220467,-1.132802,4.792022,1.121479,-0.793755,4.774689,0.486659,-0.764012,4.635774,0.816734,-0.608075,4.803591,0.610023,-0.036839,4.699182,0.181937,-0.339269,4.699616,0.561436,0.267775,4.457022,0.387183,-0.438397,4.746398
370,0.394777,-1.140398,4.434687,0.486598,-1.268808,4.265418,0.546194,-1.600463,4.232252,1.130097,-1.620243,4.790162,1.210731,-1.154436,4.799038,1.116686,-0.828871,4.797420,0.498336,-0.740028,4.642607,0.817459,-0.596380,4.804132,0.633202,-0.051903,4.709299,0.187357,-0.339712,4.695704,0.591975,0.237114,4.486321,0.433588,-0.346230,4.735907
371,0.401428,-1.130386,4.427665,0.476954,-1.305623,4.258753,0.533614,-1.646981,4.234202,1.133366,-1.646423,4.786543,1.184434,-1.168873,4.794178,1.116521,-0.821088,4.783010,0.495949,-0.773236,4.632959,0.844242,-0.607278,4.799371,0.607844,-0.042578,4.708519,0.203559,-0.332463,4.699502,0.593073,0.228277,4.499510,0.396538,-0.458638,4.783938
372,0.395829,-1.155540,4.426265,0.478355,-1.283665,4.264851,0.534312,-1.652383,4.238367,1.124475,-1.674919,4.793735,1.184953,-1.176825,4.792522,1.118471,-0.816461,4.788895,0.484473,-0.763065,4.637894,0.832033,-0.616436,4.801357,0.621742,-0.015259,4.691559,0.211153,-0.319838,4.694062,0.559017,0.217223,4.511219,0.372871,-0.466223,4.801828
373,0.384914,-1.067578,4.432909,0.480148,-1.206579,4.277897,0.528177,-1.638011,4.179421,1.149377,-1.689608,4.761587,1.201991,-1.187494,4.828877,1.143432,-0.840012,4.792212,0.510635,-0.796254,4.638336,0.879854,-0.660905,4.800331,0.692461,-0.034967,4.691719,0.223346,-0.322737,4.718813,0.596986,0.278276,4.448187,0.367878,-0.341357,4.731393
374,0.391486,-1.167546,4.437733,0.486762,-1.291639,4.268675,0.552779,-1.622310,4.206405,1.139723,-1.653038,4.770858,1.206564,-1.166309,4.809016,1.124683,-0.824419,4.774323,0.505712,-0.781757,4.634084,0.840955,-0.622394,4.799433,0.658496,-0.049417,4.704661,0.185700,-0.333927,4.725001,0.583963,0.224308,4.493374,0.448384,-0.384508,4.739002
375,0.436463,-1.194329,4.435329,0.498736,-1.331823,4.269049,0.553417,-1.664687,4.200771,1.128557,-1.706183,4.781508,1.177529,-1.202650,4.823210,1.114340,-0.847335,4.798700,0.503620,-0.785908,4.645131,0.850247,-0.640828,4.806447,0.654633,-0.008979,4.674107,0.207690,-0.304475,4.684169,0.577752,0.315372,4.393834,0.481969,-0.369451,4.741097
376,0.388446,-1.165683,4.461522,0.473712,-1.303492,4.271804,0.567291,-1.591324,4.163401,1.146927,-1.656155,4.758305,1.202668,-1.186055,4.819045,1.131853,-0.830078,4.783467,0.511807,-0.790536,4.625195,0.856939,-0.619649,4.794773,0.671754,0.002557,4.661314,0.183179,-0.319539,4.663751,0.551993,0.275090,4.455364,0.345515,-0.352722,4.763751
377,0.402765,-1.106907,4.439814,0.485065,-1.242421,4.281266,0.559168,-1.592764,4.168652,1.145399,-1.612142,4.762848,1.206860,-1.160815,4.815433,1.137202,-0.823943,4.806922,0.513028,-0.750819,4.627166,0.848585,-0.578413,4.790658,0.677774,-0.016749,4.681042,0.184352,-0.337914,4.691555,0.578732,0.262057,4.473234,0.427305,-0.290120,4.746088
378,0.390981,-1.112081,4.456004,0.467810,-1.274584,4.292485,0.558369,-1.665958,4.179519,1.150419,-1.623349,4.763367,1.203671,-1.168262,4.818326,1.134324,-0.825347,4.806814,0.498644,-0.757376,4.629154,0.852556,-0.601982,4.795383,0.682005,0.011806,4.676876,0.213287,-0.298062,4.662251,0.573458,0.285522,4.441623,0.406811,-0.294348,4.752950
379,0.376395,-0.935018,4.458833,0.471307,-1.156672,4.293704,0.592355,-1.580606,4.188808,1.152147,-1.641814,4.768268,1.190129,-1.171310,4.822886,1.142513,-0.825684,4.800969,0.501208,-0.768355,4.619853,0.849617,-0.625829,4.795072,0.696105,-0.004460,4.683475,0.222269,-0.304592,4.652320,0.568915,0.274012,4.442509,0.323679,-0.198335,4.695786
380,0.353970,-0.957553,4.463619,0.459133,-1.189844,4.286175,0.607966,-1.535932,4.162971,1.177282,-1.584033,4.751674,1.200761,-1.153019,4.806539,1.139374,-0.800393,4.796193,0.499664,-0.761183,4.621258,0.873978,-0.581381,4.780480,0.677316,0.006456,4.681480,0.225406,-0.314192,4.652646,0.532913,0.325612,4.383749,0.257602,-0.150782,4.651861
381,0.306137,-0.885225,4.457979,0.434733,-1.140884,4.299131,0.584523,-1.571514,4.172037,1.218018,-1.615835,4.749016,1.198310,-1.128687,4.797163,1.140418,-0.762653,4.790788,0.481848,-0.762208,4.620931,0.846961,-0.612125,4.788023,0.670341,-0.049970,4.690755,0.205355,-0.333870,4.652664,0.562530,0.231200,4.491491,0.258609,-0.158195,4.645587
382,0.303569,-0.959229,4.458066,0.422514,-1.230640,4.285689,0.585094,-1.586499,4.165732,1.215087,-1.652605,4.745914,1.196232,-1.134458,4.798073,1.156438,-0.758714,4.783973,0.489762,-0.766469,4.621288,0.844492,-0.628500,4.797084,0.677981,-0.029626,4.706009,0.225767,-0.329073,4.656613,0.575818,0.260137,4.458531,0.327945,-0.202635,4.690716
383,0.326377,-0.992255,4.467276,0.479016,-1.294705,4.287891,0.613986,-1.628843,4.159025,1.183550,-1.675312,4.755472,1.199701,-1.191422,4.818627,1.158417,-0.796793,4.787677,0.508476,-0.790554,4.614644,0.847741,-0.649998,4.797105,0.684812,-0.041457,4.706619,0.223990,-0.338050,4.657875,0.574058,0.243694,4.474710,0.347355,-0.180545,4.664478
384,0.334050,-1.047803,4.460985,0.441466,-1.268794,4.293485,0.612902,-1.654975,4.135233,1.199471,-1.729323,4.741572,1.208071,-1.214229,4.798415,1.152980,-0.787814,4.783736,0.500465,-0.828486,4.612700,0.884516,-0.664591,4.788301,0.704509,-0.061477,4.713199,0.241371,-0.326889,4.649532,0.557568,0.215993,4.514544,0.303532,-0.072233,4.590085
385,0.291170,-0.926529,4.455500,0.421378,-1.122774,4.304643,0.581738,-1.553934,4.153508,1.228240,-1.610231,4.723177,1.194179,-1.175937,4.792986,1.148443,-0.772403,4.780259,0.499294,-0.791465,4.608621,0.878547,-0.624760,4.781722,0.719558,-0.043086,4.704877,0.213762,-0.329882,4.660356,0.546211,0.284384,4.440413,0.260201,-0.058741,4.590739
386,0.333400,-0.993699,4.454260,0.480924,-1.200575,4.305240,0.607312,-1.622742,4.144492,1.227572,-1.722110,4.738800,1.175434,-1.246339,4.818963,1.152641,-0.817803,4.791167,0.527700,-0.792411,4.606223,0.895404,-0.641652,4.779967,0.712178,-0.089141,4.709610,0.241770,-0.317999,4.662486,0.599466,0.213806,4.521109,0.338439,-0.056994,4.579689
387,0.319735,-0.960295,4.449257,0.428033,-1.157761,4.286575,0.590580,-1.569907,4.153526,1.230797,-1.610750,4.733665,1.187657,-1.119184,4.791390,1.159033,-0.768006,4.786435,0.492002,-0.785529,4.617516,0.879889,-0.595862,4.776012,0.686181,-0.024369,4.696847,0.212528,-0.325794,4.656321,0.580574,0.221401,4.498063,0.143289,-0.163262,4.694861
388,0.310947,-0.881621,4.447232,0.436585,-1.113858,4.300121,0.589876,-1.577319,4.153376,1.210211,-1.648436,4.744181,1.186232,-1.152897,4.793524,1.162940,-0.777249,4.785898,0.488133,-0.772686,4.617079,0.873144,-0.603670,4.779980,0.701331,-0.064912,4.692002,0.231825,-0.339541,4.677055,0.542278,0.257370,4.464153,0.281066,-0.134283,4.644974
389,0.321553,-0.949834,4.453852,0.405293,-1.225810,4.286630,0.560111,-1.562874,4.156336,1.207421,-1.620463,4.742509,1.191924,-1.217514,4.806306,1.149548,-0.808042,4.783808,0.491146,-0.796655,4.618587,0.874750,-0.653852,4.799240,0.715328,-0.051053,4.712037,0.239390,-0.327556,4.668009,0.580529,0.240027,4.483582,0.361018,-0.085797,4.610483
390,0.323306,-1.018091,4.452028,0.460578,-1.300988,4.286435,0.570973,-1.606359,4.140348,1.181349,-1.703393,4.759515,1.171923,-1.236046,4.813426,1.138595,-0.798118,4.788310,0.474957,-0.772631,4.623846,0.864596,-0.607662,4.789306,0.682300,-0.039277,4.689857,0.199488,-0.335779,4.688271,0.570937,0.250846,4.470829,0.270401,-0.191525,4.712224
391,0.379470,-1.091086,4.436897,0.460675,-1.331620,4.283613,0.565747,-1.634334,4.172922,1.149810,-1.652221,4.756725,1.160207,-1.208054,4.800549,1.141332,-0.849661,4.788786,0.492436,-0.764523,4.630354,0.859117,-0.579468,4.776209,0.675568,-0.004143,4.687075,0.196492,-0.360830,4.689267,0.581759,0.274510,4.460754,0.188253,-0.310305,4.788678
392,0.325853,-1.017500,4.445986,0.452860,-1.268759,4.293104,0.545723,-1.640239,4.177360,1.207421,-1.700435,4.750054,1.171783,-1.210450,4.802974,1.137563,-0.857238,4.793690,0.491879,-0.810271,4.642853,0.878383,-0.633763,4.793973,0.695536,-0.034515,4.702888,0.188584,-0.363940,4.713799,0.572399,0.223590,4.495060,0.234111,-0.366861,4.839662
393,0.417107,-1.062535,4.444885,0.492641,-1.217827,4.302545,0.593047,-1.572577,4.190485,1.203730,-1.579630,4.742102,1.155112,-1.146908,4.784923,1.131359,-0.868655,4.796740,0.520132,-0.747744,4.621626,0.884877,-0.550911,4.759802,0.673440,-0.001193,4.681731,0.203671,-0.372561,4.693353,0.562673,0.217318,4.506152,0.186929,-0.329404,4.815001
394,0.377820,-1.079744,4.438070,0.474977,-1.179416,4.290775,0.604862,-1.520116,4.192347,1.205840,-1.495329,4.739982,1.183440,-1.081284,4.789786,1.142695,-0.857729,4.799319,0.526724,-0.726424,4.617028,0.879690,-0.525671,4.759368,0.682579,-0.015194,4.688627,0.193230,-0.348852,4.682056,0.578461,0.245626,4.485569,0.357196,-0.308799,4.741298
395,0.382853,-1.046915,4.447097,0.466576,-1.185908,4.302822,0.578554,-1.543323,4.229943,1.132691,-1.556674,4.787846,1.176272,-1.094551,4.787877,1.143191,-0.829356,4.784489,0.522293,-0.753861,4.637160,0.875685,-0.582020,4.779853,0.700913,-0.017977,4.691898,0.222620,-0.343350,4.695508,0.605746,0.259445,4.486855,0.347411,-0.246186,4.678458
396,0.370548,-1.069218,4.447917,0.455268,-1.203523,4.303117,0.582601,-1.528844,4.240194,1.136540,-1.539598,4.775363,1.193096,-1.102547,4.795478,1.150698,-0.813568,4.794837,0.517610,-0.768449,4.632889,0.839335,-0.584740,4.782292,0.697960,-0.008248,4.684277,0.215022,-0.373627,4.707417,0.622225,0.248066,4.485255,0.205302,-0.326210,4.767550
397,0.348618,-1.179861,4.443213,0.421356,-1.271806,4.292655,0.608458,-1.419943,4.255871,1.154390,-1.281715,4.767571,1.178506,-0.941279,4.780532,1.138957,-0.773652,4.787210,0.536407,-0.709855,4.613985,0.862326,-0.544712,4.761984,0.681003,-0.006527,4.683580,0.182644,-0.376259,4.680233,0.633989,0.286531,4.474988,0.283223,-0.324317,4.713271
398,0.345523,-1.309123,4.445572,0.433615,-1.318394,4.286287,0.604470,-1.396162,4.271978,1.099119,-1.321459,4.773872,1.169366,-1.005650,4.787196,1.148608,-0.810116,4.805607,0.521191,-0.683908,4.627332,0.810417,-0.515158,4.772966,0.651286,0.007266,4.679075,0.162233,-0.367598,4.681300,0.601086,0.310874,4.456604,0.323985,-0.260060,4.647478
399,0.306005,-1.424359,4.427187,0.397741,-1.349769,4.287932,0.574865,-1.518815,4.289010,1.085883,-1.563855,4.820376,1.193144,-1.154025,4.801381,1.156698,-0.825456,4.797262,0.487657,-0.691733,4.637920,0.795529,-0.520181,4.774637,0.648430,0.018953,4.669117,0.164382,-0.344387,4.707142,0.555007,0.195017,4.537363,0.236647,-0.356979,4.787801
400,0.326973,-1.180998,4.440986,0.436931,-1.265580,4.290666,0.576816,-1.539561,4.288780,1.100293,-1.576428,4.812679,1.209587,-1.171648,4.798768,1.155907,-0.826299,4.785277,0.494020,-0.729019,4.630736,0.804657,-0.546760,4.769257,0.634080,-0.014924,4.696452,0.217322,-0.336798,4.715624,0.526446,0.041945,4.679636,0.273891,-0.364910,4.798362
401,0.300420,-1.219387,4.443669,0.398743,-1.284723,4.291999,0.589914,-1.494365,4.290627,1.103641,-1.500486,4.806684,1.214227,-1.123181,4.782118,1.145838,-0.807225,4.789249,0.506792,-0.705389,4.636718,0.814901,-0.533877,4.770965,0.658408,-0.019528,4.695621,0.198317,-0.353954,4.713168,0.538202,0.122827,4.609480,0.307316,-0.317946,4.766495
402,0.359273,-1.048466,4.438404,0.407459,-1.253647,4.299131,0.531006,-1.571474,4.292269,1.086266,-1.626883,4.834028,1.209988,-1.157273,4.754826,1.124870,-0.846115,4.770728,0.494870,-0.743465,4.653142,0.822979,-0.581316,4.806280,0.622662,-0.050730,4.714757,0.219775,-0.336830,4.762908,0.573488,-0.088212,4.738686,0.253786,-0.381146,4.772095
403,0.356290,-1.030264,4.430843,0.401972,-1.175054,4.291807,0.504238,-1.540257,4.293372,1.078969,-1.634359,4.831294,1.200739,-1.171822,4.764432,1.142444,-0.819209,4.774945,0.520010,-0.731544,4.636925,0.864396,-0.619312,4.788206,0.639149,-0.050784,4.718477,0.220324,-0.332296,4.712298,0.564311,0.069197,4.632389,0.345026,-0.342924,4.730144
404,0.366326,-1.023172,4.428323,0.417925,-1.181761,4.290239,0.504490,-1.562052,4.284230,1.087104,-1.629747,4.835124,1.231946,-1.106991,4.768979,1.146351,-0.798427,4.779922,0.510440,-0.749778,4.634336,0.841341,-0.608070,4.788633,0.625677,-0.058498,4.718644,0.205251,-0.330412,4.679410,0.550218,0.064144,4.621433,0.315905,-0.319198,4.665868
405,0.374346,-1.024166,4.421616,0.437748,-1.129941,4.303729,0.534912,-1.478442,4.304372,1.082008,-1.581841,4.827142,1.220068,-1.109180,4.754010,1.135337,-0.776999,4.764744,0.532679,-0.718678,4.634119,0.870732,-0.602106,4.784639,0.652917,-0.025161,4.705821,0.221388,-0.301253,4.687328,0.623580,-0.075240,4.703863,0.245242,-0.425309,4.780919
406,0.375046,-1.030465,4.424655,0.454038,-1.208858,4.291515,0.514667,-1.530836,4.303049,1.076563,-1.603421,4.832393,1.217666,-1.145752,4.750902,1.143432,-0.837351,4.778195,0.517213,-0.742300,4.634943,0.840034,-0.596461,4.786176,0.628705,-0.072343,4.738524,0.215715,-0.323772,4.679252,0.594255,0.148150,4.561721,0.332880,-0.318983,4.661346
407,0.367222,-1.000604,4.406879,0.440956,-1.225033,4.286953,0.499592,-1.557537,4.306037,1.086613,-1.600871,4.829048,1.246776,-1.113798,4.740705,1.152672,-0.807552,4.772674,0.522402,-0.728728,4.637216,0.845207,-0.605954,4.795115,0.632339,-0.026695,4.717668,0.208910,-0.323369,4.691446,0.587543,-0.093938,4.701369,0.526105,-0.482774,4.711989
408,0.366002,-1.014109,4.426985,0.418186,-1.229410,4.277987,0.494989,-1.549379,4.291598,1.079565,-1.608325,4.828618,1.236836,-1.128858,4.750922,1.150207,-0.809223,4.760767,0.520380,-0.727596,4.628436,0.858705,-0.620779,4.788525,0.628613,-0.061205,4.736236,0.231160,-0.316963,4.677957,0.709110,-0.065431,4.716984,0.579373,-0.521990,4.725446
409,0.361258,-1.006539,4.406658,0.421956,-1.241303,4.270812,0.495994,-1.548766,4.288320,1.070951,-1.602645,4.826779,1.250253,-1.127851,4.752071,1.150380,-0.811273,4.777654,0.504774,-0.732004,4.635619,0.844548,-0.612914,4.795625,0.650328,-0.018857,4.683707,0.250055,-0.289682,4.714640,0.555457,-0.295211,4.864092,0.512151,-0.429833,4.722102
410,0.378022,-1.032872,4.424992,0.459042,-1.201333,4.286598,0.500922,-1.541576,4.305908,1.071257,-1.590329,4.830208,1.244531,-1.103428,4.738143,1.153500,-0.811293,4.773146,0.510721,-0.719205,4.639817,0.826202,-0.586600,4.798225,0.595069,-0.030964,4.690842,0.236244,-0.319083,4.718498,0.375976,-0.339068,4.945724,0.690928,-0.398511,4.714012
411,0.383350,-1.007496,4.417009,0.426601,-1.237355,4.282904,0.496430,-1.548808,4.298120,1.070353,-1.600197,4.834353,1.236124,-1.119691,4.747542,1.151568,-0.815972,4.770445,0.497209,-0.706514,4.645589,0.813464,-0.581271,4.802541,0.569557,-0.032742,4.712313,0.229918,-0.291791,4.697051,0.349572,-0.226895,4.866709,0.805897,-0.292567,4.619776
412,0.354385,-1.026696,4.410277,0.407894,-1.231615,4.289732,0.486474,-1.547087,4.294285,1.076525,-1.582161,4.839129,1.231724,-1.106985,4.748616,1.149078,-0.818505,4.776814,0.503622,-0.695570,4.641965,0.841389,-0.577545,4.797059,0.582350,-0.020393,4.703611,0.223512,-0.308645,4.740210,0.355101,-0.070303,4.767286,0.748696,-0.330491,4.650569
413,0.353432,-1.015592,4.411513,0.408199,-1.192440,4.292003,0.485825,-1.552354,4.298316,1.083615,-1.574466,4.834029,1.227498,-1.103693,4.744644,1.151190,-0.817913,4.777398,0.500051,-0.709222,4.643122,0.840635,-0.562783,4.792887,0.598114,0.006773,4.695963,0.237118,-0.291173,4.706181,0.407594,-0.059276,4.747303,0.520145,-0.362362,4.699891
414,0.348547,-1.014769,4.419182,0.429824,-1.284817,4.299126,0.495651,-1.534248,4.301074,1.085371,-1.561614,4.833661,1.237446,-1.095224,4.747271,1.152151,-0.823080,4.783892,0.508982,-0.699965,4.645380,0.834722,-0.571051,4.797484,0.614189,-0.010858,4.699086,0.197667,-0.330212,4.762889,0.437460,0.072617,4.640904,0.749874,-0.302621,4.622395
415,0.351831,-1.039818,4.408846,0.451201,-1.291363,4.284653,0.495589,-1.547219,4.298398,1.079090,-1.575262,4.827908,1.233916,-1.108898,4.748054,1.152015,-0.813093,4.775142,0.514176,-0.708013,4.641222,0.839982,-0.576579,4.789896,0.611454,0.016125,4.684412,0.221481,-0.297928,4.707331,0.529101,0.192599,4.542962,0.598766,-0.452092,4.727568
416,0.347170,-1.049313,4.421060,0.440194,-1.291256,4.291289,0.495399,-1.538449,4.294752,1.082521,-1.556798,4.831975,1.237377,-1.101431,4.744745,1.146815,-0.822845,4.779047,0.515000,-0.688549,4.637448,0.839999,-0.547057,4.789183,0.606230,0.002854,4.682492,0.201687,-0.346368,4.772510,0.480001,0.033209,4.692359,0.404506,-0.419109,4.771509
417,0.371275,-1.031809,4.419485,0.409180,-1.184328,4.285300,0.492340,-1.539867,4.296796,1.081103,-1.564010,4.820849,1.239351,-1.097776,4.743745,1.147254,-0.823336,4.781701,0.515009,-0.705332,4.640430,0.835808,-0.561292,4.795459,0.621825,-0.010127,4.692808,0.196722,-0.332973,4.750938,0.494197,0.103248,4.617557,0.542450,-0.382671,4.702595
418,0.386342,-1.013281,4.397440,0.432830,-1.164915,4.293142,0.491182,-1.537623,4.291436,1.075640,-1.566667,4.817451,1.244698,-1.108665,4.741006,1.145464,-0.828106,4.766559,0.513104,-0.717241,4.636357,0.837326,-0.572358,4.793757,0.619426,0.000192,4.676335,0.201540,-0.325685,4.727373,0.529464,0.029097,4.683271,0.174052,-0.462778,4.879367
419,0.394400,-1.053207,4.423545,0.460757,-1.280756,4.293144,0.490320,-1.539472,4.295855,1.084666,-1.546727,4.823507,1.239089,-1.064994,4.737431,1.137685,-0.824389,4.771412,0.506767,-0.685097,4.642556,0.824873,-0.540648,4.791159,0.609304,-0.008686,4.690063,0.195178,-0.303134,4.736897,0.590653,0.133145,4.610034,0.202819,-0.523539,4.810769
420,0.362375,-1.071668,4.418421,0.406830,-1.357818,4.277863,0.491158,-1.539844,4.299235,1.085302,-1.530345,4.817072,1.243949,-1.083505,4.742101,1.142441,-0.821881,4.767435,0.505012,-0.697156,4.643932,0.829704,-0.554017,4.791797,0.606962,-0.007557,4.682622,0.196392,-0.303066,4.748507,0.550930,-0.028431,4.742419,0.170638,-0.448774,4.793077
421,0.369580,-1.046682,4.391492,0.439572,-1.256666,4.275458,0.497354,-1.518919,4.286250,1.075679,-1.558065,4.820039,1.235569,-1.107579,4.735550,1.149551,-0.839901,4.765784,0.510444,-0.691813,4.628098,0.850622,-0.570683,4.786965,0.631904,0.006212,4.674402,0.225173,-0.300813,4.716698,0.544534,-0.071574,4.769243,0.346018,-0.444909,4.827091
422,0.370286,-1.053786,4.415062,0.443679,-1.269838,4.282586,0.485094,-1.532102,4.293161,1.073661,-1.545026,4.818010,1.242265,-1.077989,4.728904,1.142968,-0.826284,4.767313,0.493080,-0.687354,4.631181,0.825369,-0.549331,4.782235,0.603166,0.006132,4.685055,0.197665,-0.307513,4.738249,0.570612,0.156550,4.576179,0.572963,-0.460999,4.736018
423,0.405131,-1.025348,4.406538,0.449691,-1.268967,4.278396,0.487747,-1.531829,4.294657,1.077564,-1.561595,4.823768,1.228810,-1.102119,4.736856,1.146622,-0.816882,4.764738,0.510510,-0.683036,4.632740,0.851364,-0.570724,4.791587,0.610211,0.023194,4.668616,0.210225,-0.299194,4.737105,0.504399,-0.057423,4.753874,0.670397,-0.501880,4.787338
424,0.380346,-1.049631,4.401421,0.444935,-1.271898,4.277614,0.486758,-1.522964,4.285033,1.070595,-1.560715,4.825260,1.228769,-1.108551,4.734141,1.137750,-0.812762,4.771031,0.503534,-0.688201,4.633633,0.833345,-0.567397,4.794658,0.611406,-0.006559,4.685964,0.215610,-0.296813,4.710684,0.576624,0.196472,4.522655,0.628583,-0.505998,4.768444
425,0.396381,-1.032296,4.412527,0.436508,-1.181551,4.274723,0.484771,-1.514298,4.295235,1.069647,-1.542965,4.819511,1.245318,-1.077577,4.730508,1.148298,-0.799282,4.771430,0.513101,-0.687483,4.638594,0.834972,-0.560568,4.794343,0.611943,0.007672,4.690018,0.201243,-0.310135,4.699253,0.573228,0.142137,4.587016,0.559307,-0.511616,4.793171
426,0.371428,-1.037171,4.417015,0.439338,-1.258577,4.262857,0.484170,-1.539413,4.296798,1.070562,-1.571843,4.813521,1.242629,-1.102585,4.734722,1.142389,-0.849505,4.785058,0.524199,-0.712118,4.650371,0.861112,-0.594720,4.807721,0.635427,-0.028496,4.739654,0.182348,-0.340623,4.746741,0.592080,0.200596,4.530074,0.342403,-0.375622,4.770545
427,0.373216,-1.013407,4.402269,0.450314,-1.277259,4.273313,0.483731,-1.533976,4.293682,1.074213,-1.538802,4.825891,1.245667,-1.079094,4.731050,1.151165,-0.819392,4.771603,0.488682,-0.700093,4.638965,0.818729,-0.570452,4.799412,0.632489,-0.010722,4.692319,0.218443,-0.305711,4.726065,0.461809,-0.355032,4.964707,0.514231,-0.484435,4.779860
428,0.367476,-1.033987,4.412555,0.445839,-1.290673,4.269692,0.495512,-1.524108,4.300180,1.078867,-1.522583,4.819689,1.246777,-1.088723,4.735100,1.147418,-0.826955,4.776112,0.506922,-0.681270,4.636405,0.835010,-0.561732,4.790123,0.607227,0.000787,4.695641,0.207044,-0.307870,4.717123,0.505416,0.009764,4.700530,0.519898,-0.513017,4.769501
429,0.362141,-1.036641,4.418175,0.450364,-1.286108,4.273591,0.494396,-1.523723,4.303349,1.080507,-1.525823,4.817425,1.242369,-1.104334,4.735232,1.151733,-0.842272,4.778225,0.510033,-0.686827,4.632265,0.828842,-0.555208,4.787008,0.611777,-0.018229,4.700786,0.249253,-0.283261,4.698067,0.501840,0.004750,4.711988,0.448403,-0.521956,4.795291
430,0.362052,-1.030177,4.416545,0.442534,-1.288124,4.272214,0.498650,-1.529695,4.304777,1.078585,-1.527927,4.819237,1.250275,-1.105625,4.737967,1.155352,-0.841558,4.778476,0.512617,-0.677084,4.631919,0.839116,-0.552993,4.789625,0.614492,-0.002711,4.696780,0.200050,-0.325340,4.720317,0.565150,0.123514,4.602742,0.530171,-0.527657,4.772875
431,0.364308,-1.031086,4.419272,0.439159,-1.360518,4.268305,0.493721,-1.538388,4.305418,1.080104,-1.519660,4.812661,1.257844,-1.074923,4.728127,1.151888,-0.812495,4.762651,0.498529,-0.700536,4.640050,0.809527,-0.563163,4.797159,0.606748,-0.009090,4.710563,0.191094,-0.300710,4.714191,0.631375,0.132349,4.614271,0.546453,-0.532725,4.758016
432,0.364598,-1.043815,4.404596,0.448041,-1.290841,4.267660,0.506859,-1.504526,4.309142,1.078987,-1.512699,4.821270,1.250585,-1.103633,4.733354,1.156050,-0.825699,4.767386,0.515708,-0.683813,4.639615,0.841696,-0.552653,4.795963,0.625322,0.016939,4.675258,0.195396,-0.309446,4.736824,0.573855,0.012215,4.671804,0.439172,-0.499679,4.810685
433,0.356907,-1.042869,4.413796,0.434867,-1.346090,4.267051,0.498440,-1.531371,4.310237,1.073735,-1.527280,4.816038,1.247637,-1.100460,4.734290,1.150219,-0.828424,4.774854,0.513611,-0.689922,4.640566,0.822461,-0.576099,4.797763,0.588404,-0.038893,4.719197,0.193577,-0.332521,4.756988,0.497363,0.127365,4.601329,0.775522,-0.338636,4.653482
434,0.350199,-1.051878,4.422523,0.435591,-1.343937,4.267690,0.502402,-1.525583,4.304612,1.072457,-1.520580,4.815951,1.242573,-1.109352,4.745513,1.151643,-0.823567,4.768344,0.498643,-0.689753,4.639578,0.819869,-0.565194,4.797124,0.590828,-0.006366,4.710538,0.204561,-0.295350,4.715638,0.482594,-0.104777,4.813426,0.689359,-0.432239,4.722165
435,0.347593,-1.038858,4.404825,0.453330,-1.283287,4.265654,0.499781,-1.518079,4.304797,1.075769,-1.522404,4.825943,1.252498,-1.078333,4.728354,1.151547,-0.818891,4.771597,0.512668,-0.674683,4.638128,0.830449,-0.558380,4.797501,0.612163,0.005618,4.692933,0.244472,-0.258825,4.680990,0.615866,-0.242000,4.859803,0.641576,-0.438831,4.727728
436,0.349538,-1.070735,4.420598,0.438568,-1.367116,4.262266,0.501583,-1.537270,4.312005,1.079355,-1.520129,4.818813,1.256366,-1.085621,4.729795,1.157761,-0.814502,4.766881,0.513116,-0.689955,4.635555,0.818006,-0.568095,4.795103,0.588498,-0.044552,4.727742,0.196876,-0.329070,4.751760,0.536636,0.102177,4.627109,0.803634,-0.364778,4.644650
437,0.371960,-1.031764,4.424421,0.440775,-1.316601,4.260094,0.497025,-1.519603,4.313952,1.074543,-1.523986,4.827395,1.245554,-1.109267,4.730416,1.157917,-0.841858,4.768230,0.493345,-0.689334,4.643663,0.810376,-0.575716,4.803630,0.594290,-0.008696,4.710052,0.236934,-0.258347,4.677471,0.590407,-0.239289,4.891128,0.617465,-0.484978,4.710675
438,0.362686,-1.023921,4.427555,0.442490,-1.320456,4.255502,0.496175,-1.533408,4.318305,1.083162,-1.538304,4.824393,1.252172,-1.087966,4.726738,1.161653,-0.795924,4.755204,0.496099,-0.699498,4.643168,0.814933,-0.569218,4.798329,0.595760,0.000258,4.706599,0.224093,-0.286603,4.694579,0.610063,0.086414,4.631893,0.708288,-0.398603,4.643638
439,0.372045,-1.025417,4.417998,0.442104,-1.332747,4.265720,0.501395,-1.511352,4.316050,1.087840,-1.512113,4.812209,1.251229,-1.091745,4.739531,1.157612,-0.809413,4.768771,0.508644,-0.685308,4.638884,0.838664,-0.563396,4.789996,0.602067,-0.013873,4.709145,0.219211,-0.298225,4.702667,0.512768,0.013147,4.697273,0.663893,-0.465316,4.729825
440,0.383021,-0.996257,4.423109,0.450230,-1.248980,4.278593,0.497474,-1.514823,4.314125,1.082113,-1.518733,4.813598,1.262813,-1.070909,4.732497,1.156151,-0.814706,4.772933,0.517094,-0.684570,4.633679,0.822122,-0.573222,4.798217,0.635270,0.052445,4.639524,0.248650,-0.273296,4.678039,0.513985,-0.063356,4.751948,0.771967,-0.370183,4.667585
441,0.376755,-1.002892,4.413383,0.446861,-1.265135,4.268860,0.488164,-1.519817,4.309234,1.074177,-1.522865,4.812737,1.257697,-1.064910,4.734176,1.153991,-0.804581,4.770301,0.509002,-0.682314,4.638891,0.819459,-0.576511,4.800583,0.588738,-0.020463,4.714009,0.194108,-0.324177,4.713875,0.508690,-0.316395,4.939312,0.758428,-0.305950,4.640337
442,0.380248,-1.048324,4.420251,0.428544,-1.347093,4.237053,0.489431,-1.543913,4.310854,1.081213,-1.511547,4.822997,1.247241,-1.075314,4.732995,1.145065,-0.821928,4.771251,0.499537,-0.702751,4.635037,0.813458,-0.588024,4.797580,0.601325,-0.031609,4.724730,0.228759,-0.296842,4.707804,0.372301,-0.247023,4.899207,0.789334,-0.325796,4.624446
443,0.372629,-1.035921,4.407845,0.439643,-1.347152,4.265579,0.505211,-1.505460,4.315729,1.082927,-1.498035,4.820732,1.264440,-1.057365,4.730957,1.157883,-0.786220,4.762210,0.512071,-0.654902,4.624956,0.829395,-0.548203,4.786593,0.604440,0.005469,4.691275,0.196630,-0.326591,4.715033,0.473165,-0.114748,4.808737,0.735873,-0.382846,4.671821
444,0.343689,-1.024229,4.408434,0.419362,-1.218987,4.282527,0.495580,-1.513099,4.305630,1.080261,-1.516134,4.818259,1.253690,-1.091816,4.731827,1.161767,-0.814453,4.762325,0.506978,-0.679646,4.632154,0.829917,-0.556667,4.792766,0.619879,0.032757,4.664958,0.194528,-0.304023,4.724260,0.513481,-0.031622,4.721986,0.623927,-0.492937,4.776121
445,0.352001,-1.040462,4.400124,0.446901,-1.287935,4.272835,0.495448,-1.505667,4.308957,1.079273,-1.513251,4.819986,1.262658,-1.074384,4.728047,1.154651,-0.816140,4.772282,0.507982,-0.678228,4.635192,0.835522,-0.557303,4.796244,0.607416,0.011466,4.678754,0.202402,-0.304319,4.731949,0.520895,-0.156736,4.815878,0.693511,-0.371304,4.721560
446,0.347823,-1.046580,4.411073,0.438301,-1.352910,4.263896,0.505349,-1.507363,4.312952,1.079431,-1.496774,4.811882,1.260048,-1.064067,4.730390,1.158435,-0.798486,4.763886,0.511110,-0.679657,4.631473,0.815231,-0.548952,4.786526,0.591599,-0.009311,4.702189,0.206143,-0.323773,4.734353,0.612458,0.125663,4.602525,0.640650,-0.411506,4.690953
447,0.354665,-0.976543,4.407524,0.414425,-1.188257,4.275813,0.494862,-1.517154,4.304873,1.071214,-1.532934,4.829415,1.244225,-1.099197,4.736998,1.159658,-0.814562,4.763410,0.510840,-0.678871,4.626663,0.828425,-0.567401,4.796967,0.611984,-0.002515,4.691717,0.231638,-0.295168,4.687294,0.535057,-0.016075,4.726348,0.692334,-0.417902,4.709872
448,0.363072,-1.010296,4.400551,0.456328,-1.248175,4.270395,0.502043,-1.496984,4.306129,1.071718,-1.520073,4.820498,1.253046,-1.095282,4.732431,1.159833,-0.819696,4.763650,0.513365,-0.674513,4.628141,0.822502,-0.556942,4.792241,0.625277,0.006800,4.680184,0.212678,-0.301698,4.706367,0.489889,-0.079746,4.782320,0.637801,-0.394895,4.722566
449,0.363846,-1.007934,4.431678,0.454712,-1.260476,4.273385,0.501894,-1.501732,4.311907,1.069759,-1.531049,4.827542,1.247336,-1.107672,4.734429,1.150027,-0.826527,4.769204,0.515123,-0.671352,4.628901,0.832077,-0.564104,4.796422,0.617938,0.003471,4.688384,0.210223,-0.302600,4.680704,0.461766,-0.246161,4.908077,0.705333,-0.374945,4.683434
450,0.351141,-1.015003,4.427643,0.413310,-1.217025,4.271303,0.493161,-1.505895,4.306394,1.079044,-1.519376,4.824544,1.252819,-1.102548,4.736839,1.153188,-0.831003,4.779180,0.506387,-0.680781,4.623464,0.824074,-0.570471,4.793497,0.600037,-0.010616,4.692694,0.210261,-0.306890,4.695768,0.609827,0.063526,4.658558,0.721401,-0.399234,4.661641
451,0.349409,-1.001891,4.426023,0.449568,-1.253907,4.267494,0.493196,-1.510984,4.309722,1.075132,-1.519224,4.816472,1.254546,-1.067406,4.725687,1.146174,-0.804660,4.774479,0.511730,-0.686639,4.628483,0.823983,-0.565531,4.792047,0.594548,-0.029297,4.711250,0.204498,-0.310050,4.725417,0.595169,0.159101,4.569775,0.670557,-0.482599,4.727008
452,0.354119,-1.007360,4.411082,0.450678,-1.269824,4.260926,0.496796,-1.507710,4.310128,1.070371,-1.523134,4.821393,1.259335,-1.083422,4.730660,1.144576,-0.806581,4.768942,0.515352,-0.680753,4.631625,0.824953,-0.571063,4.795612,0.600155,-0.018145,4.700633,0.200160,-0.318677,4.709510,0.555792,0.114447,4.604352,0.788878,-0.329416,4.665133
453,0.372474,-1.022332,4.418681,0.443177,-1.313434,4.256567,0.494183,-1.505983,4.312599,1.075528,-1.504186,4.817331,1.275007,-1.064861,4.724778,1.143453,-0.801555,4.773095,0.512782,-0.674968,4.626656,0.826591,-0.557979,4.796663,0.597447,-0.019443,4.707725,0.203599,-0.309004,4.686853,0.567851,0.193419,4.543549,0.705238,-0.371000,4.691775
454,0.376236,-1.007701,4.422697,0.460774,-1.267807,4.272712,0.500349,-1.503429,4.323116,1.073328,-1.511196,4.822552,1.256746,-1.086464,4.740815,1.150482,-0.823246,4.776039,0.524581,-0.672943,4.637411,0.838570,-0.570078,4.802813,0.607748,-0.009890,4.698883,0.214176,-0.295913,4.689923,0.611540,0.191719,4.543391,0.779372,-0.339201,4.680258
455,0.358717,-1.035332,4.425038,0.454324,-1.326117,4.274230,0.504814,-1.498920,4.318326,1.069788,-1.524758,4.824775,1.261567,-1.089037,4.731361,1.151487,-0.823113,4.771992,0.528602,-0.689374,4.622766,0.829361,-0.576730,4.796182,0.616112,-0.007666,4.690394,0.238443,-0.312116,4.691081,0.608404,0.187661,4.541518,0.734095,-0.388785,4.668759
456,0.356677,-1.021679,4.426659,0.435567,-1.319443,4.241614,0.496258,-1.508258,4.319346,1.079780,-1.502571,4.826393,1.266150,-1.062912,4.719250,1.144121,-0.793966,4.759500,0.509614,-0.691270,4.634351,0.803031,-0.559148,4.801815,0.590849,0.027701,4.665554,0.192456,-0.332072,4.678394,0.600142,-0.195123,4.846828,0.730870,-0.321371,4.592793
457,0.358986,-1.040219,4.422959,0.445745,-1.325172,4.265205,0.504849,-1.503583,4.316092,1.075452,-1.508200,4.822079,1.262580,-1.086240,4.735761,1.151936,-0.805989,4.764664,0.521631,-0.680154,4.621427,0.817050,-0.575942,4.795782,0.596362,0.012588,4.672256,0.181032,-0.317030,4.677375,0.709310,-0.173903,4.805164,0.764058,-0.293357,4.611751
458,0.358749,-1.007882,4.422235,0.462116,-1.260071,4.270135,0.504693,-1.502767,4.312985,1.078429,-1.508267,4.824964,1.274758,-1.048792,4.726371,1.144685,-0.806728,4.767239,0.524050,-0.678963,4.628482,0.825057,-0.575124,4.802481,0.553466,-0.031637,4.724197,0.212870,-0.300206,4.703424,0.652162,-0.041070,4.723498,0.743428,-0.326896,4.655691
459,0.354391,-1.021789,4.431397,0.463291,-1.268756,4.259171,0.501298,-1.506789,4.319519,1.080193,-1.494639,4.818619,1.267955,-1.051672,4.731594,1.150906,-0.792219,4.758977,0.511294,-0.682745,4.637630,0.808715,-0.548229,4.799458,0.572481,0.015641,4.673426,0.203472,-0.313096,4.684364,0.288057,-0.326981,4.970833,0.696191,-0.301471,4.637583
460,0.353146,-1.034068,4.406913,0.449060,-1.330156,4.266388,0.506971,-1.505642,4.318244,1.081397,-1.505283,4.823644,1.261156,-1.078485,4.732378,1.155895,-0.797468,4.762042,0.523171,-0.680837,4.621559,0.834390,-0.573037,4.794539,0.624117,0.032363,4.656826,0.226254,-0.271967,4.662558,0.554348,-0.133149,4.805249,0.779345,-0.270866,4.609543
461,0.367667,-1.029531,4.410798,0.449710,-1.327238,4.263995,0.507153,-1.504133,4.323857,1.080481,-1.499701,4.822254,1.258619,-1.088237,4.736754,1.148171,-0.803318,4.766254,0.521923,-0.674615,4.627140,0.827644,-0.564007,4.795747,0.581505,-0.036074,4.722911,0.230992,-0.288771,4.693532,0.785367,-0.327244,4.855159,0.639065,-0.393321,4.707839
462,0.361564,-1.019976,4.412937,0.445653,-1.319775,4.271326,0.495100,-1.512069,4.322148,1.083556,-1.496042,4.818137,1.264402,-1.054747,4.734002,1.154717,-0.776895,4.764901,0.521568,-0.670710,4.627962,0.837334,-0.563365,4.796017,0.596343,-0.010521,4.712123,0.210963,-0.293635,4.644517,0.509360,-0.054583,4.745981,0.822502,-0.271526,4.609921
463,0.355067,-1.029258,4.416029,0.452001,-1.309423,4.267167,0.491535,-1.511939,4.314262,1.079992,-1.502922,4.826682,1.261101,-1.070824,4.729980,1.150356,-0.795021,4.765704,0.513283,-0.668507,4.625156,0.826134,-0.560145,4.797265,0.585146,-0.029921,4.718233,0.178499,-0.317657,4.666800,0.605704,0.018698,4.684606,0.704850,-0.376585,4.680970
464,0.370779,-1.024163,4.412915,0.445003,-1.325740,4.260757,0.492739,-1.507006,4.312606,1.084355,-1.495684,4.817499,1.271835,-1.071003,4.716653,1.163412,-0.800259,4.758063,0.499355,-0.681313,4.629209,0.812903,-0.562188,4.801877,0.586081,-0.005472,4.705965,0.188307,-0.310915,4.700536,0.554088,-0.121600,4.800699,0.698007,-0.429820,4.686407
465,0.365550,-1.030260,4.397124,0.459603,-1.276084,4.266263,0.490498,-1.507868,4.312353,1.075121,-1.511580,4.825959,1.267425,-1.053508,4.723720,1.161874,-0.796832,4.757262,0.510534,-0.678676,4.635685,0.824132,-0.562718,4.800839,0.598650,-0.014402,4.703941,0.197356,-0.295302,4.712279,0.459553,-0.265724,4.895259,0.751561,-0.361891,4.682792
466,0.369213,-1.056929,4.415090,0.447993,-1.293379,4.276332,0.487991,-1.492685,4.311758,1.089669,-1.487034,4.822427,1.259749,-1.053133,4.729862,1.157799,-0.801894,4.763492,0.509685,-0.673542,4.629828,0.831360,-0.553269,4.794311,0.599406,-0.023454,4.722520,0.235250,-0.298184,4.706868,0.482604,-0.101324,4.784807,0.751786,-0.344667,4.631315
467,0.366880,-1.057972,4.418752,0.443937,-1.351247,4.262044,0.497697,-1.503590,4.316302,1.074534,-1.501996,4.820676,1.267961,-1.054635,4.729239,1.152367,-0.783289,4.760601,0.514005,-0.672064,4.626874,0.830475,-0.559123,4.787553,0.591334,-0.025813,4.714604,0.204013,-0.302190,4.675421,0.521476,-0.102419,4.784835,0.680992,-0.257293,4.606564
468,0.355103,-1.029254,4.396524,0.445511,-1.340466,4.255824,0.491531,-1.510026,4.313845,1.074653,-1.504197,4.827115,1.274945,-1.048326,4.720676,1.159066,-0.756289,4.753531,0.502870,-0.675475,4.624040,0.822505,-0.551635,4.783665,0.580809,-0.007363,4.709252,0.177518,-0.310819,4.679904,0.424788,-0.291398,4.864940,0.793364,-0.217518,4.555396
469,0.361784,-1.046161,4.410978,0.421452,-1.329521,4.267444,0.485358,-1.525344,4.308651,1.073124,-1.538667,4.834113,1.258574,-1.103487,4.730292,1.154516,-0.796256,4.756993,0.503484,-0.685648,4.628595,0.830487,-0.568680,4.797451,0.597716,-0.013616,4.709570,0.202681,-0.304899,4.663598,0.432782,-0.227167,4.845242,0.260037,-0.351016,4.731713
470,0.371869,-1.067875,4.417768,0.415616,-1.411496,4.259725,0.500345,-1.509988,4.318196,1.069065,-1.505364,4.822802,1.266482,-1.080025,4.728891,1.144836,-0.796874,4.767978,0.516887,-0.686598,4.626111,0.827754,-0.572444,4.792365,0.602083,-0.014997,4.707037,0.180401,-0.308658,4.658378,0.625844,0.197958,4.536664,0.523052,-0.280871,4.616769
471,0.351554,-1.061019,4.418491,0.417812,-1.342715,4.270022,0.504028,-1.502166,4.323124,1.075205,-1.509344,4.820489,1.262580,-1.088039,4.738747,1.155083,-0.792096,4.766768,0.519601,-0.689829,4.626683,0.826494,-0.592903,4.788253,0.617951,-0.053602,4.733187,0.234372,-0.296684,4.709017,0.584159,0.145285,4.585935,0.540932,-0.258785,4.640479
472,0.363200,-1.039917,4.423955,0.448036,-1.303143,4.264792,0.499152,-1.513156,4.319818,1.073910,-1.509765,4.816961,1.274454,-1.062692,4.731733,1.156928,-0.783896,4.760525,0.510699,-0.685874,4.632847,0.821914,-0.562091,4.783227,0.616978,-0.024807,4.714199,0.236620,-0.302556,4.713181,0.577383,0.165673,4.575981,0.493589,-0.336028,4.670739
473,0.370529,-1.038619,4.430511,0.448144,-1.307681,4.258210,0.506486,-1.494764,4.321417,1.065111,-1.509140,4.824927,1.267992,-1.060384,4.718429,1.151487,-0.784030,4.754299,0.511464,-0.681698,4.624910,0.810809,-0.557981,4.784128,0.616630,-0.048569,4.728298,0.202147,-0.323943,4.708325,0.578530,0.235129,4.505925,0.456967,-0.279113,4.644150
474,0.358774,-1.025650,4.425605,0.408303,-1.247007,4.266069,0.502513,-1.495762,4.322856,1.070173,-1.520904,4.825825,1.261958,-1.081535,4.720287,1.165029,-0.793884,4.757102,0.499861,-0.693799,4.631886,0.806966,-0.556514,4.787269,0.594973,-0.054018,4.724143,0.211989,-0.331648,4.704578,0.530267,0.119088,4.612542,0.256698,-0.358324,4.715323
475,0.362366,-1.032460,4.423836,0.431268,-1.308718,4.271227,0.505556,-1.488871,4.319483,1.078975,-1.499897,4.815902,1.276415,-1.062185,4.713488,1.164299,-0.777339,4.751743,0.505939,-0.674519,4.625349,0.822533,-0.534896,4.779395,0.599377,-0.024673,4.717610,0.221682,-0.311914,4.696306,0.526253,0.024380,4.666161,0.317402,-0.356873,4.676321
476,0.364820,-1.022616,4.403446,0.452096,-1.245152,4.276859,0.497699,-1.498252,4.315225,1.074673,-1.503969,4.827426,1.270428,-1.058290,4.708749,1.160594,-0.770235,4.750010,0.508331,-0.683422,4.624357,0.808568,-0.546669,4.784617,0.622701,-0.046399,4.729387,0.207956,-0.321175,4.701132,0.591578,0.244507,4.529282,0.415235,-0.285544,4.624172
477,0.363594,-1.035436,4.417445,0.452673,-1.247376,4.282137,0.490248,-1.507351,4.319821,1.072531,-1.508035,4.825396,1.264615,-1.060836,4.714870,1.157838,-0.779311,4.753713,0.499715,-0.699357,4.635890,0.808710,-0.566498,4.791473,0.613933,-0.059245,4.737050,0.167996,-0.351212,4.686469,0.581163,0.188893,4.568895,0.290811,-0.369313,4.679617
478,0.364605,-1.049265,4.416385,0.437043,-1.322655,4.270414,0.496739,-1.505341,4.317068,1.066775,-1.501806,4.820115,1.268445,-1.045696,4.706524,1.157599,-0.770842,4.749884,0.507612,-0.698133,4.632550,0.812516,-0.563442,4.794127,0.617274,-0.064305,4.728513,0.215434,-0.292490,4.700114,0.552060,0.159622,4.561792,0.400703,-0.272958,4.699001
479,0.378947,-1.042451,4.407810,0.439231,-1.318139,4.263365,0.491812,-1.507992,4.313287,1.065719,-1.503696,4.836586,1.271276,-1.067753,4.725512,1.155228,-0.775375,4.757475,0.501296,-0.686840,4.630773,0.808024,-0.546057,4.790047,0.620752,-0.051425,4.728909,0.224558,-0.292781,4.682708,0.512407,-0.064540,4.739471,0.416024,-0.277036,4.651731
480,0.375697,-1.058202,4.416329,0.442327,-1.329391,4.271906,0.497455,-1.503862,4.314695,1.065600,-1.504584,4.820899,1.271147,-1.055589,4.707884,1.161465,-0.769770,4.750249,0.509060,-0.693033,4.630304,0.813408,-0.561267,4.795193,0.627365,-0.062101,4.721379,0.197578,-0.331574,4.689111,0.503798,0.020192,4.690619,0.387882,-0.253442,4.673519
481,0.366120,-1.091568,4.421695,0.416954,-1.381380,4.237602,0.498141,-1.496688,4.309155,1.066168,-1.493309,4.820937,1.268515,-1.059187,4.723616,1.158046,-0.770592,4.763522,0.509806,-0.687121,4.624506,0.822818,-0.557752,4.786012,0.619983,-0.067344,4.732073,0.221398,-0.290220,4.685944,0.590287,0.216227,4.533985,0.352507,-0.321216,4.652939
482,0.368031,-1.047559,4.429653,0.435792,-1.327065,4.269392,0.499766,-1.500360,4.325056,1.073217,-1.485776,4.823056,1.269311,-1.064460,4.716358,1.152508,-0.773428,4.754606,0.497888,-0.700757,4.630082,0.807132,-0.553684,4.783808,0.643529,-0.005359,4.675435,0.190456,-0.319211,4.638336,0.483467,-0.065471,4.751231,0.305155,-0.358429,4.678684
483,0.370400,-1.026162,4.444211,0.437429,-1.290812,4.260301,0.496482,-1.504908,4.324998,1.074476,-1.511183,4.826590,1.272200,-1.038402,4.713201,1.151998,-0.758520,4.755531,0.497133,-0.697141,4.627525,0.811317,-0.544602,4.780284,0.620464,-0.046965,4.701913,0.181335,-0.336406,4.656437,0.480112,0.013153,4.701714,0.283081,-0.350076,4.684080
484,0.375448,-1.030114,4.420344,0.443343,-1.293028,4.274299,0.503916,-1.491248,4.330254,1.076737,-1.487949,4.825184,1.266634,-1.049694,4.719982,1.161257,-0.766381,4.762723,0.495532,-0.683441,4.627495,0.799635,-0.534212,4.786107,0.600254,-0.074188,4.727199,0.194258,-0.315144,4.693855,0.474699,-0.007480,4.719886,0.267876,-0.351293,4.725451
485,0.359468,-0.991117,4.424071,0.434287,-1.193312,4.274013,0.500199,-1.479192,4.317426,1.064667,-1.508126,4.835503,1.268187,-1.073396,4.722117,1.171758,-0.796776,4.754340,0.509389,-0.667160,4.621163,0.804708,-0.530700,4.786294,0.614093,-0.049895,4.707088,0.210116,-0.315128,4.690539,0.552550,0.177823,4.565713,0.384331,-0.244987,4.626098
486,0.367909,-1.014325,4.415333,0.416664,-1.245827,4.275652,0.497481,-1.493716,4.332372,1.062535,-1.514162,4.840998,1.265700,-1.075716,4.729151,1.164331,-0.787520,4.755661,0.500601,-0.682786,4.629056,0.806169,-0.558684,4.795945,0.605429,-0.045745,4.732395,0.181575,-0.338057,4.656227,0.615517,0.259370,4.512779,0.443135,-0.221758,4.621098
487,0.376642,-1.002579,4.416422,0.424533,-1.229351,4.285774,0.492747,-1.500712,4.328215,1.067186,-1.499468,4.836620,1.280415,-1.043714,4.718831,1.165263,-0.759384,4.750018,0.492790,-0.687480,4.637370,0.798006,-0.551301,4.799101,0.624397,-0.063347,4.732631,0.169486,-0.340042,4.656572,0.578937,0.210743,4.541042,0.312470,-0.264847,4.644594
488,0.369050,-1.010414,4.421025,0.440661,-1.283915,4.276227,0.492784,-1.489841,4.322906,1.068393,-1.491519,4.838896,1.273993,-1.052958,4.726240,1.165066,-0.769922,4.756043,0.491630,-0.681381,4.628281,0.797216,-0.536763,4.787551,0.628981,-0.055135,4.734143,0.151929,-0.322531,4.650443,0.628818,0.251274,4.523863,0.350982,-0.249915,4.620883
489,0.374897,-1.018778,4.402691,0.428283,-1.224958,4.282211,0.492605,-1.493814,4.326778,1.065161,-1.493388,4.835736,1.259008,-1.058680,4.728237,1.161401,-0.780034,4.760078,0.504481,-0.675708,4.633119,0.814676,-0.541927,4.795921,0.620005,-0.071818,4.731480,0.172231,-0.346654,4.674604,0.535531,0.027295,4.678997,0.325287,-0.236425,4.696310
490,0.367415,-1.027715,4.430409,0.443090,-1.299579,4.276319,0.505950,-1.488045,4.337789,1.072895,-1.469363,4.840741,1.275187,-1.047356,4.726640,1.168859,-0.764373,4.756742,0.503328,-0.688084,4.632238,0.801188,-0.530144,4.790371,0.623642,-0.056536,4.701450,0.158421,-0.331152,4.673824,0.534426,0.148015,4.572761,0.308395,-0.254898,4.665668
491,0.365931,-1.016459,4.430866,0.418555,-1.251176,4.279777,0.500642,-1.490638,4.337804,1.068953,-1.491548,4.842116,1.268645,-1.062979,4.730835,1.162906,-0.760698,4.753149,0.492309,-0.683521,4.631567,0.797092,-0.537757,4.790390,0.599814,-0.060539,4.715920,0.173938,-0.329798,4.667556,0.426879,-0.014609,4.709464,0.417351,-0.209966,4.628581
492,0.361072,-1.005628,4.408588,0.449931,-1.244934,4.271631,0.492169,-1.504601,4.337297,1.073898,-1.478425,4.835684,1.267039,-1.054080,4.722711,1.156152,-0.769173,4.755777,0.497622,-0.679750,4.626439,0.806348,-0.535438,4.787887,0.590188,-0.021520,4.694778,0.172351,-0.338255,4.663063,0.573070,0.257696,4.499192,0.445087,-0.253076,4.624580
493,0.349865,-1.006343,4.415490,0.415289,-1.233974,4.274601,0.491351,-1.481472,4.330035,1.071223,-1.462118,4.837304,1.270306,-1.037714,4.726590,1.155774,-0.773963,4.759266,0.496757,-0.672348,4.629359,0.806806,-0.519304,4.792023,0.593378,-0.049125,4.710188,0.166391,-0.342215,4.670311,0.470941,0.102165,4.605663,0.470798,-0.135936,4.575037
494,0.349355,-1.048079,4.415784,0.432909,-1.294522,4.274099,0.492872,-1.498795,4.331720,1.057652,-1.489376,4.848215,1.266069,-1.058427,4.729244,1.153546,-0.781182,4.765032,0.490790,-0.689038,4.635079,0.787909,-0.533329,4.789473,0.591860,-0.050453,4.712295,0.154914,-0.334390,4.703155,0.545223,0.202976,4.533908,0.365370,-0.204174,4.631202
495,0.357481,-1.004923,4.426094,0.420156,-1.233167,4.279140,0.493174,-1.487629,4.338056,1.060225,-1.476273,4.836360,1.263855,-1.070231,4.722334,1.156530,-0.786608,4.756837,0.491432,-0.672709,4.624444,0.785464,-0.522281,4.785288,0.577189,-0.052203,4.735158,0.193767,-0.333010,4.698924,0.528205,0.165819,4.548131,0.326073,-0.142885,4.574287
496,0.356965,-1.012918,4.436888,0.413389,-1.242250,4.275735,0.485115,-1.492992,4.330001,1.067574,-1.467760,4.843239,1.251089,-1.056615,4.735963,1.144670,-0.766736,4.760097,0.479280,-0.683635,4.620376,0.773799,-0.518294,4.786905,0.576083,-0.052844,4.718235,0.183387,-0.337168,4.686405,0.528669,0.160276,4.562418,0.220252,-0.332201,4.679537
497,0.349768,-1.014639,4.426774,0.428216,-1.226575,4.279078,0.501373,-1.464723,4.335505,1.061129,-1.479212,4.844201,1.255450,-1.075048,4.730270,1.156089,-0.790528,4.764551,0.493130,-0.660256,4.630385,0.780084,-0.510478,4.791421,0.554180,-0.048395,4.709879,0.196880,-0.314733,4.702453,0.512863,0.126306,4.581957,0.228179,-0.299501,4.667606
498,0.353485,-1.035785,4.418709,0.443978,-1.249706,4.287209,0.500395,-1.474021,4.333697,1.055868,-1.469728,4.835723,1.247071,-1.122133,4.731369,1.154419,-0.813788,4.764083,0.497617,-0.661341,4.627284,0.787084,-0.502393,4.782501,0.553564,-0.064682,4.746424,0.197506,-0.330521,4.697784,0.574391,0.248611,4.492523,0.259416,-0.273538,4.630954
499,0.351645,-1.020882,4.409552,0.423045,-1.230032,4.277506,0.485771,-1.477095,4.328097,1.048892,-1.474088,4.838873,1.252153,-1.093646,4.736108,1.154229,-0.805125,4.766272,0.494583,-0.670552,4.619977,0.787622,-0.513193,4.783205,0.591385,-0.035799,4.731059,0.167141,-0.356922,4.670574,0.573070,0.194796,4.543887,0.203600,-0.318965,4.681754
500,0.362980,-1.015379,4.422826,0.413143,-1.214319,4.281774,0.476808,-1.483917,4.328521,1.057420,-1.485407,4.839345,1.257847,-1.051980,4.729172,1.152490,-0.774017,4.754033,0.491033,-0.685115,4.624575,0.792840,-0.531536,4.791159,0.598545,-0.051530,4.739761,0.170434,-0.351251,4.650826,0.516447,0.140390,4.569530,0.239181,-0.301963,4.680416
501,0.360531,-1.019415,4.410184,0.414340,-1.209822,4.279358,0.472997,-1.488665,4.327836,1.063453,-1.469274,4.833061,1.261360,-1.028344,4.726115,1.155732,-0.759127,4.754850,0.487402,-0.674052,4.623310,0.799064,-0.508588,4.780401,0.604826,-0.043363,4.721254,0.162970,-0.352707,4.674795,0.493064,0.128944,4.576948,0.245335,-0.322719,4.677893
502,0.358970,-1.025265,4.413106,0.418865,-1.221470,4.280002,0.478972,-1.483718,4.330809,1.064340,-1.475600,4.833410,1.259542,-1.050595,4.732113,1.150769,-0.770973,4.759156,0.498302,-0.682345,4.628890,0.797629,-0.526829,4.790392,0.605446,-0.039451,4.732632,0.195197,-0.335255,4.693495,0.501822,0.113117,4.598750,0.246722,-0.313708,4.704461
503,0.360467,-1.016543,4.415403,0.418666,-1.215258,4.278822,0.477275,-1.477360,4.330901,1.050918,-1.481563,4.837958,1.243281,-1.060214,4.721560,1.151452,-0.771767,4.758873,0.497769,-0.676635,4.631110,0.804390,-0.524937,4.789194,0.613027,-0.087105,4.735429,0.190612,-0.355559,4.679340,0.471694,0.029320,4.666358,0.277983,-0.266182,4.716946
504,0.365900,-1.012185,4.422658,0.440740,-1.285926,4.266270,0.488042,-1.480578,4.328800,1.057472,-1.470337,4.835456,1.259589,-1.058740,4.714756,1.157750,-0.765876,4.748728,0.507191,-0.665590,4.624436,0.803210,-0.528528,4.789630,0.607577,-0.036297,4.697972,0.161350,-0.329260,4.639585,0.574030,0.258676,4.465765,0.425667,-0.198325,4.642885
505,0.365520,-1.034057,4.424027,0.437254,-1.290126,4.262333,0.487374,-1.488158,4.329255,1.061051,-1.469135,4.834743,1.254615,-1.062468,4.718086,1.156263,-0.768847,4.752700,0.499186,-0.684863,4.619174,0.795865,-0.527312,4.783445,0.591853,-0.053551,4.736763,0.178945,-0.336217,4.636673,0.506018,0.095950,4.623861,0.285238,-0.294473,4.718567
506,0.366880,-1.016028,4.429454,0.441229,-1.231453,4.270975,0.492080,-1.487956,4.322690,1.052659,-1.469749,4.837525,1.261648,-1.073879,4.726804,1.154241,-0.793019,4.764919,0.482099,-0.677452,4.623681,0.771497,-0.521611,4.785345,0.585487,-0.063431,4.733440,0.177032,-0.333091,4.701350,0.527791,0.104574,4.606381,0.302180,-0.307032,4.651655
507,0.359357,-1.051836,4.425809,0.439111,-1.291634,4.263518,0.494602,-1.485274,4.323060,1.058826,-1.456948,4.831513,1.254037,-1.068708,4.727413,1.151811,-0.781634,4.762152,0.493079,-0.674788,4.627785,0.786095,-0.522342,4.785158,0.572143,-0.062202,4.733029,0.174789,-0.337570,4.657675,0.522863,0.104341,4.601760,0.329092,-0.277890,4.662721
508,0.364599,-1.060364,4.425957,0.434300,-1.346630,4.254923,0.501187,-1.482532,4.328928,1.054302,-1.458971,4.838924,1.257874,-1.090992,4.728176,1.169371,-0.782789,4.758327,0.487769,-0.678836,4.628193,0.781298,-0.516509,4.787863,0.575433,-0.066047,4.725378,0.183427,-0.328206,4.698138,0.471307,0.033940,4.661685,0.263521,-0.280993,4.675868
509,0.362060,-1.027077,4.416937,0.429063,-1.240865,4.283878,0.490624,-1.485795,4.327865,1.071163,-1.459546,4.826160,1.260492,-1.083414,4.721274,1.157783,-0.798204,4.764305,0.491695,-0.666052,4.625142,0.793803,-0.515617,4.783691,0.569380,-0.047920,4.728244,0.185959,-0.337429,4.700388,0.476599,0.078166,4.636888,0.289906,-0.291222,4.666887
510,0.358916,-1.007465,4.418172,0.427919,-1.209976,4.268484,0.493318,-1.487626,4.326064,1.070374,-1.467147,4.827016,1.263903,-1.069039,4.719790,1.163457,-0.775227,4.751711,0.499291,-0.677466,4.618766,0.799038,-0.532338,4.782153,0.623526,-0.017849,4.676917,0.180251,-0.349647,4.710507,0.542012,0.144591,4.568820,0.289400,-0.290225,4.696268
511,0.359645,-0.990320,4.421188,0.414010,-1.200373,4.274991,0.493128,-1.482965,4.329100,1.057965,-1.473475,4.827413,1.254099,-1.052789,4.723526,1.157585,-0.774407,4.751752,0.495772,-0.680481,4.626301,0.787797,-0.531954,4.788839,0.616971,-0.031988,4.690075,0.165652,-0.359106,4.673077,0.490753,0.105515,4.584091,0.309045,-0.278640,4.713230
512,0.364432,-1.056210,4.425436,0.437877,-1.287255,4.264890,0.496396,-1.485386,4.324963,1.052422,-1.462064,4.836508,1.258130,-1.070524,4.722373,1.155701,-0.779744,4.762453,0.487041,-0.676927,4.625561,0.778524,-0.515404,4.786325,0.576424,-0.077485,4.736995,0.164333,-0.354800,4.652584,0.456483,0.096072,4.613245,0.262584,-0.278459,4.683664
513,0.347970,-1.062545,4.430558,0.429664,-1.354069,4.270396,0.501942,-1.485530,4.326825,1.052100,-1.453254,4.837226,1.255617,-1.087727,4.729086,1.157304,-0.815037,4.767098,0.488107,-0.673711,4.630652,0.780032,-0.523047,4.790995,0.574577,-0.070827,4.732020,0.184042,-0.320727,4.695164,0.501816,0.059055,4.645326,0.321614,-0.271033,4.688878
514,0.369923,-1.057522,4.431566,0.441328,-1.341219,4.260820,0.501083,-1.486832,4.320808,1.048841,-1.452749,4.829208,1.250173,-1.103159,4.731645,1.158546,-0.817326,4.766674,0.490375,-0.672932,4.622552,0.779986,-0.512903,4.781018,0.573706,-0.061394,4.731970,0.187785,-0.331436,4.697426,0.480530,0.075143,4.646117,0.244622,-0.297810,4.697369
515,0.367227,-1.054205,4.419472,0.447394,-1.301571,4.276613,0.498218,-1.496871,4.325974,1.056259,-1.463993,4.826444,1.260058,-1.088377,4.724332,1.172010,-0.804594,4.761256,0.489460,-0.679312,4.629136,0.789042,-0.524823,4.784439,0.608286,-0.012722,4.681596,0.173901,-0.333665,4.653418,0.466708,-0.107182,4.782209,0.258722,-0.336337,4.716121
516,0.362478,-1.027852,4.415204,0.440336,-1.287345,4.268318,0.493494,-1.483404,4.322465,1.048895,-1.471213,4.832299,1.257786,-1.068304,4.719967,1.160078,-0.779365,4.749795,0.494370,-0.671374,4.623868,0.793612,-0.532929,4.788271,0.594187,-0.067584,4.729414,0.186493,-0.317500,4.669639,0.443926,-0.219453,4.858027,0.305992,-0.381775,4.758289
517,0.375841,-1.033897,4.422651,0.442516,-1.292545,4.263268,0.499892,-1.488262,4.329125,1.061864,-1.452741,4.830886,1.259075,-1.065178,4.723330,1.158436,-0.782445,4.758969,0.499039,-0.670535,4.616412,0.794772,-0.523979,4.781195,0.590876,-0.040775,4.722755,0.200199,-0.294524,4.682202,0.474728,-0.058737,4.743370,0.298538,-0.326279,4.735453
518,0.361675,-1.024666,4.421254,0.436451,-1.226989,4.284510,0.494040,-1.483237,4.325701,1.062633,-1.466437,4.834909,1.251732,-1.106997,4.730528,1.163565,-0.822213,4.768283,0.481321,-0.680489,4.634177,0.782937,-0.516287,4.783994,0.572939,-0.054075,4.730268,0.189645,-0.333915,4.702504,0.438379,-0.186376,4.834210,0.213788,-0.373711,4.752063
519,0.373794,-1.065319,4.419486,0.464973,-1.335559,4.274085,0.508329,-1.488562,4.334171,1.053190,-1.446702,4.832143,1.258786,-1.088345,4.728639,1.163262,-0.806818,4.764720,0.495102,-0.677319,4.630522,0.781801,-0.504564,4.784903,0.571912,-0.063083,4.723372,0.205470,-0.317799,4.688399,0.417853,-0.111602,4.796979,0.223816,-0.300167,4.710177
520,0.360781,-0.999641,4.416998,0.430612,-1.225286,4.285162,0.493560,-1.484354,4.325987,1.062904,-1.480434,4.830667,1.264318,-1.098007,4.722482,1.164424,-0.802878,4.758918,0.495945,-0.666498,4.618092,0.790366,-0.517001,4.778315,0.557536,-0.061992,4.737442,0.165029,-0.347589,4.696838,0.601210,0.186794,4.554129,0.239450,-0.345387,4.697412
521,0.366962,-1.023558,4.419552,0.451294,-1.280900,4.272994,0.496385,-1.481568,4.326854,1.052435,-1.488160,4.841751,1.252057,-1.069384,4.729068,1.161191,-0.787528,4.757521,0.488807,-0.680814,4.621387,0.783312,-0.523792,4.782814,0.584273,-0.061075,4.722787,0.196774,-0.316215,4.690028,0.500835,0.011715,4.690999,0.185548,-0.348453,4.768646
522,0.360774,-1.022592,4.424343,0.449286,-1.285965,4.276327,0.496992,-1.485500,4.332880,1.048851,-1.490536,4.842598,1.251629,-1.113790,4.736423,1.165073,-0.819691,4.766850,0.483475,-0.682627,4.626061,0.785350,-0.525269,4.787083,0.566838,-0.057502,4.727193,0.190196,-0.331286,4.715369,0.441738,-0.140551,4.824471,0.182291,-0.345521,4.758263
523,0.359830,-1.038341,4.413633,0.445441,-1.294749,4.273754,0.499965,-1.481611,4.321729,1.055019,-1.476015,4.835630,1.255817,-1.096852,4.730961,1.159395,-0.814642,4.767560,0.489105,-0.686678,4.629839,0.788550,-0.530701,4.786137,0.570209,-0.067933,4.743064,0.178057,-0.336752,4.665592,0.467331,-0.079955,4.770540,0.215332,-0.364157,4.761889
524,0.355586,-1.024410,4.417018,0.453309,-1.224375,4.278236,0.494580,-1.466802,4.329651,1.046195,-1.478747,4.837692,1.260154,-1.074415,4.729213,1.149238,-0.794596,4.759716,0.503345,-0.664969,4.626395,0.787538,-0.527516,4.789115,0.582661,-0.051234,4.734736,0.157944,-0.331982,4.676441,0.510174,0.005333,4.696559,0.325791,-0.337563,4.728061
525,0.361507,-1.032721,4.419525,0.441462,-1.286174,4.262222,0.495256,-1.482320,4.326726,1.055415,-1.468203,4.841827,1.250051,-1.070406,4.722365,1.152865,-0.789499,4.761301,0.496325,-0.667253,4.624792,0.787020,-0.516168,4.784675,0.599493,-0.032278,4.703439,0.165313,-0.320911,4.659794,0.547693,0.131171,4.583971,0.270102,-0.341256,4.723779
526,0.360176,-1.044150,4.427583,0.451544,-1.279351,4.272840,0.497572,-1.474065,4.330245,1.054639,-1.456553,4.835295,1.273445,-1.098993,4.719836,1.157096,-0.815078,4.767356,0.494464,-0.660865,4.618648,0.789882,-0.509691,4.780818,0.546962,-0.037725,4.710475,0.187400,-0.299122,4.693533,0.565252,0.090349,4.615222,0.308230,-0.397594,4.754731
527,0.357813,-1.043024,4.426755,0.436732,-1.286718,4.267834,0.496954,-1.471834,4.321068,1.051664,-1.463719,4.834733,1.262461,-1.114332,4.735165,1.159082,-0.808497,4.766035,0.486087,-0.661432,4.625169,0.783590,-0.507822,4.784374,0.568671,-0.053569,4.722704,0.195267,-0.310988,4.701277,0.466616,-0.056421,4.748612,0.222617,-0.346575,4.727050
528,0.367448,-1.080132,4.419088,0.430777,-1.350772,4.273878,0.503261,-1.471301,4.326205,1.049537,-1.476097,4.838327,1.258430,-1.113108,4.732472,1.158912,-0.820499,4.770627,0.483837,-0.664806,4.619915,0.789786,-0.503541,4.781128,0.566771,-0.054533,4.719693,0.214252,-0.292689,4.692380,0.413931,-0.194955,4.819862,0.222999,-0.337794,4.681211
529,0.365902,-1.046049,4.420759,0.448289,-1.298707,4.269386,0.509426,-1.477093,4.332773,1.066636,-1.461549,4.825266,1.256413,-1.070107,4.727699,1.160765,-0.771351,4.759979,0.493835,-0.677847,4.631034,0.782510,-0.526132,4.787673,0.559821,-0.064526,4.723582,0.207002,-0.321005,4.711626,0.498428,0.103192,4.604270,0.223690,-0.330745,4.717960
530,0.360225,-1.042264,4.426777,0.452483,-1.282851,4.271155,0.506139,-1.484453,4.326451,1.066479,-1.464842,4.834945,1.264698,-1.075266,4.723253,1.165915,-0.780482,4.757612,0.502921,-0.678372,4.629099,0.793479,-0.525652,4.785412,0.549181,-0.071067,4.734670,0.179152,-0.344555,4.664254,0.488868,0.010041,4.682907,0.221850,-0.360575,4.734796
531,0.361573,-1.003463,4.402128,0.436846,-1.222679,4.272606,0.495414,-1.475128,4.330080,1.067388,-1.468256,4.826766,1.265976,-1.067820,4.718019,1.158013,-0.798571,4.762111,0.505870,-0.660120,4.615742,0.810588,-0.518917,4.778141,0.570191,-0.040714,4.728606,0.200196,-0.296190,4.702927,0.443421,-0.179837,4.841351,0.324871,-0.394052,4.799582
532,0.364555,-1.025622,4.426712,0.437640,-1.293990,4.277124,0.503036,-1.469861,4.330618,1.065741,-1.450544,4.823833,1.261389,-1.072959,4.721132,1.163005,-0.801756,4.760089,0.490097,-0.673798,4.632642,0.786466,-0.522886,4.785370,0.567075,-0.049135,4.719175,0.176857,-0.326776,4.681585,0.487571,-0.042930,4.734393,0.314541,-0.360827,4.727818
533,0.371081,-1.034994,4.416992,0.458224,-1.283964,4.261563,0.505301,-1.470987,4.330748,1.059821,-1.461977,4.835907,1.253097,-1.099780,4.728683,1.160025,-0.817969,4.765187,0.497358,-0.670552,4.623432,0.794767,-0.511270,4.781578,0.586350,-0.041683,4.732507,0.194733,-0.302626,4.678433,0.485281,0.015818,4.685271,0.253735,-0.326895,4.703407
534,0.363714,-1.044972,4.418047,0.434867,-1.299049,4.270195,0.498567,-1.476373,4.327469,1.061718,-1.447668,4.828644,1.251799,-1.075071,4.722385,1.155497,-0.806508,4.770751,0.481745,-0.669772,4.625217,0.786839,-0.516217,4.782950,0.573051,-0.059879,4.721611,0.189926,-0.306131,4.670803,0.427746,-0.206612,4.867794,0.299491,-0.376391,4.767547
535,0.366770,-1.033638,4.416033,0.461527,-1.281199,4.267550,0.506155,-1.474125,4.333295,1.058963,-1.458896,4.833612,1.256947,-1.095952,4.724029,1.159130,-0.814598,4.764787,0.500437,-0.671018,4.627290,0.786437,-0.520572,4.782434,0.580372,-0.032567,4.696640,0.166878,-0.332095,4.673782,0.526180,0.076462,4.631914,0.253102,-0.351804,4.714534
536,0.366722,-1.036388,4.414094,0.438019,-1.293497,4.255725,0.502949,-1.468141,4.332268,1.055493,-1.456540,4.831326,1.244433,-1.113012,4.730373,1.153788,-0.815018,4.764281,0.495729,-0.666061,4.620675,0.784445,-0.516394,4.781900,0.530498,-0.075774,4.751665,0.168060,-0.320148,4.679652,0.555955,0.112014,4.622211,0.296458,-0.346131,4.693354
537,0.362793,-1.039053,4.418417,0.442188,-1.295028,4.266042,0.501183,-1.472239,4.337384,1.059072,-1.452196,4.831174,1.253263,-1.085581,4.720321,1.152742,-0.816876,4.762368,0.497714,-0.670619,4.629657,0.787329,-0.516982,4.784199,0.551199,-0.068958,4.739434,0.171279,-0.329834,4.677186,0.555511,0.092795,4.611442,0.262046,-0.328880,4.712335
538,0.368395,-1.023002,4.417466,0.441014,-1.289852,4.257065,0.498936,-1.477475,4.333572,1.066022,-1.453471,4.830925,1.262511,-1.087899,4.721180,1.152130,-0.790071,4.758995,0.493080,-0.670037,4.625115,0.793678,-0.516422,4.781949,0.565129,-0.058314,4.736423,0.170619,-0.340584,4.674813,0.560970,0.173028,4.547396,0.267596,-0.349843,4.724258
539,0.368472,-1.011765,4.425470,0.433732,-1.284383,4.278007,0.498988,-1.474621,4.333807,1.072499,-1.454242,4.830894,1.251110,-1.090836,4.728559,1.151059,-0.798611,4.764636,0.489043,-0.671318,4.622221,0.789976,-0.506648,4.778928,0.561955,-0.062810,4.725018,0.167359,-0.340474,4.686021,0.531319,0.110990,4.612875,0.224942,-0.311222,4.679802
540,0.367384,-1.018244,4.426746,0.445681,-1.277249,4.282865,0.495694,-1.477971,4.334929,1.073197,-1.454875,4.831655,1.252861,-1.078310,4.725006,1.154584,-0.780703,4.759578,0.484825,-0.672564,4.620565,0.779653,-0.520236,4.782429,0.539494,-0.077504,4.749498,0.189807,-0.317872,4.705309,0.610796,0.184282,4.568090,0.277598,-0.331046,4.656148
541,0.372061,-1.042048,4.411381,0.448832,-1.293695,4.272168,0.501237,-1.474411,4.333593,1.068745,-1.453905,4.829334,1.251075,-1.080986,4.726048,1.160644,-0.796266,4.756374,0.487895,-0.672002,4.620593,0.787433,-0.509994,4.781078,0.555736,-0.066287,4.742444,0.205209,-0.326265,4.707477,0.552185,0.018679,4.691871,0.267928,-0.282730,4.640638
542,0.365549,-1.041852,4.420210,0.438240,-1.273824,4.269076,0.495962,-1.468549,4.332297,1.066388,-1.456778,4.827995,1.252217,-1.094643,4.727711,1.150743,-0.821430,4.769325,0.490216,-0.666754,4.622180,0.793268,-0.516485,4.781062,0.559399,-0.063026,4.730000,0.213274,-0.311622,4.698584,0.589287,0.206865,4.534346,0.356323,-0.259124,4.645984
543,0.372405,-1.046033,4.428565,0.465240,-1.278712,4.279563,0.498919,-1.488237,4.331097,1.068772,-1.462225,4.830754,1.261644,-1.083424,4.726764,1.162772,-0.775090,4.752022,0.486970,-0.679584,4.621780,0.785930,-0.516692,4.778770,0.582767,-0.042392,4.701532,0.206537,-0.318974,4.713917,0.573515,0.221264,4.492040,0.262418,-0.266116,4.666086
544,0.367826,-1.055611,4.425431,0.442999,-1.287823,4.279503,0.498707,-1.479420,4.337154,1.069127,-1.463354,4.831589,1.253891,-1.091751,4.726271,1.151391,-0.793204,4.766142,0.486480,-0.671667,4.615425,0.791714,-0.506285,4.771474,0.546378,-0.075763,4.738123,0.211669,-0.311543,4.696743,0.501304,0.096343,4.619300,0.297015,-0.279200,4.633282
545,0.362743,-1.020728,4.432076,0.450135,-1.268260,4.281025,0.503381,-1.466254,4.336395,1.072452,-1.450151,4.833304,1.242481,-1.104706,4.733581,1.150631,-0.802356,4.759714,0.480177,-0.663760,4.611320,0.777878,-0.503240,4.777925,0.553521,-0.056985,4.718353,0.187467,-0.320996,4.697442,0.507450,0.049910,4.652137,0.247026,-0.247066,4.638359
546,0.344059,-1.045506,4.414309,0.434646,-1.311255,4.253574,0.507191,-1.458421,4.324788,1.078658,-1.440322,4.827970,1.245197,-1.077225,4.724444,1.157118,-0.787872,4.760662,0.490423,-0.657834,4.615802,0.806706,-0.503274,4.771775,0.568176,-0.070660,4.739587,0.190356,-0.329426,4.703437,0.586864,0.201462,4.523404,0.412594,-0.251577,4.655375
547,0.355727,-1.048455,4.413128,0.430970,-1.333300,4.262649,0.502269,-1.476911,4.337010,1.058353,-1.463006,4.825118,1.253864,-1.129474,4.724528,1.153661,-0.812986,4.757829,0.493943,-0.672571,4.628486,0.793381,-0.526057,4.787057,0.566171,-0.052877,4.723021,0.171463,-0.340011,4.661181,0.577173,0.170407,4.539557,0.301298,-0.277337,4.698174
548,0.371740,-1.046941,4.426129,0.455548,-1.293985,4.277844,0.495150,-1.484331,4.332633,1.068681,-1.448340,4.825977,1.252255,-1.078321,4.721046,1.158178,-0.802503,4.756331,0.485889,-0.678615,4.631036,0.791338,-0.513176,4.783541,0.574215,-0.029150,4.696499,0.195638,-0.295686,4.670610,0.482792,0.021931,4.682258,0.242986,-0.339155,4.723074
549,0.366407,-1.052420,4.423854,0.431083,-1.332134,4.243855,0.496421,-1.486008,4.324598,1.068554,-1.448898,4.824799,1.254868,-1.073168,4.720819,1.149619,-0.810478,4.763565,0.497081,-0.679908,4.623744,0.804457,-0.517682,4.783572,0.561870,-0.060768,4.730970,0.161683,-0.354778,4.672707,0.547332,0.123133,4.592358,0.225918,-0.328002,4.727818
550,0.373011,-1.059405,4.412966,0.444892,-1.343372,4.252869,0.503626,-1.481597,4.327757,1.068406,-1.451102,4.824064,1.252159,-1.103664,4.721233,1.157181,-0.804120,4.757067,0.496860,-0.672214,4.624886,0.795821,-0.510541,4.780107,0.565059,-0.033063,4.715373,0.158967,-0.327833,4.662399,0.508376,0.056844,4.657200,0.274477,-0.321490,4.726113
551,0.365727,-1.057084,4.412986,0.440574,-1.296999,4.261260,0.496317,-1.482413,4.326039,1.072072,-1.456634,4.828329,1.248879,-1.099434,4.721639,1.163384,-0.812183,4.755699,0.494400,-0.678149,4.624333,0.798551,-0.515602,4.781197,0.558834,-0.061563,4.721710,0.157907,-0.351542,4.666601,0.466563,-0.034060,4.730891,0.263920,-0.301004,4.717004
552,0.364432,-1.049900,4.419797,0.443464,-1.296396,4.274712,0.502582,-1.477448,4.334314,1.068753,-1.462771,4.822874,1.256088,-1.113529,4.727313,1.162591,-0.814843,4.758153,0.495772,-0.680743,4.627992,0.787550,-0.518802,4.782429,0.581298,-0.029283,4.691814,0.201721,-0.308197,4.708623,0.537044,0.153465,4.553901,0.303569,-0.244702,4.663013
553,0.359299,-1.047208,4.421116,0.443780,-1.288148,4.276173,0.500470,-1.475222,4.335122,1.060118,-1.457493,4.820796,1.253271,-1.103233,4.719351,1.159578,-0.813625,4.760242,0.490261,-0.681029,4.632695,0.785177,-0.524940,4.785897,0.570418,-0.052750,4.710126,0.183301,-0.345147,4.685829,0.494479,0.046676,4.655015,0.205447,-0.335051,4.733000
554,0.369077,-1.060557,4.426149,0.431779,-1.352501,4.252702,0.505540,-1.483468,4.325360,1.065234,-1.464388,4.826891,1.254476,-1.098995,4.728427,1.159560,-0.815804,4.762807,0.497643,-0.683450,4.618497,0.783890,-0.519677,4.778217,0.574976,-0.044611,4.705718,0.200829,-0.297490,4.703139,0.479939,0.027740,4.666381,0.266642,-0.290264,4.717452
555,0.352757,-1.041076,4.415582,0.438918,-1.273943,4.273761,0.501734,-1.466395,4.335394,1.062600,-1.442285,4.830503,1.247271,-1.072545,4.731735,1.144136,-0.811990,4.773649,0.482110,-0.663466,4.627265,0.780820,-0.504752,4.781849,0.587934,-0.034158,4.701973,0.193571,-0.309901,4.738171,0.411763,-0.178714,4.826291,0.301804,-0.315032,4.665465
556,0.373584,-1.054281,4.431806,0.429712,-1.317596,4.259838,0.501869,-1.467351,4.325387,1.061303,-1.464138,4.832608,1.251187,-1.116351,4.726505,1.157033,-0.818968,4.767504,0.487901,-0.658394,4.617369,0.797099,-0.511909,4.776664,0.545327,-0.079380,4.736666,0.221129,-0.311635,4.702346,0.468670,-0.020429,4.709329,0.325677,-0.235506,4.633120
557,0.364973,-1.046143,4.415965,0.428186,-1.324621,4.260416,0.507295,-1.449841,4.331338,1.054993,-1.456303,4.831940,1.245143,-1.121497,4.726987,1.153580,-0.815151,4.764616,0.492501,-0.662289,4.619243,0.791323,-0.512955,4.779181,0.583043,-0.039420,4.703795,0.204348,-0.322967,4.685155,0.529980,0.127831,4.590592,0.314032,-0.213134,4.637503
558,0.365738,-1.046837,4.420728,0.431995,-1.289452,4.274144,0.498005,-1.465811,4.331678,1.063051,-1.462596,4.824505,1.253937,-1.081667,4.722172,1.150311,-0.784254,4.762700,0.483939,-0.672456,4.622304,0.785301,-0.509372,4.776447,0.566039,-0.067492,4.722475,0.187243,-0.321306,4.702631,0.558318,0.146611,4.565142,0.255005,-0.264131,4.659235
559,0.363139,-1.039477,4.424894,0.419428,-1.335221,4.269327,0.499167,-1.458748,4.331020,1.061035,-1.458831,4.832223,1.250489,-1.083827,4.722239,1.146442,-0.786518,4.763198,0.481208,-0.662781,4.616619,0.780726,-0.504181,4.774328,0.578143,-0.017356,4.693240,0.187925,-0.302831,4.688660,0.581887,0.126820,4.595012,0.366029,-0.234686,4.637328
560,0.340925,-1.045699,4.430025,0.440187,-1.278507,4.279721,0.492093,-1.460986,4.332049,1.064475,-1.443561,4.827727,1.249290,-1.069858,4.725519,1.149446,-0.784817,4.760499,0.481025,-0.660311,4.622025,0.784451,-0.507726,4.782474,0.549287,-0.062821,4.734939,0.186699,-0.302568,4.694784,0.531489,0.041099,4.667763,0.321162,-0.233367,4.645620
561,0.369722,-1.062495,4.416454,0.432516,-1.330009,4.263491,0.496637,-1.481886,4.331636,1.065129,-1.454392,4.821447,1.260148,-1.089772,4.721020,1.155418,-0.788962,4.760129,0.476259,-0.681702,4.624697,0.781620,-0.516772,4.783399,0.606938,-0.016462,4.689400,0.195838,-0.314451,4.700004,0.517445,0.069023,4.638342,0.256179,-0.293725,4.704741
562,0.368024,-1.053888,4.431484,0.459507,-1.269258,4.258564,0.496150,-1.480894,4.326832,1.055830,-1.463077,4.819249,1.256742,-1.080974,4.712754,1.153145,-0.791996,4.751804,0.495392,-0.675829,4.621278,0.793733,-0.528044,4.781021,0.604301,-0.026963,4.691058,0.208522,-0.304965,4.666852,0.569057,0.203404,4.518382,0.387175,-0.222818,4.622949
563,0.362448,-1.048628,4.440285,0.432693,-1.292876,4.260578,0.484639,-1.489078,4.325405,1.051322,-1.458884,4.821064,1.248969,-1.120417,4.720652,1.148178,-0.824767,4.766971,0.482369,-0.686470,4.628381,0.787320,-0.522778,4.780306,0.584084,-0.059499,4.715168,0.155354,-0.346717,4.690586,0.557389,0.077921,4.616827,0.298185,-0.282909,4.647458
564,0.368663,-1.053735,4.424342,0.424500,-1.288992,4.255006,0.480971,-1.490706,4.326978,1.048154,-1.474636,4.821052,1.255805,-1.129025,4.723897,1.162875,-0.829824,4.761070,0.485546,-0.696580,4.625956,0.786277,-0.533338,4.781908,0.584848,-0.050227,4.716728,0.158004,-0.326274,4.687777,0.540357,0.077041,4.605066,0.255123,-0.296813,4.720766
565,0.389070,-1.062008,4.412714,0.409195,-1.325233,4.240301,0.475991,-1.500772,4.322396,1.056366,-1.488663,4.825735,1.259387,-1.100766,4.715568,1.157221,-0.798673,4.753489,0.488361,-0.686138,4.618700,0.793865,-0.538578,4.784821,0.574805,-0.083933,4.746667,0.163297,-0.321454,4.672754,0.579753,0.179449,4.534249,0.400772,-0.169280,4.629889
566,0.361523,-1.019407,4.415044,0.442968,-1.273905,4.264986,0.483378,-1.491966,4.330990,1.052487,-1.474111,4.820519,1.254090,-1.114860,4.714909,1.157353,-0.810773,4.754702,0.492408,-0.687905,4.625299,0.802028,-0.546207,4.788517,0.582583,-0.046575,4.707351,0.159667,-0.322733,4.688735,0.576810,0.069608,4.634374,0.343730,-0.283156,4.724102
567,0.370123,-1.045758,4.418083,0.427930,-1.281850,4.258815,0.485450,-1.481832,4.328205,1.052058,-1.476110,4.814096,1.266316,-1.105147,4.716611,1.152159,-0.817187,4.758813,0.487392,-0.691806,4.619153,0.798239,-0.541142,4.783909,0.596223,-0.053131,4.717632,0.159768,-0.332050,4.700550,0.575167,0.164167,4.543340,0.402564,-0.207598,4.649940
568,0.366725,-1.013026,4.421353,0.435326,-1.275599,4.268404,0.486422,-1.483479,4.327965,1.050240,-1.478349,4.819820,1.263984,-1.107375,4.713327,1.152573,-0.812246,4.754163,0.492024,-0.684681,4.619136,0.794609,-0.541223,4.783152,0.591599,-0.054233,4.716661,0.170303,-0.329867,4.696853,0.541793,0.096169,4.599700,0.335063,-0.223494,4.685567
569,0.367130,-1.014151,4.416501,0.444029,-1.277547,4.260339,0.473302,-1.497332,4.325469,1.054629,-1.478202,4.833438,1.235429,-1.121117,4.718867,1.150371,-0.817552,4.761058,0.489188,-0.688627,4.617392,0.800481,-0.546540,4.784209,0.568180,-0.074848,4.747499,0.198267,-0.303929,4.695716,0.495246,0.001892,4.688801,0.321665,-0.306762,4.719468
570,0.367038,-1.049656,4.430767,0.435141,-1.278331,4.272595,0.481265,-1.483824,4.333169,1.063724,-1.473170,4.832948,1.255688,-1.102033,4.720667,1.148815,-0.803278,4.764187,0.470618,-0.683676,4.627101,0.783050,-0.525740,4.779262,0.572895,-0.050691,4.730483,0.200832,-0.312522,4.720322,0.485524,-0.093066,4.764538,0.305549,-0.310226,4.709306
571,0.364872,-1.025879,4.423306,0.411033,-1.317966,4.240005,0.488673,-1.461970,4.326907,1.057973,-1.458024,4.827459,1.246287,-1.113963,4.725677,1.155067,-0.807731,4.757834,0.491584,-0.661266,4.616295,0.796931,-0.519800,4.776492,0.560456,-0.070084,4.724681,0.206219,-0.306479,4.679099,0.579760,0.145218,4.556830,0.357643,-0.261875,4.659184
572,0.368686,-1.049697,4.425484,0.420028,-1.329280,4.264168,0.489120,-1.476853,4.329553,1.063061,-1.467519,4.833622,1.253483,-1.101872,4.721887,1.153630,-0.792534,4.771269,0.479485,-0.664577,4.623701,0.787104,-0.518991,4.780343,0.547752,-0.064026,4.730603,0.195566,-0.315098,4.702307,0.570258,0.136152,4.576931,0.325320,-0.296827,4.656060
573,0.368078,-1.044029,4.418064,0.436086,-1.285804,4.273946,0.487509,-1.461886,4.325220,1.067770,-1.456000,4.829486,1.246362,-1.114558,4.717006,1.152920,-0.813701,4.759531,0.494532,-0.655886,4.617126,0.810473,-0.509214,4.777352,0.539824,-0.085543,4.753096,0.197519,-0.316019,4.699015,0.593453,0.132858,4.583006,0.321237,-0.271369,4.668443
574,0.362146,-1.021868,4.415558,0.458182,-1.254666,4.272847,0.481722,-1.487089,4.322681,1.066372,-1.457529,4.825746,1.249509,-1.077554,4.712909,1.157844,-0.808391,4.757739,0.495391,-0.675813,4.624651,0.799636,-0.527598,4.786418,0.557828,-0.074423,4.732217,0.198288,-0.322721,4.687447,0.582950,0.168976,4.530314,0.288881,-0.316047,4.711486
575,0.355449,-1.012874,4.406209,0.442095,-1.220083,4.283875,0.478142,-1.478758,4.321722,1.053915,-1.468466,4.825476,1.245908,-1.084810,4.712018,1.156281,-0.824732,4.759871,0.493612,-0.676952,4.625471,0.801225,-0.532559,4.790469,0.562122,-0.070073,4.755369,0.195902,-0.321025,4.694897,0.565568,0.167074,4.560881,0.305169,-0.310470,4.708495
576,0.365330,-1.060682,4.427127,0.424962,-1.304657,4.270004,0.482733,-1.469475,4.326084,1.048376,-1.471790,4.835348,1.255660,-1.102343,4.721973,1.148577,-0.816127,4.765502,0.494128,-0.661194,4.620806,0.803013,-0.520053,4.782825,0.601096,-0.059013,4.739586,0.182427,-0.329255,4.669030,0.580770,0.262278,4.477070,0.318891,-0.366921,4.713764
577,0.373141,-1.081442,4.403651,0.414274,-1.351729,4.274651,0.484905,-1.475405,4.326710,1.060174,-1.450481,4.822271,1.247651,-1.109425,4.715394,1.155524,-0.810483,4.760066,0.479607,-0.664164,4.634994,0.784597,-0.520502,4.787165,0.565914,-0.073090,4.725345,0.177645,-0.321703,4.718760,0.561422,0.187822,4.539247,0.285051,-0.334684,4.706442
578,0.366251,-1.050768,4.416369,0.445746,-1.274699,4.274789,0.475045,-1.486827,4.324752,1.050789,-1.466983,4.818511,1.258443,-1.108156,4.711430,1.150203,-0.816579,4.750923,0.486444,-0.678243,4.623283,0.792346,-0.539067,4.785902,0.550095,-0.065966,4.725345,0.163355,-0.347900,4.711153,0.613906,0.264666,4.452406,0.394786,-0.351513,4.704656
579,0.359699,-1.099063,4.417511,0.417723,-1.356234,4.267141,0.487916,-1.470237,4.325649,1.045473,-1.468098,4.824037,1.248761,-1.098259,4.714609,1.151754,-0.817106,4.760608,0.486428,-0.664510,4.625542,0.793927,-0.530845,4.786076,0.558723,-0.094408,4.771121,0.193527,-0.318486,4.701055,0.611380,0.267108,4.477665,0.411401,-0.307172,4.641086
580,0.369577,-1.050313,4.410978,0.417620,-1.315301,4.280060,0.481372,-1.486811,4.326954,1.052106,-1.476915,4.832421,1.268313,-1.104849,4.713877,1.147327,-0.807619,4.761003,0.483287,-0.661418,4.624854,0.789582,-0.515979,4.786975,0.566231,-0.057213,4.732141,0.191882,-0.324907,4.706386,0.575223,0.261429,4.480226,0.353560,-0.268780,4.653491
581,0.364796,-1.072167,4.424870,0.436085,-1.322538,4.267940,0.486425,-1.488400,4.324937,1.055787,-1.457319,4.821990,1.252149,-1.098160,4.704288,1.153908,-0.809511,4.754603,0.481603,-0.688772,4.630723,0.781990,-0.545154,4.788173,0.561154,-0.072610,4.730019,0.183859,-0.338918,4.709718,0.615685,0.287707,4.426953,0.425476,-0.297509,4.665087
582,0.364366,-1.094160,4.424794,0.406706,-1.382564,4.262711,0.484008,-1.493591,4.328172,1.050100,-1.477257,4.828265,1.258199,-1.119724,4.717582,1.152140,-0.824024,4.766004,0.472370,-0.683607,4.624116,0.775981,-0.536266,4.785648,0.546267,-0.089753,4.747171,0.146914,-0.344569,4.711349,0.607561,0.257452,4.461806,0.310923,-0.282572,4.656174
583,0.366371,-1.072623,4.425315,0.407845,-1.346715,4.259872,0.481535,-1.490598,4.322524,1.053020,-1.467223,4.823500,1.269026,-1.111088,4.719061,1.155802,-0.798949,4.755289,0.465409,-0.676451,4.618645,0.771650,-0.521134,4.779478,0.581727,-0.048967,4.711577,0.156322,-0.318736,4.710420,0.583958,0.145385,4.563822,0.427773,-0.201032,4.614082
584,0.368890,-1.071883,4.421091,0.396266,-1.344343,4.263889,0.483514,-1.479494,4.323393,1.063557,-1.455800,4.817896,1.256406,-1.088677,4.710859,1.155320,-0.785277,4.752301,0.468521,-0.671992,4.630738,0.788116,-0.516692,4.783182,0.560695,-0.079670,4.742451,0.186322,-0.330826,4.722510,0.526624,0.004991,4.697170,0.372355,-0.325826,4.709023
585,0.362643,-1.068152,4.412057,0.417335,-1.338276,4.269785,0.481423,-1.478491,4.318655,1.063340,-1.453804,4.820601,1.259580,-1.097167,4.710332,1.152644,-0.813488,4.760688,0.479364,-0.673203,4.630596,0.787215,-0.523517,4.784912,0.559930,-0.073392,4.737744,0.171625,-0.328971,4.686505,0.605791,0.267994,4.473712,0.343120,-0.237850,4.630025
586,0.370495,-1.048660,4.409088,0.417396,-1.287287,4.282353,0.475744,-1.484519,4.315187,1.058020,-1.475243,4.822302,1.262170,-1.089936,4.707609,1.143680,-0.818736,4.759660,0.486172,-0.667362,4.632429,0.808663,-0.522604,4.791049,0.543676,-0.080429,4.741042,0.170477,-0.324290,4.686396,0.580566,0.212244,4.500953,0.357425,-0.289809,4.686690
587,0.367267,-1.047695,4.411214,0.427388,-1.283137,4.267532,0.482933,-1.484776,4.319854,1.061207,-1.467050,4.821996,1.260023,-1.045614,4.701523,1.143270,-0.790354,4.753157,0.480419,-0.683695,4.629435,0.800129,-0.527061,4.788634,0.540654,-0.090861,4.739311,0.154936,-0.333102,4.696140,0.570720,0.197209,4.510502,0.366474,-0.191536,4.626347
588,0.377453,-0.995742,4.414518,0.459312,-1.209490,4.279360,0.477975,-1.474706,4.323399,1.056641,-1.475763,4.819212,1.253790,-1.067430,4.711363,1.150605,-0.813811,4.760007,0.491325,-0.681278,4.627282,0.804924,-0.539255,4.791683,0.585160,-0.065572,4.729915,0.191354,-0.316300,4.702182,0.500215,0.113759,4.591173,0.352169,-0.271066,4.688304
589,0.377115,-1.038198,4.416152,0.423397,-1.284039,4.275484,0.475366,-1.482986,4.316280,1.056946,-1.474408,4.823091,1.261863,-1.074445,4.704506,1.158164,-0.806575,4.754767,0.479738,-0.686781,4.636460,0.794787,-0.536336,4.796191,0.585438,-0.075428,4.729049,0.161692,-0.344629,4.694365,0.439005,0.004668,4.685064,0.386459,-0.299921,4.699744
590,0.383216,-1.043376,4.413533,0.426839,-1.300440,4.268237,0.484585,-1.481796,4.318197,1.061795,-1.463841,4.819304,1.254174,-1.048533,4.703280,1.142913,-0.806765,4.760139,0.474191,-0.680167,4.629009,0.787583,-0.521011,4.785443,0.599353,-0.055765,4.715792,0.137675,-0.354012,4.717579,0.430266,-0.008967,4.709044,0.235992,-0.305807,4.689600
591,0.376379,-1.017417,4.418603,0.433695,-1.287743,4.282373,0.488318,-1.474735,4.318922,1.068133,-1.474044,4.819831,1.255630,-1.070455,4.708815,1.146238,-0.790562,4.754456,0.491275,-0.677391,4.623335,0.805253,-0.529460,4.782536,0.583279,-0.061941,4.715489,0.186254,-0.338893,4.714626,0.595835,0.225480,4.491922,0.275193,-0.340232,4.750156
592,0.375177,-1.001207,4.418106,0.424326,-1.288771,4.273227,0.488030,-1.480946,4.323218,1.066610,-1.463419,4.812363,1.258893,-1.046372,4.698616,1.149294,-0.793638,4.752034,0.489426,-0.683450,4.631732,0.790182,-0.540614,4.792440,0.575894,-0.067925,4.736011,0.158107,-0.366991,4.692638,0.603663,0.293583,4.445670,0.384962,-0.268522,4.643509
593,0.367135,-1.021521,4.411580,0.425209,-1.313936,4.273432,0.498581,-1.474127,4.317121,1.067477,-1.462794,4.808638,1.253649,-1.055453,4.717066,1.151651,-0.768751,4.751767,0.497116,-0.669595,4.635382,0.805826,-0.507005,4.786235,0.594317,-0.076477,4.741310,0.186374,-0.326103,4.717770,0.567953,0.163358,4.568789,0.252451,-0.314397,4.702239
594,0.365730,-1.035478,4.418935,0.421146,-1.318677,4.264738,0.487731,-1.491933,4.317998,1.062625,-1.485021,4.820636,1.258569,-1.040729,4.703510,1.145669,-0.775583,4.748049,0.487318,-0.687119,4.627580,0.797071,-0.534165,4.786717,0.619470,-0.034050,4.691472,0.188363,-0.329614,4.707506,0.574304,0.215144,4.507747,0.311657,-0.258189,4.658462
595,0.369339,-1.016287,4.426218,0.434609,-1.231297,4.275146,0.486169,-1.471610,4.320065,1.059961,-1.478992,4.823602,1.242679,-1.068292,4.709036,1.155356,-0.793832,4.750026,0.483399,-0.684222,4.626066,0.787420,-0.528261,4.787555,0.571040,-0.070628,4.722900,0.161379,-0.349163,4.710927,0.573336,0.174068,4.561239,0.246469,-0.332528,4.676943
596,0.361516,-1.030161,4.431333,0.419468,-1.288410,4.256481,0.490734,-1.475898,4.327579,1.070960,-1.458498,4.813704,1.239056,-1.082490,4.711040,1.152005,-0.813369,4.755889,0.467034,-0.683579,4.624620,0.772020,-0.510342,4.781092,0.548155,-0.078161,4.741395,0.178813,-0.318466,4.708173,0.577216,0.117970,4.602454,0.225696,-0.292145,4.677297
597,0.350628,-1.034819,4.413467,0.397705,-1.384118,4.267721,0.512046,-1.442538,4.324667,1.057461,-1.471538,4.824130,1.244333,-1.106188,4.721392,1.148141,-0.810475,4.762717,0.494746,-0.644466,4.625150,0.803202,-0.500342,4.779312,0.550535,-0.064995,4.734859,0.161546,-0.343604,4.732683,0.632006,0.264900,4.488068,0.367704,-0.291353,4.674102
598,0.370350,-1.008452,4.418767,0.426468,-1.283565,4.269747,0.493261,-1.457877,4.313874,1.064068,-1.472005,4.823767,1.243330,-1.102719,4.718886,1.146530,-0.804649,4.760227,0.494032,-0.664126,4.627063,0.810614,-0.508736,4.782037,0.571623,-0.050436,4.727239,0.190661,-0.323839,4.710347,0.571418,0.195672,4.528130,0.293628,-0.370583,4.716962
599,0.373852,-1.021228,4.411051,0.413265,-1.278547,4.251667,0.490617,-1.477617,4.304300,1.060767,-1.487708,4.803157,1.253519,-1.060265,4.720636,1.149099,-0.788379,4.758889,0.492954,-0.683057,4.625287,0.804893,-0.531527,4.783879,0.588945,-0.097482,4.741485,0.150317,-0.356002,4.706636,0.599326,0.235942,4.473959,0.328352,-0.323840,4.726791
600,0.381419,-1.036286,4.405280,0.420114,-1.308400,4.272506,0.486321,-1.480122,4.302321,1.060492,-1.481182,4.809834,1.258243,-1.051582,4.720487,1.138905,-0.774475,4.755068,0.489501,-0.665745,4.620033,0.807363,-0.513846,4.774831,0.559509,-0.074559,4.728473,0.180231,-0.315056,4.705256,0.634875,0.245641,4.488068,0.275177,-0.325428,4.718703
601,0.385268,-1.016255,4.417220,0.458652,-1.218070,4.291329,0.490962,-1.469336,4.305533,1.059376,-1.489907,4.802516,1.251636,-1.064154,4.717502,1.140834,-0.802861,4.758462,0.496780,-0.670243,4.628283,0.801786,-0.530214,4.783466,0.568488,-0.077961,4.734046,0.202329,-0.324366,4.717746,0.592803,0.202141,4.525181,0.323383,-0.278208,4.667070
602,0.379975,-1.032772,4.408815,0.424359,-1.299707,4.269424,0.489593,-1.485475,4.300016,1.060790,-1.507132,4.809494,1.252507,-1.057412,4.721361,1.143803,-0.786134,4.759814,0.502083,-0.672667,4.625954,0.818361,-0.534376,4.786719,0.583480,-0.084349,4.727791,0.164872,-0.350011,4.701688,0.503637,0.089850,4.616417,0.364383,-0.316269,4.680961
603,0.354078,-1.055236,4.426769,0.417433,-1.320426,4.257777,0.491378,-1.503669,4.304042,1.061750,-1.495565,4.794575,1.257520,-1.066885,4.715506,1.139401,-0.767685,4.759874,0.477719,-0.695249,4.635488,0.799143,-0.535277,4.784736,0.572633,-0.086155,4.734575,0.163825,-0.319556,4.724654,0.530047,0.139216,4.567579,0.262801,-0.331966,4.757351
604,0.366630,-0.988967,4.414777,0.412802,-1.182406,4.273952,0.502855,-1.467168,4.300785,1.060302,-1.513755,4.800489,1.256623,-1.055594,4.722748,1.138523,-0.773192,4.755304,0.515364,-0.675420,4.624100,0.823193,-0.550327,4.789635,0.576895,-0.060201,4.706159,0.172811,-0.344480,4.724573,0.575142,0.238716,4.466174,0.384571,-0.312798,4.711939
605,0.362761,-1.021737,4.410934,0.431799,-1.298505,4.256296,0.499648,-1.500613,4.302868,1.065048,-1.495511,4.791481,1.247766,-1.052959,4.718376,1.142795,-0.776165,4.759176,0.494388,-0.694436,4.625569,0.802784,-0.544188,4.780431,0.594857,-0.048413,4.710840,0.161779,-0.336414,4.704970,0.526905,0.109911,4.595806,0.339262,-0.327780,4.741938
606,0.356666,-1.031348,4.425698,0.454387,-1.217466,4.266086,0.498786,-1.497242,4.304669,1.053487,-1.522373,4.793150,1.249777,-1.076651,4.716812,1.138840,-0.788497,4.759052,0.498705,-0.704244,4.624623,0.804184,-0.555592,4.781729,0.569452,-0.065524,4.715476,0.160377,-0.348228,4.728288,0.591057,0.242971,4.455583,0.303490,-0.274524,4.727056
607,0.350777,-1.040678,4.415433,0.419759,-1.227531,4.259954,0.496943,-1.504349,4.285293,1.049719,-1.520810,4.793142,1.262624,-1.086839,4.720667,1.135686,-0.799317,4.757466,0.510029,-0.703927,4.626772,0.823262,-0.557311,4.788049,0.573515,-0.065894,4.715950,0.199311,-0.332775,4.718904,0.555794,0.199764,4.509195,0.273152,-0.325789,4.807224
608,0.352078,-1.016637,4.415812,0.387446,-1.244678,4.253534,0.493163,-1.515678,4.290087,1.055000,-1.519783,4.791476,1.251860,-1.065076,4.726553,1.138222,-0.797902,4.763248,0.498912,-0.699756,4.626248,0.819076,-0.565557,4.785892,0.585004,-0.076023,4.724953,0.172338,-0.341628,4.729681,0.612758,0.270670,4.448108,0.493323,-0.159441,4.651065
609,0.355451,-1.023903,4.415755,0.431789,-1.227443,4.271132,0.489670,-1.527150,4.286004,1.060463,-1.518570,4.790393,1.238693,-1.071457,4.724500,1.143287,-0.795662,4.766265,0.484090,-0.703935,4.630860,0.810190,-0.555700,4.780980,0.568883,-0.081007,4.718238,0.184815,-0.310390,4.704569,0.602057,0.211384,4.496607,0.387382,-0.378463,4.783891
610,0.358156,-1.027888,4.412542,0.421745,-1.281956,4.259179,0.492647,-1.531209,4.289231,1.061319,-1.529322,4.802660,1.252116,-1.073922,4.723625,1.137565,-0.792483,4.763611,0.484139,-0.705853,4.642376,0.807960,-0.541609,4.791224,0.537100,-0.072869,4.725108,0.176901,-0.334851,4.719427,0.522649,0.076745,4.631022,0.236823,-0.379111,4.789622
611,0.350200,-1.043839,4.419359,0.412346,-1.251284,4.257002,0.503546,-1.522952,4.283751,1.066659,-1.516530,4.791499,1.263663,-1.045870,4.726136,1.146444,-0.778439,4.754000,0.508653,-0.714834,4.629419,0.833795,-0.555094,4.785888,0.551031,-0.085328,4.732314,0.166404,-0.350745,4.748080,0.559036,0.192436,4.516319,0.302054,-0.316690,4.803756
612,0.346195,-1.040068,4.419402,0.410348,-1.259606,4.251392,0.496319,-1.550635,4.282717,1.057602,-1.532694,4.795676,1.246834,-1.070766,4.731325,1.144446,-0.797730,4.767179,0.484205,-0.731460,4.627665,0.803827,-0.567693,4.792640,0.579727,-0.082755,4.725199,0.165363,-0.323784,4.706275,0.500679,0.112643,4.597263,0.306877,-0.172666,4.673414
613,0.351186,-1.063255,4.420449,0.429315,-1.247587,4.258274,0.518270,-1.534746,4.286718,1.063511,-1.523066,4.787463,1.255357,-1.066577,4.731698,1.135403,-0.788546,4.764788,0.499816,-0.722974,4.617115,0.819844,-0.543008,4.772605,0.540443,-0.068641,4.725949,0.168407,-0.331545,4.714828,0.409034,-0.257897,4.917428,0.202292,-0.380946,4.822600
614,0.351744,-1.063796,4.410960,0.431071,-1.236933,4.249413,0.515123,-1.529507,4.286258,1.059051,-1.536978,4.795744,1.265649,-1.070650,4.731207,1.150968,-0.776977,4.764501,0.518782,-0.714060,4.627487,0.837353,-0.579771,4.797932,0.543595,-0.070648,4.723814,0.167788,-0.355356,4.741472,0.551811,0.126132,4.570967,0.378597,-0.432047,4.866190
615,0.353391,-1.066216,4.419561,0.423442,-1.239487,4.256574,0.504365,-1.551356,4.280763,1.070245,-1.512550,4.787791,1.240656,-1.056338,4.721010,1.148003,-0.794351,4.770591,0.508851,-0.746368,4.624114,0.827660,-0.575360,4.784749,0.571656,-0.075368,4.718578,0.170384,-0.343432,4.731170,0.514416,0.081990,4.620854,0.256774,-0.315594,4.805982
616,0.365129,-1.080852,4.416393,0.425803,-1.321924,4.239105,0.504178,-1.536358,4.280616,1.064059,-1.527526,4.792635,1.241250,-1.050642,4.727476,1.132668,-0.786348,4.758078,0.494508,-0.721968,4.622321,0.816968,-0.547017,4.782778,0.551914,-0.062212,4.711245,0.186917,-0.321892,4.697660,0.537168,0.001594,4.693434,0.404083,-0.412341,4.815614
617,0.354541,-1.049513,4.426775,0.419833,-1.262374,4.258883,0.502037,-1.550532,4.292776,1.063743,-1.529629,4.790644,1.229074,-1.090830,4.737594,1.137147,-0.798146,4.764267,0.485979,-0.727734,4.629219,0.809060,-0.559190,4.787659,0.527873,-0.080508,4.730500,0.176057,-0.321014,4.701186,0.534199,-0.138007,4.809826,0.401044,-0.439608,4.817279
618,0.351536,-1.056128,4.424720,0.415026,-1.256839,4.268267,0.509658,-1.521201,4.290512,1.071479,-1.518968,4.792830,1.236554,-1.072022,4.735417,1.134043,-0.797529,4.770144,0.487427,-0.719387,4.631880,0.802770,-0.539385,4.780924,0.540030,-0.077825,4.718084,0.158485,-0.336042,4.728338,0.456885,-0.018344,4.724896,0.226433,-0.351618,4.803079
619,0.361671,-1.087829,4.432755,0.433415,-1.306569,4.246786,0.513945,-1.531756,4.282654,1.069794,-1.518519,4.779460,1.248866,-1.054154,4.726149,1.144629,-0.784469,4.760652,0.497948,-0.711069,4.617155,0.817449,-0.547023,4.768579,0.542308,-0.059991,4.709197,0.192835,-0.307311,4.691279,0.518325,0.019977,4.674917,0.226990,-0.364682,4.824331
620,0.351470,-1.080314,4.424857,0.437218,-1.344358,4.260421,0.506023,-1.538568,4.288393,1.063305,-1.516074,4.793979,1.245872,-1.074153,4.726482,1.128524,-0.798131,4.767228,0.490399,-0.726766,4.640056,0.805059,-0.563404,4.800058,0.508941,-0.078741,4.727375,0.161816,-0.342297,4.718495,0.563443,0.082909,4.606117,0.324376,-0.457048,4.834368
621,0.355477,-1.121108,4.432369,0.429163,-1.313669,4.247081,0.508620,-1.546685,4.283357,1.063268,-1.528318,4.787342,1.262617,-1.068486,4.732804,1.144557,-0.787240,4.758508,0.494045,-0.727246,4.619079,0.809619,-0.555303,4.779323,0.534911,-0.072188,4.730947,0.148155,-0.327226,4.719762,0.504942,-0.021532,4.728465,0.252462,-0.355365,4.811582
622,0.350976,-1.053321,4.424464,0.428850,-1.246495,4.245724,0.497860,-1.545429,4.280450,1.061983,-1.511407,4.787565,1.250564,-1.053216,4.723822,1.144021,-0.785292,4.757611,0.504723,-0.728640,4.621519,0.824611,-0.566523,4.789214,0.545499,-0.076513,4.727527,0.178169,-0.337010,4.713265,0.517877,0.087262,4.613981,0.300093,-0.390285,4.845212
623,0.346374,-1.057169,4.430173,0.393921,-1.277802,4.249605,0.492738,-1.542907,4.279830,1.063593,-1.517859,4.782337,1.260429,-1.060548,4.729422,1.138403,-0.782915,4.754948,0.493703,-0.726608,4.615370,0.821957,-0.554537,4.781883,0.554018,-0.077877,4.722428,0.198635,-0.304965,4.685406,0.525345,0.103555,4.612905,0.279154,-0.376798,4.796395
624,0.357962,-1.041289,4.415839,0.413595,-1.242224,4.247886,0.498737,-1.557325,4.284673,1.052883,-1.536623,4.792705,1.250972,-1.065037,4.733563,1.143015,-0.782964,4.758378,0.499888,-0.733520,4.623526,0.814788,-0.571582,4.793029,0.550593,-0.072276,4.717383,0.187428,-0.340851,4.705151,0.458494,-0.031103,4.708519,0.337703,-0.383819,4.818247
625,0.354272,-1.055118,4.419602,0.449187,-1.239985,4.254848,0.509252,-1.519062,4.289524,1.052174,-1.533620,4.790961,1.256335,-1.055089,4.732722,1.138398,-0.786707,4.759306,0.509010,-0.702901,4.624389,0.818185,-0.554154,4.787017,0.544244,-0.069262,4.713233,0.202443,-0.298737,4.696963,0.547043,0.143159,4.543828,0.390762,-0.354729,4.799123
626,0.357170,-1.025375,4.417586,0.422100,-1.261140,4.258029,0.500595,-1.557160,4.284507,1.059005,-1.528763,4.788276,1.248846,-1.065319,4.726796,1.144411,-0.778837,4.752787,0.491617,-0.740163,4.630544,0.803692,-0.568558,4.792749,0.549922,-0.086209,4.736246,0.165912,-0.347831,4.703210,0.490522,0.111570,4.597047,0.317481,-0.200630,4.697523
627,0.346893,-1.035810,4.411479,0.419249,-1.245050,4.242346,0.499273,-1.543084,4.278242,1.053048,-1.544497,4.795263,1.240260,-1.068588,4.727539,1.137774,-0.792363,4.763322,0.498853,-0.727808,4.627977,0.819746,-0.570435,4.791468,0.558085,-0.070333,4.721165,0.170365,-0.332837,4.700288,0.456973,0.059475,4.644374,0.293538,-0.342699,4.801863
628,0.359981,-1.025388,4.419864,0.412329,-1.249897,4.270007,0.494000,-1.552145,4.284598,1.062148,-1.533287,4.796128,1.239685,-1.064632,4.733083,1.144414,-0.773546,4.762098,0.477020,-0.730843,4.637320,0.802297,-0.558841,4.791311,0.585238,-0.053871,4.695570,0.159123,-0.321758,4.714372,0.384679,-0.040566,4.736305,0.407436,-0.234248,4.709008
629,0.348189,-1.057023,4.423571,0.429777,-1.309383,4.252250,0.502756,-1.545411,4.286014,1.061779,-1.521295,4.784077,1.263647,-1.059609,4.722834,1.145977,-0.763064,4.756435,0.492158,-0.713716,4.634947,0.802218,-0.533396,4.777935,0.535518,-0.079223,4.722423,0.204386,-0.323333,4.713236,0.510740,0.076170,4.637826,0.180569,-0.368851,4.811604
630,0.353086,-1.042607,4.431034,0.414689,-1.248694,4.259269,0.513717,-1.526892,4.278278,1.057984,-1.540926,4.778786,1.258506,-1.069125,4.725733,1.144319,-0.773624,4.763089,0.492191,-0.722123,4.629180,0.798538,-0.551603,4.784886,0.546519,-0.082401,4.725105,0.191913,-0.339528,4.715203,0.533329,0.171261,4.541035,0.260807,-0.268359,4.736244
631,0.362464,-1.036923,4.421651,0.432091,-1.235746,4.259647,0.514428,-1.543999,4.285155,1.059683,-1.538185,4.791919,1.243556,-1.072071,4.730686,1.141212,-0.795174,4.766965,0.489723,-0.729885,4.637860,0.792250,-0.562366,4.794243,0.544792,-0.070335,4.724490,0.179527,-0.320779,4.716325,0.546678,0.172513,4.539878,0.299247,-0.312747,4.763923
632,0.352580,-1.060481,4.413506,0.408279,-1.261520,4.257967,0.508749,-1.532610,4.283467,1.057742,-1.541668,4.785888,1.246342,-1.061661,4.733157,1.150557,-0.764489,4.754570,0.500429,-0.714949,4.630671,0.810806,-0.563221,4.786766,0.550796,-0.074611,4.736615,0.202559,-0.295839,4.690121,0.570500,0.198839,4.510618,0.297065,-0.352616,4.765897
633,0.348946,-1.034757,4.418439,0.440425,-1.176772,4.261760,0.505443,-1.525059,4.277931,1.059756,-1.550661,4.784867,1.239360,-1.063031,4.730497,1.144171,-0.767030,4.763171,0.490464,-0.724701,4.638304,0.805493,-0.555169,4.788526,0.561336,-0.077437,4.729551,0.198234,-0.310473,4.699876,0.498608,0.021191,4.686104,0.200571,-0.374623,4.815751
634,0.356987,-1.052896,4.410131,0.445472,-1.227508,4.258285,0.518762,-1.532022,4.273648,1.061760,-1.548210,4.778317,1.248615,-1.054109,4.734398,1.145573,-0.756689,4.751628,0.506236,-0.717622,4.625271,0.814950,-0.553384,4.781435,0.566814,-0.074416,4.724442,0.201265,-0.316321,4.693573,0.557634,0.107037,4.600640,0.214810,-0.390983,4.834707
635,0.360581,-1.074507,4.433231,0.443467,-1.250039,4.260478,0.518471,-1.536826,4.276886,1.052692,-1.566779,4.792514,1.240807,-1.089996,4.734249,1.133739,-0.798992,4.764784,0.496667,-0.714709,4.633797,0.798669,-0.563661,4.791358,0.576656,-0.065468,4.723186,0.212771,-0.310222,4.703451,0.511613,0.123419,4.592796,0.308812,-0.305611,4.742345
636,0.365517,-1.057728,4.411353,0.432614,-1.215202,4.259251,0.522576,-1.527725,4.276411,1.058465,-1.556236,4.774269,1.253290,-1.059963,4.733512,1.146609,-0.783651,4.758550,0.506524,-0.712071,4.624620,0.813823,-0.558259,4.780046,0.544416,-0.069838,4.724412,0.192984,-0.308115,4.693707,0.568583,0.160844,4.559386,0.402184,-0.315813,4.771293
637,0.363445,-1.076565,4.421344,0.469910,-1.248903,4.258951,0.522804,-1.540862,4.275635,1.055181,-1.557240,4.787016,1.241234,-1.081522,4.733841,1.137592,-0.788498,4.763496,0.502979,-0.720089,4.634745,0.807247,-0.564216,4.792087,0.572813,-0.047204,4.709329,0.178154,-0.319876,4.709229,0.544857,0.104740,4.612080,0.340935,-0.359021,4.799534
638,0.366772,-1.031661,4.425769,0.452283,-1.182546,4.267190,0.513205,-1.538855,4.275701,1.059904,-1.558262,4.799468,1.243111,-1.067646,4.733967,1.142533,-0.786852,4.764784,0.496001,-0.727886,4.634531,0.796000,-0.558949,4.790128,0.562122,-0.080214,4.731727,0.169984,-0.307066,4.702997,0.540506,0.143864,4.561567,0.252889,-0.304383,4.771101
639,0.360508,-1.070192,4.426162,0.442153,-1.219150,4.265046,0.511687,-1.551469,4.278139,1.071760,-1.520422,4.784429,1.249946,-1.030679,4.727228,1.149952,-0.765156,4.755157,0.497113,-0.722803,4.635997,0.801137,-0.560577,4.793268,0.543375,-0.055784,4.715010,0.199009,-0.289859,4.683774,0.570794,0.090383,4.608541,0.308309,-0.354309,4.772456
640,0.342801,-1.058427,4.420049,0.472421,-1.225055,4.258281,0.523520,-1.527272,4.273948,1.066097,-1.530949,4.781473,1.248876,-1.049072,4.736474,1.142758,-0.761245,4.756392,0.509856,-0.702927,4.616261,0.811014,-0.539406,4.772173,0.550621,-0.060839,4.718507,0.195303,-0.307226,4.690506,0.568069,0.168740,4.558825,0.389244,-0.269085,4.733490
641,0.359245,-1.030748,4.420195,0.442775,-1.191543,4.252731,0.508940,-1.542843,4.270436,1.057562,-1.558014,4.789861,1.247009,-1.074967,4.733463,1.133911,-0.781422,4.759317,0.504725,-0.724542,4.629032,0.824983,-0.573305,4.797709,0.558455,-0.051533,4.712349,0.180801,-0.321070,4.707028,0.527414,0.061008,4.628556,0.342995,-0.448431,4.843097
642,0.335758,-1.030022,4.418688,0.467187,-1.183018,4.265816,0.517240,-1.523368,4.278064,1.053192,-1.552190,4.784585,1.259213,-1.057679,4.728768,1.140068,-0.755363,4.756907,0.512348,-0.710547,4.631063,0.820413,-0.557884,4.785998,0.578832,-0.060771,4.716740,0.195444,-0.284543,4.702887,0.596056,0.187938,4.515100,0.432854,-0.272583,4.763880
643,0.366580,-1.074960,4.419404,0.415664,-1.275265,4.262408,0.498671,-1.567380,4.274407,1.057466,-1.535455,4.792509,1.255096,-1.055470,4.725339,1.152646,-0.756385,4.750019,0.478766,-0.758896,4.639603,0.799592,-0.573420,4.801689,0.576268,-0.073848,4.732680,0.196423,-0.316501,4.697029,0.473082,-0.018358,4.704521,0.236483,-0.256398,4.749863
644,0.358184,-1.047674,4.426487,0.449526,-1.176521,4.266560,0.517600,-1.529848,4.286327,1.053500,-1.548082,4.789982,1.252962,-1.064135,4.733191,1.141870,-0.760570,4.750381,0.507798,-0.719689,4.632713,0.810058,-0.552461,4.788704,0.606240,-0.036330,4.697380,0.203837,-0.312010,4.692232,0.406157,-0.094093,4.782738,0.315650,-0.381215,4.828696
645,0.362436,-1.036318,4.413051,0.446432,-1.179117,4.261805,0.507425,-1.532089,4.273067,1.056073,-1.539800,4.789564,1.248808,-1.054991,4.735640,1.132625,-0.777067,4.760199,0.500463,-0.709368,4.621584,0.805960,-0.538781,4.774980,0.571274,-0.055917,4.710550,0.183668,-0.306656,4.688341,0.414506,-0.036197,4.737867,0.286192,-0.340800,4.789724
646,0.367383,-1.031173,4.415375,0.466478,-1.225967,4.256444,0.514341,-1.534328,4.280518,1.052568,-1.536317,4.791758,1.245149,-1.065247,4.734506,1.138397,-0.790706,4.758613,0.498992,-0.718648,4.628320,0.804375,-0.555426,4.786408,0.568864,-0.024466,4.698738,0.184493,-0.305940,4.685223,0.551481,0.079874,4.627544,0.406961,-0.338368,4.766206
647,0.354229,-1.017452,4.417830,0.452991,-1.169855,4.256046,0.510139,-1.542065,4.282902,1.049409,-1.558773,4.787810,1.254938,-1.057963,4.731131,1.146165,-0.773263,4.758035,0.503948,-0.719834,4.628887,0.815850,-0.565298,4.788090,0.546704,-0.070638,4.710882,0.187481,-0.313868,4.703364,0.548933,0.119226,4.583508,0.393990,-0.287839,4.758336
648,0.354245,-1.060388,4.421875,0.424424,-1.239575,4.261141,0.512777,-1.543698,4.282401,1.060654,-1.536733,4.795577,1.246154,-1.050320,4.731868,1.138478,-0.781958,4.766101,0.495124,-0.714284,4.632444,0.802349,-0.545863,4.785272,0.554529,-0.037652,4.701020,0.195826,-0.293232,4.694191,0.471622,0.048887,4.651824,0.430424,-0.280527,4.731193
649,0.355584,-1.057985,4.410206,0.425446,-1.225747,4.250351,0.499154,-1.541627,4.267360,1.066296,-1.535830,4.780437,1.261257,-1.039160,4.725080,1.145008,-0.751648,4.751308,0.502914,-0.714372,4.625520,0.821214,-0.544037,4.779083,0.547265,-0.061751,4.715146,0.154972,-0.332321,4.725786,0.564122,0.100914,4.597089,0.293048,-0.331537,4.799578
650,0.352441,-1.057993,4.405567,0.460797,-1.238866,4.262818,0.502794,-1.549877,4.274764,1.045096,-1.552590,4.790253,1.251017,-1.057908,4.727120,1.138366,-0.784823,4.759949,0.504232,-0.724142,4.627443,0.810381,-0.560684,4.788228,0.561507,-0.077728,4.722819,0.197083,-0.290562,4.697795,0.527468,0.118958,4.586788,0.354253,-0.185285,4.694757
651,0.352025,-1.059478,4.412538,0.455371,-1.250366,4.258209,0.509850,-1.545886,4.280365,1.052337,-1.544059,4.795053,1.237999,-1.061633,4.737309,1.133614,-0.784043,4.764339,0.500737,-0.726447,4.642807,0.815592,-0.552247,4.790620,0.571778,-0.054125,4.719864,0.223165,-0.297958,4.696435,0.484822,0.041540,4.660687,0.330528,-0.387495,4.797870
652,0.359369,-1.015653,4.406103,0.444800,-1.178252,4.266369,0.503698,-1.547615,4.275814,1.059893,-1.543734,4.786259,1.259115,-1.052063,4.728878,1.137136,-0.784051,4.761456,0.503464,-0.708258,4.627978,0.810296,-0.551766,4.784529,0.575091,-0.041138,4.705483,0.193962,-0.293505,4.690831,0.547473,0.170048,4.535669,0.371965,-0.304151,4.752316
653,0.366908,-1.009306,4.412364,0.453488,-1.170969,4.265530,0.507506,-1.535048,4.280586,1.045740,-1.549008,4.793262,1.244849,-1.053171,4.717155,1.146676,-0.770338,4.756841,0.488269,-0.709228,4.639597,0.794439,-0.546542,4.783482,0.544792,-0.073471,4.725535,0.179920,-0.300790,4.710197,0.545612,0.158343,4.531508,0.408653,-0.194668,4.655607
654,0.353674,-1.057209,4.412016,0.445546,-1.245827,4.262060,0.518626,-1.532073,4.281448,1.048627,-1.552901,4.798119,1.239335,-1.067471,4.732616,1.134089,-0.775337,4.772738,0.503793,-0.725788,4.642151,0.804930,-0.566307,4.794103,0.547548,-0.087160,4.741979,0.207752,-0.304560,4.700329,0.552385,0.177083,4.538974,0.377552,-0.225652,4.702445
655,0.359775,-1.009043,4.405411,0.445845,-1.178323,4.267136,0.511166,-1.515241,4.278803,1.044420,-1.556828,4.795933,1.250458,-1.056855,4.727131,1.146495,-0.770197,4.769993,0.495028,-0.704586,4.645028,0.799269,-0.545878,4.793541,0.531278,-0.074660,4.736937,0.182042,-0.306980,4.708584,0.579439,0.176330,4.536294,0.395558,-0.192917,4.684828
656,0.360307,-1.004875,4.415889,0.441879,-1.227661,4.257850,0.505638,-1.555411,4.274997,1.045825,-1.565198,4.782640,1.256866,-1.065880,4.728839,1.139529,-0.774513,4.761730,0.504003,-0.734860,4.629447,0.806027,-0.577192,4.797960,0.569229,-0.087806,4.735726,0.197746,-0.335650,4.716084,0.524823,0.111540,4.593702,0.358249,-0.220416,4.738310
657,0.371429,-1.028024,4.422672,0.440563,-1.248536,4.250690,0.514352,-1.535705,4.276652,1.046943,-1.544108,4.780452,1.256537,-1.071094,4.728714,1.150131,-0.784146,4.765550,0.507824,-0.718599,4.627405,0.811933,-0.562201,4.785971,0.576937,-0.075274,4.719461,0.206135,-0.300982,4.692458,0.535742,0.150263,4.553287,0.404317,-0.172895,4.690789
658,0.357365,-1.078019,4.419241,0.455065,-1.254401,4.253468,0.513752,-1.543273,4.278176,1.048461,-1.541404,4.788677,1.249001,-1.073419,4.737949,1.142848,-0.796790,4.770467,0.509339,-0.723155,4.624585,0.814204,-0.561019,4.783608,0.569662,-0.065995,4.718683,0.200155,-0.298249,4.693593,0.529872,0.140690,4.564666,0.371388,-0.186359,4.690546
659,0.358419,-1.010696,4.410402,0.449588,-1.177523,4.263512,0.510795,-1.528602,4.278862,1.051752,-1.555645,4.788269,1.259632,-1.056614,4.731712,1.148215,-0.756588,4.759378,0.517813,-0.719529,4.622793,0.828606,-0.578424,4.787562,0.569906,-0.075826,4.733890,0.210433,-0.302630,4.697832,0.585610,0.184319,4.529244,0.416694,-0.242937,4.753669
660,0.353542,-1.008544,4.420226,0.445013,-1.181541,4.265525,0.505828,-1.525006,4.286180,1.048255,-1.538589,4.780413,1.265002,-1.054181,4.728937,1.151480,-0.763541,4.754542,0.508487,-0.706539,4.622013,0.819783,-0.556311,4.779139,0.590960,-0.047420,4.708599,0.187412,-0.298678,4.721981,0.477111,-0.039448,4.734821,0.408692,-0.395522,4.849388
661,0.355403,-1.010618,4.419475,0.445540,-1.168696,4.262533,0.509939,-1.508855,4.276627,1.043505,-1.548350,4.791429,1.251598,-1.069175,4.728568,1.137323,-0.777052,4.765494,0.508645,-0.721982,4.633335,0.831765,-0.578523,4.793090,0.565519,-0.074316,4.722653,0.202445,-0.301713,4.689502,0.471265,-0.010103,4.703759,0.401453,-0.356216,4.809310
662,0.359416,-1.000857,4.414032,0.448094,-1.157389,4.276254,0.497115,-1.527579,4.280083,1.046830,-1.540059,4.786602,1.262751,-1.049852,4.729686,1.142354,-0.782456,4.764243,0.513048,-0.712393,4.628759,0.825984,-0.562950,4.785698,0.595972,-0.073582,4.715957,0.169227,-0.330897,4.719743,0.511854,0.091324,4.620934,0.372873,-0.283169,4.775678
663,0.363235,-1.043762,4.413056,0.465739,-1.218350,4.254359,0.507238,-1.526978,4.274275,1.041585,-1.545983,4.787376,1.254133,-1.043335,4.729412,1.146291,-0.782447,4.760198,0.503140,-0.718527,4.621943,0.810365,-0.558825,4.781482,0.621364,-0.046428,4.702343,0.169068,-0.319835,4.719690,0.444662,-0.025523,4.724039,0.259472,-0.347460,4.837431
664,0.356985,-0.993612,4.404298,0.455295,-1.162352,4.281075,0.507205,-1.495938,4.278403,1.034535,-1.557226,4.792485,1.258558,-1.063331,4.732205,1.140350,-0.772187,4.757977,0.519020,-0.704034,4.620271,0.830777,-0.574871,4.782969,0.581524,-0.083561,4.715097,0.206193,-0.307429,4.692178,0.542468,0.098927,4.592650,0.407528,-0.392357,4.827223
665,0.347281,-1.027121,4.428113,0.447305,-1.170910,4.263700,0.502124,-1.514808,4.282655,1.050220,-1.535815,4.801000,1.256100,-1.055782,4.729667,1.132896,-0.788419,4.768816,0.501211,-0.725998,4.630250,0.813777,-0.569786,4.797559,0.626813,-0.029572,4.699954,0.179366,-0.332536,4.739860,0.485112,0.074636,4.640041,0.302178,-0.357790,4.859611
666,0.340235,-1.012146,4.411582,0.406001,-1.192725,4.267980,0.493474,-1.523148,4.273855,1.046330,-1.542387,4.789646,1.259735,-1.055670,4.722380,1.144892,-0.756710,4.758551,0.502262,-0.718476,4.628689,0.830194,-0.580167,4.787064,0.620108,-0.051758,4.707483,0.180580,-0.317229,4.714820,0.547531,0.083459,4.634505,0.367539,-0.414998,4.868792
667,0.353315,-1.004590,4.428717,0.419394,-1.177677,4.255744,0.501520,-1.515101,4.282436,1.050179,-1.517383,4.788658,1.256929,-1.044047,4.729968,1.137963,-0.768553,4.758243,0.498628,-0.721404,4.627651,0.805987,-0.552478,4.787209,0.608696,-0.071463,4.723423,0.175903,-0.330047,4.703445,0.506234,0.080261,4.639356,0.319749,-0.285843,4.767855
668,0.359772,-0.981953,4.407333,0.450678,-1.163214,4.272109,0.499073,-1.500033,4.276954,1.042383,-1.535371,4.789365,1.253151,-1.063711,4.736105,1.147352,-0.778612,4.762045,0.508716,-0.705702,4.621287,0.824246,-0.558626,4.782846,0.593264,-0.051973,4.702459,0.211420,-0.288507,4.686445,0.519623,0.091960,4.622227,0.371499,-0.355818,4.820934
669,0.352505,-1.022102,4.414011,0.464502,-1.182015,4.271588,0.499043,-1.513353,4.280516,1.037893,-1.538435,4.796931,1.259802,-1.061478,4.731344,1.150156,-0.776665,4.762120,0.511224,-0.715630,4.627309,0.819953,-0.566808,4.791209,0.595431,-0.062247,4.703213,0.208362,-0.317337,4.704203,0.537909,0.073194,4.622850,0.384357,-0.371172,4.838818
670,0.368217,-1.001642,4.422100,0.461307,-1.153860,4.253516,0.504967,-1.507243,4.279936,1.045686,-1.529591,4.788435,1.255382,-1.053712,4.732223,1.149984,-0.780282,4.759397,0.502938,-0.711405,4.621307,0.811663,-0.551260,4.783834,0.584589,-0.077054,4.717093,0.179258,-0.311008,4.711310,0.480986,0.068382,4.638640,0.266060,-0.322314,4.813273
671,0.352732,-0.986742,4.412355,0.455371,-1.153268,4.264824,0.497881,-1.496093,4.284055,1.050277,-1.533578,4.786901,1.263858,-1.052868,4.726712,1.156967,-0.761080,4.756901,0.510424,-0.709556,4.627096,0.831939,-0.566568,4.786911,0.586045,-0.056978,4.719781,0.182422,-0.316022,4.709439,0.590886,0.134803,4.565460,0.404987,-0.418089,4.827315
672,0.360464,-1.025494,4.409054,0.455042,-1.172267,4.269172,0.503027,-1.512722,4.279928,1.047647,-1.531388,4.779941,1.274058,-1.057316,4.722787,1.157097,-0.779173,4.757021,0.511973,-0.716808,4.629014,0.816233,-0.570532,4.785584,0.578839,-0.094362,4.747587,0.203701,-0.304757,4.711996,0.600753,0.213817,4.486423,0.406117,-0.356991,4.824431
673,0.363672,-1.001131,4.404507,0.455567,-1.184837,4.268024,0.507510,-1.513560,4.284852,1.040568,-1.558192,4.794785,1.249653,-1.087087,4.731930,1.158302,-0.793574,4.759177,0.503062,-0.716375,4.627613,0.810077,-0.548989,4.786037,0.593027,-0.053796,4.700663,0.200817,-0.313055,4.697544,0.478067,0.037249,4.675555,0.361239,-0.286642,4.765040
674,0.357599,-1.058764,4.418560,0.449334,-1.235570,4.246401,0.515988,-1.521670,4.272251,1.053640,-1.547527,4.792663,1.253418,-1.071020,4.729089,1.142581,-0.766970,4.761971,0.506350,-0.737763,4.633108,0.813354,-0.576025,4.793437,0.549622,-0.090935,4.732615,0.164730,-0.339535,4.720394,0.570699,0.133566,4.558563,0.227971,-0.331006,4.824036
675,0.358079,-1.050867,4.420805,0.460485,-1.248755,4.245466,0.512044,-1.542626,4.281179,1.051832,-1.536787,4.789123,1.265055,-1.079322,4.714311,1.161476,-0.769958,4.755949,0.481932,-0.721649,4.638131,0.783828,-0.547893,4.793762,0.552982,-0.042658,4.701646,0.195116,-0.293203,4.715782,0.517044,0.088161,4.626403,0.237551,-0.404808,4.828541
676,0.363529,-1.014213,4.420116,0.442071,-1.224679,4.251027,0.504096,-1.524342,4.283292,1.059408,-1.539984,4.807206,1.245648,-1.068240,4.721823,1.156100,-0.789837,4.758534,0.492450,-0.699815,4.635612,0.796962,-0.540895,4.787218,0.547766,-0.035737,4.693715,0.215393,-0.289635,4.714506,0.546925,0.116191,4.582625,0.257074,-0.413998,4.812286
677,0.355924,-1.043542,4.403426,0.405602,-1.202850,4.267455,0.503327,-1.541411,4.282397,1.064612,-1.536132,4.796644,1.248505,-1.078669,4.727365,1.158945,-0.767575,4.760325,0.500133,-0.715809,4.641861,0.804514,-0.568589,4.797966,0.545667,-0.073081,4.723593,0.196334,-0.318245,4.720642,0.560309,0.141131,4.557753,0.209701,-0.383664,4.842259
678,0.357581,-1.026493,4.398637,0.452306,-1.182434,4.266199,0.504517,-1.534182,4.275371,1.066336,-1.530089,4.784040,1.258883,-1.043273,4.730902,1.153917,-0.738358,4.750202,0.503496,-0.697548,4.637878,0.816582,-0.537910,4.786871,0.563796,-0.042283,4.698214,0.172725,-0.315788,4.721044,0.539570,-0.025221,4.715609,0.302064,-0.411329,4.853643
679,0.349150,-1.057962,4.400608,0.468895,-1.223531,4.261452,0.514759,-1.529691,4.278947,1.046708,-1.560119,4.797837,1.248987,-1.092841,4.733412,1.147043,-0.793811,4.760273,0.507163,-0.716991,4.631145,0.805008,-0.550613,4.791799,0.538877,-0.071732,4.718389,0.167580,-0.335635,4.728921,0.519194,0.120567,4.579840,0.304404,-0.311052,4.766897
680,0.350776,-1.065919,4.417947,0.443240,-1.233817,4.252089,0.511718,-1.541373,4.277082,1.057254,-1.551298,4.801611,1.246885,-1.080683,4.725809,1.140679,-0.776556,4.756055,0.493813,-0.705267,4.631524,0.797006,-0.541731,4.783740,0.531690,-0.055485,4.713622,0.201180,-0.304295,4.727118,0.511059,0.088060,4.623599,0.280806,-0.396225,4.819713
681,0.346520,-1.068807,4.421568,0.426440,-1.245075,4.260500,0.505333,-1.545621,4.284425,1.063589,-1.540724,4.811496,1.244761,-1.068432,4.724583,1.147867,-0.757151,4.756012,0.489945,-0.698680,4.630913,0.790973,-0.536869,4.791592,0.568272,-0.028972,4.687436,0.206550,-0.300807,4.710112,0.514986,0.202311,4.497541,0.296605,-0.374201,4.811218
682,0.343941,-1.048130,4.399291,0.442872,-1.231839,4.261244,0.508568,-1.542767,4.276789,1.061067,-1.540848,4.794463,1.251578,-1.091478,4.728354,1.160726,-0.775737,4.762622,0.494834,-0.724867,4.642952,0.805745,-0.560801,4.793764,0.527336,-0.044829,4.712112,0.206298,-0.284320,4.694812,0.549525,-0.113561,4.795594,0.385077,-0.374117,4.804214
683,0.331390,-1.081717,4.412414,0.429781,-1.239843,4.259315,0.496471,-1.540905,4.269969,1.054183,-1.544403,4.787896,1.243094,-1.073407,4.732589,1.142540,-0.781116,4.752621,0.498167,-0.704388,4.634261,0.804487,-0.556714,4.792406,0.551261,-0.024205,4.702647,0.188165,-0.314600,4.717092,0.551352,-0.093454,4.774746,0.363813,-0.440458,4.836932
684,0.351677,-1.057624,4.408906,0.466008,-1.186732,4.264194,0.507928,-1.522826,4.268573,1.041374,-1.568708,4.785315,1.247885,-1.122413,4.739497,1.135744,-0.810074,4.773146,0.517809,-0.725364,4.620173,0.820399,-0.598964,4.784394,0.567976,-0.025191,4.699547,0.209804,-0.280219,4.695802,0.531815,-0.162775,4.838026,0.391355,-0.366370,4.831015
685,0.343466,-1.030404,4.415958,0.443081,-1.191248,4.261759,0.504900,-1.529974,4.266690,1.046587,-1.544025,4.786546,1.237148,-1.084015,4.738966,1.139836,-0.791816,4.764151,0.504466,-0.706470,4.616886,0.801939,-0.571130,4.786152,0.593468,-0.028172,4.689150,0.204027,-0.305887,4.699935,0.505933,-0.162592,4.829726,0.385901,-0.354235,4.809638
686,0.346177,-1.023363,4.412565,0.441844,-1.196884,4.264857,0.496751,-1.531874,4.266126,1.048553,-1.552849,4.790269,1.240526,-1.066741,4.742863,1.140819,-0.796583,4.771772,0.501849,-0.715210,4.624383,0.811699,-0.580378,4.789095,0.570680,-0.029651,4.692412,0.193576,-0.310591,4.724248,0.434155,-0.232302,4.887918,0.471287,-0.444167,4.852448
687,0.346021,-1.029953,4.404236,0.443449,-1.196378,4.261772,0.503786,-1.520374,4.277156,1.044087,-1.552735,4.788845,1.252297,-1.063200,4.741273,1.138348,-0.782877,4.763991,0.508074,-0.705794,4.622306,0.816791,-0.572886,4.782982,0.571790,-0.027258,4.702740,0.227126,-0.278928,4.701118,0.446751,-0.238558,4.911831,0.463486,-0.391494,4.824530
688,0.355981,-1.033376,4.403881,0.445110,-1.247360,4.256378,0.501921,-1.532327,4.275067,1.045500,-1.558556,4.791032,1.258772,-1.082345,4.733285,1.145093,-0.783440,4.763559,0.509059,-0.721198,4.625250,0.821834,-0.576329,4.784508,0.569372,-0.013114,4.689114,0.238862,-0.269127,4.672887,0.564963,-0.170222,4.839923,0.502114,-0.445540,4.838132
689,0.367062,-1.026400,4.397579,0.453021,-1.242346,4.261629,0.494705,-1.535207,4.274604,1.048839,-1.547578,4.795429,1.251502,-1.059649,4.729095,1.128965,-0.779812,4.766441,0.490539,-0.710596,4.634519,0.805924,-0.547723,4.785904,0.547651,-0.016678,4.692346,0.194326,-0.298464,4.726234,0.460653,-0.203084,4.881836,0.482261,-0.369633,4.763970
690,0.343270,-1.030200,4.394619,0.440678,-1.197967,4.259498,0.496747,-1.525233,4.273217,1.045594,-1.562730,4.792940,1.254713,-1.070077,4.734882,1.139045,-0.799212,4.766848,0.509656,-0.709765,4.629476,0.832965,-0.566828,4.791556,0.530532,-0.019780,4.704358,0.196457,-0.293458,4.712906,0.539058,-0.002178,4.713370,0.572791,-0.349143,4.778965
691,0.348737,-1.030430,4.406451,0.434744,-1.206294,4.257391,0.501336,-1.529168,4.272282,1.055522,-1.545269,4.794603,1.262938,-1.060993,4.733151,1.146822,-0.793807,4.767906,0.504356,-0.722890,4.634534,0.839373,-0.558652,4.794310,0.544089,0.011923,4.677407,0.201269,-0.277528,4.699931,0.621213,-0.298311,4.916944,0.552755,-0.453573,4.851004
692,0.364858,-1.012176,4.398790,0.460723,-1.188108,4.260897,0.486838,-1.551100,4.267841,1.055493,-1.585058,4.807144,1.253426,-1.099372,4.740111,1.130099,-0.832902,4.784102,0.513264,-0.730575,4.635065,0.835565,-0.589074,4.798516,0.588227,0.016746,4.671057,0.188264,-0.292781,4.712013,0.699973,0.086013,4.590343,0.570861,-0.507007,4.851639
693,0.355663,-1.021123,4.418100,0.446548,-1.138803,4.277874,0.494305,-1.529017,4.278246,1.062784,-1.548123,4.793204,1.252676,-1.061546,4.734236,1.127171,-0.819061,4.777831,0.497064,-0.713415,4.627361,0.806726,-0.562882,4.786817,0.548547,-0.002034,4.683625,0.217261,-0.281934,4.725969,0.496218,-0.361269,4.990439,0.287391,-0.488079,4.868879
694,0.363051,-1.016462,4.401378,0.460493,-1.196524,4.262393,0.484050,-1.533889,4.276142,1.068230,-1.553009,4.794526,1.263274,-1.047049,4.731647,1.137387,-0.774653,4.761952,0.500791,-0.707120,4.629560,0.825906,-0.550390,4.790133,0.544320,0.005621,4.677448,0.201781,-0.266886,4.685898,0.585928,0.020535,4.663297,0.387380,-0.486464,4.857780
695,0.379075,-1.007704,4.405901,0.458272,-1.179635,4.260916,0.486029,-1.528175,4.272680,1.061687,-1.555684,4.811591,1.273193,-1.051582,4.726995,1.130972,-0.789772,4.765624,0.498624,-0.690753,4.619391,0.817147,-0.539645,4.784802,0.540795,-0.006176,4.682987,0.173137,-0.290478,4.728538,0.529836,-0.158396,4.815863,0.312344,-0.435908,4.857806
696,0.356618,-1.017863,4.396091,0.415124,-1.187656,4.243879,0.488960,-1.539566,4.277246,1.064660,-1.536057,4.800932,1.265286,-1.049399,4.736382,1.148271,-0.754938,4.764754,0.503769,-0.689270,4.639767,0.831216,-0.540708,4.790937,0.549767,-0.010948,4.686195,0.199290,-0.280373,4.699821,0.549111,-0.299200,4.930805,0.355454,-0.430085,4.866484
697,0.362806,-1.036893,4.394226,0.446642,-1.257426,4.251204,0.488558,-1.542050,4.268339,1.068071,-1.550994,4.803564,1.278766,-1.057449,4.724066,1.134937,-0.789019,4.766864,0.501164,-0.715647,4.635427,0.812016,-0.544225,4.794509,0.575327,-0.005038,4.676701,0.180267,-0.315918,4.723030,0.489832,-0.207166,4.861504,0.279825,-0.408614,4.856547
698,0.348328,-1.028458,4.395419,0.447761,-1.181160,4.261540,0.489324,-1.545350,4.282559,1.061443,-1.574425,4.800091,1.269180,-1.070953,4.735120,1.132839,-0.800536,4.772501,0.523604,-0.681044,4.621763,0.856962,-0.573494,4.796394,0.572533,-0.034551,4.702176,0.189841,-0.294876,4.715966,0.619445,-0.062401,4.712238,0.525434,-0.393906,4.788087
699,0.348768,-1.003978,4.399696,0.464522,-1.184172,4.257019,0.480173,-1.528900,4.284451,1.059673,-1.569732,4.814232,1.263349,-1.062043,4.731094,1.132307,-0.813227,4.773770,0.513221,-0.703622,4.626354,0.827658,-0.563488,4.797300,0.536309,-0.033418,4.706922,0.200149,-0.292363,4.701703,0.597585,-0.161139,4.807396,0.370087,-0.432226,4.861089
700,0.355848,-1.019249,4.406552,0.460930,-1.187661,4.277518,0.481538,-1.537554,4.280316,1.062019,-1.543971,4.796997,1.269265,-1.058801,4.728469,1.127446,-0.794990,4.768493,0.500126,-0.705963,4.629742,0.818061,-0.560000,4.790922,0.533765,-0.021589,4.697188,0.174835,-0.302487,4.736253,0.673523,0.032162,4.610924,0.524023,-0.469565,4.803741
701,0.358083,-1.007934,4.401495,0.451579,-1.239928,4.265481,0.489018,-1.537717,4.279397,1.063250,-1.536048,4.802838,1.255257,-1.057819,4.722977,1.147273,-0.795277,4.755902,0.498456,-0.693270,4.633050,0.812932,-0.543463,4.791039,0.544553,-0.009024,4.686433,0.172086,-0.297437,4.713292,0.645124,0.032870,4.624670,0.413406,-0.425552,4.791353
702,0.351236,-1.031860,4.400668,0.417153,-1.199945,4.256830,0.481012,-1.525534,4.288003,1.052284,-1.533187,4.801598,1.266642,-1.055265,4.721743,1.132282,-0.783467,4.759020,0.480199,-0.679180,4.635364,0.801319,-0.533664,4.788875,0.542850,-0.007143,4.692677,0.198829,-0.268793,4.722298,0.486706,-0.318068,4.951702,0.322520,-0.451356,4.866249
703,0.342212,-1.049669,4.396321,0.450800,-1.157210,4.257497,0.485602,-1.502216,4.296520,1.054526,-1.531218,4.805364,1.271736,-1.049685,4.725275,1.143355,-0.810324,4.767475,0.514735,-0.682665,4.615459,0.843966,-0.579096,4.791030,0.565317,-0.034636,4.701498,0.208964,-0.302219,4.691886,0.641657,-0.111972,4.744553,0.401899,-0.481881,4.896573
704,0.351466,-1.044478,4.392189,0.435884,-1.216992,4.265172,0.495424,-1.511797,4.297043,1.061337,-1.507371,4.802679,1.278211,-1.034273,4.723800,1.141254,-0.789460,4.760374,0.511882,-0.682067,4.621222,0.838262,-0.555718,4.785234,0.544729,-0.021574,4.702196,0.181961,-0.315315,4.683356,0.619488,0.009962,4.658486,0.464380,-0.393200,4.791974
705,0.354714,-1.032438,4.410200,0.428482,-1.210499,4.276395,0.496383,-1.509327,4.291886,1.056142,-1.518026,4.801952,1.268202,-1.052506,4.726344,1.146804,-0.787129,4.760243,0.501186,-0.703097,4.624810,0.822191,-0.568238,4.786813,0.557164,-0.027500,4.706256,0.178583,-0.314458,4.686773,0.543912,0.004931,4.672045,0.453752,-0.346511,4.774923
706,0.363322,-1.052145,4.420296,0.446702,-1.245040,4.265456,0.495600,-1.517352,4.293645,1.050775,-1.522254,4.800561,1.281695,-1.081022,4.722740,1.145342,-0.805582,4.760180,0.500165,-0.706672,4.617020,0.808910,-0.570450,4.784373,0.588744,0.018623,4.671284,0.209886,-0.290751,4.689493,0.414574,-0.211761,4.870607,0.519671,-0.414554,4.793444
707,0.368089,-1.029521,4.417441,0.440035,-1.208025,4.265385,0.496329,-1.508493,4.303259,1.057066,-1.518096,4.799253,1.278151,-1.067062,4.727119,1.148750,-0.814699,4.770591,0.504172,-0.696075,4.621114,0.821244,-0.569161,4.782662,0.577423,-0.019569,4.695798,0.176993,-0.330190,4.711265,0.497503,0.157946,4.573248,0.643470,-0.104925,4.589323
708,0.369600,-1.032543,4.410412,0.444915,-1.220779,4.269745,0.501837,-1.510923,4.297165,1.045082,-1.526094,4.796776,1.268762,-1.079657,4.724780,1.150002,-0.807616,4.762739,0.508541,-0.705900,4.615629,0.826110,-0.575651,4.773386,0.580852,-0.015942,4.683221,0.194039,-0.316194,4.693072,0.513441,0.047277,4.634024,0.556889,-0.164173,4.640728
709,0.375927,-1.034602,4.416333,0.427064,-1.250825,4.258351,0.493430,-1.512842,4.296709,1.057505,-1.514092,4.794164,1.269646,-1.085611,4.733690,1.134919,-0.809495,4.775496,0.496744,-0.701116,4.623800,0.811411,-0.560774,4.787971,0.579533,-0.025494,4.706327,0.171644,-0.333445,4.710125,0.414285,0.020722,4.697051,0.636897,-0.137931,4.597457
710,0.379310,-1.035788,4.410064,0.445065,-1.235448,4.271094,0.497736,-1.514994,4.293681,1.061252,-1.510746,4.795502,1.277153,-1.089616,4.730182,1.147182,-0.815978,4.768783,0.503654,-0.705510,4.615021,0.824603,-0.561779,4.776581,0.580446,-0.020577,4.704411,0.174508,-0.333578,4.685731,0.560223,0.252493,4.498220,0.616212,-0.099402,4.567344
711,0.374402,-1.032972,4.413529,0.442249,-1.228962,4.262636,0.500993,-1.518863,4.295063,1.062040,-1.503160,4.792104,1.285630,-1.107329,4.729196,1.153760,-0.817966,4.765632,0.484983,-0.714428,4.624522,0.799778,-0.544310,4.782626,0.573459,-0.021864,4.704697,0.173945,-0.335590,4.713316,0.428297,0.017506,4.695109,0.527781,-0.100538,4.571652
712,0.400844,-1.046555,4.418717,0.455962,-1.241611,4.260185,0.510413,-1.521016,4.288696,1.063654,-1.502355,4.787418,1.285291,-1.091718,4.726278,1.150653,-0.814586,4.761966,0.502123,-0.693612,4.615939,0.813727,-0.543213,4.781504,0.591928,-0.006562,4.693370,0.167550,-0.339314,4.706398,0.552209,0.313857,4.419461,0.597859,-0.077835,4.562263
713,0.393536,-1.031296,4.414861,0.469119,-1.192953,4.255757,0.512632,-1.523703,4.278904,1.067495,-1.497806,4.776545,1.281968,-1.053222,4.713719,1.135349,-0.786892,4.757422,0.503539,-0.695266,4.616054,0.817159,-0.529542,4.773974,0.591262,0.032678,4.666481,0.186688,-0.314055,4.698871,0.526824,0.136351,4.598717,0.555452,-0.142607,4.587496
714,0.402692,-1.033731,4.416284,0.480796,-1.201325,4.254921,0.501967,-1.542946,4.280662,1.076628,-1.509332,4.779045,1.279600,-1.055916,4.717779,1.138756,-0.792241,4.763000,0.495741,-0.722896,4.614653,0.818304,-0.545325,4.769870,0.542656,-0.019069,4.697881,0.189860,-0.349480,4.715013,0.415344,0.029311,4.680304,0.606736,-0.072983,4.536221
715,0.403679,-1.054493,4.424210,0.473308,-1.234213,4.255263,0.514013,-1.534672,4.280644,1.079953,-1.496023,4.775461,1.272540,-1.062146,4.718383,1.141662,-0.817737,4.763678,0.498157,-0.703267,4.615214,0.818435,-0.540105,4.772839,0.541418,-0.012925,4.695759,0.187619,-0.326428,4.708313,0.529372,0.217168,4.514276,0.524636,-0.086706,4.566646
716,0.412118,-1.048653,4.418889,0.481890,-1.275867,4.250816,0.507866,-1.547685,4.281521,1.088753,-1.506565,4.769917,1.276603,-1.068037,4.714930,1.142593,-0.840875,4.768324,0.516388,-0.707390,4.609398,0.848757,-0.548138,4.769613,0.574334,0.013902,4.678069,0.181737,-0.358134,4.725413,0.553417,0.257928,4.483818,0.508951,-0.122863,4.577994
717,0.409077,-1.075549,4.402907,0.462761,-1.308549,4.246535,0.504040,-1.552129,4.278499,1.077015,-1.504344,4.760437,1.267872,-1.094999,4.722305,1.147956,-0.839866,4.768029,0.504104,-0.704713,4.609941,0.831347,-0.548326,4.767674,0.573216,0.010945,4.677033,0.186855,-0.334563,4.697991,0.489891,0.074445,4.646589,0.563995,-0.088780,4.543713
718,0.399701,-1.060871,4.400120,0.465181,-1.304768,4.250577,0.521135,-1.560538,4.283041,1.088066,-1.511499,4.746774,1.289115,-1.039661,4.700768,1.141505,-0.788502,4.752306,0.523234,-0.719920,4.617857,0.844680,-0.552084,4.756689,0.583016,0.022848,4.670035,0.188653,-0.353837,4.715778,0.504147,0.149950,4.586571,0.555716,-0.058288,4.568487
719,0.402819,-1.071504,4.409293,0.487348,-1.261698,4.265911,0.537985,-1.543681,4.285521,1.081956,-1.524292,4.761062,1.273634,-1.103933,4.719793,1.145277,-0.813578,4.768119,0.534360,-0.719692,4.624240,0.846606,-0.583423,4.771883,0.608972,0.008196,4.679621,0.210014,-0.358981,4.715356,0.503931,0.126999,4.597672,0.590814,-0.022008,4.542266
720,0.422002,-1.064547,4.402438,0.517743,-1.246268,4.261619,0.553416,-1.537440,4.288769,1.085561,-1.510693,4.772825,1.266691,-1.094123,4.726467,1.140035,-0.814937,4.768213,0.533936,-0.725076,4.621053,0.833285,-0.575967,4.771252,0.591434,-0.014355,4.699918,0.201667,-0.374878,4.711889,0.562756,0.219775,4.547912,0.559384,-0.033497,4.530915
721,0.416700,-1.050668,4.410485,0.511323,-1.258330,4.258333,0.534460,-1.543106,4.284283,1.085145,-1.511842,4.758872,1.270193,-1.084550,4.729326,1.143546,-0.803783,4.760946,0.535994,-0.719622,4.619572,0.845605,-0.574206,4.768345,0.607953,-0.005025,4.688663,0.166160,-0.388860,4.707923,0.465444,0.093332,4.617790,0.569459,-0.013658,4.520363
722,0.418865,-1.035076,4.409156,0.512704,-1.246427,4.263882,0.545660,-1.524668,4.283001,1.083375,-1.528379,4.760356,1.273165,-1.094321,4.727776,1.138417,-0.830710,4.764824,0.528552,-0.724139,4.615136,0.829252,-0.577132,4.763966,0.608470,-0.013144,4.692450,0.171157,-0.395898,4.704268,0.474059,0.133523,4.587094,0.563598,0.013252,4.500796
723,0.408055,-1.073640,4.414333,0.492325,-1.207223,4.263634,0.554454,-1.524764,4.292393,1.085793,-1.523319,4.763206,1.282187,-1.079596,4.732426,1.140279,-0.846751,4.778132,0.545349,-0.720310,4.616206,0.855012,-0.582392,4.767200,0.636925,-0.029697,4.698008,0.163820,-0.413855,4.727877,0.464371,0.114915,4.602548,0.440210,-0.063591,4.551884
724,0.413224,-1.054218,4.419139,0.470051,-1.232085,4.264569,0.539231,-1.530039,4.286703,1.081099,-1.532355,4.767802,1.268670,-1.104682,4.734083,1.149225,-0.833382,4.763315,0.548294,-0.717717,4.621250,0.857765,-0.589751,4.772765,0.600118,-0.025182,4.690249,0.194067,-0.378096,4.723165,0.488184,0.181861,4.543985,0.583101,0.036609,4.501748
725,0.414965,-1.059500,4.402920,0.456776,-1.221300,4.263126,0.538943,-1.534766,4.290885,1.084886,-1.521877,4.758616,1.279810,-1.088368,4.733471,1.143097,-0.834165,4.773308,0.551258,-0.743598,4.619372,0.856209,-0.604607,4.777581,0.592127,-0.050659,4.707978,0.197078,-0.403182,4.699138,0.458057,0.117931,4.594366,0.525529,-0.033547,4.503480
726,0.408539,-1.063495,4.409451,0.467027,-1.208530,4.265908,0.544663,-1.515968,4.290696,1.084762,-1.533462,4.757414,1.280860,-1.096775,4.727489,1.153036,-0.855750,4.773374,0.556599,-0.733228,4.623458,0.870165,-0.599951,4.774385,0.615676,-0.032730,4.704803,0.182523,-0.409801,4.725738,0.388243,0.007573,4.665809,0.566570,0.037665,4.500416
727,0.411904,-1.038915,4.416509,0.455862,-1.167847,4.273910,0.540951,-1.529100,4.288754,1.086782,-1.547896,4.766403,1.278957,-1.075569,4.730553,1.141409,-0.854455,4.770344,0.570435,-0.744704,4.620037,0.883311,-0.629018,4.774310,0.704679,-0.082196,4.727300,0.192653,-0.443392,4.748173,0.412605,0.043800,4.643394,0.546569,-0.029523,4.523198
728,0.398898,-1.034266,4.417094,0.457307,-1.180282,4.266466,0.534829,-1.543196,4.286329,1.089860,-1.551979,4.755079,1.276543,-1.077868,4.723815,1.150572,-0.840915,4.772364,0.561366,-0.754251,4.621552,0.877020,-0.626561,4.773013,0.614818,-0.054881,4.719098,0.195424,-0.410947,4.724299,0.417266,0.054798,4.642617,0.571867,0.030658,4.500737
729,0.413615,-1.004943,4.417036,0.456554,-1.162476,4.264423,0.537381,-1.536751,4.282225,1.086814,-1.556532,4.761189,1.285021,-1.071524,4.738394,1.144553,-0.858686,4.787802,0.550443,-0.748079,4.624797,0.858640,-0.623624,4.779769,0.628288,-0.051371,4.707220,0.195351,-0.389851,4.726908,0.450378,0.070519,4.629684,0.513397,-0.046951,4.533637
730,0.411883,-1.050442,4.408957,0.458249,-1.183780,4.270080,0.531816,-1.548016,4.280889,1.093486,-1.557798,4.761092,1.271569,-1.090290,4.738436,1.148499,-0.846753,4.775722,0.577975,-0.740569,4.621818,0.907098,-0.634890,4.772345,0.639360,-0.050248,4.714434,0.208487,-0.401020,4.753264,0.386124,0.020202,4.666227,0.551668,-0.027739,4.536102
731,0.402621,-1.035511,4.409700,0.461118,-1.164410,4.274218,0.529654,-1.546061,4.274194,1.083888,-1.552381,4.749063,1.270615,-1.051135,4.721257,1.143936,-0.846429,4.778393,0.561047,-0.728482,4.633291,0.873529,-0.603774,4.783550,0.625455,-0.019972,4.690897,0.209714,-0.401969,4.731404,0.506623,0.155745,4.572885,0.599281,0.026708,4.510900
732,0.419735,-1.045959,4.409739,0.477085,-1.205824,4.256915,0.524981,-1.557672,4.272897,1.091940,-1.543043,4.732586,1.279773,-1.069587,4.719607,1.153632,-0.863453,4.774401,0.559590,-0.728499,4.642008,0.891486,-0.620157,4.776002,0.637513,-0.032052,4.714970,0.211149,-0.380848,4.743320,0.628774,0.299798,4.443508,0.656150,0.046106,4.481990
733,0.403961,-1.047617,4.397235,0.465054,-1.226415,4.253372,0.529288,-1.545204,4.270003,1.083162,-1.552204,4.751664,1.269296,-1.079409,4.727684,1.145955,-0.856365,4.779950,0.556779,-0.719241,4.635829,0.886194,-0.603469,4.778191,0.650846,0.014204,4.678349,0.214201,-0.370809,4.714768,0.597667,0.241061,4.500971,0.637134,0.000814,4.520713
734,0.399665,-1.076689,4.391998,0.468687,-1.239870,4.245974,0.518428,-1.547582,4.268776,1.088084,-1.545369,4.748685,1.275798,-1.059332,4.719464,1.153870,-0.837729,4.764104,0.537924,-0.724558,4.623058,0.865660,-0.597524,4.770218,0.601928,-0.033832,4.702211,0.208972,-0.372490,4.718134,0.623418,0.313684,4.404988,0.650120,-0.049823,4.528896
735,0.404566,-1.033960,4.401969,0.459882,-1.203249,4.249963,0.519662,-1.554853,4.269065,1.091933,-1.548192,4.746120,1.279918,-1.059885,4.716403,1.149330,-0.837339,4.762866,0.540848,-0.714461,4.620254,0.875728,-0.599296,4.770379,0.647163,-0.035468,4.705241,0.188622,-0.359345,4.704026,0.635923,0.350425,4.400638,0.593742,-0.039460,4.525792
736,0.388568,-1.048366,4.395409,0.462369,-1.208649,4.259609,0.520613,-1.536582,4.265952,1.092317,-1.538217,4.728731,1.272681,-1.064572,4.716837,1.145525,-0.827196,4.760644,0.546750,-0.707909,4.621147,0.886717,-0.593815,4.758172,0.672565,-0.036768,4.701097,0.203274,-0.352646,4.709258,0.677854,0.390863,4.346060,0.617052,0.010043,4.507049
737,0.405654,-1.019757,4.411385,0.462374,-1.164036,4.254904,0.525230,-1.524610,4.274584,1.083672,-1.555081,4.733150,1.262053,-1.103391,4.721983,1.154399,-0.849481,4.761072,0.551973,-0.734123,4.630432,0.876671,-0.614642,4.768508,0.623673,-0.042179,4.709865,0.222101,-0.359434,4.737088,0.584211,0.284153,4.436543,0.534154,-0.012893,4.518298
738,0.408999,-1.008684,4.407823,0.458659,-1.224768,4.264408,0.536524,-1.540354,4.279819,1.088733,-1.567855,4.745522,1.280224,-1.096718,4.725672,1.150037,-0.856140,4.770463,0.577646,-0.738761,4.626477,0.892636,-0.640588,4.774544,0.600889,-0.077325,4.735807,0.209646,-0.378720,4.739220,0.561818,0.279471,4.453116,0.592862,-0.010686,4.514124
739,0.417539,-1.026733,4.401406,0.464358,-1.202479,4.241986,0.536504,-1.532715,4.280338,1.084409,-1.563530,4.741308,1.293629,-1.098019,4.723366,1.146463,-0.847775,4.772147,0.586548,-0.725328,4.618587,0.898340,-0.658790,4.766805,0.694622,-0.129228,4.766873,0.212742,-0.381539,4.710441,0.571255,0.264719,4.464977,0.553786,-0.049250,4.529130
740,0.424371,-1.002074,4.403191,0.474772,-1.184050,4.250002,0.532766,-1.538590,4.276070,1.086475,-1.566313,4.741134,1.274312,-1.103481,4.728802,1.136639,-0.856054,4.775256,0.582329,-0.731075,4.617107,0.903351,-0.655465,4.762607,0.747077,-0.099940,4.739983,0.219655,-0.365253,4.709449,0.577924,0.275993,4.443116,0.457897,-0.058448,4.581641
741,0.422057,-1.018324,4.403475,0.472145,-1.204058,4.256110,0.541232,-1.525511,4.276096,1.083044,-1.531888,4.731575,1.262735,-1.091299,4.720968,1.140718,-0.873877,4.783934,0.564879,-0.730299,4.607035,0.882570,-0.623261,4.758518,0.664828,-0.072964,4.730212,0.226680,-0.367345,4.635063,0.583798,0.352571,4.397800,0.423580,-0.024627,4.528786
742,0.426337,-0.991525,4.386601,0.457250,-1.191628,4.241507,0.540369,-1.514364,4.280261,1.087049,-1.537865,4.730918,1.275689,-1.085188,4.713907,1.142200,-0.852072,4.770278,0.579912,-0.736052,4.611852,0.896624,-0.626105,4.753122,0.651260,-0.106214,4.751366,0.202711,-0.365282,4.667297,0.447680,0.262191,4.475350,0.313434,-0.073888,4.586619
743,0.424025,-0.997734,4.406779,0.482233,-1.127087,4.240508,0.548288,-1.507623,4.281217,1.081807,-1.541779,4.728617,1.274839,-1.088121,4.702501,1.140924,-0.849351,4.762122,0.581149,-0.738916,4.608709,0.891754,-0.632353,4.750836,0.663674,-0.180048,4.790627,0.249502,-0.370693,4.694201,0.388786,0.201668,4.524933,0.386840,-0.007026,4.530571
744,0.425368,-1.006834,4.412383,0.464184,-1.207616,4.250045,0.551225,-1.509166,4.279088,1.087529,-1.534810,4.736676,1.285065,-1.107546,4.717422,1.133325,-0.852097,4.771356,0.566787,-0.744027,4.606671,0.885941,-0.624249,4.757689,0.688145,-0.185018,4.769476,0.245420,-0.380876,4.650037,0.311710,0.112010,4.622957,0.330862,-0.178951,4.645910
745,0.419969,-1.027295,4.415896,0.488540,-1.178795,4.254230,0.551470,-1.514403,4.278966,1.083923,-1.538213,4.738276,1.264212,-1.097557,4.720840,1.132686,-0.859068,4.775515,0.568145,-0.740422,4.605990,0.882577,-0.634155,4.761099,0.670405,-0.200605,4.781075,0.253768,-0.356637,4.640705,0.323289,0.209127,4.529445,0.362045,0.009431,4.519856
746,0.425111,-1.008496,4.417852,0.505625,-1.162357,4.262724,0.552005,-1.516192,4.277749,1.087636,-1.549570,4.729265,1.270525,-1.099129,4.705263,1.140185,-0.850896,4.770673,0.569730,-0.747578,4.614367,0.888468,-0.630763,4.761971,0.650494,-0.173002,4.776716,0.242142,-0.362642,4.641371,0.282279,0.213406,4.526839,0.347217,0.095389,4.452744
747,0.436056,-0.988200,4.420895,0.507094,-1.107680,4.272049,0.546192,-1.508427,4.281663,1.087501,-1.543932,4.736609,1.262835,-1.111052,4.725168,1.138881,-0.870758,4.779667,0.562102,-0.742632,4.612266,0.880329,-0.620127,4.762949,0.624812,-0.133935,4.758455,0.253114,-0.347308,4.672512,0.215230,0.223722,4.532174,0.293150,0.079561,4.471083
748,0.433702,-1.001392,4.411369,0.511106,-1.146165,4.261878,0.552136,-1.516910,4.284385,1.088032,-1.551694,4.746620,1.257120,-1.122915,4.730442,1.150009,-0.872800,4.774587,0.554222,-0.728391,4.615501,0.879858,-0.611490,4.769337,0.617036,-0.122427,4.751234,0.224112,-0.373407,4.700430,0.279785,0.238564,4.491961,0.428730,0.120238,4.438201
749,0.422965,-1.017696,4.412991,0.492125,-1.254350,4.254798,0.555179,-1.528890,4.287900,1.088692,-1.548592,4.743016,1.286424,-1.085775,4.711356,1.144786,-0.831030,4.765707,0.552155,-0.747814,4.619513,0.865341,-0.617676,4.770482,0.608200,-0.106458,4.746279,0.221439,-0.375682,4.700151,0.290451,0.250774,4.519282,0.395031,0.085616,4.449863
750,0.416761,-1.046412,4.410078,0.486002,-1.184282,4.262230,0.556154,-1.519300,4.282449,1.096769,-1.525153,4.739424,1.281339,-1.102033,4.710793,1.151887,-0.826835,4.760537,0.556659,-0.743306,4.616369,0.871145,-0.618410,4.768171,0.615257,-0.129550,4.759129,0.236741,-0.376760,4.682794,0.310188,0.227444,4.539772,0.431075,0.155069,4.383716
751,0.434520,-0.982656,4.410281,0.505977,-1.109984,4.270704,0.554849,-1.513385,4.281771,1.099645,-1.526402,4.733670,1.283302,-1.100867,4.719341,1.152488,-0.824827,4.766707,0.554213,-0.727970,4.613056,0.872710,-0.601620,4.765160,0.605914,-0.156250,4.770189,0.224030,-0.378911,4.697917,0.320286,0.215667,4.542781,0.379598,0.093376,4.445644
752,0.420788,-1.022984,4.407333,0.494008,-1.161344,4.267167,0.549273,-1.530308,4.289098,1.103022,-1.536400,4.736720,1.290838,-1.092878,4.709378,1.150809,-0.828708,4.769110,0.559200,-0.749027,4.615578,0.886206,-0.615909,4.770051,0.599629,-0.182564,4.780657,0.238508,-0.387215,4.706496,0.264880,0.177021,4.541628,0.394902,0.084438,4.485332
753,0.431139,-0.985948,4.394690,0.505421,-1.129608,4.263227,0.550770,-1.523217,4.289790,1.101817,-1.530057,4.738655,1.285927,-1.115258,4.724349,1.146808,-0.847683,4.768310,0.551717,-0.733543,4.617297,0.876396,-0.610728,4.768700,0.592353,-0.149517,4.764129,0.259631,-0.382674,4.698228,0.323602,0.254032,4.481111,0.463536,0.133585,4.412302
754,0.420286,-1.025270,4.411692,0.502268,-1.165886,4.265666,0.553612,-1.530049,4.289217,1.105184,-1.532848,4.740202,1.285970,-1.095133,4.712978,1.144187,-0.849047,4.773777,0.561641,-0.746311,4.617476,0.885062,-0.613295,4.770453,0.595611,-0.172523,4.780097,0.237592,-0.394053,4.709058,0.297429,0.205604,4.524729,0.406095,0.131560,4.420299
755,0.430593,-1.024824,4.394202,0.507944,-1.185903,4.262142,0.563262,-1.527037,4.295331,1.106028,-1.529554,4.745706,1.288688,-1.091689,4.714396,1.143827,-0.831806,4.773106,0.563172,-0.746961,4.616901,0.888221,-0.609265,4.765908,0.617997,-0.143504,4.761237,0.255921,-0.402901,4.700800,0.364564,0.253885,4.490138,0.441171,0.083455,4.443427
756,0.441716,-1.000183,4.416421,0.510452,-1.174583,4.257800,0.568524,-1.525502,4.291370,1.114314,-1.514087,4.741142,1.290405,-1.070099,4.708328,1.145075,-0.834501,4.758408,0.553255,-0.727325,4.605259,0.872875,-0.600683,4.757150,0.584119,-0.155010,4.775228,0.248934,-0.365526,4.685103,0.381867,0.253696,4.499043,0.459202,0.113468,4.421832
757,0.429685,-1.030404,4.410027,0.488825,-1.214179,4.243704,0.570630,-1.531183,4.298022,1.108818,-1.510801,4.744412,1.287948,-1.082124,4.704713,1.133861,-0.831493,4.762602,0.544051,-0.734002,4.610624,0.862153,-0.594973,4.755308,0.587572,-0.169172,4.793011,0.238187,-0.409236,4.687980,0.415743,0.281325,4.463442,0.464821,0.157584,4.424426
758,0.427244,-1.036543,4.401067,0.485811,-1.250287,4.241471,0.571389,-1.535806,4.293900,1.110990,-1.506200,4.740257,1.291367,-1.090939,4.708757,1.147155,-0.855567,4.762994,0.559107,-0.745373,4.609508,0.866982,-0.614636,4.754337,0.600389,-0.150732,4.771271,0.208411,-0.430861,4.679473,0.464989,0.318543,4.436186,0.423809,-0.155783,4.586224
759,0.442513,-1.020667,4.410200,0.492455,-1.229153,4.262965,0.581995,-1.512520,4.304024,1.120458,-1.498560,4.744140,1.290365,-1.068738,4.718585,1.139488,-0.871991,4.777974,0.556352,-0.745302,4.607626,0.864368,-0.606643,4.751519,0.610668,-0.139943,4.764642,0.219061,-0.421844,4.700236,0.429108,0.248516,4.473073,0.363051,-0.278123,4.694290
760,0.448910,-1.014883,4.420991,0.494401,-1.188316,4.267649,0.575007,-1.516178,4.300435,1.114432,-1.496667,4.738590,1.286348,-1.079326,4.714714,1.141904,-0.849318,4.767324,0.539516,-0.733989,4.602931,0.854396,-0.601905,4.744209,0.603345,-0.165506,4.777397,0.222697,-0.433782,4.673182,0.429981,0.284007,4.439855,0.370215,-0.131748,4.600793
761,0.434591,-1.021333,4.399719,0.505433,-1.194191,4.254812,0.588446,-1.518781,4.302433,1.117721,-1.509603,4.747902,1.287114,-1.077821,4.723830,1.146049,-0.846501,4.766063,0.558894,-0.731114,4.610740,0.867213,-0.607699,4.749002,0.598884,-0.132177,4.760812,0.238944,-0.423956,4.701254,0.419702,0.303534,4.429238,0.473769,-0.046802,4.557959
762,0.462762,-0.986994,4.413668,0.517145,-1.152720,4.259435,0.585947,-1.512941,4.292928,1.115247,-1.508204,4.734655,1.286377,-1.083768,4.715032,1.141314,-0.846372,4.763467,0.558319,-0.739667,4.598708,0.868746,-0.622811,4.748634,0.610214,-0.169771,4.775733,0.241570,-0.428282,4.689979,0.378712,0.252501,4.488713,0.503348,0.031110,4.468589
763,0.457994,-1.005934,4.403395,0.500783,-1.181188,4.244204,0.593380,-1.507208,4.293905,1.116336,-1.497136,4.744716,1.296185,-1.071632,4.717104,1.135644,-0.858240,4.769432,0.564573,-0.744315,4.597867,0.869435,-0.633283,4.752567,0.602737,-0.145596,4.759366,0.240737,-0.427622,4.664959,0.412580,0.291763,4.465915,0.462445,0.044986,4.488477
764,0.462771,-0.969935,4.417291,0.516404,-1.128189,4.256870,0.595381,-1.500004,4.296835,1.117419,-1.503755,4.736226,1.287956,-1.065085,4.701788,1.144131,-0.849054,4.758258,0.568978,-0.746955,4.593601,0.872527,-0.637358,4.745013,0.610660,-0.164216,4.769252,0.216632,-0.452485,4.617980,0.392723,0.243246,4.506265,0.463055,0.012429,4.557137
765,0.453749,-0.992355,4.417400,0.519429,-1.150054,4.250421,0.594175,-1.490491,4.296735,1.115848,-1.491077,4.729177,1.299568,-1.063829,4.708736,1.140726,-0.835150,4.760987,0.562238,-0.734883,4.594781,0.864938,-0.614919,4.745732,0.604530,-0.131761,4.756855,0.202016,-0.436375,4.627033,0.398968,0.254360,4.502327,0.423760,-0.036143,4.556011
766,0.490169,-0.938994,4.419860,0.542110,-1.102541,4.260224,0.607567,-1.484960,4.304933,1.124577,-1.495612,4.734409,1.284774,-1.067281,4.700948,1.143708,-0.841487,4.752195,0.583564,-0.728613,4.594533,0.883436,-0.615114,4.740030,0.597270,-0.148770,4.763913,0.207896,-0.439723,4.639410,0.422146,0.274572,4.483335,0.456980,0.058389,4.489416
767,0.473786,-0.987303,4.412072,0.530200,-1.155558,4.255714,0.600128,-1.515362,4.300232,1.128235,-1.503769,4.738799,1.285294,-1.055669,4.705622,1.135022,-0.853664,4.767158,0.576922,-0.748486,4.591147,0.878352,-0.624722,4.743872,0.615449,-0.148773,4.757699,0.210817,-0.462817,4.643201,0.513042,0.315245,4.448124,0.404889,-0.022823,4.546216
768,0.436722,-1.021968,4.402893,0.494297,-1.244336,4.248126,0.601117,-1.520284,4.296628,1.124164,-1.493024,4.741360,1.287033,-1.054374,4.707236,1.132543,-0.832954,4.766668,0.563568,-0.740187,4.595962,0.869911,-0.607751,4.746530,0.606303,-0.111287,4.738338,0.188907,-0.461262,4.642880,0.506538,0.276002,4.465095,0.376057,-0.000731,4.541892
769,0.451875,-1.013773,4.408872,0.513886,-1.176229,4.249332,0.600953,-1.519423,4.309912,1.128463,-1.500870,4.745826,1.289440,-1.072777,4.715795,1.141713,-0.838210,4.768563,0.561892,-0.743361,4.605210,0.864846,-0.606460,4.750252,0.594052,-0.090337,4.735929,0.152559,-0.490476,4.599785,0.506983,0.304967,4.431773,0.350701,-0.046096,4.562032
770,0.442617,-1.030285,4.415020,0.516793,-1.233094,4.251838,0.600414,-1.523039,4.307994,1.126708,-1.498878,4.746504,1.294974,-1.064895,4.708229,1.139100,-0.831857,4.766366,0.555317,-0.728836,4.598907,0.851149,-0.594075,4.748213,0.604893,-0.066722,4.724431,0.126451,-0.486408,4.665493,0.509161,0.367601,4.380227,0.321630,-0.114754,4.559106
771,0.428316,-1.047345,4.402222,0.499940,-1.251665,4.258319,0.596691,-1.538976,4.304065,1.127805,-1.496555,4.733899,1.309663,-1.069781,4.705810,1.150213,-0.858981,4.765819,0.543052,-0.731223,4.605416,0.846350,-0.584566,4.749583,0.605866,-0.040612,4.707449,0.143783,-0.482798,4.654466,0.516204,0.362498,4.377368,0.298273,-0.076732,4.561603
772,0.415108,-1.041854,4.414481,0.492705,-1.270781,4.248197,0.594255,-1.533663,4.308333,1.126452,-1.487873,4.729370,1.303687,-1.065158,4.704582,1.147087,-0.850878,4.762817,0.542222,-0.727440,4.611669,0.840809,-0.582138,4.751771,0.590898,-0.056440,4.716274,0.127661,-0.504144,4.670742,0.513696,0.390387,4.348407,0.357425,-0.126729,4.595702
773,0.434592,-1.021268,4.400465,0.502511,-1.219667,4.248979,0.592485,-1.527017,4.304783,1.125882,-1.484289,4.733945,1.291444,-1.055557,4.714915,1.144335,-0.844058,4.770051,0.545115,-0.733766,4.606596,0.851510,-0.579835,4.751644,0.601421,-0.086047,4.737717,0.120773,-0.528811,4.690348,0.528875,0.371370,4.385816,0.298672,-0.098813,4.578638
774,0.435471,-1.019533,4.398444,0.515035,-1.199181,4.257524,0.589388,-1.518868,4.305866,1.121941,-1.485097,4.736703,1.286851,-1.041383,4.704031,1.139813,-0.837055,4.765736,0.534374,-0.710566,4.599801,0.833637,-0.559331,4.749786,0.596238,-0.043719,4.712903,0.103757,-0.509587,4.634798,0.485454,0.389842,4.344819,0.274025,-0.069155,4.557632
775,0.438411,-1.017568,4.410237,0.508344,-1.207411,4.254825,0.587967,-1.531018,4.301264,1.126688,-1.499577,4.733781,1.297734,-1.073398,4.704245,1.144372,-0.844094,4.762583,0.533684,-0.708506,4.601625,0.840606,-0.563040,4.749116,0.597045,-0.057210,4.723135,0.101747,-0.500660,4.641842,0.497019,0.395647,4.332113,0.239916,-0.081763,4.567867
776,0.416643,-1.050110,4.398058,0.486042,-1.221815,4.248353,0.587677,-1.539846,4.304906,1.125346,-1.496617,4.739796,1.288349,-1.067217,4.704310,1.147650,-0.845084,4.765680,0.523790,-0.712140,4.603745,0.827783,-0.542214,4.747540,0.587405,0.000296,4.686054,0.109581,-0.497823,4.640575,0.493854,0.400643,4.314445,0.215697,-0.030888,4.532310
777,0.414855,-1.015651,4.414465,0.492671,-1.163375,4.255017,0.577608,-1.525583,4.304444,1.118756,-1.504740,4.754940,1.284172,-1.079341,4.709828,1.147175,-0.823416,4.759140,0.502542,-0.692516,4.602430,0.825636,-0.527726,4.748711,0.603388,-0.075489,4.726898,0.104337,-0.488627,4.669855,0.450748,0.353626,4.362578,0.148072,0.124301,4.416240
778,0.420184,-1.008089,4.417305,0.485501,-1.211881,4.250164,0.573926,-1.536125,4.302030,1.118509,-1.502427,4.744230,1.288375,-1.088580,4.713945,1.149353,-0.834991,4.769143,0.511314,-0.709719,4.611073,0.834503,-0.557305,4.752615,0.628083,-0.113924,4.759528,0.117255,-0.472642,4.702397,0.460656,0.369738,4.352257,0.128733,0.142467,4.397518
779,0.420658,-1.015736,4.422324,0.533495,-1.150151,4.261333,0.573254,-1.524448,4.297459,1.116763,-1.505786,4.748987,1.282661,-1.082459,4.717261,1.147388,-0.832084,4.767607,0.511472,-0.686457,4.606497,0.829270,-0.525292,4.747998,0.628930,-0.107310,4.749858,0.119384,-0.473816,4.710220,0.472808,0.369651,4.350202,0.112228,0.128899,4.427097
780,0.431220,-0.996066,4.405998,0.486348,-1.195884,4.247687,0.568393,-1.530690,4.300032,1.117558,-1.510326,4.754343,1.289745,-1.087158,4.709874,1.143037,-0.839651,4.769069,0.508190,-0.695408,4.609080,0.822948,-0.526185,4.752728,0.636630,-0.041186,4.706746,0.109042,-0.455584,4.698425,0.499519,0.379499,4.340746,0.073464,0.124817,4.431591
781,0.462365,-0.953391,4.421872,0.521032,-1.077198,4.254303,0.562854,-1.530425,4.296907,1.113465,-1.508891,4.750030,1.291701,-1.074862,4.708414,1.156003,-0.841699,4.764618,0.513901,-0.696160,4.607134,0.836498,-0.537623,4.751199,0.639147,-0.108023,4.742955,0.122070,-0.469075,4.708515,0.530332,0.420601,4.329340,0.046216,0.135435,4.404189
782,0.419038,-1.029435,4.407639,0.516642,-1.177531,4.254017,0.572815,-1.518839,4.300905,1.109369,-1.490069,4.750151,1.285793,-1.071583,4.709466,1.147273,-0.862263,4.772574,0.506772,-0.695352,4.611273,0.817999,-0.527519,4.745833,0.600258,-0.081726,4.729180,0.123132,-0.452764,4.707607,0.472076,0.370659,4.354416,0.008672,0.137206,4.403636
783,0.416786,-1.024247,4.406448,0.500735,-1.188545,4.240882,0.570262,-1.518743,4.301465,1.115117,-1.492691,4.755568,1.296240,-1.066124,4.707854,1.143842,-0.843406,4.776343,0.502953,-0.692096,4.608764,0.826259,-0.530294,4.750134,0.608934,-0.116627,4.741042,0.131272,-0.455629,4.693854,0.479149,0.384456,4.340078,0.024906,0.149378,4.400456
784,0.408538,-1.047738,4.404329,0.499764,-1.222452,4.252892,0.579089,-1.516825,4.304240,1.110638,-1.489835,4.755155,1.299779,-1.076149,4.711937,1.150329,-0.836721,4.768530,0.506710,-0.680436,4.607707,0.824944,-0.516424,4.743411,0.612249,-0.132635,4.745355,0.126315,-0.468200,4.709059,0.476672,0.377880,4.346519,0.044798,0.145483,4.411548
785,0.403082,-1.055519,4.402846,0.487380,-1.260390,4.256959,0.578469,-1.514674,4.302111,1.115370,-1.489946,4.756876,1.279300,-1.085251,4.711251,1.143410,-0.867129,4.770862,0.500423,-0.693687,4.604387,0.809183,-0.525976,4.741491,0.580976,-0.089624,4.732353,0.128815,-0.444323,4.658780,0.482055,0.347834,4.396880,0.104040,0.128765,4.404526
786,0.412553,-1.047890,4.393422,0.510556,-1.203508,4.260993,0.584868,-1.497820,4.313433,1.111949,-1.473291,4.748982,1.280982,-1.078768,4.709366,1.140754,-0.842896,4.773061,0.509207,-0.695560,4.601482,0.822244,-0.533115,4.736254,0.589382,-0.104539,4.739855,0.129973,-0.453419,4.655730,0.429255,0.346662,4.379016,0.092150,0.136682,4.409653
787,0.434784,-1.014998,4.419397,0.525542,-1.195196,4.270928,0.587824,-1.496296,4.309178,1.103650,-1.481541,4.744224,1.292669,-1.102109,4.710382,1.137058,-0.848206,4.764785,0.532190,-0.697088,4.595387,0.833528,-0.549496,4.730770,0.580523,-0.098847,4.742422,0.140857,-0.462429,4.651375,0.470974,0.352446,4.414402,0.156881,0.089939,4.436743
788,0.440491,-1.003030,4.407618,0.533353,-1.176045,4.268201,0.593733,-1.508623,4.303728,1.111691,-1.484233,4.752694,1.297420,-1.097097,4.715095,1.138062,-0.835780,4.767352,0.546319,-0.726176,4.600508,0.845820,-0.576453,4.738977,0.606658,-0.113304,4.749750,0.145004,-0.483024,4.614092,0.472189,0.344872,4.420765,0.194371,0.136473,4.403969
789,0.467189,-0.997954,4.404479,0.513828,-1.196237,4.251303,0.582034,-1.490301,4.298648,1.105990,-1.475306,4.749657,1.292759,-1.101698,4.714091,1.133700,-0.845789,4.762921,0.564456,-0.723416,4.597901,0.867197,-0.594980,4.739833,0.629979,-0.120704,4.742530,0.187493,-0.485306,4.669175,0.482146,0.288662,4.453416,0.192926,0.063564,4.483040
790,0.465624,-0.980181,4.414371,0.511035,-1.119032,4.262192,0.578679,-1.481489,4.303919,1.105997,-1.487036,4.755175,1.289133,-1.103335,4.686324,1.135566,-0.857996,4.769307,0.562650,-0.708315,4.592379,0.873702,-0.587129,4.738770,0.612789,-0.123281,4.739592,0.173398,-0.496389,4.624551,0.501241,0.353921,4.402422,0.207174,0.094654,4.444458
791,0.448917,-1.013567,4.402906,0.509230,-1.209927,4.248920,0.579857,-1.485541,4.303030,1.107957,-1.468517,4.747229,1.269893,-1.091276,4.688568,1.130421,-0.851264,4.770436,0.567785,-0.707474,4.591810,0.876749,-0.582226,4.738482,0.630316,-0.124122,4.745987,0.167548,-0.477146,4.679331,0.499512,0.322998,4.423609,0.193959,0.075825,4.453413
792,0.437869,-1.015086,4.400711,0.512118,-1.221819,4.261937,0.571200,-1.507770,4.298122,1.102170,-1.483640,4.745365,1.303180,-1.090544,4.702909,1.135816,-0.846148,4.761770,0.546576,-0.715650,4.604574,0.862634,-0.588726,4.750259,0.595589,-0.128178,4.749930,0.154181,-0.471329,4.678865,0.501175,0.370319,4.377406,0.182894,0.115853,4.424145
793,0.433725,-1.010034,4.400750,0.499918,-1.230930,4.265295,0.559437,-1.514104,4.299222,1.097257,-1.496003,4.748051,1.292830,-1.095174,4.706060,1.140964,-0.853945,4.764639,0.530887,-0.715867,4.608716,0.848897,-0.573359,4.751591,0.612125,-0.103107,4.742458,0.134216,-0.479071,4.655833,0.520834,0.427309,4.363255,0.150725,0.109930,4.401046
794,0.424552,-1.028481,4.403047,0.506889,-1.233836,4.266378,0.562044,-1.511937,4.298785,1.098780,-1.492634,4.743960,1.298282,-1.094411,4.707431,1.137669,-0.841914,4.762524,0.529298,-0.688425,4.600387,0.849472,-0.542222,4.743484,0.603699,-0.058907,4.721004,0.107360,-0.470103,4.672178,0.498595,0.366512,4.384559,0.132310,0.126525,4.412050
795,0.404930,-1.051636,4.399080,0.472849,-1.314924,4.238819,0.553425,-1.533284,4.291133,1.091718,-1.489655,4.751064,1.311376,-1.095243,4.696917,1.141881,-0.883761,4.774323,0.493208,-0.691910,4.615230,0.819049,-0.527676,4.753968,0.611786,-0.032116,4.693019,0.109399,-0.443164,4.667852,0.507742,0.403645,4.329770,0.182697,0.173276,4.397492
796,0.418837,-1.013652,4.415792,0.483773,-1.217391,4.256702,0.552627,-1.518600,4.296992,1.097456,-1.491676,4.747383,1.304298,-1.088081,4.700668,1.149984,-0.874155,4.769826,0.507055,-0.675626,4.616021,0.832280,-0.515290,4.752337,0.582466,0.013531,4.675549,0.116069,-0.457318,4.701431,0.482502,0.458244,4.289843,0.173002,0.101809,4.428741
797,0.412243,-1.027034,4.407054,0.467331,-1.234126,4.252008,0.533332,-1.513016,4.286047,1.094844,-1.474621,4.739827,1.285525,-1.071082,4.704527,1.152821,-0.878826,4.768827,0.511629,-0.695564,4.617435,0.847982,-0.543270,4.755501,0.696193,-0.039811,4.700594,0.140099,-0.463217,4.684663,0.488377,0.424605,4.297874,0.152539,0.105480,4.448382
798,0.395977,-1.019155,4.397614,0.460017,-1.241281,4.255274,0.527153,-1.510803,4.287917,1.084807,-1.486382,4.751261,1.280949,-1.098249,4.713836,1.137495,-0.835552,4.762332,0.508456,-0.678000,4.621635,0.839134,-0.524249,4.757409,0.662836,-0.093899,4.734148,0.103353,-0.480526,4.729731,0.519405,0.425572,4.311752,0.172257,0.140520,4.407741
799,0.398231,-1.000009,4.391623,0.454645,-1.224483,4.235357,0.535002,-1.503443,4.287309,1.077958,-1.494896,4.750709,1.258200,-1.118155,4.716620,1.141967,-0.844377,4.765123,0.515570,-0.692287,4.623215,0.845150,-0.549196,4.760041,0.664588,-0.156195,4.801794,0.124097,-0.456251,4.706850,0.535954,0.407912,4.332858,0.158864,0.148157,4.401064
800,0.399830,-1.028524,4.393988,0.436381,-1.235802,4.245993,0.530467,-1.501506,4.287369,1.082503,-1.502373,4.751909,1.269070,-1.122969,4.713745,1.140536,-0.846052,4.764567,0.519020,-0.692818,4.618750,0.846247,-0.553146,4.761505,0.664294,-0.106414,4.747585,0.137907,-0.446844,4.692406,0.546554,0.406172,4.330297,0.162046,0.144623,4.422309
801,0.411127,-1.014808,4.390079,0.499355,-1.205801,4.256363,0.545715,-1.499347,4.291049,1.078603,-1.504940,4.753870,1.282156,-1.106284,4.705009,1.141995,-0.860570,4.765956,0.522234,-0.686163,4.614887,0.853513,-0.543503,4.751907,0.621442,-0.110156,4.736794,0.146396,-0.436684,4.725920,0.546709,0.422418,4.327350,0.214707,0.196322,4.395612
802,0.408055,-1.048381,4.400246,0.466987,-1.281068,4.266184,0.541124,-1.514535,4.295479,1.075533,-1.512883,4.748148,1.285566,-1.117582,4.707669,1.140708,-0.863426,4.759343,0.515288,-0.699484,4.615434,0.841587,-0.559475,4.752757,0.619347,-0.126750,4.751933,0.163601,-0.428685,4.694600,0.516718,0.404296,4.350180,0.241371,0.224123,4.390866
803,0.402616,-0.998964,4.403607,0.515643,-1.171075,4.274565,0.547254,-1.496480,4.297585,1.093901,-1.500237,4.749031,1.276699,-1.100016,4.711030,1.139087,-0.851150,4.756389,0.524441,-0.680843,4.605501,0.848666,-0.540213,4.746130,0.602736,-0.087050,4.732929,0.152794,-0.458946,4.699630,0.505685,0.431997,4.326951,0.229330,0.198686,4.407653
804,0.409088,-1.040587,4.399970,0.478308,-1.254465,4.262815,0.558800,-1.494591,4.300418,1.096896,-1.492413,4.743359,1.292043,-1.111448,4.711031,1.136356,-0.858808,4.762073,0.531039,-0.694706,4.598229,0.846967,-0.544038,4.741167,0.622383,-0.134658,4.757596,0.145070,-0.454298,4.668798,0.488051,0.364225,4.377533,0.181129,0.127213,4.416118
805,0.414334,-1.027872,4.409920,0.492414,-1.231005,4.268208,0.568233,-1.493504,4.305570,1.089858,-1.499895,4.757855,1.286811,-1.110763,4.713710,1.139669,-0.852651,4.765148,0.549031,-0.698457,4.603646,0.849521,-0.563182,4.743460,0.630671,-0.137112,4.756611,0.146423,-0.444106,4.672381,0.518252,0.402189,4.368021,0.178796,0.118477,4.414018
806,0.431490,-1.013201,4.400166,0.505503,-1.207237,4.279762,0.570063,-1.488472,4.308842,1.089674,-1.488980,4.770693,1.290056,-1.121854,4.721055,1.125290,-0.842298,4.770016,0.539211,-0.703651,4.601875,0.847234,-0.559384,4.737411,0.623638,-0.100112,4.732880,0.164228,-0.445761,4.670434,0.521707,0.343331,4.417909,0.166192,0.139722,4.392244
807,0.431915,-1.013458,4.410252,0.506851,-1.220471,4.269731,0.552276,-1.508237,4.300522,1.084557,-1.482641,4.769572,1.291630,-1.138650,4.712344,1.129872,-0.851033,4.766901,0.531944,-0.734384,4.598216,0.837363,-0.595426,4.747596,0.595263,-0.187291,4.789259,0.179845,-0.437879,4.711103,0.505973,0.304658,4.441569,0.127898,0.110718,4.418890
808,0.418887,-1.042611,4.403835,0.491393,-1.275280,4.274690,0.572029,-1.502743,4.302118,1.095113,-1.476026,4.761228,1.298501,-1.108880,4.709793,1.134450,-0.824734,4.765234,0.540620,-0.709924,4.596171,0.853989,-0.577197,4.743791,0.576634,-0.188008,4.787831,0.184713,-0.455302,4.690373,0.506651,0.329102,4.418433,0.140131,0.120372,4.413387
809,0.416765,-1.036680,4.419626,0.509217,-1.270406,4.263674,0.569490,-1.503713,4.306810,1.088722,-1.486392,4.765877,1.310792,-1.107933,4.706189,1.136974,-0.831428,4.765240,0.540749,-0.711818,4.603085,0.858126,-0.573707,4.745898,0.572093,-0.218724,4.804910,0.176015,-0.453916,4.706339,0.499952,0.314870,4.434702,0.165499,0.133343,4.406269
810,0.424483,-1.052112,4.405041,0.490779,-1.284194,4.262254,0.567223,-1.515360,4.306858,1.089201,-1.481485,4.770744,1.317067,-1.111583,4.707240,1.149885,-0.845699,4.767629,0.531059,-0.714730,4.602378,0.851890,-0.568536,4.744035,0.554320,-0.195686,4.799095,0.166296,-0.442199,4.684255,0.480901,0.348883,4.398414,0.142832,0.133569,4.392808
811,0.425654,-1.025202,4.414643,0.504016,-1.260060,4.276797,0.555117,-1.523364,4.311024,1.092087,-1.478783,4.772781,1.321801,-1.103875,4.708500,1.139428,-0.859396,4.769680,0.539211,-0.704269,4.604732,0.854251,-0.556230,4.747644,0.577094,-0.153580,4.776368,0.163933,-0.432693,4.722630,0.484124,0.361226,4.396152,0.130709,0.109919,4.426991
812,0.434289,-1.029918,4.411348,0.499118,-1.274039,4.269523,0.552707,-1.518103,4.306210,1.091094,-1.485954,4.772334,1.319036,-1.124150,4.707920,1.138601,-0.873421,4.774144,0.525572,-0.714537,4.607269,0.838732,-0.555836,4.743960,0.564192,-0.172460,4.787534,0.171543,-0.450597,4.717826,0.479992,0.350093,4.395194,0.140604,0.108369,4.448736
813,0.419987,-1.047683,4.416218,0.484892,-1.290811,4.258091,0.549364,-1.526094,4.310560,1.089228,-1.481769,4.767634,1.311026,-1.119237,4.707082,1.141770,-0.865290,4.765988,0.515480,-0.715564,4.610336,0.835156,-0.550021,4.741128,0.582112,-0.161556,4.779712,0.166033,-0.457705,4.728709,0.495798,0.352078,4.400083,0.177636,0.138692,4.438042
814,0.424679,-1.039829,4.414042,0.472140,-1.291124,4.256755,0.546602,-1.515472,4.309514,1.092669,-1.480364,4.770737,1.302018,-1.106642,4.708334,1.135428,-0.865372,4.771333,0.522516,-0.711354,4.602391,0.846519,-0.565079,4.747004,0.612856,-0.178359,4.789210,0.172175,-0.444457,4.706393,0.510428,0.313303,4.431273,0.186505,0.129930,4.408730
815,0.420066,-1.033459,4.404577,0.480838,-1.289200,4.263963,0.553382,-1.516993,4.309639,1.091622,-1.480890,4.774426,1.300877,-1.114918,4.712967,1.134969,-0.865992,4.775389,0.527308,-0.708167,4.602608,0.847009,-0.563172,4.742392,0.597341,-0.182379,4.789497,0.168645,-0.450837,4.687855,0.518265,0.381225,4.380724,0.166713,0.124475,4.398009
816,0.416885,-1.043211,4.422731,0.470111,-1.312982,4.255592,0.549479,-1.513032,4.300814,1.094699,-1.475905,4.768968,1.293694,-1.120118,4.715605,1.135123,-0.875473,4.777931,0.524807,-0.711081,4.604275,0.840748,-0.562853,4.743541,0.580909,-0.217445,4.798936,0.167815,-0.453420,4.720284,0.497258,0.295457,4.443757,0.156147,0.143724,4.427637
817,0.419815,-1.041783,4.413610,0.489238,-1.278858,4.244172,0.550984,-1.508249,4.310808,1.093846,-1.469288,4.767406,1.311057,-1.097448,4.703187,1.144069,-0.842377,4.764967,0.514510,-0.704587,4.600510,0.834664,-0.552861,4.743676,0.585201,-0.193453,4.786016,0.202293,-0.448077,4.733507,0.497940,0.357838,4.378999,0.172956,0.138111,4.450212
818,0.415202,-1.027047,4.399655,0.481891,-1.285541,4.246657,0.545647,-1.503216,4.315654,1.089440,-1.470672,4.780932,1.286056,-1.134346,4.713234,1.144908,-0.862477,4.770329,0.505429,-0.705217,4.602001,0.825504,-0.554449,4.747629,0.584170,-0.219566,4.801461,0.209575,-0.441125,4.698977,0.490238,0.293776,4.441232,0.184839,0.122911,4.424419
819,0.419199,-1.038652,4.403410,0.474149,-1.255544,4.246085,0.540913,-1.499687,4.312067,1.082872,-1.469034,4.776697,1.297360,-1.141581,4.715243,1.137548,-0.872155,4.773407,0.504244,-0.703614,4.604611,0.816593,-0.553999,4.747536,0.578414,-0.218071,4.804942,0.197304,-0.449376,4.711845,0.488446,0.306095,4.428786,0.167610,0.125199,4.429710
820,0.409164,-1.025778,4.421157,0.486421,-1.222713,4.260983,0.542199,-1.505878,4.310259,1.087207,-1.469938,4.774727,1.295171,-1.117144,4.711459,1.130930,-0.865494,4.767726,0.505350,-0.703343,4.605296,0.824955,-0.555737,4.751968,0.587051,-0.210803,4.806219,0.210720,-0.465987,4.714462,0.485085,0.304931,4.433443,0.197552,0.121118,4.424630
821,0.425279,-1.036704,4.418361,0.473356,-1.288455,4.253318,0.542294,-1.504469,4.309444,1.084667,-1.473388,4.773035,1.292058,-1.130651,4.708841,1.136545,-0.877067,4.768139,0.504581,-0.700382,4.612863,0.823373,-0.544560,4.754241,0.586057,-0.206548,4.803965,0.161591,-0.449336,4.726359,0.479720,0.339730,4.398973,0.169736,0.131587,4.447417
822,0.421667,-1.040093,4.401599,0.476903,-1.284265,4.258417,0.528236,-1.514296,4.307141,1.088258,-1.476181,4.766639,1.286896,-1.133170,4.706249,1.143121,-0.849639,4.759031,0.504165,-0.709420,4.612638,0.836465,-0.553814,4.752897,0.598552,-0.179928,4.785274,0.186635,-0.435876,4.696407,0.484298,0.357311,4.389266,0.215784,0.144160,4.431903
823,0.420648,-1.025977,4.416365,0.475424,-1.201424,4.260256,0.534317,-1.485770,4.308489,1.084670,-1.447922,4.769274,1.280810,-1.122488,4.700591,1.148449,-0.814983,4.752700,0.507254,-0.685131,4.611264,0.832833,-0.528457,4.751538,0.636042,-0.110835,4.754809,0.155350,-0.439560,4.726619,0.488227,0.367901,4.378764,0.184338,0.136800,4.425186
824,0.411497,-1.048185,4.422167,0.444861,-1.226726,4.242340,0.520628,-1.496773,4.305375,1.089180,-1.456463,4.776770,1.281874,-1.120360,4.715240,1.149037,-0.842632,4.761604,0.496687,-0.685078,4.617467,0.828910,-0.526896,4.755302,0.592887,-0.178370,4.793201,0.183400,-0.423296,4.726257,0.485422,0.382244,4.351866,0.204094,0.167512,4.395588
825,0.419572,-1.040868,4.415951,0.455507,-1.225395,4.244028,0.520780,-1.494906,4.301759,1.077551,-1.450873,4.775245,1.289030,-1.127850,4.707859,1.166471,-0.823823,4.756180,0.506754,-0.687939,4.614831,0.836844,-0.519455,4.751009,0.613131,-0.161811,4.784179,0.186113,-0.434564,4.711889,0.470018,0.361956,4.380582,0.197735,0.139176,4.419132
826,0.408652,-1.044503,4.423222,0.464763,-1.239340,4.228330,0.520560,-1.502825,4.299041,1.065581,-1.451678,4.780135,1.296438,-1.134679,4.708067,1.156224,-0.852725,4.761449,0.489920,-0.689036,4.617191,0.813849,-0.513710,4.757499,0.600263,-0.139139,4.772554,0.172290,-0.434739,4.713253,0.497251,0.403774,4.332194,0.189273,0.157490,4.390503
827,0.407099,-1.020121,4.420567,0.457261,-1.196613,4.253799,0.515999,-1.500446,4.304037,1.073997,-1.470741,4.788245,1.270519,-1.096174,4.715836,1.149368,-0.821837,4.760023,0.489199,-0.685656,4.626422,0.812183,-0.523576,4.766752,0.621595,-0.113654,4.754932,0.166722,-0.431154,4.720077,0.489103,0.417490,4.300698,0.176568,0.146837,4.403476
828,0.409754,-1.063402,4.414368,0.431464,-1.290144,4.235102,0.520907,-1.504804,4.303861,1.067117,-1.460850,4.780461,1.269877,-1.131004,4.717641,1.158467,-0.844923,4.763133,0.476300,-0.705131,4.630928,0.799076,-0.518284,4.766533,0.624679,-0.071557,4.724651,0.182535,-0.426609,4.707838,0.477532,0.302839,4.420524,0.168838,0.131498,4.414602
829,0.399112,-1.009403,4.416998,0.436018,-1.172850,4.238295,0.510265,-1.500762,4.300882,1.067189,-1.472774,4.768354,1.280648,-1.120402,4.718132,1.157040,-0.824123,4.759222,0.481810,-0.682468,4.636608,0.818042,-0.504129,4.766935,0.646698,-0.042880,4.707875,0.153165,-0.471224,4.746274,0.477805,0.420065,4.291749,0.164558,0.119357,4.430867
830,0.389920,-1.024238,4.411894,0.432002,-1.191930,4.239083,0.511677,-1.499480,4.297202,1.054296,-1.495468,4.781131,1.272158,-1.143052,4.726351,1.148000,-0.828145,4.761002,0.487669,-0.687897,4.630124,0.813191,-0.520212,4.768805,0.611782,-0.159617,4.779497,0.155819,-0.465225,4.784478,0.471877,0.390625,4.336804,0.174720,0.146493,4.410285
831,0.388624,-1.031033,4.415973,0.442370,-1.183678,4.258704,0.517070,-1.501807,4.304064,1.057666,-1.481325,4.780915,1.271712,-1.121823,4.723806,1.143171,-0.792334,4.758900,0.485500,-0.688640,4.639348,0.819858,-0.517906,4.769833,0.655295,-0.094644,4.737701,0.190345,-0.442539,4.719291,0.510688,0.444054,4.269199,0.179471,0.157499,4.395086
832,0.402653,-1.038457,4.417940,0.432552,-1.226455,4.254177,0.511723,-1.506413,4.299150,1.061243,-1.471491,4.770893,1.274298,-1.126181,4.702613,1.147393,-0.799600,4.751868,0.482473,-0.704298,4.630461,0.819870,-0.523848,4.765019,0.659211,-0.134638,4.756635,0.169356,-0.478142,4.745100,0.534399,0.436431,4.296156,0.205862,0.148133,4.417239
833,0.402888,-1.026085,4.423673,0.456375,-1.191310,4.229783,0.504719,-1.508877,4.291765,1.057285,-1.478627,4.775764,1.269216,-1.133051,4.712912,1.143415,-0.820995,4.765355,0.489109,-0.699244,4.628092,0.829685,-0.527417,4.762565,0.662434,-0.116045,4.743866,0.200490,-0.455973,4.724284,0.525379,0.419759,4.321716,0.195215,0.171424,4.399218
834,0.399722,-1.031761,4.417776,0.430465,-1.222646,4.240902,0.507733,-1.496859,4.299774,1.065608,-1.467579,4.769799,1.274933,-1.123832,4.706627,1.150244,-0.824109,4.759430,0.499208,-0.691478,4.621584,0.835546,-0.532896,4.760638,0.588608,-0.155408,4.798688,0.190185,-0.465027,4.731129,0.543863,0.427770,4.307171,0.175785,0.142210,4.416560
835,0.391377,-1.027633,4.413509,0.422144,-1.203411,4.246438,0.504617,-1.490695,4.309217,1.059660,-1.475319,4.776113,1.253572,-1.112961,4.707716,1.143381,-0.815250,4.757602,0.497263,-0.684099,4.623230,0.833645,-0.525320,4.755006,0.654713,-0.164163,4.789716,0.186712,-0.451466,4.731588,0.527135,0.394503,4.340216,0.180748,0.154942,4.410231
836,0.399278,-1.012836,4.412278,0.440168,-1.199395,4.261338,0.502400,-1.501933,4.302027,1.070925,-1.487992,4.781750,1.265329,-1.116687,4.703826,1.133760,-0.812627,4.762111,0.493748,-0.696880,4.616920,0.828392,-0.530445,4.758317,0.656403,-0.184403,4.774863,0.190882,-0.462914,4.726990,0.509384,0.385301,4.356290,0.207171,0.172598,4.419785
837,0.400110,-1.037174,4.410159,0.457554,-1.235218,4.243590,0.501875,-1.502765,4.305334,1.065939,-1.475904,4.780980,1.255388,-1.132025,4.709854,1.143723,-0.816442,4.755798,0.484408,-0.686003,4.614379,0.815963,-0.523285,4.752464,0.606453,-0.173869,4.776392,0.160752,-0.465970,4.719820,0.490397,0.386179,4.344720,0.195312,0.158853,4.423820
838,0.395184,-1.027404,4.421956,0.451653,-1.275013,4.235168,0.504077,-1.508654,4.301774,1.064802,-1.495364,4.774997,1.261254,-1.133957,4.709649,1.136544,-0.799857,4.756167,0.493196,-0.704891,4.617801,0.817948,-0.546297,4.759237,0.595784,-0.151119,4.772799,0.151648,-0.437940,4.732147,0.449612,0.353860,4.379891,0.204675,0.150309,4.443732
839,0.400294,-1.009420,4.427353,0.476026,-1.195513,4.253829,0.507049,-1.489085,4.302867,1.063186,-1.481159,4.764918,1.254334,-1.154299,4.704770,1.139313,-0.816229,4.761673,0.495421,-0.685785,4.605344,0.823334,-0.535997,4.750010,0.617088,-0.133099,4.763028,0.151839,-0.442137,4.708868,0.480723,0.369439,4.382497,0.224707,0.165519,4.413793
840,0.407514,-1.009969,4.413932,0.472796,-1.193050,4.247723,0.518148,-1.488170,4.307434,1.065319,-1.494130,4.767296,1.254384,-1.132320,4.722338,1.129664,-0.800286,4.757703,0.513262,-0.685332,4.605267,0.841814,-0.551413,4.747113,0.609396,-0.166315,4.780543,0.161359,-0.460676,4.708442,0.497532,0.378892,4.374769,0.174969,0.105634,4.428908
841,0.404364,-0.990570,4.410811,0.473805,-1.165732,4.253221,0.511718,-1.489329,4.308642,1.062766,-1.502222,4.772156,1.257447,-1.135605,4.715292,1.129424,-0.808415,4.757751,0.507655,-0.703532,4.606719,0.820010,-0.552419,4.749970,0.632780,-0.094900,4.741264,0.157044,-0.447077,4.704425,0.503886,0.365775,4.396223,0.164338,0.132191,4.413060
842,0.398741,-1.023272,4.420348,0.465309,-1.199887,4.255827,0.520758,-1.476457,4.304828,1.069861,-1.494264,4.771281,1.234425,-1.153506,4.725061,1.136532,-0.866134,4.768991,0.517599,-0.697268,4.598015,0.831502,-0.560825,4.747408,0.630200,-0.162986,4.773972,0.160161,-0.460423,4.694244,0.510325,0.372356,4.378552,0.145967,0.102753,4.427231
843,0.401240,-1.035965,4.410344,0.464109,-1.242617,4.234069,0.526028,-1.487598,4.301007,1.077748,-1.495488,4.754078,1.270426,-1.165052,4.711960,1.149789,-0.853362,4.758592,0.506813,-0.705757,4.593196,0.832657,-0.554088,4.735211,0.626047,-0.158607,4.771308,0.168994,-0.439956,4.691745,0.522590,0.326655,4.427248,0.158069,0.147242,4.406284
844,0.418187,-1.029877,4.432456,0.475028,-1.193632,4.241969,0.532991,-1.467222,4.305540,1.074613,-1.489687,4.758977,1.252302,-1.154613,4.719677,1.145417,-0.841736,4.763020,0.526897,-0.692242,4.588879,0.843513,-0.563820,4.739938,0.614243,-0.142871,4.762812,0.155791,-0.433734,4.682144,0.521801,0.379181,4.386326,0.158626,0.138490,4.396525
845,0.406991,-1.007988,4.420627,0.460855,-1.213561,4.245624,0.528502,-1.476736,4.305585,1.082370,-1.493577,4.752645,1.282467,-1.155439,4.706067,1.155358,-0.848034,4.755875,0.511084,-0.707692,4.594810,0.833646,-0.563056,4.739238,0.596600,-0.165052,4.777802,0.160566,-0.437895,4.698604,0.508141,0.353368,4.403142,0.161580,0.154242,4.400945
846,0.406868,-1.019747,4.416142,0.463546,-1.213346,4.240544,0.528174,-1.478454,4.301061,1.078505,-1.495746,4.753659,1.279105,-1.151993,4.707504,1.151394,-0.840054,4.755408,0.516487,-0.700403,4.593324,0.830898,-0.563594,4.740544,0.617317,-0.168609,4.777371,0.163107,-0.449006,4.691733,0.516059,0.334109,4.421873,0.165255,0.135192,4.402744
847,0.405811,-1.000475,4.416950,0.466280,-1.197416,4.252812,0.527702,-1.488445,4.311073,1.079214,-1.499818,4.775147,1.275658,-1.170685,4.719035,1.144448,-0.862986,4.764183,0.509929,-0.704679,4.592412,0.832618,-0.565220,4.741868,0.618859,-0.134698,4.755411,0.162289,-0.432482,4.668002,0.515876,0.347106,4.406682,0.157918,0.127468,4.391966
848,0.405868,-1.024374,4.407953,0.468327,-1.225964,4.245896,0.555153,-1.474471,4.309300,1.089692,-1.480300,4.765109,1.281657,-1.170235,4.710866,1.146973,-0.872863,4.764150,0.506525,-0.701267,4.603190,0.820613,-0.562015,4.742199,0.592735,-0.205974,4.791407,0.156853,-0.446996,4.702822,0.508943,0.329494,4.416505,0.186992,0.136350,4.418018
849,0.425391,-1.045958,4.407918,0.442819,-1.281997,4.239333,0.556769,-1.499923,4.311544,1.082332,-1.482413,4.769327,1.292567,-1.164523,4.703591,1.157451,-0.868059,4.762918,0.506904,-0.718927,4.601629,0.818447,-0.575119,4.743368,0.599959,-0.193331,4.791953,0.168433,-0.431788,4.677977,0.508936,0.339093,4.409447,0.179474,0.142349,4.430762
850,0.415527,-1.013506,4.407518,0.453851,-1.217033,4.244718,0.538702,-1.494756,4.304880,1.080368,-1.486300,4.766180,1.287340,-1.169918,4.704474,1.160717,-0.883263,4.759550,0.515022,-0.708084,4.607850,0.822408,-0.571846,4.750029,0.596092,-0.183178,4.785625,0.164327,-0.431600,4.721375,0.494414,0.335567,4.410058,0.183802,0.152934,4.452271
851,0.420325,-1.035215,4.397821,0.467185,-1.311153,4.228289,0.553377,-1.516800,4.319821,1.092612,-1.494840,4.777829,1.277336,-1.156805,4.713630,1.156984,-0.835090,4.755342,0.522866,-0.727921,4.605398,0.847627,-0.589140,4.751697,0.602429,-0.181823,4.794229,0.168670,-0.417043,4.661302,0.518690,0.332635,4.422014,0.179063,0.142377,4.384952
852,0.414713,-1.040589,4.399636,0.456931,-1.252366,4.220940,0.555098,-1.507237,4.319181,1.091272,-1.479962,4.778928,1.258067,-1.160726,4.709726,1.157926,-0.849907,4.762119,0.522013,-0.731147,4.601706,0.841095,-0.574642,4.746525,0.594387,-0.191561,4.798631,0.159301,-0.440755,4.694906,0.508314,0.300503,4.443098,0.174615,0.148904,4.405957
853,0.422460,-1.033009,4.388858,0.465739,-1.239393,4.236662,0.547132,-1.514741,4.318529,1.096623,-1.478550,4.774773,1.283581,-1.153194,4.708923,1.163665,-0.849595,4.743957,0.529506,-0.739554,4.606047,0.846945,-0.577143,4.743260,0.644568,-0.133316,4.756080,0.173981,-0.434566,4.680026,0.500957,0.344338,4.408357,0.166680,0.136811,4.406863
854,0.414921,-1.045450,4.400214,0.461330,-1.232839,4.237500,0.555400,-1.516735,4.321584,1.089780,-1.493701,4.781273,1.273277,-1.152576,4.710410,1.149617,-0.838097,4.753450,0.526617,-0.731114,4.613698,0.842907,-0.571303,4.747933,0.620975,-0.166070,4.780990,0.172125,-0.454898,4.686466,0.489733,0.329485,4.415394,0.188660,0.119051,4.411479
855,0.407408,-1.044817,4.412808,0.470019,-1.235450,4.233409,0.566841,-1.515869,4.323240,1.099023,-1.476044,4.777463,1.255189,-1.148826,4.720627,1.148028,-0.831545,4.753882,0.521623,-0.735082,4.609082,0.838814,-0.576323,4.750155,0.619680,-0.186472,4.790958,0.175929,-0.439023,4.673714,0.490713,0.289899,4.447180,0.179147,0.130006,4.448483
856,0.410625,-1.052563,4.400979,0.466124,-1.248566,4.240608,0.558942,-1.513381,4.322194,1.099494,-1.472208,4.775471,1.253240,-1.138968,4.715623,1.149711,-0.834326,4.754988,0.515177,-0.722621,4.604308,0.834660,-0.561762,4.743631,0.614658,-0.209061,4.803394,0.168403,-0.456060,4.673025,0.471972,0.313664,4.421020,0.200675,0.150173,4.432462
857,0.423696,-1.055004,4.401752,0.476925,-1.257155,4.231876,0.552742,-1.528200,4.321681,1.099016,-1.471347,4.772220,1.254807,-1.144236,4.716442,1.157492,-0.835618,4.752056,0.506666,-0.734796,4.602087,0.828147,-0.568262,4.741704,0.606472,-0.202272,4.796430,0.172594,-0.443441,4.644508,0.503106,0.325294,4.421673,0.202989,0.159499,4.395469
858,0.424455,-1.045186,4.419830,0.484821,-1.263248,4.247760,0.561788,-1.528079,4.327957,1.100704,-1.482036,4.783482,1.260991,-1.146527,4.724523,1.155971,-0.847226,4.754286,0.525247,-0.740309,4.602990,0.841526,-0.581063,4.749341,0.610008,-0.200447,4.802070,0.172759,-0.439134,4.666330,0.521339,0.321284,4.435225,0.184308,0.136845,4.413730
859,0.411564,-1.059169,4.421910,0.479614,-1.259741,4.251865,0.560147,-1.519465,4.326526,1.112359,-1.471963,4.781453,1.250387,-1.140991,4.729624,1.144416,-0.817161,4.749666,0.529335,-0.716042,4.610456,0.848292,-0.553940,4.739450,0.627818,-0.159893,4.777468,0.154419,-0.441842,4.714405,0.526544,0.305689,4.452220,0.196285,0.137652,4.426742
860,0.425698,-1.023701,4.407860,0.497185,-1.245759,4.263364,0.549848,-1.525633,4.326082,1.110686,-1.469702,4.775022,1.272449,-1.123361,4.712224,1.162628,-0.826571,4.751855,0.518255,-0.731175,4.624126,0.842632,-0.566149,4.758739,0.599210,-0.188211,4.796173,0.171717,-0.432027,4.701047,0.477876,0.306264,4.435568,0.169378,0.135530,4.441113
861,0.424486,-1.008058,4.405156,0.478721,-1.221159,4.263153,0.552035,-1.502244,4.327079,1.103305,-1.481080,4.777144,1.276039,-1.137301,4.713502,1.153566,-0.833262,4.754539,0.514252,-0.708788,4.622583,0.843516,-0.542392,4.751397,0.610665,-0.124029,4.758248,0.165618,-0.450308,4.736910,0.484017,0.348800,4.390709,0.183496,0.141158,4.427112
862,0.420124,-1.025601,4.408650,0.478143,-1.242584,4.251848,0.549323,-1.515567,4.324961,1.117216,-1.465952,4.781528,1.272787,-1.124332,4.712849,1.167397,-0.817041,4.752045,0.504368,-0.714116,4.620154,0.830616,-0.530947,4.757273,0.597202,-0.116971,4.753712,0.158410,-0.437532,4.707071,0.464549,0.350985,4.390911,0.190291,0.118775,4.440611
863,0.421994,-1.002945,4.407337,0.477851,-1.227496,4.246847,0.544577,-1.500244,4.313344,1.118587,-1.452358,4.777022,1.247593,-1.124877,4.739476,1.166572,-0.832399,4.767670,0.476519,-0.708924,4.620478,0.817086,-0.519877,4.756094,0.628333,-0.139450,4.762264,0.164444,-0.412728,4.725751,0.467534,0.334002,4.388229,0.146224,0.099721,4.461833
864,0.406992,-1.013534,4.419522,0.470433,-1.213034,4.242648,0.545927,-1.495016,4.317532,1.092711,-1.487496,4.792768,1.261777,-1.143744,4.724826,1.156419,-0.835910,4.763108,0.491099,-0.699617,4.627622,0.824721,-0.508170,4.766944,0.628293,-0.066541,4.724401,0.202559,-0.454504,4.751283,0.449318,0.366441,4.353415,0.168025,0.119718,4.427151
865,0.391119,-0.978123,4.408206,0.453955,-1.158037,4.264696,0.535400,-1.513591,4.319612,1.099214,-1.486571,4.796930,1.255138,-1.122114,4.728873,1.150570,-0.825149,4.762775,0.490806,-0.699839,4.641830,0.821024,-0.527747,4.781895,0.634362,-0.032352,4.705659,0.186514,-0.425700,4.739333,0.475498,0.412708,4.305184,0.181605,0.103977,4.440236
866,0.387166,-0.979321,4.403008,0.469133,-1.134729,4.251857,0.524135,-1.519754,4.311474,1.093371,-1.490232,4.779950,1.257871,-1.111095,4.731831,1.153958,-0.820516,4.763764,0.503818,-0.684169,4.631617,0.831828,-0.513764,4.767982,0.658294,-0.008986,4.687020,0.180122,-0.445634,4.772258,0.502237,0.411376,4.308795,0.161008,0.106055,4.460698
867,0.392617,-0.974458,4.417498,0.456850,-1.100421,4.259206,0.519362,-1.506353,4.316365,1.089289,-1.499370,4.786838,1.265775,-1.088623,4.726341,1.151487,-0.796584,4.762510,0.492588,-0.696074,4.633244,0.823174,-0.531357,4.777312,0.618191,-0.025731,4.703367,0.177492,-0.445616,4.750382,0.472479,0.401305,4.309856,0.171798,0.118166,4.446262
868,0.394650,-1.009876,4.407550,0.455482,-1.135789,4.259478,0.521610,-1.512066,4.316058,1.090843,-1.491231,4.785666,1.256922,-1.091953,4.726628,1.149822,-0.792453,4.759180,0.492913,-0.719633,4.636677,0.821682,-0.546814,4.779747,0.631020,-0.020222,4.696429,0.150691,-0.448785,4.751957,0.488762,0.426120,4.312475,0.184582,0.137925,4.415477
869,0.400251,-1.020694,4.418592,0.447979,-1.187730,4.248259,0.520802,-1.503972,4.314682,1.082990,-1.482602,4.782905,1.248824,-1.125507,4.727143,1.156280,-0.809729,4.761403,0.489311,-0.703338,4.639086,0.822585,-0.519981,4.775136,0.627897,-0.015961,4.691995,0.140079,-0.444194,4.743144,0.498730,0.417634,4.317878,0.178129,0.126557,4.430303
870,0.387686,-1.036866,4.412268,0.454393,-1.197215,4.237373,0.513674,-1.506289,4.303822,1.075765,-1.482630,4.774690,1.264181,-1.119637,4.721236,1.154357,-0.822207,4.757266,0.492435,-0.684543,4.629420,0.824370,-0.514338,4.765028,0.612802,-0.057582,4.718288,0.144099,-0.459116,4.739783,0.535093,0.480625,4.311054,0.206625,0.110870,4.429604
871,0.390751,-0.998389,4.414828,0.429853,-1.182531,4.236797,0.505245,-1.494224,4.311556,1.068884,-1.490329,4.788232,1.258162,-1.129002,4.726713,1.148759,-0.836007,4.763492,0.476883,-0.682985,4.628338,0.813873,-0.504419,4.766267,0.627387,-0.041644,4.711452,0.166646,-0.426227,4.737291,0.491432,0.390903,4.341231,0.174578,0.131845,4.410843
872,0.400634,-1.012304,4.413775,0.445969,-1.193200,4.237652,0.512382,-1.492638,4.312914,1.062988,-1.498585,4.787673,1.259880,-1.129810,4.723406,1.153042,-0.835287,4.760619,0.479568,-0.696327,4.617288,0.819349,-0.518900,4.761640,0.628375,-0.029177,4.702288,0.181207,-0.439988,4.734347,0.486280,0.414251,4.324468,0.189764,0.136690,4.409111
873,0.396372,-1.060594,4.414531,0.423935,-1.292057,4.224992,0.518323,-1.510771,4.307787,1.072094,-1.483240,4.784626,1.259733,-1.157945,4.725162,1.147391,-0.819236,4.763366,0.469274,-0.720633,4.616710,0.803872,-0.532497,4.753716,0.609967,-0.132420,4.755011,0.182924,-0.465993,4.708038,0.452009,0.340314,4.390836,0.195725,0.107493,4.445354
874,0.390911,-1.045479,4.411849,0.419038,-1.268912,4.217697,0.518356,-1.508501,4.310638,1.065918,-1.494947,4.786095,1.255554,-1.171746,4.717212,1.141945,-0.819624,4.761882,0.475193,-0.700239,4.616757,0.804056,-0.525450,4.757537,0.605497,-0.163940,4.778265,0.146043,-0.463762,4.712395,0.448318,0.344091,4.393881,0.194161,0.132007,4.419157
875,0.394020,-1.006979,4.408476,0.459577,-1.264377,4.233699,0.518659,-1.504875,4.314470,1.069079,-1.498754,4.784796,1.264402,-1.148781,4.719296,1.150698,-0.807099,4.759631,0.485218,-0.705781,4.623642,0.816808,-0.546423,4.758080,0.605405,-0.149460,4.773015,0.168122,-0.451324,4.705413,0.494704,0.303334,4.446645,0.219392,0.125501,4.431589
876,0.379810,-1.000958,4.419879,0.443879,-1.211806,4.251617,0.526516,-1.501903,4.317692,1.067028,-1.509943,4.787490,1.254668,-1.169084,4.726522,1.150169,-0.817684,4.759295,0.490947,-0.716699,4.617332,0.818632,-0.550035,4.762266,0.627903,-0.162660,4.781672,0.148905,-0.446884,4.718730,0.479635,0.330642,4.407969,0.172119,0.125918,4.448997
877,0.378321,-1.001812,4.408839,0.438304,-1.226635,4.246561,0.525597,-1.495099,4.319722,1.072297,-1.508773,4.793756,1.261338,-1.161936,4.721970,1.144440,-0.808970,4.762022,0.495641,-0.706111,4.621443,0.829745,-0.538790,4.761318,0.640332,-0.062130,4.725390,0.152093,-0.438109,4.702589,0.497166,0.398172,4.366626,0.190041,0.138469,4.436131
878,0.410392,-0.975905,4.417410,0.467182,-1.198357,4.255174,0.525591,-1.496275,4.318237,1.063371,-1.511847,4.794868,1.258989,-1.164917,4.721824,1.143858,-0.821279,4.763569,0.513808,-0.706288,4.619350,0.837535,-0.558558,4.758291,0.624240,-0.177444,4.788714,0.161000,-0.452457,4.718752,0.505933,0.360649,4.402113,0.187238,0.135007,4.454553
879,0.408341,-0.964596,4.415976,0.455262,-1.170278,4.267687,0.524632,-1.481069,4.318026,1.070954,-1.502613,4.789751,1.252491,-1.160771,4.731586,1.146348,-0.818963,4.764973,0.505675,-0.715187,4.611553,0.835479,-0.559232,4.755933,0.631950,-0.144029,4.772396,0.176612,-0.454808,4.715431,0.479751,0.324482,4.431947,0.187775,0.121719,4.468326
880,0.406163,-0.965844,4.406312,0.454962,-1.192885,4.259684,0.524856,-1.481061,4.322526,1.066522,-1.502104,4.787708,1.258471,-1.155217,4.726805,1.148339,-0.814506,4.765380,0.509940,-0.690737,4.611860,0.833342,-0.551100,4.757192,0.627539,-0.148131,4.773824,0.168836,-0.456163,4.700378,0.480975,0.350130,4.398166,0.174570,0.122761,4.450441
881,0.389376,-0.949050,4.417555,0.441699,-1.161125,4.264065,0.520933,-1.473548,4.320381,1.065708,-1.508280,4.800124,1.252611,-1.165275,4.732230,1.146511,-0.810672,4.764047,0.502953,-0.695065,4.612329,0.834490,-0.553952,4.760520,0.625137,-0.153807,4.776117,0.158051,-0.459963,4.687723,0.520550,0.420456,4.373588,0.207716,0.146882,4.412348
882,0.386363,-0.968995,4.408085,0.434691,-1.189804,4.249430,0.520070,-1.483080,4.316362,1.065235,-1.503483,4.799116,1.252226,-1.153864,4.732471,1.141821,-0.803718,4.766184,0.502168,-0.698222,4.613497,0.828117,-0.553022,4.760002,0.634414,-0.147371,4.773700,0.156238,-0.461595,4.720643,0.497361,0.370190,4.401820,0.169429,0.109637,4.449648
883,0.376259,-0.975088,4.414433,0.469504,-1.169464,4.249531,0.525020,-1.489346,4.313513,1.064853,-1.491700,4.788192,1.256447,-1.140154,4.726051,1.143533,-0.813805,4.766584,0.496447,-0.701811,4.616778,0.822090,-0.545735,4.761408,0.627272,-0.148256,4.768336,0.154456,-0.451815,4.723564,0.490029,0.369802,4.393742,0.176632,0.118927,4.439110
884,0.381494,-0.982176,4.403811,0.453471,-1.169163,4.232852,0.517193,-1.488132,4.307373,1.060120,-1.505253,4.798234,1.254467,-1.135440,4.735812,1.137458,-0.809214,4.767476,0.485739,-0.699020,4.627143,0.814630,-0.539647,4.773158,0.628228,-0.111457,4.755526,0.183441,-0.416765,4.742583,0.502859,0.405731,4.381199,0.195772,0.118860,4.429972
885,0.395560,-0.961316,4.421854,0.431510,-1.167218,4.246782,0.509295,-1.491676,4.318192,1.067056,-1.503708,4.799296,1.259565,-1.119129,4.723963,1.139269,-0.816654,4.760880,0.490776,-0.688702,4.618975,0.831198,-0.545656,4.769568,0.615513,-0.206858,4.826191,0.191169,-0.478141,4.723897,0.520910,0.410739,4.332679,0.199881,0.153257,4.413702
886,0.386642,-0.959035,4.415552,0.453570,-1.153076,4.245011,0.516590,-1.484746,4.306735,1.070681,-1.490840,4.795381,1.255266,-1.130062,4.736207,1.142298,-0.797206,4.762476,0.488933,-0.676334,4.632040,0.829949,-0.522099,4.773174,0.634218,-0.147232,4.770764,0.168255,-0.463848,4.731834,0.551866,0.501045,4.308589,0.196467,0.146846,4.410138
887,0.388302,-0.972584,4.410427,0.441465,-1.166756,4.247438,0.517821,-1.487515,4.308534,1.065151,-1.492252,4.791964,1.245812,-1.112734,4.737486,1.138527,-0.785645,4.764129,0.504053,-0.679998,4.619596,0.838148,-0.533226,4.764487,0.652753,-0.082886,4.730685,0.172793,-0.463946,4.737341,0.533532,0.445230,4.323834,0.189526,0.121542,4.434269
888,0.372235,-1.006834,4.404933,0.448603,-1.182671,4.247385,0.515642,-1.492980,4.307335,1.062782,-1.493610,4.792435,1.258807,-1.092807,4.728372,1.142864,-0.789531,4.760803,0.508029,-0.674653,4.623014,0.837965,-0.534275,4.769604,0.649809,-0.102649,4.739430,0.163400,-0.422197,4.690325,0.531640,0.456565,4.315156,0.198135,0.149624,4.402466
889,0.381564,-0.985553,4.412563,0.455193,-1.169474,4.240483,0.514836,-1.490043,4.308365,1.056790,-1.492391,4.797456,1.251370,-1.089941,4.721176,1.140580,-0.780736,4.758564,0.511912,-0.691217,4.620369,0.839548,-0.550561,4.772133,0.649057,-0.150944,4.770995,0.154241,-0.442663,4.701039,0.537450,0.450947,4.327190,0.202413,0.162454,4.413771
890,0.388972,-1.004676,4.416193,0.447090,-1.186492,4.243255,0.513525,-1.496057,4.316266,1.054546,-1.501871,4.796913,1.253096,-1.112999,4.729640,1.148408,-0.783009,4.759383,0.512637,-0.689723,4.618445,0.849814,-0.546340,4.759073,0.623271,-0.129752,4.764262,0.167380,-0.454995,4.721861,0.541882,0.454435,4.314173,0.216219,0.138962,4.433201
891,0.386234,-1.016836,4.410140,0.442494,-1.233211,4.237604,0.520372,-1.488930,4.315784,1.048276,-1.502077,4.798976,1.258661,-1.140948,4.727006,1.151696,-0.825204,4.759906,0.505693,-0.677408,4.615144,0.836582,-0.537691,4.760421,0.642581,-0.170200,4.786611,0.159427,-0.447490,4.714571,0.513294,0.423586,4.337856,0.184525,0.145407,4.409942
892,0.383008,-1.017521,4.416688,0.436760,-1.258463,4.242553,0.509749,-1.503868,4.315447,1.047878,-1.493181,4.803177,1.255489,-1.122656,4.726892,1.140060,-0.801421,4.757216,0.489157,-0.702188,4.616436,0.828150,-0.548731,4.769497,0.633551,-0.137488,4.766858,0.178340,-0.446403,4.680721,0.499322,0.393870,4.346308,0.204649,0.151307,4.420518
893,0.380789,-1.022715,4.407574,0.413874,-1.237690,4.233171,0.511939,-1.487478,4.318193,1.042201,-1.486081,4.800696,1.240068,-1.116074,4.728934,1.133093,-0.786907,4.763173,0.480524,-0.693244,4.616548,0.817833,-0.544166,4.756666,0.629466,-0.130357,4.760767,0.188371,-0.445725,4.725013,0.480227,0.398031,4.355578,0.211108,0.151998,4.403133
894,0.386502,-1.019663,4.415337,0.405029,-1.239727,4.238389,0.502663,-1.488166,4.317511,1.053939,-1.474564,4.797739,1.245580,-1.140101,4.734697,1.146278,-0.798930,4.760209,0.485721,-0.687886,4.614001,0.827404,-0.547677,4.757072,0.594285,-0.155439,4.777667,0.194148,-0.432350,4.715596,0.479452,0.368861,4.399055,0.252280,0.137052,4.440353
895,0.382089,-1.024396,4.417874,0.412123,-1.286838,4.237997,0.506686,-1.501431,4.320231,1.043767,-1.483890,4.803072,1.251778,-1.164111,4.737104,1.139090,-0.807829,4.763637,0.476945,-0.685829,4.609753,0.813135,-0.533743,4.754188,0.631053,-0.109897,4.747424,0.165091,-0.452508,4.689548,0.484549,0.373981,4.379647,0.203539,0.139667,4.437293
896,0.367848,-0.998391,4.412620,0.434171,-1.245442,4.250804,0.501808,-1.488102,4.319608,1.044400,-1.484920,4.802918,1.248315,-1.151588,4.732562,1.141269,-0.800727,4.762361,0.474988,-0.682096,4.610250,0.817992,-0.526500,4.754360,0.641239,-0.122415,4.756430,0.181369,-0.449351,4.696553,0.505977,0.403271,4.380995,0.202363,0.143779,4.419869
897,0.379943,-1.035122,4.406869,0.407690,-1.283829,4.245148,0.497232,-1.490604,4.315456,1.039253,-1.492512,4.808108,1.252213,-1.163108,4.740799,1.143544,-0.809194,4.761164,0.492028,-0.683989,4.608572,0.825138,-0.545906,4.754380,0.643564,-0.142712,4.771748,0.163473,-0.439542,4.661656,0.541074,0.419207,4.381458,0.229538,0.165525,4.415543
898,0.365570,-1.021012,4.404752,0.416056,-1.250488,4.248700,0.495974,-1.487557,4.315429,1.047950,-1.478495,4.806417,1.250745,-1.134756,4.744697,1.144796,-0.797381,4.768488,0.501928,-0.687789,4.615164,0.844248,-0.548945,4.763271,0.659914,-0.123663,4.752163,0.148934,-0.439180,4.666654,0.571406,0.424020,4.376046,0.237934,0.155294,4.436559
899,0.389646,-1.039914,4.411366,0.441907,-1.270086,4.245603,0.496658,-1.489982,4.307908,1.045185,-1.474049,4.805400,1.263446,-1.118261,4.734924,1.148226,-0.778996,4.758348,0.495360,-0.691919,4.606717,0.834454,-0.535075,4.757230,0.641773,-0.155106,4.766485,0.186643,-0.449837,4.700275,0.555580,0.423704,4.382196,0.238772,0.157797,4.420804
900,0.381133,-1.022473,4.405688,0.431745,-1.246979,4.247209,0.494842,-1.490620,4.310660,1.036789,-1.480421,4.808090,1.260736,-1.120829,4.724823,1.141001,-0.782899,4.758854,0.498690,-0.684933,4.617054,0.832739,-0.551029,4.763996,0.644964,-0.127738,4.761469,0.167552,-0.458084,4.673514,0.530257,0.414096,4.380529,0.253292,0.080799,4.502010
901,0.377418,-1.035143,4.391709,0.418592,-1.259632,4.252362,0.487527,-1.486301,4.309105,1.040145,-1.474232,4.811316,1.253232,-1.099137,4.727784,1.138636,-0.788688,4.760259,0.496478,-0.677838,4.624061,0.832613,-0.521681,4.767335,0.677605,-0.091662,4.750194,0.156099,-0.439065,4.711715,0.550563,0.495618,4.342785,0.235971,0.170561,4.430415
902,0.370344,-1.035822,4.396889,0.411361,-1.247187,4.243434,0.490990,-1.490402,4.309796,1.037640,-1.480363,4.812932,1.253367,-1.107612,4.728060,1.137531,-0.796646,4.764381,0.495341,-0.687576,4.622334,0.831321,-0.537596,4.767821,0.683321,-0.091041,4.735177,0.166077,-0.436977,4.698125,0.562595,0.435055,4.377343,0.217345,0.157508,4.427511
903,0.370096,-1.018014,4.401124,0.402755,-1.245039,4.243176,0.488259,-1.474414,4.312374,1.041994,-1.472438,4.811625,1.250664,-1.110014,4.723103,1.142008,-0.792285,4.757694,0.499547,-0.670260,4.614075,0.840782,-0.527006,4.760307,0.695199,-0.127418,4.750178,0.164186,-0.454857,4.691310,0.547929,0.423576,4.376620,0.190051,0.126007,4.439881
904,0.372070,-1.034371,4.402236,0.412627,-1.273012,4.238853,0.482248,-1.486757,4.303445,1.043702,-1.466373,4.815082,1.240161,-1.120039,4.734379,1.138866,-0.807746,4.763142,0.479377,-0.674027,4.619948,0.815791,-0.516138,4.763564,0.666218,-0.070465,4.728070,0.165521,-0.442086,4.677401,0.554975,0.477035,4.312329,0.198440,0.145060,4.423145
905,0.372620,-1.013866,4.395276,0.423632,-1.247474,4.248907,0.492060,-1.479549,4.317362,1.038787,-1.475029,4.823182,1.241710,-1.130353,4.740038,1.145687,-0.803876,4.769007,0.487409,-0.673860,4.629659,0.831484,-0.507468,4.764840,0.653710,-0.061294,4.725317,0.178451,-0.462483,4.685009,0.522483,0.494593,4.287146,0.204674,0.133197,4.426799
906,0.372772,-0.998625,4.397248,0.434338,-1.216435,4.252222,0.492443,-1.469683,4.313628,1.032732,-1.479322,4.820035,1.245081,-1.124341,4.733782,1.149079,-0.813733,4.767013,0.479210,-0.669758,4.635336,0.807251,-0.513003,4.770324,0.646560,-0.061380,4.724779,0.160802,-0.423520,4.711852,0.509736,0.493575,4.304595,0.201717,0.148852,4.419561
907,0.351112,-1.029902,4.399921,0.396289,-1.225791,4.240393,0.491631,-1.474282,4.310535,1.034809,-1.472308,4.819223,1.246503,-1.122230,4.736538,1.145144,-0.815498,4.765805,0.492017,-0.667046,4.627096,0.826705,-0.512834,4.760262,0.664555,-0.019210,4.699002,0.178084,-0.434393,4.683385,0.507725,0.469491,4.310637,0.204761,0.140196,4.430139
908,0.348989,-1.014221,4.411889,0.384800,-1.217060,4.254239,0.493673,-1.472894,4.316721,1.035927,-1.467919,4.829435,1.246221,-1.113335,4.736603,1.143414,-0.813083,4.770985,0.473573,-0.682342,4.630615,0.812959,-0.526782,4.774441,0.659415,-0.113235,4.751101,0.181788,-0.462706,4.690601,0.529421,0.502132,4.308206,0.218963,0.150827,4.411012
909,0.349786,-1.005785,4.408832,0.411020,-1.199038,4.252012,0.494224,-1.459731,4.311297,1.030172,-1.474686,4.825088,1.264671,-1.107278,4.725880,1.145684,-0.810633,4.761663,0.489552,-0.671318,4.614003,0.825564,-0.535514,4.765355,0.649207,-0.144201,4.767391,0.161421,-0.418907,4.690457,0.560081,0.508184,4.318077,0.218380,0.182558,4.394302
910,0.363988,-1.017836,4.401473,0.391505,-1.241872,4.244125,0.489849,-1.471245,4.310155,1.034015,-1.468309,4.816122,1.254677,-1.104909,4.725930,1.139149,-0.798370,4.764486,0.486151,-0.664917,4.616952,0.828292,-0.513483,4.756822,0.664759,-0.152029,4.779208,0.169524,-0.441662,4.707267,0.515430,0.430804,4.389076,0.223301,0.166473,4.412758
911,0.364363,-1.032859,4.410377,0.401290,-1.300864,4.239981,0.490002,-1.491108,4.316289,1.035287,-1.466286,4.829971,1.259800,-1.105460,4.729596,1.139942,-0.784072,4.760249,0.476610,-0.675203,4.622449,0.814180,-0.516202,4.765649,0.671857,-0.086343,4.731226,0.177035,-0.439116,4.674921,0.548638,0.454731,4.357510,0.238159,0.189088,4.384418
912,0.355477,-1.066653,4.414183,0.392878,-1.320194,4.235210,0.496449,-1.501567,4.321264,1.043022,-1.477157,4.835664,1.252279,-1.133587,4.733592,1.149012,-0.800965,4.763917,0.482089,-0.672535,4.625672,0.825908,-0.515076,4.767106,0.640146,-0.126228,4.756969,0.165379,-0.430814,4.674165,0.501423,0.391507,4.378844,0.206522,0.148823,4.417474
913,0.347007,-1.029863,4.407641,0.400683,-1.270136,4.246006,0.490060,-1.503798,4.312473,1.047707,-1.471792,4.831302,1.244622,-1.119895,4.736890,1.145101,-0.806331,4.766817,0.480175,-0.663693,4.617049,0.817908,-0.510666,4.763398,0.624760,-0.160742,4.779089,0.162960,-0.429398,4.654824,0.509106,0.465123,4.305696,0.219553,0.170864,4.401539
914,0.354383,-1.061848,4.405518,0.387247,-1.309504,4.237212,0.489311,-1.505551,4.315872,1.041882,-1.479362,4.832796,1.255248,-1.135147,4.740563,1.152476,-0.802890,4.769793,0.477606,-0.668109,4.626037,0.814477,-0.515520,4.768355,0.640173,-0.119604,4.761519,0.150150,-0.428890,4.680799,0.484185,0.429132,4.350130,0.199777,0.139688,4.424707
915,0.375731,-1.015009,4.412879,0.403419,-1.281984,4.249853,0.486300,-1.498246,4.313351,1.048572,-1.468152,4.831508,1.254495,-1.129383,4.738647,1.151249,-0.802271,4.765526,0.481460,-0.674131,4.616723,0.831314,-0.506854,4.761024,0.668233,-0.114063,4.760356,0.175964,-0.427744,4.670334,0.546487,0.479858,4.329696,0.205083,0.137786,4.427474
916,0.353777,-1.054659,4.416364,0.379716,-1.315038,4.243223,0.493028,-1.495704,4.320333,1.046185,-1.464697,4.832265,1.252039,-1.118047,4.740299,1.146455,-0.792375,4.767353,0.479508,-0.671857,4.625077,0.815236,-0.507755,4.762651,0.655490,-0.084764,4.734815,0.178064,-0.432765,4.678673,0.507954,0.427633,4.348759,0.214217,0.152774,4.424760
917,0.347162,-1.030937,4.412788,0.394005,-1.259625,4.245614,0.490479,-1.506398,4.317411,1.044346,-1.479307,4.829139,1.256184,-1.110585,4.732287,1.147499,-0.788534,4.762131,0.484430,-0.683561,4.621081,0.824384,-0.531276,4.769394,0.651337,-0.093482,4.746502,0.167954,-0.455826,4.688221,0.539056,0.506182,4.309227,0.223314,0.168592,4.404700
918,0.371002,-1.028280,4.407511,0.396984,-1.280251,4.246067,0.490237,-1.496399,4.320141,1.050362,-1.473738,4.831638,1.251051,-1.085801,4.730373,1.142313,-0.779131,4.765041,0.494202,-0.676939,4.616322,0.830551,-0.526286,4.765816,0.667706,-0.104799,4.746676,0.168638,-0.450558,4.674795,0.547013,0.464529,4.326072,0.225104,0.142731,4.427592
919,0.373008,-1.014221,4.402069,0.423387,-1.211441,4.271470,0.492319,-1.493688,4.323244,1.048506,-1.494152,4.828833,1.260664,-1.086276,4.727141,1.143737,-0.780398,4.765012,0.502243,-0.678978,4.618809,0.836878,-0.537106,4.763211,0.669378,-0.151514,4.774097,0.179866,-0.493189,4.695703,0.538837,0.473965,4.329569,0.231920,0.152450,4.420933
920,0.354152,-0.993462,4.401419,0.408146,-1.226530,4.269929,0.486887,-1.497993,4.309648,1.051353,-1.484018,4.827452,1.256405,-1.063265,4.729646,1.141170,-0.770299,4.761518,0.497893,-0.677509,4.617497,0.845854,-0.524483,4.763912,0.692495,-0.118151,4.754226,0.192037,-0.491381,4.697374,0.552053,0.471692,4.349853,0.245425,0.154602,4.428138
921,0.357389,-1.016395,4.425435,0.412812,-1.229913,4.257151,0.487419,-1.496381,4.316716,1.040268,-1.478417,4.823169,1.268441,-1.065786,4.723427,1.136320,-0.768224,4.756242,0.489961,-0.690488,4.614399,0.825853,-0.531166,4.762597,0.661392,-0.152584,4.778397,0.175192,-0.482997,4.691216,0.529961,0.430441,4.362851,0.206657,0.138588,4.439247
922,0.375632,-0.990158,4.390332,0.419777,-1.184883,4.268457,0.483998,-1.487948,4.311981,1.036624,-1.491033,4.832973,1.251516,-1.088954,4.727619,1.138096,-0.775381,4.758955,0.499885,-0.670550,4.620640,0.838931,-0.528432,4.765817,0.671776,-0.175752,4.787638,0.187199,-0.507632,4.706371,0.530652,0.499518,4.336483,0.239212,0.194412,4.402659
923,0.360347,-1.004045,4.394836,0.437706,-1.163550,4.268531,0.483327,-1.493881,4.313332,1.027815,-1.496720,4.827141,1.247183,-1.088109,4.737462,1.133741,-0.791558,4.771925,0.510534,-0.674812,4.618585,0.838889,-0.537868,4.768825,0.671234,-0.116932,4.755358,0.168996,-0.470219,4.681136,0.536374,0.432955,4.375998,0.217080,0.151871,4.434156
924,0.371849,-0.993243,4.406928,0.412717,-1.189459,4.264807,0.494108,-1.475745,4.307836,1.038886,-1.498013,4.832651,1.254275,-1.067736,4.728270,1.137303,-0.781297,4.754336,0.503832,-0.674300,4.612831,0.826107,-0.532356,4.767813,0.651003,-0.107878,4.749213,0.174735,-0.464095,4.700049,0.537617,0.480854,4.368530,0.227395,0.164055,4.418897
925,0.345304,-0.999001,4.430336,0.429480,-1.172337,4.258440,0.497589,-1.468948,4.305931,1.044184,-1.481564,4.832415,1.260005,-1.071092,4.737370,1.129321,-0.788873,4.765538,0.493115,-0.686552,4.614799,0.814626,-0.537604,4.774672,0.637396,-0.124345,4.759281,0.172851,-0.461198,4.662818,0.543558,0.405886,4.375387,0.197597,0.120811,4.447250
926,0.348265,-1.000158,4.410256,0.451750,-1.157735,4.272325,0.492244,-1.488349,4.313266,1.039622,-1.504259,4.824465,1.274206,-1.053968,4.721428,1.138487,-0.773986,4.764824,0.506036,-0.684692,4.624062,0.844065,-0.536659,4.766819,0.662619,-0.172258,4.783149,0.196292,-0.511000,4.722851,0.539756,0.475746,4.308073,0.202489,0.143617,4.436873
927,0.352258,-0.990750,4.398118,0.442736,-1.162267,4.271587,0.489512,-1.489204,4.302109,1.042832,-1.505908,4.823908,1.264980,-1.080204,4.728467,1.142175,-0.792523,4.767123,0.503242,-0.687051,4.617235,0.829090,-0.546985,4.771815,0.661340,-0.118518,4.755157,0.173794,-0.487287,4.705001,0.522429,0.509508,4.278185,0.206882,0.147680,4.436306
928,0.340294,-0.994872,4.414614,0.439905,-1.178677,4.271066,0.500483,-1.468465,4.298372,1.036836,-1.511459,4.831749,1.260519,-1.092101,4.737610,1.135738,-0.795386,4.775794,0.496350,-0.688073,4.615064,0.819876,-0.536183,4.768416,0.648291,-0.095139,4.747560,0.163454,-0.425258,4.656269,0.529626,0.509293,4.310107,0.195447,0.155184,4.413789
929,0.344334,-0.988037,4.415349,0.441090,-1.146001,4.270313,0.499999,-1.474481,4.293538,1.034149,-1.510164,4.826486,1.267713,-1.072895,4.740842,1.132901,-0.781900,4.772013,0.495560,-0.691307,4.619185,0.815777,-0.542051,4.773428,0.672623,-0.060132,4.723631,0.178492,-0.472865,4.692914,0.543068,0.452301,4.336136,0.172849,0.090512,4.478768
930,0.356667,-0.979703,4.410093,0.442093,-1.142111,4.263492,0.489759,-1.488376,4.298581,1.036929,-1.522754,4.832924,1.251070,-1.074679,4.737058,1.129806,-0.785511,4.771208,0.499854,-0.696945,4.618952,0.837222,-0.552154,4.777955,0.696121,-0.109909,4.748650,0.182029,-0.488859,4.702380,0.564514,0.547036,4.293453,0.209778,0.150713,4.442706
931,0.343134,-0.977748,4.424301,0.423530,-1.174703,4.275365,0.498372,-1.484417,4.288146,1.043690,-1.514577,4.811073,1.262198,-1.080013,4.735407,1.132186,-0.774834,4.767665,0.498008,-0.694319,4.622742,0.829762,-0.533162,4.769272,0.672511,-0.125888,4.764204,0.165758,-0.475519,4.731624,0.554065,0.436101,4.367621,0.215918,0.179408,4.404988
932,0.353040,-0.996503,4.406229,0.448612,-1.157814,4.278752,0.495681,-1.489527,4.293689,1.040924,-1.540326,4.818824,1.271814,-1.053050,4.725889,1.148052,-0.763961,4.768648,0.503497,-0.703893,4.628368,0.844662,-0.543479,4.776483,0.649855,-0.153050,4.786721,0.174386,-0.479542,4.692598,0.523516,0.425264,4.353549,0.200266,0.129011,4.440901
933,0.341585,-1.028292,4.422854,0.442850,-1.225936,4.281274,0.488844,-1.505840,4.288814,1.039935,-1.556703,4.824561,1.270494,-1.087649,4.743815,1.149705,-0.785093,4.777237,0.498025,-0.728121,4.635280,0.822820,-0.563825,4.789202,0.652297,-0.098713,4.745959,0.183857,-0.481116,4.699410,0.540771,0.540819,4.288312,0.210122,0.114182,4.455665
934,0.341587,-1.019780,4.408686,0.440394,-1.221318,4.287627,0.498970,-1.473814,4.280059,1.046395,-1.543701,4.812110,1.267305,-1.100816,4.740067,1.144023,-0.795475,4.767013,0.507668,-0.711416,4.635255,0.828377,-0.542424,4.781103,0.668864,-0.060446,4.733803,0.187644,-0.491251,4.721014,0.538384,0.435109,4.363838,0.187447,0.097136,4.479465
935,0.305886,-1.032164,4.421992,0.440961,-1.173205,4.298900,0.493453,-1.485430,4.283155,1.051154,-1.575649,4.814434,1.249587,-1.082520,4.745670,1.152480,-0.772676,4.771189,0.512124,-0.725492,4.634514,0.827714,-0.568476,4.789345,0.675360,-0.035334,4.715072,0.193174,-0.474531,4.718765,0.568638,0.539615,4.257114,0.194089,0.132377,4.429852
936,0.331293,-1.007930,4.419680,0.436967,-1.190219,4.279969,0.498072,-1.517631,4.266111,1.058258,-1.574039,4.817964,1.253057,-1.076312,4.750147,1.157441,-0.763008,4.783591,0.516697,-0.739591,4.634449,0.838058,-0.563570,4.781222,0.691984,-0.025858,4.703944,0.190282,-0.511473,4.742075,0.540571,0.483429,4.271349,0.173959,0.088121,4.475230
937,0.321712,-1.044120,4.418520,0.440239,-1.226220,4.281004,0.495261,-1.509469,4.268887,1.043209,-1.606687,4.826464,1.243003,-1.092615,4.748520,1.155726,-0.771159,4.753542,0.507940,-0.719238,4.631129,0.836347,-0.555565,4.781765,0.672915,-0.112050,4.754315,0.182380,-0.489734,4.728323,0.535990,0.554000,4.223598,0.172245,0.132228,4.438371
938,0.345964,-1.035196,4.427824,0.439225,-1.193025,4.296004,0.513569,-1.513531,4.260150,1.049211,-1.594476,4.806426,1.231825,-1.095507,4.751445,1.148641,-0.773896,4.757556,0.501051,-0.722323,4.631641,0.827046,-0.548885,4.779696,0.672192,-0.015401,4.705725,0.196437,-0.521120,4.798864,0.517606,0.495568,4.274512,0.194774,0.114941,4.449119
939,0.343775,-1.051010,4.423035,0.419852,-1.178832,4.302795,0.497174,-1.515705,4.252341,1.051944,-1.614258,4.812829,1.227157,-1.095724,4.758612,1.129466,-0.762756,4.775857,0.506530,-0.743433,4.636703,0.844277,-0.581471,4.787360,0.678521,-0.081338,4.743724,0.193789,-0.501408,4.733347,0.546653,0.514038,4.250619,0.158661,0.133605,4.437967
940,0.354072,-1.034863,4.415420,0.420264,-1.170046,4.292636,0.500850,-1.514495,4.262044,1.052411,-1.611302,4.819991,1.230360,-1.094005,4.765166,1.138655,-0.768043,4.769844,0.519257,-0.722479,4.634893,0.854500,-0.569095,4.780500,0.678677,-0.097088,4.743203,0.224451,-0.458366,4.769559,0.507194,0.449414,4.304226,0.192613,0.139432,4.449246
941,0.356415,-1.018341,4.409894,0.434335,-1.187351,4.301059,0.499276,-1.542353,4.244220,1.048938,-1.617828,4.816043,1.234866,-1.081037,4.753997,1.151476,-0.723521,4.759687,0.508095,-0.734460,4.638789,0.840691,-0.566109,4.783909,0.671451,-0.031528,4.712061,0.198966,-0.420727,4.739856,0.508924,0.464617,4.291257,0.186990,0.109877,4.479659
942,0.356476,-1.062293,4.416398,0.479951,-1.174142,4.303488,0.517340,-1.519817,4.236891,1.059613,-1.599360,4.773999,1.208028,-1.118817,4.758754,1.142618,-0.782649,4.772650,0.516017,-0.733718,4.639934,0.848628,-0.572423,4.775704,0.673429,-0.068056,4.736568,0.215596,-0.394103,4.749874,0.495001,0.288990,4.459836,0.172867,0.104323,4.502475
943,0.380257,-1.026985,4.407710,0.490846,-1.136627,4.301115,0.512829,-1.513039,4.243745,1.059394,-1.625056,4.787092,1.194708,-1.116089,4.773396,1.143377,-0.761496,4.769404,0.528449,-0.759864,4.645545,0.856602,-0.611890,4.788286,0.743772,-0.059415,4.726593,0.219475,-0.488858,4.778316,0.540383,0.311026,4.446226,0.161592,0.086464,4.507959
944,0.354940,-1.035009,4.419019,0.447943,-1.106601,4.293358,0.514798,-1.526303,4.242404,1.051545,-1.646703,4.791914,1.211422,-1.108705,4.768985,1.154373,-0.784295,4.774153,0.509507,-0.752038,4.633698,0.847968,-0.582526,4.779892,0.675545,-0.104923,4.749950,0.193650,-0.381668,4.718524,0.544097,0.416641,4.336727,0.163735,0.115622,4.473653
945,0.358003,-1.048352,4.418129,0.432833,-1.170667,4.304617,0.509659,-1.564775,4.203128,1.084162,-1.628921,4.761799,1.177093,-1.089686,4.767781,1.149962,-0.772143,4.761367,0.498761,-0.748973,4.618204,0.855068,-0.573976,4.771341,0.713979,-0.022387,4.704495,0.195462,-0.429823,4.762133,0.521002,0.414050,4.325011,0.169407,0.086718,4.489873
946,0.361101,-0.988249,4.424577,0.436284,-1.137319,4.302743,0.523326,-1.540076,4.219762,1.068720,-1.663438,4.764377,1.187615,-1.093287,4.756170,1.156418,-0.787112,4.763781,0.496251,-0.758379,4.623548,0.848128,-0.587881,4.775318,0.744530,-0.047608,4.712967,0.227514,-0.407199,4.727897,0.521571,0.398400,4.335059,0.173036,0.126465,4.477408
947,0.381981,-0.999318,4.440443,0.482732,-1.149499,4.311861,0.517730,-1.542333,4.215678,1.071101,-1.640426,4.762639,1.199790,-1.059244,4.745552,1.150924,-0.762284,4.761144,0.489488,-0.741497,4.625604,0.839186,-0.556904,4.765393,0.731144,-0.053166,4.713758,0.208378,-0.336269,4.687033,0.503943,0.372968,4.353117,0.165186,0.113458,4.479557
948,0.380041,-0.987465,4.418727,0.441835,-1.101284,4.305561,0.507318,-1.585083,4.210060,1.077389,-1.695099,4.772610,1.191917,-1.089014,4.758534,1.171352,-0.781553,4.761446,0.505448,-0.747609,4.626846,0.874589,-0.617414,4.778919,0.745929,-0.019631,4.694526,0.240449,-0.303152,4.690250,0.527640,0.381780,4.365716,0.172442,0.112992,4.488611
949,0.379003,-0.970039,4.425334,0.478425,-1.105621,4.306612,0.527857,-1.551699,4.188330,1.077466,-1.679167,4.747353,1.184196,-1.077105,4.756392,1.166884,-0.816402,4.769102,0.493369,-0.753664,4.626209,0.867856,-0.609826,4.775597,0.734899,-0.006461,4.693677,0.222048,-0.267597,4.666204,0.507920,0.351128,4.393434,0.171095,0.116058,4.490688
950,0.350089,-0.942770,4.423340,0.461427,-1.132923,4.303352,0.511294,-1.580958,4.180304,1.098690,-1.650410,4.751393,1.199029,-1.093471,4.762339,1.163847,-0.772999,4.760690,0.497404,-0.706623,4.609885,0.875583,-0.563756,4.761650,0.737437,0.052704,4.649550,0.221576,-0.178204,4.626358,0.522216,0.384898,4.339595,0.153812,0.111539,4.477307
951,0.352586,-0.994438,4.420691,0.461733,-1.125625,4.308415,0.492656,-1.589812,4.182700,1.084670,-1.652190,4.742053,1.160165,-1.074380,4.763279,1.162278,-0.791593,4.762781,0.487124,-0.733886,4.615151,0.862654,-0.581298,4.766016,0.752196,0.042715,4.654678,0.183931,-0.229002,4.649508,0.507918,0.383092,4.350236,0.104920,0.117317,4.470054
952,0.561063,-0.917178,4.423841,0.504602,-1.077115,4.307174,0.509097,-1.597985,4.183846,1.091954,-1.661499,4.748269,1.160782,-1.085945,4.763884,1.168394,-0.801131,4.766980,0.492468,-0.747631,4.616397,0.835876,-0.585487,4.769893,0.760482,0.012658,4.677005,0.232110,-0.281026,4.680031,0.511761,0.387635,4.341935,0.146552,0.111248,4.479363
953,0.483646,-1.009025,4.420801,0.498507,-1.089179,4.313495,0.526161,-1.524981,4.182795,1.090382,-1.633580,4.747923,1.176844,-1.054508,4.759059,1.170997,-0.801099,4.764934,0.503463,-0.719742,4.609299,0.867656,-0.590144,4.768903,0.737197,-0.002648,4.683003,0.237077,-0.272932,4.659967,0.526134,0.384865,4.350254,0.141265,0.092850,4.485860
954,0.387966,-0.975791,4.425328,0.497292,-1.109239,4.312722,0.501184,-1.623573,4.172610,1.089906,-1.705398,4.745580,1.163536,-1.132326,4.765465,1.170319,-0.790871,4.768801,0.478630,-0.770393,4.622643,0.865813,-0.634056,4.778315,0.736638,-0.001876,4.687927,0.226504,-0.294307,4.677757,0.526320,0.381816,4.350653,0.127839,0.138163,4.457929
955,0.557323,-0.930145,4.424536,0.489948,-1.126319,4.301813,0.517426,-1.610420,4.187948,1.088552,-1.679743,4.764020,1.140557,-1.141141,4.790260,1.156949,-0.843402,4.779569,0.463673,-0.775226,4.625461,0.836878,-0.618968,4.782298,0.721003,0.016052,4.675736,0.211792,-0.283468,4.660543,0.507222,0.399867,4.319510,0.126257,0.077604,4.512060
956,0.394255,-1.007361,4.428473,0.431364,-1.175323,4.306841,0.541846,-1.603576,4.184788,1.092366,-1.720025,4.768043,1.145791,-1.138124,4.789565,1.159415,-0.823376,4.773413,0.480235,-0.757567,4.612686,0.853383,-0.609765,4.773326,0.720265,0.028574,4.667502,0.229136,-0.264494,4.651839,0.509703,0.357932,4.375070,0.148382,0.108408,4.473310
957,0.374740,-1.020522,4.428013,0.419868,-1.188928,4.300313,0.567364,-1.573736,4.202610,1.098730,-1.652448,4.765681,1.154000,-1.098689,4.769806,1.148124,-0.812885,4.767585,0.480443,-0.756558,4.610084,0.821378,-0.581380,4.770100,0.702500,-0.004462,4.689753,0.217501,-0.283981,4.648312,0.505928,0.380188,4.366231,0.137298,0.056599,4.512620
958,0.368659,-1.007068,4.430036,0.411417,-1.181346,4.309853,0.526489,-1.632930,4.195341,1.090822,-1.694982,4.766201,1.158781,-1.098828,4.774440,1.141382,-0.807659,4.776244,0.463911,-0.759736,4.612473,0.813907,-0.599654,4.776524,0.717051,-0.016818,4.696517,0.212091,-0.296158,4.665740,0.492014,0.365800,4.375647,0.134144,0.046035,4.530008
959,0.366947,-1.003682,4.437286,0.419044,-1.204751,4.301832,0.564083,-1.619737,4.188271,1.092866,-1.686339,4.755126,1.188480,-1.093704,4.765057,1.154255,-0.800322,4.759145,0.485659,-0.765545,4.608717,0.835088,-0.595192,4.770478,0.711484,-0.006518,4.691845,0.218737,-0.332926,4.674715,0.498320,0.370528,4.368985,0.126088,0.066682,4.504401
960,0.373231,-1.008540,4.440354,0.461987,-1.114472,4.318869,0.534390,-1.583641,4.179151,1.092354,-1.672715,4.750509,1.148835,-1.078400,4.761684,1.157160,-0.823885,4.768792,0.475557,-0.729807,4.608557,0.846992,-0.610797,4.770620,0.760316,-0.082397,4.728887,0.239953,-0.299013,4.663749,0.497791,0.267445,4.479408,0.152658,0.095513,4.476249
961,0.376765,-1.058448,4.433201,0.383392,-1.197772,4.297318,0.514875,-1.595562,4.203958,1.084486,-1.653111,4.761192,1.153440,-1.089807,4.766414,1.155473,-0.819203,4.769124,0.486438,-0.763054,4.624907,0.840719,-0.611776,4.778548,0.745112,-0.000915,4.687949,0.231619,-0.324043,4.691352,0.513798,0.355324,4.381564,0.153855,0.097546,4.471375
962,0.374435,-0.993218,4.435175,0.430468,-1.138417,4.318769,0.521982,-1.614620,4.192319,1.093732,-1.666616,4.764967,1.168560,-1.109168,4.776995,1.166003,-0.800316,4.764104,0.491169,-0.785924,4.625144,0.860519,-0.641580,4.784153,0.757343,-0.034487,4.704952,0.229921,-0.315869,4.673115,0.533089,0.372203,4.366405,0.147023,0.085751,4.464158
963,0.359630,-1.287223,4.420041,0.388760,-1.230079,4.277005,0.549076,-1.578950,4.207527,1.050502,-1.664209,4.771739,1.110809,-1.078166,4.759596,1.151989,-0.830368,4.764405,0.478573,-0.711295,4.614361,0.828340,-0.577419,4.770184,0.739385,-0.009510,4.687941,0.212459,-0.310168,4.674403,0.478158,0.299426,4.435499,0.139708,0.092177,4.487441
964,0.359932,-1.181677,4.438990,0.426276,-1.226795,4.284965,0.537099,-1.592070,4.255627,1.070756,-1.635050,4.803061,1.135126,-1.099714,4.773019,1.139101,-0.824949,4.774388,0.471204,-0.741101,4.628963,0.793795,-0.586924,4.782126,0.734843,0.024165,4.670256,0.215947,-0.282280,4.661133,0.502101,0.388711,4.343666,0.113831,0.072328,4.509449
965,0.576635,-0.880861,4.425529,0.499918,-1.024502,4.314188,0.524856,-1.563066,4.248886,1.078991,-1.678467,4.797161,1.156543,-1.099375,4.760554,1.151286,-0.794149,4.764803,0.472179,-0.736383,4.631650,0.812141,-0.556269,4.770004,0.721683,-0.007095,4.690430,0.210185,-0.296563,4.686824,0.510787,0.370426,4.360238,0.148510,0.089577,4.499967
966,0.676339,-0.770500,4.414733,0.513776,-1.005467,4.313727,0.522405,-1.514730,4.242393,1.069255,-1.632531,4.800463,1.157488,-1.067376,4.774325,1.145692,-0.788408,4.769592,0.499011,-0.710369,4.628434,0.819491,-0.533470,4.768900,0.690100,-0.002610,4.692863,0.205460,-0.327736,4.705672,0.523195,0.395418,4.339479,0.136846,0.083898,4.511576
967,0.350934,-1.005763,4.400283,0.430835,-1.148364,4.289373,0.521578,-1.550021,4.233283,1.066676,-1.624241,4.798094,1.206300,-1.106191,4.759206,1.139089,-0.770096,4.764601,0.475713,-0.731020,4.632481,0.811167,-0.547866,4.776839,0.676810,-0.005279,4.696326,0.180946,-0.323633,4.695294,0.518365,0.308115,4.436366,0.122316,0.053345,4.533819
968,0.336728,-1.014870,4.395480,0.446902,-1.172064,4.262014,0.495300,-1.546416,4.309120,1.039431,-1.607617,4.852889,1.227020,-1.072699,4.749230,1.152026,-0.765679,4.756790,0.473520,-0.726950,4.637470,0.799352,-0.548009,4.788608,0.655693,0.014867,4.684039,0.162766,-0.412425,4.704278,0.531763,0.477365,4.315958,0.150017,0.110043,4.451984
969,0.361613,-0.985358,4.392452,0.431976,-1.122194,4.282037,0.488737,-1.453179,4.307584,1.021411,-1.574471,4.830398,1.219306,-1.124139,4.745429,1.155594,-0.799419,4.774271,0.480631,-0.669593,4.633957,0.812090,-0.501627,4.765381,0.641885,0.025796,4.682851,0.188006,-0.420899,4.698559,0.556449,0.475645,4.312669,0.166386,0.100491,4.462529
970,0.362880,-0.981602,4.398276,0.406738,-1.154015,4.261512,0.478095,-1.476260,4.299645,1.020985,-1.579983,4.835207,1.226657,-1.139367,4.745140,1.155754,-0.822882,4.769651,0.484770,-0.690720,4.623539,0.827906,-0.518424,4.763285,0.695998,0.001880,4.693666,0.196508,-0.484860,4.679058,0.554754,0.514351,4.296739,0.207220,0.125818,4.447207
971,0.344324,-1.071825,4.402861,0.397280,-1.225551,4.257651,0.499904,-1.441386,4.299526,1.026222,-1.502398,4.827262,1.267991,-1.108239,4.737720,1.153106,-0.816258,4.774188,0.480837,-0.690475,4.625634,0.812243,-0.518063,4.767677,0.654742,-0.077471,4.744616,0.183770,-0.419560,4.721757,0.540796,0.469475,4.331359,0.175566,0.124824,4.440552
972,0.354882,-1.096444,4.395820,0.409249,-1.255956,4.243214,0.473719,-1.498927,4.331122,1.011371,-1.537161,4.843407,1.241324,-1.094004,4.727101,1.141076,-0.787982,4.759902,0.478952,-0.691596,4.620795,0.818336,-0.518284,4.755764,0.642357,-0.056397,4.716383,0.179296,-0.464059,4.671653,0.556039,0.453231,4.341676,0.183745,0.146794,4.436695
973,0.385143,-1.084243,4.396667,0.452272,-1.289792,4.248478,0.509421,-1.434659,4.328700,1.003273,-1.382040,4.821274,1.276021,-1.193124,4.728352,1.150864,-0.840542,4.763362,0.483626,-0.642307,4.606409,0.802654,-0.443169,4.727832,0.594745,-0.073015,4.732009,0.169105,-0.449252,4.645760,0.468798,0.365890,4.390912,0.193886,0.131088,4.449655
974,0.395927,-1.033938,4.416070,0.459366,-1.252402,4.271441,0.504462,-1.444546,4.337399,1.023882,-1.387239,4.809400,1.292195,-1.158971,4.723154,1.145201,-0.840836,4.771624,0.469614,-0.660074,4.596334,0.796059,-0.469267,4.722866,0.613420,-0.106372,4.748477,0.205526,-0.492665,4.684745,0.489988,0.304024,4.445168,0.224956,0.134744,4.478346
975,0.391006,-1.030913,4.396698,0.451526,-1.226570,4.253820,0.485817,-1.437150,4.324662,1.030204,-1.417899,4.817935,1.294684,-1.123977,4.710328,1.134735,-0.827568,4.770367,0.484913,-0.690230,4.607101,0.802785,-0.511402,4.744044,0.637886,-0.148200,4.778453,0.182380,-0.507348,4.674055,0.497403,0.277177,4.470329,0.198888,0.101299,4.478810
976,0.394061,-1.041127,4.401479,0.462160,-1.245540,4.256422,0.494695,-1.468624,4.318192,1.032262,-1.441679,4.799655,1.277038,-1.155685,4.722427,1.151704,-0.844336,4.762330,0.479921,-0.695247,4.594484,0.802011,-0.507372,4.733992,0.641696,-0.044006,4.715839,0.171577,-0.499869,4.651710,0.479426,0.360613,4.397054,0.221808,0.109209,4.451232
977,0.374477,-0.998665,4.406161,0.455861,-1.216390,4.259708,0.495030,-1.447106,4.317063,1.039625,-1.425744,4.791349,1.280116,-1.135187,4.721915,1.143422,-0.833372,4.768925,0.484315,-0.669333,4.590917,0.802287,-0.500516,4.731621,0.641612,-0.149989,4.771694,0.149821,-0.511324,4.682632,0.502873,0.296319,4.452886,0.185560,0.033095,4.524592
978,0.402492,-0.966336,4.396163,0.484165,-1.181309,4.260724,0.519201,-1.443421,4.318897,1.055256,-1.445415,4.789609,1.285378,-1.133588,4.723224,1.146660,-0.814965,4.755441,0.497891,-0.689372,4.597428,0.807865,-0.520314,4.734786,0.645429,-0.184967,4.793036,0.177488,-0.533744,4.668193,0.521005,0.308550,4.460641,0.208784,0.019897,4.533772
979,0.405668,-1.009465,4.411849,0.469036,-1.237838,4.234092,0.526709,-1.465819,4.314292,1.042785,-1.462152,4.797542,1.283000,-1.178247,4.741665,1.148547,-0.807322,4.755149,0.522600,-0.725004,4.583170,0.829813,-0.560212,4.736417,0.671436,-0.228494,4.819186,0.215115,-0.541142,4.644037,0.527425,0.300975,4.487169,0.234327,0.070991,4.447953
980,0.409545,-0.991950,4.399205,0.482916,-1.203291,4.245771,0.513629,-1.460806,4.305979,1.025300,-1.471237,4.797011,1.277377,-1.182268,4.749999,1.140420,-0.829010,4.764363,0.518547,-0.719973,4.579983,0.815536,-0.585505,4.743331,0.677409,-0.189758,4.798715,0.218540,-0.491878,4.728067,0.502896,0.251914,4.521371,0.210706,0.003883,4.504321
981,0.429586,-0.981363,4.413215,0.488257,-1.179744,4.254786,0.529478,-1.435793,4.306273,1.028903,-1.445765,4.790478,1.284559,-1.176441,4.734357,1.139630,-0.823473,4.752916,0.524044,-0.733495,4.588816,0.830566,-0.603567,4.745420,0.680794,-0.208187,4.808819,0.225429,-0.474140,4.626687,0.563076,0.288870,4.499889,0.221044,0.027455,4.478520
982,0.432203,-0.993016,4.402375,0.477507,-1.214689,4.236401,0.524358,-1.470929,4.302073,1.017926,-1.452560,4.794875,1.301286,-1.172349,4.732743,1.137673,-0.816753,4.758015,0.522431,-0.739657,4.586281,0.818221,-0.609070,4.749589,0.729296,-0.135188,4.765110,0.214657,-0.468409,4.615458,0.571885,0.309060,4.489114,0.192753,0.043099,4.447951
983,0.418969,-0.999190,4.397609,0.466630,-1.236689,4.245699,0.522797,-1.471495,4.302004,1.023580,-1.434726,4.791322,1.318090,-1.135001,4.716495,1.142456,-0.803865,4.757858,0.520947,-0.736014,4.592063,0.822802,-0.590980,4.750509,0.664348,-0.185930,4.796206,0.196725,-0.466335,4.624932,0.520951,0.267305,4.497727,0.219998,0.039874,4.471637
984,0.415957,-0.998011,4.413682,0.481629,-1.215487,4.252862,0.527123,-1.455849,4.302615,1.029611,-1.446853,4.790756,1.310537,-1.170238,4.728475,1.145210,-0.816114,4.761830,0.513611,-0.712025,4.594196,0.820780,-0.568464,4.749779,0.658015,-0.151301,4.772879,0.200472,-0.466204,4.643664,0.488839,0.288583,4.474295,0.241059,0.083232,4.475042
985,0.405903,-1.036334,4.414505,0.499794,-1.257610,4.250320,0.536094,-1.466477,4.304419,1.034849,-1.453157,4.787170,1.302645,-1.170139,4.714201,1.135565,-0.835197,4.760201,0.508819,-0.713854,4.600173,0.805602,-0.551758,4.750646,0.621380,-0.166136,4.784718,0.178332,-0.473354,4.691360,0.456903,0.284441,4.463912,0.210605,0.087849,4.479383
986,0.403473,-1.002199,4.406508,0.464875,-1.267301,4.240884,0.517233,-1.489102,4.300951,1.032391,-1.460709,4.794687,1.293738,-1.182476,4.720171,1.143379,-0.823491,4.756052,0.476344,-0.700687,4.611953,0.807774,-0.543444,4.768957,0.630704,-0.192632,4.796584,0.192969,-0.462648,4.736114,0.487059,0.337782,4.424766,0.219874,0.053788,4.502365
987,0.396657,-1.036764,4.400627,0.452875,-1.275441,4.243375,0.526847,-1.488469,4.299263,1.036531,-1.441733,4.793256,1.281158,-1.174057,4.734698,1.148533,-0.828125,4.769518,0.488313,-0.690830,4.609534,0.807272,-0.525620,4.761709,0.607504,-0.158725,4.780570,0.161288,-0.446034,4.680451,0.545612,0.407419,4.383477,0.224074,0.116857,4.427967
988,0.384434,-1.002419,4.392097,0.458642,-1.221819,4.227745,0.521821,-1.489103,4.292011,1.036366,-1.465261,4.787666,1.267164,-1.152910,4.726649,1.148428,-0.822715,4.767216,0.475239,-0.687710,4.623731,0.801677,-0.528982,4.772374,0.654018,-0.096662,4.742699,0.177168,-0.442627,4.721152,0.531658,0.420651,4.360900,0.239619,0.175830,4.388695
989,0.383418,-1.008618,4.397933,0.459105,-1.193849,4.246909,0.512318,-1.469490,4.298730,1.034918,-1.460787,4.792025,1.247165,-1.136152,4.726204,1.154892,-0.817962,4.752089,0.474835,-0.659687,4.625204,0.789187,-0.498120,4.770638,0.649516,0.044473,4.659633,0.192694,-0.411911,4.732299,0.513522,0.466485,4.274729,0.214400,0.132241,4.446388
990,0.392185,-0.996176,4.403693,0.457894,-1.201869,4.254153,0.521503,-1.446935,4.301260,1.026398,-1.462469,4.791408,1.233505,-1.167708,4.735271,1.145400,-0.829595,4.761744,0.486959,-0.672232,4.631183,0.797384,-0.511251,4.771723,0.675112,0.004742,4.685659,0.211296,-0.447786,4.744596,0.542641,0.501515,4.246489,0.227223,0.152605,4.420591
991,0.384652,-1.001368,4.389050,0.456500,-1.231824,4.237914,0.509699,-1.470964,4.291180,1.029975,-1.459122,4.775679,1.256474,-1.140997,4.722531,1.148559,-0.810279,4.757521,0.482103,-0.678391,4.626299,0.808540,-0.510914,4.765017,0.686431,0.009349,4.680364,0.202548,-0.414348,4.728227,0.549735,0.463334,4.301141,0.211098,0.149795,4.418661
992,0.398948,-1.045303,4.403957,0.443840,-1.269070,4.220741,0.505840,-1.506083,4.294457,1.035715,-1.462377,4.781673,1.255433,-1.124936,4.722576,1.151388,-0.799579,4.752773,0.484141,-0.701040,4.634022,0.799230,-0.521814,4.772123,0.651196,0.010328,4.687065,0.185269,-0.440142,4.714008,0.561392,0.463099,4.348589,0.235236,0.134563,4.416695
993,0.376786,-1.030094,4.394024,0.453115,-1.259974,4.219742,0.509001,-1.497130,4.285438,1.029380,-1.465235,4.785402,1.262580,-1.157086,4.730420,1.152308,-0.817081,4.762031,0.479236,-0.700673,4.622665,0.800452,-0.536815,4.777730,0.675719,-0.008654,4.688641,0.175673,-0.431768,4.702087,0.574257,0.348741,4.427132,0.243644,0.172706,4.389237
994,0.397908,-0.997489,4.402140,0.474997,-1.184812,4.234023,0.502619,-1.484224,4.290852,1.027287,-1.480970,4.790349,1.259327,-1.151905,4.724741,1.146633,-0.802145,4.760273,0.494928,-0.671249,4.610139,0.810781,-0.533754,4.773028,0.652574,-0.029448,4.703439,0.164613,-0.419625,4.667703,0.534456,0.456414,4.315025,0.240633,0.165527,4.402820
995,0.394338,-1.000596,4.390767,0.458375,-1.254303,4.220600,0.509525,-1.492102,4.284226,1.029354,-1.463580,4.778549,1.258755,-1.144332,4.719623,1.140328,-0.796031,4.761988,0.497318,-0.695740,4.607099,0.816270,-0.537399,4.757326,0.626684,-0.017551,4.697474,0.155561,-0.433446,4.675588,0.531087,0.426877,4.328845,0.207880,0.104668,4.459796
996,0.400476,-1.011661,4.401301,0.473312,-1.254438,4.240063,0.503413,-1.493229,4.291656,1.029579,-1.465835,4.777217,1.265630,-1.159070,4.711031,1.141053,-0.819947,4.765957,0.507186,-0.698452,4.605068,0.825759,-0.557066,4.760129,0.627507,-0.059985,4.716372,0.176595,-0.436735,4.714418,0.544055,0.466921,4.346161,0.225525,0.134323,4.443717
997,0.399435,-1.025768,4.400741,0.486021,-1.221822,4.240948,0.504419,-1.487004,4.293629,1.028049,-1.462362,4.776633,1.262634,-1.169699,4.717940,1.134936,-0.811782,4.752956,0.483526,-0.700641,4.605124,0.800169,-0.528473,4.751076,0.607241,-0.018251,4.699373,0.174134,-0.421970,4.711543,0.509419,0.371734,4.383957,0.213366,0.077097,4.494399
998,0.388140,-1.028124,4.401052,0.458567,-1.285961,4.229765,0.505785,-1.490363,4.293241,1.028683,-1.459803,4.778089,1.279411,-1.164315,4.714715,1.132057,-0.817586,4.756283,0.478856,-0.693782,4.608211,0.812772,-0.546399,4.755344,0.643906,-0.091063,4.746408,0.185967,-0.439059,4.671156,0.514248,0.313205,4.444362,0.257830,0.122755,4.470301
999,0.383510,-1.030236,4.407928,0.433232,-1.287561,4.232441,0.495788,-1.493777,4.286602,1.016382,-1.475914,4.783705,1.269856,-1.165993,4.722105,1.122103,-0.813105,4.762480,0.467881,-0.708255,4.605794,0.801068,-0.552953,4.758021,0.629470,-0.101868,4.752514,0.163944,-0.465705,4.681913,0.505541,0.350361,4.402751,0.236123,0.057079,4.503172
1000,0.391517,-1.030735,4.384722,0.439693,-1.326658,4.232095,0.499873,-1.492418,4.295716,1.021978,-1.466109,4.781598,1.281981,-1.176704,4.723803,1.139830,-0.829190,4.761826,0.485973,-0.717435,4.604546,0.818517,-0.566173,4.754059,0.624622,-0.193105,4.801647,0.164596,-0.468295,4.703712,0.474905,0.302469,4.446212,0.225691,0.116071,4.483352
1001,0.389184,-1.021819,4.402418,0.467381,-1.240506,4.244672,0.501392,-1.482375,4.297851,1.017861,-1.484841,4.793646,1.271004,-1.188249,4.733647,1.139037,-0.835114,4.759872,0.489625,-0.701990,4.594778,0.811833,-0.561331,4.752405,0.641013,-0.222194,4.819343,0.176319,-0.486188,4.669573,0.506014,0.264598,4.487317,0.211166,0.100407,4.447329
1002,0.398480,-1.027746,4.418421,0.459421,-1.273301,4.242855,0.494990,-1.479351,4.297217,1.021992,-1.463494,4.781373,1.268144,-1.180368,4.729715,1.136708,-0.829181,4.767151,0.512926,-0.705115,4.619236,0.827351,-0.553190,4.758508,0.628744,-0.146052,4.786310,0.151375,-0.458811,4.684763,0.524285,0.372336,4.421292,0.210617,0.107042,4.459541
1003,0.392900,-1.011878,4.420159,0.465795,-1.226620,4.255654,0.505676,-1.455767,4.302232,1.016902,-1.459080,4.785460,1.266379,-1.175480,4.731608,1.124686,-0.833118,4.776474,0.509664,-0.688336,4.612586,0.822833,-0.537946,4.757107,0.633905,-0.103154,4.753997,0.172060,-0.440498,4.726528,0.543014,0.347110,4.437486,0.201186,0.122050,4.460375
1004,0.396287,-1.015144,4.397844,0.456799,-1.253554,4.253337,0.498947,-1.482001,4.293332,1.015067,-1.455172,4.785413,1.277259,-1.168260,4.720997,1.136415,-0.822058,4.757490,0.488495,-0.703233,4.604030,0.810306,-0.542496,4.751371,0.633558,-0.154861,4.783124,0.185632,-0.477029,4.685219,0.550794,0.354650,4.420836,0.234439,0.125684,4.470530
1005,0.390158,-1.031380,4.406039,0.444857,-1.270589,4.236066,0.491552,-1.487179,4.288263,1.018445,-1.455914,4.786299,1.284967,-1.158406,4.720357,1.132299,-0.817580,4.760606,0.476291,-0.698977,4.608263,0.812547,-0.531062,4.754640,0.645272,-0.158917,4.783610,0.169142,-0.474079,4.691012,0.531316,0.387103,4.390031,0.214028,0.094884,4.480042
1006,0.384329,-1.050872,4.410881,0.456332,-1.280545,4.241125,0.491704,-1.490037,4.297589,1.012367,-1.462239,4.790116,1.260351,-1.164540,4.725720,1.136433,-0.825262,4.760353,0.488469,-0.696177,4.611997,0.807433,-0.538698,4.764582,0.633600,-0.076136,4.733869,0.154952,-0.445884,4.672687,0.498441,0.373182,4.406571,0.247182,0.080136,4.518433
1007,0.383150,-1.027195,4.392876,0.454439,-1.255378,4.233221,0.486202,-1.484967,4.293966,1.021421,-1.451854,4.790894,1.280864,-1.163702,4.716417,1.147980,-0.812192,4.759511,0.483465,-0.694839,4.615848,0.811765,-0.524063,4.764065,0.598959,-0.100830,4.752075,0.153269,-0.448671,4.689095,0.527940,0.392709,4.383587,0.226112,0.097802,4.477562
1008,0.371721,-0.988442,4.400401,0.464009,-1.227733,4.238281,0.490717,-1.472359,4.292154,1.016053,-1.470943,4.797021,1.252574,-1.156279,4.727837,1.134674,-0.792629,4.756071,0.475884,-0.668686,4.608483,0.797778,-0.508886,4.762340,0.658987,-0.038104,4.711467,0.155063,-0.427541,4.693182,0.517486,0.445928,4.336608,0.227715,0.150503,4.408317
1009,0.363588,-1.017931,4.408031,0.452611,-1.280280,4.244653,0.488037,-1.491949,4.301024,1.021077,-1.458530,4.786937,1.262251,-1.149861,4.724892,1.143233,-0.804816,4.756466,0.473519,-0.688415,4.631240,0.794136,-0.503825,4.768020,0.611824,-0.016143,4.703534,0.156032,-0.435354,4.708016,0.525014,0.453421,4.354151,0.257567,0.117863,4.425198
1010,0.379315,-0.983582,4.397457,0.466777,-1.224689,4.237552,0.491882,-1.465847,4.301795,1.023637,-1.460757,4.788546,1.279541,-1.129028,4.720618,1.140922,-0.823005,4.767610,0.490001,-0.659891,4.619638,0.809295,-0.503856,4.762856,0.654468,0.008695,4.685724,0.173902,-0.444816,4.756920,0.534433,0.471749,4.305933,0.205715,0.117107,4.445378
1011,0.375084,-0.991249,4.393614,0.472927,-1.185177,4.261631,0.490863,-1.468013,4.305844,1.023483,-1.476184,4.798435,1.250592,-1.128695,4.726529,1.142025,-0.803739,4.763766,0.479228,-0.660733,4.626813,0.793791,-0.502728,4.768208,0.649145,0.031652,4.673797,0.165399,-0.460593,4.731358,0.536259,0.528224,4.269254,0.248658,0.173933,4.403991
1012,0.370800,-0.968049,4.396209,0.470086,-1.126744,4.248981,0.490242,-1.454307,4.304176,1.019551,-1.480591,4.785888,1.253771,-1.132097,4.723803,1.137687,-0.821050,4.767057,0.488181,-0.663249,4.622514,0.807613,-0.513422,4.762473,0.666172,0.028365,4.670856,0.177774,-0.426252,4.737745,0.508866,0.438223,4.320393,0.219006,0.124337,4.443262
1013,0.375355,-0.977432,4.397931,0.473649,-1.194625,4.253438,0.484025,-1.470663,4.298282,1.021333,-1.463297,4.781252,1.257622,-1.112285,4.719578,1.135775,-0.806920,4.763601,0.489691,-0.669154,4.621731,0.804111,-0.517076,4.765635,0.634183,0.014710,4.685117,0.166461,-0.454826,4.702961,0.560529,0.533372,4.271114,0.257132,0.144660,4.425716
1014,0.374574,-0.984568,4.403212,0.461861,-1.238229,4.249642,0.487951,-1.465323,4.303503,1.019889,-1.463537,4.791692,1.252990,-1.133492,4.723915,1.134132,-0.785207,4.761732,0.483004,-0.667816,4.620953,0.790610,-0.509803,4.760440,0.632630,0.019937,4.681446,0.146747,-0.455721,4.704135,0.535328,0.491009,4.319439,0.250798,0.143445,4.404054
1015,0.374127,-0.989272,4.399771,0.470537,-1.246363,4.254494,0.487379,-1.472598,4.304518,1.020524,-1.473826,4.795654,1.261188,-1.128930,4.720675,1.138381,-0.790540,4.759465,0.479289,-0.667154,4.617948,0.788849,-0.492640,4.759316,0.620174,0.036762,4.670793,0.150417,-0.406272,4.691009,0.528648,0.463911,4.343586,0.241827,0.136533,4.417391
1016,0.362341,-1.022232,4.404033,0.439198,-1.286753,4.246656,0.481544,-1.479603,4.301939,1.025209,-1.459545,4.798065,1.255149,-1.143097,4.720039,1.136114,-0.811141,4.760490,0.465119,-0.680697,4.610857,0.790046,-0.503011,4.752602,0.650699,-0.005067,4.693146,0.164503,-0.441749,4.690175,0.533562,0.448402,4.353436,0.218861,0.084043,4.437359
1017,0.362647,-1.021528,4.404806,0.435838,-1.275861,4.242751,0.483392,-1.472705,4.303621,1.014362,-1.486426,4.803788,1.250934,-1.141359,4.720242,1.135809,-0.798170,4.760377,0.468041,-0.665111,4.617729,0.795097,-0.497104,4.754802,0.646253,-0.075379,4.733856,0.149979,-0.457445,4.695463,0.500056,0.434663,4.352610,0.223980,0.160559,4.397031
1018,0.360654,-0.997904,4.409702,0.454368,-1.276605,4.237686,0.479808,-1.491718,4.303110,1.019876,-1.466477,4.801584,1.255535,-1.138768,4.723859,1.136292,-0.798574,4.759113,0.464562,-0.682975,4.616028,0.792963,-0.506164,4.752761,0.617119,-0.007540,4.697738,0.163506,-0.450742,4.707352,0.507519,0.446085,4.347642,0.247876,0.151269,4.399103
1019,0.375274,-1.021826,4.406712,0.450404,-1.282815,4.240285,0.486750,-1.468709,4.305986,1.025389,-1.460275,4.802094,1.257954,-1.117957,4.718514,1.139901,-0.793129,4.756215,0.467114,-0.664744,4.612076,0.804258,-0.497061,4.750608,0.633100,-0.114070,4.752408,0.168967,-0.455467,4.710680,0.521786,0.419642,4.373281,0.253376,0.149927,4.404042
1020,0.362955,-1.035490,4.400228,0.432167,-1.302132,4.239553,0.486054,-1.479568,4.302707,1.032691,-1.453025,4.798917,1.247959,-1.112195,4.724347,1.132904,-0.770684,4.759529,0.477214,-0.659061,4.604291,0.810027,-0.492220,4.744366,0.651931,-0.037962,4.716873,0.160649,-0.442374,4.693227,0.562129,0.489363,4.320931,0.248373,0.156863,4.408720
1021,0.366149,-1.021631,4.402331,0.443928,-1.251736,4.249980,0.483992,-1.477663,4.298834,1.034261,-1.462791,4.802776,1.251243,-1.109155,4.722566,1.138507,-0.780176,4.762324,0.473086,-0.679370,4.604835,0.809117,-0.509821,4.747495,0.655183,-0.063609,4.729842,0.166187,-0.447599,4.666084,0.532809,0.441447,4.363903,0.250021,0.139640,4.410274
1022,0.351761,-1.007234,4.391910,0.425878,-1.251161,4.239873,0.478578,-1.466580,4.302678,1.023801,-1.473930,4.799894,1.248248,-1.106561,4.721711,1.137605,-0.781062,4.761092,0.482468,-0.673136,4.614632,0.809148,-0.524237,4.757929,0.636120,-0.114064,4.758498,0.160446,-0.451292,4.693152,0.522329,0.441358,4.353670,0.262689,0.160251,4.413427
1023,0.354872,-0.999572,4.398385,0.440071,-1.232373,4.252314,0.472259,-1.479728,4.296607,1.020097,-1.480517,4.804964,1.246344,-1.093463,4.721541,1.136097,-0.774842,4.764129,0.485896,-0.679671,4.604407,0.820036,-0.525040,4.753543,0.652963,-0.074480,4.732236,0.157053,-0.446713,4.710894,0.542934,0.483137,4.329135,0.245340,0.183728,4.405414
1024,0.348826,-1.000154,4.400251,0.434394,-1.210204,4.252207,0.477780,-1.467122,4.300192,1.013157,-1.495330,4.806676,1.249574,-1.095479,4.722879,1.130219,-0.768690,4.761329,0.470892,-0.686919,4.617280,0.803959,-0.514952,4.756805,0.680791,-0.030577,4.703542,0.166948,-0.442202,4.669870,0.509988,0.418796,4.362399,0.225848,0.161987,4.395001
1025,0.348762,-0.996219,4.400871,0.437381,-1.178512,4.242036,0.474033,-1.464713,4.289457,1.020530,-1.496964,4.803148,1.239616,-1.095311,4.724004,1.128992,-0.766137,4.761678,0.481394,-0.670667,4.607444,0.820670,-0.512805,4.751860,0.667840,-0.033828,4.710470,0.169810,-0.476197,4.693586,0.502016,0.481960,4.305923,0.248605,0.152844,4.426174
1026,0.349599,-1.002487,4.399281,0.429412,-1.242119,4.234932,0.470587,-1.470960,4.290364,1.018255,-1.495983,4.807309,1.245445,-1.090629,4.725466,1.130580,-0.771537,4.764439,0.484697,-0.667844,4.602744,0.823124,-0.517411,4.753205,0.692360,-0.077703,4.731668,0.166441,-0.498241,4.717669,0.545180,0.507413,4.320377,0.256692,0.170901,4.404136
1027,0.344464,-0.971201,4.400984,0.419981,-1.152532,4.258432,0.476573,-1.453393,4.292140,1.014208,-1.504181,4.805100,1.267501,-1.093796,4.715650,1.127583,-0.783713,4.768627,0.485192,-0.687829,4.601213,0.813234,-0.538782,4.755071,0.684871,-0.117187,4.752211,0.172598,-0.493559,4.705284,0.539149,0.415810,4.395532,0.257009,0.141066,4.431880
1028,0.347207,-0.979268,4.401101,0.440227,-1.170929,4.245601,0.477869,-1.448590,4.293661,1.009554,-1.511681,4.809861,1.245131,-1.100789,4.718829,1.130186,-0.763627,4.759873,0.474612,-0.684698,4.612534,0.807908,-0.520071,4.753590,0.676918,-0.037747,4.709952,0.171001,-0.471895,4.678662,0.507443,0.392476,4.401866,0.243283,0.118054,4.437936
1029,0.372273,-0.958123,4.400787,0.450298,-1.117451,4.260617,0.477653,-1.444186,4.293719,1.011877,-1.504549,4.805613,1.234302,-1.113473,4.728551,1.124694,-0.787060,4.767896,0.484411,-0.678656,4.598376,0.816563,-0.535246,4.748416,0.680357,-0.106015,4.749563,0.170883,-0.518696,4.698064,0.535417,0.515398,4.312891,0.266366,0.203750,4.398631
1030,0.345291,-0.983822,4.412058,0.431319,-1.183122,4.244461,0.468562,-1.464606,4.291370,1.017207,-1.508024,4.804525,1.240916,-1.106748,4.722054,1.128780,-0.784395,4.766512,0.476770,-0.693516,4.603017,0.815423,-0.541855,4.753345,0.665507,-0.147846,4.774832,0.191054,-0.481586,4.723582,0.520252,0.412542,4.395374,0.282062,0.186202,4.410113
1031,0.354186,-0.977608,4.409624,0.448652,-1.168741,4.254411,0.478201,-1.453795,4.296492,1.012884,-1.507000,4.802692,1.250660,-1.096626,4.717658,1.125669,-0.775148,4.764474,0.481015,-0.686851,4.605075,0.817662,-0.527778,4.750921,0.644339,-0.095703,4.748614,0.179206,-0.492450,4.691229,0.517850,0.423630,4.375420,0.256077,0.174514,4.413380
1032,0.346515,-0.974535,4.410803,0.440324,-1.165664,4.245854,0.477430,-1.448267,4.289757,1.006010,-1.519596,4.802455,1.253399,-1.084390,4.717034,1.127836,-0.761326,4.764270,0.483140,-0.680775,4.601285,0.803372,-0.514758,4.750964,0.651476,-0.087702,4.744714,0.155294,-0.506912,4.689444,0.498899,0.435943,4.373432,0.221569,0.145506,4.420580
1033,0.323498,-0.986223,4.412232,0.418196,-1.178007,4.256656,0.473235,-1.448774,4.272644,1.006524,-1.506593,4.795287,1.256930,-1.082225,4.723467,1.137415,-0.762662,4.762123,0.469581,-0.681274,4.597512,0.785841,-0.515879,4.751314,0.634599,-0.121222,4.766057,0.164965,-0.487930,4.670658,0.462700,0.381790,4.379823,0.222023,0.116251,4.428402
1034,0.335068,-1.000330,4.400481,0.426680,-1.189277,4.265857,0.473346,-1.450918,4.264282,1.015524,-1.515012,4.801905,1.260736,-1.091354,4.723924,1.138678,-0.771714,4.757942,0.469947,-0.689929,4.607561,0.808320,-0.523442,4.754083,0.660880,-0.004579,4.699145,0.161819,-0.486936,4.682939,0.513362,0.577475,4.205939,0.211492,0.096090,4.448342
1035,0.316104,-1.005063,4.406855,0.436397,-1.199727,4.264277,0.493788,-1.461761,4.263865,1.021035,-1.530236,4.806743,1.244645,-1.096553,4.729362,1.131965,-0.776237,4.769327,0.481009,-0.690228,4.613491,0.805969,-0.521658,4.762393,0.657578,-0.025012,4.704331,0.146082,-0.505316,4.706483,0.524868,0.553974,4.246898,0.204004,0.127065,4.414655
1036,0.324438,-1.003971,4.398172,0.433702,-1.187527,4.257248,0.483504,-1.460860,4.265076,1.028607,-1.527976,4.806077,1.256209,-1.087649,4.734221,1.140222,-0.769898,4.766010,0.480321,-0.691417,4.615664,0.807067,-0.513916,4.760236,0.633586,-0.032801,4.714210,0.155658,-0.495364,4.668101,0.543138,0.497786,4.286414,0.184916,0.155585,4.408106
1037,0.327490,-1.013938,4.401247,0.450254,-1.199824,4.270683,0.499276,-1.471633,4.258056,1.039096,-1.529983,4.817245,1.253940,-1.087894,4.745641,1.146697,-0.769346,4.762997,0.470519,-0.697831,4.610171,0.790033,-0.508130,4.764009,0.670670,0.051132,4.658669,0.163599,-0.496251,4.684731,0.528643,0.487427,4.269714,0.184666,0.067617,4.469038
1038,0.329337,-1.036227,4.401141,0.452980,-1.233263,4.275922,0.490418,-1.462373,4.257507,1.044526,-1.540949,4.819969,1.272071,-1.067170,4.734214,1.153496,-0.763247,4.758008,0.484580,-0.690943,4.610723,0.812897,-0.513572,4.759890,0.664971,-0.031079,4.713593,0.144468,-0.499050,4.724181,0.547782,0.551249,4.219341,0.170136,0.124797,4.431067
1039,0.325442,-1.035986,4.394600,0.430480,-1.236961,4.289133,0.473470,-1.492001,4.261399,1.037069,-1.557544,4.818135,1.269524,-1.086575,4.732944,1.151958,-0.752571,4.756439,0.474363,-0.712065,4.613907,0.810453,-0.524959,4.765225,0.682870,0.051521,4.659066,0.182082,-0.491737,4.681427,0.511967,0.511743,4.243424,0.185897,0.132805,4.432905
1040,0.314342,-1.049547,4.408892,0.445394,-1.176514,4.284116,0.480814,-1.472620,4.253159,1.039019,-1.566529,4.819234,1.248948,-1.084003,4.740554,1.143402,-0.776061,4.764398,0.480957,-0.696748,4.609830,0.817148,-0.515966,4.756595,0.637105,0.017115,4.682564,0.156707,-0.505940,4.690463,0.509303,0.510144,4.237033,0.159999,0.090969,4.456775
1041,0.322310,-1.030833,4.394990,0.421983,-1.212671,4.283065,0.490586,-1.492569,4.247356,1.044598,-1.561756,4.817115,1.254965,-1.091664,4.740561,1.138159,-0.775597,4.764700,0.479168,-0.692411,4.607660,0.815344,-0.512036,4.767006,0.640704,0.027546,4.681797,0.143460,-0.454121,4.697364,0.509376,0.486339,4.264857,0.166903,0.128847,4.445946
1042,0.343482,-1.054856,4.398762,0.455785,-1.244579,4.281377,0.491231,-1.515313,4.243391,1.041507,-1.587993,4.822048,1.242428,-1.090881,4.747462,1.148699,-0.761117,4.759718,0.480828,-0.706686,4.619555,0.823744,-0.530096,4.773273,0.681220,0.020921,4.677845,0.166168,-0.475841,4.689181,0.523917,0.511023,4.241012,0.183653,0.101906,4.453816
1043,0.328214,-1.041995,4.412961,0.420341,-1.213606,4.287519,0.482035,-1.518252,4.239002,1.039794,-1.601847,4.818247,1.232064,-1.104715,4.752821,1.150510,-0.763577,4.757675,0.478935,-0.711871,4.620654,0.817092,-0.533843,4.768793,0.644293,-0.000834,4.698222,0.156486,-0.477105,4.715869,0.489084,0.443955,4.302879,0.153944,0.049906,4.514297
1044,0.347512,-1.025421,4.407719,0.446449,-1.181635,4.299301,0.479057,-1.536527,4.246676,1.030421,-1.625134,4.820417,1.234020,-1.119157,4.756262,1.141674,-0.764347,4.764165,0.490182,-0.719191,4.620533,0.822629,-0.539917,4.768557,0.686773,0.021508,4.678537,0.177699,-0.477429,4.719792,0.488762,0.441426,4.320974,0.136195,0.037744,4.532140
1045,0.336660,-1.031247,4.409578,0.462686,-1.173750,4.268319,0.493729,-1.516762,4.238040,1.026183,-1.625269,4.811247,1.227226,-1.116670,4.761622,1.149821,-0.756611,4.761742,0.499565,-0.724177,4.616193,0.834887,-0.547945,4.771333,0.688358,-0.020086,4.704040,0.178126,-0.479206,4.722194,0.489195,0.462446,4.301110,0.182766,0.128911,4.471941
1046,0.328001,-1.044426,4.403534,0.467909,-1.140685,4.277179,0.503985,-1.499625,4.238287,1.029741,-1.627765,4.817237,1.223562,-1.123858,4.767326,1.154172,-0.785977,4.765346,0.507517,-0.711655,4.617434,0.843855,-0.544265,4.766446,0.700221,-0.058978,4.724134,0.192307,-0.516474,4.748170,0.488342,0.432681,4.326082,0.137293,0.053790,4.523813
1047,0.337533,-1.029488,4.402035,0.471144,-1.135736,4.270074,0.502219,-1.500899,4.247934,1.034081,-1.624905,4.821908,1.226489,-1.112146,4.752281,1.148294,-0.787807,4.766122,0.509052,-0.711067,4.620643,0.847668,-0.546400,4.772508,0.726469,-0.001754,4.692284,0.174965,-0.516514,4.740687,0.509776,0.441540,4.295497,0.140196,0.082045,4.500582
1048,0.332601,-1.044747,4.405858,0.465656,-1.138559,4.277841,0.494136,-1.499529,4.222396,1.026572,-1.628331,4.788402,1.238150,-1.125521,4.759589,1.149625,-0.773807,4.772415,0.515545,-0.753263,4.615096,0.858841,-0.601221,4.782978,0.727531,-0.068805,4.730263,0.164066,-0.495033,4.726497,0.515170,0.408862,4.340962,0.171645,0.091108,4.509749
1049,0.339313,-1.073953,4.408077,0.429345,-1.184443,4.266248,0.495320,-1.518204,4.215966,1.040475,-1.630327,4.804315,1.216419,-1.147223,4.778847,1.147779,-0.787731,4.763510,0.506562,-0.749006,4.615850,0.838937,-0.567924,4.778792,0.692965,-0.067273,4.732772,0.165407,-0.472789,4.703697,0.524267,0.430040,4.347312,0.134830,0.035647,4.528990
1050,0.351343,-1.070855,4.409708,0.474452,-1.189776,4.272036,0.504938,-1.520906,4.226173,1.031002,-1.645010,4.795205,1.209230,-1.153775,4.782705,1.140804,-0.779548,4.777392,0.497338,-0.740897,4.629338,0.826722,-0.555837,4.779533,0.699873,0.009086,4.681865,0.176525,-0.484282,4.726825,0.520843,0.416064,4.345395,0.139545,0.065644,4.503953
1051,0.327904,-1.069071,4.414520,0.465552,-1.180296,4.272355,0.495849,-1.525644,4.221885,1.033638,-1.660303,4.806437,1.213766,-1.138001,4.769155,1.152701,-0.786947,4.765092,0.506278,-0.751220,4.615965,0.849301,-0.568200,4.775940,0.704733,0.007702,4.690536,0.173490,-0.547680,4.733621,0.552039,0.502487,4.288322,0.119208,0.003425,4.556673
1052,0.342925,-1.051582,4.425498,0.448098,-1.144370,4.272164,0.506664,-1.502845,4.187412,1.045936,-1.618756,4.778341,1.221372,-1.118017,4.761934,1.148719,-0.745618,4.764871,0.509222,-0.738574,4.608521,0.851515,-0.564604,4.765993,0.707505,-0.016649,4.703385,0.167509,-0.494354,4.721707,0.477394,0.380259,4.359218,0.117417,0.077865,4.502090
1053,0.354427,-1.028492,4.421515,0.473895,-1.079319,4.302423,0.529659,-1.504188,4.204737,1.049179,-1.656888,4.784578,1.199481,-1.121879,4.776796,1.142155,-0.777779,4.779353,0.497507,-0.721581,4.625724,0.820226,-0.541075,4.770939,0.719310,0.039324,4.668392,0.163122,-0.473229,4.759673,0.492739,0.391204,4.348595,0.105303,0.024188,4.557609
1054,0.326917,-1.055506,4.427827,0.420112,-1.144805,4.291878,0.500153,-1.544698,4.186931,1.044401,-1.673022,4.790337,1.179810,-1.099405,4.758155,1.135569,-0.762880,4.765443,0.480007,-0.713143,4.609221,0.821320,-0.527544,4.772264,0.706689,0.026671,4.671050,0.155696,-0.402806,4.710818,0.490268,0.404513,4.322841,0.110055,0.039421,4.539188
1055,0.330759,-0.972714,4.408851,0.400788,-1.074207,4.302458,0.483507,-1.515074,4.201759,1.015805,-1.709023,4.785823,1.140762,-1.110673,4.750823,1.125982,-0.761223,4.762850,0.463018,-0.717457,4.612773,0.797995,-0.534743,4.771694,0.689008,0.052473,4.663592,0.159343,-0.486243,4.756460,0.483164,0.434415,4.287635,0.131990,0.047221,4.513521
1056,0.352279,-1.011183,4.421659,0.429627,-1.063401,4.290152,0.492391,-1.510048,4.190422,1.046668,-1.667096,4.782104,1.148108,-1.109912,4.758264,1.141133,-0.781005,4.762485,0.459199,-0.713398,4.609790,0.806363,-0.521921,4.759212,0.700495,0.058693,4.661799,0.181190,-0.317681,4.664518,0.475168,0.407135,4.316319,0.118135,0.116663,4.464769
1057,0.320875,-1.000933,4.434571,0.399085,-1.089901,4.286901,0.476041,-1.530224,4.173795,1.032214,-1.698153,4.772906,1.145296,-1.118054,4.754691,1.125590,-0.773460,4.775257,0.436292,-0.713492,4.604856,0.772472,-0.542120,4.766490,0.691720,0.034890,4.673551,0.172493,-0.307624,4.668478,0.473496,0.375619,4.352084,0.129307,0.093925,4.483787
1058,0.333181,-1.020171,4.420525,0.404204,-1.110371,4.285755,0.479316,-1.534310,4.177880,1.032383,-1.680437,4.772274,1.159329,-1.107934,4.755417,1.127552,-0.773725,4.764879,0.441518,-0.705487,4.607007,0.793529,-0.513884,4.757983,0.710139,0.059187,4.655749,0.192895,-0.309917,4.665348,0.487338,0.408488,4.309563,0.113856,0.058137,4.523733
1059,0.348120,-1.023641,4.422622,0.426462,-1.131951,4.285444,0.485109,-1.529670,4.170156,1.033387,-1.659155,4.763988,1.148079,-1.117481,4.769382,1.113896,-0.792531,4.769814,0.444548,-0.707973,4.611629,0.780575,-0.531389,4.763808,0.659663,0.075866,4.648778,0.173839,-0.306592,4.653785,0.460560,0.383703,4.336625,0.109143,0.033814,4.554204
1060,0.303351,-1.025360,4.426662,0.367362,-1.139018,4.271098,0.473863,-1.575011,4.165414,1.035747,-1.709746,4.762787,1.149653,-1.105613,4.762467,1.130883,-0.799439,4.780057,0.442503,-0.728898,4.614551,0.782112,-0.563464,4.773497,0.689466,0.058883,4.657010,0.188754,-0.256701,4.637892,0.451516,0.369625,4.352808,0.154458,0.154099,4.436445
1061,0.336238,-0.973603,4.433226,0.370911,-1.125907,4.287854,0.487057,-1.545464,4.172777,1.027660,-1.685243,4.768117,1.135723,-1.118493,4.767190,1.129505,-0.816833,4.784488,0.430117,-0.705605,4.610711,0.785587,-0.520635,4.758540,0.666773,0.115519,4.623002,0.174278,-0.174906,4.589796,0.480070,0.438643,4.270748,0.143752,0.118138,4.456752
1062,0.338456,-1.019424,4.425159,0.391566,-1.128105,4.281708,0.495499,-1.553773,4.174699,1.035271,-1.667763,4.775589,1.142299,-1.102166,4.772068,1.119725,-0.788021,4.767851,0.437686,-0.710183,4.603384,0.777565,-0.526880,4.761629,0.659568,0.065985,4.655879,0.198984,-0.247629,4.618078,0.469915,0.412568,4.301780,0.132897,0.085576,4.488247
1063,0.306153,-0.977930,4.426800,0.383617,-1.093764,4.278264,0.500503,-1.519717,4.174270,1.046792,-1.704456,4.764632,1.182371,-1.095123,4.756543,1.128178,-0.765386,4.758928,0.444453,-0.694858,4.613312,0.783187,-0.513040,4.765531,0.648527,0.058655,4.658385,0.190303,-0.222732,4.626346,0.469905,0.355170,4.370559,0.141391,0.107539,4.475944
1064,0.335498,-1.041837,4.431765,0.415788,-1.139883,4.282046,0.519431,-1.555102,4.168983,1.061279,-1.683922,4.762620,1.156678,-1.101492,4.757032,1.136737,-0.788420,4.763184,0.454535,-0.727303,4.604889,0.800530,-0.546794,4.766130,0.695233,0.046538,4.664004,0.213159,-0.266447,4.636640,0.464645,0.363576,4.353892,0.139032,0.108315,4.472963
1065,0.346196,-0.940365,4.445784,0.419042,-1.118513,4.290252,0.553231,-1.548992,4.186035,1.054191,-1.690362,4.761218,1.141475,-1.078622,4.753608,1.128061,-0.809198,4.771375,0.455258,-0.734984,4.606318,0.794519,-0.558404,4.767069,0.676535,0.047334,4.658865,0.233120,-0.254173,4.629207,0.458905,0.370810,4.347721,0.154439,0.119678,4.458939
1066,0.360836,-0.927849,4.437864,0.473406,-1.090939,4.299042,0.586555,-1.546700,4.195616,1.077009,-1.669198,4.760760,1.156827,-1.095109,4.769856,1.134449,-0.799010,4.781096,0.470624,-0.742622,4.599279,0.839542,-0.571423,4.760230,0.714669,0.044021,4.660913,0.229979,-0.279355,4.624166,0.450076,0.338093,4.391520,0.138082,0.121625,4.439150
1067,0.308640,-0.920213,4.439312,0.406637,-1.148408,4.291093,0.542253,-1.632172,4.171356,1.075557,-1.732796,4.768220,1.145097,-1.104591,4.778551,1.130729,-0.780532,4.774966,0.465246,-0.755287,4.603952,0.828631,-0.622828,4.778907,0.689278,-0.044872,4.711061,0.227699,-0.282731,4.625189,0.449811,0.290915,4.447443,0.146201,0.091425,4.469360
1068,0.354340,-0.932885,4.442089,0.449513,-1.123402,4.300906,0.579090,-1.549845,4.189872,1.056587,-1.765361,4.754149,1.111415,-1.128556,4.774714,1.121631,-0.846398,4.790320,0.476111,-0.783679,4.607870,0.831963,-0.633097,4.779968,0.701947,-0.030841,4.709379,0.224668,-0.310504,4.647501,0.462770,0.306398,4.440148,0.176315,0.121491,4.444068
1069,0.371866,-0.965622,4.438889,0.430383,-1.129830,4.285404,0.538144,-1.550960,4.164165,1.070134,-1.683699,4.743844,1.153520,-1.089515,4.771679,1.149882,-0.843201,4.771878,0.477351,-0.751034,4.590111,0.842369,-0.613798,4.765007,0.697576,-0.072981,4.730160,0.232504,-0.343735,4.645317,0.468252,0.296531,4.449226,0.166349,0.062151,4.482371
1070,0.322941,-0.939123,4.425030,0.438452,-1.156375,4.285795,0.591134,-1.565136,4.170440,1.075502,-1.730494,4.744637,1.147777,-1.159021,4.792159,1.153875,-0.854878,4.783418,0.502281,-0.798631,4.602829,0.858163,-0.655591,4.766908,0.701959,-0.100982,4.748059,0.230952,-0.370735,4.666808,0.460994,0.290015,4.465731,0.157363,0.083686,4.475339
1071,0.311158,-0.944733,4.415143,0.380825,-1.154849,4.283689,0.540647,-1.619362,4.182819,1.062275,-1.765206,4.753609,1.157879,-1.159244,4.774752,1.156085,-0.824408,4.769632,0.477026,-0.784207,4.614292,0.842812,-0.647475,4.778411,0.692715,-0.042279,4.721387,0.215042,-0.329187,4.653950,0.501913,0.316939,4.448946,0.169724,0.102067,4.462169
1072,0.362386,-0.957686,4.428939,0.478366,-1.154381,4.307702,0.606268,-1.566783,4.193192,1.076176,-1.698729,4.756684,1.146406,-1.162584,4.799980,1.144919,-0.812935,4.775192,0.508001,-0.798265,4.620327,0.852526,-0.649272,4.776072,0.753899,-0.047331,4.719601,0.219982,-0.381383,4.672876,0.532560,0.259842,4.491114,0.184508,0.126332,4.453838
1073,0.324255,-0.938829,4.425448,0.400174,-1.166711,4.303746,0.566262,-1.565181,4.185925,1.083751,-1.703468,4.752728,1.192765,-1.088643,4.788767,1.167619,-0.814369,4.777044,0.505602,-0.798389,4.618247,0.876903,-0.645663,4.777193,0.747549,-0.167949,4.781591,0.222765,-0.412342,4.689813,0.552991,0.304414,4.457104,0.164342,0.081275,4.482500
1074,0.325729,-0.942353,4.433154,0.405760,-1.135232,4.300956,0.552209,-1.574083,4.195400,1.083369,-1.697668,4.783464,1.171440,-1.109563,4.795384,1.164531,-0.798079,4.768544,0.499043,-0.790040,4.631794,0.873802,-0.651137,4.786538,0.788872,-0.078664,4.727592,0.238392,-0.401799,4.697634,0.539531,0.292166,4.460930,0.180479,0.085710,4.479075
1075,0.354545,-0.936564,4.450891,0.422813,-1.161261,4.314054,0.538177,-1.598687,4.195879,1.080064,-1.702420,4.785543,1.172984,-1.145418,4.800079,1.153065,-0.819358,4.775493,0.505550,-0.798351,4.635511,0.873943,-0.657155,4.789649,0.782706,-0.090122,4.736251,0.230411,-0.469911,4.785222,0.529296,0.290737,4.477321,0.196518,0.108873,4.488087
1076,0.372694,-0.925136,4.429094,0.407734,-1.122990,4.298698,0.507012,-1.609377,4.184500,1.081273,-1.655639,4.759865,1.134583,-1.071756,4.769878,1.140760,-0.783132,4.771102,0.469786,-0.822220,4.637472,0.842035,-0.675489,4.789134,0.757724,-0.097491,4.742850,0.217330,-0.411992,4.702349,0.520675,0.337773,4.422663,0.158412,0.060548,4.506307
1077,0.372831,-0.935850,4.436577,0.412536,-1.116958,4.305811,0.528846,-1.561281,4.198812,1.066656,-1.657080,4.772120,1.126838,-1.112255,4.790207,1.137362,-0.842785,4.785430,0.494713,-0.798398,4.640975,0.834535,-0.678643,4.800126,0.740613,-0.104351,4.739021,0.206103,-0.419767,4.704966,0.538087,0.335005,4.423046,0.163181,0.087440,4.477298
1078,0.307115,-1.086926,4.426099,0.390285,-1.192022,4.303532,0.494844,-1.612113,4.261464,1.063877,-1.718806,4.853867,1.171006,-1.115874,4.797621,1.151197,-0.819404,4.784623,0.493328,-0.805797,4.645546,0.860363,-0.658322,4.803455,0.750165,-0.074787,4.725863,0.171741,-0.423924,4.722132,0.564454,0.426794,4.363089,0.160721,0.110967,4.460727
1079,0.341402,-1.363732,4.399602,0.365998,-1.198138,4.286556,0.514788,-1.565229,4.267623,1.070582,-1.662684,4.823450,1.206998,-1.098243,4.777483,1.159523,-0.784839,4.775520,0.493219,-0.782558,4.628757,0.840455,-0.605720,4.784556,0.711910,-0.084565,4.740149,0.213286,-0.439418,4.694773,0.545644,0.376949,4.404809,0.172106,0.063613,4.497448
1080,0.336696,-1.006803,4.423672,0.424056,-1.202505,4.298452,0.511367,-1.587437,4.256594,1.048952,-1.692082,4.832199,1.238086,-1.133351,4.779474,1.153154,-0.779793,4.769598,0.483218,-0.793324,4.632699,0.823547,-0.624328,4.791135,0.682343,-0.081250,4.747489,0.207855,-0.490977,4.748327,0.530589,0.380537,4.405542,0.163224,0.104022,4.469507
1081,0.357747,-1.032920,4.409602,0.446776,-1.144597,4.292543,0.512961,-1.509171,4.256310,1.052376,-1.599236,4.822754,1.244239,-1.091984,4.767345,1.157732,-0.779501,4.775958,0.493081,-0.748639,4.639573,0.819666,-0.577207,4.790658,0.684978,-0.133166,4.777509,0.197046,-0.506131,4.752813,0.575456,0.336012,4.445615,0.155853,0.091158,4.467643
1082,0.362165,-1.051809,4.391721,0.472077,-1.221929,4.252754,0.496380,-1.582095,4.334325,1.006791,-1.624002,4.875300,1.260253,-1.120634,4.741489,1.169167,-0.781912,4.756455,0.501009,-0.771618,4.623220,0.798209,-0.609672,4.783727,0.638464,-0.106913,4.750129,0.166529,-0.515953,4.741038,0.536417,0.435628,4.360606,0.198473,0.115880,4.461082
1083,0.371407,-1.012814,4.411037,0.449896,-1.194533,4.256674,0.498201,-1.466345,4.341062,1.019097,-1.505972,4.856775,1.272991,-1.115553,4.737725,1.155934,-0.798490,4.762778,0.471381,-0.666946,4.618374,0.812539,-0.498079,4.754741,0.656360,-0.113372,4.759950,0.153968,-0.489771,4.694225,0.545974,0.442866,4.374296,0.191797,0.117901,4.442139
1084,0.394151,-1.065904,4.415879,0.440202,-1.282363,4.251746,0.516383,-1.465993,4.336855,1.027758,-1.462208,4.854419,1.329359,-1.133576,4.728213,1.151463,-0.799690,4.759333,0.495115,-0.669264,4.605780,0.824560,-0.495931,4.741617,0.661043,-0.212613,4.810343,0.176250,-0.504589,4.690329,0.559733,0.346558,4.443581,0.232469,0.174927,4.440503
1085,0.404481,-1.145115,4.405275,0.454178,-1.327851,4.253842,0.540586,-1.455995,4.347586,1.042111,-1.382847,4.846292,1.326916,-1.142607,4.735413,1.148626,-0.837492,4.779393,0.478638,-0.666286,4.601584,0.801857,-0.480581,4.735502,0.648929,-0.108553,4.751399,0.185152,-0.471965,4.680301,0.510122,0.285791,4.464888,0.211838,0.072391,4.549014
1086,0.407137,-0.992892,4.407634,0.488287,-1.214492,4.248840,0.535822,-1.452010,4.321680,1.056145,-1.384101,4.803261,1.312604,-1.129151,4.722323,1.151023,-0.823128,4.766719,0.488236,-0.687348,4.589247,0.792430,-0.514731,4.732688,0.620613,-0.216339,4.802730,0.195992,-0.493534,4.734962,0.445354,0.262687,4.475064,0.234490,0.075541,4.528906
1087,0.412958,-1.017404,4.392333,0.500332,-1.251694,4.241475,0.545669,-1.477485,4.323506,1.055223,-1.426803,4.819338,1.330747,-1.116243,4.720601,1.158639,-0.794216,4.760746,0.507096,-0.717282,4.586241,0.816799,-0.532549,4.726901,0.610142,-0.182951,4.793850,0.204911,-0.501731,4.729714,0.481052,0.336554,4.422971,0.219684,0.085854,4.520721
1088,0.389380,-1.046009,4.389244,0.463072,-1.258559,4.219158,0.534861,-1.487139,4.309212,1.060418,-1.445871,4.808855,1.294850,-1.131534,4.723453,1.155756,-0.820143,4.755703,0.495744,-0.749109,4.589993,0.802182,-0.577316,4.740561,0.630670,-0.178193,4.788984,0.196328,-0.467320,4.682834,0.436220,0.238834,4.491453,0.215436,0.034340,4.553636
1089,0.396716,-1.045584,4.410941,0.449731,-1.322956,4.220018,0.534031,-1.504326,4.314405,1.058343,-1.502981,4.810994,1.304306,-1.156226,4.728589,1.155004,-0.813886,4.755382,0.486682,-0.738404,4.586753,0.807587,-0.573963,4.732135,0.666771,-0.245904,4.816036,0.207125,-0.491684,4.717848,0.470319,0.285663,4.460870,0.204365,0.093325,4.515246
1090,0.402468,-1.052276,4.375598,0.470494,-1.304425,4.217112,0.537492,-1.516837,4.316218,1.052431,-1.484886,4.802639,1.287494,-1.143587,4.717862,1.149507,-0.809589,4.757781,0.484761,-0.750707,4.603779,0.801727,-0.590832,4.748864,0.654215,-0.209782,4.802980,0.182520,-0.473086,4.702740,0.467640,0.242285,4.497941,0.179346,0.056831,4.513471
1091,0.398313,-1.056124,4.400695,0.446354,-1.322486,4.232527,0.546704,-1.513208,4.325085,1.076721,-1.466955,4.792914,1.292240,-1.123437,4.724041,1.155522,-0.800926,4.744618,0.493300,-0.718361,4.614210,0.818190,-0.551722,4.753109,0.635880,-0.171236,4.783082,0.160179,-0.479477,4.695446,0.503545,0.306847,4.440480,0.173363,0.136703,4.470589
1092,0.427625,-1.008637,4.375556,0.490039,-1.234480,4.237781,0.553460,-1.508900,4.316708,1.073845,-1.496476,4.801002,1.289316,-1.124626,4.712026,1.136723,-0.813756,4.749252,0.507538,-0.732462,4.602818,0.829239,-0.572883,4.753225,0.617651,-0.131466,4.763364,0.180549,-0.482442,4.743955,0.494707,0.281931,4.467364,0.195369,0.092594,4.477148
1093,0.410841,-1.059866,4.383059,0.466214,-1.335736,4.233939,0.540972,-1.537050,4.321802,1.093741,-1.475398,4.790002,1.292497,-1.115350,4.725401,1.146613,-0.851535,4.754109,0.494807,-0.729665,4.607203,0.840819,-0.563510,4.748331,0.647913,-0.212713,4.801403,0.190603,-0.476721,4.715329,0.528986,0.309877,4.443777,0.191344,0.109304,4.466229
1094,0.423695,-1.066384,4.390218,0.485140,-1.337999,4.233653,0.560387,-1.530666,4.327592,1.095037,-1.472242,4.787708,1.302456,-1.128514,4.728389,1.145069,-0.842125,4.760764,0.500242,-0.726702,4.615279,0.832466,-0.558785,4.746830,0.675977,-0.130932,4.754925,0.210350,-0.462618,4.725400,0.520037,0.276946,4.470375,0.211893,0.124843,4.469862
1095,0.426467,-1.055131,4.403861,0.480316,-1.328769,4.226594,0.562189,-1.522074,4.327340,1.101043,-1.476383,4.783222,1.306862,-1.112858,4.736370,1.153868,-0.839580,4.761302,0.522135,-0.733546,4.607000,0.850514,-0.576514,4.739193,0.629755,-0.176174,4.789669,0.191450,-0.472304,4.697004,0.543279,0.333590,4.446825,0.224089,0.112066,4.449353
1096,0.439758,-0.992759,4.393778,0.482270,-1.176200,4.249545,0.559910,-1.509448,4.321570,1.092393,-1.488204,4.781336,1.310921,-1.101534,4.718806,1.146116,-0.820477,4.761533,0.519194,-0.737132,4.606393,0.843034,-0.599839,4.751183,0.634987,-0.226491,4.818127,0.176273,-0.474229,4.706911,0.504420,0.264991,4.479159,0.180663,0.118125,4.461884
1097,0.425669,-1.030574,4.391135,0.501538,-1.197433,4.237662,0.564138,-1.521375,4.329720,1.096898,-1.490761,4.785758,1.291047,-1.111641,4.721833,1.143459,-0.825579,4.758102,0.523485,-0.741198,4.598234,0.851740,-0.595455,4.744400,0.664136,-0.253745,4.831201,0.192382,-0.482710,4.708113,0.566525,0.329537,4.459683,0.228913,0.105611,4.454094
1098,0.442729,-1.004629,4.413235,0.504396,-1.240480,4.233987,0.566467,-1.527451,4.331044,1.102304,-1.486393,4.782397,1.310910,-1.111754,4.726324,1.146828,-0.839816,4.761223,0.512921,-0.743298,4.607868,0.839450,-0.584060,4.739077,0.651148,-0.235762,4.814607,0.204242,-0.510686,4.720690,0.519136,0.274998,4.476309,0.191320,0.110064,4.460267
1099,0.434905,-1.003131,4.374881,0.480720,-1.185506,4.233372,0.561750,-1.510023,4.324608,1.092314,-1.483510,4.783905,1.308155,-1.104620,4.701124,1.137895,-0.827020,4.753628,0.507123,-0.751838,4.612442,0.826174,-0.600770,4.751688,0.639203,-0.228913,4.808903,0.181205,-0.484764,4.736793,0.499420,0.248881,4.490428,0.186132,0.075246,4.499249
1100,0.421756,-1.038878,4.397535,0.501479,-1.202907,4.228342,0.570197,-1.526821,4.336136,1.096935,-1.487057,4.791832,1.281636,-1.123822,4.724441,1.142106,-0.838961,4.767377,0.530733,-0.743828,4.602698,0.846427,-0.588917,4.739687,0.652171,-0.219688,4.813894,0.199349,-0.488922,4.738214,0.528424,0.314262,4.448256,0.205924,0.095054,4.450494
1101,0.431773,-0.978179,4.376112,0.479514,-1.166494,4.242210,0.557032,-1.505798,4.327386,1.086439,-1.489446,4.799402,1.304018,-1.108743,4.709187,1.137701,-0.806672,4.751750,0.506583,-0.734269,4.611585,0.820262,-0.587305,4.753201,0.643058,-0.197467,4.793478,0.172741,-0.495875,4.743086,0.493265,0.261059,4.481915,0.194700,0.102397,4.469555
1102,0.411810,-1.019353,4.389239,0.481700,-1.264095,4.230096,0.563147,-1.527185,4.325100,1.101060,-1.486770,4.795409,1.283877,-1.115660,4.718920,1.150140,-0.837849,4.763584,0.509544,-0.729694,4.606644,0.830441,-0.566826,4.741614,0.646433,-0.190837,4.793223,0.181450,-0.474577,4.715705,0.500840,0.281522,4.460167,0.212549,0.124374,4.456932
1103,0.436106,-0.999124,4.409453,0.482952,-1.245720,4.224304,0.556442,-1.511579,4.332020,1.101828,-1.486248,4.799658,1.286368,-1.129109,4.723159,1.153980,-0.874781,4.773386,0.515657,-0.732474,4.605364,0.828531,-0.571012,4.742764,0.658252,-0.164116,4.774186,0.205937,-0.490617,4.703650,0.492268,0.274346,4.466176,0.235568,0.128631,4.444210
1104,0.403225,-1.007758,4.381565,0.472166,-1.244985,4.224100,0.551748,-1.512043,4.331384,1.092138,-1.474343,4.792136,1.276533,-1.110714,4.719753,1.143977,-0.816808,4.763047,0.502570,-0.753473,4.608311,0.822796,-0.598415,4.750176,0.637420,-0.234294,4.813713,0.189708,-0.473726,4.728818,0.488848,0.249773,4.489791,0.197553,0.051473,4.518619
1105,0.403873,-1.036858,4.394151,0.446545,-1.302492,4.218288,0.548207,-1.516331,4.330435,1.097493,-1.479598,4.791292,1.278264,-1.118955,4.726882,1.140485,-0.830035,4.769939,0.505781,-0.734015,4.607539,0.833260,-0.570793,4.740499,0.644221,-0.203775,4.798295,0.189135,-0.513442,4.738613,0.491772,0.288165,4.450167,0.206247,0.134356,4.447158
1106,0.425591,-1.002672,4.395338,0.475490,-1.226514,4.233743,0.552093,-1.523616,4.329945,1.097385,-1.484651,4.796106,1.289930,-1.112341,4.713379,1.141011,-0.829243,4.761731,0.503415,-0.726261,4.602589,0.820138,-0.565970,4.742521,0.635556,-0.146903,4.767911,0.164885,-0.467592,4.695650,0.492394,0.275933,4.458579,0.206246,0.107783,4.484179
1107,0.400397,-0.991923,4.382642,0.462556,-1.186746,4.231164,0.545687,-1.504717,4.327215,1.086470,-1.484512,4.804607,1.276181,-1.118784,4.713308,1.138946,-0.841012,4.765940,0.488375,-0.742644,4.608453,0.811613,-0.583857,4.747992,0.663396,-0.223019,4.802115,0.184797,-0.484964,4.724548,0.483678,0.260284,4.480398,0.184338,0.071979,4.476676
1108,0.415603,-1.021933,4.386684,0.446982,-1.288065,4.221838,0.534816,-1.514322,4.319921,1.091871,-1.456253,4.784677,1.286241,-1.133370,4.727046,1.150385,-0.835336,4.762082,0.486537,-0.725676,4.611665,0.822795,-0.561517,4.740597,0.644353,-0.234478,4.812888,0.187883,-0.490094,4.703866,0.498273,0.287153,4.452547,0.197218,0.117617,4.462204
1109,0.425753,-0.985645,4.393362,0.457734,-1.201620,4.241821,0.535655,-1.503460,4.331690,1.091428,-1.478493,4.794900,1.285927,-1.127844,4.728343,1.142945,-0.839619,4.762147,0.492705,-0.723438,4.609297,0.820076,-0.554468,4.744812,0.666361,-0.126888,4.757809,0.184491,-0.499507,4.704591,0.506552,0.296942,4.446556,0.217364,0.121121,4.480127
1110,0.407584,-1.014232,4.395082,0.469487,-1.232436,4.232965,0.537722,-1.506835,4.323095,1.082090,-1.480518,4.787530,1.286451,-1.141280,4.714683,1.147534,-0.831192,4.757382,0.485316,-0.736046,4.606351,0.801536,-0.555308,4.740586,0.645947,-0.252312,4.823336,0.173004,-0.494187,4.694698,0.506200,0.265428,4.475541,0.221253,0.099633,4.471605
1111,0.409303,-1.003743,4.410351,0.462496,-1.186422,4.232380,0.539630,-1.482821,4.323373,1.081584,-1.483024,4.786973,1.290643,-1.137499,4.714520,1.148490,-0.821023,4.763701,0.511484,-0.709943,4.604079,0.825971,-0.558815,4.739346,0.633108,-0.197570,4.798346,0.179470,-0.483073,4.685013,0.515972,0.307013,4.455167,0.224749,0.146041,4.413894
1112,0.427324,-0.975440,4.400846,0.459402,-1.172336,4.240828,0.535508,-1.494763,4.320944,1.074077,-1.496579,4.780452,1.287433,-1.137023,4.718594,1.149374,-0.817030,4.760050,0.520692,-0.726586,4.602423,0.843525,-0.583161,4.746523,0.668751,-0.174131,4.785369,0.180638,-0.473685,4.684341,0.539105,0.315415,4.459255,0.204249,0.116787,4.429061
1113,0.424020,-0.993610,4.394324,0.476636,-1.183698,4.248053,0.541516,-1.488663,4.311352,1.080335,-1.463242,4.772172,1.288801,-1.137666,4.719466,1.147359,-0.825731,4.764197,0.522916,-0.705939,4.596890,0.828402,-0.556970,4.734616,0.690982,-0.104889,4.747106,0.173962,-0.464264,4.682086,0.546455,0.320347,4.454711,0.201563,0.120413,4.433492
1114,0.408243,-0.962154,4.403856,0.472058,-1.162262,4.240676,0.529540,-1.486379,4.314135,1.073237,-1.483308,4.779313,1.279346,-1.135253,4.719536,1.156951,-0.821953,4.759857,0.511914,-0.717759,4.593059,0.835944,-0.578716,4.742899,0.662768,-0.202509,4.795458,0.188968,-0.480166,4.688721,0.535045,0.290527,4.471993,0.228521,0.125994,4.426843
1115,0.421462,-0.957979,4.395566,0.484042,-1.167072,4.240166,0.535040,-1.491189,4.315413,1.071616,-1.479798,4.778642,1.272065,-1.138439,4.716351,1.145998,-0.824074,4.764980,0.516564,-0.716075,4.597413,0.835913,-0.579549,4.740709,0.659134,-0.210875,4.807493,0.167582,-0.472939,4.689321,0.550328,0.326607,4.450829,0.213231,0.129520,4.419444
1116,0.398157,-0.979830,4.405603,0.469617,-1.168446,4.235154,0.541352,-1.479342,4.317197,1.073901,-1.464205,4.777197,1.274281,-1.117567,4.717964,1.139538,-0.840456,4.764316,0.509822,-0.711809,4.599252,0.834100,-0.571194,4.740387,0.654642,-0.187981,4.791711,0.168616,-0.461480,4.683131,0.527399,0.282058,4.474483,0.193741,0.115126,4.419244
1117,0.401003,-0.983388,4.406636,0.495444,-1.218488,4.231692,0.533484,-1.485984,4.306317,1.057912,-1.480596,4.782002,1.272698,-1.160331,4.720352,1.143474,-0.815916,4.762511,0.503755,-0.722799,4.597489,0.821116,-0.577887,4.746396,0.636330,-0.222614,4.807470,0.170115,-0.477667,4.700428,0.510677,0.282147,4.465128,0.222239,0.141910,4.438380
1118,0.408792,-1.018553,4.400012,0.450559,-1.219581,4.231524,0.529092,-1.487661,4.306572,1.067178,-1.481241,4.780553,1.274955,-1.145977,4.721748,1.148284,-0.810842,4.759245,0.505873,-0.715749,4.607901,0.837067,-0.564058,4.754844,0.628971,-0.222435,4.811617,0.171656,-0.489467,4.700296,0.506687,0.273153,4.476878,0.244460,0.136334,4.439382
1119,0.393342,-0.988684,4.391910,0.459612,-1.184981,4.244339,0.518620,-1.478093,4.307094,1.063850,-1.484385,4.785228,1.272392,-1.132024,4.718953,1.126111,-0.817133,4.759011,0.494311,-0.690998,4.604696,0.827425,-0.540212,4.756181,0.665707,-0.077916,4.728061,0.159225,-0.480883,4.709798,0.484877,0.342563,4.403880,0.204359,0.122483,4.464758
1120,0.406178,-0.989170,4.404246,0.457324,-1.259035,4.236350,0.513923,-1.494788,4.305725,1.059574,-1.504010,4.786511,1.263330,-1.156964,4.729746,1.151154,-0.826414,4.758374,0.475231,-0.714062,4.613513,0.813741,-0.557292,4.758670,0.673356,-0.140542,4.759793,0.196191,-0.426565,4.718133,0.484315,0.356504,4.391114,0.249408,0.165296,4.426585
1121,0.397878,-1.004503,4.412175,0.449350,-1.223088,4.232954,0.517382,-1.496656,4.298538,1.058007,-1.480700,4.781927,1.265907,-1.143877,4.731877,1.144299,-0.828739,4.765202,0.475800,-0.706854,4.605922,0.819503,-0.541471,4.752811,0.665140,-0.179629,4.782513,0.195753,-0.464367,4.693395,0.509501,0.271264,4.478094,0.244390,0.132876,4.438347
1122,0.391520,-1.052308,4.411366,0.434202,-1.267511,4.230262,0.507489,-1.500414,4.292618,1.056724,-1.489653,4.782373,1.274485,-1.144030,4.724740,1.140761,-0.831489,4.767204,0.485759,-0.700498,4.603551,0.825960,-0.555028,4.756397,0.643926,-0.241781,4.815109,0.173198,-0.471085,4.714965,0.514611,0.280029,4.467446,0.226159,0.123943,4.442551
1123,0.410187,-1.012937,4.407363,0.453279,-1.229359,4.226339,0.504674,-1.476475,4.302334,1.039189,-1.476142,4.779100,1.264485,-1.125367,4.717393,1.130823,-0.791328,4.762093,0.487516,-0.685826,4.615225,0.822162,-0.536577,4.761059,0.659272,-0.128782,4.754085,0.185057,-0.438176,4.730134,0.543456,0.340860,4.435493,0.251108,0.139805,4.412178
1124,0.387211,-1.023009,4.398836,0.426663,-1.253178,4.234268,0.505385,-1.495746,4.298013,1.028515,-1.487742,4.785034,1.261995,-1.122071,4.720013,1.132519,-0.780150,4.751657,0.477689,-0.701186,4.617859,0.813183,-0.535723,4.766543,0.670565,-0.098729,4.734694,0.197185,-0.472946,4.691884,0.554468,0.410409,4.357996,0.228702,0.143184,4.422182
1125,0.375240,-1.008192,4.407650,0.438963,-1.215036,4.222005,0.493137,-1.496253,4.296060,1.028961,-1.480481,4.783368,1.253986,-1.131267,4.727290,1.134616,-0.787127,4.765291,0.465327,-0.712276,4.613977,0.812084,-0.534305,4.765418,0.678883,-0.121070,4.744018,0.189120,-0.485118,4.685201,0.576636,0.333859,4.436563,0.214394,0.138352,4.430082
1126,0.379078,-1.021278,4.401528,0.427443,-1.250204,4.229921,0.493709,-1.496317,4.298762,1.024407,-1.476903,4.784350,1.261846,-1.140123,4.726192,1.130469,-0.778741,4.763726,0.480931,-0.702389,4.616336,0.817742,-0.538358,4.763874,0.673526,-0.093293,4.733296,0.168546,-0.447509,4.681427,0.594209,0.476775,4.340044,0.234988,0.143043,4.418730
1127,0.385799,-1.029804,4.409758,0.428828,-1.266778,4.209888,0.486109,-1.496603,4.292732,1.022367,-1.490162,4.782676,1.258356,-1.144730,4.716982,1.125698,-0.792825,4.763762,0.466137,-0.705028,4.611104,0.804543,-0.531648,4.759209,0.654899,-0.114637,4.747727,0.186077,-0.474795,4.707765,0.550444,0.402679,4.373000,0.248249,0.150002,4.401024
1128,0.381840,-0.975210,4.390629,0.460910,-1.170586,4.243626,0.490881,-1.482241,4.288191,1.021880,-1.491602,4.778178,1.264106,-1.129279,4.723329,1.132949,-0.774728,4.759037,0.487810,-0.687764,4.608260,0.828404,-0.527776,4.758284,0.687752,-0.066049,4.715417,0.179869,-0.467620,4.684868,0.588775,0.357648,4.431858,0.236240,0.149020,4.420150
1129,0.371635,-1.017384,4.401838,0.466889,-1.210956,4.243192,0.480588,-1.481161,4.289126,1.017879,-1.480646,4.788025,1.267730,-1.143156,4.718598,1.137328,-0.788646,4.751427,0.495298,-0.692279,4.605385,0.833989,-0.540855,4.755379,0.665850,-0.162740,4.767774,0.154701,-0.446550,4.691706,0.577386,0.437059,4.359835,0.203805,0.180178,4.406037
1130,0.360076,-0.987510,4.405835,0.470117,-1.203464,4.240674,0.481593,-1.472022,4.291051,1.004644,-1.489354,4.781797,1.257236,-1.155889,4.718532,1.129805,-0.805800,4.762419,0.487184,-0.684165,4.604340,0.816436,-0.539415,4.756709,0.611241,-0.166635,4.778289,0.183152,-0.430635,4.699959,0.504488,0.381186,4.393991,0.231372,0.171486,4.423021
1131,0.366585,-1.003320,4.409601,0.448673,-1.262822,4.224768,0.479625,-1.471797,4.291517,0.999640,-1.510518,4.787534,1.257443,-1.183429,4.729389,1.135728,-0.825510,4.772717,0.495826,-0.680665,4.611592,0.826120,-0.558601,4.766929,0.635614,-0.143034,4.761881,0.198747,-0.424337,4.716256,0.536554,0.435136,4.348629,0.238253,0.164637,4.428345
1132,0.358803,-1.034992,4.412371,0.433554,-1.246279,4.219990,0.469794,-1.487015,4.283237,1.004618,-1.496804,4.780174,1.274830,-1.170357,4.715469,1.136345,-0.818706,4.768135,0.466468,-0.704932,4.610147,0.808485,-0.538452,4.760537,0.630669,-0.158400,4.776211,0.174399,-0.465957,4.686423,0.526003,0.395255,4.378835,0.214956,0.144557,4.440500
1133,0.384394,-1.021899,4.387224,0.457604,-1.275752,4.246147,0.481951,-1.481921,4.281557,1.002535,-1.500921,4.790493,1.276367,-1.164298,4.723608,1.130740,-0.794512,4.756848,0.510634,-0.683278,4.592127,0.831911,-0.560365,4.750708,0.626946,-0.139764,4.769307,0.171822,-0.406915,4.711222,0.559470,0.453443,4.361619,0.244774,0.153324,4.435024
1134,0.360259,-1.026369,4.411464,0.454174,-1.230072,4.232193,0.474882,-1.462662,4.292393,1.001065,-1.484712,4.784643,1.246817,-1.145807,4.729688,1.124279,-0.800600,4.766212,0.491495,-0.663372,4.603220,0.813343,-0.520342,4.752151,0.631873,-0.147422,4.773801,0.175201,-0.462396,4.689356,0.499307,0.397403,4.403753,0.262392,0.167852,4.424496
1135,0.361808,-1.007154,4.404309,0.438585,-1.271327,4.229529,0.466216,-1.472244,4.281307,1.002063,-1.479198,4.777586,1.270458,-1.144404,4.717665,1.139381,-0.810292,4.764370,0.474251,-0.677867,4.597835,0.808249,-0.526131,4.752776,0.623333,-0.180407,4.791044,0.163519,-0.454350,4.679719,0.497354,0.384337,4.399894,0.236839,0.159678,4.417033
1136,0.381257,-1.002638,4.401608,0.444790,-1.246268,4.231707,0.470480,-1.462732,4.291567,0.990733,-1.494056,4.789467,1.274765,-1.158157,4.716424,1.129126,-0.807457,4.765909,0.494261,-0.668640,4.597767,0.813925,-0.521865,4.747827,0.629613,-0.161572,4.776743,0.154639,-0.474217,4.700040,0.527314,0.404674,4.374124,0.230699,0.137386,4.455618
1137,0.363771,-1.000464,4.400682,0.445000,-1.231125,4.225657,0.462801,-1.470652,4.281419,0.992458,-1.492230,4.786237,1.261494,-1.160179,4.719101,1.128696,-0.806428,4.761294,0.473981,-0.671882,4.601933,0.796899,-0.523071,4.754934,0.610093,-0.179142,4.791121,0.185058,-0.478720,4.708605,0.500447,0.396016,4.407932,0.256533,0.136763,4.420369
1138,0.354603,-1.024136,4.403286,0.432137,-1.258110,4.214786,0.461097,-1.470156,4.277640,0.987868,-1.476106,4.791842,1.271025,-1.150761,4.714869,1.124316,-0.797478,4.761139,0.479295,-0.660065,4.590554,0.805709,-0.508244,4.747028,0.600526,-0.190807,4.800100,0.167278,-0.452460,4.672420,0.515252,0.394499,4.398018,0.210761,0.131095,4.417366
1139,0.356420,-1.010132,4.404564,0.431859,-1.238245,4.222966,0.455763,-1.466842,4.288466,1.008376,-1.471501,4.793910,1.269618,-1.138504,4.715326,1.131143,-0.797140,4.764015,0.472924,-0.656302,4.608954,0.806776,-0.505753,4.760579,0.643157,-0.142874,4.768868,0.161452,-0.457014,4.689937,0.523836,0.425490,4.370615,0.211245,0.145170,4.411452
1140,0.348605,-1.009158,4.392766,0.402377,-1.239197,4.196206,0.458422,-1.463247,4.285803,1.002692,-1.461649,4.790665,1.241202,-1.110200,4.721195,1.128673,-0.757090,4.747590,0.468618,-0.668807,4.617103,0.794832,-0.500055,4.757309,0.651528,-0.062718,4.729323,0.176870,-0.477192,4.685773,0.555284,0.457553,4.340702,0.226755,0.122755,4.423626
1141,0.347787,-1.017138,4.389874,0.417222,-1.230386,4.215243,0.464881,-1.454170,4.288501,1.001742,-1.455129,4.790387,1.260216,-1.139413,4.715660,1.128747,-0.775029,4.751133,0.474823,-0.669277,4.609184,0.797601,-0.493208,4.750312,0.616961,-0.095743,4.745543,0.202775,-0.462071,4.724250,0.523037,0.437463,4.360567,0.224053,0.100581,4.448570
1142,0.347147,-1.009464,4.406543,0.424179,-1.208812,4.224787,0.464178,-1.454249,4.287512,1.001068,-1.455409,4.785834,1.245746,-1.140756,4.724495,1.132169,-0.779678,4.762615,0.474637,-0.666239,4.611947,0.800232,-0.500534,4.754264,0.621842,-0.071273,4.729187,0.191442,-0.483607,4.697334,0.496641,0.421199,4.368078,0.250075,0.124833,4.427984
1143,0.366472,-0.997739,4.389605,0.417400,-1.214740,4.219696,0.454181,-1.448676,4.277539,0.999767,-1.455137,4.778257,1.249359,-1.114902,4.712859,1.125927,-0.774135,4.759129,0.493206,-0.657914,4.589823,0.820405,-0.511082,4.743896,0.600887,-0.147589,4.776892,0.170472,-0.458238,4.715021,0.549503,0.492061,4.354412,0.246005,0.135727,4.434087
1144,0.367788,-1.016498,4.376737,0.427241,-1.246008,4.223333,0.451803,-1.457173,4.283531,0.990068,-1.451098,4.779492,1.277866,-1.139847,4.714491,1.137083,-0.786489,4.752145,0.480253,-0.652070,4.601427,0.813437,-0.493078,4.743710,0.613463,-0.180673,4.797975,0.184441,-0.481777,4.696264,0.503424,0.370017,4.436076,0.220843,0.117859,4.446788
1145,0.354884,-1.026031,4.398183,0.435504,-1.242381,4.213949,0.452357,-1.468515,4.278585,0.988437,-1.452886,4.785878,1.280868,-1.137458,4.720836,1.122636,-0.785613,4.764994,0.480774,-0.672147,4.597433,0.799630,-0.512099,4.749723,0.607479,-0.087919,4.741283,0.164082,-0.474039,4.706547,0.518284,0.446672,4.371536,0.241112,0.129484,4.431668
1146,0.358586,-1.032278,4.397059,0.415362,-1.244815,4.213828,0.454734,-1.456035,4.283839,0.988967,-1.454081,4.782863,1.289755,-1.135695,4.715972,1.136825,-0.786925,4.759478,0.475336,-0.663287,4.601989,0.804160,-0.503219,4.751452,0.626317,-0.151061,4.777604,0.182879,-0.477815,4.681990,0.501250,0.369012,4.395885,0.211890,0.105245,4.457788
1147,0.363769,-1.030084,4.392727,0.431369,-1.251840,4.224157,0.460122,-1.456288,4.287626,0.986443,-1.447571,4.792357,1.273137,-1.144254,4.725605,1.133092,-0.783316,4.758349,0.483506,-0.656994,4.600538,0.806142,-0.495527,4.750427,0.594927,-0.113315,4.757339,0.166096,-0.459536,4.688346,0.492676,0.457840,4.359831,0.229335,0.146268,4.420423
1148,0.348536,-0.987350,4.391275,0.414751,-1.202870,4.232989,0.469450,-1.450589,4.289504,0.990466,-1.470969,4.791797,1.270000,-1.116597,4.716892,1.129349,-0.758825,4.757325,0.485620,-0.667721,4.602758,0.800454,-0.510882,4.751224,0.572085,-0.143519,4.773209,0.170479,-0.482286,4.689408,0.474257,0.406492,4.394079,0.231811,0.108733,4.447396
1149,0.342415,-0.972971,4.405638,0.409653,-1.183280,4.241151,0.463187,-1.441275,4.288910,0.986025,-1.482369,4.806697,1.254120,-1.127002,4.731589,1.123154,-0.766823,4.769118,0.474356,-0.685790,4.601508,0.795778,-0.528387,4.756461,0.596897,-0.153573,4.779727,0.187338,-0.514768,4.689900,0.470095,0.389784,4.399982,0.264652,0.165509,4.410321
1150,0.342547,-1.004274,4.407450,0.416650,-1.237514,4.226884,0.463249,-1.459741,4.290672,0.990865,-1.483969,4.804107,1.259998,-1.137576,4.730671,1.128237,-0.779329,4.770156,0.479014,-0.681228,4.601809,0.806981,-0.526677,4.757038,0.617292,-0.175679,4.794656,0.177716,-0.464398,4.662865,0.508699,0.429867,4.373681,0.231769,0.138652,4.427344
1151,0.343984,-0.989220,4.410629,0.426052,-1.226918,4.238483,0.473079,-1.455250,4.286114,0.998985,-1.486330,4.801840,1.245771,-1.122019,4.733776,1.126975,-0.761715,4.764712,0.493843,-0.694409,4.611952,0.818176,-0.541956,4.761458,0.625566,-0.137267,4.774102,0.187099,-0.462713,4.730436,0.483784,0.432940,4.379680,0.247068,0.163566,4.431077
1152,0.348729,-1.000389,4.410444,0.414883,-1.245458,4.235046,0.469166,-1.474108,4.292844,1.001154,-1.480637,4.805205,1.277767,-1.122196,4.723117,1.124528,-0.761563,4.766982,0.466142,-0.710282,4.608031,0.799355,-0.536502,4.754806,0.618660,-0.069407,4.731312,0.198622,-0.449980,4.712906,0.516648,0.441880,4.360413,0.262170,0.158163,4.429044
1153,0.349720,-0.974643,4.409642,0.437449,-1.169977,4.245339,0.474430,-1.438685,4.290288,0.999046,-1.497881,4.806293,1.260776,-1.140119,4.727684,1.126288,-0.753161,4.760228,0.481298,-0.685845,4.602787,0.805685,-0.521203,4.754815,0.618768,-0.113373,4.757586,0.192532,-0.494653,4.740551,0.509474,0.433785,4.374151,0.256584,0.129669,4.441501
1154,0.345607,-0.984075,4.404116,0.433271,-1.195298,4.248869,0.469525,-1.449799,4.289289,0.996472,-1.497296,4.807769,1.252254,-1.148541,4.739303,1.133776,-0.766251,4.768563,0.475179,-0.686023,4.600360,0.804573,-0.523974,4.750434,0.643867,-0.097735,4.748886,0.197926,-0.460216,4.708263,0.506607,0.426960,4.375831,0.226858,0.119765,4.428116
1155,0.326405,-0.988995,4.402569,0.422082,-1.190037,4.246770,0.471413,-1.458688,4.279662,1.001911,-1.499940,4.799675,1.248270,-1.122380,4.740360,1.129572,-0.756527,4.764166,0.475436,-0.697648,4.601527,0.801291,-0.541275,4.757246,0.661238,-0.076559,4.730820,0.179922,-0.501227,4.677327,0.487600,0.417757,4.379996,0.229943,0.100530,4.452616
1156,0.322907,-1.008064,4.401554,0.424990,-1.212514,4.238557,0.473446,-1.471376,4.277500,1.002706,-1.479464,4.806134,1.258708,-1.129714,4.744017,1.136340,-0.755854,4.764394,0.473716,-0.708469,4.602069,0.797155,-0.527685,4.758796,0.622516,0.004050,4.684248,0.170801,-0.492703,4.672977,0.493735,0.443687,4.344809,0.208641,0.043392,4.500271
1157,0.319950,-0.984159,4.404745,0.413210,-1.164407,4.242622,0.474593,-1.475819,4.286945,1.002807,-1.489076,4.804019,1.240660,-1.110944,4.744969,1.140320,-0.763916,4.772259,0.470232,-0.724059,4.613206,0.790047,-0.551158,4.770022,0.630199,-0.031942,4.706817,0.176712,-0.509694,4.671757,0.467133,0.393288,4.390835,0.210792,0.025200,4.514020
1158,0.318087,-0.999209,4.405941,0.409249,-1.209289,4.240026,0.465534,-1.482630,4.277407,1.001508,-1.490496,4.799468,1.253164,-1.118309,4.733758,1.137669,-0.768415,4.762770,0.479046,-0.719051,4.605274,0.805002,-0.543592,4.759939,0.633702,-0.120941,4.764248,0.175295,-0.470205,4.734038,0.535659,0.458675,4.349601,0.239472,0.163471,4.423232
1159,0.322587,-0.978838,4.404299,0.407951,-1.174892,4.249447,0.463653,-1.474345,4.279818,1.007310,-1.493982,4.800524,1.247833,-1.112227,4.743657,1.136133,-0.759078,4.767030,0.473572,-0.724118,4.607744,0.801792,-0.548129,4.762658,0.627775,-0.049174,4.720777,0.196945,-0.472297,4.728024,0.480934,0.427880,4.374505,0.248239,0.147751,4.439143
1160,0.321777,-0.987979,4.398263,0.411285,-1.204180,4.243687,0.459729,-1.487106,4.266071,1.003096,-1.504308,4.805341,1.250638,-1.106459,4.740902,1.136454,-0.758125,4.762048,0.464082,-0.715916,4.604567,0.796281,-0.535544,4.763317,0.646444,-0.033431,4.706279,0.174959,-0.477803,4.654442,0.514448,0.429251,4.352204,0.202874,0.081093,4.460873
1161,0.315980,-0.963042,4.394234,0.410216,-1.154895,4.244479,0.464567,-1.461458,4.271776,1.000169,-1.500096,4.800907,1.256769,-1.093354,4.728112,1.140602,-0.744270,4.753854,0.471841,-0.696275,4.611127,0.801863,-0.520240,4.759106,0.633693,-0.029626,4.713424,0.155781,-0.509399,4.678182,0.513608,0.484787,4.307170,0.206341,0.090597,4.458997
1162,0.329313,-0.971476,4.379973,0.415906,-1.173262,4.240030,0.462042,-1.462553,4.276685,1.006876,-1.486336,4.802331,1.263213,-1.092561,4.719983,1.145153,-0.737277,4.751077,0.486322,-0.684942,4.602535,0.823265,-0.525979,4.756962,0.650989,-0.147485,4.777765,0.143984,-0.453009,4.639908,0.475615,0.411181,4.366222,0.207377,0.168236,4.408116
1163,0.323549,-0.976799,4.382745,0.422218,-1.188891,4.249759,0.466193,-1.472040,4.276444,1.003900,-1.511231,4.806671,1.259727,-1.089627,4.725722,1.135728,-0.745844,4.750758,0.485586,-0.677630,4.606404,0.810229,-0.519823,4.759939,0.659897,-0.072742,4.736242,0.175176,-0.475474,4.702258,0.518063,0.510896,4.269753,0.194397,0.135147,4.444894
1164,0.313649,-1.009208,4.382003,0.400328,-1.226632,4.244221,0.464645,-1.479080,4.278637,1.002427,-1.497330,4.784927,1.255161,-1.083298,4.730000,1.143425,-0.739220,4.757755,0.469915,-0.681171,4.614613,0.797840,-0.507803,4.755177,0.677029,-0.014969,4.696735,0.187390,-0.493400,4.733003,0.561065,0.528005,4.257895,0.210756,0.154022,4.409509
1165,0.315806,-1.014283,4.383649,0.403931,-1.200463,4.246425,0.465285,-1.474944,4.287019,0.995576,-1.501723,4.803735,1.258660,-1.088610,4.730247,1.135074,-0.754483,4.761645,0.474423,-0.673414,4.613490,0.798189,-0.518527,4.761431,0.667952,-0.052778,4.715578,0.190711,-0.492928,4.721946,0.538246,0.473978,4.295137,0.200065,0.113628,4.451487
1166,0.317731,-0.960900,4.388566,0.411824,-1.176205,4.257571,0.470969,-1.460829,4.280230,1.002730,-1.530232,4.825982,1.251911,-1.098226,4.738985,1.129156,-0.740997,4.755693,0.467312,-0.672840,4.610896,0.799229,-0.501221,4.759196,0.670875,0.005509,4.684804,0.180403,-0.485467,4.709475,0.559535,0.512814,4.278136,0.190071,0.126661,4.418921
1167,0.325495,-0.973190,4.397698,0.415762,-1.191470,4.257738,0.472467,-1.474049,4.281369,1.006710,-1.536312,4.815259,1.250540,-1.091116,4.735498,1.134774,-0.742672,4.758836,0.477202,-0.687582,4.609887,0.808622,-0.523379,4.760118,0.668549,0.005388,4.686630,0.175527,-0.505703,4.643503,0.541024,0.494867,4.303545,0.190824,0.115360,4.427535
1168,0.325955,-0.971508,4.395917,0.419945,-1.195968,4.258185,0.474586,-1.474470,4.278276,1.003950,-1.532795,4.815370,1.246773,-1.090037,4.735966,1.134244,-0.744531,4.766909,0.471407,-0.682316,4.614090,0.805240,-0.513501,4.762833,0.667778,-0.020589,4.702501,0.181131,-0.469258,4.702513,0.534599,0.471510,4.306080,0.196984,0.144323,4.411307
1169,0.339607,-0.970243,4.402331,0.429716,-1.192889,4.261241,0.471608,-1.471829,4.277126,1.004699,-1.531129,4.815276,1.243019,-1.091038,4.734704,1.140368,-0.743690,4.756918,0.469517,-0.679271,4.606280,0.800438,-0.514710,4.760390,0.685074,-0.010749,4.693618,0.191117,-0.493793,4.727517,0.560729,0.537171,4.251846,0.210068,0.171015,4.405553
1170,0.322527,-0.972897,4.392144,0.404894,-1.185852,4.256433,0.473366,-1.475172,4.276196,1.011053,-1.536990,4.823408,1.260090,-1.081971,4.740272,1.136105,-0.744577,4.760683,0.476357,-0.674977,4.610410,0.801264,-0.516953,4.762776,0.665685,-0.051989,4.722178,0.165869,-0.476994,4.662548,0.550737,0.520904,4.277006,0.199256,0.149190,4.412399
1171,0.316140,-1.031482,4.401217,0.422346,-1.272465,4.253169,0.479099,-1.503795,4.279576,1.020663,-1.523749,4.830637,1.266065,-1.086988,4.745752,1.145959,-0.743135,4.753521,0.462442,-0.705413,4.618833,0.798771,-0.530769,4.769113,0.630118,-0.010946,4.700989,0.150750,-0.463710,4.681960,0.536538,0.482665,4.317822,0.192566,0.114846,4.440848
1172,0.309690,-1.018212,4.411579,0.400131,-1.232097,4.256784,0.479255,-1.482493,4.276793,1.019204,-1.529144,4.831782,1.262807,-1.088742,4.750994,1.143721,-0.765769,4.755081,0.460398,-0.707493,4.614555,0.793028,-0.534261,4.770061,0.668630,-0.019459,4.701009,0.162401,-0.480238,4.672318,0.569091,0.501107,4.294358,0.210674,0.138524,4.426108
1173,0.315052,-1.027087,4.407271,0.407229,-1.245709,4.257084,0.487066,-1.476709,4.274972,1.030509,-1.515574,4.816113,1.262666,-1.079143,4.736322,1.142204,-0.746347,4.757067,0.467560,-0.714197,4.617593,0.804911,-0.530297,4.761928,0.660618,-0.072290,4.735155,0.159550,-0.512240,4.711153,0.515665,0.464181,4.329857,0.198109,0.130597,4.436644
1174,0.323246,-1.017616,4.410000,0.442980,-1.208537,4.263199,0.491728,-1.478965,4.273567,1.041316,-1.509545,4.816917,1.264456,-1.071258,4.732000,1.146069,-0.753333,4.756510,0.478321,-0.697192,4.616477,0.808323,-0.519079,4.761733,0.655560,-0.048580,4.722057,0.146048,-0.460990,4.696365,0.506441,0.428272,4.352652,0.199508,0.135100,4.435435
1175,0.325493,-1.010360,4.400544,0.432604,-1.210501,4.263882,0.489167,-1.492343,4.271838,1.036479,-1.542618,4.820714,1.267183,-1.077063,4.733762,1.153179,-0.734821,4.750016,0.474196,-0.707340,4.618523,0.807119,-0.536819,4.768958,0.660027,-0.019108,4.704488,0.144110,-0.462952,4.684977,0.537266,0.480477,4.299122,0.183862,0.118451,4.441952
1176,0.324975,-1.024774,4.414544,0.431695,-1.224922,4.261805,0.487946,-1.495661,4.279674,1.036636,-1.532499,4.821783,1.265672,-1.073188,4.734083,1.148851,-0.743626,4.758212,0.469978,-0.700156,4.630383,0.797990,-0.511839,4.770231,0.668184,-0.018330,4.711211,0.148526,-0.486583,4.720205,0.556503,0.478262,4.288718,0.178060,0.130635,4.432922
1177,0.339619,-1.053156,4.409418,0.445961,-1.259236,4.265244,0.494831,-1.495255,4.260062,1.039615,-1.561320,4.813574,1.261196,-1.089855,4.743987,1.160208,-0.758100,4.758629,0.489224,-0.702943,4.627586,0.816287,-0.520749,4.771470,0.692790,0.015228,4.690701,0.166751,-0.508271,4.715781,0.564102,0.493152,4.266374,0.186751,0.127697,4.438173
1178,0.333544,-1.035932,4.406935,0.446914,-1.264575,4.251601,0.493504,-1.512088,4.249643,1.041185,-1.576164,4.816791,1.262151,-1.095598,4.754115,1.147362,-0.785862,4.767114,0.483935,-0.724096,4.620957,0.806674,-0.543499,4.773577,0.653346,-0.088898,4.747763,0.158161,-0.478455,4.731721,0.503636,0.437058,4.317756,0.185188,0.131225,4.447491
1179,0.322924,-1.057220,4.414563,0.434439,-1.263532,4.266378,0.505168,-1.500684,4.256566,1.038018,-1.585361,4.822437,1.246076,-1.109116,4.756942,1.155752,-0.795475,4.760482,0.487588,-0.723493,4.620642,0.806589,-0.546851,4.774523,0.660689,-0.030166,4.714266,0.161530,-0.490258,4.717806,0.521505,0.482239,4.272757,0.190529,0.130034,4.448250
1180,0.328433,-1.038274,4.417843,0.399772,-1.233134,4.268857,0.484616,-1.518383,4.252083,1.035591,-1.604354,4.822030,1.239588,-1.106232,4.758535,1.161060,-0.795739,4.762604,0.486368,-0.724699,4.625197,0.813080,-0.561809,4.780799,0.663549,-0.002706,4.695993,0.151806,-0.502908,4.737520,0.504568,0.469354,4.285935,0.191813,0.111106,4.463110
1181,0.332457,-1.040429,4.405355,0.423080,-1.214829,4.279098,0.493920,-1.520028,4.235104,1.039797,-1.594044,4.790231,1.244929,-1.097902,4.759367,1.163597,-0.763534,4.759587,0.487866,-0.724613,4.628121,0.830044,-0.547737,4.777166,0.642931,0.008543,4.695426,0.142600,-0.482614,4.743294,0.543572,0.496250,4.253468,0.163115,0.124442,4.446277
1182,0.331291,-1.020357,4.416466,0.455561,-1.161439,4.289823,0.486707,-1.515470,4.234372,1.045552,-1.621179,4.800179,1.243247,-1.098258,4.770032,1.163208,-0.759746,4.758587,0.497979,-0.731294,4.633458,0.845536,-0.572884,4.781820,0.716048,-0.064349,4.731758,0.173540,-0.486802,4.763739,0.521073,0.437242,4.316274,0.174474,0.114444,4.484044
1183,0.325905,-1.037883,4.423060,0.422314,-1.133690,4.293644,0.488667,-1.520605,4.231864,1.056264,-1.609040,4.801883,1.258152,-1.066337,4.756183,1.166181,-0.753385,4.756552,0.494433,-0.743222,4.634377,0.836518,-0.567461,4.782989,0.711295,-0.010222,4.698833,0.165852,-0.491996,4.749797,0.503065,0.432995,4.308602,0.172129,0.084257,4.489774
1184,0.333152,-1.014709,4.411803,0.408366,-1.143945,4.289878,0.478034,-1.527040,4.229195,1.050293,-1.612402,4.801515,1.240823,-1.091224,4.769612,1.144457,-0.731336,4.755957,0.496103,-0.751226,4.638810,0.835901,-0.569628,4.783770,0.705384,-0.022957,4.707762,0.159839,-0.520110,4.783636,0.511930,0.453052,4.286511,0.145226,0.091064,4.504646
1185,0.351407,-1.032430,4.417943,0.432516,-1.105947,4.288746,0.534041,-1.481592,4.237801,1.057369,-1.596958,4.777132,1.235564,-1.077056,4.774396,1.132631,-0.769147,4.777352,0.501052,-0.731969,4.626137,0.827380,-0.547216,4.768288,0.692155,0.019124,4.684275,0.190634,-0.500696,4.771673,0.501762,0.455846,4.279349,0.124645,0.055746,4.508199
1186,0.342294,-0.966393,4.427936,0.430050,-1.034820,4.301040,0.522912,-1.482815,4.237712,1.053724,-1.624526,4.787192,1.237762,-1.084499,4.778937,1.147451,-0.735939,4.766780,0.506435,-0.739616,4.634095,0.824333,-0.544216,4.769779,0.675286,0.044077,4.668819,0.187574,-0.489232,4.771963,0.500397,0.449124,4.285363,0.172096,0.100375,4.487598
1187,0.419903,-1.019604,4.414838,0.462135,-1.080798,4.297214,0.532319,-1.504684,4.233394,1.039782,-1.633569,4.789366,1.227700,-1.119140,4.776882,1.146763,-0.775444,4.765932,0.503331,-0.750356,4.633028,0.833866,-0.566864,4.779585,0.705814,-0.022732,4.711372,0.177708,-0.571622,4.778964,0.499556,0.440698,4.311797,0.111355,0.039333,4.528860
1188,0.333273,-1.021802,4.406319,0.424794,-1.085305,4.282314,0.525090,-1.497754,4.203232,1.070484,-1.610590,4.771543,1.238819,-1.086583,4.753583,1.147586,-0.742973,4.759491,0.514992,-0.741469,4.622657,0.845086,-0.555179,4.763057,0.731019,-0.025686,4.705486,0.190258,-0.516355,4.758231,0.504365,0.392278,4.358022,0.129382,0.057582,4.533628
1189,0.365960,-1.045984,4.412974,0.452799,-1.119856,4.281462,0.529488,-1.509174,4.215501,1.050965,-1.654032,4.777261,1.198760,-1.121981,4.776826,1.150712,-0.775926,4.769153,0.507874,-0.765982,4.629380,0.836088,-0.604206,4.783345,0.739560,-0.104837,4.750813,0.199289,-0.570639,4.777444,0.526917,0.431001,4.347334,0.158816,0.071998,4.503907
1190,0.341314,-0.987712,4.422008,0.426966,-1.115431,4.286012,0.524327,-1.510382,4.222641,1.056648,-1.675354,4.790976,1.200936,-1.129888,4.775360,1.153404,-0.769611,4.766102,0.494085,-0.753763,4.628978,0.828312,-0.570382,4.777611,0.734761,-0.011665,4.698833,0.180161,-0.441270,4.724868,0.507179,0.380846,4.359704,0.151198,0.085691,4.501164
1191,0.388376,-1.061177,4.427764,0.496678,-1.118949,4.298552,0.573415,-1.507308,4.228482,1.062627,-1.671154,4.791821,1.160364,-1.111120,4.784255,1.138527,-0.769740,4.763451,0.520419,-0.748384,4.627281,0.862612,-0.576075,4.772794,0.707731,-0.002169,4.695738,0.211129,-0.477073,4.729859,0.468954,0.374874,4.361820,0.167727,0.106402,4.470483
1192,0.339293,-1.032278,4.434515,0.386751,-1.145766,4.277286,0.523126,-1.551834,4.183610,1.072567,-1.635197,4.762578,1.153815,-1.062067,4.758164,1.131961,-0.736750,4.761468,0.478348,-0.738822,4.615074,0.815252,-0.560285,4.769194,0.724048,0.002812,4.693244,0.187815,-0.325316,4.658821,0.502657,0.360485,4.371704,0.168314,0.114054,4.453867
1193,0.340451,-1.000414,4.444080,0.414610,-1.116011,4.278717,0.554528,-1.522136,4.199213,1.079776,-1.623849,4.765930,1.169266,-1.082941,4.750549,1.139421,-0.796989,4.769260,0.476026,-0.727303,4.610658,0.813977,-0.545552,4.764194,0.744004,0.036948,4.661449,0.189546,-0.315973,4.680725,0.501916,0.374004,4.353479,0.139367,0.106796,4.490865
1194,0.344710,-1.038688,4.448322,0.418603,-1.140937,4.293093,0.560402,-1.555107,4.210465,1.079415,-1.636078,4.779581,1.146963,-1.080911,4.766578,1.134672,-0.773579,4.769113,0.462270,-0.732505,4.614587,0.805080,-0.544054,4.766973,0.695521,0.018017,4.682377,0.193548,-0.348624,4.666708,0.498643,0.388919,4.344361,0.145910,0.101301,4.475979
1195,0.370405,-1.026875,4.431491,0.461971,-1.137956,4.286578,0.570559,-1.531539,4.210592,1.071092,-1.651652,4.774227,1.148327,-1.076650,4.769651,1.132101,-0.790066,4.773260,0.466721,-0.739599,4.605299,0.806256,-0.574041,4.772367,0.725735,0.020613,4.676721,0.217819,-0.276406,4.639522,0.482407,0.355200,4.381236,0.170389,0.135872,4.448858
1196,0.375208,-1.038059,4.441435,0.453982,-1.130847,4.284781,0.585193,-1.520644,4.193028,1.083044,-1.650413,4.767344,1.173766,-1.074181,4.768853,1.131778,-0.781786,4.769716,0.480579,-0.751475,4.602253,0.813119,-0.600902,4.781007,0.714663,-0.043307,4.712570,0.227178,-0.344700,4.663747,0.512618,0.296510,4.443455,0.177584,0.101069,4.455966
1197,0.311460,-0.931779,4.436132,0.409500,-1.098875,4.291649,0.548521,-1.557259,4.191207,1.072862,-1.685246,4.774358,1.130579,-1.099299,4.780556,1.125337,-0.797988,4.771816,0.476418,-0.723178,4.603360,0.835336,-0.598416,4.774483,0.730048,0.018385,4.677498,0.221347,-0.254587,4.621637,0.501387,0.338872,4.398637,0.163812,0.113875,4.458752
1198,0.331541,-0.914593,4.437212,0.455046,-1.060749,4.306756,0.578584,-1.543911,4.193032,1.078263,-1.656367,4.761971,1.149135,-1.057516,4.770220,1.112151,-0.792392,4.781354,0.483750,-0.704636,4.598863,0.833760,-0.568505,4.762090,0.677888,0.051451,4.663887,0.229896,-0.240087,4.611482,0.462158,0.327672,4.408650,0.174488,0.133980,4.437240
1199,0.339058,-0.958532,4.446004,0.444015,-1.129107,4.288136,0.564997,-1.579785,4.187687,1.079001,-1.699662,4.757507,1.167091,-1.080067,4.770988,1.130052,-0.772024,4.767778,0.489424,-0.750465,4.607471,0.829463,-0.621919,4.780758,0.693733,-0.025198,4.704760,0.231627,-0.320949,4.654225,0.437452,0.293290,4.452081,0.176112,0.099077,4.456401
1200,0.374898,-0.920350,4.448003,0.506359,-1.045979,4.305727,0.621967,-1.443435,4.201157,1.083524,-1.601933,4.750210,1.143783,-1.055681,4.767938,1.129014,-0.778471,4.767784,0.515690,-0.704392,4.598752,0.853837,-0.545771,4.756447,0.708705,0.031319,4.672054,0.240089,-0.261739,4.620647,0.440595,0.332747,4.400393,0.192083,0.161773,4.416394
1201,0.366411,-0.916256,4.429638,0.499758,-1.105674,4.289161,0.637929,-1.512898,4.185674,1.095741,-1.657748,4.753631,1.147967,-1.085419,4.789859,1.129455,-0.829759,4.784301,0.516857,-0.780119,4.593069,0.861083,-0.634125,4.764672,0.724905,-0.041357,4.711123,0.231084,-0.351571,4.645661,0.469702,0.323293,4.420348,0.189841,0.119237,4.450490
1202,0.366015,-0.921027,4.424031,0.499454,-1.074756,4.293965,0.639370,-1.492040,4.193486,1.108226,-1.604046,4.747400,1.177511,-1.059425,4.775335,1.140346,-0.793635,4.772254,0.511690,-0.757617,4.590804,0.864227,-0.610266,4.760344,0.765170,-0.039632,4.700082,0.208942,-0.390385,4.671903,0.487455,0.321811,4.418103,0.153597,0.099388,4.455776
1203,0.363072,-0.909779,4.432692,0.483724,-1.165017,4.286397,0.625375,-1.570644,4.178105,1.098065,-1.675074,4.766245,1.138468,-1.163432,4.804962,1.134205,-0.799480,4.778655,0.478835,-0.795931,4.601101,0.810507,-0.646769,4.780349,0.696278,-0.063993,4.726386,0.215768,-0.332543,4.650336,0.429959,0.276964,4.461850,0.175793,0.126195,4.433549
1204,0.394347,-0.900981,4.432172,0.494440,-1.107521,4.288346,0.598749,-1.581073,4.164225,1.090053,-1.639557,4.742788,1.130971,-1.152319,4.788873,1.125681,-0.808407,4.781704,0.496143,-0.773196,4.598041,0.825576,-0.627672,4.769721,0.700550,-0.012924,4.697249,0.223726,-0.359734,4.669676,0.462076,0.337018,4.405585,0.185001,0.136991,4.428461
1205,0.405706,-0.886101,4.432814,0.553118,-1.080600,4.300920,0.676492,-1.514320,4.199659,1.110201,-1.628285,4.748685,1.146910,-1.101931,4.785533,1.132689,-0.810881,4.773578,0.529054,-0.767570,4.587604,0.863491,-0.604430,4.749857,0.712333,-0.076933,4.734289,0.243232,-0.372731,4.661268,0.455214,0.312655,4.421143,0.188006,0.123196,4.434527
1206,0.362541,-0.926249,4.425579,0.475640,-1.126177,4.282812,0.600890,-1.590661,4.167703,1.106556,-1.635566,4.740735,1.134393,-1.123222,4.782436,1.122376,-0.787762,4.766576,0.501230,-0.791627,4.595833,0.844336,-0.622888,4.755294,0.704643,-0.067044,4.731032,0.235551,-0.392198,4.671120,0.469000,0.331555,4.417525,0.189644,0.135641,4.433167
1207,0.366392,-0.939158,4.434476,0.515979,-1.089140,4.305744,0.662813,-1.499688,4.209373,1.128877,-1.553241,4.743071,1.162074,-1.042987,4.766226,1.145114,-0.807550,4.764719,0.508399,-0.771437,4.587969,0.857537,-0.603993,4.746977,0.710530,-0.069039,4.728623,0.235218,-0.378323,4.654059,0.508588,0.299513,4.445826,0.176780,0.115602,4.447235
1208,0.380174,-0.911634,4.412931,0.483494,-1.085695,4.288827,0.623605,-1.528216,4.189139,1.120983,-1.555324,4.729617,1.173489,-1.005465,4.754996,1.139901,-0.774234,4.760662,0.503918,-0.758009,4.588265,0.864024,-0.596427,4.745485,0.686182,-0.003594,4.692372,0.248748,-0.317081,4.653635,0.513466,0.298355,4.452650,0.194567,0.146221,4.414412
1209,0.363664,-0.925738,4.429501,0.491118,-1.135469,4.296192,0.661277,-1.502882,4.202087,1.135252,-1.550504,4.729015,1.172778,-1.058118,4.765524,1.138292,-0.769549,4.761733,0.519312,-0.758375,4.591775,0.871702,-0.588346,4.743148,0.682410,-0.010425,4.697433,0.250914,-0.338889,4.647089,0.472086,0.329138,4.418091,0.227013,0.195859,4.374174
1210,0.319751,-0.892083,4.425199,0.428318,-1.084733,4.293141,0.618144,-1.534304,4.192600,1.162636,-1.561074,4.731939,1.197159,-1.008705,4.754993,1.142097,-0.724819,4.751782,0.505463,-0.762093,4.595489,0.878816,-0.601388,4.748418,0.713082,-0.085353,4.737559,0.244666,-0.341156,4.649215,0.494468,0.281847,4.465514,0.187225,0.143246,4.416993
1211,0.333382,-0.925367,4.422667,0.476661,-1.109217,4.281599,0.648042,-1.535156,4.180258,1.201233,-1.576331,4.719899,1.162449,-1.056154,4.761776,1.149609,-0.782599,4.766975,0.513662,-0.798711,4.588116,0.879989,-0.630385,4.744390,0.720710,-0.098258,4.738326,0.222465,-0.388120,4.672714,0.508024,0.321971,4.426094,0.189698,0.123626,4.434389
1212,0.341425,-0.916677,4.430373,0.489788,-1.128120,4.303009,0.663131,-1.532572,4.198014,1.146007,-1.563242,4.739942,1.157509,-1.073627,4.771899,1.136617,-0.775497,4.764357,0.504229,-0.788074,4.586484,0.835663,-0.608697,4.752164,0.681681,-0.044320,4.717958,0.235849,-0.367292,4.662937,0.457077,0.289597,4.441905,0.178278,0.116292,4.429352
1213,nan,nan,nan,nan,nan,nan,nan,nan,nan,nan,nan,nan,nan,nan,nan,nan,nan,nan,nan,nan,nan,nan,nan,nan,nan,nan,nan,nan,nan,nan,nan,nan,nan,nan,nan,nan
1214,0.397625,-0.917732,4.514543,0.530965,-1.133405,4.363584,0.625737,-1.474834,4.228423,1.137474,-1.569613,4.832583,1.144186,-1.142641,4.888459,1.209030,-0.695565,4.810966,0.500135,-0.775746,4.697436,0.869723,-0.666404,4.962777,0.701391,-0.116784,4.766200,0.273351,-0.249129,4.676978,0.472679,0.294674,4.443949,0.183884,0.148716,4.459288
1215,0.411602,-0.913927,4.499017,0.533813,-1.137628,4.325552,0.698621,-1.551512,4.226875,1.213110,-1.620960,4.862030,1.214131,-1.101252,4.850106,1.190350,-0.771988,4.814003,0.528278,-0.805000,4.640320,0.883658,-0.628976,4.806612,0.720613,-0.136796,4.768728,0.273150,-0.406496,4.687691,0.498993,0.341664,4.402910,0.207351,0.149905,4.420691
1216,nan,nan,nan,nan,nan,nan,nan,nan,nan,nan,nan,nan,nan,nan,nan,nan,nan,nan,nan,nan,nan,nan,nan,nan,nan,nan,nan,nan,nan,nan,nan,nan,nan,nan,nan,nan
1217,0.376606,-0.865938,4.502223,0.465914,-1.021378,4.386432,0.567729,-1.486302,4.251856,1.128215,-1.587104,4.816749,1.160861,-1.036636,4.788838,1.167970,-0.733616,4.831213,0.506089,-0.751686,4.706658,0.865036,-0.641848,4.894235,0.724815,-0.163245,4.809353,0.245168,-0.411037,4.758338,0.489084,0.240807,4.499358,0.211395,0.147512,4.459387
1218,0.391430,-0.924456,4.499091,0.516380,-1.111948,4.322769,0.608370,-1.546910,4.200290,1.143280,-1.689186,4.811231,1.252161,-1.138010,4.845294,1.180045,-0.786406,4.814629,0.535651,-0.788898,4.672686,0.861241,-0.620605,4.835840,0.721696,-0.080675,4.752053,0.220543,-0.405899,4.737311,0.546853,0.289230,4.470246,0.165345,0.105508,4.480722
1219,0.346049,-0.944695,4.433352,0.390880,-1.134835,4.305751,0.515870,-1.617013,4.286011,1.087791,-1.713986,4.876641,1.153661,-1.096575,4.834037,1.178823,-0.821914,4.807703,0.470335,-0.801668,4.665716,0.837803,-0.669212,4.829798,0.735494,-0.103024,4.768866,0.222372,-0.392228,4.719276,0.577654,0.315905,4.445588,0.169219,0.117826,4.492558
1220,0.417119,-0.858239,4.428215,0.437300,-0.938360,4.319507,0.500313,-1.510704,4.259185,1.080114,-1.664253,4.820892,1.194841,-1.047197,4.791693,1.180675,-0.781931,4.791021,0.494906,-0.787798,4.649563,0.841420,-0.634252,4.806975,0.745088,-0.227300,4.827138,0.182401,-0.448733,4.751287,0.586481,0.304121,4.465587,0.145728,0.118024,4.501163
1221,0.344832,-0.991753,4.406264,0.426950,-1.061888,4.294253,0.518967,-1.429644,4.262960,1.036723,-1.593973,4.815886,1.192999,-1.060426,4.771292,1.139049,-0.813808,4.788708,0.493790,-0.740938,4.658247,0.831300,-0.568384,4.792594,0.704613,-0.026593,4.708783,0.167722,-0.437895,4.730116,0.528605,0.442961,4.320383,0.153641,0.097624,4.483838
1222,0.320753,-1.022732,4.411572,0.406179,-1.105376,4.306213,0.527644,-1.499927,4.239602,1.033024,-1.614088,4.828493,1.183704,-1.069580,4.771349,1.115980,-0.830460,4.787697,0.492581,-0.725410,4.645957,0.823368,-0.543913,4.786204,0.715561,0.015251,4.677760,0.165636,-0.395504,4.714268,0.538188,0.442191,4.306231,0.163967,0.131124,4.458036
1223,0.348309,-1.075907,4.419141,0.423703,-1.159341,4.268944,0.473259,-1.574808,4.305761,1.031195,-1.579716,4.878602,1.266280,-1.062059,4.745020,1.156458,-0.779607,4.770072,0.489899,-0.704857,4.642255,0.812882,-0.526797,4.791636,0.648857,0.039362,4.664296,0.164047,-0.443855,4.712690,0.541743,0.564535,4.175551,0.138398,0.136410,4.472891
1224,0.361350,-0.993284,4.405439,0.437064,-1.115622,4.253751,0.482434,-1.494289,4.331376,1.016384,-1.552500,4.866886,1.262838,-1.067693,4.741477,1.143223,-0.747513,4.759314,0.464525,-0.627915,4.635152,0.795759,-0.435736,4.761462,0.653522,0.066983,4.651334,0.148722,-0.497157,4.817811,0.564968,0.559199,4.223998,0.134459,0.128822,4.464348
1225,0.336302,-1.057151,4.397852,0.432774,-1.298666,4.242890,0.473111,-1.451094,4.313664,1.009907,-1.444180,4.837063,1.290552,-1.108467,4.728675,1.178623,-0.811426,4.753941,0.468936,-0.634579,4.627770,0.787833,-0.434737,4.753840,0.631912,0.067547,4.653689,0.130075,-0.466733,4.723783,0.548183,0.509992,4.262949,0.141537,0.117465,4.450257
1226,0.347312,-1.063349,4.415283,0.432769,-1.233259,4.237202,0.499142,-1.429208,4.326169,1.047705,-1.347579,4.810830,1.352815,-1.140353,4.709569,1.167538,-0.823443,4.764879,0.473868,-0.675197,4.617971,0.796869,-0.455618,4.735036,0.644443,0.056589,4.658625,0.120371,-0.470170,4.712882,0.532971,0.450540,4.293053,0.139328,0.084648,4.509278
1227,0.387708,-1.080871,4.417274,0.489502,-1.289846,4.243974,0.522795,-1.439878,4.302374,1.049522,-1.413583,4.787993,1.365004,-1.143091,4.699042,1.148146,-0.818051,4.757814,0.486919,-0.693356,4.585689,0.810339,-0.484047,4.715714,0.635843,-0.057826,4.716470,0.150748,-0.480807,4.667516,0.489449,0.381455,4.364879,0.201214,0.139818,4.464807
1228,0.389996,-1.050766,4.411521,0.490220,-1.301789,4.244279,0.526989,-1.437103,4.301973,1.047178,-1.402853,4.787423,1.333881,-1.127384,4.710927,1.143293,-0.798803,4.758183,0.500519,-0.678260,4.583825,0.812334,-0.494820,4.714347,0.614180,-0.100600,4.742256,0.164357,-0.516204,4.680488,0.502032,0.347769,4.422056,0.223736,0.121703,4.491964
1229,0.394430,-1.024961,4.395308,0.487144,-1.196478,4.236683,0.529346,-1.442461,4.307627,1.037031,-1.443052,4.788078,1.303934,-1.144703,4.718601,1.154850,-0.830008,4.760410,0.508655,-0.739456,4.590568,0.808161,-0.578367,4.738213,0.655322,-0.178466,4.788616,0.188828,-0.514807,4.740781,0.493707,0.301823,4.454472,0.200721,0.052134,4.522192
1230,0.380904,-1.057208,4.408791,0.462431,-1.257120,4.239955,0.509234,-1.466795,4.288332,1.020925,-1.450279,4.757854,1.300416,-1.153135,4.713983,1.146642,-0.814703,4.759223,0.504714,-0.708863,4.583687,0.806256,-0.558487,4.732707,0.653141,-0.221177,4.812708,0.183999,-0.532728,4.653759,0.497124,0.298614,4.467369,0.238297,0.120729,4.461358
1231,0.377674,-1.045131,4.407327,0.461280,-1.203490,4.240231,0.520010,-1.457049,4.289417,1.020340,-1.458230,4.764866,1.296348,-1.146324,4.708959,1.151254,-0.809634,4.752619,0.501381,-0.728745,4.593333,0.805343,-0.573535,4.743695,0.671288,-0.226826,4.812856,0.156714,-0.518276,4.690412,0.484877,0.255026,4.506376,0.217534,0.031948,4.505469
1232,0.381499,-1.048415,4.392810,0.469249,-1.237990,4.239315,0.523545,-1.469241,4.298587,1.026915,-1.461533,4.754129,1.301185,-1.142374,4.705541,1.149807,-0.825615,4.755322,0.514963,-0.707642,4.596068,0.817090,-0.562767,4.736963,0.644954,-0.166873,4.790912,0.181250,-0.479120,4.702802,0.563086,0.329241,4.460626,0.202753,0.120391,4.439205
1233,0.391283,-1.076360,4.407705,0.477319,-1.275653,4.245194,0.534469,-1.467242,4.289299,1.036370,-1.453922,4.760151,1.302341,-1.140815,4.716132,1.155515,-0.816259,4.754346,0.501015,-0.704454,4.595020,0.806821,-0.545239,4.735228,0.633235,-0.142850,4.767014,0.177081,-0.502254,4.675825,0.521325,0.299828,4.462503,0.241171,0.041718,4.541790
1234,0.389024,-1.052080,4.399175,0.480662,-1.246248,4.242735,0.531574,-1.479660,4.289147,1.048503,-1.478234,4.749594,1.315450,-1.136907,4.707345,1.150012,-0.818337,4.756500,0.510684,-0.718069,4.589015,0.816829,-0.549083,4.732440,0.604194,-0.175217,4.786542,0.174181,-0.495887,4.655884,0.500809,0.302155,4.456586,0.220781,0.073851,4.490232
1235,0.400388,-1.057711,4.390993,0.486650,-1.237568,4.240937,0.549904,-1.463525,4.285708,1.042736,-1.474336,4.752018,1.300866,-1.153642,4.722169,1.150016,-0.815763,4.760951,0.518327,-0.714508,4.585014,0.814012,-0.562820,4.733784,0.614378,-0.177763,4.790665,0.180748,-0.509489,4.732590,0.488222,0.307126,4.454110,0.219490,0.092185,4.475374
1236,0.399119,-1.059594,4.394401,0.472251,-1.258849,4.234622,0.544728,-1.475277,4.283138,1.043662,-1.468918,4.743206,1.308458,-1.153789,4.707705,1.155075,-0.822330,4.759561,0.511962,-0.711358,4.593235,0.810372,-0.565754,4.735630,0.624158,-0.179014,4.785087,0.176180,-0.505450,4.655949,0.485502,0.313505,4.445587,0.224305,0.104982,4.462009
1237,0.392402,-1.060013,4.400254,0.463585,-1.264710,4.237546,0.532370,-1.480048,4.286018,1.045047,-1.464822,4.746923,1.311184,-1.137109,4.710554,1.155184,-0.775646,4.749967,0.514018,-0.698966,4.591207,0.829152,-0.556920,4.736634,0.639872,-0.135208,4.767668,0.155539,-0.486406,4.648859,0.506177,0.351846,4.440738,0.224921,0.090086,4.451697
1238,0.375066,-1.066207,4.396720,0.456371,-1.276174,4.236187,0.534117,-1.474640,4.290164,1.043742,-1.468314,4.753831,1.295066,-1.149100,4.722305,1.157718,-0.827246,4.758749,0.498729,-0.688342,4.587248,0.818847,-0.544317,4.738384,0.621133,-0.177486,4.792052,0.172700,-0.497017,4.722518,0.508212,0.335046,4.421273,0.204389,0.134254,4.435480
1239,0.377705,-1.084170,4.381886,0.449747,-1.304686,4.234068,0.532899,-1.496198,4.288184,1.051663,-1.461418,4.748100,1.318717,-1.114688,4.709329,1.160882,-0.811127,4.754879,0.489545,-0.711365,4.595221,0.814486,-0.538446,4.736520,0.614519,-0.192518,4.789030,0.185797,-0.497892,4.711470,0.502233,0.352832,4.401155,0.205817,0.102165,4.472669
1240,0.370245,-1.079440,4.403645,0.452451,-1.282418,4.229168,0.528697,-1.493874,4.287549,1.051563,-1.462864,4.748215,1.319537,-1.118764,4.707675,1.152780,-0.807619,4.756542,0.496041,-0.714090,4.594359,0.818117,-0.551290,4.737549,0.643335,-0.077892,4.729558,0.181550,-0.495876,4.718383,0.482080,0.360710,4.393971,0.219135,0.058167,4.485950
1241,0.376521,-1.075473,4.400541,0.460782,-1.273912,4.236779,0.539703,-1.473372,4.290938,1.051865,-1.457496,4.752277,1.313121,-1.116012,4.713306,1.157632,-0.824023,4.755141,0.504134,-0.695326,4.589686,0.824100,-0.544029,4.738189,0.614906,-0.161883,4.780972,0.174552,-0.470630,4.704331,0.478418,0.322956,4.424527,0.210117,0.102670,4.456970
1242,0.377669,-1.055722,4.383244,0.444241,-1.285259,4.239066,0.526969,-1.492920,4.294291,1.051389,-1.463873,4.756423,1.314854,-1.119952,4.714749,1.152126,-0.826193,4.770079,0.486720,-0.703580,4.602266,0.812551,-0.543739,4.740903,0.613004,-0.182993,4.790824,0.169649,-0.491728,4.718803,0.504198,0.355528,4.398820,0.196774,0.121931,4.473805
1243,0.380497,-1.065464,4.389265,0.444906,-1.280067,4.236374,0.521565,-1.491239,4.295058,1.045635,-1.475005,4.764012,1.306739,-1.132847,4.720202,1.149085,-0.821347,4.763743,0.480598,-0.709808,4.597627,0.806541,-0.543355,4.738132,0.637855,-0.123644,4.757539,0.169939,-0.466615,4.706069,0.509869,0.289326,4.461454,0.224577,0.103011,4.473290
1244,0.379355,-1.066658,4.390115,0.451848,-1.284512,4.234276,0.530335,-1.487615,4.293108,1.051001,-1.486866,4.759813,1.323140,-1.137753,4.720456,1.154226,-0.830717,4.766715,0.486146,-0.703126,4.599706,0.809882,-0.539054,4.735787,0.613763,-0.147644,4.769900,0.176175,-0.471571,4.708694,0.507314,0.345231,4.408311,0.227348,0.100861,4.479982
1245,0.373343,-1.081567,4.402194,0.451241,-1.272128,4.240236,0.536637,-1.486040,4.294410,1.058993,-1.478586,4.758475,1.319555,-1.128755,4.714751,1.158335,-0.821982,4.756051,0.497363,-0.707265,4.587900,0.813745,-0.546003,4.733757,0.641028,-0.118714,4.753160,0.163352,-0.496123,4.677953,0.492794,0.328618,4.419734,0.200885,0.081595,4.487929
1246,0.377541,-1.047859,4.410384,0.453063,-1.261750,4.237406,0.529225,-1.490003,4.294469,1.059635,-1.476622,4.754549,1.327816,-1.125435,4.713653,1.152308,-0.826101,4.763265,0.498430,-0.705577,4.594571,0.823313,-0.551906,4.737803,0.612921,-0.161692,4.782026,0.157766,-0.490646,4.671936,0.510509,0.307674,4.449389,0.223289,0.128919,4.451609
1247,0.386496,-1.061955,4.413118,0.458742,-1.267889,4.245631,0.538684,-1.486582,4.293105,1.048754,-1.472215,4.757191,1.310032,-1.128033,4.705462,1.157520,-0.818365,4.757336,0.501295,-0.717941,4.596507,0.821625,-0.561476,4.737707,0.613913,-0.183255,4.792169,0.189229,-0.483586,4.704553,0.518297,0.332164,4.425245,0.214382,0.157264,4.438148
1248,0.375053,-1.058676,4.409439,0.453901,-1.256923,4.228036,0.535306,-1.485229,4.294892,1.048417,-1.468480,4.751580,1.299051,-1.139505,4.721633,1.155391,-0.833294,4.759299,0.496669,-0.709634,4.590178,0.813874,-0.551636,4.731527,0.635807,-0.193414,4.798427,0.177826,-0.520546,4.691494,0.493083,0.302106,4.448031,0.197535,0.116911,4.463513
1249,0.374169,-1.069788,4.414359,0.452730,-1.260423,4.235999,0.535563,-1.493382,4.300785,1.065774,-1.469927,4.757030,1.312153,-1.126534,4.718766,1.157732,-0.806308,4.752125,0.499601,-0.708382,4.587380,0.823994,-0.549919,4.730209,0.622834,-0.179024,4.789935,0.163097,-0.481246,4.679056,0.509726,0.288852,4.462207,0.202745,0.111919,4.462653
1250,0.381252,-1.059812,4.404264,0.443851,-1.273418,4.249062,0.535687,-1.498518,4.300256,1.049881,-1.488849,4.777999,1.309042,-1.136448,4.712083,1.157001,-0.826445,4.756261,0.490415,-0.726166,4.591368,0.810064,-0.563998,4.735466,0.613872,-0.168078,4.778998,0.168627,-0.484983,4.677915,0.525918,0.283446,4.469027,0.209107,0.135107,4.443000
1251,0.382734,-1.055829,4.401695,0.455597,-1.262198,4.234087,0.536923,-1.483398,4.298938,1.056438,-1.470384,4.767008,1.308981,-1.142032,4.722873,1.150658,-0.829206,4.763681,0.492377,-0.712962,4.592593,0.811883,-0.553794,4.735428,0.614646,-0.154972,4.773179,0.167901,-0.491912,4.660873,0.523238,0.290144,4.458790,0.213653,0.110480,4.461749
1252,0.380214,-1.094995,4.407837,0.445747,-1.311147,4.222440,0.538499,-1.494468,4.302555,1.055041,-1.485480,4.765193,1.304260,-1.152587,4.722598,1.149604,-0.827871,4.760909,0.494173,-0.725762,4.599003,0.806938,-0.555627,4.738559,0.618803,-0.192694,4.795608,0.168230,-0.511419,4.684844,0.499951,0.318395,4.427946,0.219205,0.112762,4.465535
1253,0.396734,-1.060155,4.411204,0.468799,-1.283588,4.224037,0.535248,-1.486140,4.301697,1.058472,-1.464683,4.766315,1.294991,-1.143391,4.717979,1.156196,-0.809047,4.755824,0.501273,-0.713807,4.597935,0.817274,-0.554811,4.735864,0.623719,-0.198313,4.804035,0.167724,-0.500562,4.680270,0.510533,0.336704,4.432041,0.238560,0.142189,4.438633
1254,0.385423,-1.071632,4.408728,0.454169,-1.274873,4.241205,0.536690,-1.494324,4.303776,1.053531,-1.467268,4.764894,1.304351,-1.144626,4.709177,1.154836,-0.830846,4.757643,0.505298,-0.727966,4.602312,0.818573,-0.568077,4.742686,0.628053,-0.172255,4.786779,0.164294,-0.501016,4.692158,0.517080,0.289388,4.465653,0.195976,0.128340,4.458179
1255,0.385481,-1.074541,4.406414,0.461055,-1.274055,4.226435,0.535683,-1.493272,4.304627,1.056308,-1.476896,4.764192,1.307841,-1.131698,4.710842,1.156174,-0.831027,4.756982,0.497610,-0.733481,4.603796,0.814895,-0.560267,4.738863,0.654911,-0.175721,4.790078,0.173694,-0.510161,4.683125,0.516715,0.313284,4.448704,0.210940,0.132190,4.451798
1256,0.389114,-1.091280,4.407334,0.472412,-1.287696,4.240142,0.542979,-1.484027,4.301768,1.056886,-1.466372,4.759426,1.296532,-1.127257,4.717454,1.152901,-0.829750,4.761588,0.503856,-0.715036,4.597127,0.814966,-0.545905,4.734616,0.663352,-0.109486,4.747983,0.166053,-0.487946,4.683813,0.510761,0.339542,4.424172,0.199718,0.152239,4.440986
1257,0.391145,-1.090579,4.403450,0.478663,-1.275727,4.239631,0.546303,-1.496588,4.303772,1.051219,-1.477473,4.779511,1.299721,-1.143084,4.713164,1.155563,-0.833748,4.760983,0.504745,-0.719913,4.597025,0.817748,-0.563617,4.741086,0.623658,-0.170034,4.785300,0.175894,-0.493454,4.687113,0.513563,0.299120,4.456372,0.212003,0.138526,4.445078
1258,0.391270,-1.091645,4.402623,0.479103,-1.285884,4.241470,0.542768,-1.490455,4.304647,1.049292,-1.486859,4.775677,1.294226,-1.146624,4.713791,1.156112,-0.820165,4.750922,0.495533,-0.715163,4.588065,0.811334,-0.549812,4.736610,0.617707,-0.167507,4.781789,0.176972,-0.502644,4.686346,0.509214,0.305170,4.443267,0.230767,0.144644,4.455838
1259,0.389598,-1.082738,4.397224,0.456562,-1.280403,4.237400,0.534136,-1.489089,4.304958,1.054668,-1.506096,4.787930,1.285436,-1.136901,4.722344,1.147125,-0.813821,4.753379,0.482533,-0.712018,4.591997,0.806006,-0.541589,4.736645,0.615537,-0.164240,4.777042,0.194940,-0.496986,4.704002,0.506141,0.294359,4.452332,0.234944,0.122674,4.472692
1260,0.386751,-1.064995,4.409939,0.469437,-1.273691,4.254435,0.539971,-1.488879,4.303938,1.053178,-1.501255,4.779439,1.296356,-1.142936,4.719619,1.144112,-0.823507,4.763370,0.492541,-0.704837,4.593792,0.808506,-0.537071,4.736711,0.622793,-0.133411,4.758605,0.167531,-0.483767,4.661558,0.510154,0.288482,4.465872,0.220284,0.122212,4.454679
1261,0.401630,-1.061630,4.415414,0.483854,-1.260566,4.258190,0.535790,-1.474203,4.301607,1.045447,-1.510719,4.785843,1.312394,-1.143218,4.717618,1.151728,-0.809220,4.759246,0.506728,-0.705155,4.595381,0.823371,-0.555663,4.742745,0.624222,-0.211146,4.811353,0.170704,-0.492168,4.672506,0.549856,0.322287,4.457519,0.227784,0.130875,4.440239
1262,0.398550,-1.078614,4.409106,0.496682,-1.263238,4.260887,0.539884,-1.476204,4.304514,1.034141,-1.498327,4.780590,1.293502,-1.155675,4.722724,1.144159,-0.822302,4.772003,0.504561,-0.708067,4.592254,0.810208,-0.544443,4.740193,0.626485,-0.187397,4.798466,0.175509,-0.533001,4.674887,0.500928,0.302887,4.461676,0.223859,0.077540,4.468234
1263,0.394060,-1.050537,4.407658,0.499574,-1.231748,4.251991,0.545980,-1.478636,4.305283,1.035734,-1.494717,4.785018,1.279775,-1.154351,4.726339,1.141051,-0.819151,4.766425,0.497922,-0.710339,4.592505,0.812300,-0.553946,4.740475,0.631659,-0.184442,4.795084,0.162715,-0.498171,4.677387,0.528632,0.309006,4.456367,0.217635,0.122832,4.451599
1264,0.395835,-1.048416,4.404418,0.506024,-1.242628,4.246873,0.530318,-1.480444,4.298621,1.036467,-1.499667,4.789620,1.268658,-1.160102,4.732214,1.145315,-0.823576,4.765627,0.498828,-0.696855,4.590573,0.811693,-0.538936,4.741820,0.641246,-0.090447,4.741250,0.162092,-0.483979,4.680609,0.502158,0.344792,4.423098,0.226682,0.136784,4.450899
1265,0.387864,-1.033271,4.407238,0.474479,-1.238981,4.236246,0.517183,-1.474321,4.294966,1.029723,-1.499145,4.784668,1.258111,-1.165449,4.733499,1.145309,-0.835397,4.772017,0.489419,-0.712249,4.596354,0.810511,-0.554459,4.750700,0.615272,-0.203628,4.812633,0.179803,-0.489821,4.682177,0.498527,0.313322,4.443908,0.230554,0.120648,4.437239
1266,0.406473,-1.057952,4.403591,0.502208,-1.227419,4.245847,0.519548,-1.473735,4.296585,1.032614,-1.505002,4.790444,1.263197,-1.154631,4.724805,1.141958,-0.814730,4.761631,0.494319,-0.709845,4.594316,0.824039,-0.559905,4.751225,0.631159,-0.201109,4.806536,0.184430,-0.503013,4.690032,0.518030,0.275687,4.475698,0.187390,0.114877,4.442738
1267,0.381127,-1.077933,4.416759,0.463729,-1.259065,4.242573,0.512330,-1.468641,4.295600,1.028456,-1.500005,4.794211,1.266038,-1.182462,4.732297,1.133968,-0.830600,4.775604,0.485363,-0.699810,4.601902,0.813960,-0.535423,4.749005,0.625813,-0.135431,4.772913,0.169024,-0.472883,4.671710,0.530815,0.414421,4.371421,0.203717,0.137456,4.409815
1268,0.377367,-1.017863,4.397463,0.478391,-1.182999,4.239424,0.496075,-1.443481,4.293973,1.013127,-1.492479,4.782595,1.251636,-1.156830,4.722762,1.129591,-0.802275,4.766558,0.483904,-0.686249,4.600986,0.814225,-0.534207,4.750102,0.616368,-0.125616,4.764647,0.164907,-0.461374,4.686127,0.497715,0.377845,4.411709,0.274922,0.164627,4.425192
1269,0.387856,-0.995772,4.416554,0.497503,-1.197860,4.248456,0.490491,-1.443112,4.294680,1.007662,-1.479172,4.787154,1.265847,-1.172258,4.726828,1.133994,-0.819820,4.768036,0.491638,-0.678397,4.614366,0.821489,-0.529881,4.762846,0.615242,-0.105845,4.754212,0.159978,-0.462129,4.697673,0.477122,0.381771,4.392215,0.240168,0.144996,4.439793
1270,0.371837,-1.008590,4.396446,0.456034,-1.194207,4.246604,0.477553,-1.447414,4.292834,1.015110,-1.472048,4.784405,1.249382,-1.156488,4.726089,1.133526,-0.793517,4.763011,0.473807,-0.686744,4.605963,0.814348,-0.519587,4.755649,0.659857,-0.081705,4.731867,0.159274,-0.468070,4.679688,0.542284,0.426078,4.353821,0.214141,0.094715,4.482430
1271,0.365323,-0.994171,4.400352,0.468569,-1.157264,4.235357,0.488299,-1.432401,4.292214,1.001883,-1.479180,4.797511,1.240597,-1.160150,4.731304,1.132020,-0.795025,4.760946,0.477838,-0.678666,4.614572,0.814375,-0.499565,4.755244,0.661801,-0.012861,4.693563,0.154010,-0.473076,4.691610,0.532953,0.414896,4.348103,0.203134,0.073188,4.485762
1272,0.375985,-0.977643,4.395893,0.475379,-1.122507,4.259712,0.472302,-1.413597,4.293945,1.009828,-1.477838,4.788236,1.254032,-1.135974,4.723927,1.129806,-0.777730,4.761277,0.484068,-0.693438,4.610235,0.822686,-0.527676,4.755745,0.674380,-0.055963,4.715377,0.142577,-0.470374,4.683776,0.553340,0.437742,4.331439,0.184197,0.157016,4.426491
1273,0.387956,-0.988258,4.397287,0.470018,-1.161556,4.246605,0.489055,-1.391412,4.287706,1.001258,-1.472421,4.803713,1.252745,-1.157235,4.727896,1.129009,-0.798190,4.764152,0.485375,-0.662120,4.601022,0.816329,-0.490440,4.744769,0.662134,-0.027081,4.700343,0.148226,-0.465112,4.683198,0.548078,0.464491,4.341702,0.220053,0.137673,4.439623
1274,0.353386,-0.976862,4.402014,0.480998,-1.135787,4.254590,0.472291,-1.378760,4.294577,0.991344,-1.501047,4.807893,1.237339,-1.150355,4.728941,1.130808,-0.785710,4.764030,0.473697,-0.678622,4.598804,0.817192,-0.511966,4.746889,0.639459,-0.024453,4.698734,0.162365,-0.488218,4.680367,0.505453,0.409823,4.355078,0.227655,0.115295,4.452612
1275,0.359568,-0.966749,4.399179,0.479414,-1.125667,4.248769,0.479876,-1.373183,4.292120,0.981652,-1.511324,4.813591,1.247837,-1.169036,4.725179,1.128807,-0.792241,4.759030,0.484369,-0.678058,4.606201,0.817695,-0.524820,4.755826,0.631099,-0.069223,4.731662,0.178060,-0.458668,4.721975,0.469273,0.388669,4.377624,0.223322,0.131892,4.448444
1276,0.367625,-0.948531,4.387127,0.485100,-1.092116,4.257876,0.484020,-1.374402,4.287982,0.978773,-1.512583,4.810765,1.244853,-1.161161,4.731177,1.125202,-0.808533,4.772997,0.482698,-0.671101,4.599066,0.806277,-0.512194,4.744083,0.627521,-0.071764,4.737637,0.166649,-0.494641,4.672114,0.486356,0.446155,4.357072,0.230301,0.145315,4.440502
1277,0.351525,-0.961156,4.384965,0.443413,-1.118411,4.247162,0.471111,-1.384651,4.287654,0.972076,-1.528999,4.810667,1.235501,-1.165318,4.725919,1.140065,-0.806828,4.763877,0.466791,-0.670604,4.599790,0.811138,-0.529033,4.745592,0.670313,-0.121432,4.764935,0.162270,-0.501128,4.684733,0.525213,0.413870,4.378895,0.246257,0.145060,4.441149
1278,0.343763,-0.959914,4.410800,0.461658,-1.061303,4.277578,0.483455,-1.359331,4.293801,0.959196,-1.535492,4.818675,1.225488,-1.178296,4.731120,1.137847,-0.804023,4.757570,0.483687,-0.670618,4.590025,0.812285,-0.544000,4.744687,0.656145,-0.115183,4.755612,0.156394,-0.534782,4.697964,0.495149,0.411209,4.380009,0.261230,0.138204,4.460007
1279,0.348742,-0.943706,4.390682,0.423714,-1.065175,4.253799,0.472624,-1.349706,4.291915,0.966154,-1.513810,4.818440,1.219994,-1.151569,4.735431,1.137104,-0.800518,4.765404,0.466662,-0.667856,4.603009,0.805581,-0.520974,4.747764,0.645370,-0.092372,4.746985,0.178566,-0.517483,4.680329,0.512003,0.420080,4.384910,0.267988,0.130760,4.456858
1280,0.352275,-0.956024,4.387279,0.446527,-1.095280,4.270732,0.481289,-1.341290,4.282337,0.979742,-1.527935,4.808813,1.266558,-1.164257,4.728460,1.136041,-0.802203,4.770044,0.480670,-0.659457,4.603215,0.813885,-0.509991,4.748368,0.635772,-0.111977,4.759707,0.169025,-0.509094,4.677969,0.523799,0.415986,4.375872,0.242887,0.126319,4.446364
1281,0.357996,-0.950808,4.406931,0.447502,-1.079388,4.265288,0.483098,-1.343161,4.273802,0.984229,-1.529963,4.817922,1.256198,-1.136397,4.730579,1.114639,-0.776784,4.770634,0.482114,-0.692901,4.605104,0.817657,-0.530250,4.756337,0.684318,-0.080914,4.731745,0.163182,-0.487116,4.672943,0.499342,0.368682,4.391549,0.207697,0.103652,4.468504
1282,0.352439,-0.956796,4.409367,0.480280,-1.108236,4.265018,0.458592,-1.393316,4.269959,0.989933,-1.530690,4.812145,1.240069,-1.122701,4.727191,1.130664,-0.763402,4.766707,0.464034,-0.702884,4.601944,0.804549,-0.525959,4.760935,0.680753,-0.150068,4.778168,0.160080,-0.526786,4.693623,0.506982,0.394897,4.376571,0.199431,0.092480,4.474144
1283,0.341905,-0.949118,4.397342,0.442096,-1.070640,4.265118,0.464606,-1.389715,4.274325,0.997764,-1.526519,4.801960,1.245189,-1.091745,4.712049,1.131952,-0.774142,4.757794,0.471932,-0.713401,4.608212,0.817079,-0.541877,4.763207,0.685589,-0.092790,4.740925,0.152024,-0.529860,4.693142,0.541019,0.485205,4.303103,0.193244,0.130048,4.443636
1284,0.329451,-0.957429,4.393567,0.413796,-1.049619,4.240619,0.449339,-1.367804,4.250645,0.992912,-1.534813,4.792081,1.228673,-1.087898,4.714431,1.133612,-0.763493,4.741623,0.475966,-0.687607,4.605346,0.824943,-0.525065,4.760138,0.679661,-0.065990,4.720150,0.194115,-0.505561,4.689218,0.477260,0.408035,4.335664,0.195186,0.129236,4.456257
1285,0.339631,-0.976562,4.399069,0.449749,-1.121376,4.256325,0.461393,-1.442895,4.248467,0.996643,-1.562111,4.811204,1.232970,-1.103656,4.721626,1.135946,-0.776419,4.756075,0.498241,-0.701517,4.617390,0.837571,-0.545871,4.769874,0.677911,-0.054331,4.726153,0.145791,-0.517376,4.705585,0.510788,0.444238,4.279693,0.189338,0.126625,4.462921
1286,0.350844,-0.959647,4.388793,0.476317,-1.099811,4.257815,0.445172,-1.474814,4.240284,0.993774,-1.589717,4.806134,1.234831,-1.113325,4.728320,1.137898,-0.780031,4.761147,0.475442,-0.702498,4.614028,0.816134,-0.528066,4.761618,0.676486,0.000967,4.690247,0.161678,-0.491009,4.711355,0.531787,0.492960,4.244180,0.161490,0.116360,4.461842
1287,0.327289,-1.014685,4.393185,0.481204,-1.124199,4.229276,0.447978,-1.472636,4.225716,0.996247,-1.579599,4.783971,1.247442,-1.080952,4.712623,1.146364,-0.775397,4.754182,0.456665,-0.700483,4.613652,0.790273,-0.525593,4.763118,0.642646,0.001069,4.684748,0.161151,-0.495064,4.739419,0.512839,0.456234,4.302338,0.165681,0.091285,4.438985
1288,0.360434,-1.130865,4.412647,0.449676,-1.024716,4.255935,0.431626,-1.422535,4.241834,0.994506,-1.609788,4.782348,1.227114,-1.103423,4.716565,1.145123,-0.767863,4.754620,0.450085,-0.701647,4.615251,0.796714,-0.518584,4.759970,0.660815,0.037076,4.663728,0.171430,-0.564558,4.742657,0.511333,0.460099,4.268721,0.137832,0.035490,4.509650
1289,0.360313,-1.042007,4.415283,0.395358,-1.045313,4.264094,0.437009,-1.424624,4.241170,0.992888,-1.625743,4.789934,1.211287,-1.108598,4.719924,1.145579,-0.769555,4.746343,0.457466,-0.709070,4.614727,0.807857,-0.532343,4.758495,0.666778,-0.020758,4.696291,0.127828,-0.525611,4.744467,0.494131,0.459456,4.268472,0.132814,0.068081,4.507678
1290,0.357199,-1.035005,4.417257,0.460715,-1.047353,4.268571,0.441325,-1.425596,4.243196,0.989619,-1.614641,4.786829,1.211821,-1.098337,4.715318,1.141207,-0.799079,4.759325,0.453065,-0.688133,4.618287,0.798892,-0.510482,4.755407,0.651172,0.066668,4.647014,0.118777,-0.511669,4.737077,0.484125,0.456542,4.269438,0.158647,0.083895,4.494100
1291,0.355112,-1.241586,4.416762,0.411022,-1.195522,4.268476,0.443937,-1.468972,4.213573,0.992668,-1.607414,4.784008,1.214034,-1.097493,4.741144,1.142802,-0.782997,4.751276,0.446619,-0.710101,4.612666,0.784517,-0.537774,4.766624,0.654877,0.043249,4.658096,0.154612,-0.497911,4.717526,0.461807,0.432967,4.284122,0.161617,0.097288,4.479586
1292,0.366266,-1.032592,4.422208,0.485569,-1.073195,4.286751,0.456277,-1.421632,4.235602,1.003982,-1.618051,4.790910,1.214005,-1.114360,4.726632,1.148893,-0.783340,4.754018,0.457087,-0.704251,4.603363,0.794771,-0.538422,4.761324,0.627961,-0.001579,4.691708,0.157172,-0.448728,4.702978,0.460364,0.464014,4.259746,0.178559,0.143260,4.424780
1293,0.325428,-1.079919,4.425943,0.455297,-1.190420,4.271684,0.462490,-1.488991,4.221781,1.003895,-1.618404,4.780471,1.215886,-1.098814,4.718937,1.139421,-0.776282,4.753855,0.452445,-0.713461,4.613132,0.787483,-0.545510,4.766360,0.673757,0.021336,4.674929,0.145068,-0.426963,4.700057,0.467087,0.397229,4.319053,0.180487,0.127520,4.442518
1294,0.316093,-1.078520,4.419742,0.426310,-1.153543,4.275205,0.443763,-1.464507,4.218304,1.003357,-1.632069,4.787910,1.202052,-1.109296,4.742257,1.137049,-0.764240,4.756329,0.446329,-0.701362,4.605269,0.795947,-0.530504,4.758892,0.690416,0.054452,4.646998,0.150257,-0.406970,4.679016,0.476084,0.447679,4.258646,0.169249,0.154171,4.416550
1295,0.321910,-1.036255,4.426139,0.456553,-1.077586,4.287402,0.464715,-1.417910,4.222383,1.019306,-1.610671,4.784962,1.207997,-1.110972,4.731652,1.144119,-0.777457,4.750132,0.472927,-0.708245,4.613127,0.828814,-0.551354,4.767943,0.676482,-0.019647,4.699151,0.148782,-0.485922,4.690525,0.467332,0.458440,4.273919,0.184857,0.124017,4.441473
1296,0.330701,-1.054078,4.407057,0.439765,-1.182210,4.280862,0.470960,-1.499870,4.211481,1.019237,-1.628876,4.789651,1.212576,-1.121509,4.740570,1.144852,-0.791121,4.759634,0.474638,-0.742415,4.625383,0.809535,-0.572355,4.779278,0.641853,-0.029563,4.707130,0.154065,-0.416301,4.701150,0.507821,0.424714,4.336042,0.153825,0.094547,4.455107
1297,0.316169,-1.000168,4.414557,0.424285,-1.019543,4.268675,0.472634,-1.412768,4.220851,1.015845,-1.628676,4.793029,1.210910,-1.122360,4.739788,1.137330,-0.808568,4.766374,0.479356,-0.740634,4.624266,0.810749,-0.572021,4.781126,0.708641,-0.009791,4.693521,0.157086,-0.502525,4.698625,0.565553,0.449409,4.305271,0.145799,0.094784,4.487779
1298,0.331442,-0.987257,4.423400,0.407982,-1.045242,4.284573,0.460967,-1.460197,4.219292,1.017033,-1.673324,4.789546,1.217458,-1.120525,4.740569,1.149301,-0.754784,4.760514,0.492421,-0.766803,4.617211,0.837530,-0.618886,4.781688,0.723288,-0.111385,4.756077,0.169069,-0.507491,4.687160,0.554688,0.416466,4.324519,0.187020,0.145501,4.438309
1299,0.356555,-0.945645,4.425024,0.470133,-0.974648,4.299049,0.488693,-1.401357,4.221808,1.047018,-1.660263,4.789132,1.220113,-1.110077,4.748631,1.156876,-0.758268,4.758097,0.504352,-0.766798,4.618356,0.864461,-0.610100,4.780006,0.686304,-0.154823,4.774903,0.190714,-0.508073,4.761881,0.547500,0.379557,4.360938,0.194065,0.109349,4.477861
1300,0.418601,-1.011732,4.433322,0.462934,-0.946285,4.305441,0.473514,-1.430401,4.220755,1.041261,-1.665001,4.812781,1.201934,-1.125541,4.758087,1.152912,-0.776071,4.761227,0.479117,-0.772161,4.615030,0.823088,-0.617437,4.787152,0.714190,-0.087440,4.733153,0.186224,-0.488685,4.694109,0.524208,0.375474,4.363996,0.165471,0.089930,4.469182
1301,0.333601,-0.990449,4.438004,0.388102,-1.023952,4.285868,0.466591,-1.464319,4.221675,1.052176,-1.673870,4.807298,1.219462,-1.098391,4.753706,1.147360,-0.729864,4.762231,0.481774,-0.780045,4.621347,0.830022,-0.617753,4.787388,0.702855,-0.058802,4.714322,0.161562,-0.460472,4.689664,0.534851,0.377340,4.368212,0.144961,0.104575,4.460382
1302,0.313253,-1.007172,4.444398,0.407531,-1.110622,4.280262,0.485307,-1.473084,4.192044,1.064257,-1.623479,4.772060,1.207117,-1.079132,4.745945,1.148435,-0.716973,4.755925,0.489837,-0.755941,4.627645,0.830681,-0.589967,4.775333,0.649483,-0.089224,4.734907,0.191317,-0.392297,4.731141,0.530686,0.391062,4.363634,0.167736,0.113828,4.433587
1303,0.309451,-0.974810,4.417964,0.390235,-1.061111,4.265224,0.472778,-1.467591,4.188320,1.070293,-1.644307,4.790908,1.202527,-1.079374,4.760737,1.159860,-0.773380,4.771650,0.468223,-0.750445,4.625340,0.838912,-0.601290,4.782310,0.668320,-0.128498,4.757471,0.186296,-0.417936,4.687444,0.504720,0.362864,4.372822,0.146506,0.108392,4.441179
1304,0.321941,-0.987540,4.429401,0.389789,-1.115392,4.299051,0.474641,-1.509219,4.188588,1.058250,-1.684607,4.793898,1.175455,-1.116316,4.760740,1.140059,-0.771501,4.757478,0.476361,-0.761998,4.626444,0.837838,-0.597596,4.789652,0.684666,-0.018821,4.699117,0.173222,-0.355325,4.656754,0.494523,0.385054,4.356977,0.157840,0.120105,4.434855
1305,0.312050,-0.984704,4.423725,0.379494,-1.113035,4.300900,0.458988,-1.506777,4.178028,1.052926,-1.678056,4.792916,1.163533,-1.107276,4.767262,1.138810,-0.792462,4.775794,0.466011,-0.725028,4.623857,0.825853,-0.573237,4.783814,0.712020,-0.010548,4.682453,0.191125,-0.369263,4.720280,0.517873,0.389011,4.329652,0.151799,0.114985,4.474693
1306,0.311409,-1.002449,4.426567,0.393618,-1.119930,4.305593,0.476598,-1.521384,4.179547,1.065692,-1.656548,4.786132,1.185428,-1.099825,4.749725,1.135904,-0.782057,4.767577,0.460155,-0.740447,4.622109,0.821334,-0.574144,4.783304,0.657283,0.007540,4.683826,0.211690,-0.287073,4.694102,0.516083,0.398186,4.324317,0.162232,0.111806,4.471495
1307,0.302587,-0.983465,4.423857,0.345697,-1.148569,4.291450,0.463659,-1.521198,4.190472,1.059927,-1.639422,4.786152,1.183835,-1.084614,4.751928,1.140425,-0.755658,4.756727,0.443399,-0.719759,4.618792,0.813024,-0.549768,4.774680,0.632526,0.062705,4.653214,0.211704,-0.119036,4.592881,0.497481,0.435268,4.276767,0.175700,0.151058,4.420092
1308,0.301162,-1.048057,4.413896,0.352611,-1.200585,4.277133,0.447307,-1.568399,4.175125,1.047903,-1.695115,4.799545,1.132845,-1.126597,4.765777,1.126393,-0.807738,4.772225,0.435388,-0.754723,4.617774,0.815800,-0.605065,4.782525,0.705099,0.009926,4.680172,0.208553,-0.322224,4.690841,0.504214,0.439647,4.281647,0.163425,0.152823,4.428853
1309,0.315161,-0.944616,4.430614,0.366559,-1.120253,4.292413,0.450894,-1.526227,4.183349,1.052644,-1.671099,4.788023,1.168243,-1.094232,4.758602,1.125837,-0.771156,4.767157,0.444842,-0.744392,4.620006,0.822427,-0.607845,4.784070,0.713653,-0.027433,4.693582,0.229827,-0.220443,4.628359,0.484291,0.371850,4.358816,0.170116,0.148276,4.431464
1310,0.313540,-0.892009,4.420627,0.351742,-1.070260,4.272923,0.439919,-1.527674,4.151150,1.047313,-1.666158,4.763455,1.133724,-1.078037,4.760770,1.122659,-0.778152,4.773357,0.433044,-0.730897,4.622178,0.801741,-0.604945,4.782684,0.691810,0.001911,4.685729,0.237929,-0.132783,4.597318,0.473385,0.379494,4.342161,0.149585,0.132208,4.445962
1311,0.282463,-0.998881,4.435511,0.324818,-1.148576,4.273122,0.429720,-1.566072,4.151188,1.045281,-1.696446,4.782057,1.149104,-1.043181,4.750436,1.131111,-0.689293,4.740861,0.427722,-0.731689,4.626421,0.811723,-0.570686,4.780072,0.696546,0.015964,4.674047,0.166656,-0.269639,4.675323,0.452376,0.383554,4.323684,0.124964,0.124473,4.463708
1312,0.343089,-0.911666,4.416973,0.358157,-1.051772,4.276395,0.416690,-1.557137,4.157358,1.049574,-1.677889,4.791639,1.143512,-1.052038,4.755405,1.180030,-0.531258,4.696836,0.433296,-0.699982,4.617006,0.821005,-0.566423,4.774551,0.695035,0.008146,4.677679,0.211552,-0.086994,4.556380,0.448492,0.350606,4.382499,0.166780,0.255186,4.333802
1313,0.424407,-0.877716,4.418914,0.443397,-1.074758,4.280306,0.449872,-1.577333,4.154994,1.043050,-1.678635,4.776891,1.128970,-1.125603,4.771633,1.165119,-0.686470,4.729630,0.469145,-0.729255,4.611465,0.823119,-0.590638,4.774806,0.663044,0.023033,4.671741,0.229816,-0.221906,4.638464,0.481568,0.400431,4.318745,0.163164,0.155307,4.424439
1314,0.307794,-1.066019,4.433538,0.339128,-1.183811,4.261036,0.458784,-1.578774,4.147901,1.046613,-1.681115,4.758502,1.132087,-1.100189,4.757438,1.143450,-0.747489,4.745779,0.442147,-0.745593,4.619785,0.810835,-0.617232,4.786818,0.683894,0.052207,4.651358,0.216790,-0.152997,4.601944,0.480432,0.426649,4.276337,0.166543,0.274271,4.290875
1315,0.346638,-0.927044,4.434813,0.419397,-1.122346,4.279287,0.502124,-1.557359,4.163410,1.061471,-1.654041,4.760198,1.138709,-1.099811,4.755254,1.133506,-0.747078,4.757043,0.464191,-0.754503,4.623153,0.835928,-0.584424,4.780356,0.640111,0.027142,4.670654,0.205520,-0.243318,4.631210,0.433814,0.397941,4.310324,0.121850,0.131681,4.435921
1316,0.359606,-0.925856,4.436995,0.376012,-1.081947,4.280139,0.444392,-1.566875,4.145082,1.059465,-1.698323,4.755897,1.109201,-1.127544,4.762228,1.136525,-0.738656,4.749041,0.438966,-0.730756,4.623771,0.823493,-0.606582,4.789282,0.697994,-0.044270,4.709006,0.250881,-0.210519,4.626007,0.472545,0.362337,4.357109,0.161972,0.250684,4.317809
1317,0.505680,-0.840026,4.444309,0.474589,-1.073965,4.298545,0.473443,-1.577414,4.161997,1.079764,-1.680454,4.778743,1.127988,-1.145108,4.771739,1.119046,-0.827396,4.767233,0.449730,-0.775931,4.622493,0.805337,-0.659979,4.804634,0.713018,-0.028827,4.699886,0.235566,-0.245282,4.629681,0.500471,0.361732,4.363056,0.139043,0.131307,4.451893
1318,0.363068,-0.911424,4.442353,0.432848,-1.117392,4.286575,0.532066,-1.567138,4.181551,1.061853,-1.672452,4.760446,1.127013,-1.137385,4.768198,1.123393,-0.771004,4.761102,0.463973,-0.777018,4.622952,0.818361,-0.655944,4.800966,0.674907,-0.010391,4.687060,0.220099,-0.233592,4.629012,0.440589,0.334785,4.392123,0.148942,0.141304,4.435081
1319,0.350760,-0.948082,4.432408,0.410782,-1.140079,4.273441,0.493423,-1.587453,4.159177,1.074225,-1.706350,4.779170,1.136008,-1.135639,4.765300,1.136280,-0.777947,4.760736,0.469720,-0.766668,4.631717,0.829567,-0.641002,4.807750,0.664904,-0.025282,4.696579,0.249380,-0.292864,4.660463,0.446802,0.322730,4.402581,0.167841,0.117453,4.469189
1320,0.340903,-0.950666,4.424078,0.400500,-1.156330,4.274507,0.465374,-1.574566,4.149954,1.036695,-1.710478,4.771455,1.111682,-1.171394,4.781525,1.134477,-0.798390,4.766769,0.439331,-0.765513,4.619529,0.802553,-0.643739,4.800647,0.685007,0.016296,4.674032,0.227534,-0.246037,4.659111,0.446410,0.364664,4.360388,0.181392,0.184201,4.416639
1321,0.303392,-0.977473,4.431231,0.371163,-1.179207,4.268328,0.501967,-1.560134,4.156143,1.079502,-1.650553,4.761131,1.157472,-1.130821,4.759001,1.151577,-0.787486,4.770565,0.450554,-0.784524,4.629348,0.816954,-0.651683,4.804355,0.711924,-0.059545,4.717969,0.227827,-0.286723,4.673675,0.466722,0.316907,4.417737,0.164708,0.136827,4.469186
1322,0.321619,-0.982501,4.434297,0.372653,-1.175457,4.276489,0.494200,-1.574544,4.152862,1.070972,-1.696328,4.767518,1.154340,-1.148030,4.764413,1.146856,-0.768138,4.764729,0.454339,-0.753026,4.620048,0.810043,-0.625624,4.797048,0.665071,0.007293,4.685227,0.221840,-0.270806,4.663336,0.455548,0.356400,4.369056,0.148349,0.139458,4.455061
1323,0.337903,-0.871702,4.444005,0.390207,-1.106837,4.290936,0.480612,-1.589268,4.132991,1.075776,-1.711643,4.768718,1.140398,-1.159212,4.766817,1.155028,-0.817319,4.775689,0.459224,-0.787772,4.625991,0.828210,-0.702053,4.811804,0.791925,-0.097773,4.722300,0.247744,-0.242822,4.637367,0.515572,0.304411,4.430772,0.182059,0.230175,4.352606
1324,0.341604,-0.885639,4.437943,0.408004,-1.078542,4.287084,0.502428,-1.558664,4.148740,1.085320,-1.683078,4.773470,1.137464,-1.135115,4.773499,1.141880,-0.793707,4.775041,0.466292,-0.746786,4.626416,0.829579,-0.624102,4.795011,0.711085,-0.000093,4.684310,0.214441,-0.256148,4.650016,0.489485,0.374800,4.349171,0.147127,0.134974,4.456548
1325,0.304977,-0.973916,4.448482,0.352127,-1.203233,4.261515,0.496060,-1.582251,4.153972,1.066580,-1.679463,4.763289,1.149543,-1.131160,4.762842,1.139750,-0.794523,4.765471,0.430533,-0.765300,4.623289,0.806600,-0.632339,4.798488,0.696927,0.023734,4.668011,0.213620,-0.240240,4.629093,0.471694,0.368904,4.353375,0.138594,0.124136,4.455734
1326,0.307737,-0.956085,4.441912,0.377643,-1.207805,4.264456,0.489285,-1.647630,4.141328,1.079024,-1.808553,4.754879,1.141208,-1.148797,4.747988,1.146069,-0.794353,4.762194,0.433708,-0.795286,4.630455,0.818435,-0.695038,4.815178,0.702417,-0.038025,4.702887,0.231396,-0.261502,4.646616,0.472140,0.323757,4.400658,0.126071,0.180062,4.405451
1327,0.330193,-0.918049,4.439874,0.412752,-1.159203,4.284350,0.515598,-1.588610,4.163866,1.054463,-1.765796,4.772453,1.095732,-1.194211,4.764197,1.124724,-0.791464,4.764246,0.457617,-0.752570,4.622531,0.805413,-0.624906,4.800309,0.660120,0.012999,4.674186,0.250798,-0.198984,4.615810,0.427865,0.327175,4.398417,0.184764,0.174998,4.412131
1328,0.324238,-0.926069,4.441294,0.406017,-1.169675,4.276834,0.498928,-1.588843,4.163207,1.051429,-1.706346,4.771316,1.132474,-1.158922,4.769865,1.144008,-0.799961,4.773992,0.460460,-0.780754,4.630569,0.813243,-0.651615,4.809043,0.669425,-0.047990,4.717809,0.211400,-0.280954,4.660866,0.443319,0.315589,4.413316,0.153559,0.131932,4.456687
1329,0.325000,-0.933830,4.426355,0.400474,-1.156432,4.293625,0.491396,-1.572102,4.187022,1.063797,-1.697604,4.780469,1.142050,-1.132838,4.749952,1.148672,-0.783420,4.765656,0.442189,-0.750175,4.629497,0.807684,-0.628408,4.798776,0.704715,-0.032030,4.706222,0.192297,-0.278584,4.656485,0.465964,0.306776,4.410052,0.141133,0.107120,4.468852
1330,0.674201,-0.851819,4.419112,0.533763,-1.147860,4.288480,0.504284,-1.617024,4.248645,0.930311,-1.845873,4.881177,0.949206,-1.256956,4.874183,1.083099,-0.802304,4.781320,0.493254,-0.721599,4.634111,0.682591,-0.676440,4.838969,0.560733,-0.122490,4.771959,0.395173,-0.153513,4.594309,0.332401,0.245570,4.528380,0.295181,0.241073,4.356966
1331,0.281864,-1.009399,4.394192,0.387272,-1.108040,4.287349,0.469982,-1.477423,4.226178,1.068623,-1.587185,4.829391,1.239450,-1.034485,4.759950,1.142973,-0.747559,4.763749,0.448812,-0.688988,4.631857,0.803349,-0.484271,4.772613,0.637911,0.064156,4.665465,0.151265,-0.396137,4.679434,0.487798,0.411506,4.313132,0.170250,0.127912,4.470979
1332,0.331552,-0.987515,4.403642,0.487570,-1.139155,4.292143,0.512415,-1.442940,4.246628,1.027815,-1.607906,4.838896,1.237716,-1.104463,4.774213,1.124383,-0.746529,4.767242,0.484151,-0.668559,4.622921,0.812998,-0.483428,4.771562,0.658107,0.028447,4.691554,0.104895,-0.509638,4.726359,0.544770,0.499516,4.237585,0.150400,0.129152,4.453421
1333,0.313986,-1.034987,4.402438,0.395123,-1.129135,4.265289,0.431187,-1.483086,4.326551,0.998564,-1.595733,4.902682,1.205218,-1.051266,4.762895,1.124678,-0.755287,4.763026,0.454276,-0.692757,4.643894,0.793912,-0.500139,4.784305,0.680683,-0.000589,4.701191,0.124340,-0.521554,4.712086,0.582374,0.509250,4.286099,0.162813,0.109252,4.462586
1334,0.342364,-1.036896,4.420693,0.396074,-1.163853,4.289508,0.443865,-1.390829,4.340062,0.979636,-1.470722,4.877165,1.267570,-1.096752,4.736928,1.150255,-0.786680,4.752982,0.442177,-0.625808,4.624223,0.782845,-0.421434,4.752033,0.659293,-0.030254,4.717118,0.124060,-0.484855,4.688806,0.574831,0.494002,4.282627,0.170532,0.178560,4.396517
1335,0.327519,-1.022580,4.407070,0.386102,-1.158844,4.257156,0.481481,-1.350212,4.349245,0.982070,-1.367570,4.847795,1.298601,-1.130292,4.728559,1.142175,-0.782215,4.758270,0.461921,-0.633956,4.611488,0.801874,-0.408520,4.725322,0.671881,0.032616,4.681649,0.086107,-0.475513,4.627310,0.530423,0.466501,4.314945,0.187046,0.158811,4.420413
1336,0.345870,-1.068309,4.404098,0.418800,-1.139631,4.254189,0.504829,-1.311084,4.366372,1.002991,-1.283389,4.829664,1.279449,-1.121741,4.736197,1.149440,-0.772279,4.759924,0.485676,-0.624754,4.604243,0.815231,-0.430817,4.720378,0.669584,-0.140741,4.779739,0.134534,-0.517992,4.726857,0.559136,0.383399,4.411567,0.217163,0.175802,4.443695
1337,0.301596,-1.045042,4.390716,0.413370,-1.111217,4.277110,0.502431,-1.282479,4.349654,0.992084,-1.320795,4.834080,1.272751,-1.155602,4.723618,1.148399,-0.783721,4.757351,0.471046,-0.623826,4.599623,0.795864,-0.434228,4.721076,0.677113,-0.111832,4.753272,0.148070,-0.540956,4.744091,0.544882,0.331997,4.446244,0.179761,0.085222,4.509909
1338,0.349781,-0.989519,4.392323,0.479501,-1.098630,4.283765,0.525391,-1.327557,4.349976,1.030072,-1.368707,4.836289,1.296656,-1.139994,4.717465,1.143918,-0.778821,4.756886,0.505007,-0.686157,4.605079,0.820069,-0.493367,4.733610,0.641894,-0.126665,4.767779,0.177345,-0.549398,4.733055,0.495874,0.349835,4.411504,0.210261,0.086255,4.519074
1339,0.361551,-0.963380,4.414084,0.468550,-1.059717,4.283460,0.538392,-1.306241,4.355395,1.022893,-1.379471,4.837951,1.259264,-1.170259,4.736731,1.154437,-0.794678,4.765347,0.489224,-0.672765,4.601764,0.805990,-0.480811,4.728524,0.616314,-0.173269,4.785308,0.173943,-0.577748,4.700318,0.500549,0.277658,4.470028,0.196547,0.017312,4.574012
1340,0.386053,-0.955448,4.397824,0.482835,-1.055848,4.281630,0.526620,-1.310533,4.343572,1.030137,-1.390650,4.828893,1.260213,-1.144806,4.728071,1.145220,-0.806012,4.763691,0.480645,-0.687080,4.604517,0.805421,-0.500285,4.736560,0.644740,-0.157984,4.778281,0.165437,-0.545938,4.723409,0.475906,0.298751,4.442937,0.182135,0.061696,4.523495
1341,0.380356,-0.971555,4.412310,0.479695,-1.073860,4.275190,0.531641,-1.335283,4.350091,1.028246,-1.340807,4.817525,1.270703,-1.137881,4.729642,1.154433,-0.792095,4.760019,0.485418,-0.663359,4.611348,0.811618,-0.472290,4.726553,0.647375,-0.126054,4.769576,0.148401,-0.553280,4.709332,0.481505,0.292185,4.450465,0.172709,0.026747,4.569807
1342,0.369548,-1.001895,4.402030,0.443618,-1.161338,4.264616,0.536644,-1.346036,4.357517,1.034503,-1.321381,4.804943,1.294376,-1.148623,4.712743,1.159642,-0.828134,4.759570,0.466340,-0.645063,4.609317,0.785674,-0.455010,4.728259,0.638408,-0.119313,4.767853,0.158632,-0.518079,4.727370,0.492623,0.310169,4.437255,0.180213,0.062708,4.540152
1343,0.372236,-1.026054,4.417436,0.482310,-1.160166,4.274914,0.546482,-1.342722,4.346625,1.043295,-1.349492,4.810924,1.286224,-1.147425,4.725402,1.159977,-0.813972,4.764425,0.479903,-0.650814,4.603584,0.800810,-0.461881,4.720252,0.670681,-0.108587,4.761520,0.168782,-0.513692,4.701853,0.506362,0.317028,4.440293,0.192320,0.079701,4.510449
1344,0.384482,-1.046124,4.408286,0.500254,-1.163300,4.268031,0.557573,-1.374688,4.333165,1.045460,-1.387374,4.778915,1.308314,-1.160941,4.708967,1.156634,-0.825593,4.759297,0.506862,-0.713692,4.607924,0.826060,-0.529957,4.737791,0.655888,-0.168114,4.788887,0.153512,-0.556698,4.699759,0.480917,0.287707,4.470021,0.197397,-0.049562,4.594854
1345,0.377480,-1.078290,4.406281,0.453641,-1.217524,4.259100,0.531418,-1.428768,4.323496,1.034364,-1.387016,4.780313,1.311149,-1.134840,4.699431,1.167388,-0.816588,4.750815,0.495813,-0.711190,4.610905,0.821885,-0.518011,4.736959,0.681256,-0.044906,4.721105,0.117343,-0.502515,4.700374,0.514920,0.368534,4.387033,0.170423,0.046354,4.521554
1346,0.382752,-1.088436,4.405829,0.466337,-1.268217,4.251422,0.526784,-1.476681,4.328134,1.031187,-1.389844,4.782756,1.302372,-1.156800,4.710074,1.164919,-0.829465,4.755428,0.496495,-0.743517,4.615426,0.815661,-0.527159,4.740058,0.653963,-0.065143,4.733671,0.135046,-0.512823,4.678054,0.511820,0.384422,4.391645,0.193382,-0.007490,4.548154
1347,0.387676,-1.071952,4.402411,0.470519,-1.252540,4.250414,0.530840,-1.457017,4.331721,1.035894,-1.417467,4.788222,1.296918,-1.169381,4.711824,1.167665,-0.810816,4.746572,0.496769,-0.718451,4.612258,0.826689,-0.526553,4.734866,0.656908,-0.115133,4.770000,0.138388,-0.503247,4.683496,0.520415,0.365528,4.407876,0.188050,0.091650,4.493491
1348,0.382639,-1.065607,4.408581,0.469348,-1.206806,4.259454,0.538808,-1.413087,4.332479,1.041944,-1.368757,4.760279,1.289971,-1.138993,4.704568,1.164046,-0.795581,4.741107,0.498639,-0.699434,4.610217,0.827862,-0.512969,4.729773,0.691464,-0.123363,4.764162,0.136455,-0.518121,4.680447,0.527132,0.372013,4.420437,0.199574,0.103485,4.491506
1349,0.401341,-1.080898,4.397738,0.473247,-1.297422,4.261703,0.536698,-1.492274,4.327451,1.043828,-1.395192,4.760580,1.292983,-1.155950,4.710239,1.167291,-0.819785,4.756289,0.511556,-0.753310,4.608175,0.824998,-0.547325,4.738516,0.663778,-0.135632,4.774919,0.151564,-0.507302,4.656871,0.530029,0.362355,4.426949,0.221193,0.054596,4.519349
1350,0.390661,-1.100387,4.399352,0.469981,-1.288860,4.264740,0.542227,-1.461100,4.331771,1.043012,-1.391923,4.761475,1.307177,-1.160352,4.702691,1.158280,-0.832366,4.755280,0.512777,-0.716131,4.605936,0.824485,-0.534097,4.737247,0.668351,-0.108290,4.762625,0.139013,-0.517120,4.677927,0.521810,0.355091,4.427113,0.196811,0.083180,4.520860
1351,0.395334,-1.123829,4.404818,0.466761,-1.300708,4.243688,0.536024,-1.465621,4.325204,1.038227,-1.386464,4.758348,1.283740,-1.142634,4.708251,1.153648,-0.827660,4.756129,0.507912,-0.712446,4.611022,0.828804,-0.530051,4.736197,0.673289,-0.094190,4.752810,0.142499,-0.508342,4.679903,0.495823,0.314576,4.444269,0.206488,0.096963,4.495774
1352,0.388331,-1.137866,4.406385,0.460348,-1.309631,4.249055,0.532521,-1.487183,4.311467,1.035172,-1.399074,4.772774,1.278849,-1.149035,4.716550,1.152370,-0.829267,4.756437,0.497688,-0.740797,4.611783,0.809677,-0.530802,4.736337,0.685887,-0.152290,4.776995,0.139098,-0.515072,4.691164,0.512812,0.355115,4.412374,0.209202,0.112506,4.489255
1353,0.399565,-1.129772,4.398864,0.456290,-1.295914,4.248439,0.539344,-1.479289,4.314524,1.035716,-1.403979,4.766598,1.293264,-1.153712,4.714616,1.158970,-0.824534,4.758484,0.502324,-0.753352,4.608727,0.820969,-0.560687,4.739068,0.667385,-0.165876,4.783297,0.152269,-0.518739,4.691673,0.496477,0.324617,4.442588,0.216981,0.058870,4.530040
1354,0.391965,-1.084347,4.392584,0.478300,-1.278828,4.258517,0.538099,-1.466689,4.319268,1.042109,-1.400944,4.761778,1.301934,-1.161826,4.723169,1.155028,-0.820847,4.763125,0.517796,-0.731029,4.604869,0.837889,-0.550074,4.738027,0.661094,-0.135655,4.775101,0.147198,-0.503993,4.664005,0.496034,0.313657,4.440784,0.207682,0.060353,4.524906
1355,0.394235,-1.090750,4.394734,0.475887,-1.296087,4.260208,0.539167,-1.474511,4.317363,1.039735,-1.392782,4.758010,1.299034,-1.166409,4.720187,1.150272,-0.836067,4.767584,0.518038,-0.743494,4.605889,0.830345,-0.538949,4.736227,0.659624,-0.132542,4.772544,0.148516,-0.510584,4.673737,0.478041,0.323609,4.432467,0.218875,0.091680,4.481465
1356,0.390274,-1.083868,4.399743,0.457192,-1.268509,4.259450,0.527798,-1.488444,4.307578,1.037392,-1.396568,4.759651,1.277414,-1.161249,4.721087,1.151129,-0.840499,4.764412,0.514655,-0.753698,4.608255,0.831034,-0.552901,4.740378,0.670504,-0.124051,4.769017,0.164493,-0.485277,4.725192,0.516568,0.383990,4.401299,0.182010,0.100721,4.463312
1357,0.387695,-1.077995,4.396685,0.462670,-1.269759,4.258491,0.534566,-1.468911,4.322748,1.036422,-1.399521,4.762140,1.292474,-1.166741,4.708948,1.153012,-0.820937,4.760478,0.519836,-0.728035,4.606898,0.831035,-0.542018,4.740095,0.670917,-0.118753,4.764743,0.169141,-0.497670,4.719847,0.511474,0.364806,4.418490,0.175312,0.072856,4.462944
1358,0.397000,-1.086898,4.407070,0.464591,-1.264135,4.238273,0.537043,-1.447167,4.312206,1.030803,-1.380231,4.762844,1.287267,-1.146397,4.710774,1.153911,-0.822747,4.753801,0.501663,-0.709387,4.603354,0.813235,-0.527846,4.737001,0.674382,-0.121265,4.757988,0.144840,-0.502775,4.661527,0.498873,0.338767,4.430717,0.167325,0.106773,4.461119
1359,0.383703,-1.046586,4.415754,0.448498,-1.240579,4.252191,0.524189,-1.470989,4.315451,1.030934,-1.394954,4.751906,1.275008,-1.142264,4.715050,1.147133,-0.813124,4.754972,0.501217,-0.740803,4.615324,0.820719,-0.539612,4.736580,0.672392,-0.149324,4.781437,0.164126,-0.495860,4.710892,0.521217,0.366823,4.418368,0.190386,0.105645,4.454894
1360,0.393190,-1.023989,4.396182,0.467628,-1.221308,4.273417,0.538700,-1.414580,4.314838,1.029271,-1.363481,4.770277,1.285801,-1.163472,4.717157,1.148030,-0.838109,4.761018,0.521255,-0.680079,4.608401,0.832506,-0.509369,4.737938,0.650443,-0.083228,4.747607,0.161383,-0.496095,4.711285,0.563160,0.422638,4.379623,0.206807,0.121853,4.447067
1361,0.389017,-1.101015,4.412843,0.446275,-1.248334,4.256573,0.522373,-1.453180,4.308720,1.029102,-1.385718,4.764410,1.261993,-1.124485,4.713305,1.146467,-0.828426,4.753617,0.485156,-0.709409,4.610729,0.806188,-0.499887,4.731393,0.662764,-0.007517,4.694260,0.163092,-0.508268,4.729653,0.483743,0.347398,4.416942,0.203536,0.072804,4.513365
1362,0.364764,-1.083136,4.400542,0.437077,-1.249823,4.245473,0.530377,-1.437196,4.312351,1.031366,-1.392614,4.761911,1.268900,-1.135414,4.716255,1.149492,-0.833127,4.762677,0.499237,-0.721512,4.607798,0.824355,-0.526178,4.733835,0.662813,-0.090836,4.746554,0.168911,-0.496358,4.691940,0.525647,0.395753,4.389575,0.219896,0.093716,4.469354
1363,0.393953,-1.026158,4.391816,0.475585,-1.215999,4.251431,0.536024,-1.417632,4.316052,1.023173,-1.375655,4.757384,1.293342,-1.143513,4.701272,1.163711,-0.814428,4.752819,0.521224,-0.710151,4.608910,0.833789,-0.533522,4.738196,0.693233,-0.172776,4.794539,0.167545,-0.516094,4.710041,0.550190,0.383441,4.414601,0.189731,0.106053,4.476762
1364,0.374149,-1.056942,4.393847,0.490237,-1.268266,4.252124,0.533049,-1.445518,4.315252,1.017628,-1.375407,4.755438,1.284389,-1.172606,4.702159,1.154685,-0.833209,4.762321,0.521142,-0.733423,4.612488,0.818642,-0.531873,4.740665,0.656196,-0.082700,4.745520,0.166116,-0.501160,4.712092,0.545995,0.375000,4.420856,0.165574,0.090083,4.472913
1365,0.387679,-1.053086,4.406235,0.477463,-1.304982,4.241892,0.519912,-1.446196,4.307356,1.019179,-1.387922,4.756868,1.274282,-1.163023,4.694515,1.154581,-0.822800,4.756658,0.522211,-0.736017,4.606516,0.826204,-0.537626,4.740883,0.666465,-0.071495,4.738830,0.162890,-0.500709,4.719785,0.541655,0.353109,4.406037,0.179620,0.109266,4.475354
1366,0.395045,-1.049536,4.394065,0.483834,-1.270524,4.257333,0.526127,-1.438363,4.310351,1.022905,-1.388777,4.757730,1.270207,-1.163962,4.704701,1.152393,-0.830443,4.758549,0.518230,-0.716600,4.612674,0.835905,-0.537979,4.744423,0.664751,-0.129830,4.772152,0.160013,-0.502615,4.723251,0.528791,0.380082,4.409006,0.181410,0.113469,4.468987
1367,0.390568,-1.079430,4.409076,0.445899,-1.264579,4.252490,0.514504,-1.464096,4.305040,1.018770,-1.402473,4.759557,1.270799,-1.163775,4.701688,1.146911,-0.833585,4.759502,0.519293,-0.737544,4.608146,0.839773,-0.548799,4.740523,0.705040,-0.078341,4.734490,0.162468,-0.509822,4.726449,0.554851,0.352297,4.427184,0.170847,0.091601,4.474795
1368,0.390050,-1.075128,4.390595,0.474364,-1.230276,4.263687,0.525621,-1.457335,4.316893,1.017317,-1.416312,4.760149,1.266250,-1.166942,4.701535,1.155086,-0.835028,4.758311,0.520613,-0.719041,4.618128,0.839975,-0.539481,4.748317,0.713141,-0.023475,4.705338,0.153972,-0.497218,4.732183,0.560568,0.408335,4.388823,0.190635,0.104645,4.475374
1369,0.384472,-1.083434,4.404741,0.479974,-1.259880,4.241898,0.520236,-1.429753,4.304839,1.012317,-1.402756,4.767830,1.279481,-1.150651,4.709078,1.153103,-0.829362,4.754926,0.498474,-0.715641,4.618703,0.833223,-0.521442,4.742818,0.671691,-0.039117,4.715751,0.143726,-0.479196,4.672470,0.530297,0.354332,4.401839,0.168125,0.114032,4.503432
1370,0.366060,-1.071413,4.411059,0.448376,-1.235933,4.261125,0.521126,-1.443961,4.310026,1.007389,-1.395052,4.768071,1.272087,-1.162397,4.716599,1.144739,-0.844185,4.762261,0.495964,-0.714255,4.622217,0.822733,-0.516348,4.741907,0.669942,-0.040471,4.717687,0.121659,-0.496221,4.686431,0.534708,0.420807,4.360182,0.236732,0.073924,4.513948
1371,0.385259,-1.075312,4.412485,0.447206,-1.249467,4.257149,0.525377,-1.469682,4.304063,1.025355,-1.369424,4.778093,1.243181,-1.148192,4.723009,1.153068,-0.825946,4.754714,0.492774,-0.726708,4.609985,0.816200,-0.508688,4.733866,0.632258,-0.059605,4.730278,0.155684,-0.495134,4.727839,0.481339,0.360718,4.400396,0.205701,0.062050,4.523171
1372,0.359231,-1.035962,4.392211,0.430423,-1.224653,4.262270,0.530493,-1.424110,4.312068,1.025832,-1.351068,4.768378,1.260048,-1.155027,4.729400,1.150636,-0.859026,4.779840,0.476967,-0.724146,4.603708,0.788971,-0.498440,4.727213,0.613104,-0.148435,4.779522,0.164278,-0.499850,4.707505,0.435936,0.293489,4.438337,0.198207,0.058514,4.508161
1373,0.382863,-1.072965,4.403494,0.439534,-1.275655,4.249121,0.533615,-1.418389,4.314323,1.036087,-1.360998,4.755407,1.284705,-1.166325,4.719685,1.149057,-0.821880,4.760719,0.493165,-0.698722,4.600411,0.811994,-0.516510,4.725809,0.649019,-0.120397,4.756180,0.138507,-0.504487,4.661214,0.472509,0.343784,4.404024,0.186831,0.094023,4.480316
1374,0.393893,-1.057327,4.409276,0.497448,-1.279880,4.235609,0.536214,-1.408664,4.314784,1.023818,-1.372574,4.761508,1.286028,-1.146074,4.709267,1.157681,-0.837508,4.751128,0.498084,-0.697137,4.607929,0.808606,-0.513636,4.731299,0.668788,-0.172621,4.782297,0.140004,-0.531437,4.688869,0.514838,0.291700,4.464475,0.177275,0.071754,4.513738
1375,0.387698,-1.037500,4.392698,0.458120,-1.207173,4.247403,0.535265,-1.415803,4.321069,1.009466,-1.377328,4.760610,1.294492,-1.166637,4.700864,1.153940,-0.827520,4.755229,0.517371,-0.709284,4.606474,0.821068,-0.529937,4.733729,0.710810,-0.164269,4.791446,0.143811,-0.518357,4.652836,0.545258,0.340035,4.442492,0.187559,0.077903,4.455835
1376,0.396084,-1.050564,4.395660,0.469274,-1.218430,4.245168,0.535270,-1.411352,4.312881,1.017501,-1.388256,4.767498,1.279411,-1.179109,4.708342,1.151624,-0.835198,4.759525,0.532015,-0.715941,4.596536,0.837065,-0.547751,4.737928,0.689646,-0.152432,4.776823,0.163415,-0.496889,4.705301,0.547919,0.337561,4.435632,0.180551,0.090889,4.477748
1377,0.405152,-1.029430,4.404593,0.484192,-1.204749,4.260602,0.534582,-1.426221,4.316072,1.026269,-1.383368,4.761292,1.281945,-1.162379,4.708374,1.160243,-0.820139,4.754642,0.533915,-0.727917,4.608059,0.836828,-0.547095,4.745008,0.692028,-0.162508,4.782768,0.159380,-0.500742,4.641295,0.494209,0.319967,4.447280,0.180107,0.078832,4.469241
1378,0.404458,-1.039442,4.400565,0.476177,-1.197499,4.242835,0.526448,-1.430849,4.318064,1.014203,-1.407611,4.777113,1.283393,-1.180211,4.711918,1.160602,-0.844140,4.754756,0.535916,-0.734740,4.612355,0.847391,-0.557692,4.746697,0.723803,-0.101358,4.743783,0.150077,-0.523228,4.658842,0.515201,0.323537,4.446259,0.192995,0.078502,4.468626
1379,0.400287,-1.020558,4.393474,0.481383,-1.175816,4.251013,0.531947,-1.399343,4.324510,1.009371,-1.401318,4.773180,1.279645,-1.166308,4.707265,1.144284,-0.817948,4.750747,0.531154,-0.710351,4.610618,0.824089,-0.542327,4.746548,0.699478,-0.120172,4.755845,0.166953,-0.509481,4.715203,0.506886,0.302523,4.459688,0.210393,0.084716,4.480385
1380,0.394358,-1.020611,4.387951,0.458004,-1.196924,4.246439,0.527508,-1.394869,4.320027,1.006380,-1.377273,4.764412,1.272609,-1.166588,4.704902,1.157420,-0.827099,4.758291,0.519443,-0.710872,4.607074,0.816980,-0.530599,4.736327,0.717632,-0.114094,4.750884,0.180869,-0.512621,4.704044,0.512714,0.312513,4.453085,0.202987,0.098993,4.503889
1381,0.377135,-1.038469,4.405181,0.486517,-1.240719,4.247952,0.529707,-1.433069,4.316274,1.022305,-1.402626,4.769946,1.284709,-1.173824,4.706057,1.156470,-0.826959,4.755991,0.510635,-0.713407,4.604259,0.826907,-0.534834,4.738998,0.664109,-0.135745,4.773570,0.148324,-0.499728,4.643791,0.535290,0.359582,4.423033,0.201439,0.107267,4.437768
1382,0.374770,-1.040089,4.407016,0.476797,-1.220269,4.257677,0.535669,-1.440691,4.319155,1.016974,-1.379088,4.762450,1.289051,-1.171031,4.704515,1.149686,-0.834264,4.761224,0.515006,-0.733474,4.604984,0.825855,-0.529917,4.737386,0.659492,-0.069378,4.733445,0.158441,-0.524320,4.725841,0.523910,0.362267,4.425203,0.205813,0.090951,4.455907
1383,0.376654,-1.056952,4.402390,0.482572,-1.213247,4.255105,0.532465,-1.466132,4.310822,1.017177,-1.405623,4.772596,1.270500,-1.173102,4.716563,1.156464,-0.828622,4.758262,0.526866,-0.745724,4.606144,0.827315,-0.547597,4.739805,0.656073,-0.125772,4.762999,0.164909,-0.489204,4.716256,0.535594,0.367709,4.411144,0.197753,0.098813,4.452516
1384,0.382984,-1.073565,4.408648,0.486906,-1.230585,4.253363,0.541261,-1.457305,4.310294,1.011927,-1.371324,4.751886,1.278911,-1.175440,4.704895,1.164956,-0.822093,4.744508,0.519766,-0.731390,4.606489,0.809606,-0.532873,4.734303,0.624983,-0.062698,4.728811,0.163159,-0.474991,4.682525,0.458561,0.302913,4.453917,0.198670,0.092727,4.466035
1385,0.368290,-1.083327,4.395872,0.453589,-1.260539,4.239815,0.526070,-1.448849,4.309275,1.019261,-1.382606,4.751065,1.289530,-1.174895,4.707298,1.152766,-0.837844,4.755863,0.509172,-0.721807,4.609783,0.825251,-0.539528,4.738058,0.661177,-0.091508,4.750066,0.142873,-0.524420,4.675315,0.500030,0.346032,4.416039,0.209259,0.080325,4.492596
1386,0.385026,-1.095336,4.413110,0.475104,-1.322021,4.234582,0.521523,-1.498382,4.301604,1.016839,-1.415926,4.770182,1.276298,-1.167602,4.721712,1.152321,-0.835577,4.761872,0.491345,-0.763558,4.615387,0.794580,-0.552797,4.745945,0.630613,-0.141319,4.774705,0.151954,-0.501087,4.712822,0.484212,0.315480,4.447602,0.209325,0.078356,4.501328
1387,0.363831,-1.097068,4.405901,0.447720,-1.264388,4.233900,0.518940,-1.496620,4.301392,1.023803,-1.399447,4.757592,1.276843,-1.154792,4.705975,1.152575,-0.826095,4.750346,0.499089,-0.742175,4.613292,0.819220,-0.539305,4.740172,0.668527,-0.116763,4.762202,0.167894,-0.500646,4.711504,0.516180,0.331842,4.436395,0.213310,0.090917,4.475680
1388,0.372511,-1.100274,4.401171,0.454826,-1.252478,4.237823,0.522664,-1.479226,4.300481,1.013887,-1.410260,4.767301,1.280174,-1.154192,4.708212,1.152000,-0.846646,4.756572,0.499088,-0.737049,4.610011,0.806456,-0.534661,4.737485,0.662090,-0.095232,4.746735,0.154704,-0.515086,4.716607,0.486142,0.311952,4.441692,0.187854,0.050700,4.507501
1389,0.379499,-1.083969,4.412968,0.448984,-1.254327,4.242104,0.523275,-1.461507,4.305632,1.027125,-1.387495,4.763116,1.283056,-1.154692,4.703280,1.154479,-0.830005,4.751591,0.500695,-0.723745,4.614627,0.818268,-0.538140,4.740442,0.658888,-0.098372,4.752742,0.135528,-0.490096,4.638082,0.522048,0.375072,4.398485,0.172928,0.095987,4.463300
1390,0.387878,-1.083671,4.404160,0.457396,-1.245495,4.232711,0.536565,-1.467311,4.311217,1.011485,-1.390497,4.755256,1.267357,-1.142100,4.709229,1.147483,-0.833856,4.757769,0.503466,-0.728162,4.608123,0.812788,-0.536537,4.738375,0.656333,-0.142393,4.777912,0.137148,-0.499042,4.719815,0.519334,0.360850,4.409683,0.192191,0.099351,4.456020
1391,0.368149,-1.080827,4.404553,0.465288,-1.246837,4.253557,0.527158,-1.478196,4.310892,1.012671,-1.401149,4.763493,1.278070,-1.162905,4.711569,1.147484,-0.843227,4.757749,0.511460,-0.746658,4.610474,0.810306,-0.551802,4.742233,0.660403,-0.112810,4.762001,0.139287,-0.518823,4.664991,0.528553,0.387722,4.402508,0.194188,0.098969,4.486210
1392,0.375019,-1.074106,4.412416,0.488086,-1.262907,4.237797,0.530459,-1.456065,4.310259,1.027369,-1.385811,4.749538,1.275571,-1.154190,4.701846,1.154124,-0.835251,4.754982,0.508714,-0.709394,4.609216,0.828348,-0.529570,4.737597,0.658688,-0.088620,4.751834,0.134853,-0.515591,4.681476,0.523678,0.361308,4.424506,0.213300,0.122459,4.451786
1393,0.388069,-1.090456,4.410105,0.451388,-1.271816,4.232626,0.522501,-1.472004,4.305040,1.010423,-1.392827,4.758722,1.269513,-1.162279,4.708990,1.151818,-0.841820,4.758977,0.491315,-0.724724,4.606720,0.800690,-0.527399,4.734174,0.677321,-0.048095,4.718913,0.131513,-0.493066,4.655557,0.507253,0.347113,4.416511,0.196049,0.093192,4.472013
1394,0.363481,-1.073446,4.410933,0.437979,-1.256051,4.241789,0.526871,-1.452774,4.317876,1.022858,-1.378103,4.779325,1.266764,-1.141844,4.714052,1.146285,-0.852703,4.759809,0.504239,-0.705332,4.612943,0.824925,-0.523188,4.741747,0.661058,-0.094461,4.750926,0.142130,-0.494900,4.728319,0.525412,0.382800,4.379791,0.171860,0.062729,4.490911
1395,0.366053,-1.063958,4.408945,0.439181,-1.260488,4.230559,0.532258,-1.457606,4.312878,1.016645,-1.382783,4.777863,1.279468,-1.177031,4.720529,1.144333,-0.820467,4.759406,0.488387,-0.728385,4.611527,0.792864,-0.508891,4.736803,0.653460,-0.101646,4.745578,0.170220,-0.523272,4.710134,0.485734,0.331051,4.420684,0.199385,0.101687,4.495287
1396,0.388907,-1.098733,4.394885,0.462399,-1.276895,4.243132,0.525388,-1.480012,4.306680,1.026135,-1.410691,4.765695,1.288034,-1.148990,4.710587,1.150308,-0.824894,4.758577,0.515362,-0.766733,4.606766,0.806917,-0.545132,4.733869,0.637586,-0.128930,4.764792,0.160986,-0.508890,4.628668,0.493634,0.341721,4.423892,0.218327,0.065873,4.492547
1397,0.385293,-1.052681,4.389141,0.451299,-1.239538,4.254631,0.523445,-1.409368,4.314593,1.013607,-1.383596,4.758504,1.283359,-1.165350,4.710210,1.153650,-0.816151,4.759087,0.516360,-0.705351,4.590850,0.815099,-0.548134,4.731876,0.698633,-0.194403,4.798437,0.160810,-0.518874,4.719307,0.495428,0.306560,4.464441,0.215924,0.084898,4.460095
1398,0.388025,-1.036903,4.393660,0.481317,-1.228247,4.257706,0.537933,-1.409476,4.312623,1.015688,-1.387062,4.762040,1.282728,-1.180802,4.707171,1.155108,-0.829346,4.757433,0.518698,-0.718014,4.595332,0.810360,-0.550155,4.735924,0.688216,-0.186885,4.787689,0.175887,-0.529059,4.627572,0.515098,0.324786,4.462462,0.229114,0.071073,4.475484
1399,0.391514,-1.038191,4.394842,0.467373,-1.203316,4.231365,0.525136,-1.421824,4.318175,1.011529,-1.394765,4.770473,1.265838,-1.191980,4.717522,1.151610,-0.840893,4.759440,0.527993,-0.730537,4.601960,0.818066,-0.560025,4.745222,0.697566,-0.199991,4.804600,0.166056,-0.525660,4.693993,0.504690,0.274214,4.491900,0.172013,0.059202,4.486454
1400,0.392841,-1.036885,4.397448,0.468869,-1.213239,4.247027,0.518548,-1.435049,4.308160,1.003816,-1.380961,4.745175,1.267881,-1.174959,4.706715,1.149369,-0.826267,4.753031,0.510613,-0.769379,4.613717,0.795353,-0.566622,4.748288,0.641789,-0.147406,4.781971,0.147796,-0.535590,4.697230,0.464552,0.255837,4.500054,0.185229,0.000931,4.516108
1401,0.393523,-1.084496,4.402006,0.461005,-1.312756,4.253526,0.517779,-1.445915,4.315467,1.007368,-1.387189,4.762047,1.259954,-1.162141,4.695021,1.141398,-0.816033,4.746325,0.504049,-0.718418,4.621554,0.818376,-0.532903,4.745682,0.651714,-0.114637,4.761204,0.129737,-0.499981,4.716797,0.515156,0.358217,4.405166,0.185407,0.126468,4.486394
1402,0.375764,-1.068800,4.408540,0.468890,-1.224298,4.266037,0.511591,-1.464712,4.299025,1.015537,-1.410290,4.782245,1.264673,-1.172598,4.709265,1.145250,-0.825256,4.750479,0.475704,-0.703276,4.616290,0.806704,-0.494808,4.739317,0.663791,0.000836,4.693059,0.138372,-0.500094,4.670259,0.504300,0.398286,4.367398,0.208959,0.100551,4.466239
1403,0.373526,-1.071184,4.396020,0.422966,-1.257543,4.250394,0.505919,-1.446741,4.308999,1.025372,-1.364597,4.773290,1.250828,-1.176697,4.713070,1.142935,-0.841988,4.752670,0.482122,-0.719619,4.616746,0.806838,-0.504025,4.736634,0.661573,-0.018097,4.705107,0.155827,-0.502643,4.692099,0.500126,0.415674,4.357166,0.207073,0.100442,4.489709
1404,0.357609,-1.039309,4.399101,0.425801,-1.237647,4.259019,0.493945,-1.456328,4.325627,1.028813,-1.386690,4.777684,1.242239,-1.173140,4.709633,1.150724,-0.821996,4.754906,0.476605,-0.738700,4.616154,0.797359,-0.522000,4.742365,0.675004,-0.086794,4.740529,0.183112,-0.517617,4.718622,0.484727,0.344333,4.404841,0.194085,0.049856,4.489428
1405,0.367998,-1.017331,4.401428,0.466806,-1.178497,4.262479,0.536321,-1.405800,4.332457,1.014930,-1.349245,4.756004,1.265055,-1.151453,4.713162,1.151981,-0.834942,4.755482,0.520906,-0.713520,4.610345,0.817781,-0.515380,4.730834,0.666103,-0.069442,4.737210,0.156376,-0.524276,4.669339,0.490489,0.370283,4.403369,0.172997,0.082047,4.472001
1406,0.391297,-1.013618,4.399404,0.489636,-1.165072,4.266721,0.534590,-1.416539,4.326005,1.005588,-1.359634,4.775134,1.266133,-1.164167,4.713044,1.143188,-0.830654,4.757858,0.512166,-0.694513,4.600438,0.811653,-0.512029,4.735106,0.675460,-0.032722,4.717872,0.158024,-0.505253,4.718061,0.501968,0.359934,4.423903,0.198206,0.114449,4.441932
1407,0.361903,-1.007685,4.408940,0.452372,-1.165844,4.260769,0.524356,-1.414842,4.324262,1.004268,-1.385557,4.770746,1.266519,-1.192737,4.719754,1.147209,-0.838511,4.759100,0.499511,-0.719378,4.612787,0.794465,-0.528007,4.735751,0.675349,-0.064270,4.731250,0.151267,-0.505005,4.666829,0.494775,0.344010,4.431097,0.212566,0.051816,4.492580
1408,0.371755,-1.016650,4.402162,0.481601,-1.168061,4.272235,0.529979,-1.392946,4.327998,0.998704,-1.357831,4.789710,1.272314,-1.187590,4.714050,1.148644,-0.828608,4.754635,0.510334,-0.688043,4.605157,0.800468,-0.503037,4.737330,0.660532,-0.046168,4.726019,0.154507,-0.509394,4.717424,0.482104,0.359521,4.437834,0.208537,0.066512,4.492331
1409,0.364705,-1.001349,4.413702,0.461385,-1.177618,4.261463,0.508619,-1.457136,4.331501,0.998748,-1.402154,4.780265,1.263198,-1.179519,4.721762,1.146907,-0.816452,4.754225,0.509664,-0.737431,4.600809,0.790617,-0.551848,4.741234,0.681781,-0.113727,4.756100,0.154168,-0.503866,4.652862,0.533459,0.348339,4.443164,0.203343,0.092863,4.432692
1410,0.367459,-1.028973,4.405710,0.447671,-1.201512,4.253367,0.504794,-1.389772,4.329886,1.001123,-1.368531,4.781105,1.242969,-1.147399,4.717350,1.130985,-0.799465,4.759266,0.488462,-0.701579,4.613073,0.793293,-0.513489,4.736182,0.700290,-0.046778,4.713163,0.165941,-0.508179,4.741945,0.515951,0.305789,4.458079,0.198933,0.093799,4.449405
1411,0.385440,-1.014789,4.410690,0.464284,-1.157587,4.262922,0.502576,-1.398685,4.324696,0.997490,-1.369738,4.793044,1.242316,-1.138224,4.711874,1.137802,-0.824361,4.755841,0.478111,-0.707555,4.602755,0.790687,-0.507234,4.737806,0.665107,-0.067007,4.732640,0.149644,-0.517777,4.653955,0.474019,0.309312,4.446102,0.194375,0.040360,4.517086
1412,0.378487,-0.984632,4.406718,0.479241,-1.120877,4.284041,0.513409,-1.360639,4.326623,1.004639,-1.384330,4.786198,1.228198,-1.143705,4.710502,1.144431,-0.808911,4.752519,0.477944,-0.652183,4.605385,0.788035,-0.465719,4.728567,0.688326,-0.016658,4.698539,0.151147,-0.498618,4.688853,0.491440,0.376113,4.402583,0.199248,0.117527,4.458458
1413,0.353847,-0.984617,4.395224,0.422321,-1.132454,4.270818,0.496455,-1.378534,4.322790,1.015921,-1.383422,4.776053,1.233692,-1.144999,4.714381,1.156580,-0.825061,4.759255,0.455462,-0.714852,4.617546,0.794061,-0.506100,4.739001,0.669562,-0.093097,4.744211,0.176532,-0.507777,4.703882,0.497999,0.359023,4.411037,0.208786,0.092726,4.504731
1414,0.381509,-0.955005,4.402787,0.469837,-1.075520,4.281888,0.506262,-1.373460,4.328693,1.004969,-1.394455,4.784136,1.221760,-1.117213,4.713012,1.141491,-0.813435,4.751583,0.467653,-0.706008,4.616307,0.795953,-0.509833,4.741188,0.677762,-0.058957,4.731066,0.163801,-0.503188,4.723698,0.510810,0.399865,4.384033,0.208479,0.141131,4.464290
1415,0.359318,-0.947007,4.400194,0.445571,-1.063230,4.275325,0.492614,-1.356321,4.330410,0.996398,-1.381820,4.776398,1.207469,-1.145290,4.720508,1.138716,-0.821630,4.764157,0.460446,-0.678173,4.612224,0.791878,-0.490515,4.742237,0.646798,-0.114686,4.761446,0.162437,-0.499201,4.706726,0.495465,0.358767,4.414638,0.204094,0.125413,4.424244
1416,0.364619,-0.984609,4.394192,0.470869,-1.132294,4.276750,0.506320,-1.392011,4.325059,1.007127,-1.399887,4.785023,1.216334,-1.117690,4.733572,1.135471,-0.794968,4.769149,0.478902,-0.721914,4.619102,0.798336,-0.520303,4.747211,0.638721,-0.081951,4.748871,0.167833,-0.495565,4.715713,0.472020,0.367067,4.399745,0.219743,0.115500,4.492626
1417,0.383063,-1.016375,4.398184,0.486294,-1.126145,4.273986,0.502043,-1.384602,4.331069,1.000138,-1.416419,4.781771,1.241940,-1.139762,4.721694,1.138680,-0.805068,4.768760,0.475299,-0.706241,4.624679,0.804441,-0.514344,4.747989,0.658871,-0.058565,4.729352,0.129477,-0.513528,4.688811,0.511152,0.372108,4.398552,0.182322,0.110939,4.483519
1418,0.351091,-1.013926,4.407617,0.466809,-1.132950,4.270067,0.502189,-1.378862,4.326592,1.008650,-1.409333,4.781376,1.249662,-1.115882,4.701217,1.134151,-0.791171,4.756911,0.484281,-0.701547,4.621573,0.801729,-0.503420,4.747923,0.688847,-0.055216,4.732502,0.121847,-0.493381,4.689502,0.521767,0.400617,4.390441,0.213172,0.124446,4.456479
1419,0.382839,-0.972050,4.410056,0.482897,-1.103892,4.270505,0.490235,-1.376298,4.325197,1.006883,-1.415860,4.796445,1.215121,-1.088314,4.712457,1.134406,-0.762806,4.749213,0.477464,-0.709569,4.625651,0.810512,-0.507283,4.755917,0.699454,-0.052699,4.719985,0.137747,-0.518610,4.689200,0.520668,0.413454,4.388998,0.208238,0.130309,4.452098
1420,0.376699,-0.983617,4.414190,0.508813,-1.140209,4.270185,0.512466,-1.373125,4.326385,1.004117,-1.422030,4.806787,1.247317,-1.120206,4.719260,1.135839,-0.774470,4.760737,0.476403,-0.694189,4.620031,0.805008,-0.491391,4.749491,0.700653,-0.007119,4.695893,0.134167,-0.504052,4.674661,0.503481,0.363719,4.425086,0.219480,0.126717,4.445329
1421,0.372773,-1.020730,4.405907,0.456341,-1.138571,4.268820,0.485857,-1.383987,4.330228,1.010829,-1.415317,4.807062,1.235380,-1.084717,4.712092,1.140913,-0.786038,4.761237,0.473496,-0.689066,4.616890,0.802300,-0.492300,4.751856,0.698721,-0.012474,4.696603,0.128782,-0.517484,4.682168,0.528735,0.422748,4.361313,0.180052,0.102864,4.445651
1422,0.356575,-1.018345,4.406794,0.460939,-1.168476,4.264654,0.492119,-1.387077,4.323006,1.007031,-1.416075,4.804648,1.239261,-1.108542,4.714312,1.149971,-0.798351,4.759861,0.483075,-0.677555,4.617066,0.809800,-0.487689,4.747558,0.690122,-0.045990,4.715763,0.132872,-0.496412,4.691658,0.513850,0.393892,4.395628,0.219592,0.098049,4.480635
1423,0.367136,-0.977055,4.408751,0.460317,-1.111617,4.266054,0.480112,-1.353946,4.316496,1.015994,-1.426689,4.811045,1.235847,-1.075705,4.721756,1.143065,-0.786092,4.755160,0.495499,-0.665295,4.621521,0.828656,-0.480356,4.746719,0.691303,-0.098704,4.746140,0.136557,-0.500840,4.707097,0.576909,0.458360,4.352032,0.199541,0.161913,4.436140
1424,0.373847,-0.953346,4.393877,0.503519,-1.132803,4.264634,0.470502,-1.368646,4.315779,0.998089,-1.449043,4.822774,1.241759,-1.104629,4.722556,1.144217,-0.786771,4.754336,0.480849,-0.651736,4.614980,0.814062,-0.474374,4.746368,0.717472,-0.020896,4.696778,0.168764,-0.489805,4.734021,0.551485,0.427054,4.356834,0.189373,0.117992,4.467525
1425,0.361479,-0.992853,4.396279,0.443326,-1.154470,4.266269,0.468842,-1.366721,4.316207,0.996707,-1.450408,4.824533,1.234115,-1.099853,4.722816,1.147073,-0.790705,4.760107,0.476816,-0.649334,4.616417,0.820667,-0.459289,4.739321,0.677860,-0.068951,4.729989,0.195616,-0.514828,4.706596,0.536893,0.436437,4.331907,0.185918,0.105565,4.470831
1426,0.350809,-0.970504,4.398072,0.445232,-1.112066,4.265832,0.470216,-1.354791,4.316074,0.991166,-1.424723,4.821835,1.222890,-1.075777,4.720987,1.147130,-0.777308,4.756001,0.477857,-0.638889,4.623411,0.809147,-0.439563,4.740782,0.637614,-0.063648,4.735373,0.151181,-0.522796,4.685371,0.492839,0.443902,4.327411,0.204780,0.130583,4.457672
1427,0.368611,-0.994254,4.417363,0.447639,-1.130852,4.266136,0.473960,-1.357449,4.308978,0.995415,-1.455050,4.830636,1.240758,-1.100164,4.722576,1.139494,-0.778958,4.758511,0.494785,-0.616113,4.619138,0.831074,-0.443733,4.741842,0.676764,-0.037582,4.721324,0.186991,-0.523974,4.737561,0.500433,0.432915,4.332376,0.216028,0.134184,4.472681
1428,0.376512,-0.968573,4.405450,0.513464,-1.115614,4.282033,0.475817,-1.358591,4.304597,0.990815,-1.477045,4.832911,1.242199,-1.106525,4.722425,1.141452,-0.800835,4.765543,0.482418,-0.620963,4.606970,0.810162,-0.446096,4.741713,0.668809,-0.006876,4.704376,0.144710,-0.505756,4.738231,0.547192,0.485682,4.278573,0.195610,0.120960,4.463806
1429,0.370614,-0.965005,4.392110,0.511474,-1.180635,4.256843,0.477243,-1.374143,4.310851,0.993704,-1.464031,4.830763,1.239579,-1.091151,4.715792,1.148711,-0.758716,4.750090,0.475590,-0.639892,4.607075,0.811460,-0.447082,4.737054,0.706665,0.026535,4.676517,0.150410,-0.533532,4.702265,0.548861,0.495931,4.281709,0.204949,0.119409,4.463064
1430,0.361633,-1.013967,4.403216,0.467347,-1.202676,4.262143,0.494284,-1.380537,4.294605,0.985088,-1.484696,4.841356,1.225325,-1.138712,4.736040,1.145566,-0.791739,4.758703,0.473724,-0.675905,4.611025,0.799682,-0.466047,4.750515,0.672040,0.110057,4.627209,0.134209,-0.507209,4.678364,0.502538,0.448719,4.328712,0.190953,0.073938,4.497179
1431,0.377360,-0.996232,4.402075,0.493540,-1.185724,4.272647,0.467443,-1.402155,4.288551,1.007993,-1.476455,4.830071,1.224079,-1.087458,4.734439,1.136449,-0.753202,4.752861,0.477702,-0.683948,4.612179,0.810363,-0.484215,4.755373,0.665072,0.031891,4.678381,0.137236,-0.518691,4.689600,0.523259,0.466298,4.337177,0.188556,0.102476,4.471143
1432,0.392341,-1.011610,4.397148,0.504467,-1.197159,4.286530,0.471505,-1.445750,4.289311,0.992472,-1.519183,4.843191,1.243140,-1.104748,4.732501,1.146064,-0.758884,4.747457,0.482453,-0.707366,4.619617,0.820957,-0.526605,4.764895,0.671484,-0.093253,4.746319,0.153375,-0.522163,4.662996,0.527208,0.395591,4.367059,0.217560,0.145826,4.437433
1433,0.364839,-1.014074,4.394579,0.484142,-1.200364,4.264053,0.465692,-1.429509,4.296280,0.987468,-1.520738,4.836812,1.229491,-1.111318,4.732116,1.144781,-0.757955,4.752989,0.470157,-0.697094,4.620896,0.801728,-0.505123,4.759787,0.663933,-0.038975,4.720611,0.117621,-0.516878,4.691846,0.508756,0.413071,4.348285,0.168887,0.114951,4.455198
1434,0.352677,-0.999153,4.391677,0.483612,-1.170536,4.265978,0.456815,-1.415454,4.270033,0.986221,-1.546693,4.806207,1.217056,-1.095115,4.723369,1.138025,-0.751855,4.737848,0.482335,-0.675686,4.607336,0.823118,-0.503336,4.749023,0.680960,-0.165330,4.790887,0.138542,-0.561627,4.717502,0.541334,0.433008,4.324644,0.187006,0.134346,4.451904
1435,0.341152,-1.010080,4.391070,0.485437,-1.157948,4.265772,0.454106,-1.422903,4.268822,0.992619,-1.537661,4.810148,1.222423,-1.089171,4.726497,1.151079,-0.760301,4.753898,0.479038,-0.661376,4.608537,0.810945,-0.489343,4.748192,0.653045,-0.069073,4.743530,0.143920,-0.516069,4.777724,0.541741,0.475318,4.290105,0.193475,0.159919,4.435106
1436,0.335706,-1.022502,4.390776,0.461744,-1.210315,4.268807,0.457295,-1.450213,4.269807,0.989776,-1.554052,4.815838,1.226142,-1.089077,4.731112,1.155819,-0.759739,4.761579,0.480151,-0.676619,4.617448,0.813515,-0.495647,4.759347,0.648243,0.082837,4.649415,0.153033,-0.503921,4.745973,0.542940,0.504931,4.238828,0.176128,0.132966,4.461744
1437,0.335465,-0.985763,4.385536,0.461796,-1.140940,4.275771,0.444307,-1.460225,4.266318,0.987888,-1.547775,4.812285,1.228407,-1.098356,4.730465,1.147003,-0.722204,4.756475,0.480999,-0.680026,4.621025,0.813356,-0.492455,4.761025,0.635057,0.107438,4.632922,0.110862,-0.482378,4.701215,0.554949,0.495456,4.264091,0.165343,0.118082,4.475223
1438,0.324680,-1.024950,4.385691,0.421586,-1.214490,4.265563,0.451643,-1.496536,4.240061,0.992817,-1.557773,4.818734,1.218818,-1.114168,4.726150,1.142860,-0.739659,4.751821,0.469877,-0.691712,4.618502,0.797527,-0.492777,4.762230,0.640289,0.044849,4.672857,0.101567,-0.478850,4.674827,0.527557,0.428023,4.334637,0.182980,0.117967,4.453173
1439,0.331083,-1.004712,4.401542,0.408147,-1.137222,4.279090,0.440310,-1.456201,4.253008,0.969449,-1.601691,4.830146,1.186275,-1.130337,4.745965,1.151041,-0.776998,4.762894,0.459778,-0.690641,4.624110,0.779550,-0.505128,4.761742,0.672645,0.063291,4.658054,0.114194,-0.525768,4.705134,0.537724,0.487269,4.270752,0.161169,0.110011,4.495312
1440,0.342811,-1.061054,4.399884,0.435076,-1.192955,4.276073,0.447451,-1.501044,4.248976,0.965906,-1.621930,4.824076,1.179585,-1.145239,4.735743,1.144849,-0.772143,4.750766,0.465885,-0.707878,4.629361,0.810874,-0.520878,4.770257,0.702075,0.057684,4.659786,0.174470,-0.550248,4.747289,0.521433,0.494523,4.264350,0.178230,0.089111,4.484780
1441,0.381230,-1.046904,4.387743,0.412148,-1.024589,4.282344,0.439610,-1.395861,4.252101,0.968328,-1.632114,4.817863,1.157791,-1.145018,4.745723,1.136892,-0.784449,4.738792,0.464578,-0.692317,4.618126,0.815505,-0.517982,4.761528,0.723212,-0.083406,4.753500,0.156410,-0.551088,4.675220,0.574897,0.489660,4.307627,0.171225,0.094746,4.479025
1442,0.332065,-0.958660,4.386600,0.420134,-1.071666,4.279997,0.446418,-1.420760,4.246234,0.979827,-1.644562,4.819233,1.188199,-1.147376,4.735528,1.124510,-0.761750,4.737429,0.475769,-0.687793,4.618919,0.819634,-0.514929,4.758176,0.720183,-0.007680,4.699985,0.141809,-0.546661,4.680580,0.541081,0.465246,4.322119,0.184101,0.103701,4.466734
1443,0.361828,-0.968687,4.396772,0.488927,-0.994689,4.288615,0.451811,-1.421013,4.243664,0.988975,-1.633239,4.814045,1.195924,-1.123317,4.740239,1.133141,-0.774209,4.737155,0.494310,-0.704929,4.611938,0.830500,-0.542858,4.769979,0.715755,-0.029023,4.709776,0.157067,-0.501600,4.757563,0.542180,0.455864,4.332926,0.179549,0.114723,4.464866
1444,0.342725,-0.963409,4.384570,0.434677,-1.038970,4.268931,0.448720,-1.424885,4.248888,0.989066,-1.648114,4.826568,1.189318,-1.138978,4.751223,1.145217,-0.776641,4.750725,0.490456,-0.712133,4.609988,0.834564,-0.550127,4.765201,0.742693,-0.113953,4.755675,0.174632,-0.488612,4.721470,0.579108,0.446900,4.344135,0.152132,0.097025,4.478590
1445,0.373496,-1.012643,4.395837,0.455426,-1.041404,4.274839,0.443414,-1.442937,4.243620,0.984148,-1.652264,4.830739,1.189321,-1.131482,4.741169,1.153412,-0.789378,4.740538,0.488500,-0.711136,4.619199,0.829199,-0.549021,4.773199,0.704425,-0.121467,4.762538,0.184007,-0.523815,4.745605,0.541637,0.409125,4.359082,0.187381,0.131056,4.452794
1446,0.461613,-0.997596,4.415185,0.507113,-0.979020,4.295740,0.462200,-1.416176,4.227872,1.003591,-1.652917,4.817026,1.198657,-1.127859,4.757126,1.144117,-0.771906,4.755900,0.495856,-0.716689,4.609620,0.826548,-0.549381,4.768971,0.715438,-0.136791,4.765706,0.166313,-0.571839,4.695854,0.564094,0.434340,4.333619,0.173486,0.102040,4.472755
1447,0.522581,-0.969348,4.408116,0.512258,-0.941699,4.312080,0.458698,-1.396531,4.238122,1.009364,-1.656268,4.831462,1.183817,-1.128001,4.766595,1.144494,-0.777991,4.765753,0.490913,-0.701103,4.615820,0.819074,-0.546318,4.773371,0.718742,-0.119808,4.758523,0.143579,-0.538157,4.696098,0.532576,0.416617,4.345614,0.168556,0.079874,4.496432
1448,0.439461,-0.961169,4.404160,0.477375,-1.005568,4.299131,0.453703,-1.426123,4.237334,1.024727,-1.650229,4.828348,1.192414,-1.127361,4.755565,1.157515,-0.783696,4.758319,0.488097,-0.711451,4.621604,0.829168,-0.544205,4.773812,0.739049,-0.053080,4.710649,0.173040,-0.478491,4.731349,0.545464,0.449045,4.305962,0.184070,0.128629,4.464118
1449,0.381187,-1.001616,4.413456,0.492044,-1.032656,4.300187,0.469068,-1.439546,4.217943,1.031185,-1.645720,4.811882,1.193793,-1.131029,4.761725,1.150815,-0.782554,4.756189,0.491097,-0.714044,4.618525,0.835975,-0.546968,4.772566,0.758674,-0.075927,4.722972,0.159647,-0.511078,4.733098,0.530436,0.380005,4.365587,0.175535,0.090158,4.497582
1450,0.344911,-1.017961,4.412211,0.404150,-1.093740,4.292729,0.471146,-1.486001,4.200758,1.046023,-1.650374,4.821322,1.188788,-1.111831,4.761670,1.144163,-0.754099,4.755116,0.482022,-0.723571,4.616631,0.863238,-0.575475,4.770262,0.722037,-0.087045,4.742173,0.154356,-0.551159,4.762400,0.522812,0.397786,4.345432,0.157326,0.051648,4.535728
1451,0.321679,-1.032803,4.418128,0.404677,-1.111996,4.294192,0.474794,-1.528528,4.209313,1.036608,-1.654017,4.819869,1.177471,-1.092361,4.754880,1.148256,-0.773101,4.759814,0.479849,-0.744716,4.618746,0.857257,-0.569039,4.765049,0.702825,0.011715,4.675921,0.174940,-0.491268,4.780481,0.499420,0.427312,4.326442,0.126341,0.084166,4.508854
1452,0.315527,-1.030624,4.411031,0.403431,-1.127396,4.288528,0.471222,-1.510279,4.213357,1.021187,-1.659154,4.808877,1.182992,-1.095813,4.739616,1.146236,-0.743589,4.743785,0.469858,-0.727202,4.615920,0.821766,-0.568359,4.767769,0.686916,0.021685,4.672935,0.173180,-0.417763,4.726887,0.465987,0.397190,4.345919,0.148380,0.099177,4.489651
1453,0.316638,-1.028649,4.425336,0.408839,-1.107226,4.296416,0.483555,-1.517322,4.205988,1.038757,-1.649774,4.799432,1.180047,-1.096219,4.745263,1.148919,-0.802861,4.769450,0.464210,-0.755122,4.614246,0.828566,-0.577077,4.769427,0.690939,-0.003120,4.689480,0.183664,-0.489669,4.759390,0.444540,0.402671,4.302777,0.111637,0.101719,4.476811
1454,0.289215,-1.001457,4.411987,0.358544,-1.191902,4.287133,0.475473,-1.543952,4.206558,1.034517,-1.644438,4.798152,1.172461,-1.073956,4.743723,1.136877,-0.789509,4.761374,0.467415,-0.760190,4.627526,0.813730,-0.584089,4.777108,0.680555,-0.005439,4.696571,0.186200,-0.443651,4.743342,0.434893,0.398944,4.332341,0.153074,0.123311,4.466197
1455,0.315312,-1.046450,4.421566,0.414989,-1.169809,4.294561,0.507360,-1.538503,4.204792,1.050086,-1.638218,4.799424,1.177998,-1.101595,4.749227,1.135030,-0.775761,4.765394,0.480988,-0.749933,4.616076,0.824438,-0.579670,4.771930,0.687955,-0.004748,4.696908,0.187433,-0.448486,4.734017,0.451034,0.377699,4.350945,0.142146,0.075903,4.488558
1456,0.304204,-1.024019,4.429350,0.413758,-1.174746,4.293750,0.471748,-1.544471,4.199513,1.042621,-1.666429,4.807209,1.156943,-1.134077,4.756758,1.128213,-0.769048,4.761574,0.453584,-0.752631,4.614058,0.793898,-0.567770,4.772305,0.654815,-0.014808,4.701336,0.183000,-0.406204,4.710049,0.471862,0.381385,4.352701,0.146699,0.082538,4.497490
1457,0.303177,-1.030486,4.414922,0.377458,-1.143179,4.299379,0.495453,-1.543793,4.191878,1.069565,-1.632136,4.795762,1.170429,-1.068413,4.750931,1.138739,-0.766753,4.770275,0.472889,-0.728295,4.614869,0.841804,-0.584484,4.778210,0.703086,0.002332,4.692577,0.195277,-0.477795,4.742435,0.466498,0.357622,4.381532,0.159104,0.087026,4.499576
1458,0.333890,-1.031151,4.430934,0.408242,-1.126682,4.290655,0.524500,-1.554458,4.198645,1.073686,-1.633997,4.777322,1.171358,-1.096370,4.752846,1.143921,-0.773054,4.774751,0.468152,-0.755065,4.635524,0.814673,-0.578901,4.787677,0.679868,-0.001935,4.697528,0.179468,-0.462162,4.771013,0.503070,0.368754,4.363218,0.145518,0.091254,4.506704
1459,0.353944,-0.986678,4.443489,0.426532,-1.171771,4.288191,0.521514,-1.588624,4.195141,1.038823,-1.712268,4.777465,1.076303,-1.130445,4.768398,1.122884,-0.779240,4.774319,0.475112,-0.741618,4.621130,0.794861,-0.629375,4.791441,0.679724,-0.030957,4.709147,0.268890,-0.218556,4.646656,0.467729,0.317930,4.421390,0.208389,0.160532,4.441279
1460,0.341039,-0.908198,4.434681,0.411293,-1.081607,4.296043,0.501863,-1.587088,4.186316,1.051975,-1.751456,4.794618,1.113290,-1.146316,4.763635,1.122787,-0.772607,4.763500,0.464428,-0.765814,4.623732,0.809680,-0.645214,4.805275,0.685233,-0.049537,4.716424,0.227720,-0.276192,4.663632,0.465047,0.322644,4.415030,0.176030,0.141620,4.451483
1461,0.327802,-0.894557,4.425172,0.387926,-1.097645,4.290439,0.488484,-1.586206,4.188354,1.068276,-1.718997,4.773211,1.110379,-1.144387,4.784274,1.130605,-0.807044,4.788216,0.473681,-0.765484,4.630461,0.829566,-0.650810,4.796857,0.716886,-0.033989,4.709869,0.218063,-0.290693,4.693954,0.509728,0.342900,4.407191,0.183602,0.154225,4.461412
1462,0.324298,-0.917985,4.432813,0.390609,-1.122631,4.284895,0.492798,-1.593816,4.181927,1.095021,-1.709703,4.783686,1.166817,-1.137383,4.772459,1.152254,-0.794145,4.777400,0.455375,-0.786530,4.624566,0.833535,-0.666358,4.799668,0.701957,-0.025587,4.706435,0.230229,-0.288899,4.667529,0.525324,0.366358,4.366783,0.192930,0.141935,4.443339
1463,0.631007,-0.794058,4.433123,0.516335,-0.987301,4.312418,0.491526,-1.598905,4.194955,1.078446,-1.732301,4.786392,1.117823,-1.111696,4.780570,1.133336,-0.820414,4.779397,0.465424,-0.760901,4.636567,0.818753,-0.642160,4.804931,0.717332,-0.047827,4.721506,0.216879,-0.291181,4.673927,0.510904,0.311877,4.425284,0.166111,0.111272,4.481331
1464,0.338769,-0.939682,4.422124,0.413495,-1.155937,4.275372,0.489000,-1.638094,4.177205,1.103946,-1.779824,4.773718,1.123982,-1.157633,4.772044,1.149251,-0.797953,4.766572,0.435652,-0.785489,4.626561,0.832872,-0.650223,4.798978,0.724947,-0.021943,4.694675,0.216545,-0.240362,4.648374,0.526329,0.335038,4.396338,0.169639,0.143583,4.444758
1465,0.328467,-0.909534,4.431040,0.409323,-1.147752,4.281502,0.520210,-1.586765,4.181541,1.079645,-1.714123,4.780371,1.129315,-1.172028,4.780717,1.139740,-0.804310,4.776722,0.463608,-0.760675,4.621417,0.831232,-0.633197,4.789359,0.721636,0.001656,4.686424,0.279635,-0.200640,4.623703,0.511295,0.361173,4.364587,0.164442,0.155465,4.430512
1466,0.527879,-0.834668,4.429761,0.496004,-1.043773,4.302248,0.530504,-1.588141,4.187814,1.088415,-1.735023,4.785099,1.151824,-1.156937,4.780544,1.147460,-0.828690,4.780854,0.476574,-0.753653,4.625607,0.848818,-0.627577,4.793818,0.748803,-0.015506,4.691257,0.281972,-0.230832,4.643753,0.505406,0.333277,4.395055,0.184180,0.177680,4.423688
1467,0.331458,-0.888735,4.424668,0.407468,-1.096456,4.291690,0.491700,-1.575659,4.170475,1.070177,-1.702033,4.772007,1.138515,-1.124989,4.785110,1.143971,-0.789509,4.774776,0.444071,-0.732449,4.623219,0.821064,-0.597984,4.785237,0.688431,0.011295,4.684536,0.207744,-0.214721,4.636502,0.493123,0.363990,4.351809,0.135380,0.130552,4.444801
1468,0.338427,-0.921175,4.415983,0.406266,-1.134071,4.275559,0.488830,-1.626021,4.161501,1.092924,-1.690063,4.769918,1.150440,-1.160733,4.779734,1.157707,-0.791186,4.768016,0.441819,-0.756383,4.622216,0.835590,-0.633688,4.792920,0.715013,0.018561,4.673063,0.253999,-0.166093,4.610391,0.507259,0.372894,4.340898,0.128090,0.122050,4.448948
1469,0.333911,-0.898128,4.417472,0.397387,-1.170900,4.267148,0.487021,-1.643872,4.151728,1.085200,-1.728260,4.769753,1.148803,-1.166968,4.776714,1.146392,-0.788810,4.764610,0.432232,-0.757705,4.612465,0.818669,-0.640480,4.786541,0.714005,0.033178,4.665758,0.213538,-0.212305,4.618911,0.499076,0.362998,4.349511,0.118648,0.098150,4.471449
1470,0.320131,-0.932827,4.423873,0.418177,-1.127263,4.281722,0.495535,-1.614145,4.159064,1.092749,-1.695891,4.765778,1.136577,-1.157134,4.769097,1.136893,-0.800279,4.775561,0.448862,-0.751197,4.608964,0.829642,-0.614295,4.775443,0.711724,0.030774,4.663406,0.227858,-0.221783,4.622966,0.484830,0.372095,4.338367,0.112564,0.098445,4.468399
1471,0.507456,-0.844934,4.442972,0.540429,-1.051185,4.306358,0.503439,-1.604132,4.186506,1.098856,-1.681191,4.763818,1.137194,-1.142424,4.775245,1.130757,-0.814267,4.780266,0.470749,-0.811344,4.627553,0.859502,-0.675757,4.791355,0.712860,-0.051691,4.711771,0.243244,-0.295393,4.664628,0.501103,0.345912,4.381195,0.159670,0.153376,4.438361
1472,0.643078,-0.798110,4.432671,0.497774,-1.022482,4.294476,0.508563,-1.576447,4.167824,1.093161,-1.683879,4.762005,1.147129,-1.136919,4.766933,1.135784,-0.838287,4.786412,0.470659,-0.793750,4.620499,0.829174,-0.688330,4.796221,0.716616,-0.122540,4.755285,0.229296,-0.335751,4.686223,0.512463,0.319647,4.427087,0.159521,0.118619,4.468286
1473,0.417989,-0.842908,4.415109,0.452498,-1.031597,4.285888,0.505526,-1.579273,4.140046,1.105759,-1.778882,4.745403,1.131723,-1.160381,4.771046,1.129037,-0.806913,4.783694,0.498908,-0.804007,4.628927,0.849145,-0.703825,4.793722,0.735072,-0.106215,4.744222,0.232326,-0.327841,4.681666,0.552759,0.313612,4.442860,0.190157,0.081566,4.508912
1474,0.356287,-0.920001,4.413309,0.480414,-1.099977,4.274983,0.551642,-1.565484,4.152121,1.103926,-1.685935,4.752360,1.162198,-1.166917,4.777418,1.133686,-0.800499,4.776410,0.502346,-0.800618,4.625250,0.872735,-0.672732,4.786701,0.734073,-0.065566,4.722737,0.228801,-0.330802,4.677688,0.514860,0.336167,4.404097,0.184782,0.114680,4.469270
1475,0.392642,-0.890813,4.417935,0.454140,-1.071279,4.281988,0.523624,-1.562305,4.141391,1.096384,-1.683673,4.752336,1.150288,-1.152996,4.777367,1.138423,-0.792014,4.783937,0.489172,-0.814509,4.624371,0.854038,-0.697283,4.793020,0.722097,-0.125356,4.759078,0.231292,-0.343736,4.695770,0.539026,0.345686,4.408190,0.192318,0.107861,4.489131
1476,0.402227,-0.904107,4.415918,0.451350,-1.078747,4.292592,0.511330,-1.562988,4.149015,1.090433,-1.681471,4.755889,1.138317,-1.152587,4.775711,1.143302,-0.808858,4.788489,0.474369,-0.818421,4.618589,0.828835,-0.721232,4.802585,0.738815,-0.111956,4.745647,0.216803,-0.361316,4.683577,0.549575,0.329329,4.415223,0.173208,0.090203,4.481352
1477,0.638477,-0.842754,4.419635,0.491902,-1.056411,4.299439,0.498027,-1.600509,4.142263,1.121992,-1.768280,4.750683,1.133702,-1.137771,4.770498,1.149868,-0.819603,4.780459,0.487982,-0.819638,4.619865,0.853386,-0.704455,4.792412,0.738113,-0.100864,4.742402,0.234139,-0.333436,4.676918,0.543283,0.307434,4.440058,0.169272,0.116928,4.453263
1478,0.698230,-0.792545,4.416564,0.538116,-0.971667,4.308138,0.520402,-1.542590,4.154833,1.082004,-1.659551,4.756244,1.107800,-1.131145,4.784161,1.140951,-0.806311,4.787456,0.486293,-0.801627,4.626852,0.843301,-0.686641,4.798864,0.781439,-0.116005,4.743682,0.220086,-0.348210,4.683945,0.544248,0.288262,4.454430,0.168233,0.113441,4.478339
1479,0.511590,-0.927668,4.404586,0.462463,-1.093842,4.288456,0.512390,-1.550849,4.152135,1.071207,-1.641705,4.756749,1.064364,-1.085293,4.784147,1.121059,-0.825125,4.796800,0.480279,-0.801193,4.628411,0.830955,-0.661466,4.797504,0.766197,-0.059419,4.717126,0.178521,-0.408567,4.701821,0.542605,0.374432,4.391647,0.171153,0.077823,4.502146
1480,0.737924,-0.710478,4.415352,0.542111,-0.888334,4.334506,0.519794,-1.488639,4.208756,1.078549,-1.652454,4.783917,1.102502,-1.066316,4.784260,1.129419,-0.795932,4.788433,0.474448,-0.788425,4.636555,0.832940,-0.636526,4.794431,0.739349,-0.047142,4.719356,0.201906,-0.421047,4.723026,0.519631,0.323410,4.414048,0.159620,0.059820,4.528828
1481,0.722387,-0.758883,4.410697,0.580985,-0.973316,4.328697,0.552103,-1.507031,4.208113,1.086097,-1.689636,4.785913,1.082676,-1.171165,4.815263,1.136343,-0.806780,4.786325,0.501529,-0.726703,4.638943,0.842772,-0.602434,4.793521,0.743197,-0.066661,4.730063,0.234903,-0.339139,4.691253,0.525750,0.295802,4.446337,0.189377,0.076406,4.514508
1482,0.336263,-0.976821,4.400058,0.431866,-1.135335,4.303926,0.508374,-1.542406,4.188414,1.077137,-1.669955,4.769959,1.177599,-1.129625,4.785967,1.144152,-0.767280,4.776062,0.496216,-0.760074,4.645581,0.855288,-0.599266,4.788630,0.710059,-0.036144,4.716774,0.180540,-0.399411,4.714956,0.544575,0.273513,4.472382,0.170305,0.088176,4.513749
1483,0.334394,-0.978641,4.402582,0.405548,-1.124734,4.296734,0.504714,-1.508640,4.189872,1.081606,-1.656442,4.782806,1.212073,-1.108262,4.773081,1.155143,-0.739540,4.763687,0.501166,-0.756197,4.636530,0.882746,-0.588377,4.780892,0.745787,-0.030733,4.701653,0.102416,-0.484932,4.768377,0.532335,0.343638,4.391653,0.154470,0.072680,4.532616
1484,0.306095,-0.969523,4.401268,0.357514,-1.155209,4.278986,0.458886,-1.587533,4.259736,1.037247,-1.695166,4.850208,1.175094,-1.104933,4.773542,1.148544,-0.748764,4.763049,0.432285,-0.727351,4.636512,0.786729,-0.533466,4.777833,0.694435,0.053583,4.657255,0.190858,-0.181484,4.625496,0.505284,0.385603,4.323946,0.145412,0.141279,4.471928
1485,0.323626,-0.981839,4.407941,0.433366,-1.049607,4.293038,0.506057,-1.436603,4.271273,1.026642,-1.586196,4.836633,1.232088,-1.066186,4.740444,1.145605,-0.731946,4.751637,0.472371,-0.674294,4.636259,0.787336,-0.479145,4.774556,0.659457,0.079964,4.648208,0.144563,-0.449275,4.728043,0.514930,0.462015,4.248822,0.140488,0.078522,4.521497
1486,0.338189,-1.022688,4.400077,0.497673,-1.150349,4.287755,0.514296,-1.423708,4.274722,1.024490,-1.514404,4.828005,1.252771,-1.070274,4.749022,1.142631,-0.752274,4.766842,0.483095,-0.687873,4.640189,0.807061,-0.478171,4.773102,0.667945,0.055693,4.667544,0.131923,-0.494278,4.722595,0.533130,0.475396,4.271361,0.184132,0.123127,4.474213
1487,0.333037,-1.023162,4.415988,0.442587,-1.156521,4.293235,0.484536,-1.428656,4.352347,1.000067,-1.476548,4.863513,1.277796,-1.113202,4.738250,1.159737,-0.763128,4.757014,0.470754,-0.654297,4.632120,0.798729,-0.450634,4.751506,0.657009,0.005262,4.687019,0.147675,-0.518285,4.741082,0.562785,0.467129,4.311762,0.160017,0.121422,4.458448
1488,0.328398,-1.018551,4.410986,0.420601,-1.005256,4.271705,0.510637,-1.264281,4.366085,0.994586,-1.325323,4.834357,1.289432,-1.120162,4.723911,1.148594,-0.773715,4.760597,0.476104,-0.609956,4.607560,0.803522,-0.391535,4.714840,0.630585,-0.015354,4.703738,0.111419,-0.492713,4.724519,0.546512,0.450058,4.350044,0.226824,0.209842,4.388316
1489,0.326016,-1.051545,4.400683,0.420135,-1.053402,4.291254,0.521904,-1.296205,4.361647,0.980604,-1.381534,4.841301,1.277363,-1.130984,4.738801,1.158434,-0.785314,4.759510,0.487558,-0.609162,4.595272,0.821072,-0.479510,4.723615,0.656371,-0.124897,4.767544,0.153124,-0.521404,4.695371,0.497683,0.299623,4.476045,0.200090,0.008605,4.542252
1490,0.368304,-0.962600,4.400014,0.478073,-1.088911,4.262551,0.528467,-1.316015,4.349195,1.027194,-1.284492,4.826779,1.273700,-1.129446,4.736241,1.150168,-0.802010,4.757812,0.510101,-0.672391,4.590935,0.808070,-0.484296,4.720754,0.666886,-0.202285,4.805568,0.112367,-0.579278,4.722334,0.476484,0.249807,4.500093,0.231873,0.031830,4.517664
1491,0.387281,-0.997044,4.405057,0.493505,-1.122441,4.277982,0.540557,-1.337714,4.336052,1.027855,-1.299581,4.812935,1.281951,-1.151684,4.722205,1.155675,-0.796169,4.750955,0.510260,-0.652687,4.580354,0.802361,-0.479192,4.718784,0.614977,-0.170286,4.790373,0.113844,-0.606928,4.718438,0.415292,0.209345,4.525077,0.217966,-0.017493,4.554531
1492,0.368298,-1.003833,4.398011,0.480537,-1.113760,4.267149,0.525064,-1.337058,4.331579,1.008648,-1.349329,4.820484,1.255552,-1.124196,4.730792,1.154186,-0.799260,4.752434,0.482402,-0.684027,4.592488,0.796783,-0.496548,4.727607,0.645711,-0.165042,4.781607,0.123470,-0.611321,4.714228,0.451533,0.242645,4.495583,0.183501,-0.039214,4.601365
1493,0.377666,-1.006963,4.402606,0.490901,-1.131561,4.271317,0.539195,-1.318861,4.336050,1.023357,-1.310732,4.816096,1.268369,-1.132813,4.726064,1.152059,-0.796386,4.744431,0.477507,-0.640456,4.589909,0.795112,-0.461432,4.719481,0.638649,-0.177132,4.788723,0.153799,-0.524103,4.684415,0.483161,0.348572,4.408675,0.182897,0.068555,4.500282
1494,0.400032,-1.025531,4.398067,0.519890,-1.179748,4.278063,0.560295,-1.391327,4.331391,1.025440,-1.358697,4.826507,1.285668,-1.155254,4.730797,1.164984,-0.792541,4.749787,0.496159,-0.685349,4.589549,0.815650,-0.489633,4.721160,0.643558,-0.188781,4.790023,0.173350,-0.540714,4.693232,0.504854,0.363516,4.413618,0.196786,0.061578,4.525459
1495,0.399202,-1.034231,4.403272,0.497458,-1.211425,4.248331,0.551283,-1.384350,4.323027,1.014790,-1.327974,4.797906,1.273949,-1.158261,4.719165,1.155998,-0.797403,4.755053,0.476922,-0.701714,4.600643,0.792547,-0.503283,4.725838,0.640812,-0.208839,4.811778,0.165462,-0.561953,4.718633,0.479126,0.276301,4.467569,0.179952,-0.018522,4.582177
1496,0.378968,-1.048209,4.397693,0.473853,-1.191298,4.259941,0.534932,-1.364616,4.326587,1.040043,-1.351347,4.807366,1.300799,-1.169736,4.717153,1.163463,-0.808985,4.755234,0.503873,-0.670144,4.598998,0.832410,-0.485295,4.724336,0.644128,-0.151715,4.781312,0.147758,-0.524943,4.665143,0.536423,0.337900,4.437354,0.196290,0.096385,4.496570
1497,0.403034,-1.094131,4.393771,0.475458,-1.239550,4.248562,0.556450,-1.410607,4.326025,1.028276,-1.356696,4.810584,1.293975,-1.166433,4.719787,1.161412,-0.827739,4.753751,0.498628,-0.697557,4.609930,0.818745,-0.487582,4.730228,0.624289,-0.136812,4.772332,0.158364,-0.569083,4.680799,0.529633,0.372363,4.398084,0.216748,0.008338,4.565674
1498,0.378101,-1.038485,4.403988,0.476614,-1.197037,4.261149,0.565747,-1.381113,4.322584,1.031532,-1.343171,4.812287,1.293112,-1.164138,4.722106,1.164419,-0.803304,4.750163,0.492737,-0.669114,4.599113,0.808816,-0.478340,4.725408,0.644417,-0.159235,4.778086,0.162302,-0.535523,4.716713,0.509912,0.350800,4.403238,0.155691,0.079218,4.493305
1499,0.391006,-1.062209,4.406662,0.476797,-1.234006,4.247578,0.554784,-1.438686,4.315262,1.046169,-1.364787,4.807404,1.293946,-1.142230,4.722169,1.163292,-0.808893,4.745045,0.490526,-0.707306,4.607485,0.807355,-0.500463,4.729784,0.621710,-0.146631,4.775246,0.179956,-0.546743,4.733145,0.536458,0.309991,4.448901,0.175748,0.040633,4.523643
1500,0.379763,-1.022175,4.409854,0.466890,-1.197947,4.240423,0.558471,-1.387441,4.319366,1.036826,-1.357348,4.804190,1.296685,-1.159356,4.736415,1.155839,-0.818420,4.759373,0.488201,-0.693299,4.599426,0.800592,-0.514839,4.733316,0.616023,-0.160329,4.782429,0.176352,-0.532336,4.720054,0.502575,0.321286,4.429795,0.190079,0.046401,4.525685
1501,0.379096,-1.042309,4.410420,0.463451,-1.209385,4.255158,0.552369,-1.362392,4.321278,1.041373,-1.335774,4.798405,1.299847,-1.142065,4.723003,1.150905,-0.815280,4.757472,0.500401,-0.678048,4.607680,0.813208,-0.503179,4.734791,0.625511,-0.121060,4.764196,0.143971,-0.552211,4.702096,0.515400,0.283453,4.469120,0.198457,0.001145,4.568044
1502,0.390697,-1.082659,4.413445,0.457373,-1.280684,4.252297,0.565695,-1.433115,4.311457,1.045639,-1.355794,4.793043,1.309238,-1.142608,4.708612,1.155361,-0.811291,4.737426,0.496998,-0.695817,4.600852,0.805743,-0.505296,4.732474,0.639253,-0.156646,4.780031,0.124201,-0.516415,4.690312,0.463498,0.305346,4.435151,0.173676,0.084656,4.492486
1503,0.387784,-1.066191,4.403054,0.473144,-1.252149,4.249697,0.554247,-1.443577,4.312024,1.044934,-1.366852,4.792976,1.308630,-1.127598,4.716247,1.162541,-0.820532,4.741277,0.493795,-0.718281,4.610817,0.813742,-0.523495,4.737338,0.634788,-0.114686,4.757564,0.152112,-0.512477,4.728526,0.476657,0.329523,4.418300,0.175559,0.051496,4.537097
1504,0.384577,-1.039216,4.401240,0.461461,-1.228620,4.249095,0.534674,-1.434855,4.314059,1.042849,-1.384198,4.790732,1.291312,-1.134296,4.727326,1.160994,-0.816646,4.749932,0.487415,-0.728466,4.611269,0.810940,-0.527824,4.737580,0.636152,-0.173608,4.794338,0.147834,-0.530778,4.686598,0.484933,0.332298,4.427465,0.159748,0.077931,4.502095
1505,0.409583,-1.089782,4.394562,0.484216,-1.284714,4.247975,0.570869,-1.446874,4.301110,1.050771,-1.370632,4.780033,1.308975,-1.155782,4.713615,1.162012,-0.830838,4.759113,0.534296,-0.738991,4.608644,0.836916,-0.538689,4.740695,0.614717,-0.146056,4.781310,0.154936,-0.536985,4.660828,0.517127,0.362933,4.426735,0.202946,0.089023,4.479177
1506,0.404320,-1.065921,4.405509,0.479102,-1.255342,4.255154,0.546675,-1.428406,4.309020,1.033443,-1.374932,4.777292,1.295820,-1.162523,4.712609,1.151217,-0.833684,4.747087,0.502068,-0.709297,4.607088,0.807680,-0.514655,4.730182,0.623813,-0.081480,4.744708,0.146048,-0.530251,4.685180,0.513831,0.343470,4.442727,0.195290,0.109922,4.483851
1507,0.393721,-1.134278,4.385768,0.439356,-1.305486,4.235229,0.533143,-1.468896,4.301957,1.052929,-1.381722,4.775833,1.294306,-1.152931,4.708291,1.160661,-0.836332,4.748130,0.507750,-0.737879,4.607454,0.829647,-0.549148,4.736810,0.650890,-0.160628,4.787623,0.168954,-0.513973,4.715035,0.532347,0.364180,4.425058,0.218654,0.052831,4.519451
1508,0.401848,-1.090949,4.387501,0.476514,-1.279212,4.247396,0.540304,-1.449978,4.308198,1.052971,-1.394586,4.783931,1.290199,-1.167320,4.720827,1.154708,-0.816543,4.747493,0.516487,-0.735549,4.604550,0.834188,-0.552346,4.738372,0.672021,-0.131399,4.768205,0.183308,-0.514772,4.703149,0.516744,0.316824,4.456389,0.219850,0.088283,4.490574
1509,0.418163,-1.052023,4.394774,0.482958,-1.245755,4.249396,0.547378,-1.445690,4.292002,1.048444,-1.397271,4.780956,1.303954,-1.158467,4.716901,1.161585,-0.808552,4.750970,0.530725,-0.741570,4.591156,0.841041,-0.567031,4.738898,0.642326,-0.193394,4.805848,0.166086,-0.535455,4.652606,0.494578,0.303629,4.470822,0.213242,0.059405,4.443461
1510,0.402470,-1.070412,4.405252,0.469271,-1.227886,4.255712,0.545853,-1.435878,4.299610,1.056756,-1.401518,4.787418,1.292628,-1.138921,4.713750,1.151284,-0.818615,4.753691,0.512607,-0.727039,4.599131,0.828992,-0.550537,4.734201,0.640310,-0.178465,4.790299,0.183035,-0.513478,4.684045,0.480788,0.282709,4.479918,0.203571,0.089023,4.464043
1511,0.388209,-1.082191,4.405442,0.462599,-1.254844,4.266880,0.550307,-1.428827,4.302706,1.056362,-1.382648,4.775142,1.298434,-1.140221,4.707762,1.152266,-0.825425,4.750806,0.521180,-0.703714,4.588953,0.830405,-0.530652,4.728401,0.655641,-0.143259,4.774470,0.152351,-0.512115,4.631574,0.483540,0.293731,4.486666,0.228016,0.096143,4.465264
1512,0.398229,-1.062041,4.386158,0.448840,-1.236963,4.253260,0.540785,-1.437930,4.309412,1.050805,-1.398515,4.777166,1.300489,-1.145516,4.703469,1.154570,-0.809043,4.750364,0.501448,-0.721933,4.603755,0.827995,-0.546367,4.738359,0.660603,-0.133235,4.772799,0.148514,-0.526777,4.741485,0.497422,0.297648,4.467787,0.160868,0.060513,4.512672
1513,0.386424,-1.071742,4.389308,0.480795,-1.313975,4.233930,0.530387,-1.444995,4.305621,1.052743,-1.371812,4.787692,1.277337,-1.158013,4.716933,1.155694,-0.835492,4.757136,0.485992,-0.687926,4.601119,0.817138,-0.499233,4.730511,0.621014,-0.090008,4.740499,0.154013,-0.524977,4.663313,0.486659,0.391360,4.368966,0.185053,0.052920,4.490226
1514,0.387976,-1.079264,4.397717,0.459203,-1.318299,4.227985,0.520129,-1.486908,4.313797,1.058602,-1.399186,4.781427,1.283158,-1.153160,4.705399,1.157617,-0.822863,4.739074,0.454943,-0.704767,4.599545,0.779026,-0.495144,4.738763,0.608789,-0.084883,4.743147,0.161696,-0.502160,4.702000,0.467239,0.368969,4.377026,0.178713,0.102011,4.469829
1515,0.376144,-1.108482,4.389283,0.429867,-1.286665,4.243648,0.523318,-1.475068,4.304072,1.064214,-1.402588,4.786809,1.278971,-1.167146,4.721758,1.154844,-0.824450,4.749979,0.463023,-0.713200,4.601002,0.805867,-0.511157,4.729841,0.652625,-0.150072,4.771183,0.188536,-0.515233,4.698209,0.489038,0.290229,4.453361,0.186026,0.067033,4.493053
1516,0.386961,-1.115348,4.395644,0.452057,-1.267827,4.252047,0.542096,-1.454545,4.310981,1.059044,-1.395770,4.789699,1.291749,-1.137250,4.719631,1.160605,-0.812410,4.756710,0.494601,-0.710305,4.597885,0.810349,-0.524288,4.727896,0.621754,-0.177784,4.788637,0.155578,-0.521627,4.666061,0.429925,0.296653,4.455931,0.217136,0.082620,4.495924
1517,0.394058,-1.091012,4.384356,0.496314,-1.281590,4.240297,0.557455,-1.432007,4.310488,1.055101,-1.406332,4.785340,1.289717,-1.144707,4.716397,1.160839,-0.815268,4.758736,0.501603,-0.723450,4.605621,0.819230,-0.540626,4.738494,0.638488,-0.193639,4.796665,0.136634,-0.528139,4.716408,0.461735,0.276241,4.474447,0.172185,0.057223,4.518917
1518,0.365269,-1.079690,4.395581,0.422166,-1.256912,4.247958,0.522674,-1.442281,4.303590,1.063188,-1.384415,4.788739,1.282516,-1.137441,4.714929,1.162315,-0.836307,4.758488,0.492396,-0.705583,4.607398,0.828896,-0.525495,4.740623,0.638595,-0.146278,4.778873,0.178270,-0.511414,4.718072,0.467148,0.320154,4.440048,0.213676,0.083929,4.530512
1519,0.370190,-1.100235,4.394964,0.448509,-1.268851,4.241699,0.536033,-1.465671,4.306004,1.054166,-1.394060,4.786257,1.296570,-1.134384,4.709255,1.162629,-0.809151,4.743381,0.494559,-0.704950,4.600583,0.823252,-0.513381,4.726632,0.630781,-0.148884,4.774512,0.185176,-0.514479,4.710916,0.467833,0.313246,4.436293,0.225577,0.082917,4.487765
1520,0.392330,-1.052917,4.391587,0.494115,-1.262814,4.235406,0.536178,-1.442816,4.308346,1.051932,-1.398452,4.779575,1.285345,-1.120809,4.708223,1.152668,-0.798959,4.746456,0.475774,-0.731817,4.601839,0.803357,-0.539260,4.734231,0.631280,-0.140791,4.775207,0.169583,-0.520873,4.724936,0.445776,0.297520,4.458827,0.207576,0.072900,4.518723
1521,0.377973,-1.058583,4.400262,0.444420,-1.234939,4.247514,0.519912,-1.436213,4.301246,1.053913,-1.396757,4.789029,1.285301,-1.144018,4.712971,1.157888,-0.836902,4.753156,0.484462,-0.690662,4.601108,0.820928,-0.507453,4.725255,0.659368,-0.149312,4.773829,0.145257,-0.521582,4.680246,0.502372,0.384427,4.383282,0.180195,0.126792,4.449521
1522,0.380277,-1.074949,4.401606,0.438483,-1.233042,4.242836,0.523446,-1.462735,4.306889,1.054411,-1.394827,4.785851,1.295547,-1.124857,4.714081,1.159968,-0.807982,4.752802,0.479611,-0.713541,4.603749,0.816320,-0.506124,4.727818,0.675632,-0.091563,4.739394,0.175279,-0.521163,4.715563,0.476382,0.320736,4.424048,0.192228,0.082707,4.487776
1523,0.374841,-1.053163,4.395706,0.430657,-1.199419,4.248809,0.522117,-1.430591,4.295907,1.043937,-1.400820,4.779439,1.273591,-1.151329,4.713515,1.159033,-0.813167,4.744570,0.482608,-0.725730,4.607837,0.811064,-0.531187,4.739028,0.656461,-0.190308,4.794379,0.175841,-0.547399,4.702809,0.471339,0.279662,4.465757,0.197925,0.010312,4.559178
1524,0.378808,-1.046061,4.392560,0.436742,-1.205540,4.257359,0.515648,-1.403789,4.307823,1.042678,-1.413421,4.787651,1.280939,-1.141779,4.712187,1.149224,-0.823772,4.750400,0.488183,-0.691302,4.605398,0.821996,-0.525355,4.736643,0.634727,-0.202716,4.809730,0.156915,-0.506543,4.664319,0.473676,0.324021,4.441082,0.211207,0.119134,4.462448
1525,0.382580,-1.042386,4.402365,0.474050,-1.195333,4.258950,0.549146,-1.428092,4.307676,1.045380,-1.377956,4.791566,1.300904,-1.134979,4.707803,1.148872,-0.798302,4.748893,0.499481,-0.702534,4.597967,0.811296,-0.506660,4.727382,0.637416,-0.082980,4.740504,0.161530,-0.528107,4.723533,0.471466,0.334042,4.429450,0.206353,0.048416,4.506147
1526,0.394767,-1.099513,4.399404,0.491682,-1.316647,4.235822,0.546159,-1.445499,4.319950,1.043303,-1.404419,4.787547,1.291873,-1.171221,4.722275,1.157503,-0.833744,4.754318,0.496084,-0.722085,4.608673,0.808111,-0.526295,4.732148,0.619570,-0.158560,4.778865,0.197263,-0.507557,4.694892,0.480883,0.300810,4.446552,0.198209,0.067380,4.507801
1527,0.389784,-1.072181,4.413369,0.466707,-1.237066,4.237548,0.534068,-1.443452,4.302541,1.044319,-1.407197,4.769053,1.278280,-1.158939,4.707196,1.147375,-0.821288,4.751042,0.502878,-0.751178,4.606850,0.812734,-0.569086,4.740207,0.651145,-0.209895,4.812758,0.146783,-0.536613,4.728207,0.489985,0.293005,4.473958,0.198120,0.058695,4.523458
1528,0.374559,-1.039485,4.406236,0.434789,-1.236799,4.255523,0.521732,-1.436978,4.304616,1.024697,-1.409158,4.783156,1.283147,-1.179276,4.713040,1.150975,-0.813241,4.741323,0.514074,-0.718810,4.611430,0.830428,-0.539557,4.740575,0.644084,-0.124934,4.767354,0.136890,-0.496393,4.674321,0.552097,0.379997,4.428298,0.192601,0.132173,4.425663
1529,0.372430,-1.069002,4.407112,0.440403,-1.326211,4.246201,0.512336,-1.458521,4.302414,1.023517,-1.410668,4.791011,1.284369,-1.179321,4.712932,1.152118,-0.835536,4.755693,0.497324,-0.721276,4.605505,0.820254,-0.542039,4.738748,0.648527,-0.178267,4.801148,0.143292,-0.493836,4.654713,0.560200,0.386016,4.430523,0.191850,0.120203,4.438679
1530,0.378704,-1.054615,4.392617,0.433879,-1.244990,4.244684,0.514226,-1.436376,4.319150,1.037523,-1.390290,4.796304,1.295866,-1.176620,4.714879,1.158320,-0.817695,4.750187,0.487482,-0.711074,4.607808,0.809888,-0.539820,4.737756,0.668844,-0.200212,4.800856,0.155599,-0.498444,4.673520,0.540355,0.319855,4.452890,0.214908,0.080435,4.510139
1531,0.382126,-1.057063,4.378037,0.452820,-1.239429,4.253763,0.529182,-1.420057,4.307581,1.026799,-1.414604,4.798268,1.280935,-1.188685,4.707746,1.157404,-0.801885,4.745084,0.485846,-0.698076,4.606601,0.805733,-0.526335,4.742352,0.644339,-0.166653,4.788571,0.128493,-0.507655,4.706038,0.510779,0.325195,4.429086,0.193981,0.084135,4.513641
1532,0.371781,-1.023219,4.399587,0.447165,-1.175358,4.259390,0.520486,-1.443347,4.309292,1.043886,-1.418138,4.800314,1.274930,-1.156657,4.705135,1.152349,-0.819531,4.740053,0.491648,-0.713998,4.603737,0.814388,-0.538112,4.738618,0.665411,-0.135803,4.764691,0.155916,-0.496879,4.714735,0.482411,0.345419,4.417494,0.218624,0.025563,4.526960
1533,0.371175,-1.052576,4.403420,0.462060,-1.186107,4.251530,0.535028,-1.421734,4.318754,1.031880,-1.390248,4.799144,1.280745,-1.156927,4.713980,1.151744,-0.812520,4.752154,0.499595,-0.699806,4.601524,0.807500,-0.527852,4.737805,0.670173,-0.142135,4.763656,0.146297,-0.497697,4.664471,0.482899,0.320336,4.440590,0.209112,0.010446,4.533231
1534,0.398557,-1.049927,4.387884,0.483210,-1.190959,4.266742,0.555313,-1.409979,4.334707,1.038620,-1.408043,4.788842,1.293990,-1.180451,4.714318,1.165206,-0.819929,4.746947,0.515713,-0.701242,4.593003,0.819627,-0.536964,4.731541,0.667438,-0.207924,4.803548,0.164392,-0.527007,4.669099,0.526140,0.352582,4.428609,0.217739,0.099666,4.464828
1535,0.394965,-1.009204,4.391215,0.488934,-1.176905,4.265911,0.545473,-1.392799,4.327796,1.041385,-1.429002,4.795743,1.299728,-1.183281,4.706263,1.150960,-0.825956,4.758277,0.505157,-0.695906,4.599535,0.809407,-0.544953,4.738825,0.640105,-0.191250,4.791298,0.179653,-0.529752,4.704480,0.477228,0.285390,4.470326,0.217245,0.006958,4.570976
1536,0.382327,-1.021661,4.393768,0.476923,-1.172756,4.262067,0.541024,-1.418247,4.329643,1.053054,-1.430411,4.792891,1.289389,-1.178281,4.712151,1.156622,-0.849558,4.768728,0.514486,-0.717481,4.603572,0.829643,-0.539531,4.736537,0.653978,-0.158694,4.778212,0.182364,-0.526020,4.703157,0.515111,0.352383,4.442439,0.222491,0.047105,4.486005
1537,0.390752,-1.033647,4.392202,0.482044,-1.140313,4.275149,0.549169,-1.388321,4.334957,1.040585,-1.422550,4.789693,1.285293,-1.179564,4.711730,1.150036,-0.835537,4.761777,0.513581,-0.683207,4.597795,0.814891,-0.526439,4.737023,0.637112,-0.154133,4.786169,0.161880,-0.507083,4.710668,0.510040,0.336726,4.443558,0.169708,0.104773,4.438486
1538,0.397052,-0.999698,4.401880,0.453576,-1.190744,4.262141,0.524115,-1.442246,4.323435,1.041953,-1.427826,4.805033,1.269820,-1.184860,4.731786,1.151517,-0.835447,4.757267,0.497999,-0.707971,4.603022,0.815823,-0.549126,4.744367,0.631637,-0.155835,4.781109,0.156520,-0.512793,4.679006,0.474351,0.278623,4.491866,0.182830,0.112597,4.448219
1539,0.415561,-1.013200,4.395799,0.466229,-1.214154,4.264574,0.525792,-1.463876,4.329338,1.046114,-1.420983,4.803271,1.274319,-1.171574,4.728286,1.147661,-0.815811,4.755433,0.512100,-0.714585,4.611456,0.825213,-0.539394,4.747182,0.612394,-0.140551,4.777853,0.141709,-0.510745,4.686875,0.506209,0.353190,4.455725,0.209600,0.092677,4.447258
1540,0.419827,-0.957528,4.396082,0.461483,-1.180797,4.264244,0.510057,-1.442623,4.319636,1.061806,-1.417466,4.788208,1.246784,-1.173370,4.729274,1.150356,-0.813979,4.754381,0.492246,-0.679745,4.602268,0.829561,-0.521626,4.740785,0.678879,-0.089047,4.740586,0.145164,-0.488284,4.719474,0.528207,0.319133,4.453475,0.203252,0.107126,4.483333
1541,0.404953,-1.015652,4.387734,0.436595,-1.268942,4.243455,0.502979,-1.455728,4.315846,1.065929,-1.398534,4.789008,1.265021,-1.176189,4.726411,1.168075,-0.827557,4.750370,0.477118,-0.677596,4.603670,0.803685,-0.509206,4.738596,0.633720,-0.151946,4.778157,0.167518,-0.491082,4.708766,0.513924,0.361490,4.402064,0.208855,0.127894,4.446477
1542,0.404291,-0.997877,4.386194,0.415105,-1.266991,4.230707,0.498604,-1.466040,4.324737,1.060230,-1.405525,4.795468,1.260773,-1.199230,4.732619,1.160662,-0.830443,4.756068,0.455952,-0.670507,4.608264,0.806734,-0.490195,4.736525,0.646831,-0.107530,4.751137,0.166195,-0.487857,4.720366,0.480406,0.390435,4.381008,0.210912,0.112187,4.434945
1543,0.419124,-1.046515,4.398357,0.414234,-1.354602,4.218905,0.492566,-1.467279,4.318810,1.053048,-1.403968,4.792130,1.258026,-1.201809,4.724844,1.152392,-0.836194,4.758346,0.456039,-0.664567,4.616901,0.805225,-0.487214,4.746885,0.617398,-0.141250,4.774452,0.134473,-0.490703,4.736326,0.466529,0.341604,4.411467,0.198440,0.138467,4.422561
1544,0.405414,-1.017566,4.388341,0.411225,-1.291474,4.230510,0.486309,-1.487212,4.308893,1.061101,-1.407804,4.786922,1.247602,-1.181983,4.730965,1.154605,-0.831732,4.752017,0.450078,-0.695868,4.618674,0.790315,-0.507479,4.751769,0.640320,-0.103345,4.751297,0.137155,-0.494661,4.719622,0.486025,0.415892,4.367586,0.228923,0.145265,4.421631
1545,0.409007,-1.048922,4.395968,0.431497,-1.353667,4.228840,0.498118,-1.489730,4.314665,1.064149,-1.407958,4.784585,1.254124,-1.201641,4.735017,1.156815,-0.839078,4.758790,0.467376,-0.677097,4.615901,0.795158,-0.498519,4.752225,0.626763,-0.045290,4.720782,0.121902,-0.471147,4.711298,0.475881,0.396255,4.364450,0.218255,0.113082,4.448505
1546,0.399881,-1.037886,4.399105,0.430258,-1.347657,4.224390,0.498337,-1.495399,4.307134,1.060202,-1.390278,4.784190,1.248458,-1.193349,4.735534,1.147926,-0.821478,4.761397,0.473046,-0.674285,4.609813,0.801828,-0.501080,4.747877,0.618519,-0.132546,4.771496,0.122762,-0.491888,4.723057,0.491107,0.397338,4.375741,0.228396,0.112126,4.448648
1547,0.372387,-1.041227,4.394266,0.414366,-1.337566,4.225615,0.489372,-1.486958,4.312558,1.063509,-1.411170,4.789574,1.242639,-1.211444,4.736309,1.146241,-0.842957,4.753377,0.456793,-0.688833,4.618107,0.781522,-0.511943,4.755736,0.615705,-0.029599,4.711350,0.149410,-0.431671,4.700524,0.451518,0.379891,4.371366,0.233605,0.140023,4.432233
1548,0.399473,-1.041968,4.393370,0.423577,-1.325461,4.213519,0.490501,-1.492935,4.306525,1.065137,-1.409410,4.780793,1.247793,-1.192820,4.734197,1.146056,-0.813020,4.749892,0.462049,-0.683326,4.611878,0.799378,-0.498677,4.744924,0.638455,-0.051411,4.726194,0.158999,-0.466490,4.701807,0.465283,0.393052,4.380294,0.192354,0.123857,4.444673
1549,0.399509,-1.028518,4.385822,0.418662,-1.339729,4.230359,0.484305,-1.483904,4.307869,1.065051,-1.402317,4.774781,1.253877,-1.190955,4.729865,1.150922,-0.817458,4.756616,0.472746,-0.674351,4.594092,0.814469,-0.501318,4.733297,0.625052,-0.116350,4.765140,0.156130,-0.452740,4.697518,0.518602,0.301108,4.467987,0.207241,0.136493,4.427032
1550,0.378219,-1.027217,4.386037,0.429587,-1.297648,4.230700,0.489408,-1.492943,4.312716,1.054563,-1.415345,4.788612,1.283522,-1.181937,4.721083,1.153901,-0.848602,4.759567,0.473988,-0.684450,4.611823,0.806116,-0.509675,4.745135,0.618876,-0.144953,4.773612,0.137363,-0.475473,4.702983,0.535129,0.309353,4.458846,0.209859,0.140805,4.425133
1551,0.384203,-1.036100,4.389571,0.428695,-1.326434,4.229486,0.480717,-1.498150,4.323583,1.052703,-1.428872,4.794373,1.264820,-1.194085,4.725142,1.148824,-0.832081,4.763432,0.471691,-0.694433,4.598035,0.798092,-0.526209,4.738423,0.611652,-0.094965,4.748164,0.154862,-0.462685,4.682722,0.512341,0.368364,4.396259,0.238440,0.093343,4.475425
1552,0.388322,-1.032348,4.377172,0.435746,-1.310547,4.243905,0.491875,-1.478101,4.316896,1.052339,-1.424648,4.798085,1.239019,-1.198215,4.734144,1.148044,-0.838571,4.758503,0.457977,-0.710543,4.600841,0.785734,-0.526211,4.739705,0.608830,-0.109259,4.758726,0.147059,-0.489170,4.698257,0.491899,0.344442,4.418437,0.206547,0.067618,4.468272
1553,0.378972,-0.996925,4.408752,0.416640,-1.242445,4.248102,0.495386,-1.465308,4.326230,1.073085,-1.412958,4.799835,1.261790,-1.157130,4.735014,1.157366,-0.831582,4.754599,0.473294,-0.709312,4.607202,0.808632,-0.528017,4.741688,0.653388,-0.188696,4.792119,0.166478,-0.504584,4.698275,0.484198,0.309867,4.446199,0.179815,0.095112,4.482844
1554,0.377914,-0.996818,4.374299,0.429917,-1.278507,4.232553,0.493482,-1.479168,4.311735,1.049643,-1.446172,4.805532,1.268221,-1.187438,4.727246,1.155379,-0.815949,4.751947,0.461344,-0.733368,4.612442,0.789192,-0.571824,4.755984,0.652007,-0.218655,4.812518,0.172300,-0.516267,4.700138,0.464814,0.235017,4.508294,0.188635,0.068460,4.495688
1555,0.388998,-1.040872,4.387471,0.427194,-1.275806,4.242393,0.485076,-1.485502,4.317799,1.040565,-1.446407,4.799258,1.274277,-1.172784,4.717694,1.151039,-0.859502,4.761492,0.477059,-0.703615,4.606170,0.801124,-0.546522,4.745949,0.621185,-0.156142,4.779473,0.158518,-0.493213,4.684833,0.490393,0.316221,4.440195,0.224233,0.072612,4.494701
1556,0.372498,-1.020189,4.397419,0.428254,-1.286590,4.229678,0.489974,-1.478855,4.319817,1.048889,-1.439975,4.791011,1.287356,-1.157635,4.718052,1.163431,-0.815499,4.753629,0.478379,-0.703034,4.611203,0.803424,-0.531162,4.744879,0.629482,-0.155453,4.778146,0.132944,-0.496354,4.674686,0.523802,0.309763,4.454068,0.202824,0.097227,4.481509
1557,0.388349,-1.037203,4.403158,0.432614,-1.297419,4.234603,0.500344,-1.482610,4.315810,1.058974,-1.453522,4.804809,1.289466,-1.180773,4.729837,1.167980,-0.851388,4.762753,0.484078,-0.729125,4.605583,0.807519,-0.557008,4.747002,0.655548,-0.165597,4.778940,0.162873,-0.490803,4.691758,0.521628,0.319788,4.444077,0.195684,0.097484,4.473436
1558,0.377533,-0.998560,4.378892,0.411227,-1.252280,4.232352,0.489302,-1.470842,4.308774,1.046956,-1.446392,4.809351,1.276313,-1.181687,4.724423,1.154634,-0.800564,4.751606,0.478339,-0.719253,4.609388,0.807335,-0.559632,4.753227,0.663244,-0.168453,4.792428,0.139718,-0.503826,4.686935,0.503202,0.287981,4.469322,0.192574,0.095294,4.468550
1559,0.392875,-0.999376,4.381869,0.427217,-1.239645,4.238514,0.475602,-1.482567,4.312782,1.061365,-1.420920,4.794457,1.269050,-1.165681,4.722011,1.153014,-0.833808,4.760026,0.478216,-0.714231,4.610077,0.825955,-0.549923,4.749995,0.658879,-0.181421,4.796393,0.135271,-0.489747,4.696271,0.516696,0.324960,4.438388,0.200832,0.111170,4.476133
1560,0.388472,-1.031031,4.393655,0.441468,-1.269912,4.252398,0.485538,-1.481164,4.323935,1.067831,-1.431767,4.802547,1.250440,-1.179740,4.738338,1.149539,-0.811927,4.752989,0.486703,-0.697703,4.606562,0.822524,-0.539416,4.747693,0.624808,-0.116810,4.758527,0.151503,-0.470595,4.688219,0.498917,0.357705,4.409271,0.215561,0.155649,4.460248
1561,0.402084,-1.011878,4.395361,0.453590,-1.243666,4.248139,0.501892,-1.469645,4.327783,1.061895,-1.420865,4.788867,1.257535,-1.175483,4.733422,1.148402,-0.831412,4.764510,0.469829,-0.685546,4.610645,0.795424,-0.503033,4.741571,0.619109,-0.145930,4.777637,0.177787,-0.485667,4.704758,0.482515,0.327507,4.432851,0.237394,0.082828,4.474154
1562,0.386097,-1.049260,4.386415,0.441423,-1.301132,4.253726,0.501558,-1.479752,4.322623,1.057106,-1.428558,4.799859,1.274865,-1.205943,4.737879,1.156516,-0.829204,4.760106,0.481927,-0.714569,4.610084,0.800245,-0.522647,4.741072,0.643694,-0.189962,4.795747,0.169620,-0.503053,4.708811,0.475628,0.307620,4.439416,0.194275,0.091424,4.493157
1563,0.385620,-1.004461,4.395567,0.423892,-1.236636,4.249043,0.492842,-1.466345,4.314952,1.056579,-1.412435,4.790634,1.261652,-1.187243,4.737473,1.147908,-0.821333,4.763676,0.470280,-0.696389,4.612656,0.792777,-0.512830,4.744305,0.639689,-0.137305,4.771092,0.161785,-0.487063,4.719650,0.489690,0.289259,4.453995,0.179883,0.129039,4.461746
1564,0.392766,-1.026757,4.401540,0.436876,-1.260735,4.257482,0.494395,-1.479011,4.319167,1.063735,-1.425955,4.800815,1.268949,-1.205120,4.742129,1.158949,-0.840920,4.754652,0.481625,-0.718966,4.607787,0.808349,-0.539988,4.746701,0.634827,-0.169885,4.787498,0.167853,-0.483556,4.693493,0.500915,0.329189,4.433927,0.207077,0.125052,4.468242
1565,0.384142,-1.001752,4.402112,0.459915,-1.215435,4.256660,0.489616,-1.468505,4.317667,1.057111,-1.415967,4.798396,1.277767,-1.194246,4.737978,1.157351,-0.832101,4.760524,0.489460,-0.711541,4.604582,0.810919,-0.543519,4.747658,0.621703,-0.178764,4.794277,0.156285,-0.504599,4.722739,0.516303,0.343340,4.442993,0.172699,0.143781,4.448538
1566,0.388602,-1.033841,4.409068,0.441762,-1.256339,4.252105,0.492697,-1.481512,4.314528,1.056595,-1.420627,4.798629,1.272627,-1.193878,4.739350,1.146516,-0.837398,4.763061,0.481668,-0.728056,4.605923,0.810059,-0.552296,4.746995,0.629161,-0.178794,4.797869,0.180043,-0.483302,4.683710,0.520942,0.330194,4.457706,0.222007,0.104017,4.466192
1567,0.386328,-1.033839,4.399226,0.450354,-1.249977,4.252704,0.487546,-1.477775,4.319364,1.048279,-1.417928,4.799679,1.284457,-1.181702,4.731828,1.146745,-0.822101,4.754550,0.501344,-0.708245,4.611893,0.826694,-0.544092,4.751461,0.629835,-0.133762,4.776148,0.141484,-0.470088,4.712023,0.525963,0.359867,4.446205,0.199841,0.131204,4.444424
1568,0.383544,-1.023987,4.383768,0.425224,-1.263928,4.259163,0.485220,-1.478604,4.314205,1.054652,-1.407880,4.805876,1.266163,-1.180960,4.733232,1.140498,-0.825896,4.757160,0.482685,-0.695691,4.606384,0.822363,-0.521013,4.751643,0.692798,-0.096499,4.748493,0.136624,-0.476089,4.653398,0.538669,0.334889,4.445282,0.184261,0.115969,4.447834
1569,0.381672,-1.012817,4.397948,0.432497,-1.252359,4.242822,0.482518,-1.466499,4.314249,1.045978,-1.406435,4.792960,1.272409,-1.191822,4.732960,1.158093,-0.844216,4.755538,0.479255,-0.657164,4.603610,0.823968,-0.478873,4.733838,0.659212,-0.158784,4.783512,0.128014,-0.498211,4.689602,0.520866,0.402228,4.410190,0.205988,0.163319,4.410444
1570,0.377032,-1.008345,4.403191,0.419336,-1.237351,4.244131,0.474705,-1.468903,4.315512,1.044187,-1.402662,4.797587,1.249743,-1.133563,4.728252,1.192653,-0.829519,4.756732,0.468787,-0.656855,4.595013,0.808575,-0.488557,4.739598,0.666181,-0.079324,4.732062,0.147217,-0.452260,4.646142,0.496745,0.396430,4.381372,0.195525,0.138491,4.401781
1571,0.369558,-1.001092,4.407900,0.457078,-1.189672,4.243289,0.488981,-1.445336,4.319448,1.058727,-1.414252,4.800759,1.268106,-1.105344,4.725549,1.188272,-0.827912,4.755701,0.473760,-0.649031,4.596260,0.811453,-0.472682,4.735864,0.646168,-0.102173,4.749544,0.156319,-0.474964,4.722269,0.464767,0.386132,4.370438,0.181558,0.146814,4.433212
1572,0.369862,-0.983463,4.391353,0.439995,-1.195453,4.252711,0.484494,-1.429250,4.318120,1.057788,-1.408076,4.810823,1.257616,-1.132803,4.735234,1.182880,-0.885570,4.765729,0.479768,-0.646030,4.615040,0.806736,-0.475606,4.747880,0.639902,-0.107274,4.759379,0.138646,-0.481688,4.731061,0.488392,0.433136,4.363080,0.212948,0.149506,4.402569
1573,0.364505,-0.983655,4.377481,0.459724,-1.159016,4.243438,0.471735,-1.437268,4.314689,1.051372,-1.400933,4.812255,1.222411,-1.130125,4.739994,1.216396,-0.836908,4.749024,0.479905,-0.655477,4.616976,0.809098,-0.486720,4.752027,0.638126,-0.078600,4.745889,0.130900,-0.459065,4.704979,0.513069,0.447197,4.347110,0.188567,0.122372,4.436556
1574,0.370726,-0.978500,4.381374,0.473680,-1.139882,4.264650,0.466162,-1.409352,4.313828,1.038373,-1.417712,4.811003,1.223021,-1.154939,4.747334,1.175148,-0.845960,4.762371,0.485697,-0.656118,4.608284,0.814647,-0.500828,4.749487,0.682114,-0.037618,4.718273,0.159695,-0.441570,4.727911,0.596696,0.405790,4.410100,0.239540,0.169165,4.401218
1575,0.348198,-0.964314,4.379453,0.458047,-1.111957,4.259627,0.466296,-1.419917,4.311130,1.033197,-1.429513,4.816856,1.215566,-1.139292,4.750328,1.204031,-0.864106,4.752225,0.481709,-0.658465,4.614253,0.814675,-0.494039,4.751708,0.682101,-0.048604,4.723406,0.146795,-0.463234,4.716096,0.543610,0.433213,4.380299,0.227099,0.133522,4.434731
1576,0.329556,-0.934963,4.384125,0.449518,-1.090090,4.258139,0.444887,-1.408617,4.306078,1.036227,-1.419475,4.800903,1.251071,-1.079018,4.732264,1.172702,-0.782097,4.741208,0.469292,-0.624399,4.612393,0.825051,-0.473222,4.746070,0.677585,-0.108195,4.752587,0.143868,-0.472407,4.727916,0.551307,0.456842,4.355033,0.192397,0.131208,4.429814
1577,0.331844,-0.944768,4.386075,0.445369,-1.092381,4.269250,0.440059,-1.407843,4.316957,1.019354,-1.434908,4.815656,1.265738,-1.086958,4.722278,1.185636,-0.796829,4.748592,0.495348,-0.610095,4.613724,0.842568,-0.495836,4.754802,0.940399,-0.235635,4.775949,0.147057,-0.498376,4.725558,0.757311,0.430672,4.344573,0.186490,0.128790,4.453193
1578,0.321887,-0.943550,4.378355,0.415982,-1.124089,4.279990,0.437802,-1.395489,4.293780,0.994972,-1.436292,4.812523,1.223268,-1.179137,4.733851,1.138149,-0.867236,4.763037,0.494435,-0.614572,4.607862,0.842394,-0.515141,4.753033,0.912154,-0.086658,4.697134,0.159955,-0.492974,4.689527,0.711042,0.458970,4.309953,0.183931,0.185675,4.435764
1579,0.329619,-0.924751,4.394570,0.463903,-1.063652,4.279367,0.444738,-1.411949,4.299573,0.992569,-1.453363,4.815809,1.234942,-1.114856,4.739547,1.132650,-0.780749,4.756730,0.485194,-0.617877,4.604799,0.802651,-0.485933,4.750438,0.649592,-0.118165,4.764064,0.169792,-0.460945,4.686049,0.507649,0.481171,4.310178,0.260073,0.209002,4.394074
1580,0.314323,-0.963913,4.389908,0.421723,-1.188367,4.264472,0.435625,-1.421136,4.305180,0.996825,-1.455477,4.822279,1.234684,-1.109384,4.743266,1.123372,-0.749092,4.759077,0.483601,-0.638515,4.608104,0.815583,-0.479662,4.747320,0.668958,0.039022,4.670231,0.152135,-0.480146,4.721377,0.527589,0.473392,4.310397,0.235673,0.148666,4.425927
1581,0.331018,-0.981046,4.392454,0.449190,-1.219164,4.254327,0.439634,-1.449643,4.298013,0.985789,-1.466854,4.828541,1.233004,-1.113424,4.740683,1.123980,-0.756425,4.754315,0.476507,-0.645801,4.610269,0.799905,-0.472667,4.751781,0.631758,-0.001378,4.696208,0.134484,-0.491563,4.728467,0.518026,0.472278,4.329210,0.202165,0.129632,4.440478
1582,0.314214,-0.990375,4.399916,0.435603,-1.209726,4.264315,0.448959,-1.434735,4.286408,1.001345,-1.453723,4.816086,1.225546,-1.088593,4.740459,1.126054,-0.733531,4.757590,0.477930,-0.637210,4.611009,0.807171,-0.465403,4.752674,0.629945,0.047440,4.669397,0.142525,-0.514056,4.663110,0.508929,0.488437,4.297418,0.196707,0.111505,4.458789
1583,0.328817,-0.958737,4.386209,0.415153,-1.207306,4.264126,0.443467,-1.442386,4.294050,0.992289,-1.506701,4.836215,1.240469,-1.106234,4.733889,1.134557,-0.731497,4.747472,0.468134,-0.631955,4.599567,0.803031,-0.457090,4.747526,0.659127,0.020095,4.686906,0.116050,-0.518001,4.700112,0.518354,0.482171,4.295289,0.196789,0.160659,4.421265
1584,0.332938,-0.974454,4.393743,0.436965,-1.179895,4.272367,0.453911,-1.438201,4.289618,1.002133,-1.493317,4.837631,1.236368,-1.104816,4.743199,1.136638,-0.754321,4.754337,0.479428,-0.627764,4.604157,0.798267,-0.465880,4.753819,0.649300,-0.012733,4.704291,0.098765,-0.492957,4.687555,0.499715,0.510342,4.249455,0.162508,0.154425,4.428018
1585,0.332380,-0.964946,4.397210,0.435225,-1.233168,4.270557,0.446303,-1.460627,4.286023,0.998854,-1.513857,4.841728,1.243264,-1.089763,4.743389,1.131371,-0.741095,4.750201,0.472725,-0.646662,4.615626,0.799078,-0.486423,4.765832,0.627917,0.006187,4.697890,0.123041,-0.475476,4.719149,0.527824,0.539120,4.218687,0.185245,0.158301,4.430412
1586,0.316083,-1.013249,4.392035,0.421135,-1.268975,4.269376,0.442276,-1.480331,4.267063,1.002597,-1.536385,4.821842,1.231037,-1.089443,4.733235,1.135387,-0.749875,4.752389,0.467256,-0.650656,4.607536,0.812868,-0.488698,4.759801,0.657924,0.026437,4.684350,0.133135,-0.471932,4.683019,0.531338,0.491492,4.283564,0.210839,0.142132,4.438029
1587,0.314905,-0.984853,4.400931,0.427010,-1.213606,4.285711,0.447010,-1.467141,4.269881,0.996380,-1.545043,4.825597,1.244267,-1.089196,4.740307,1.151378,-0.754167,4.751780,0.461954,-0.675159,4.620730,0.789959,-0.508630,4.778292,0.656673,0.005005,4.697114,0.104972,-0.504041,4.706545,0.545212,0.511164,4.254552,0.171015,0.152784,4.436763
1588,0.325164,-0.988595,4.405275,0.430603,-1.220736,4.289652,0.443213,-1.489391,4.261052,0.991256,-1.572352,4.834277,1.215953,-1.110911,4.753934,1.125099,-0.756760,4.754680,0.469455,-0.686566,4.620974,0.797724,-0.518472,4.775970,0.668354,0.027154,4.680139,0.150450,-0.457028,4.709401,0.525706,0.493853,4.299885,0.202796,0.137949,4.436548
1589,0.338991,-0.993056,4.400857,0.471508,-1.202714,4.292529,0.473835,-1.486792,4.244469,0.997250,-1.572149,4.802975,1.241638,-1.097939,4.753407,1.141619,-0.771208,4.764667,0.479734,-0.683503,4.625988,0.805318,-0.521096,4.780623,0.680566,-0.037339,4.720192,0.120488,-0.518595,4.737465,0.521843,0.445648,4.307166,0.169445,0.156737,4.440033
1590,0.327676,-1.011233,4.405518,0.448795,-1.194100,4.290293,0.473455,-1.477778,4.245225,0.998655,-1.594718,4.810694,1.235158,-1.120445,4.755921,1.159106,-0.777784,4.760196,0.492392,-0.680198,4.625068,0.815936,-0.528153,4.778338,0.646541,-0.000528,4.705028,0.111824,-0.486211,4.732871,0.517780,0.508955,4.249319,0.186191,0.153499,4.448704
1591,0.303986,-0.992281,4.408739,0.425059,-1.191231,4.291761,0.461077,-1.484564,4.247891,0.994311,-1.613474,4.818266,1.247379,-1.107566,4.751293,1.161288,-0.730156,4.755054,0.489337,-0.708304,4.627862,0.813294,-0.536451,4.780304,0.685111,0.051386,4.666565,0.113481,-0.491683,4.726360,0.556378,0.522145,4.229560,0.168864,0.147386,4.443016
1592,0.321570,-1.005620,4.405983,0.456262,-1.186854,4.295571,0.481576,-1.486053,4.253470,0.985212,-1.615509,4.818695,1.222046,-1.104979,4.745744,1.156754,-0.751904,4.747906,0.492093,-0.688625,4.631786,0.818975,-0.525046,4.783916,0.671681,0.046232,4.670847,0.140462,-0.515961,4.751067,0.575265,0.517307,4.234801,0.138840,0.132169,4.453580
1593,0.314010,-1.035231,4.431294,0.458811,-1.167971,4.298359,0.483755,-1.501110,4.226830,1.003864,-1.602142,4.794207,1.221273,-1.101135,4.756079,1.161992,-0.764653,4.752682,0.484689,-0.699728,4.622548,0.805984,-0.541806,4.786695,0.673630,0.049164,4.673396,0.112403,-0.485102,4.767045,0.551743,0.516170,4.208091,0.135732,0.140801,4.463768
1594,0.311659,-1.026467,4.414190,0.362120,-1.167374,4.300324,0.442866,-1.539274,4.212610,1.026007,-1.630605,4.793901,1.222787,-1.088218,4.761790,1.143932,-0.742745,4.762353,0.484423,-0.736577,4.629367,0.830816,-0.581957,4.791794,0.685846,-0.138913,4.775710,0.150479,-0.567934,4.781043,0.543171,0.471636,4.287504,0.168360,0.131977,4.464570
1595,0.285441,-1.082796,4.428217,0.423387,-1.248445,4.304427,0.448917,-1.574815,4.224088,1.021505,-1.630082,4.790251,1.191790,-1.083618,4.765477,1.141201,-0.725959,4.757966,0.480929,-0.743740,4.630294,0.828015,-0.574252,4.780771,0.703741,0.012467,4.690310,0.132793,-0.478654,4.776248,0.530654,0.441642,4.295090,0.147098,0.096273,4.509750
1596,0.326171,-1.051131,4.436718,0.411112,-1.164675,4.301686,0.491837,-1.536966,4.244780,1.024619,-1.630769,4.802161,1.186123,-1.092368,4.763642,1.149714,-0.762107,4.762084,0.480422,-0.716730,4.629500,0.816460,-0.539453,4.779740,0.698701,0.022351,4.676891,0.164700,-0.471918,4.759701,0.504499,0.436315,4.293966,0.172640,0.111926,4.488200
1597,0.295413,-1.062003,4.432795,0.404321,-1.221054,4.293198,0.474165,-1.537913,4.208909,1.043887,-1.608898,4.772418,1.194511,-1.095572,4.761473,1.136123,-0.771467,4.768928,0.472070,-0.731680,4.624553,0.823707,-0.566494,4.780168,0.664512,-0.005291,4.701309,0.172346,-0.440504,4.749909,0.528927,0.446030,4.271126,0.172110,0.149095,4.447657
1598,0.393352,-1.371104,4.422308,0.462669,-1.329423,4.293174,0.517239,-1.561684,4.217581,1.025240,-1.643777,4.780503,1.164992,-1.128169,4.775662,1.133701,-0.773204,4.776114,0.487657,-0.722784,4.621634,0.810291,-0.540531,4.773171,0.703920,-0.025721,4.705172,0.170485,-0.413785,4.736984,0.506949,0.363150,4.371757,0.163537,0.097842,4.500090
1599,0.363665,-1.053962,4.429444,0.466505,-1.176985,4.300658,0.540088,-1.539533,4.240275,1.029787,-1.647331,4.783311,1.172488,-1.102134,4.766163,1.135410,-0.734075,4.759345,0.499546,-0.730913,4.625799,0.810634,-0.549027,4.780071,0.691610,-0.030644,4.711739,0.177112,-0.417717,4.743638,0.485347,0.366814,4.358357,0.151661,0.094318,4.502989
1600,0.342612,-1.041480,4.422141,0.452505,-1.170199,4.296954,0.539379,-1.521562,4.218815,1.052325,-1.622830,4.779192,1.177478,-1.069661,4.761742,1.142918,-0.751817,4.764370,0.484788,-0.707885,4.616467,0.815984,-0.528901,4.769291,0.666426,0.013327,4.693110,0.170483,-0.364106,4.726064,0.462010,0.361688,4.367687,0.140218,0.105266,4.497519
1601,0.377589,-1.049147,4.421669,0.479615,-1.127866,4.293288,0.555294,-1.525035,4.227127,1.054421,-1.638612,4.790709,1.169016,-1.063875,4.767541,1.134002,-0.731173,4.756238,0.471777,-0.701466,4.618532,0.795208,-0.526002,4.775304,0.679202,0.076686,4.648955,0.157558,-0.321116,4.693771,0.496867,0.416008,4.290982,0.137189,0.121497,4.475095
1602,0.373011,-0.985887,4.426818,0.497219,-1.085637,4.311319,0.594507,-1.466987,4.245702,1.030085,-1.610045,4.785251,1.108913,-1.030638,4.790472,1.143614,-0.756160,4.761504,0.489549,-0.695562,4.610017,0.815441,-0.552185,4.771103,0.680307,0.055262,4.664575,0.208510,-0.267027,4.663540,0.471905,0.345740,4.371642,0.152202,0.138302,4.452451
1603,0.451323,-1.012402,4.436791,0.502985,-1.094664,4.317916,0.590913,-1.528538,4.220021,1.052022,-1.685148,4.786222,1.120341,-1.096129,4.789949,1.127647,-0.754169,4.768460,0.467819,-0.745511,4.603131,0.803405,-0.596498,4.777875,0.708614,0.027445,4.680610,0.219765,-0.267237,4.641191,0.465342,0.380220,4.341830,0.166912,0.152675,4.413300
1604,0.385865,-0.944393,4.447485,0.518413,-1.102655,4.313335,0.618805,-1.516019,4.204612,1.061670,-1.655569,4.767265,1.139009,-1.110994,4.782599,1.139919,-0.764666,4.773131,0.479486,-0.745392,4.592398,0.811132,-0.600204,4.766318,0.734972,-0.015435,4.697302,0.200472,-0.356945,4.693126,0.427592,0.313128,4.417642,0.134049,0.078932,4.477716
1605,0.371171,-1.011592,4.437549,0.452750,-1.127540,4.296908,0.573193,-1.502849,4.197835,1.081685,-1.585497,4.756083,1.139255,-1.070277,4.792077,1.137784,-0.755954,4.771435,0.478541,-0.751840,4.598536,0.827353,-0.588513,4.771420,0.686992,-0.005486,4.698980,0.212201,-0.318797,4.663277,0.423961,0.324325,4.423845,0.166381,0.120352,4.438861
1606,0.357431,-0.974198,4.439261,0.417424,-1.138066,4.297483,0.548959,-1.563522,4.188529,1.083903,-1.620764,4.750319,1.133606,-1.075454,4.782757,1.147603,-0.792512,4.770531,0.469420,-0.775187,4.608686,0.829633,-0.607795,4.774245,0.692444,-0.027950,4.709965,0.199914,-0.350405,4.694871,0.477094,0.268607,4.478084,0.157875,0.121649,4.450796
1607,0.370145,-1.021043,4.432376,0.429620,-1.136735,4.296411,0.576846,-1.526329,4.194215,1.066135,-1.623955,4.765446,1.114652,-1.085027,4.784791,1.129612,-0.766679,4.769971,0.474569,-0.737123,4.601225,0.824980,-0.569040,4.765423,0.704215,-0.002343,4.696332,0.208092,-0.297563,4.654235,0.459570,0.307778,4.425059,0.168881,0.117714,4.443868
1608,0.483288,-0.956734,4.437851,0.516156,-1.045803,4.309637,0.634139,-1.411605,4.201744,1.019153,-1.561770,4.749768,1.034483,-1.060063,4.782996,1.085656,-0.791272,4.785441,0.502438,-0.646797,4.598114,0.812844,-0.552478,4.766347,0.648158,-0.029458,4.717763,0.189080,-0.288290,4.673719,0.393221,0.284229,4.458683,0.161773,0.133677,4.467345
1609,nan,nan,nan,nan,nan,nan,nan,nan,nan,nan,nan,nan,nan,nan,nan,nan,nan,nan,nan,nan,nan,nan,nan,nan,nan,nan,nan,nan,nan,nan,nan,nan,nan,nan,nan,nan
1610,0.375401,-0.905434,4.517480,0.559446,-0.932040,4.474382,0.656719,-1.378104,4.330218,1.077926,-1.555200,4.827510,1.102966,-0.977881,4.810011,1.126822,-0.601926,4.797683,0.559137,-0.611091,4.675537,0.861417,-0.517769,4.813554,0.688695,-0.018054,4.713086,0.233251,-0.293692,4.683416,0.470965,0.284482,4.453742,0.142191,0.132236,4.441203
1611,0.386669,-1.044897,4.505345,0.496691,-1.185866,4.347761,0.598138,-1.569226,4.242536,1.132454,-1.632553,4.811941,1.184273,-1.087626,4.848213,1.180040,-0.760858,4.791437,0.547798,-0.791818,4.632294,0.875585,-0.651464,4.789983,0.794531,-0.123264,4.775527,0.231569,-0.412420,4.714119,0.533419,0.305219,4.473393,0.172741,0.141126,4.436087
1612,nan,nan,nan,nan,nan,nan,nan,nan,nan,nan,nan,nan,nan,nan,nan,nan,nan,nan,nan,nan,nan,nan,nan,nan,nan,nan,nan,nan,nan,nan,nan,nan,nan,nan,nan,nan
1613,nan,nan,nan,nan,nan,nan,nan,nan,nan,nan,nan,nan,nan,nan,nan,nan,nan,nan,nan,nan,nan,nan,nan,nan,nan,nan,nan,nan,nan,nan,nan,nan,nan,nan,nan,nan
1614,nan,nan,nan,nan,nan,nan,nan,nan,nan,nan,nan,nan,nan,nan,nan,nan,nan,nan,nan,nan,nan,nan,nan,nan,nan,nan,nan,nan,nan,nan,nan,nan,nan,nan,nan,nan
1615,nan,nan,nan,nan,nan,nan,nan,nan,nan,nan,nan,nan,nan,nan,nan,nan,nan,nan,nan,nan,nan,nan,nan,nan,nan,nan,nan,nan,nan,nan,nan,nan,nan,nan,nan,nan
1616,nan,nan,nan,nan,nan,nan,nan,nan,nan,nan,nan,nan,nan,nan,nan,nan,nan,nan,nan,nan,nan,nan,nan,nan,nan,nan,nan,nan,nan,nan,nan,nan,nan,nan,nan,nan
1617,0.406283,-0.944138,4.536738,0.568317,-1.009174,4.364066,0.683881,-1.420239,4.245330,1.106395,-1.602746,4.817507,1.157755,-1.074999,4.826975,1.173918,-0.729906,4.810300,0.515922,-0.717368,4.651479,0.843286,-0.642088,4.840717,0.742360,-0.082100,4.750359,0.172645,-0.354265,4.712943,0.502928,0.348312,4.385652,0.112828,0.098995,4.454226
1618,nan,nan,nan,nan,nan,nan,nan,nan,nan,nan,nan,nan,nan,nan,nan,nan,nan,nan,nan,nan,nan,nan,nan,nan,nan,nan,nan,nan,nan,nan,nan,nan,nan,nan,nan,nan
1619,0.449565,-0.900459,4.540692,0.591584,-0.991199,4.392540,0.709671,-1.423357,4.238025,1.126074,-1.598724,4.813752,1.141787,-1.008599,4.810276,1.136858,-0.692498,4.801442,0.546486,-0.699096,4.634103,0.841492,-0.631337,4.819797,0.676402,-0.086704,4.749703,0.190274,-0.371605,4.713263,0.508310,0.336412,4.394349,0.105620,0.105256,4.433822
1620,0.421967,-0.988182,4.478416,0.536284,-1.154219,4.319152,0.661849,-1.495447,4.222581,1.158301,-1.586715,4.808740,1.156800,-1.042839,4.788620,1.151195,-0.722989,4.791080,0.481595,-0.780204,4.599188,0.848462,-0.566479,4.749024,0.694208,-0.101873,4.749633,0.210013,-0.387749,4.695577,0.442449,0.322697,4.414495,0.144994,0.150306,4.423099
1621,0.701297,-0.864163,4.454742,0.624897,-1.038255,4.328769,0.710165,-1.472091,4.230508,1.189026,-1.444449,4.742366,1.143589,-0.999400,4.786764,1.125368,-0.709226,4.770020,0.492036,-0.760102,4.583911,0.838317,-0.547244,4.728119,0.685462,-0.187575,4.790468,0.196958,-0.402433,4.700728,0.433743,0.333433,4.406965,0.159119,0.155023,4.412866
1622,0.706928,-0.884636,4.441695,0.611563,-1.078079,4.319183,0.690143,-1.500326,4.207839,1.108822,-1.569285,4.761234,1.092392,-1.062871,4.772968,1.098578,-0.724513,4.767617,0.472889,-0.764786,4.583298,0.792173,-0.595827,4.755305,0.637313,-0.118230,4.764024,0.198969,-0.340395,4.676717,0.409844,0.287611,4.445317,0.146355,0.128274,4.433834
1623,0.438253,-1.016724,4.429586,0.533599,-1.178581,4.264161,0.680159,-1.499249,4.191740,1.205413,-1.467051,4.736709,1.151092,-0.985364,4.755816,1.124518,-0.709074,4.754346,0.474224,-0.771984,4.575093,0.829969,-0.577738,4.738916,0.644639,-0.107887,4.753339,0.199441,-0.353309,4.673813,0.424911,0.299737,4.445395,0.153660,0.124273,4.432806
1624,0.391968,-1.015095,4.434579,0.519724,-1.213476,4.283138,0.672204,-1.531562,4.187509,1.128759,-1.613269,4.739316,1.122151,-1.068133,4.770970,1.095413,-0.727257,4.768590,0.464225,-0.783207,4.579669,0.801787,-0.629698,4.761322,0.634790,-0.112520,4.753642,0.194050,-0.373960,4.681151,0.417835,0.286575,4.449586,0.144259,0.107811,4.457570
1625,0.400006,-0.992161,4.417909,0.483666,-1.131747,4.282475,0.625826,-1.495808,4.165111,1.091638,-1.586702,4.731049,1.117644,-1.073599,4.766148,1.101948,-0.699469,4.762619,0.453274,-0.778554,4.596431,0.810330,-0.598725,4.764119,0.689512,-0.013624,4.699572,0.192886,-0.315435,4.670204,0.420408,0.351773,4.379402,0.152617,0.159206,4.417652
1626,nan,nan,nan,nan,nan,nan,nan,nan,nan,nan,nan,nan,nan,nan,nan,nan,nan,nan,nan,nan,nan,nan,nan,nan,nan,nan,nan,nan,nan,nan,nan,nan,nan,nan,nan,nan
1627,0.416470,-0.952646,4.521670,0.586368,-1.070219,4.355622,0.696332,-1.405059,4.247629,1.116607,-1.589519,4.816545,1.166428,-1.062507,4.800246,1.142945,-0.729042,4.790691,0.530637,-0.736599,4.663673,0.850204,-0.647384,4.844106,0.749747,-0.118301,4.760939,0.207573,-0.400297,4.720057,0.500737,0.311606,4.421137,0.114563,0.099195,4.454350
1628,nan,nan,nan,nan,nan,nan,nan,nan,nan,nan,nan,nan,nan,nan,nan,nan,nan,nan,nan,nan,nan,nan,nan,nan,nan,nan,nan,nan,nan,nan,nan,nan,nan,nan,nan,nan
1629,0.379711,-0.916018,4.518150,0.555420,-1.099659,4.353737,0.656295,-1.498106,4.199615,1.120479,-1.586745,4.818524,1.174950,-1.057847,4.781717,1.173377,-0.710689,4.810493,0.483440,-0.787406,4.668410,0.862627,-0.646704,4.849396,0.727460,-0.158814,4.779759,0.193499,-0.456289,4.729691,0.463453,0.248704,4.481410,0.115805,0.084824,4.467142
1630,0.385922,-0.986578,4.454727,0.523682,-1.197292,4.331114,0.662152,-1.507109,4.235184,1.127155,-1.635691,4.797254,1.141089,-1.119157,4.831140,1.139199,-0.771876,4.803060,0.527565,-0.743693,4.618197,0.864244,-0.641014,4.789814,0.714148,-0.124980,4.762645,0.206434,-0.410433,4.690090,0.472820,0.292253,4.453434,0.187166,0.154426,4.451778
1631,nan,nan,nan,nan,nan,nan,nan,nan,nan,nan,nan,nan,nan,nan,nan,nan,nan,nan,nan,nan,nan,nan,nan,nan,nan,nan,nan,nan,nan,nan,nan,nan,nan,nan,nan,nan
1632,0.389242,-0.918814,4.509028,0.582000,-1.061105,4.403160,0.679262,-1.477507,4.237010,1.100312,-1.596979,4.844721,1.169623,-1.089908,4.842974,1.163941,-0.733665,4.821304,0.491238,-0.760822,4.677004,0.846811,-0.621896,4.837653,0.727180,-0.107262,4.753033,0.167267,-0.460206,4.769516,0.500912,0.267655,4.470907,0.123383,0.105074,4.466295
1633,0.390759,-0.965877,4.441631,0.517128,-1.152573,4.304265,0.640855,-1.563159,4.206761,1.110839,-1.599940,4.794462,1.130453,-1.067408,4.810161,1.150274,-0.782264,4.790796,0.516013,-0.769536,4.613412,0.866742,-0.609433,4.776884,0.746710,-0.107659,4.750889,0.203593,-0.405143,4.682890,0.511226,0.296565,4.452686,0.176047,0.152448,4.453694
1634,0.402019,-1.036753,4.435728,0.453623,-1.151264,4.301071,0.546848,-1.603203,4.265689,1.044795,-1.699713,4.873509,1.080985,-1.122618,4.847137,1.139896,-0.820150,4.797824,0.433121,-0.823898,4.657095,0.797986,-0.655337,4.822670,0.696933,-0.129477,4.777198,0.157214,-0.429302,4.719629,0.494535,0.290662,4.450049,0.140274,0.099447,4.497355
1635,0.491204,-1.049148,4.425335,0.441595,-1.151065,4.309484,0.540834,-1.580687,4.267472,1.051728,-1.701202,4.853100,1.092804,-1.106387,4.827173,1.129570,-0.816666,4.783910,0.466626,-0.746181,4.659242,0.819989,-0.622877,4.822720,0.717510,-0.080913,4.746486,0.146573,-0.398612,4.775030,0.493964,0.313228,4.426164,0.141260,0.131399,4.478744
1636,0.377405,-1.060780,4.423055,0.401886,-1.148670,4.302869,0.503308,-1.536311,4.234836,1.064484,-1.629656,4.824059,1.189564,-1.061518,4.784321,1.142578,-0.760020,4.756692,0.489209,-0.728032,4.653244,0.828722,-0.534284,4.782874,0.735612,-0.030747,4.715418,0.164562,-0.393179,4.717107,0.536680,0.402565,4.349841,0.168406,0.114438,4.475713
1637,0.332352,-1.024006,4.410687,0.405856,-1.162703,4.288603,0.499309,-1.516550,4.233247,1.063488,-1.602640,4.817622,1.236634,-1.084822,4.772058,1.144745,-0.794080,4.775344,0.483510,-0.728583,4.654086,0.833356,-0.545846,4.784414,0.681341,-0.090021,4.747641,0.133889,-0.502505,4.780280,0.507579,0.448858,4.314868,0.152683,0.101223,4.507076
1638,0.313491,-1.001431,4.398197,0.381098,-1.194494,4.248973,0.455285,-1.591790,4.295991,1.006547,-1.664430,4.889154,1.233662,-1.141531,4.767742,1.143290,-0.758978,4.766210,0.475620,-0.724212,4.634750,0.806503,-0.544984,4.787313,0.624633,0.032841,4.668663,0.124303,-0.478250,4.743113,0.539794,0.536211,4.281728,0.196427,0.170171,4.422307
1639,0.341088,-1.000825,4.390322,0.456706,-1.176340,4.253719,0.460329,-1.499229,4.306983,1.023032,-1.512833,4.845810,1.285274,-1.069831,4.724701,1.155077,-0.754605,4.749094,0.457192,-0.632423,4.626969,0.790067,-0.440822,4.755404,0.616240,0.018142,4.682378,0.075122,-0.492016,4.742435,0.511309,0.429827,4.316365,0.127731,0.128333,4.462836
1640,0.364130,-1.178205,4.386722,0.428641,-1.391167,4.222107,0.494245,-1.447676,4.304406,1.029795,-1.389944,4.834262,1.326174,-1.098351,4.710076,1.160643,-0.768047,4.745252,0.478572,-0.617861,4.609656,0.791408,-0.417723,4.738303,0.603389,-0.013793,4.701870,0.084722,-0.486283,4.723392,0.523952,0.453903,4.302144,0.134621,0.141832,4.432128
1641,0.374482,-1.227093,4.397435,0.428887,-1.405033,4.219052,0.517917,-1.440127,4.308865,1.044994,-1.351868,4.821743,1.310222,-1.191290,4.724736,1.155477,-0.807863,4.753177,0.486982,-0.644795,4.604139,0.804379,-0.434435,4.729280,0.603067,-0.126786,4.767613,0.085443,-0.502875,4.673592,0.497317,0.376065,4.386155,0.133332,0.092890,4.470679
1642,0.393189,-1.073144,4.410417,0.447331,-1.367652,4.233691,0.517177,-1.455792,4.318012,1.056400,-1.364123,4.799891,1.301839,-1.176648,4.732398,1.146131,-0.806087,4.758306,0.486290,-0.653309,4.590698,0.804361,-0.437594,4.719814,0.604773,-0.156517,4.786655,0.132115,-0.530831,4.722422,0.427410,0.342907,4.400976,0.168097,0.123960,4.456528
1643,0.394759,-1.013224,4.412616,0.461362,-1.265947,4.253009,0.521021,-1.476281,4.321387,1.067093,-1.415345,4.800909,1.298751,-1.174090,4.741501,1.149023,-0.827055,4.766406,0.498976,-0.687146,4.587392,0.817736,-0.495658,4.727670,0.639050,-0.154186,4.780118,0.144979,-0.535976,4.665514,0.516367,0.356091,4.426616,0.158858,0.125893,4.465685
1644,0.377830,-1.006240,4.405015,0.465002,-1.237875,4.244066,0.525008,-1.464351,4.316128,1.059099,-1.431370,4.801646,1.293421,-1.141484,4.729053,1.141034,-0.787333,4.755168,0.487678,-0.714009,4.591136,0.787871,-0.529413,4.738429,0.643840,-0.155010,4.777671,0.144136,-0.551941,4.716948,0.454959,0.274898,4.470577,0.173372,0.044945,4.555359
1645,0.381098,-1.031973,4.411790,0.448387,-1.282297,4.238377,0.526119,-1.493507,4.307460,1.055781,-1.418749,4.802596,1.281398,-1.156038,4.739554,1.140537,-0.792594,4.759416,0.486600,-0.733586,4.586481,0.795105,-0.539613,4.735139,0.605511,-0.202172,4.802570,0.163127,-0.553259,4.708478,0.506479,0.305555,4.458588,0.190210,0.009523,4.551565
1646,0.381657,-1.029290,4.391021,0.449107,-1.292062,4.229851,0.526021,-1.496423,4.309938,1.049215,-1.410772,4.784966,1.270652,-1.137171,4.726905,1.140242,-0.788228,4.754607,0.485516,-0.734601,4.603330,0.786267,-0.554401,4.744162,0.653750,-0.100199,4.751685,0.136205,-0.530325,4.694617,0.458488,0.276080,4.481009,0.191312,-0.019069,4.569975
1647,0.400968,-1.040003,4.406255,0.438998,-1.277397,4.237155,0.523264,-1.511170,4.300210,1.064069,-1.399720,4.781305,1.274447,-1.127752,4.724110,1.147312,-0.785646,4.752309,0.488369,-0.739974,4.598241,0.807201,-0.555231,4.739923,0.666715,-0.174814,4.788805,0.128792,-0.526828,4.686683,0.499786,0.297825,4.459116,0.184177,0.066723,4.499102
1648,0.394401,-1.048354,4.385394,0.439067,-1.290626,4.239617,0.527228,-1.501595,4.307604,1.063434,-1.377702,4.780674,1.279324,-1.121130,4.714902,1.147626,-0.803505,4.748997,0.481658,-0.748901,4.605981,0.795691,-0.554104,4.747710,0.640584,-0.206418,4.807895,0.140499,-0.521469,4.724658,0.465253,0.243399,4.506578,0.167718,0.072029,4.495539
1649,0.392695,-1.084426,4.391745,0.422743,-1.378177,4.231665,0.525904,-1.514984,4.312335,1.078947,-1.382838,4.767344,1.281319,-1.137051,4.718814,1.158653,-0.810932,4.742562,0.489300,-0.733256,4.607776,0.813427,-0.550942,4.739416,0.667513,-0.118334,4.753930,0.164880,-0.518006,4.727501,0.469242,0.312164,4.442189,0.191189,0.058125,4.514650
1650,0.391319,-1.055851,4.413476,0.453797,-1.315528,4.239879,0.543449,-1.513175,4.305789,1.082028,-1.415005,4.772895,1.271580,-1.152357,4.732448,1.141349,-0.829246,4.747639,0.494077,-0.738351,4.602535,0.812999,-0.545169,4.738679,0.635156,-0.066184,4.728169,0.142742,-0.512848,4.671465,0.522693,0.388652,4.402933,0.176623,0.066292,4.503451
1651,0.401806,-1.018665,4.384831,0.458424,-1.246719,4.252318,0.545686,-1.499020,4.309630,1.078831,-1.430176,4.770626,1.261015,-1.147020,4.723918,1.134083,-0.839384,4.755784,0.493912,-0.730118,4.611857,0.813899,-0.567271,4.754294,0.653795,-0.178224,4.789944,0.140940,-0.518901,4.735471,0.497899,0.258354,4.490229,0.164624,0.067751,4.496320
1652,0.391068,-1.042125,4.379433,0.471138,-1.317330,4.237939,0.537234,-1.529838,4.310286,1.088418,-1.395385,4.768260,1.261543,-1.118074,4.725891,1.145518,-0.816289,4.748209,0.480114,-0.752058,4.618898,0.815395,-0.545002,4.744195,0.643433,-0.096424,4.748343,0.159525,-0.501223,4.714756,0.453348,0.307975,4.429564,0.190986,0.085860,4.496628
1653,0.397382,-1.029740,4.397162,0.471214,-1.295269,4.239434,0.533754,-1.522407,4.310427,1.099945,-1.390184,4.758609,1.245224,-1.131748,4.736952,1.143960,-0.819009,4.754998,0.485417,-0.741109,4.607421,0.811828,-0.539002,4.734706,0.635938,-0.101524,4.748385,0.155458,-0.496047,4.708339,0.450299,0.308251,4.434400,0.178837,0.086513,4.480264
1654,0.398415,-1.036553,4.380373,0.451996,-1.301055,4.218844,0.533029,-1.523918,4.304448,1.086570,-1.395429,4.753788,1.256969,-1.105428,4.716915,1.142697,-0.823193,4.761787,0.466113,-0.756177,4.613998,0.804203,-0.555408,4.745597,0.655933,-0.063056,4.729506,0.137860,-0.488379,4.724289,0.463302,0.310612,4.436267,0.151354,0.066851,4.492270
1655,0.385621,-1.047845,4.385645,0.429855,-1.278157,4.229318,0.529894,-1.521375,4.303956,1.092663,-1.393483,4.758425,1.266995,-1.116441,4.723873,1.141677,-0.832505,4.760791,0.468670,-0.733925,4.608640,0.818302,-0.522848,4.740034,0.657327,-0.127612,4.764390,0.155148,-0.497071,4.711476,0.483007,0.348170,4.409718,0.158482,0.090320,4.455893
1656,0.403786,-1.025661,4.389132,0.442161,-1.265401,4.233085,0.530945,-1.522229,4.306586,1.100104,-1.408766,4.758533,1.254941,-1.112910,4.731497,1.152301,-0.846253,4.766127,0.466873,-0.727974,4.610653,0.815198,-0.534097,4.743818,0.670200,-0.134277,4.770354,0.147962,-0.510744,4.682581,0.491945,0.335631,4.405507,0.155317,0.095548,4.469244
1657,0.400663,-1.061359,4.386091,0.454232,-1.326059,4.221988,0.546830,-1.533918,4.310305,1.103331,-1.401922,4.754443,1.261395,-1.118996,4.732538,1.153237,-0.832869,4.758090,0.476069,-0.736133,4.605448,0.818415,-0.537225,4.735274,0.636730,-0.189930,4.799629,0.171715,-0.528441,4.722295,0.490086,0.330513,4.419695,0.197245,0.077787,4.483535
1658,0.402076,-1.048999,4.390207,0.458894,-1.254868,4.243954,0.554876,-1.527630,4.311057,1.096394,-1.410012,4.762305,1.259179,-1.121260,4.733226,1.137218,-0.824743,4.760743,0.485391,-0.731604,4.596081,0.803607,-0.529312,4.728866,0.633561,-0.070883,4.728179,0.158647,-0.506088,4.699315,0.499860,0.374087,4.401909,0.168230,0.094405,4.460723
1659,0.412511,-1.052899,4.413936,0.466464,-1.291096,4.234890,0.553505,-1.527749,4.310180,1.098134,-1.437794,4.762287,1.279889,-1.126628,4.725607,1.140284,-0.788673,4.750732,0.501917,-0.747483,4.595079,0.823783,-0.556715,4.732867,0.645770,-0.185638,4.792353,0.150282,-0.516084,4.658847,0.488251,0.303921,4.448291,0.158455,0.103919,4.467065
1660,0.406989,-1.019851,4.387095,0.470012,-1.241799,4.245762,0.547876,-1.520796,4.302374,1.080450,-1.436618,4.766695,1.278687,-1.121336,4.722629,1.142846,-0.789967,4.744210,0.509063,-0.765860,4.608689,0.810342,-0.582851,4.749277,0.636893,-0.167098,4.784652,0.141474,-0.514005,4.708580,0.474892,0.292907,4.462056,0.175548,0.046373,4.525786
1661,0.404525,-1.038998,4.413127,0.455231,-1.258353,4.233081,0.526790,-1.530200,4.299265,1.081706,-1.425161,4.768154,1.292231,-1.135802,4.716927,1.141840,-0.832044,4.752844,0.503761,-0.746291,4.606936,0.832820,-0.570092,4.745226,0.652165,-0.214432,4.819111,0.158377,-0.522490,4.711020,0.526126,0.365962,4.441310,0.208202,0.151730,4.429297
1662,0.402223,-1.028996,4.402403,0.451574,-1.230961,4.234057,0.535828,-1.525094,4.299134,1.088861,-1.437446,4.758257,1.282616,-1.140133,4.718920,1.141672,-0.832511,4.753879,0.511072,-0.755031,4.599907,0.837009,-0.576042,4.741582,0.651711,-0.176032,4.797432,0.165683,-0.509206,4.675075,0.525411,0.332378,4.448767,0.184722,0.140292,4.429733
1663,0.407341,-1.007870,4.396573,0.486365,-1.221224,4.247361,0.535420,-1.519388,4.301506,1.083842,-1.435622,4.768456,1.285750,-1.135895,4.729967,1.146397,-0.831412,4.759928,0.520006,-0.736208,4.602457,0.843732,-0.576076,4.742813,0.666501,-0.187994,4.800476,0.159774,-0.512706,4.685159,0.557275,0.372025,4.433542,0.182335,0.134598,4.423007
1664,0.399291,-1.014897,4.400334,0.458358,-1.228671,4.246820,0.532450,-1.518246,4.302576,1.079330,-1.429714,4.763672,1.277990,-1.144706,4.726948,1.149873,-0.827295,4.751543,0.517219,-0.730775,4.598927,0.837936,-0.560380,4.738192,0.653430,-0.144810,4.777031,0.151083,-0.510288,4.683460,0.532132,0.308916,4.458938,0.166584,0.131597,4.460749
1665,0.417327,-1.008919,4.385558,0.479688,-1.221803,4.245092,0.529964,-1.508073,4.298983,1.072686,-1.426337,4.762488,1.270249,-1.135082,4.720989,1.142442,-0.832093,4.760212,0.507974,-0.736665,4.607899,0.828141,-0.573790,4.752802,0.640384,-0.122609,4.763680,0.148380,-0.498035,4.716367,0.496728,0.296967,4.471901,0.189154,0.133778,4.479637
1666,0.380642,-1.047293,4.392493,0.415190,-1.266975,4.244987,0.523220,-1.508516,4.304299,1.084396,-1.411261,4.755411,1.279295,-1.127061,4.717216,1.145085,-0.807654,4.744658,0.474050,-0.718149,4.612283,0.836236,-0.529770,4.738826,0.634575,-0.118124,4.762356,0.164875,-0.493403,4.710948,0.472560,0.353638,4.399442,0.212915,0.140093,4.420692
1667,0.379868,-1.023723,4.389136,0.445243,-1.236574,4.238258,0.523434,-1.511489,4.300385,1.076632,-1.403568,4.762796,1.262189,-1.121179,4.731415,1.155696,-0.804564,4.754098,0.468679,-0.687197,4.602180,0.821080,-0.487484,4.732190,0.649328,-0.119357,4.750849,0.166015,-0.496353,4.733464,0.469956,0.385842,4.367700,0.196424,0.144381,4.429660
1668,0.404628,-1.019709,4.402316,0.431680,-1.239316,4.232001,0.520935,-1.530277,4.300598,1.096785,-1.420944,4.760299,1.237845,-1.127057,4.739540,1.138122,-0.841981,4.764865,0.467028,-0.722621,4.610728,0.820733,-0.522413,4.742867,0.670472,-0.137344,4.766551,0.163345,-0.527962,4.708089,0.459657,0.334144,4.403878,0.162651,0.124977,4.442502
1669,0.390134,-1.047745,4.401568,0.425486,-1.241942,4.233061,0.532931,-1.518705,4.302355,1.077606,-1.408291,4.765300,1.248489,-1.142328,4.742647,1.146781,-0.898908,4.771961,0.463377,-0.711710,4.610292,0.809170,-0.494995,4.736851,0.628415,-0.171230,4.788972,0.153964,-0.534829,4.694018,0.470476,0.357856,4.392768,0.180038,0.105693,4.439569
1670,0.393433,-1.037067,4.401064,0.446934,-1.270722,4.223540,0.519869,-1.521280,4.301457,1.083028,-1.410685,4.763591,1.254375,-1.136949,4.733878,1.148854,-0.858684,4.762116,0.462968,-0.695112,4.603677,0.807953,-0.486182,4.733736,0.641879,-0.125998,4.762940,0.136068,-0.524519,4.717316,0.463859,0.339299,4.402556,0.186380,0.115002,4.423736
1671,0.396798,-1.037713,4.395818,0.432418,-1.277915,4.232631,0.517991,-1.532167,4.306468,1.085292,-1.417965,4.760436,1.249258,-1.150786,4.733736,1.147325,-0.838532,4.759208,0.458602,-0.718038,4.604768,0.811281,-0.504318,4.737078,0.643852,-0.127934,4.767526,0.153279,-0.512185,4.702532,0.452924,0.311599,4.432617,0.187549,0.087885,4.463500
1672,0.401580,-1.053725,4.396911,0.450131,-1.286807,4.224074,0.515703,-1.522582,4.301654,1.078244,-1.420581,4.759494,1.254074,-1.155406,4.730598,1.141776,-0.841578,4.762640,0.455743,-0.708730,4.590205,0.790716,-0.508757,4.732006,0.635190,-0.153388,4.777619,0.143440,-0.499072,4.681353,0.498998,0.390828,4.403836,0.212117,0.145241,4.398343
1673,0.397178,-1.040584,4.401346,0.443538,-1.298396,4.221271,0.511824,-1.512833,4.302009,1.070493,-1.402662,4.758929,1.251763,-1.174761,4.735691,1.148652,-0.825895,4.758140,0.458142,-0.700085,4.591448,0.797599,-0.513861,4.733762,0.639420,-0.060790,4.725684,0.148606,-0.494921,4.710919,0.453583,0.308614,4.433340,0.179572,0.104755,4.445291
1674,0.387112,-1.047015,4.394752,0.447478,-1.271436,4.227300,0.509197,-1.523959,4.301795,1.075334,-1.406702,4.758213,1.250124,-1.164451,4.739438,1.144859,-0.818341,4.759212,0.469897,-0.715981,4.605213,0.803456,-0.524471,4.737636,0.633770,-0.075317,4.736177,0.153156,-0.490705,4.709537,0.463935,0.343431,4.406247,0.181773,0.095559,4.463294
1675,0.388297,-1.043647,4.392936,0.462943,-1.224830,4.247444,0.512728,-1.509047,4.305819,1.065187,-1.419870,4.762977,1.265528,-1.149278,4.727368,1.142766,-0.807920,4.749502,0.493099,-0.701404,4.608919,0.822044,-0.528790,4.742944,0.644708,-0.079272,4.739889,0.139249,-0.499824,4.681925,0.481806,0.348524,4.432649,0.186580,0.108376,4.458332
1676,0.388832,-1.020577,4.397266,0.431661,-1.236008,4.240030,0.505148,-1.521836,4.298003,1.075146,-1.425101,4.760849,1.261309,-1.142186,4.734184,1.152503,-0.797167,4.748970,0.473479,-0.724371,4.601219,0.821646,-0.531906,4.738901,0.658401,-0.151085,4.772074,0.149860,-0.507214,4.706720,0.521099,0.347840,4.417209,0.166351,0.123113,4.461463
1677,0.387990,-1.045773,4.410233,0.444910,-1.241868,4.245520,0.522148,-1.499545,4.294430,1.067779,-1.423368,4.758786,1.283012,-1.157361,4.729931,1.142675,-0.829018,4.762323,0.493888,-0.721502,4.598860,0.819059,-0.551133,4.737399,0.638004,-0.192067,4.802284,0.154154,-0.524288,4.682070,0.513186,0.334382,4.436575,0.164894,0.129840,4.454629
1678,0.411386,-1.037362,4.411743,0.444670,-1.260608,4.233766,0.518206,-1.502465,4.293770,1.058059,-1.435107,4.758396,1.274588,-1.168712,4.728737,1.142529,-0.811159,4.752281,0.491382,-0.726422,4.597479,0.825004,-0.551655,4.739399,0.636834,-0.184457,4.796934,0.157852,-0.503858,4.653330,0.487557,0.275388,4.484706,0.210692,0.114227,4.469928
1679,0.410040,-1.036586,4.414879,0.441166,-1.258717,4.230931,0.514053,-1.510356,4.294406,1.060887,-1.425152,4.753194,1.279269,-1.162835,4.727325,1.142772,-0.812505,4.754221,0.499245,-0.718809,4.598806,0.829012,-0.556614,4.737401,0.656300,-0.141679,4.775557,0.141500,-0.500053,4.650688,0.524480,0.350437,4.445733,0.213855,0.140741,4.414404
1680,0.413916,-1.036317,4.398803,0.440485,-1.265688,4.229055,0.515963,-1.512088,4.289847,1.052467,-1.428896,4.759566,1.277244,-1.160499,4.726682,1.136027,-0.825571,4.756828,0.498606,-0.741744,4.599096,0.819743,-0.564979,4.742225,0.663287,-0.129907,4.768911,0.146995,-0.503537,4.642619,0.515976,0.311595,4.466926,0.202526,0.118189,4.457242
1681,0.415249,-1.033551,4.399499,0.465538,-1.231723,4.238886,0.521432,-1.495415,4.295953,1.058626,-1.424658,4.752702,1.285521,-1.161108,4.725858,1.143463,-0.839927,4.759300,0.512098,-0.727265,4.605352,0.825791,-0.553555,4.739588,0.629409,-0.118473,4.766097,0.148212,-0.507481,4.659623,0.505206,0.325769,4.472184,0.220318,0.106083,4.453797
1682,0.399213,-1.045238,4.400072,0.450897,-1.261584,4.234739,0.516866,-1.511575,4.294045,1.050216,-1.434741,4.762838,1.274775,-1.166250,4.728388,1.139945,-0.837611,4.760161,0.494003,-0.752804,4.601696,0.811716,-0.549922,4.739612,0.634364,-0.110725,4.757456,0.153714,-0.514958,4.657941,0.508418,0.308492,4.464692,0.187003,0.108463,4.454169
1683,0.410973,-1.056221,4.401171,0.453135,-1.280180,4.231930,0.514241,-1.509936,4.291660,1.063011,-1.424683,4.756705,1.278631,-1.176532,4.736850,1.137516,-0.844260,4.768528,0.500563,-0.738015,4.598939,0.829359,-0.556509,4.740854,0.656728,-0.105329,4.755102,0.149221,-0.508441,4.667746,0.492086,0.293026,4.478210,0.207152,0.107599,4.458573
1684,0.393098,-1.042576,4.413376,0.448799,-1.264582,4.238607,0.511320,-1.510717,4.298227,1.055832,-1.426506,4.761972,1.288049,-1.165081,4.729493,1.148943,-0.813805,4.757968,0.496519,-0.724398,4.603711,0.822092,-0.535342,4.742836,0.637113,-0.124796,4.766814,0.150137,-0.518478,4.670317,0.481294,0.302255,4.464042,0.196278,0.117734,4.469855
1685,0.400973,-1.013426,4.384680,0.442753,-1.269349,4.238582,0.507067,-1.519076,4.302293,1.053577,-1.442419,4.763951,1.287788,-1.152141,4.730135,1.146597,-0.810777,4.762391,0.474486,-0.714049,4.610417,0.809316,-0.531885,4.746344,0.645152,-0.110774,4.752934,0.150389,-0.496782,4.717734,0.483922,0.327135,4.424446,0.188192,0.131702,4.449856
1686,0.393440,-1.044182,4.398513,0.442463,-1.284289,4.228793,0.507724,-1.525356,4.299426,1.049142,-1.440400,4.769088,1.272650,-1.166165,4.737704,1.144578,-0.825286,4.765110,0.462124,-0.719235,4.611235,0.802596,-0.538366,4.749679,0.641801,-0.106056,4.755183,0.138528,-0.488109,4.705321,0.449577,0.327116,4.417321,0.181014,0.126747,4.451017
1687,0.395027,-1.052694,4.396791,0.430166,-1.300516,4.219447,0.503873,-1.522436,4.289369,1.047423,-1.437069,4.770970,1.273290,-1.159279,4.738008,1.146091,-0.811517,4.765542,0.464499,-0.717328,4.608160,0.813092,-0.542253,4.748215,0.638892,-0.209455,4.811144,0.146019,-0.495031,4.697617,0.466939,0.327835,4.422710,0.193380,0.123642,4.449722
1688,0.391828,-1.069173,4.402087,0.454123,-1.302086,4.225617,0.515869,-1.516121,4.293151,1.053567,-1.424566,4.770892,1.282398,-1.159227,4.732641,1.143994,-0.823292,4.760644,0.475405,-0.709839,4.609697,0.810633,-0.527603,4.745654,0.644732,-0.151154,4.780861,0.129888,-0.493557,4.687972,0.465012,0.319759,4.430826,0.191887,0.113066,4.462265
1689,0.393049,-1.068453,4.391358,0.428665,-1.333250,4.216323,0.512028,-1.523694,4.292154,1.050463,-1.415008,4.774931,1.289053,-1.165799,4.734534,1.142592,-0.824680,4.769301,0.469269,-0.712566,4.608711,0.808236,-0.511383,4.747751,0.615548,-0.166315,4.789827,0.149444,-0.505930,4.696774,0.463846,0.343319,4.415190,0.216282,0.116689,4.447483
1690,0.391810,-1.068439,4.400850,0.424647,-1.322296,4.206534,0.508810,-1.524996,4.290679,1.048568,-1.432274,4.775384,1.260798,-1.197817,4.745434,1.140522,-0.830290,4.770847,0.467289,-0.712868,4.603417,0.804848,-0.514069,4.745539,0.615614,-0.135147,4.760533,0.137052,-0.498384,4.706468,0.458030,0.334510,4.422138,0.209648,0.118165,4.435834
1691,0.388608,-1.061117,4.404966,0.428187,-1.325343,4.198618,0.515275,-1.521003,4.297586,1.058684,-1.418398,4.771299,1.272099,-1.172211,4.733931,1.145199,-0.806921,4.756389,0.458714,-0.688329,4.605194,0.790703,-0.490365,4.743706,0.576592,-0.150314,4.783522,0.140545,-0.499983,4.729099,0.440439,0.346801,4.392700,0.171536,0.116952,4.437476
1692,0.385221,-1.045025,4.400449,0.427278,-1.308273,4.213823,0.507681,-1.531596,4.285634,1.057244,-1.446249,4.770271,1.266817,-1.195365,4.744078,1.151072,-0.825224,4.771517,0.468192,-0.732233,4.608664,0.804823,-0.535468,4.748096,0.608756,-0.142522,4.775929,0.145580,-0.464908,4.673779,0.437972,0.326831,4.431899,0.205426,0.158930,4.415084
1693,0.390877,-1.060069,4.397961,0.446899,-1.294716,4.223099,0.510222,-1.514184,4.290113,1.053966,-1.431119,4.765445,1.282465,-1.165160,4.732133,1.138584,-0.810102,4.761710,0.480766,-0.709672,4.609464,0.816246,-0.521627,4.747306,0.610256,-0.178935,4.798460,0.134576,-0.484927,4.673416,0.462439,0.318187,4.451672,0.236568,0.132457,4.429684
1694,0.389781,-1.052332,4.398297,0.450010,-1.267324,4.227187,0.506064,-1.498926,4.288422,1.051693,-1.433120,4.758119,1.276461,-1.158314,4.728673,1.138337,-0.807679,4.751844,0.477185,-0.712978,4.609495,0.815250,-0.529730,4.744810,0.598179,-0.136366,4.771907,0.164492,-0.493922,4.698810,0.445342,0.332760,4.435630,0.219074,0.136762,4.422822
1695,0.407143,-1.052331,4.392131,0.459737,-1.277626,4.224043,0.516505,-1.501955,4.296758,1.055174,-1.423580,4.761343,1.267116,-1.158661,4.736881,1.132790,-0.806616,4.760581,0.486664,-0.698693,4.604198,0.807161,-0.522869,4.742644,0.614180,-0.154381,4.786763,0.160242,-0.498104,4.697209,0.458385,0.320314,4.443768,0.208080,0.155445,4.406572
1696,0.388907,-1.063536,4.388862,0.445690,-1.315094,4.219658,0.509621,-1.522239,4.289155,1.045272,-1.457840,4.768440,1.267917,-1.181970,4.738161,1.140753,-0.823342,4.760046,0.471028,-0.730997,4.603816,0.800119,-0.550270,4.746986,0.615466,-0.151304,4.781470,0.146640,-0.496989,4.671872,0.472071,0.310212,4.440877,0.214926,0.115834,4.481265
1697,0.383004,-1.059160,4.386697,0.455805,-1.278974,4.231500,0.514962,-1.515706,4.297826,1.043154,-1.450056,4.768999,1.291586,-1.186472,4.733403,1.149904,-0.837791,4.766108,0.488309,-0.716854,4.602975,0.795277,-0.538069,4.747065,0.623062,-0.162356,4.789810,0.136966,-0.513744,4.683961,0.449329,0.297179,4.450366,0.211030,0.083978,4.481539
1698,0.379827,-1.042224,4.391036,0.441576,-1.265622,4.232681,0.514502,-1.489005,4.297822,1.042650,-1.438981,4.765304,1.278541,-1.179405,4.739114,1.149282,-0.840306,4.772246,0.478787,-0.688136,4.597059,0.793375,-0.514217,4.739577,0.604400,-0.133494,4.771855,0.141317,-0.497083,4.704361,0.418473,0.294311,4.461143,0.192038,0.090335,4.475186
1699,0.381840,-1.056349,4.397429,0.430072,-1.299416,4.233963,0.510281,-1.518823,4.294694,1.050639,-1.435537,4.762590,1.277532,-1.175227,4.736757,1.149153,-0.848415,4.762853,0.488655,-0.710043,4.603924,0.807666,-0.524035,4.738276,0.624435,-0.106404,4.750903,0.145606,-0.511874,4.679995,0.473307,0.328139,4.433408,0.183073,0.099557,4.470061
1700,0.392779,-1.025554,4.420912,0.463318,-1.227782,4.241571,0.525096,-1.506825,4.299105,1.043484,-1.435032,4.767967,1.274003,-1.183246,4.744165,1.140998,-0.842673,4.767900,0.503292,-0.689614,4.600146,0.817666,-0.526584,4.742601,0.630491,-0.123219,4.771177,0.137977,-0.510452,4.695368,0.480629,0.329752,4.448736,0.196977,0.120189,4.457587
1701,0.413422,-1.040358,4.407871,0.442798,-1.288208,4.232096,0.520914,-1.521888,4.295490,1.042943,-1.459824,4.776434,1.285626,-1.180576,4.730857,1.152001,-0.819566,4.751426,0.486265,-0.730972,4.598390,0.809818,-0.548535,4.743852,0.609912,-0.161958,4.785228,0.142300,-0.487974,4.653055,0.461911,0.304657,4.459690,0.186824,0.110084,4.458158
1702,0.395572,-1.035244,4.413910,0.456788,-1.264800,4.237925,0.516515,-1.505356,4.296850,1.038241,-1.452861,4.767400,1.288626,-1.168209,4.729625,1.146858,-0.828504,4.760346,0.491900,-0.712439,4.591940,0.817106,-0.526955,4.737699,0.626036,-0.140023,4.775636,0.161930,-0.486550,4.679688,0.485128,0.326300,4.443962,0.202367,0.139593,4.450400
1703,0.389697,-1.046586,4.397539,0.442798,-1.253632,4.243870,0.515196,-1.511343,4.294944,1.044650,-1.439412,4.767175,1.297296,-1.164269,4.721632,1.148312,-0.805320,4.745818,0.490178,-0.717228,4.591620,0.813937,-0.524892,4.736241,0.629883,-0.163397,4.786027,0.143840,-0.507720,4.647755,0.468256,0.294460,4.463013,0.187955,0.100232,4.466663
1704,0.384466,-1.034695,4.388112,0.433665,-1.245977,4.238645,0.506687,-1.502807,4.294501,1.045529,-1.454510,4.769642,1.276343,-1.188452,4.740498,1.149733,-0.820569,4.760646,0.475952,-0.692441,4.608122,0.810059,-0.522258,4.742593,0.638567,-0.173589,4.791141,0.133032,-0.518620,4.702980,0.464370,0.317804,4.442580,0.177265,0.143245,4.441458
1705,0.382574,-1.044459,4.404264,0.433098,-1.263436,4.225394,0.509734,-1.500272,4.294913,1.056735,-1.423747,4.761363,1.256362,-1.165567,4.741226,1.141328,-0.811663,4.762478,0.454981,-0.701952,4.608891,0.794546,-0.520275,4.749990,0.611143,-0.143996,4.779415,0.148093,-0.486061,4.699817,0.441715,0.294109,4.447613,0.221689,0.120909,4.444266
1706,0.409311,-1.040615,4.397964,0.448581,-1.288635,4.222943,0.516204,-1.514225,4.292620,1.057042,-1.436956,4.765204,1.270102,-1.177683,4.735598,1.146847,-0.816154,4.759183,0.472541,-0.713164,4.611964,0.818829,-0.521951,4.749207,0.600127,-0.195182,4.807465,0.148810,-0.506735,4.677639,0.443238,0.320149,4.441795,0.212078,0.136032,4.432076
1707,0.394140,-1.084799,4.393696,0.438231,-1.338116,4.208652,0.520685,-1.512694,4.300809,1.048425,-1.424341,4.766045,1.269539,-1.176996,4.739653,1.133716,-0.818839,4.771612,0.473581,-0.693493,4.612545,0.802525,-0.497362,4.739851,0.578239,-0.209133,4.811969,0.135302,-0.487401,4.715806,0.458611,0.321285,4.438451,0.231262,0.135417,4.430882
1708,0.386937,-1.057806,4.393942,0.446630,-1.293851,4.228871,0.527911,-1.504442,4.293931,1.044267,-1.433529,4.770151,1.256683,-1.202668,4.747878,1.147407,-0.844103,4.769394,0.480204,-0.686796,4.603920,0.801701,-0.502035,4.744308,0.609342,-0.083584,4.745621,0.112574,-0.494946,4.707648,0.488914,0.380773,4.400931,0.200995,0.105627,4.449312
1709,0.390315,-1.031861,4.396194,0.442011,-1.278702,4.221052,0.506297,-1.507264,4.282863,1.046815,-1.421481,4.767557,1.266953,-1.171749,4.730196,1.146852,-0.806941,4.756853,0.476822,-0.672078,4.602730,0.803358,-0.481941,4.742153,0.596299,-0.108405,4.752748,0.120262,-0.499324,4.704777,0.435854,0.342484,4.421246,0.187874,0.127007,4.445005
1710,0.383223,-1.031468,4.397456,0.455443,-1.263577,4.225934,0.517247,-1.511011,4.294728,1.052604,-1.429623,4.770474,1.268077,-1.166830,4.740216,1.147733,-0.812701,4.764849,0.480039,-0.695479,4.617710,0.805273,-0.497846,4.747638,0.622896,-0.004263,4.696879,0.101773,-0.475822,4.738832,0.478229,0.385594,4.379580,0.189388,0.092333,4.464227
1711,0.384299,-1.048216,4.395777,0.446823,-1.292123,4.215599,0.512855,-1.515848,4.292336,1.059162,-1.421769,4.770254,1.277313,-1.177649,4.736747,1.153018,-0.821002,4.763459,0.478449,-0.699345,4.613868,0.794474,-0.506199,4.749162,0.603177,-0.018781,4.708235,0.130506,-0.487792,4.724762,0.481438,0.379736,4.394887,0.227732,0.142025,4.426952
1712,0.381764,-1.032628,4.391398,0.429072,-1.279522,4.215916,0.511086,-1.504470,4.286556,1.050884,-1.429042,4.768341,1.249614,-1.208477,4.740695,1.143469,-0.829100,4.759610,0.465087,-0.688954,4.607415,0.798731,-0.494612,4.743500,0.628257,-0.081274,4.739087,0.124023,-0.505010,4.707592,0.442357,0.356531,4.409445,0.195762,0.121622,4.434902
1713,0.379695,-1.069172,4.392468,0.415750,-1.317924,4.215144,0.507611,-1.517876,4.294171,1.064400,-1.423978,4.765540,1.254599,-1.178079,4.735277,1.145220,-0.826850,4.760314,0.470119,-0.703555,4.604390,0.805763,-0.498042,4.737677,0.619209,-0.049002,4.722568,0.146851,-0.480618,4.716434,0.435229,0.360258,4.385543,0.203596,0.118280,4.503257
1714,0.375718,-1.038635,4.399647,0.440143,-1.291796,4.232353,0.515770,-1.504102,4.291716,1.059651,-1.417782,4.756747,1.287865,-1.155740,4.717204,1.151102,-0.822947,4.755311,0.486345,-0.681742,4.603516,0.820033,-0.482371,4.727948,0.615461,-0.066450,4.735457,0.145051,-0.497710,4.722401,0.461070,0.392256,4.389308,0.250306,0.172844,4.419790
1715,0.378793,-1.036251,4.398675,0.448121,-1.277750,4.238450,0.501703,-1.509533,4.294719,1.059375,-1.436585,4.757309,1.292033,-1.170768,4.714797,1.146638,-0.820435,4.753234,0.472825,-0.674519,4.596797,0.803013,-0.480803,4.729854,0.619355,-0.069453,4.735577,0.149342,-0.513137,4.713609,0.464708,0.364609,4.397909,0.219617,0.115175,4.424203
1716,0.372187,-1.028882,4.391521,0.441221,-1.267992,4.219478,0.510401,-1.498866,4.296713,1.054481,-1.440675,4.767555,1.275638,-1.168983,4.731400,1.151967,-0.816213,4.758860,0.463660,-0.702183,4.601554,0.799544,-0.506715,4.739042,0.618975,-0.146846,4.777280,0.157216,-0.503180,4.705061,0.443491,0.319736,4.425410,0.157904,0.094411,4.480514
1717,0.370713,-1.045583,4.397546,0.438655,-1.287159,4.225302,0.508959,-1.497773,4.295366,1.058567,-1.434733,4.769442,1.285570,-1.149446,4.718870,1.147144,-0.800135,4.756167,0.473390,-0.691165,4.605395,0.806350,-0.504859,4.740901,0.607561,-0.137350,4.771527,0.118510,-0.502404,4.692750,0.435798,0.329917,4.413073,0.200757,0.088723,4.487690
1718,0.376307,-1.052551,4.400490,0.434423,-1.302933,4.225000,0.506010,-1.490461,4.297637,1.056903,-1.426291,4.764690,1.281150,-1.163543,4.728986,1.146248,-0.813121,4.760324,0.473693,-0.694596,4.600634,0.808244,-0.500197,4.732764,0.606452,-0.167621,4.790160,0.137743,-0.495788,4.670072,0.455344,0.318512,4.438285,0.237179,0.123521,4.443253
1719,0.364901,-1.073199,4.399617,0.425624,-1.319146,4.229903,0.510401,-1.507923,4.297763,1.056613,-1.427951,4.764239,1.263651,-1.168653,4.735487,1.139382,-0.840306,4.768458,0.476310,-0.696905,4.600944,0.799529,-0.509984,4.737132,0.606694,-0.115497,4.760485,0.122438,-0.497449,4.680390,0.444015,0.326092,4.422911,0.203592,0.094349,4.471550
1720,0.350219,-1.052114,4.395535,0.420792,-1.250984,4.239634,0.511812,-1.485558,4.294667,1.066061,-1.416800,4.765525,1.251451,-1.143889,4.736956,1.136822,-0.836983,4.768290,0.479270,-0.684314,4.603828,0.815651,-0.506970,4.732658,0.648505,-0.170560,4.793293,0.151116,-0.497656,4.704312,0.481318,0.326068,4.433274,0.198509,0.142496,4.431898
1721,0.375842,-1.064298,4.385847,0.425002,-1.301564,4.236005,0.504502,-1.508922,4.291728,1.058724,-1.431810,4.759521,1.268360,-1.166112,4.738506,1.150698,-0.852465,4.772213,0.474054,-0.706322,4.599568,0.801399,-0.518362,4.730956,0.653762,-0.126245,4.759978,0.151744,-0.482492,4.688414,0.493302,0.352086,4.410988,0.178030,0.086183,4.478779
1722,0.373778,-1.050367,4.402054,0.427898,-1.281331,4.242363,0.508962,-1.492393,4.294262,1.051436,-1.449672,4.768196,1.268228,-1.177569,4.732372,1.144127,-0.824735,4.766505,0.481506,-0.694859,4.598207,0.807384,-0.527207,4.735568,0.635107,-0.126199,4.762628,0.147815,-0.499476,4.703767,0.487264,0.340060,4.425498,0.200148,0.126915,4.456493
1723,0.358373,-1.054010,4.400843,0.416475,-1.285707,4.232670,0.508350,-1.483881,4.290249,1.051320,-1.425645,4.757626,1.253640,-1.166080,4.740144,1.135856,-0.829075,4.765933,0.485945,-0.686373,4.591255,0.813952,-0.516083,4.730164,0.638892,-0.150674,4.772719,0.153603,-0.500942,4.687218,0.500192,0.281159,4.476661,0.184927,0.108658,4.470822
1724,0.369632,-1.046040,4.395294,0.413972,-1.269903,4.235800,0.505860,-1.488213,4.290950,1.038507,-1.448674,4.767784,1.268161,-1.184208,4.734191,1.134245,-0.824810,4.761489,0.482366,-0.689900,4.593394,0.805930,-0.521214,4.735087,0.636928,-0.154342,4.778866,0.156456,-0.495421,4.699040,0.491112,0.325906,4.437875,0.192233,0.118868,4.452949
1725,0.357593,-1.060044,4.406368,0.420320,-1.275424,4.232924,0.499055,-1.496395,4.290148,1.047279,-1.432862,4.761469,1.267348,-1.190961,4.738197,1.137773,-0.853647,4.774397,0.493009,-0.703071,4.602912,0.819877,-0.517051,4.733568,0.650333,-0.061495,4.728043,0.136176,-0.490762,4.683955,0.461432,0.324788,4.441900,0.192585,0.088587,4.473772
1726,0.362669,-1.047391,4.403802,0.420578,-1.273385,4.240706,0.504515,-1.493282,4.297403,1.039545,-1.452895,4.776470,1.289140,-1.177581,4.728085,1.141670,-0.838236,4.767597,0.481100,-0.704645,4.596888,0.809693,-0.532334,4.740043,0.638795,-0.088665,4.741626,0.125580,-0.485953,4.678474,0.497079,0.357736,4.412228,0.176981,0.112111,4.473719
1727,0.386023,-1.070338,4.404299,0.443322,-1.305530,4.237543,0.511240,-1.492179,4.296279,1.031071,-1.443583,4.767326,1.261670,-1.204466,4.739233,1.139612,-0.861309,4.771155,0.488396,-0.699656,4.599881,0.808190,-0.537166,4.738693,0.632388,-0.139143,4.768221,0.142475,-0.508597,4.655779,0.493466,0.329311,4.432209,0.180111,0.094525,4.462864
1728,0.359826,-1.045463,4.398285,0.431920,-1.262180,4.233618,0.504619,-1.465044,4.296030,1.026914,-1.451807,4.766637,1.261420,-1.203277,4.739934,1.139575,-0.860676,4.776844,0.463558,-0.689158,4.606532,0.792370,-0.532550,4.740547,0.626667,-0.146356,4.772718,0.148022,-0.512845,4.704811,0.457924,0.310104,4.435665,0.211443,0.096457,4.470932
1729,0.380807,-1.051917,4.394516,0.467303,-1.265213,4.234943,0.513317,-1.482570,4.292781,1.034984,-1.444322,4.776173,1.262533,-1.189924,4.741680,1.135018,-0.841115,4.771254,0.488838,-0.678572,4.604875,0.797114,-0.522891,4.745812,0.592561,-0.130294,4.769616,0.142227,-0.484224,4.666831,0.453322,0.327663,4.452973,0.224251,0.131466,4.426216
1730,0.382459,-1.051786,4.393933,0.464187,-1.286173,4.236781,0.513588,-1.485128,4.296216,1.044631,-1.428898,4.773115,1.261116,-1.176256,4.730536,1.143890,-0.826748,4.755372,0.484056,-0.668262,4.614020,0.816915,-0.502846,4.744185,0.595663,-0.124262,4.767214,0.133877,-0.490617,4.694509,0.478613,0.376742,4.410633,0.231468,0.161970,4.418125
1731,0.382677,-1.049353,4.399292,0.436343,-1.286533,4.223814,0.496925,-1.488780,4.279310,1.041176,-1.439151,4.758887,1.252439,-1.186429,4.729506,1.136933,-0.823044,4.753236,0.490272,-0.670486,4.609510,0.816576,-0.488422,4.742373,0.611627,-0.014097,4.699269,0.133881,-0.487654,4.670064,0.495869,0.428528,4.369496,0.227292,0.155693,4.408381
1732,0.370128,-1.024097,4.393245,0.447772,-1.237959,4.235125,0.483880,-1.494899,4.286823,1.052240,-1.447427,4.772579,1.241413,-1.157645,4.740060,1.125550,-0.818971,4.763688,0.467809,-0.674633,4.617117,0.813469,-0.502575,4.755030,0.653994,-0.132451,4.777109,0.121728,-0.474607,4.672270,0.510920,0.385015,4.394303,0.206520,0.133988,4.422521
1733,0.371905,-1.041976,4.398656,0.448487,-1.257892,4.219709,0.495625,-1.487401,4.287563,1.035209,-1.439115,4.772482,1.254217,-1.168217,4.736339,1.131366,-0.827871,4.768310,0.457515,-0.671144,4.620060,0.789251,-0.475936,4.745926,0.656378,0.059422,4.655269,0.121050,-0.479683,4.719049,0.475484,0.440573,4.310989,0.190245,0.128806,4.447745
1734,0.378329,-1.026945,4.384908,0.445495,-1.231729,4.211424,0.504977,-1.463902,4.285487,1.025185,-1.440759,4.773575,1.252253,-1.177121,4.729475,1.151016,-0.836106,4.762609,0.484676,-0.645042,4.619631,0.799206,-0.477123,4.754485,0.615915,0.045256,4.669978,0.104334,-0.470550,4.711491,0.483174,0.469448,4.285963,0.172372,0.110806,4.448698
1735,0.363037,-1.032704,4.387434,0.481545,-1.167299,4.233828,0.500756,-1.460219,4.287866,1.033889,-1.438716,4.773550,1.250027,-1.141966,4.726166,1.143198,-0.810653,4.760941,0.487033,-0.624636,4.614009,0.797520,-0.445788,4.741139,0.624506,0.064896,4.657515,0.129526,-0.468383,4.701231,0.516826,0.441562,4.312441,0.198665,0.137414,4.432554
1736,0.367676,-1.027161,4.383670,0.473117,-1.165704,4.237562,0.506885,-1.456952,4.287317,1.025350,-1.451277,4.769506,1.227020,-1.160050,4.729482,1.146730,-0.835255,4.761850,0.493717,-0.640539,4.611547,0.806165,-0.471946,4.745599,0.628141,0.005286,4.694834,0.097283,-0.483467,4.712058,0.520753,0.456119,4.309659,0.189669,0.179478,4.411812
1737,0.349304,-0.999485,4.384486,0.433618,-1.176040,4.230343,0.490544,-1.437046,4.289027,1.027482,-1.453783,4.777115,1.253754,-1.145150,4.722281,1.137365,-0.825764,4.762094,0.464033,-0.626924,4.616516,0.788053,-0.449402,4.746450,0.638488,0.052473,4.652316,0.128414,-0.464148,4.711881,0.482991,0.434522,4.297061,0.180690,0.151903,4.445518
1738,0.345243,-1.019284,4.393529,0.432898,-1.177027,4.234187,0.493021,-1.449186,4.286728,1.025906,-1.448562,4.777005,1.236122,-1.163470,4.732755,1.131464,-0.815895,4.764757,0.479982,-0.639688,4.617934,0.815674,-0.472810,4.751738,0.608934,-0.022505,4.711020,0.121377,-0.482444,4.686325,0.514646,0.466417,4.319026,0.219748,0.111124,4.441068
1739,0.354459,-0.991140,4.406962,0.450198,-1.129030,4.243525,0.493191,-1.442498,4.289868,1.029668,-1.466420,4.767991,1.243318,-1.136831,4.727310,1.138875,-0.797841,4.756344,0.486422,-0.639998,4.622049,0.832925,-0.471772,4.748995,0.635179,-0.034370,4.716797,0.143362,-0.495479,4.738511,0.543272,0.500711,4.290859,0.218363,0.143269,4.431793
1740,0.380961,-0.992811,4.393491,0.486412,-1.143420,4.241268,0.503092,-1.445394,4.291293,1.028470,-1.463232,4.765738,1.258440,-1.148200,4.721905,1.135586,-0.798498,4.751123,0.503461,-0.646890,4.614344,0.825630,-0.493707,4.749476,0.664119,-0.034753,4.713723,0.115356,-0.501102,4.703108,0.552138,0.471356,4.332109,0.206397,0.150286,4.437461
1741,0.367147,-1.046209,4.413600,0.458452,-1.218225,4.231094,0.504456,-1.464194,4.290176,1.016743,-1.465362,4.770997,1.267074,-1.155579,4.729887,1.141550,-0.795574,4.766114,0.472361,-0.663009,4.619832,0.791843,-0.474825,4.749915,0.620644,-0.040345,4.716940,0.129096,-0.501743,4.698111,0.493227,0.415396,4.352524,0.211508,0.110155,4.455766
1742,0.362590,-1.011272,4.408454,0.455660,-1.197384,4.234582,0.493442,-1.462833,4.285421,1.021052,-1.469536,4.767377,1.254825,-1.153272,4.734006,1.143279,-0.791111,4.762267,0.471969,-0.659645,4.619777,0.799764,-0.481128,4.746872,0.644696,0.005543,4.689822,0.138345,-0.490394,4.706511,0.515122,0.465412,4.303186,0.202830,0.145415,4.432189
1743,0.352024,-1.009315,4.408192,0.428678,-1.197909,4.230988,0.489482,-1.463189,4.281968,1.021596,-1.481474,4.768381,1.238141,-1.155676,4.736916,1.137295,-0.815689,4.764911,0.478631,-0.660258,4.616238,0.813583,-0.497830,4.754790,0.681662,-0.031309,4.707627,0.134660,-0.519607,4.700678,0.547220,0.489611,4.304102,0.238494,0.149728,4.423248
1744,0.344068,-1.046069,4.405884,0.444848,-1.215172,4.235753,0.484692,-1.470028,4.282028,1.021113,-1.501993,4.768453,1.268633,-1.166986,4.725083,1.133639,-0.801614,4.761513,0.477618,-0.682117,4.611912,0.824387,-0.540610,4.757504,0.685737,-0.136033,4.766976,0.126211,-0.518097,4.703677,0.579028,0.474862,4.333666,0.226806,0.144214,4.442464
1745,0.347348,-1.015537,4.406435,0.428755,-1.189155,4.254481,0.483989,-1.457652,4.287573,1.025270,-1.486620,4.770148,1.257203,-1.156846,4.728930,1.129622,-0.803987,4.760873,0.474452,-0.662848,4.603794,0.827652,-0.509589,4.745839,0.699685,-0.101340,4.737554,0.137917,-0.517226,4.687616,0.557623,0.438320,4.339393,0.224802,0.181849,4.414038
1746,0.356699,-0.998522,4.406218,0.446547,-1.169638,4.230598,0.493455,-1.456558,4.286037,1.017113,-1.488284,4.761487,1.244543,-1.161618,4.736588,1.132037,-0.800999,4.766119,0.471513,-0.658194,4.606032,0.803592,-0.499016,4.746706,0.614770,-0.063396,4.726818,0.147737,-0.532453,4.691867,0.501425,0.417654,4.355727,0.235233,0.140246,4.407868
1747,0.356188,-1.022241,4.394257,0.442014,-1.216328,4.234068,0.488530,-1.455367,4.283090,1.024517,-1.480017,4.766457,1.250371,-1.153734,4.737842,1.132684,-0.795407,4.770807,0.479321,-0.650170,4.609609,0.817739,-0.489709,4.744320,0.640850,-0.104071,4.754862,0.133664,-0.520595,4.709527,0.500401,0.420136,4.354756,0.200756,0.137519,4.434988
1748,0.368995,-1.008948,4.395798,0.460765,-1.227434,4.227679,0.479125,-1.474935,4.281737,1.000960,-1.508162,4.775913,1.260601,-1.160141,4.731011,1.137374,-0.784075,4.765141,0.478083,-0.658295,4.614013,0.806246,-0.502908,4.757869,0.641815,-0.074277,4.738795,0.127101,-0.498088,4.705088,0.537965,0.490438,4.312383,0.215145,0.178663,4.409808
1749,0.378407,-0.996622,4.400716,0.484158,-1.166541,4.237045,0.491666,-1.449111,4.283909,1.005324,-1.505794,4.775017,1.249189,-1.151357,4.732114,1.132249,-0.782423,4.766258,0.480916,-0.652987,4.621028,0.807504,-0.494329,4.758889,0.637549,-0.101391,4.752363,0.134696,-0.531086,4.720887,0.570501,0.462897,4.334493,0.209530,0.156023,4.423526
1750,0.367284,-1.016816,4.399602,0.477754,-1.188662,4.241459,0.493336,-1.453259,4.283002,1.005497,-1.501180,4.769995,1.255737,-1.154741,4.724295,1.138662,-0.805842,4.762898,0.486167,-0.650863,4.615920,0.809380,-0.478379,4.748826,0.630056,-0.003799,4.689903,0.137559,-0.483242,4.735239,0.514457,0.433183,4.338743,0.181883,0.107119,4.461059
1751,0.371095,-1.023697,4.396801,0.483880,-1.198341,4.239566,0.488993,-1.452125,4.285830,1.012749,-1.497291,4.782085,1.242968,-1.141823,4.727990,1.134552,-0.798279,4.762809,0.491559,-0.642961,4.614689,0.811283,-0.480230,4.747260,0.618156,-0.008908,4.694657,0.165156,-0.505734,4.752747,0.518040,0.462347,4.295653,0.205260,0.110459,4.463105
1752,0.379995,-0.972467,4.393640,0.482499,-1.153248,4.240311,0.493156,-1.432207,4.283593,1.006019,-1.506965,4.783156,1.240688,-1.157348,4.738869,1.136149,-0.777232,4.765630,0.499193,-0.623478,4.601916,0.816044,-0.464226,4.735343,0.638453,-0.008564,4.695986,0.128231,-0.509499,4.712221,0.538770,0.478094,4.286042,0.199197,0.155935,4.419614
1753,0.372450,-0.979370,4.396515,0.467026,-1.197836,4.239931,0.496300,-1.431703,4.283506,1.005602,-1.503382,4.782655,1.247879,-1.151719,4.731360,1.140855,-0.771994,4.752896,0.485503,-0.624302,4.607026,0.808937,-0.474716,4.748553,0.657302,0.005090,4.688684,0.106944,-0.460697,4.720160,0.502988,0.462041,4.294368,0.188168,0.149188,4.430906
1754,0.357985,-0.984849,4.388725,0.463156,-1.218795,4.231851,0.495078,-1.437418,4.286353,1.006235,-1.493556,4.785179,1.240335,-1.155102,4.729744,1.130619,-0.781794,4.757522,0.485782,-0.638920,4.614116,0.817977,-0.482765,4.748342,0.670666,-0.041869,4.712664,0.150853,-0.468242,4.750030,0.509951,0.465879,4.303823,0.216456,0.184535,4.418080
1755,0.377864,-0.985331,4.394228,0.474125,-1.195670,4.236250,0.492059,-1.433525,4.284748,1.006034,-1.501813,4.786424,1.245485,-1.150187,4.728084,1.133202,-0.781385,4.760580,0.491629,-0.631858,4.614301,0.814538,-0.475537,4.746954,0.641350,-0.076315,4.740296,0.149689,-0.460306,4.723740,0.549238,0.485611,4.306414,0.202516,0.143533,4.431290
1756,0.378288,-0.978740,4.383311,0.467173,-1.201368,4.223890,0.486773,-1.440986,4.276025,1.012928,-1.487096,4.787546,1.251125,-1.126642,4.726113,1.136423,-0.778907,4.758021,0.472230,-0.633368,4.612618,0.798458,-0.458558,4.748245,0.656025,0.029280,4.671391,0.151900,-0.472831,4.717065,0.492544,0.417967,4.333880,0.183061,0.114264,4.470669
1757,0.356157,-1.008587,4.394393,0.455190,-1.203791,4.232749,0.491742,-1.437364,4.278246,1.010105,-1.481517,4.782413,1.255537,-1.130481,4.723975,1.134267,-0.773503,4.755599,0.482053,-0.640460,4.608948,0.814168,-0.476537,4.744280,0.644030,-0.009766,4.699042,0.122752,-0.493333,4.718159,0.522577,0.499402,4.273212,0.199761,0.150732,4.431031
1758,0.354615,-0.983080,4.388858,0.472907,-1.173596,4.240724,0.493607,-1.430462,4.285473,1.002495,-1.474886,4.782221,1.254246,-1.145144,4.727031,1.134041,-0.810292,4.759453,0.480517,-0.633653,4.613842,0.795153,-0.467915,4.745823,0.626039,-0.046612,4.722953,0.102367,-0.477099,4.717876,0.497775,0.424473,4.338573,0.172771,0.103932,4.455808
1759,0.356276,-1.031064,4.392634,0.444136,-1.222355,4.227797,0.476455,-1.444193,4.276737,1.002773,-1.486617,4.793740,1.259847,-1.144178,4.728289,1.127904,-0.781244,4.760734,0.465076,-0.653120,4.612106,0.785450,-0.477837,4.755260,0.604658,-0.062136,4.734437,0.131032,-0.485416,4.703875,0.468746,0.386030,4.391255,0.182037,0.096707,4.459254
1760,0.357928,-1.027366,4.390394,0.452384,-1.224403,4.229201,0.483119,-1.450739,4.284665,1.000004,-1.483350,4.805301,1.259703,-1.162681,4.732684,1.139079,-0.797889,4.759843,0.456432,-0.643922,4.615431,0.778270,-0.469200,4.757563,0.631276,0.021860,4.673162,0.119970,-0.458945,4.720183,0.481150,0.408601,4.339037,0.167278,0.089105,4.482511
1761,0.353830,-0.990292,4.400599,0.460563,-1.190128,4.248023,0.480744,-1.425391,4.286222,0.987963,-1.504893,4.788314,1.242971,-1.159055,4.734605,1.142179,-0.778750,4.756966,0.481965,-0.640762,4.613937,0.803795,-0.488519,4.754841,0.620688,-0.098302,4.748640,0.126465,-0.514009,4.711755,0.517728,0.453510,4.318775,0.197719,0.114079,4.455758
1762,0.371607,-0.933003,4.399626,0.486176,-1.160535,4.251650,0.494218,-1.417866,4.288541,0.996446,-1.485522,4.798639,1.243022,-1.154148,4.740427,1.130434,-0.774890,4.765108,0.504303,-0.625216,4.603476,0.819859,-0.473309,4.743618,0.616193,-0.083249,4.743600,0.118929,-0.507153,4.708927,0.462559,0.382981,4.366717,0.196798,0.136031,4.460923
1763,0.341976,-0.979478,4.390801,0.456660,-1.199489,4.254299,0.491853,-1.392088,4.282654,0.997447,-1.492743,4.812846,1.241613,-1.152245,4.738084,1.142705,-0.769008,4.752905,0.493914,-0.625426,4.591505,0.813844,-0.476210,4.741746,0.643548,-0.044938,4.717666,0.137562,-0.486569,4.661024,0.519561,0.498465,4.303814,0.218107,0.146435,4.428693
1764,0.317071,-0.971980,4.392738,0.426025,-1.181253,4.242269,0.480800,-1.392997,4.282676,0.998965,-1.483677,4.803957,1.228461,-1.146738,4.735655,1.134243,-0.774252,4.758339,0.474216,-0.638303,4.602636,0.808462,-0.472523,4.741690,0.644261,-0.050548,4.725276,0.141497,-0.510460,4.692519,0.509239,0.455901,4.323493,0.206632,0.149271,4.422930
1765,0.328763,-0.974210,4.391332,0.417370,-1.169279,4.245786,0.471201,-1.392082,4.287563,0.993610,-1.482399,4.796140,1.239919,-1.134507,4.734610,1.138898,-0.760557,4.751152,0.465527,-0.654684,4.605330,0.803922,-0.494579,4.749486,0.651772,-0.096388,4.744296,0.137643,-0.508284,4.685035,0.500283,0.442226,4.343626,0.207195,0.142982,4.438955
1766,0.321722,-0.997402,4.398769,0.428496,-1.189701,4.248126,0.475069,-1.389169,4.277479,0.992828,-1.489218,4.810241,1.248559,-1.168505,4.746400,1.132008,-0.790884,4.764497,0.466404,-0.630575,4.608686,0.797477,-0.462449,4.747768,0.639574,-0.109455,4.759152,0.140308,-0.501175,4.685452,0.466254,0.386902,4.383390,0.187884,0.130932,4.439772
1767,0.321637,-0.955128,4.394777,0.430005,-1.120807,4.258957,0.473359,-1.379887,4.284213,0.993017,-1.499320,4.817916,1.241482,-1.116832,4.739512,1.131658,-0.748499,4.754740,0.474215,-0.646035,4.615860,0.796816,-0.487319,4.760732,0.644123,-0.044503,4.722512,0.139055,-0.467397,4.657345,0.514827,0.467843,4.318879,0.193479,0.140224,4.431735
1768,0.325830,-0.988450,4.397600,0.454122,-1.166067,4.254035,0.473609,-1.416299,4.278983,0.992845,-1.504861,4.811446,1.235104,-1.131583,4.745481,1.129022,-0.775505,4.763800,0.470060,-0.657908,4.616720,0.797498,-0.487885,4.760423,0.641989,-0.071212,4.739401,0.144241,-0.518008,4.702965,0.520821,0.462539,4.323080,0.211255,0.150335,4.427895
1769,0.335074,-0.981467,4.394496,0.461606,-1.150969,4.248049,0.477756,-1.403838,4.290115,0.988359,-1.508293,4.822476,1.229200,-1.144497,4.756284,1.130727,-0.783774,4.768881,0.471867,-0.659337,4.614984,0.794378,-0.495390,4.760685,0.629046,-0.060765,4.729021,0.138800,-0.483797,4.672963,0.549801,0.479894,4.313890,0.206698,0.153447,4.436246
1770,0.332458,-0.973072,4.408125,0.473446,-1.155741,4.265089,0.481819,-1.401561,4.277071,0.998947,-1.493811,4.809722,1.248523,-1.115559,4.753449,1.131253,-0.769184,4.772465,0.482067,-0.634633,4.611651,0.802366,-0.472891,4.753832,0.625565,-0.040691,4.722292,0.119985,-0.464114,4.692655,0.542586,0.461257,4.312903,0.181451,0.147476,4.427742
1771,0.336647,-0.961832,4.395126,0.452630,-1.145011,4.254077,0.484579,-1.387711,4.275483,1.002929,-1.482328,4.810952,1.238771,-1.106670,4.741662,1.128752,-0.761473,4.761828,0.487569,-0.655671,4.603789,0.802093,-0.497920,4.754856,0.640909,-0.048759,4.724092,0.111333,-0.474590,4.696345,0.564090,0.517566,4.280804,0.173809,0.156484,4.432552
1772,0.343801,-0.976188,4.390708,0.461408,-1.158994,4.254146,0.481302,-1.406149,4.281731,1.001574,-1.505923,4.816272,1.244278,-1.099298,4.741363,1.144022,-0.745712,4.752213,0.485779,-0.652419,4.604430,0.810658,-0.491107,4.750629,0.620825,-0.077399,4.743223,0.119621,-0.462905,4.678558,0.531753,0.464537,4.312145,0.187967,0.149266,4.438194
1773,0.345851,-0.951128,4.403488,0.467598,-1.144069,4.279222,0.476786,-1.393775,4.284999,0.990041,-1.524404,4.821685,1.236200,-1.111436,4.745777,1.138450,-0.757689,4.759683,0.477764,-0.657678,4.620525,0.800057,-0.496016,4.762218,0.675651,-0.020275,4.707683,0.139187,-0.496720,4.674985,0.546552,0.508490,4.283068,0.198388,0.131264,4.439429
1774,0.346453,-0.942161,4.403656,0.459056,-1.154255,4.274008,0.480265,-1.391950,4.270436,1.001358,-1.502396,4.811250,1.249695,-1.084295,4.740317,1.139897,-0.749260,4.763155,0.488860,-0.656307,4.598146,0.809435,-0.499258,4.753086,0.677360,0.018121,4.681533,0.127412,-0.480867,4.756004,0.492342,0.445258,4.312345,0.182700,0.126523,4.446872
1775,0.323970,-0.958920,4.395547,0.438927,-1.121815,4.271602,0.480482,-1.391245,4.273019,1.002388,-1.527784,4.814691,1.251772,-1.106697,4.742841,1.152299,-0.751699,4.760005,0.485196,-0.669888,4.612559,0.804674,-0.508196,4.767755,0.641045,-0.055835,4.725658,0.137127,-0.472019,4.662245,0.555084,0.538903,4.246327,0.181554,0.141952,4.435417
1776,0.365350,-0.936208,4.397336,0.470348,-1.129884,4.277461,0.487985,-1.406117,4.271434,1.006246,-1.538295,4.818863,1.254812,-1.101954,4.745965,1.149741,-0.769669,4.764608,0.487872,-0.668634,4.609123,0.796210,-0.517249,4.768699,0.627526,-0.111198,4.760631,0.107919,-0.472597,4.680252,0.533867,0.476842,4.317173,0.185782,0.168337,4.414496
1777,0.352116,-0.968556,4.418136,0.462048,-1.167832,4.277885,0.489773,-1.427914,4.265490,1.007177,-1.548199,4.812356,1.248418,-1.107534,4.754349,1.139616,-0.773769,4.762454,0.484056,-0.677659,4.614423,0.802176,-0.526729,4.774134,0.636186,-0.071818,4.739745,0.106574,-0.453687,4.687364,0.516557,0.444736,4.326233,0.174743,0.145267,4.434752
1778,0.367651,-0.942007,4.419994,0.438826,-1.126979,4.272492,0.483384,-1.426334,4.265463,1.013219,-1.564395,4.826847,1.237125,-1.113117,4.762005,1.157649,-0.766095,4.760919,0.473618,-0.687925,4.617918,0.793654,-0.520423,4.769941,0.638060,-0.056670,4.731448,0.122932,-0.479811,4.722164,0.524841,0.465978,4.283755,0.166185,0.132584,4.468351
1779,0.373537,-0.982399,4.420140,0.477295,-1.125852,4.272098,0.479103,-1.463761,4.270625,1.009504,-1.571607,4.809295,1.239293,-1.107461,4.760195,1.147403,-0.767935,4.771641,0.475110,-0.700913,4.627989,0.787867,-0.533289,4.774107,0.627478,-0.060126,4.735190,0.124571,-0.472048,4.744441,0.533436,0.474110,4.277131,0.166929,0.138200,4.447485
1780,0.349056,-0.999117,4.430416,0.446194,-1.188185,4.276988,0.473985,-1.446972,4.268069,1.013994,-1.561603,4.819646,1.232151,-1.108694,4.756586,1.149874,-0.765516,4.768317,0.476695,-0.685488,4.616462,0.794960,-0.516870,4.772748,0.655501,0.005888,4.692844,0.152259,-0.441364,4.723477,0.517378,0.465778,4.283007,0.166990,0.137121,4.440852
1781,0.356206,-0.992190,4.420335,0.453279,-1.169271,4.286779,0.478763,-1.442815,4.259116,1.025353,-1.562546,4.820396,1.241317,-1.113467,4.765302,1.142856,-0.771224,4.771601,0.483733,-0.702710,4.624739,0.804002,-0.539984,4.775191,0.641044,-0.087966,4.753581,0.149707,-0.446073,4.727859,0.499072,0.459850,4.284125,0.169836,0.131675,4.445777
1782,0.388185,-1.002451,4.410977,0.481618,-1.198606,4.273135,0.485366,-1.471600,4.253255,1.022861,-1.570712,4.822092,1.240428,-1.092657,4.765894,1.146833,-0.745807,4.765733,0.500957,-0.705305,4.612683,0.811832,-0.547352,4.772867,0.635792,-0.049719,4.731134,0.163269,-0.466473,4.709851,0.501909,0.462262,4.307764,0.171274,0.146477,4.430108
1783,0.359034,-1.014194,4.412456,0.448178,-1.178205,4.274822,0.471167,-1.468966,4.256525,1.020957,-1.574046,4.815444,1.242561,-1.108301,4.772159,1.146768,-0.774918,4.774808,0.489054,-0.705044,4.625311,0.808004,-0.551058,4.775692,0.640785,-0.034314,4.720686,0.142910,-0.471090,4.751212,0.536261,0.472714,4.291807,0.158625,0.130926,4.450325
1784,0.360438,-0.989385,4.401028,0.462673,-1.159839,4.273350,0.472833,-1.471793,4.251981,1.017482,-1.590575,4.817604,1.228521,-1.110143,4.757488,1.145113,-0.761714,4.761345,0.499783,-0.719929,4.626743,0.823028,-0.565632,4.788568,0.647852,-0.084368,4.744454,0.151500,-0.473680,4.748559,0.513222,0.455955,4.305984,0.174844,0.148883,4.439414
1785,0.379820,-0.977861,4.423965,0.478719,-1.132527,4.279037,0.489256,-1.443494,4.260619,1.017137,-1.590207,4.819237,1.217247,-1.114705,4.775570,1.149057,-0.788054,4.775016,0.501313,-0.701694,4.624190,0.816653,-0.554050,4.782845,0.662385,-0.031173,4.720936,0.123950,-0.453991,4.726688,0.539803,0.475601,4.282044,0.153225,0.116052,4.478671
1786,0.324378,-1.008444,4.407446,0.416770,-1.163331,4.282232,0.484133,-1.486771,4.251489,1.031422,-1.583005,4.823545,1.242066,-1.092132,4.768116,1.154154,-0.723195,4.765232,0.491981,-0.712346,4.626693,0.817704,-0.546776,4.775294,0.677720,-0.057583,4.730546,0.119762,-0.457084,4.702257,0.538981,0.473934,4.279154,0.141472,0.148211,4.436119
1787,0.368744,-0.981297,4.418053,0.422482,-1.125314,4.277651,0.483766,-1.501584,4.254290,1.040272,-1.593272,4.821181,1.243874,-1.081485,4.767112,1.153979,-0.707641,4.759474,0.491946,-0.726862,4.631851,0.818026,-0.563369,4.782305,0.692544,-0.083039,4.747468,0.108550,-0.454514,4.697710,0.504956,0.439592,4.312002,0.138346,0.133910,4.429651
1788,0.342452,-0.988446,4.409156,0.413299,-1.096905,4.283140,0.477750,-1.493749,4.253947,1.032573,-1.620728,4.821898,1.239108,-1.099385,4.771664,1.157618,-0.756209,4.767387,0.494228,-0.723104,4.632858,0.817752,-0.557741,4.780640,0.691460,-0.011494,4.705800,0.115241,-0.449774,4.716335,0.538711,0.480263,4.257842,0.130712,0.121832,4.454957
1789,0.350551,-1.061184,4.410936,0.441037,-1.179106,4.281408,0.505440,-1.499446,4.244401,1.040019,-1.599670,4.797681,1.238278,-1.103667,4.769117,1.162863,-0.766081,4.763767,0.504212,-0.719641,4.631550,0.826675,-0.551677,4.780326,0.654582,-0.023953,4.713778,0.125042,-0.458509,4.737439,0.501702,0.460743,4.263461,0.162827,0.139586,4.455187
1790,0.339960,-0.998062,4.420376,0.445768,-1.128506,4.275646,0.493821,-1.504087,4.240949,1.032840,-1.632417,4.801331,1.230544,-1.107714,4.775621,1.152249,-0.741466,4.766086,0.503857,-0.732091,4.636098,0.832348,-0.573004,4.788437,0.655097,-0.039367,4.720634,0.154946,-0.484540,4.773273,0.463759,0.441904,4.299194,0.187872,0.139064,4.466451
1791,0.329139,-1.014571,4.410320,0.417855,-1.125284,4.295250,0.494527,-1.539173,4.237464,1.042816,-1.639656,4.803491,1.227135,-1.104918,4.775171,1.143898,-0.739129,4.766443,0.481546,-0.735322,4.635346,0.808681,-0.560679,4.781925,0.652111,-0.060867,4.737875,0.152767,-0.475732,4.790115,0.500215,0.425883,4.312144,0.163228,0.129981,4.476620
1792,0.362111,-1.074551,4.411265,0.480906,-1.195186,4.303617,0.525983,-1.524776,4.224609,1.050780,-1.624799,4.777725,1.212865,-1.114621,4.780624,1.151402,-0.757361,4.764607,0.504445,-0.716941,4.631617,0.837306,-0.559414,4.780542,0.701800,0.008067,4.690324,0.175903,-0.485367,4.795327,0.503444,0.429906,4.300697,0.165327,0.108670,4.502175
1793,0.357003,-1.131763,4.419347,0.466341,-1.204275,4.295150,0.540918,-1.515017,4.241762,1.039167,-1.637351,4.788856,1.211427,-1.095465,4.777970,1.141399,-0.755858,4.766762,0.486411,-0.718698,4.635123,0.803309,-0.542403,4.783344,0.655781,0.013133,4.688652,0.173257,-0.450272,4.759590,0.460511,0.405652,4.319450,0.153882,0.092552,4.517435
1794,0.323246,-1.023122,4.423397,0.396482,-1.147983,4.295382,0.504012,-1.516395,4.232730,1.049654,-1.647069,4.788377,1.219126,-1.098462,4.767894,1.149758,-0.743766,4.763841,0.466908,-0.684934,4.632820,0.812703,-0.516651,4.775392,0.666655,0.054957,4.668092,0.158222,-0.304186,4.702158,0.502522,0.443431,4.271512,0.151440,0.133361,4.496862
1795,0.356909,-1.004096,4.418700,0.476793,-1.160340,4.295293,0.538495,-1.518655,4.240868,1.039467,-1.669553,4.786225,1.198896,-1.096159,4.770704,1.154162,-0.750679,4.761346,0.476093,-0.692454,4.623014,0.814227,-0.524165,4.769399,0.673533,0.071886,4.651279,0.142958,-0.367176,4.727041,0.487086,0.426375,4.277670,0.150313,0.144033,4.469596
1796,0.382784,-1.323149,4.422074,0.451902,-1.206662,4.274217,0.543330,-1.534500,4.216319,1.039794,-1.672744,4.774342,1.188276,-1.084946,4.765749,1.135892,-0.756339,4.763825,0.466624,-0.705027,4.616606,0.810233,-0.535253,4.770595,0.688050,0.032291,4.675125,0.153318,-0.374456,4.738967,0.474012,0.417373,4.301423,0.126418,0.106085,4.512490
1797,0.378947,-1.086563,4.430023,0.458463,-1.145124,4.283840,0.537571,-1.547356,4.216399,1.035917,-1.677239,4.777762,1.179673,-1.088274,4.767762,1.131966,-0.747596,4.764706,0.468516,-0.711488,4.615969,0.799497,-0.538338,4.774600,0.652856,0.039247,4.668988,0.140338,-0.369046,4.721686,0.473477,0.385102,4.338392,0.132355,0.104827,4.509552
1798,0.356413,-1.095386,4.425215,0.463127,-1.186444,4.283247,0.535974,-1.573340,4.218483,1.044943,-1.670070,4.787010,1.162818,-1.093425,4.773755,1.134196,-0.744432,4.770168,0.466781,-0.732083,4.623820,0.792336,-0.565593,4.781668,0.656112,-0.033947,4.714008,0.150083,-0.376727,4.725755,0.416689,0.347736,4.380281,0.141122,0.110808,4.500297
1799,0.367262,-0.972897,4.437482,0.468853,-1.116088,4.298475,0.554743,-1.546805,4.224931,1.048718,-1.625693,4.778011,1.128209,-1.068743,4.794925,1.130033,-0.750467,4.781897,0.470435,-0.719516,4.612991,0.781166,-0.568268,4.781218,0.652173,-0.014135,4.701139,0.179447,-0.331077,4.694635,0.415621,0.338461,4.390839,0.137122,0.115272,4.482550
1800,0.475612,-0.916317,4.441348,0.566987,-1.065459,4.293855,0.634125,-1.492792,4.196197,1.057583,-1.609783,4.748095,1.115631,-1.098519,4.789247,1.120217,-0.780436,4.780908,0.492454,-0.749942,4.587234,0.776237,-0.604231,4.766651,0.665386,-0.095536,4.747210,0.171882,-0.374102,4.695827,0.444045,0.327622,4.429592,0.151565,0.108008,4.454943
1801,0.396924,-0.956909,4.438532,0.482516,-1.150253,4.287292,0.597392,-1.535120,4.185660,1.067956,-1.622090,4.755772,1.121213,-1.107367,4.806275,1.117551,-0.770291,4.785441,0.462970,-0.761532,4.594731,0.791403,-0.585137,4.763298,0.654301,-0.047206,4.724452,0.181513,-0.350872,4.681606,0.492040,0.287534,4.469737,0.151068,0.129383,4.435936
1802,0.380510,-0.923981,4.417240,0.467584,-1.124384,4.295543,0.620910,-1.499611,4.206011,1.072205,-1.577900,4.756691,1.141627,-1.081375,4.781405,1.120183,-0.769711,4.774101,0.477348,-0.776667,4.593371,0.803779,-0.608228,4.762291,0.645966,-0.093786,4.753763,0.195061,-0.415973,4.713083,0.411665,0.281174,4.471404,0.145279,0.100498,4.464071
1803,0.355717,-0.966416,4.426917,0.425691,-1.196337,4.297401,0.551472,-1.592233,4.189044,1.081513,-1.585419,4.752365,1.138151,-1.086831,4.783825,1.115615,-0.775216,4.782189,0.472554,-0.787138,4.591667,0.812280,-0.634876,4.769043,0.657341,-0.120427,4.769152,0.186187,-0.395501,4.684307,0.485501,0.280234,4.470267,0.155164,0.116351,4.430353
1804,0.345063,-1.006512,4.423893,0.408469,-1.190918,4.284654,0.592405,-1.535905,4.180030,1.074954,-1.588917,4.738943,1.119943,-1.095603,4.776163,1.120253,-0.768304,4.772355,0.456432,-0.794045,4.586683,0.804047,-0.612697,4.757318,0.674022,-0.076388,4.741980,0.156696,-0.419612,4.698391,0.430321,0.326745,4.416183,0.152527,0.122355,4.437662
1805,0.382082,-0.961763,4.434176,0.491519,-1.118708,4.299250,0.610646,-1.555347,4.183114,1.070674,-1.574399,4.751204,1.122462,-1.089008,4.785253,1.116957,-0.774291,4.778244,0.470405,-0.793137,4.594444,0.811755,-0.611168,4.758391,0.710741,-0.056489,4.727597,0.172048,-0.404595,4.694627,0.419696,0.296564,4.429926,0.151655,0.107720,4.466069
1806,0.365405,-0.996404,4.424491,0.446635,-1.186464,4.279185,0.611150,-1.523110,4.192677,1.063435,-1.624213,4.737095,1.125017,-1.127313,4.792082,1.126944,-0.795789,4.786387,0.481333,-0.786809,4.597713,0.802477,-0.639290,4.762398,0.664199,-0.095291,4.750123,0.182998,-0.392416,4.703253,0.374158,0.259842,4.489374,0.168718,0.127518,4.427470
1807,nan,nan,nan,nan,nan,nan,nan,nan,nan,nan,nan,nan,nan,nan,nan,nan,nan,nan,nan,nan,nan,nan,nan,nan,nan,nan,nan,nan,nan,nan,nan,nan,nan,nan,nan,nan
1808,0.424137,-0.912210,4.552073,0.594415,-1.074955,4.370304,0.644826,-1.476236,4.251804,1.107481,-1.508071,4.790338,1.113854,-1.122089,4.882021,1.167969,-0.709649,4.834794,0.483097,-0.742967,4.684236,0.850795,-0.615111,4.887689,0.666981,-0.122788,4.770147,0.171238,-0.447335,4.738384,0.464010,0.293800,4.433493,0.120848,0.100204,4.473391
1809,0.495764,-1.023566,4.468097,0.582113,-1.141448,4.318564,0.699595,-1.509215,4.230105,1.165135,-1.494604,4.756638,1.184124,-1.017815,4.858711,1.183950,-0.747537,4.814430,0.554251,-0.755441,4.607111,0.845557,-0.615437,4.771549,0.716770,-0.182779,4.786405,0.214652,-0.417662,4.684885,0.517862,0.277822,4.470207,0.165001,0.121259,4.428841
1810,nan,nan,nan,nan,nan,nan,nan,nan,nan,nan,nan,nan,nan,nan,nan,nan,nan,nan,nan,nan,nan,nan,nan,nan,nan,nan,nan,nan,nan,nan,nan,nan,nan,nan,nan,nan
1811,0.379625,-0.924610,4.524193,0.564886,-1.043493,4.338850,0.647784,-1.470810,4.223220,1.107895,-1.522983,4.791344,1.137691,-1.137272,4.915936,1.165407,-0.732608,4.896072,0.464562,-0.768813,4.726067,0.846372,-0.653132,4.945891,0.704829,-0.161648,4.797601,0.181780,-0.409928,4.696382,0.451315,0.275750,4.451320,0.113913,0.096065,4.463154
1812,0.434437,-0.962934,4.471957,0.550636,-1.196482,4.311808,0.683585,-1.587661,4.221898,1.129036,-1.639846,4.825519,1.153999,-1.097602,4.834115,1.157442,-0.772196,4.806540,0.537143,-0.772703,4.611062,0.843973,-0.637041,4.787634,0.704869,-0.118300,4.759225,0.223764,-0.374193,4.648554,0.431648,0.291202,4.459593,0.212467,0.177326,4.426655
1813,0.427255,-1.015270,4.467834,0.604357,-1.126182,4.335579,0.723529,-1.474679,4.226040,1.062484,-1.610385,4.760471,1.112109,-1.112835,4.814326,1.123526,-0.764709,4.800165,0.504394,-0.750067,4.593571,0.752597,-0.616396,4.776192,0.571051,-0.178894,4.793453,0.186718,-0.392746,4.671080,0.345039,0.238865,4.511417,0.190389,0.133728,4.460011
1814,0.405032,-1.040750,4.441324,0.558297,-1.137146,4.292278,0.685342,-1.486460,4.204025,1.058324,-1.627954,4.766659,1.075948,-1.181823,4.827783,1.112521,-0.791817,4.797823,0.477080,-0.760650,4.584699,0.766453,-0.639483,4.776234,0.571693,-0.162004,4.784983,0.193374,-0.381046,4.681922,0.360121,0.294364,4.450807,0.182958,0.170288,4.413227
1815,0.425038,-1.041939,4.423813,0.565507,-1.139437,4.285175,0.665814,-1.507033,4.209013,1.074467,-1.622372,4.771376,1.082406,-1.131798,4.816908,1.100972,-0.840766,4.803357,0.476765,-0.784189,4.587841,0.791639,-0.642131,4.772148,0.636307,-0.140620,4.780907,0.159795,-0.423712,4.685772,0.456935,0.321490,4.434208,0.179364,0.137608,4.427268
1816,0.407497,-1.031702,4.422951,0.541052,-1.184375,4.278821,0.654898,-1.561738,4.179376,1.065189,-1.664854,4.755162,1.072520,-1.161435,4.799385,1.097554,-0.822067,4.791100,0.475026,-0.779995,4.592639,0.760383,-0.662429,4.784159,0.619195,-0.094803,4.756400,0.164717,-0.373475,4.675488,0.353753,0.249715,4.516057,0.159866,0.102777,4.439806
1817,0.620121,-0.934311,4.429174,0.607681,-1.139968,4.292287,0.732954,-1.464464,4.216821,1.024468,-1.629704,4.766919,1.033266,-1.183644,4.810857,1.085888,-0.820124,4.792059,0.541092,-0.685031,4.576765,0.739345,-0.651004,4.782191,0.555429,-0.171869,4.789754,0.196645,-0.366348,4.666574,0.307856,0.220883,4.538112,0.180540,0.131874,4.408966
1818,0.556531,-0.991703,4.417915,0.533371,-1.109293,4.286686,0.633328,-1.528646,4.176188,1.048286,-1.599938,4.745677,1.059723,-1.138287,4.806553,1.101543,-0.794926,4.792788,0.476649,-0.766534,4.595295,0.761828,-0.644774,4.794051,0.601227,-0.124384,4.770085,0.157342,-0.409147,4.689903,0.347473,0.242037,4.515284,0.163907,0.117908,4.442137
1819,nan,nan,nan,nan,nan,nan,nan,nan,nan,nan,nan,nan,nan,nan,nan,nan,nan,nan,nan,nan,nan,nan,nan,nan,nan,nan,nan,nan,nan,nan,nan,nan,nan,nan,nan,nan
1820,0.359235,-0.932120,4.467890,0.413134,-1.040218,4.295866,0.478320,-1.526008,4.367703,1.010335,-1.662303,4.946050,1.123181,-1.104818,4.843826,1.143105,-0.739978,4.789404,0.443638,-0.733980,4.673140,0.784444,-0.600549,4.833478,0.687742,-0.179305,4.791060,0.153276,-0.522888,4.720257,0.559496,0.355941,4.434796,0.119120,0.068760,4.509533
1821,0.374055,-1.131070,4.417426,0.419168,-1.279249,4.263240,0.466907,-1.500403,4.336187,1.008809,-1.581476,4.891102,1.268491,-1.113380,4.747956,1.168324,-0.785447,4.765979,0.453473,-0.662235,4.669627,0.784377,-0.471890,4.796925,0.630474,0.017090,4.684849,0.108424,-0.497720,4.770685,0.492586,0.392989,4.364717,0.152299,0.124914,4.494048
1822,0.336905,-1.050909,4.426820,0.435102,-1.226717,4.269356,0.477725,-1.449813,4.309000,1.024753,-1.462271,4.839544,1.290397,-1.112353,4.724471,1.170369,-0.789118,4.772277,0.473408,-0.665645,4.628551,0.805451,-0.432600,4.751650,0.621033,0.033618,4.682398,0.097789,-0.504343,4.750402,0.624761,0.650962,4.215144,0.185661,0.169163,4.451849
1823,0.343528,-1.035876,4.391125,0.462687,-1.134387,4.253657,0.515791,-1.367150,4.307956,1.018599,-1.335444,4.797863,1.337547,-1.125206,4.708947,1.169615,-0.781702,4.763320,0.508224,-0.602762,4.622840,0.825131,-0.381661,4.725235,0.625468,0.007352,4.690609,0.102760,-0.514383,4.764678,0.559935,0.385398,4.374722,0.164821,0.140519,4.471185
1824,0.345943,-1.063717,4.392251,0.444050,-1.183079,4.248697,0.503887,-1.396907,4.294687,1.019608,-1.337936,4.784887,1.342196,-1.177370,4.696151,1.164506,-0.808946,4.761126,0.487772,-0.682212,4.618450,0.807919,-0.433195,4.729319,0.630818,0.058764,4.658687,0.117344,-0.502641,4.702864,0.573982,0.491110,4.280630,0.163462,0.126357,4.448617
1825,0.364465,-1.075143,4.403934,0.472374,-1.274739,4.231652,0.513416,-1.405476,4.297769,1.011325,-1.330779,4.789071,1.329506,-1.176812,4.706500,1.144285,-0.799585,4.759212,0.498610,-0.694527,4.600055,0.799096,-0.462794,4.727067,0.585162,-0.017350,4.706066,0.102494,-0.525767,4.672153,0.505326,0.420136,4.359241,0.180397,0.096947,4.484649
1826,0.371502,-1.106761,4.406039,0.496529,-1.252346,4.224558,0.547431,-1.380255,4.306597,1.002191,-1.377675,4.793086,1.303361,-1.165260,4.721264,1.154437,-0.848949,4.776893,0.479823,-0.660079,4.586870,0.789415,-0.470891,4.721286,0.623470,-0.087176,4.744208,0.112469,-0.514133,4.643792,0.506972,0.401862,4.355072,0.170563,0.109279,4.456507
1827,0.391716,-1.083355,4.410958,0.492329,-1.244859,4.253242,0.546797,-1.399727,4.302843,1.009789,-1.403643,4.770892,1.277980,-1.163581,4.718616,1.146588,-0.839238,4.759406,0.480849,-0.671595,4.586248,0.783896,-0.486224,4.714954,0.631260,-0.137762,4.765563,0.122493,-0.505733,4.679015,0.514282,0.362551,4.403579,0.169737,0.053879,4.504432
1828,0.396938,-1.040139,4.399323,0.495503,-1.194393,4.246089,0.541559,-1.367592,4.299820,1.015107,-1.371761,4.767287,1.263758,-1.161706,4.717698,1.142972,-0.841169,4.758327,0.488577,-0.677211,4.581096,0.788357,-0.498479,4.718172,0.661662,-0.183406,4.792485,0.114962,-0.527539,4.641666,0.465467,0.260086,4.491337,0.150833,0.024761,4.483092
1829,0.358630,-1.058887,4.383510,0.435240,-1.268372,4.228721,0.517554,-1.438859,4.296696,1.020125,-1.375650,4.762945,1.250734,-1.133587,4.708125,1.136538,-0.858203,4.761562,0.473060,-0.715420,4.588855,0.786570,-0.520451,4.726075,0.636663,-0.100851,4.751845,0.098601,-0.501757,4.642621,0.497086,0.343157,4.417994,0.140600,0.059619,4.481412
1830,0.356291,-1.076093,4.400997,0.434807,-1.275827,4.237831,0.522578,-1.421552,4.292661,1.038241,-1.368262,4.762568,1.256702,-1.151609,4.722332,1.136891,-0.841572,4.761655,0.489760,-0.698921,4.585819,0.802819,-0.505463,4.718542,0.647588,-0.052470,4.719135,0.113349,-0.492808,4.665414,0.503133,0.352603,4.404081,0.142392,0.055150,4.454666
1831,0.347051,-1.035162,4.376914,0.439657,-1.231289,4.245293,0.509082,-1.451687,4.292736,1.024787,-1.381761,4.734725,1.244679,-1.144770,4.695446,1.131940,-0.825931,4.751556,0.475061,-0.732065,4.598684,0.788698,-0.528946,4.726733,0.634721,-0.051568,4.716990,0.122005,-0.492466,4.698713,0.478962,0.319742,4.430943,0.160840,0.040881,4.507097
1832,0.353722,-1.118220,4.397528,0.428109,-1.299602,4.232478,0.517151,-1.444567,4.294244,1.036976,-1.404375,4.738542,1.237679,-1.154672,4.706961,1.135354,-0.845249,4.758949,0.487911,-0.700438,4.591179,0.801458,-0.519140,4.723461,0.622644,-0.123139,4.756992,0.127747,-0.498199,4.653464,0.493864,0.383349,4.374805,0.165733,0.080508,4.452557
1833,0.363110,-1.077525,4.372259,0.427179,-1.279227,4.228099,0.526554,-1.460021,4.287506,1.037989,-1.410577,4.741696,1.229641,-1.155417,4.698924,1.132753,-0.833516,4.750968,0.483879,-0.735581,4.598495,0.801928,-0.531708,4.727778,0.606852,-0.123438,4.764020,0.127247,-0.496219,4.704381,0.499746,0.353012,4.407948,0.142225,0.065283,4.486934
1834,0.366433,-1.055689,4.382401,0.432932,-1.294347,4.248535,0.526598,-1.476840,4.303972,1.047545,-1.403095,4.729297,1.230598,-1.137601,4.703295,1.137781,-0.817615,4.751428,0.487525,-0.728560,4.588360,0.799678,-0.529486,4.721946,0.647842,-0.060903,4.720785,0.121250,-0.489112,4.676002,0.483545,0.391128,4.364275,0.169227,0.123309,4.453739
1835,0.374307,-1.118672,4.391306,0.450385,-1.317432,4.236943,0.564033,-1.487122,4.304265,1.052171,-1.357749,4.720173,1.234252,-1.132271,4.707514,1.132296,-0.841739,4.752068,0.512243,-0.734192,4.589641,0.802879,-0.529969,4.715097,0.627722,-0.096155,4.738712,0.138335,-0.483626,4.683737,0.481620,0.347584,4.412389,0.173679,0.077904,4.487503
1836,0.380008,-1.058041,4.385905,0.452744,-1.241709,4.247479,0.546497,-1.460791,4.310366,1.061925,-1.364942,4.718672,1.228302,-1.122115,4.698438,1.134801,-0.810870,4.746748,0.495707,-0.732024,4.598916,0.793972,-0.538375,4.720706,0.624714,-0.169386,4.780064,0.139993,-0.491072,4.706012,0.461795,0.242474,4.503428,0.178697,0.060881,4.499074
1837,0.373144,-1.036799,4.385723,0.462269,-1.239522,4.244264,0.549670,-1.469476,4.303569,1.077320,-1.364342,4.715043,1.255595,-1.075790,4.683648,1.142363,-0.816363,4.742337,0.490319,-0.715499,4.589223,0.807769,-0.516357,4.714285,0.639264,-0.035460,4.706887,0.145503,-0.493468,4.701260,0.461627,0.328984,4.412766,0.200219,0.062787,4.498005
1838,0.367578,-1.048454,4.387783,0.435350,-1.237326,4.249032,0.558015,-1.445666,4.322431,1.082899,-1.372232,4.738012,1.241242,-1.092799,4.709469,1.137124,-0.807741,4.747890,0.483675,-0.711449,4.605232,0.791295,-0.520916,4.733949,0.628679,-0.083429,4.737810,0.111775,-0.483359,4.697531,0.445153,0.297369,4.448763,0.161310,0.052774,4.494824
1839,0.380018,-1.040866,4.386733,0.403125,-1.261042,4.237495,0.526850,-1.479558,4.319661,1.096804,-1.347284,4.733757,1.222561,-1.072843,4.712621,1.134258,-0.824724,4.750835,0.448734,-0.714695,4.603155,0.796742,-0.497427,4.729589,0.617020,-0.105069,4.750158,0.135185,-0.495950,4.711305,0.471668,0.285916,4.446233,0.189699,0.108469,4.450322
1840,0.372345,-1.047258,4.380826,0.425351,-1.240944,4.249014,0.541345,-1.496358,4.314408,1.098232,-1.369006,4.730128,1.226704,-1.083914,4.713601,1.138616,-0.850957,4.753908,0.473618,-0.723999,4.593702,0.793104,-0.517610,4.722971,0.669261,-0.059386,4.719068,0.128690,-0.470507,4.703564,0.496960,0.397577,4.359159,0.179350,0.099901,4.444296
1841,0.377539,-1.006760,4.390057,0.442691,-1.186957,4.248986,0.546444,-1.468223,4.314380,1.097789,-1.376738,4.728567,1.221748,-1.064547,4.710783,1.136734,-0.804942,4.752331,0.477365,-0.727917,4.594110,0.791397,-0.537395,4.728416,0.661304,-0.089242,4.732032,0.132496,-0.487002,4.702273,0.471076,0.296247,4.444833,0.154885,0.029507,4.496720
1842,0.394032,-1.015299,4.396458,0.453819,-1.227826,4.251707,0.550798,-1.471812,4.316356,1.104481,-1.359578,4.741745,1.227215,-1.061685,4.716961,1.145689,-0.804365,4.741181,0.470266,-0.706965,4.591004,0.799582,-0.507918,4.721366,0.647929,-0.100273,4.749780,0.127149,-0.511678,4.682246,0.477068,0.332443,4.414320,0.160939,0.039902,4.488910
1843,0.379701,-1.027116,4.399966,0.445693,-1.230364,4.259487,0.548003,-1.464877,4.315055,1.092315,-1.365197,4.737707,1.211522,-1.086247,4.718498,1.126855,-0.843333,4.760653,0.459671,-0.708242,4.597858,0.792155,-0.511696,4.729203,0.669611,-0.043242,4.704479,0.119252,-0.487249,4.703111,0.482982,0.358837,4.386876,0.152787,0.032494,4.499209
1844,0.386643,-1.010623,4.399968,0.453322,-1.226548,4.249285,0.544378,-1.494683,4.311621,1.103623,-1.380628,4.739098,1.224107,-1.064148,4.714518,1.157672,-0.826943,4.745951,0.464316,-0.708671,4.600805,0.796459,-0.511648,4.730206,0.641329,-0.092882,4.740911,0.133082,-0.510312,4.714579,0.458475,0.349984,4.386207,0.167656,0.107655,4.460394
1845,0.378121,-1.026575,4.395107,0.454607,-1.225466,4.251373,0.539732,-1.476030,4.314661,1.094692,-1.370642,4.744769,1.214497,-1.074220,4.718847,1.129245,-0.827765,4.756126,0.459287,-0.707116,4.591681,0.788075,-0.512857,4.729927,0.663919,-0.050994,4.709467,0.140409,-0.486425,4.702125,0.505255,0.419756,4.373247,0.179330,0.061899,4.490355
1846,0.384385,-1.001579,4.391995,0.457501,-1.214409,4.258404,0.536072,-1.480160,4.319124,1.105966,-1.362564,4.741096,1.210920,-1.056771,4.713013,1.151153,-0.820013,4.748325,0.465302,-0.711004,4.585950,0.789680,-0.508959,4.720679,0.630406,-0.063033,4.729281,0.156983,-0.486482,4.697882,0.477396,0.337892,4.411396,0.171056,0.043054,4.484608
1847,0.375942,-1.021493,4.388009,0.466252,-1.232665,4.245943,0.531283,-1.479987,4.309651,1.098839,-1.368783,4.742815,1.221194,-1.082525,4.717056,1.144117,-0.797985,4.745507,0.465941,-0.734181,4.595366,0.785916,-0.531991,4.735055,0.634719,-0.078926,4.735345,0.149073,-0.497261,4.717216,0.456555,0.295180,4.445398,0.141014,0.014511,4.528163
1848,0.365234,-1.048818,4.384210,0.434804,-1.290923,4.234815,0.534266,-1.499456,4.313218,1.105502,-1.337928,4.733134,1.217879,-1.073685,4.714919,1.149085,-0.799985,4.744075,0.464626,-0.722777,4.588981,0.793771,-0.509765,4.720334,0.650901,-0.097824,4.742259,0.155116,-0.505884,4.724545,0.479023,0.351210,4.403737,0.172845,0.030500,4.506577
1849,0.361330,-1.033585,4.387031,0.419405,-1.246716,4.237945,0.525221,-1.484878,4.320522,1.090860,-1.367127,4.747758,1.217457,-1.107059,4.708983,1.128640,-0.844427,4.749386,0.454949,-0.720265,4.594876,0.777581,-0.539991,4.741488,0.641601,-0.097051,4.744842,0.142027,-0.463786,4.698442,0.502427,0.333997,4.430646,0.175894,0.073340,4.463759
1850,0.364252,-1.024419,4.386508,0.422085,-1.275204,4.240785,0.524246,-1.499283,4.325039,1.084892,-1.345077,4.745323,1.206330,-1.084059,4.708251,1.132992,-0.807621,4.751125,0.449924,-0.728181,4.605486,0.781404,-0.534042,4.743168,0.656151,-0.122206,4.755692,0.159471,-0.478638,4.699005,0.485796,0.318728,4.433729,0.179156,0.088209,4.469375
1851,0.365160,-1.015081,4.389518,0.435626,-1.261238,4.241031,0.527326,-1.494365,4.318237,1.088130,-1.364956,4.746716,1.218133,-1.096760,4.716021,1.143834,-0.818631,4.753370,0.466649,-0.708774,4.595425,0.799460,-0.513570,4.726346,0.649318,-0.067059,4.721297,0.136810,-0.493590,4.693466,0.541315,0.428948,4.370840,0.197491,0.060126,4.489945
1852,0.351294,-1.042576,4.383938,0.440470,-1.270895,4.236286,0.515101,-1.493882,4.320648,1.076959,-1.361916,4.746682,1.235827,-1.125330,4.710315,1.133806,-0.820101,4.745680,0.464189,-0.733561,4.598877,0.778361,-0.545000,4.738991,0.630625,-0.113954,4.754608,0.137439,-0.450077,4.699240,0.520615,0.336017,4.437708,0.187919,0.094239,4.450629
1853,0.353164,-1.031260,4.374341,0.421180,-1.292366,4.241523,0.525180,-1.499096,4.325113,1.080079,-1.356628,4.745965,1.237184,-1.112822,4.700976,1.126170,-0.832926,4.756936,0.453221,-0.714429,4.602475,0.774687,-0.525660,4.739247,0.646056,-0.105654,4.741228,0.151678,-0.466568,4.712405,0.528067,0.386054,4.405664,0.188957,0.106552,4.449265
1854,0.354930,-1.028475,4.391585,0.422117,-1.285561,4.237197,0.515468,-1.499351,4.322060,1.073619,-1.373800,4.746994,1.217238,-1.124408,4.715052,1.131667,-0.843053,4.756542,0.456925,-0.713251,4.597836,0.790676,-0.528531,4.730246,0.655252,-0.088166,4.731323,0.154770,-0.477834,4.701334,0.503264,0.319727,4.440766,0.195351,0.053499,4.486272
1855,0.353609,-1.004384,4.384153,0.424968,-1.241825,4.241230,0.513111,-1.476856,4.324371,1.082477,-1.344479,4.740492,1.220815,-1.100822,4.711820,1.136024,-0.820450,4.747483,0.462850,-0.731502,4.599758,0.793266,-0.535497,4.731832,0.634945,-0.088851,4.734832,0.143116,-0.464899,4.699820,0.512008,0.344257,4.426845,0.180829,0.082600,4.450497
1856,0.348747,-0.998525,4.393617,0.422559,-1.218111,4.242289,0.522414,-1.482031,4.324785,1.084369,-1.347357,4.744806,1.204430,-1.127589,4.714396,1.134079,-0.849907,4.756244,0.460905,-0.726889,4.602129,0.781910,-0.528628,4.739185,0.614267,-0.098836,4.744143,0.116311,-0.469642,4.707455,0.487724,0.354693,4.407769,0.167088,0.083492,4.454162
1857,0.366924,-1.022210,4.393076,0.425787,-1.286564,4.248755,0.519622,-1.479862,4.320163,1.082643,-1.337853,4.744159,1.204174,-1.124998,4.718558,1.139968,-0.829874,4.754872,0.458728,-0.692119,4.591978,0.791336,-0.489219,4.720464,0.637363,-0.058826,4.720679,0.164378,-0.473709,4.713552,0.486754,0.371346,4.406137,0.200243,0.088190,4.455114
1858,0.347907,-1.012389,4.392417,0.447795,-1.238743,4.241885,0.519814,-1.492199,4.323242,1.059572,-1.356960,4.753977,1.211946,-1.134300,4.714651,1.138325,-0.809970,4.751531,0.458788,-0.722857,4.604770,0.771471,-0.526242,4.742153,0.608433,-0.074246,4.732396,0.124899,-0.490513,4.711364,0.464254,0.320298,4.428326,0.172250,0.051870,4.477399
1859,0.356627,-1.036268,4.388875,0.417321,-1.298367,4.243039,0.509769,-1.489286,4.323928,1.080688,-1.335878,4.743301,1.199422,-1.125553,4.719526,1.139975,-0.842066,4.755248,0.453635,-0.700581,4.592948,0.785960,-0.499343,4.725451,0.648030,-0.088051,4.737733,0.150043,-0.470092,4.703332,0.488010,0.384151,4.390427,0.196691,0.089367,4.445426
1860,0.352883,-1.054950,4.389272,0.425376,-1.273769,4.249326,0.518461,-1.489046,4.328800,1.077030,-1.354923,4.756259,1.213584,-1.120897,4.722485,1.137459,-0.807554,4.751423,0.466997,-0.738475,4.600735,0.783364,-0.535979,4.739843,0.616212,-0.094271,4.743417,0.159369,-0.465053,4.696627,0.456517,0.314438,4.450218,0.171875,0.072037,4.473970
1861,0.355365,-1.014159,4.394440,0.420866,-1.262663,4.251608,0.510902,-1.492477,4.323393,1.082802,-1.337941,4.751741,1.203902,-1.115173,4.715938,1.142020,-0.829336,4.750044,0.460671,-0.714147,4.603272,0.794225,-0.512217,4.732611,0.645475,-0.143099,4.768459,0.156611,-0.493853,4.695634,0.511806,0.337432,4.415331,0.177604,0.091221,4.460503
1862,0.361651,-1.006066,4.388073,0.430072,-1.241181,4.258306,0.511251,-1.478778,4.316993,1.065645,-1.343789,4.755470,1.198764,-1.138798,4.718048,1.129650,-0.828467,4.758112,0.478515,-0.723401,4.604537,0.792162,-0.534662,4.740161,0.630934,-0.159522,4.780204,0.142017,-0.463128,4.698090,0.490088,0.283155,4.472445,0.180753,0.081405,4.479892
1863,0.363183,-1.027856,4.391258,0.420333,-1.262328,4.267519,0.522150,-1.457374,4.320326,1.077401,-1.350629,4.753969,1.199468,-1.123240,4.720970,1.140521,-0.832478,4.756613,0.474930,-0.697179,4.595958,0.801741,-0.480548,4.720084,0.646520,-0.115944,4.750339,0.156478,-0.500928,4.709098,0.502868,0.357601,4.402796,0.198606,0.111201,4.463724
1864,0.355587,-1.038255,4.388643,0.423405,-1.266569,4.237958,0.504235,-1.499909,4.323482,1.066292,-1.343331,4.758003,1.196881,-1.136091,4.721869,1.136037,-0.837025,4.755311,0.466333,-0.749962,4.605754,0.776126,-0.551089,4.748322,0.664237,-0.116532,4.752751,0.149886,-0.483262,4.694952,0.501825,0.304091,4.444253,0.187846,0.077839,4.480362
1865,0.359144,-1.013352,4.392653,0.417891,-1.251866,4.263155,0.506214,-1.479365,4.321851,1.062121,-1.354147,4.757223,1.202769,-1.134969,4.719486,1.146881,-0.827234,4.750629,0.467242,-0.716526,4.603096,0.793196,-0.512626,4.731640,0.661268,-0.095510,4.743994,0.154248,-0.492725,4.708850,0.507058,0.351651,4.409847,0.194098,0.055319,4.507370
1866,0.364465,-1.004735,4.385371,0.426130,-1.248679,4.256857,0.501841,-1.477664,4.319036,1.061426,-1.361875,4.758409,1.186333,-1.152894,4.722279,1.126309,-0.841053,4.759700,0.471571,-0.723767,4.603951,0.790769,-0.530975,4.736584,0.650862,-0.092322,4.740179,0.151434,-0.485892,4.706147,0.468683,0.281626,4.480499,0.190338,0.069788,4.482537
1867,0.367839,-0.984761,4.398801,0.458740,-1.200071,4.265099,0.527289,-1.485385,4.318860,1.057117,-1.364370,4.766566,1.208363,-1.142733,4.730296,1.143604,-0.818893,4.752096,0.487980,-0.717891,4.593510,0.804427,-0.515500,4.729545,0.658312,-0.066440,4.728525,0.137699,-0.484296,4.687800,0.506605,0.374716,4.390877,0.182567,0.117192,4.448601
1868,0.366003,-1.048606,4.400159,0.422269,-1.301949,4.249195,0.500811,-1.492896,4.315196,1.044263,-1.385755,4.763881,1.206440,-1.176744,4.721102,1.139082,-0.835831,4.749982,0.475185,-0.740136,4.605786,0.789545,-0.550425,4.745654,0.632207,-0.104079,4.746835,0.131382,-0.488307,4.698382,0.468443,0.273073,4.484528,0.214577,0.040435,4.519635
1869,0.369891,-1.032100,4.390249,0.429354,-1.276815,4.248930,0.500963,-1.470643,4.315670,1.048224,-1.346365,4.757153,1.218936,-1.131710,4.712482,1.155683,-0.814013,4.743260,0.469511,-0.722382,4.599958,0.788125,-0.503699,4.727587,0.643946,-0.053750,4.719275,0.149476,-0.489902,4.706799,0.474563,0.352603,4.407076,0.221311,0.101173,4.466915
1870,0.362490,-1.014745,4.388643,0.423675,-1.245533,4.252289,0.498640,-1.474849,4.306024,1.040028,-1.357698,4.761333,1.201270,-1.162891,4.721220,1.125836,-0.847626,4.760209,0.478887,-0.715352,4.600205,0.795460,-0.534667,4.737449,0.640216,-0.071812,4.730807,0.142028,-0.470275,4.697712,0.479660,0.310030,4.464786,0.196435,0.065356,4.477994
1871,0.366968,-1.035370,4.392497,0.430703,-1.274914,4.261915,0.505221,-1.483543,4.311824,1.045492,-1.372336,4.764436,1.217071,-1.142659,4.711867,1.155840,-0.827210,4.750282,0.465696,-0.703935,4.599926,0.792651,-0.496175,4.726920,0.668992,-0.046839,4.708904,0.155815,-0.495768,4.706019,0.489345,0.364073,4.397451,0.172289,0.078271,4.476286
1872,0.352496,-1.023393,4.386405,0.437783,-1.250555,4.255525,0.504491,-1.492007,4.309309,1.019884,-1.395269,4.774864,1.203016,-1.187488,4.722000,1.123887,-0.853019,4.757083,0.469901,-0.746519,4.614536,0.770225,-0.543233,4.753656,0.609470,-0.130359,4.766741,0.151000,-0.468153,4.676706,0.435233,0.290271,4.462757,0.171448,0.083463,4.478278
1873,0.365196,-1.034708,4.391761,0.419487,-1.248741,4.252855,0.498552,-1.472334,4.304332,1.030400,-1.366376,4.765512,1.204190,-1.141801,4.712692,1.144647,-0.828987,4.751044,0.463827,-0.709680,4.603539,0.786845,-0.493766,4.731544,0.631822,-0.101782,4.744585,0.130279,-0.508033,4.701457,0.461265,0.370924,4.394285,0.176440,0.075028,4.481084
1874,0.353436,-1.027987,4.401149,0.441868,-1.287690,4.251620,0.507397,-1.484668,4.320481,1.037465,-1.388703,4.772064,1.240349,-1.160899,4.716155,1.154067,-0.820564,4.750670,0.479997,-0.717769,4.597121,0.800534,-0.518187,4.730701,0.645812,-0.151913,4.775010,0.136322,-0.492159,4.685963,0.497486,0.367087,4.405720,0.198542,0.110159,4.463101
1875,0.366708,-1.050110,4.396508,0.423033,-1.300457,4.248790,0.503000,-1.469907,4.317064,1.016320,-1.392939,4.773132,1.196604,-1.196396,4.727676,1.127369,-0.841180,4.760022,0.466877,-0.713534,4.604935,0.769870,-0.521602,4.743009,0.621901,-0.042277,4.713919,0.142969,-0.473660,4.689070,0.449793,0.288289,4.462430,0.168648,0.036133,4.510006
1876,0.346993,-1.032907,4.386946,0.388722,-1.281311,4.255928,0.487702,-1.458854,4.309494,1.045180,-1.379457,4.771635,1.207465,-1.171759,4.722188,1.140111,-0.824016,4.752401,0.453953,-0.701928,4.597603,0.793362,-0.508908,4.736094,0.671876,-0.041292,4.708839,0.149274,-0.497514,4.674575,0.478979,0.357920,4.402166,0.193333,0.062007,4.501317
1877,0.350255,-1.022021,4.387938,0.398780,-1.282257,4.244964,0.490880,-1.476166,4.314033,1.031431,-1.391150,4.767479,1.226052,-1.166893,4.716060,1.144531,-0.832753,4.754737,0.459244,-0.717600,4.608824,0.784171,-0.526236,4.742185,0.662580,-0.140394,4.767395,0.148947,-0.496965,4.695220,0.486985,0.321376,4.441799,0.183790,0.034407,4.504898
1878,0.369765,-1.038476,4.378080,0.414981,-1.308436,4.254605,0.492715,-1.481885,4.305058,1.028530,-1.379598,4.774860,1.199714,-1.181552,4.725904,1.138393,-0.833880,4.750307,0.475307,-0.722203,4.605924,0.798836,-0.519665,4.739699,0.672446,-0.068891,4.725224,0.139611,-0.494755,4.671017,0.539335,0.398510,4.393069,0.176105,0.120814,4.435006
1879,0.366104,-1.026695,4.396281,0.442380,-1.249979,4.266972,0.510271,-1.469932,4.318104,1.048222,-1.356064,4.772396,1.218979,-1.161312,4.725767,1.147520,-0.801095,4.745044,0.489602,-0.714898,4.601816,0.812055,-0.504177,4.733012,0.639767,-0.006628,4.693886,0.126881,-0.505014,4.691865,0.491619,0.368360,4.401998,0.196899,0.035883,4.520986
1880,0.371631,-1.027857,4.387039,0.425668,-1.285477,4.254908,0.498434,-1.488647,4.313309,1.021594,-1.400107,4.772540,1.196122,-1.155987,4.722531,1.133324,-0.798116,4.746148,0.465160,-0.732877,4.612023,0.785558,-0.525658,4.746363,0.606479,-0.059741,4.725881,0.136449,-0.481867,4.670163,0.455374,0.302416,4.466939,0.181562,0.037738,4.495581
1881,0.376685,-1.020786,4.401888,0.436078,-1.242365,4.269029,0.514833,-1.471041,4.316138,1.037158,-1.358587,4.767705,1.190573,-1.157760,4.732233,1.137226,-0.835094,4.755918,0.488883,-0.706690,4.596988,0.806345,-0.507667,4.732226,0.640957,-0.040673,4.717510,0.136410,-0.486492,4.689859,0.497209,0.395940,4.382186,0.182794,0.102189,4.461626
1882,0.374456,-1.028713,4.404788,0.436678,-1.253644,4.254245,0.510097,-1.501334,4.318088,1.035378,-1.381259,4.774243,1.194916,-1.168401,4.733231,1.126036,-0.844163,4.756317,0.477076,-0.730417,4.591709,0.794149,-0.524965,4.730464,0.634202,-0.067740,4.722329,0.136125,-0.498419,4.681963,0.489678,0.338641,4.424474,0.219100,0.057677,4.509522
1883,0.362569,-1.048838,4.389137,0.426261,-1.305981,4.238335,0.498314,-1.484066,4.302242,1.022321,-1.382147,4.767243,1.217102,-1.161557,4.716841,1.130715,-0.827425,4.751946,0.480865,-0.731560,4.596234,0.784532,-0.551823,4.742666,0.663849,-0.141738,4.764298,0.133334,-0.470307,4.695868,0.503671,0.316538,4.455839,0.206525,0.118909,4.442281
1884,0.360204,-1.015076,4.384243,0.400793,-1.261053,4.262489,0.498505,-1.471368,4.308082,1.040496,-1.362054,4.767368,1.217269,-1.157465,4.718947,1.144618,-0.827312,4.746288,0.478763,-0.691135,4.593015,0.790308,-0.497540,4.729629,0.635061,-0.122654,4.759626,0.148695,-0.483070,4.673557,0.505232,0.332627,4.426910,0.181768,0.095715,4.472895
1885,0.363270,-1.061042,4.402976,0.444307,-1.289929,4.248986,0.521386,-1.491459,4.318403,1.027078,-1.389541,4.782103,1.222998,-1.179411,4.730247,1.138531,-0.837535,4.750280,0.485705,-0.718895,4.590264,0.785921,-0.518760,4.728826,0.613567,-0.129473,4.760561,0.142083,-0.520594,4.673600,0.490063,0.324412,4.434482,0.198503,0.074186,4.492554
1886,0.363963,-1.040248,4.387191,0.417474,-1.290157,4.240254,0.490902,-1.458458,4.305544,1.056435,-1.364622,4.757196,1.188063,-1.151380,4.722570,1.127627,-0.835736,4.757024,0.467948,-0.710047,4.603789,0.787383,-0.530091,4.739441,0.644194,-0.143313,4.771998,0.137428,-0.482316,4.710918,0.486331,0.277039,4.468469,0.197803,0.071866,4.499705
1887,0.362328,-1.030468,4.400537,0.401069,-1.259572,4.256909,0.491948,-1.460499,4.312702,1.054254,-1.348476,4.765060,1.209334,-1.129827,4.722905,1.141908,-0.793163,4.744842,0.479537,-0.687534,4.585452,0.801447,-0.509987,4.726946,0.656852,-0.031393,4.703863,0.148696,-0.477585,4.675009,0.478864,0.364501,4.398818,0.214201,0.081421,4.484495
1888,0.354869,-1.017668,4.388480,0.422584,-1.278741,4.241630,0.491358,-1.467210,4.311528,1.042825,-1.385427,4.757335,1.207853,-1.175289,4.713151,1.138010,-0.815077,4.753434,0.452006,-0.703394,4.610075,0.783532,-0.521214,4.745390,0.642598,-0.126477,4.761889,0.135794,-0.486837,4.717373,0.480529,0.309589,4.457681,0.187242,0.106529,4.463421
1889,0.354286,-1.004120,4.389728,0.434018,-1.188772,4.259435,0.482412,-1.452191,4.304012,1.045218,-1.354094,4.757337,1.204390,-1.133565,4.713875,1.135910,-0.840146,4.750937,0.476237,-0.712306,4.610166,0.804656,-0.507925,4.733671,0.661449,-0.079206,4.734325,0.134780,-0.475331,4.669945,0.543722,0.432029,4.388711,0.186800,0.142404,4.411095
1890,0.370088,-1.033502,4.388080,0.412345,-1.253980,4.263929,0.494149,-1.464422,4.315756,1.037708,-1.346744,4.760559,1.203521,-1.153147,4.724496,1.137619,-0.859801,4.755162,0.485840,-0.695621,4.601257,0.806537,-0.503718,4.731305,0.671881,-0.037337,4.711957,0.132878,-0.484947,4.653402,0.517109,0.377167,4.403710,0.177540,0.102942,4.465022
1891,0.353096,-1.016726,4.401102,0.408476,-1.237735,4.248178,0.488415,-1.478930,4.317361,1.058858,-1.377754,4.768972,1.224851,-1.144609,4.725526,1.147442,-0.812014,4.752307,0.469619,-0.721169,4.601176,0.804330,-0.514652,4.730268,0.666452,-0.043930,4.706575,0.155467,-0.513482,4.692601,0.503074,0.361497,4.401575,0.220598,0.018272,4.527501
1892,0.371773,-1.064688,4.404205,0.436714,-1.299389,4.252543,0.510425,-1.473353,4.324869,1.040273,-1.375114,4.765467,1.213736,-1.175476,4.735698,1.139064,-0.847910,4.764181,0.494789,-0.709786,4.597421,0.800007,-0.523939,4.727472,0.635647,-0.144772,4.768434,0.158398,-0.494605,4.699582,0.509208,0.353544,4.444986,0.253106,0.123636,4.458761
1893,0.362190,-1.039555,4.397827,0.404959,-1.252921,4.256690,0.486263,-1.451216,4.314715,1.048801,-1.360783,4.762257,1.194183,-1.138324,4.724846,1.144259,-0.837650,4.757446,0.478235,-0.737356,4.598631,0.794554,-0.560375,4.738407,0.695166,-0.159753,4.770141,0.147942,-0.507084,4.695247,0.498916,0.249144,4.503441,0.198938,0.014945,4.535165
1894,0.356095,-1.026218,4.398125,0.422737,-1.226500,4.250989,0.489219,-1.456138,4.325128,1.045629,-1.348565,4.759910,1.206823,-1.149278,4.728557,1.146273,-0.812986,4.750525,0.480528,-0.706442,4.595574,0.797204,-0.521032,4.729558,0.653623,-0.193685,4.785968,0.141918,-0.494835,4.667296,0.509782,0.290994,4.466156,0.210216,0.080962,4.474385
1895,0.357360,-1.031063,4.388873,0.422129,-1.250325,4.252234,0.484570,-1.450368,4.301368,1.055265,-1.365293,4.759151,1.206213,-1.144836,4.713314,1.126052,-0.834086,4.752968,0.477050,-0.717353,4.598100,0.797509,-0.533691,4.734345,0.654364,-0.144886,4.766799,0.139759,-0.478825,4.684258,0.497142,0.300711,4.465603,0.193056,0.090830,4.466329
1896,0.360886,-0.997451,4.394834,0.451202,-1.173442,4.262826,0.487707,-1.433888,4.302588,1.047310,-1.355055,4.751750,1.203554,-1.153548,4.711036,1.142472,-0.823146,4.750373,0.461562,-0.682735,4.599322,0.787284,-0.475223,4.721765,0.597224,-0.116966,4.758044,0.141189,-0.503944,4.709113,0.456098,0.375166,4.416816,0.174996,0.092360,4.454409
1897,0.355929,-1.018765,4.387466,0.409003,-1.260329,4.253841,0.481516,-1.466118,4.315430,1.059375,-1.347832,4.757392,1.188929,-1.136855,4.719171,1.142461,-0.794407,4.748308,0.460669,-0.705718,4.601948,0.801669,-0.494138,4.725669,0.638926,-0.144253,4.772870,0.165024,-0.487623,4.686460,0.488823,0.360166,4.401309,0.171452,0.123009,4.446570
1898,0.355652,-1.036622,4.395422,0.401378,-1.264820,4.251518,0.475987,-1.464509,4.314963,1.053005,-1.370500,4.759454,1.200365,-1.153018,4.724422,1.146568,-0.811873,4.745865,0.453934,-0.687877,4.595869,0.786562,-0.499555,4.726188,0.646571,-0.030496,4.702986,0.157650,-0.489672,4.694264,0.483935,0.372441,4.390930,0.201043,0.011596,4.536855
1899,0.352433,-1.034044,4.395745,0.425040,-1.246088,4.249619,0.489532,-1.456330,4.298010,1.053899,-1.362533,4.759385,1.206650,-1.166475,4.721154,1.135255,-0.833778,4.753685,0.476837,-0.725974,4.599675,0.794563,-0.533314,4.733233,0.616890,-0.106076,4.753170,0.155733,-0.477223,4.688185,0.463126,0.303742,4.476549,0.207198,0.072178,4.467494
1900,0.354420,-1.017580,4.396235,0.413688,-1.225917,4.246602,0.479232,-1.439327,4.305294,1.048532,-1.365383,4.750674,1.212118,-1.151684,4.721249,1.151828,-0.816526,4.746653,0.458546,-0.673407,4.599594,0.791477,-0.486765,4.732116,0.637026,-0.069806,4.729274,0.140720,-0.492246,4.695719,0.486928,0.369400,4.407053,0.179185,0.081700,4.478081
1901,0.362724,-1.015874,4.397320,0.424184,-1.219421,4.267823,0.482312,-1.447851,4.311474,1.042757,-1.348052,4.750030,1.192332,-1.146240,4.722210,1.142263,-0.819063,4.745481,0.481366,-0.681928,4.593697,0.811718,-0.495799,4.722002,0.650824,-0.102136,4.756791,0.131219,-0.496232,4.657967,0.513359,0.398084,4.398787,0.196361,0.125590,4.441009
1902,0.348667,-1.020718,4.395787,0.389939,-1.241275,4.243312,0.478073,-1.453120,4.314125,1.056903,-1.372415,4.757250,1.217783,-1.136794,4.715058,1.154750,-0.816493,4.749100,0.454155,-0.699423,4.597843,0.793331,-0.509190,4.731942,0.688014,-0.077347,4.732884,0.161697,-0.489220,4.706868,0.501323,0.342127,4.410248,0.179577,0.048767,4.516999
1903,0.365497,-1.049652,4.403645,0.432398,-1.316732,4.240568,0.496972,-1.472556,4.322900,1.044931,-1.370726,4.767100,1.230714,-1.167653,4.725994,1.141752,-0.833299,4.757844,0.485781,-0.708172,4.597446,0.792729,-0.520025,4.730414,0.635461,-0.179888,4.782513,0.135464,-0.489823,4.674743,0.516637,0.303800,4.456216,0.192827,0.111349,4.462479
1904,0.372172,-1.036999,4.401735,0.419285,-1.246719,4.259429,0.488926,-1.454831,4.323575,1.043657,-1.354576,4.764018,1.208139,-1.162097,4.735835,1.137443,-0.838665,4.764445,0.490590,-0.711244,4.597297,0.808193,-0.527050,4.727747,0.661308,-0.192232,4.797689,0.142403,-0.495479,4.632475,0.524276,0.331544,4.454356,0.209683,0.104003,4.454866
1905,0.383006,-1.028780,4.400662,0.448225,-1.231796,4.256975,0.499244,-1.451264,4.303933,1.054328,-1.351617,4.766989,1.212309,-1.141264,4.729690,1.153467,-0.805364,4.752504,0.493811,-0.711335,4.590613,0.808051,-0.532380,4.727666,0.674692,-0.204566,4.793824,0.172619,-0.525656,4.668882,0.517926,0.285478,4.487196,0.244287,0.041991,4.499433
1906,0.379040,-1.012372,4.398422,0.445428,-1.211236,4.253040,0.491166,-1.445472,4.325357,1.046756,-1.370984,4.762120,1.217410,-1.138128,4.713136,1.152538,-0.793415,4.746079,0.479039,-0.738919,4.605675,0.798123,-0.552990,4.740929,0.680103,-0.210220,4.798785,0.160688,-0.537156,4.720942,0.509818,0.233144,4.525948,0.199088,0.001633,4.547533
1907,0.369076,-1.029202,4.397944,0.446245,-1.215846,4.255282,0.485331,-1.448883,4.322393,1.034931,-1.364979,4.763780,1.245476,-1.154453,4.712841,1.141609,-0.820147,4.749533,0.488534,-0.675177,4.597840,0.797231,-0.515635,4.734327,0.660546,-0.186079,4.788987,0.151899,-0.487716,4.686582,0.534439,0.335917,4.433396,0.193363,0.125756,4.449931
1908,0.371291,-1.024146,4.396349,0.450868,-1.231556,4.262967,0.492337,-1.454080,4.320051,1.046148,-1.356852,4.759727,1.208399,-1.166531,4.726225,1.148068,-0.823860,4.752302,0.468631,-0.697804,4.597711,0.791831,-0.490892,4.724197,0.627465,-0.114682,4.753689,0.157070,-0.511613,4.688962,0.469709,0.322871,4.433297,0.187767,0.078478,4.483821
1909,0.370843,-1.028687,4.405692,0.417493,-1.280018,4.254579,0.482626,-1.460106,4.313978,1.051082,-1.382319,4.768760,1.218625,-1.181561,4.729442,1.147786,-0.794594,4.745879,0.476715,-0.689098,4.597510,0.801342,-0.510467,4.730318,0.665003,-0.087457,4.729212,0.160982,-0.485941,4.685651,0.478665,0.317064,4.442713,0.176301,0.088599,4.489336
1910,0.370080,-1.024979,4.397521,0.425450,-1.257603,4.251725,0.488024,-1.455351,4.320694,1.040673,-1.383494,4.764205,1.233132,-1.185206,4.717714,1.146640,-0.824925,4.745985,0.479183,-0.702876,4.593923,0.792408,-0.516835,4.727436,0.629809,-0.155951,4.774039,0.151464,-0.514744,4.670393,0.500688,0.334338,4.435090,0.191728,0.069376,4.493688
1911,0.367339,-1.018977,4.392256,0.432683,-1.236706,4.253816,0.495010,-1.441058,4.308409,1.048072,-1.361304,4.764137,1.197132,-1.169112,4.723933,1.143000,-0.835517,4.751468,0.480338,-0.706330,4.597594,0.793213,-0.517577,4.730393,0.634239,-0.169480,4.780442,0.137302,-0.485265,4.703931,0.469884,0.281668,4.481429,0.170146,0.083243,4.484113
1912,0.354427,-1.031731,4.388883,0.405397,-1.307001,4.234210,0.466269,-1.470212,4.308031,1.035424,-1.397556,4.769525,1.201441,-1.179944,4.728198,1.142006,-0.836417,4.756263,0.449203,-0.710342,4.602096,0.778274,-0.513781,4.729919,0.620540,-0.127969,4.763929,0.167335,-0.513406,4.703973,0.524495,0.315229,4.448863,0.208130,0.088653,4.477928
1913,0.351132,-1.037453,4.384538,0.405890,-1.260370,4.255947,0.485123,-1.450910,4.319369,1.040674,-1.374506,4.754578,1.197588,-1.168272,4.712851,1.133807,-0.834122,4.759202,0.467770,-0.725753,4.608034,0.782150,-0.537108,4.740094,0.650461,-0.071066,4.729384,0.148180,-0.477300,4.689352,0.506080,0.328092,4.428854,0.205436,0.026487,4.523434
1914,0.345353,-1.061728,4.394022,0.393697,-1.271912,4.262774,0.489542,-1.450968,4.305160,1.049170,-1.374784,4.763749,1.197044,-1.145347,4.717756,1.141547,-0.815103,4.744739,0.467450,-0.706656,4.594597,0.801000,-0.512467,4.724955,0.680668,-0.103817,4.741134,0.152681,-0.497871,4.684248,0.487599,0.373160,4.389114,0.176989,0.111879,4.447605
1915,0.349754,-1.019879,4.388716,0.412173,-1.235562,4.257386,0.479428,-1.444669,4.314993,1.044295,-1.370825,4.750983,1.187276,-1.163071,4.712650,1.124636,-0.823559,4.750161,0.466922,-0.715731,4.608328,0.787346,-0.539879,4.739664,0.653787,-0.102208,4.749498,0.145340,-0.474355,4.686659,0.489105,0.319047,4.437230,0.195316,0.032391,4.520311
1916,0.345629,-1.049832,4.391132,0.392188,-1.254023,4.257541,0.484045,-1.449601,4.306850,1.032748,-1.389435,4.762723,1.188129,-1.155236,4.724442,1.137396,-0.842886,4.754993,0.464393,-0.712752,4.599257,0.795631,-0.518719,4.726864,0.651012,-0.204106,4.793342,0.153124,-0.517923,4.685646,0.499251,0.361020,4.404958,0.176154,0.079757,4.481644
1917,0.348259,-1.033152,4.389151,0.406252,-1.229767,4.252110,0.489167,-1.447775,4.298780,1.020901,-1.399226,4.773119,1.192097,-1.183748,4.722672,1.131752,-0.837474,4.752230,0.474824,-0.731605,4.601355,0.791377,-0.554324,4.741140,0.644285,-0.181108,4.790530,0.151485,-0.507506,4.701837,0.493697,0.300465,4.457069,0.180936,0.062094,4.503678
1918,0.337045,-1.054497,4.402998,0.397030,-1.264941,4.262731,0.499015,-1.442642,4.317636,1.031238,-1.383876,4.766823,1.230558,-1.167990,4.721357,1.150828,-0.852683,4.748871,0.485993,-0.728559,4.598768,0.803600,-0.521070,4.727144,0.647669,-0.150789,4.773584,0.146057,-0.523408,4.669619,0.509245,0.372450,4.416124,0.185321,0.076690,4.499776
1919,0.353347,-1.037587,4.383213,0.427636,-1.234451,4.248787,0.506084,-1.447403,4.306984,1.016211,-1.363486,4.756137,1.228340,-1.173185,4.703575,1.145581,-0.824658,4.744473,0.470585,-0.732691,4.604270,0.780617,-0.546145,4.735206,0.660932,-0.163374,4.771409,0.136493,-0.493050,4.698974,0.512909,0.292184,4.462745,0.192501,0.032316,4.508828
1920,0.338810,-1.047284,4.382025,0.406810,-1.245359,4.245445,0.506756,-1.438476,4.301573,1.025878,-1.369499,4.759713,1.209414,-1.154418,4.704421,1.129660,-0.831715,4.749022,0.484291,-0.730454,4.602954,0.791858,-0.550165,4.739550,0.640610,-0.134859,4.761140,0.150562,-0.490754,4.684501,0.509393,0.338836,4.435023,0.181553,0.081894,4.463033
1921,0.335882,-1.061627,4.415236,0.417486,-1.236311,4.258350,0.509355,-1.445347,4.311596,1.041689,-1.376504,4.770020,1.220284,-1.157519,4.731195,1.144892,-0.846714,4.759178,0.485445,-0.719733,4.596203,0.806378,-0.517825,4.727834,0.653171,-0.196908,4.793844,0.146463,-0.504450,4.695813,0.511663,0.343825,4.416150,0.160724,0.103818,4.454118
1922,0.365324,-1.056787,4.398020,0.452936,-1.221363,4.253794,0.502947,-1.458751,4.305686,1.021654,-1.378000,4.755917,1.205969,-1.159299,4.708936,1.125585,-0.840681,4.757715,0.475869,-0.740520,4.608752,0.783588,-0.540589,4.736304,0.626982,-0.122439,4.761812,0.135056,-0.500644,4.684477,0.479463,0.305451,4.451148,0.198310,0.023795,4.522323
1923,0.327283,-1.058068,4.383843,0.362283,-1.258781,4.237435,0.481475,-1.430282,4.311548,1.025090,-1.373102,4.769278,1.220348,-1.182166,4.711769,1.131715,-0.852253,4.772359,0.458189,-0.727029,4.609155,0.787733,-0.537280,4.740543,0.675229,-0.178857,4.786007,0.159433,-0.504486,4.685472,0.510092,0.308218,4.460301,0.185538,0.063131,4.480207
1924,0.332816,-1.073673,4.392148,0.400689,-1.272086,4.247267,0.505437,-1.422590,4.308483,1.033142,-1.348960,4.768870,1.202609,-1.157833,4.711729,1.134021,-0.815287,4.747912,0.479220,-0.686507,4.597318,0.806366,-0.486057,4.720240,0.651270,-0.096420,4.737298,0.149595,-0.506578,4.692283,0.500169,0.416251,4.379905,0.178154,0.137858,4.419393
1925,0.340383,-1.037936,4.386996,0.440224,-1.212272,4.243239,0.491645,-1.464579,4.310235,1.017997,-1.387333,4.763141,1.199696,-1.170090,4.716112,1.128730,-0.842639,4.760030,0.467589,-0.719172,4.606550,0.776231,-0.533054,4.741904,0.655770,-0.223850,4.812175,0.137211,-0.500452,4.711810,0.499656,0.310865,4.438189,0.136847,0.069894,4.490601
1926,0.278665,-1.076964,4.392690,0.374250,-1.225375,4.251198,0.483105,-1.434858,4.310603,1.032630,-1.369798,4.768684,1.198948,-1.162788,4.715855,1.138689,-0.836298,4.747923,0.454598,-0.693349,4.606238,0.795742,-0.493095,4.724963,0.640364,-0.136707,4.764297,0.141769,-0.506853,4.690223,0.501738,0.382082,4.369714,0.182286,0.124212,4.465856
1927,0.342958,-1.045898,4.381769,0.419955,-1.213376,4.254877,0.509682,-1.446259,4.306504,1.030845,-1.348598,4.767979,1.193680,-1.152588,4.716971,1.123059,-0.846675,4.756944,0.486918,-0.716972,4.598504,0.809069,-0.543144,4.731667,0.700360,-0.132895,4.760298,0.128230,-0.501130,4.653311,0.505978,0.333409,4.438599,0.177959,0.055519,4.481390
1928,0.341728,-1.031782,4.393082,0.412057,-1.229667,4.247618,0.480729,-1.458429,4.318654,1.031432,-1.366867,4.760697,1.194726,-1.157210,4.709537,1.137259,-0.821130,4.751828,0.456305,-0.724511,4.615692,0.785958,-0.541950,4.746208,0.661063,-0.203629,4.800184,0.113234,-0.489492,4.705507,0.492660,0.304373,4.440478,0.141508,0.076571,4.503665
1929,0.344704,-1.050955,4.401203,0.430744,-1.188444,4.265853,0.507665,-1.416648,4.311057,1.027330,-1.361770,4.761156,1.219664,-1.144872,4.702690,1.145468,-0.802676,4.739714,0.485209,-0.690294,4.599215,0.812329,-0.500019,4.721287,0.681291,-0.074584,4.729285,0.128812,-0.491789,4.651768,0.483315,0.382335,4.389012,0.177416,0.125460,4.435658
1930,0.345388,-1.031648,4.394523,0.428176,-1.187492,4.259434,0.494239,-1.447553,4.300642,1.032373,-1.377322,4.773921,1.198841,-1.155655,4.709864,1.127031,-0.820913,4.740223,0.479494,-0.730721,4.598245,0.804181,-0.550255,4.738983,0.694378,-0.093364,4.731993,0.141881,-0.484643,4.692767,0.510773,0.334159,4.421333,0.144876,0.044156,4.510176
1931,0.342820,-1.049992,4.387784,0.386844,-1.234135,4.254319,0.477190,-1.420106,4.312790,1.026911,-1.336626,4.767036,1.208518,-1.187410,4.726044,1.140983,-0.849590,4.755569,0.450882,-0.681860,4.600902,0.783946,-0.503206,4.729236,0.655750,-0.238262,4.816054,0.158788,-0.500026,4.690174,0.542650,0.315570,4.448757,0.190611,0.104379,4.473106
1932,0.342052,-1.042140,4.383503,0.406906,-1.194082,4.254654,0.487385,-1.432961,4.305711,1.032833,-1.349289,4.756131,1.196224,-1.136256,4.697889,1.134966,-0.828665,4.745970,0.469817,-0.710649,4.605498,0.795597,-0.540480,4.733420,0.688313,-0.092993,4.732100,0.152005,-0.480164,4.691389,0.511092,0.336913,4.425112,0.184636,0.076636,4.468323
1933,0.341919,-1.036860,4.402567,0.415526,-1.215702,4.263705,0.491821,-1.441479,4.311535,1.032427,-1.366207,4.771405,1.237523,-1.176936,4.722369,1.141906,-0.820907,4.749293,0.488444,-0.717347,4.605661,0.808946,-0.529989,4.732978,0.707395,-0.134666,4.756281,0.144353,-0.507876,4.656401,0.522814,0.353027,4.422060,0.181734,0.064995,4.482635
1934,0.351696,-1.026551,4.393007,0.417846,-1.245066,4.246901,0.497920,-1.435673,4.308201,1.033539,-1.343198,4.762902,1.212813,-1.171600,4.710298,1.139936,-0.817376,4.745861,0.476084,-0.722853,4.599206,0.794486,-0.543888,4.733266,0.664829,-0.149404,4.757769,0.135976,-0.476855,4.703901,0.510453,0.311228,4.443478,0.155789,0.089969,4.484346
1935,0.331374,-1.046526,4.394188,0.394155,-1.234952,4.240311,0.465913,-1.450872,4.312949,1.042445,-1.360700,4.765980,1.197711,-1.166546,4.718469,1.124546,-0.829463,4.755445,0.451843,-0.726170,4.613332,0.779790,-0.543425,4.747484,0.659415,-0.130460,4.749949,0.143062,-0.473810,4.689146,0.522006,0.303172,4.448882,0.161689,0.082055,4.491576
1936,0.341274,-1.032000,4.394433,0.396591,-1.213324,4.256003,0.482564,-1.429216,4.312513,1.039421,-1.366603,4.765807,1.209108,-1.146935,4.712232,1.135659,-0.829336,4.755343,0.476409,-0.705792,4.601266,0.812614,-0.530304,4.729673,0.654881,-0.200714,4.795994,0.135540,-0.500285,4.673864,0.508031,0.376606,4.394475,0.185371,0.132638,4.449272
1937,0.342873,-1.068573,4.399843,0.433088,-1.285733,4.238614,0.482242,-1.453694,4.299683,1.034019,-1.350549,4.754273,1.200871,-1.164971,4.706310,1.126875,-0.828168,4.752517,0.465642,-0.734801,4.608605,0.786957,-0.544605,4.735992,0.650215,-0.158506,4.777555,0.132132,-0.498810,4.704979,0.507004,0.307253,4.445365,0.182627,0.050046,4.522797
1938,0.350342,-1.048052,4.395394,0.420725,-1.255820,4.248193,0.489511,-1.438487,4.314100,1.040320,-1.362115,4.755336,1.231945,-1.153599,4.697380,1.145261,-0.818880,4.750431,0.478525,-0.698237,4.594198,0.800185,-0.514385,4.722431,0.683047,-0.104790,4.741394,0.127201,-0.494888,4.669997,0.539602,0.346545,4.426144,0.185819,0.117993,4.466413
1939,0.339283,-1.044692,4.401649,0.415546,-1.232980,4.252307,0.476212,-1.441974,4.313354,1.033753,-1.360964,4.758221,1.201973,-1.182717,4.721274,1.116243,-0.846766,4.765869,0.462919,-0.721222,4.611914,0.783549,-0.538865,4.743979,0.657918,-0.111361,4.752083,0.147150,-0.493053,4.698454,0.510200,0.309387,4.439612,0.186201,0.022969,4.534264
1940,0.335310,-1.027935,4.393468,0.388281,-1.240053,4.254860,0.466533,-1.439339,4.311427,1.035918,-1.366744,4.765007,1.205185,-1.169279,4.714004,1.144701,-0.822046,4.743365,0.449101,-0.710206,4.605189,0.784542,-0.507264,4.729581,0.674079,-0.065305,4.719140,0.141717,-0.510012,4.686596,0.497182,0.385228,4.384194,0.173983,0.070662,4.500981
1941,0.338157,-1.056390,4.390825,0.413774,-1.246785,4.254013,0.489009,-1.423897,4.300927,1.026590,-1.363201,4.764878,1.199515,-1.200419,4.715179,1.122412,-0.854568,4.762517,0.471837,-0.722828,4.602660,0.792241,-0.538954,4.741336,0.646142,-0.082705,4.734277,0.142493,-0.477251,4.684701,0.478414,0.308755,4.450855,0.179205,0.063089,4.491087
1942,0.340488,-1.045058,4.396842,0.394158,-1.249045,4.256166,0.469353,-1.440756,4.308961,1.033654,-1.360923,4.763581,1.202945,-1.178297,4.718021,1.142901,-0.821288,4.743067,0.450912,-0.703744,4.601192,0.783765,-0.508156,4.728715,0.677816,-0.085728,4.727911,0.137977,-0.502873,4.675960,0.501404,0.378138,4.392900,0.164310,0.106600,4.465707
1943,0.342911,-1.052336,4.383383,0.414900,-1.233287,4.221720,0.487153,-1.435179,4.298736,1.019868,-1.368751,4.765378,1.207648,-1.198977,4.717602,1.120426,-0.863965,4.770113,0.469176,-0.726260,4.611978,0.792497,-0.535967,4.741277,0.668446,-0.073171,4.724671,0.144484,-0.497335,4.713207,0.496029,0.324977,4.430804,0.176066,0.067556,4.506392
1944,0.348859,-0.977227,4.388773,0.411149,-1.180216,4.253225,0.465126,-1.428370,4.306694,1.026393,-1.364492,4.770195,1.207933,-1.182564,4.717952,1.140154,-0.822108,4.752232,0.450419,-0.702770,4.602980,0.786606,-0.489133,4.726861,0.672394,-0.077559,4.728804,0.147952,-0.508106,4.694244,0.474565,0.360895,4.394978,0.183132,0.118662,4.459263
1945,0.339544,-0.990320,4.402341,0.418706,-1.159158,4.244750,0.468020,-1.437068,4.319077,1.017158,-1.392056,4.766084,1.203828,-1.196185,4.712092,1.120739,-0.856669,4.756778,0.455029,-0.716667,4.608061,0.771241,-0.542464,4.744705,0.680843,-0.136220,4.757785,0.120973,-0.512315,4.708575,0.498006,0.340576,4.430549,0.165761,0.085513,4.482628
1946,0.354126,-1.029404,4.390668,0.420909,-1.218313,4.245562,0.486411,-1.415189,4.319041,1.037455,-1.344359,4.770555,1.214307,-1.190484,4.723927,1.139379,-0.810237,4.753231,0.459698,-0.690747,4.609404,0.785870,-0.491734,4.735736,0.665437,-0.056577,4.715901,0.145932,-0.492965,4.700426,0.488549,0.363947,4.381465,0.161721,0.117868,4.473166
1947,0.336423,-1.010760,4.402658,0.409872,-1.218560,4.253391,0.457586,-1.445130,4.315500,1.013410,-1.401404,4.775377,1.208989,-1.218005,4.714213,1.134917,-0.843540,4.752740,0.450560,-0.708229,4.620116,0.779926,-0.514451,4.746363,0.658915,-0.106197,4.746545,0.118776,-0.504372,4.700610,0.496839,0.370493,4.395872,0.161401,0.096013,4.465008
1948,0.347965,-0.971478,4.384594,0.408446,-1.139224,4.260830,0.473532,-1.404741,4.308219,1.034081,-1.364802,4.775519,1.200279,-1.188773,4.717327,1.131632,-0.827541,4.746949,0.489148,-0.685244,4.606715,0.819625,-0.500685,4.732690,0.718979,-0.053432,4.714880,0.115073,-0.504806,4.670362,0.558807,0.457765,4.366130,0.228219,0.174626,4.402637
1949,0.344547,-1.013452,4.393756,0.414959,-1.211208,4.239397,0.460258,-1.435639,4.300841,1.032157,-1.364211,4.757247,1.217537,-1.164112,4.687959,1.131794,-0.820973,4.745750,0.464344,-0.722243,4.613337,0.789425,-0.502441,4.734098,0.656806,-0.074007,4.734175,0.137555,-0.487661,4.711022,0.534941,0.368356,4.416325,0.153151,0.078641,4.473012
1950,0.361490,-1.000510,4.398353,0.432316,-1.174590,4.268383,0.467582,-1.436010,4.309828,1.025336,-1.389489,4.767529,1.213010,-1.181898,4.700232,1.145256,-0.848172,4.748088,0.478727,-0.713841,4.613395,0.815489,-0.519943,4.733256,0.701699,-0.079311,4.731377,0.133624,-0.511153,4.688875,0.544273,0.405068,4.408909,0.208622,0.122162,4.468271
1951,0.351342,-1.021867,4.396088,0.427466,-1.214369,4.242760,0.475374,-1.445494,4.309362,1.020172,-1.368555,4.772803,1.213339,-1.183215,4.707939,1.126509,-0.805341,4.754774,0.462476,-0.732935,4.610654,0.787237,-0.523173,4.740897,0.649663,-0.091296,4.737698,0.126417,-0.516558,4.726863,0.478488,0.331502,4.428709,0.168496,0.068801,4.533399
1952,0.346538,-0.966191,4.389176,0.415427,-1.149153,4.258012,0.468604,-1.415531,4.308631,1.014604,-1.360371,4.778764,1.211985,-1.194712,4.710000,1.137356,-0.832443,4.750648,0.460347,-0.670127,4.604381,0.793366,-0.482560,4.725225,0.676589,-0.040389,4.710228,0.112485,-0.501706,4.679729,0.541358,0.449505,4.356004,0.202971,0.150694,4.426029
1953,0.329050,-1.004019,4.400259,0.419437,-1.176676,4.257607,0.461101,-1.456117,4.312700,1.023273,-1.378508,4.757954,1.208848,-1.175368,4.703648,1.129359,-0.824179,4.754022,0.463594,-0.715897,4.611842,0.787952,-0.530063,4.745042,0.642944,-0.173824,4.782434,0.109468,-0.496037,4.700379,0.539068,0.306331,4.469576,0.175786,0.098126,4.460684
1954,0.343665,-0.970400,4.396943,0.418733,-1.122246,4.255538,0.463026,-1.416607,4.310784,1.023358,-1.371130,4.775789,1.192781,-1.176987,4.711179,1.136339,-0.847896,4.754437,0.459591,-0.682113,4.607512,0.795128,-0.489674,4.728110,0.694170,0.007867,4.677029,0.115410,-0.501015,4.687257,0.528445,0.432243,4.366418,0.187619,0.108908,4.466253
1955,0.339562,-1.000551,4.384884,0.435884,-1.141844,4.258615,0.453469,-1.443723,4.313417,1.033661,-1.379441,4.760561,1.208808,-1.167811,4.713224,1.139086,-0.821903,4.752876,0.458044,-0.715623,4.610798,0.793810,-0.523770,4.741787,0.655416,-0.123313,4.757481,0.106900,-0.493192,4.688823,0.489767,0.341238,4.433748,0.162963,0.087066,4.467514
1956,0.334996,-1.003123,4.401265,0.400723,-1.164858,4.256429,0.471452,-1.413121,4.309903,1.015332,-1.368676,4.772314,1.221465,-1.211299,4.710470,1.140406,-0.853196,4.758316,0.462521,-0.697226,4.610502,0.786400,-0.504756,4.734047,0.691930,-0.056787,4.719709,0.115357,-0.493312,4.705171,0.496562,0.382588,4.393519,0.143483,0.114757,4.466104
1957,0.347178,-1.030892,4.413420,0.403928,-1.238594,4.260548,0.472244,-1.435804,4.315089,1.018458,-1.373766,4.774482,1.232889,-1.208362,4.714510,1.138961,-0.835029,4.755879,0.471806,-0.706014,4.601042,0.793579,-0.516537,4.731849,0.679346,-0.106917,4.744850,0.132061,-0.505223,4.683815,0.487039,0.343049,4.411598,0.166857,0.105379,4.470194
1958,0.356526,-1.026480,4.393654,0.448305,-1.203514,4.248416,0.486008,-1.448546,4.308425,1.012347,-1.389913,4.778767,1.232840,-1.197095,4.711721,1.134752,-0.850124,4.755662,0.472066,-0.743831,4.616176,0.773370,-0.534957,4.742809,0.608533,-0.107737,4.753647,0.120472,-0.484012,4.706933,0.451352,0.293467,4.453406,0.170146,0.077011,4.521937
1959,0.353638,-1.009133,4.410693,0.429260,-1.164021,4.261437,0.488574,-1.414185,4.315442,1.013508,-1.369130,4.776653,1.242470,-1.212094,4.708837,1.146545,-0.836229,4.752723,0.481410,-0.708917,4.604284,0.790585,-0.518528,4.734683,0.693461,-0.047642,4.713172,0.132976,-0.497234,4.697582,0.501719,0.367214,4.401498,0.181689,0.037989,4.529876
1960,0.358043,-1.026528,4.387815,0.435936,-1.204326,4.260847,0.471358,-1.436237,4.290735,1.016025,-1.387392,4.770142,1.206609,-1.204915,4.715006,1.129483,-0.835771,4.752946,0.466449,-0.721003,4.610027,0.785017,-0.534004,4.746258,0.661819,-0.120770,4.765056,0.130713,-0.499318,4.694297,0.497450,0.320713,4.443319,0.152086,0.090321,4.490180
1961,0.334495,-1.035310,4.386769,0.399754,-1.253846,4.251095,0.466851,-1.434483,4.311845,1.023698,-1.378137,4.776064,1.224009,-1.192457,4.713674,1.139510,-0.835450,4.757864,0.456358,-0.703614,4.604761,0.789435,-0.506032,4.731053,0.655458,-0.037959,4.712608,0.139079,-0.474387,4.680031,0.492221,0.376737,4.385398,0.176551,0.085684,4.488070
1962,0.340210,-1.030950,4.392467,0.415598,-1.251762,4.244669,0.468219,-1.459941,4.312038,1.005172,-1.377081,4.780362,1.215461,-1.208491,4.710688,1.127577,-0.826126,4.752338,0.454231,-0.718941,4.605533,0.769556,-0.523337,4.743542,0.634866,-0.123813,4.757594,0.145055,-0.490903,4.712012,0.471521,0.296367,4.454742,0.167692,0.022989,4.537867
1963,0.333896,-1.025291,4.395780,0.400089,-1.187640,4.245422,0.461046,-1.439274,4.320004,1.022434,-1.367513,4.784557,1.208295,-1.183322,4.721629,1.139546,-0.813973,4.747993,0.455963,-0.689496,4.605948,0.788771,-0.499899,4.731091,0.685525,-0.039439,4.711329,0.122570,-0.486373,4.701705,0.498171,0.402967,4.363681,0.157984,0.118340,4.465814
1964,0.342714,-1.019848,4.387058,0.412494,-1.212693,4.244142,0.460885,-1.445596,4.318643,1.018243,-1.379164,4.792691,1.214151,-1.199966,4.720861,1.129753,-0.816271,4.754075,0.452027,-0.709631,4.604020,0.780602,-0.526488,4.743650,0.694894,-0.125228,4.755311,0.134149,-0.493679,4.679683,0.513944,0.278697,4.485262,0.162889,0.052231,4.490851
1965,0.339634,-1.010051,4.399107,0.400309,-1.180454,4.240567,0.454936,-1.409932,4.323562,1.033022,-1.339809,4.778767,1.210164,-1.162905,4.713165,1.127920,-0.832554,4.751342,0.441010,-0.664982,4.613011,0.783736,-0.467091,4.736481,0.656929,-0.146183,4.770764,0.134890,-0.507399,4.707422,0.546846,0.310171,4.448555,0.154786,0.084481,4.485610
1966,0.360789,-0.996616,4.395758,0.437228,-1.156982,4.269311,0.469196,-1.435200,4.324214,1.038243,-1.376901,4.803136,1.214210,-1.168561,4.727396,1.133654,-0.850081,4.764170,0.478847,-0.694710,4.601786,0.791829,-0.500029,4.733604,0.684830,-0.042332,4.709872,0.145375,-0.491318,4.686275,0.522609,0.380059,4.401993,0.187412,0.054507,4.492502
1967,0.346157,-1.006956,4.413345,0.426313,-1.181926,4.274778,0.469133,-1.425872,4.323498,1.021212,-1.396183,4.809841,1.212293,-1.193449,4.732027,1.150441,-0.824644,4.755365,0.466285,-0.689480,4.600960,0.784120,-0.499741,4.733266,0.675483,-0.025737,4.696893,0.139605,-0.505559,4.678350,0.475568,0.325801,4.421731,0.170650,0.028521,4.539873
1968,0.344353,-0.988335,4.407104,0.438730,-1.190840,4.261432,0.479531,-1.412984,4.333405,1.007461,-1.387626,4.803670,1.220371,-1.202417,4.731380,1.151252,-0.812769,4.754743,0.477300,-0.684247,4.601357,0.779498,-0.507156,4.734984,0.663535,-0.055875,4.721072,0.132842,-0.487067,4.662438,0.500390,0.345963,4.429250,0.219035,0.116764,4.494548
1969,0.361926,-0.994266,4.414431,0.448271,-1.179945,4.260783,0.484403,-1.387023,4.324604,1.001233,-1.398162,4.811404,1.219187,-1.198819,4.736339,1.147771,-0.842049,4.759159,0.493749,-0.679641,4.593830,0.800844,-0.520918,4.737019,0.687688,-0.181400,4.794538,0.139446,-0.513725,4.674644,0.513403,0.306636,4.477613,0.244507,0.103121,4.434321
1970,0.372325,-1.009716,4.412404,0.457184,-1.194451,4.266747,0.473409,-1.412489,4.321627,1.013783,-1.421553,4.811862,1.222293,-1.190337,4.745285,1.146317,-0.808293,4.764426,0.494519,-0.682552,4.595599,0.799128,-0.517192,4.736331,0.684942,-0.102082,4.747761,0.149597,-0.505215,4.668901,0.533887,0.359030,4.439398,0.216926,0.117218,4.429625
1971,0.354325,-1.015476,4.401702,0.437785,-1.221151,4.266449,0.476314,-1.377836,4.335424,1.010237,-1.405225,4.813307,1.195608,-1.181523,4.751484,1.145149,-0.828694,4.765015,0.480986,-0.672734,4.596308,0.794092,-0.512420,4.738319,0.670987,-0.171510,4.783792,0.156608,-0.536645,4.653125,0.506482,0.303717,4.479769,0.195805,0.075555,4.475144
1972,0.353282,-1.017788,4.399118,0.457544,-1.227329,4.274550,0.476290,-1.391917,4.335155,1.004447,-1.440036,4.824379,1.205176,-1.221244,4.747885,1.145834,-0.814982,4.757260,0.485382,-0.672252,4.603182,0.801636,-0.512622,4.747211,0.664221,-0.158438,4.783382,0.162136,-0.507697,4.724649,0.539765,0.364941,4.437087,0.202088,0.082619,4.482244
1973,0.336180,-0.991255,4.394160,0.443018,-1.178210,4.271992,0.469391,-1.384160,4.330043,1.014713,-1.436463,4.817933,1.195832,-1.180729,4.744491,1.148012,-0.833131,4.761967,0.486958,-0.652847,4.607894,0.811057,-0.506333,4.741832,0.659200,-0.144138,4.781271,0.143798,-0.478810,4.720484,0.576300,0.406756,4.412976,0.220698,0.147488,4.436011
1974,0.357586,-1.013021,4.389224,0.424473,-1.201299,4.266642,0.465000,-1.388366,4.318862,0.997382,-1.442220,4.817732,1.190563,-1.201999,4.749428,1.141484,-0.854412,4.765647,0.468838,-0.642720,4.595465,0.797101,-0.488545,4.741228,0.635745,-0.116882,4.760296,0.134226,-0.494307,4.675076,0.572208,0.433610,4.398837,0.260338,0.200793,4.395845
1975,0.325923,-1.006935,4.382890,0.409386,-1.226621,4.226727,0.467402,-1.390676,4.316110,0.999230,-1.382829,4.812916,1.219184,-1.129322,4.744039,1.155226,-0.808646,4.752975,0.456999,-0.628415,4.612291,0.786901,-0.431877,4.733456,0.619442,-0.054955,4.726711,0.121698,-0.497784,4.728343,0.501386,0.364126,4.433594,0.184099,0.082820,4.478860
1976,0.324358,-0.981727,4.391430,0.412397,-1.188234,4.254635,0.449062,-1.399454,4.312840,0.993183,-1.421169,4.824586,1.234808,-1.159239,4.737266,1.148135,-0.823326,4.755445,0.449892,-0.651381,4.626555,0.782685,-0.469092,4.754176,0.622272,0.015504,4.684610,0.112504,-0.468300,4.710796,0.521628,0.464302,4.329467,0.192707,0.117788,4.437168
1977,0.301725,-1.004382,4.400009,0.383358,-1.223655,4.254447,0.437410,-1.403332,4.308693,0.987070,-1.405010,4.813509,1.218354,-1.156894,4.736849,1.135561,-0.842261,4.760184,0.448238,-0.640403,4.627733,0.777583,-0.464213,4.755903,0.631635,0.032277,4.676916,0.095493,-0.470616,4.780172,0.532124,0.490016,4.301640,0.196089,0.165586,4.457441
1978,0.303643,-1.002076,4.386379,0.414192,-1.205879,4.261444,0.437034,-1.402368,4.308517,0.988396,-1.411128,4.821636,1.221727,-1.113493,4.739728,1.136096,-0.799546,4.752393,0.448732,-0.629942,4.610170,0.780409,-0.439098,4.743143,0.630578,0.079973,4.648786,0.119424,-0.467184,4.755370,0.534273,0.500363,4.288572,0.213082,0.132128,4.457012
1979,0.329431,-0.986363,4.391600,0.418220,-1.206039,4.270202,0.422617,-1.407691,4.310525,1.001962,-1.422104,4.823879,1.211430,-1.110623,4.749229,1.136574,-0.760278,4.738277,0.442584,-0.661325,4.623372,0.767623,-0.462061,4.753191,0.615661,0.032655,4.675540,0.136223,-0.475573,4.730112,0.503564,0.481602,4.296694,0.179452,0.103821,4.481620
1980,0.319609,-0.982337,4.385760,0.420992,-1.187022,4.260417,0.434336,-1.394399,4.305595,0.992279,-1.419351,4.824255,1.227456,-1.139744,4.737677,1.133696,-0.823912,4.756286,0.446093,-0.649200,4.613923,0.780185,-0.457164,4.748557,0.619664,0.033090,4.680096,0.128842,-0.460859,4.722304,0.518274,0.478109,4.300843,0.167904,0.131412,4.441295
1981,0.300900,-0.966006,4.387573,0.397707,-1.185972,4.269088,0.424098,-1.400686,4.298159,0.979413,-1.453496,4.831409,1.233905,-1.174352,4.761127,1.141971,-0.788297,4.752899,0.442146,-0.651511,4.607903,0.787958,-0.468838,4.754378,0.630452,0.034505,4.672752,0.130090,-0.458259,4.674303,0.492504,0.446851,4.341822,0.187427,0.141123,4.439093
1982,0.299377,-0.981722,4.382227,0.386608,-1.205072,4.255614,0.416736,-1.402354,4.292383,0.984802,-1.409872,4.826333,1.225865,-1.137867,4.749306,1.135426,-0.779199,4.741125,0.436116,-0.648443,4.606972,0.776154,-0.451386,4.745675,0.620307,0.052165,4.663403,0.106534,-0.505551,4.689534,0.485788,0.474288,4.331120,0.180188,0.101076,4.463837
1983,0.304101,-0.997333,4.384550,0.388401,-1.235854,4.253959,0.408060,-1.422272,4.297141,0.979903,-1.436343,4.825586,1.243547,-1.153561,4.747294,1.137434,-0.788973,4.748538,0.432928,-0.644167,4.608980,0.799341,-0.450342,4.743936,0.650121,-0.088861,4.754012,0.144540,-0.509323,4.760233,0.530694,0.468080,4.346889,0.224882,0.152346,4.414875
1984,0.292015,-0.976906,4.382748,0.389074,-1.184939,4.261014,0.409594,-1.408886,4.301743,0.957115,-1.468208,4.843212,1.226560,-1.161453,4.751511,1.129834,-0.797261,4.753182,0.440970,-0.637404,4.614576,0.789385,-0.462226,4.753102,0.659034,-0.039119,4.716384,0.131216,-0.509617,4.713886,0.531726,0.501307,4.332193,0.217478,0.139754,4.416828
1985,0.300798,-0.997524,4.371429,0.380526,-1.209920,4.246407,0.413807,-1.415749,4.301929,0.976047,-1.426751,4.828581,1.227098,-1.168615,4.754220,1.141898,-0.845029,4.759983,0.445734,-0.669830,4.615878,0.796827,-0.477525,4.756126,0.642872,-0.067358,4.743794,0.114975,-0.508356,4.705298,0.510188,0.435891,4.396077,0.238049,0.198981,4.399775
1986,0.294075,-0.998093,4.374368,0.379880,-1.238575,4.253682,0.423125,-1.406534,4.307452,0.971995,-1.416030,4.827201,1.222094,-1.155427,4.752448,1.132712,-0.818952,4.759026,0.446006,-0.650447,4.609683,0.791550,-0.464316,4.748932,0.634246,-0.047639,4.730642,0.114102,-0.498764,4.695295,0.544354,0.418343,4.425740,0.241625,0.180347,4.398954
1987,0.308801,-0.944435,4.386044,0.394871,-1.173292,4.257963,0.410222,-1.391034,4.304924,0.978273,-1.418052,4.831623,1.215207,-1.139792,4.751749,1.132242,-0.789695,4.753834,0.439836,-0.630610,4.613739,0.793646,-0.453813,4.744546,0.624798,-0.138864,4.782585,0.127553,-0.541242,4.757608,0.540371,0.407102,4.425047,0.235180,0.171350,4.431787
1988,0.313504,-0.946029,4.378285,0.387379,-1.168571,4.255964,0.412329,-1.402057,4.308558,0.978819,-1.437588,4.831780,1.249766,-1.145882,4.743463,1.142717,-0.783699,4.750614,0.446686,-0.644146,4.607760,0.795388,-0.476821,4.752236,0.646603,-0.138438,4.780646,0.127666,-0.538786,4.715232,0.538251,0.417839,4.414365,0.237794,0.152743,4.418589
1989,0.300027,-0.969840,4.387113,0.378330,-1.216112,4.256621,0.411641,-1.406376,4.313738,0.970211,-1.427731,4.843411,1.229776,-1.168449,4.762906,1.141004,-0.801780,4.747998,0.435365,-0.650208,4.606481,0.787458,-0.478235,4.758803,0.625068,-0.147045,4.785310,0.123539,-0.524083,4.697010,0.539759,0.446061,4.396952,0.226200,0.178389,4.395270
1990,0.316823,-0.945802,4.380278,0.413757,-1.178983,4.263688,0.416104,-1.402435,4.311527,0.979155,-1.426939,4.840362,1.237441,-1.140296,4.751737,1.150383,-0.792095,4.744706,0.450776,-0.635719,4.616573,0.802091,-0.462977,4.752679,0.619626,-0.125255,4.773584,0.109466,-0.519138,4.724539,0.537439,0.445521,4.407563,0.222697,0.192736,4.404614
1991,0.309217,-0.975685,4.388441,0.398356,-1.233599,4.253559,0.416991,-1.417816,4.312821,0.977009,-1.424917,4.840138,1.217570,-1.146767,4.755803,1.126265,-0.780820,4.749898,0.454754,-0.627902,4.601987,0.791358,-0.466609,4.745210,0.621180,-0.113392,4.768766,0.102119,-0.483515,4.706203,0.558363,0.475933,4.366085,0.210168,0.193288,4.373705
1992,0.300273,-0.968602,4.378165,0.394515,-1.203909,4.262386,0.403908,-1.413655,4.305394,0.979214,-1.422223,4.846448,1.247720,-1.155708,4.749506,1.132731,-0.796926,4.745472,0.434471,-0.631185,4.614109,0.783096,-0.453056,4.755742,0.652246,-0.036733,4.716498,0.130449,-0.472003,4.753332,0.520384,0.444030,4.373630,0.164041,0.099465,4.472002
1993,0.282823,-1.032886,4.379312,0.385691,-1.235127,4.267270,0.419725,-1.411697,4.316303,0.977028,-1.439346,4.853276,1.236220,-1.154438,4.756260,1.138264,-0.808269,4.756919,0.434470,-0.646159,4.610256,0.786129,-0.463465,4.749069,0.631278,-0.081479,4.749531,0.150869,-0.510822,4.731555,0.540134,0.489382,4.324926,0.201168,0.129188,4.437807
1994,0.306468,-0.994106,4.391523,0.389828,-1.220393,4.266616,0.408487,-1.407608,4.309165,0.990763,-1.414443,4.845429,1.241378,-1.149726,4.754341,1.157433,-0.791842,4.741318,0.431358,-0.629200,4.610347,0.794178,-0.448690,4.748575,0.618888,-0.164885,4.791669,0.134542,-0.527487,4.713272,0.547486,0.386138,4.414061,0.201652,0.166143,4.409871
1995,0.308642,-0.980173,4.387067,0.393214,-1.219283,4.266294,0.413981,-1.417588,4.314657,0.973818,-1.437514,4.846349,1.239880,-1.162835,4.758623,1.160962,-0.805684,4.749128,0.433530,-0.638023,4.610944,0.782194,-0.465223,4.749129,0.622454,-0.085164,4.747707,0.137317,-0.486122,4.705054,0.543591,0.508102,4.306990,0.192711,0.102706,4.454969
1996,0.303625,-0.973276,4.386780,0.395872,-1.180211,4.277036,0.412753,-1.423310,4.318719,0.986718,-1.440680,4.843732,1.213609,-1.131153,4.758559,1.150934,-0.815326,4.746243,0.430886,-0.633523,4.608676,0.788796,-0.456611,4.743599,0.646226,-0.113711,4.763204,0.148349,-0.517543,4.734491,0.577236,0.410394,4.403648,0.199402,0.162084,4.409208
1997,0.314880,-0.961852,4.397769,0.409661,-1.171048,4.278838,0.422784,-1.410112,4.313518,0.971681,-1.450075,4.849760,1.221006,-1.167903,4.775918,1.138682,-0.817369,4.765941,0.430643,-0.635997,4.610280,0.779377,-0.449737,4.749549,0.625348,-0.088496,4.752221,0.119225,-0.508312,4.685503,0.514979,0.424838,4.379683,0.173991,0.086630,4.473755
1998,0.334298,-0.930308,4.381479,0.428878,-1.132852,4.280503,0.420578,-1.402904,4.312530,0.993631,-1.438379,4.848501,1.212972,-1.120054,4.763297,1.130055,-0.776219,4.759445,0.455456,-0.617264,4.611850,0.812992,-0.458122,4.756063,0.630320,-0.146116,4.789147,0.116021,-0.514316,4.669671,0.527053,0.490659,4.319591,0.198061,0.149225,4.431862
1999,0.321116,-0.968006,4.390467,0.416602,-1.203376,4.280092,0.421290,-1.421310,4.312013,0.984224,-1.461836,4.844918,1.219417,-1.112916,4.753398,1.136072,-0.741505,4.748553,0.438356,-0.643485,4.616045,0.783204,-0.465066,4.757694,0.610646,-0.210825,4.825852,0.108395,-0.530373,4.713964,0.551162,0.473946,4.334769,0.168240,0.180202,4.401783
2000,0.323718,-0.968399,4.404573,0.424024,-1.212571,4.282645,0.442921,-1.419101,4.290864,0.988008,-1.457677,4.831998,1.206443,-1.121563,4.769778,1.126071,-0.751647,4.749819,0.461362,-0.627962,4.612217,0.796647,-0.466068,4.761090,0.608500,-0.095113,4.759406,0.105764,-0.503000,4.700626,0.483666,0.442637,4.351385,0.189904,0.135807,4.459992
2001,0.356901,-0.903532,4.394398,0.440104,-1.165612,4.294816,0.431845,-1.435436,4.284557,0.990458,-1.495121,4.846469,1.219160,-1.085556,4.764182,1.129746,-0.741873,4.748361,0.455720,-0.637887,4.606170,0.785824,-0.463396,4.761487,0.633789,-0.069435,4.746198,0.107134,-0.499102,4.676332,0.550362,0.526089,4.262226,0.174549,0.152121,4.417193
2002,0.340024,-0.925171,4.400015,0.423558,-1.185376,4.296253,0.436648,-1.431399,4.283831,0.997003,-1.490088,4.839811,1.232654,-1.082154,4.757919,1.140902,-0.744488,4.748013,0.463441,-0.636600,4.603821,0.793005,-0.468747,4.758176,0.650188,-0.046687,4.730889,0.102761,-0.512810,4.707463,0.539493,0.528622,4.258594,0.166008,0.152420,4.418930
2003,0.315708,-0.976670,4.391422,0.420949,-1.196056,4.285866,0.432711,-1.452170,4.279331,0.995017,-1.493608,4.834515,1.232992,-1.089561,4.756805,1.143777,-0.743538,4.748518,0.466936,-0.647504,4.606235,0.792663,-0.481608,4.756911,0.645560,-0.057038,4.739279,0.110164,-0.518526,4.709731,0.505228,0.487540,4.300016,0.167471,0.127132,4.436989
2004,0.302918,-0.984140,4.389359,0.402393,-1.225498,4.282479,0.447226,-1.461612,4.273246,1.000220,-1.497076,4.825240,1.231196,-1.084246,4.744007,1.141816,-0.750786,4.747259,0.475953,-0.644656,4.617709,0.791343,-0.490720,4.769237,0.667753,-0.030833,4.721742,0.120262,-0.515483,4.745500,0.522211,0.483873,4.282887,0.179818,0.140615,4.460306
2005,0.300290,-1.008099,4.390429,0.408706,-1.202707,4.283945,0.446893,-1.455129,4.277560,0.993160,-1.519295,4.829574,1.236590,-1.076292,4.732801,1.133781,-0.726048,4.741457,0.467765,-0.640957,4.608783,0.791968,-0.475707,4.761047,0.664545,-0.023883,4.716743,0.124143,-0.528764,4.702392,0.545754,0.528203,4.232950,0.199518,0.140189,4.440325
2006,0.302777,-1.023268,4.398823,0.409855,-1.229998,4.288721,0.448888,-1.466024,4.272971,0.999742,-1.531913,4.830777,1.236101,-1.101727,4.745759,1.141164,-0.759228,4.737601,0.461863,-0.650901,4.610860,0.792720,-0.498948,4.769078,0.646121,-0.039438,4.728843,0.089678,-0.466341,4.699383,0.527253,0.490308,4.272506,0.171798,0.123003,4.474065
2007,0.339735,-0.955070,4.404053,0.430121,-1.197801,4.292265,0.442379,-1.479952,4.274057,0.999490,-1.541571,4.828701,1.246400,-1.083790,4.738588,1.141042,-0.757971,4.749823,0.462497,-0.662187,4.617219,0.792207,-0.501538,4.772199,0.636831,0.039602,4.677541,0.085075,-0.476732,4.726011,0.500117,0.482104,4.258074,0.166876,0.118963,4.467649
2008,0.333524,-0.955040,4.394901,0.419581,-1.194804,4.294008,0.445584,-1.470737,4.256367,1.006848,-1.542178,4.813403,1.249951,-1.097353,4.745316,1.144244,-0.741397,4.753228,0.468496,-0.662885,4.612973,0.802051,-0.507225,4.769122,0.630442,0.039193,4.677818,0.086845,-0.456249,4.731428,0.521031,0.505443,4.226801,0.151978,0.141671,4.455275
2009,0.359718,-0.989496,4.398124,0.448568,-1.176188,4.292048,0.440428,-1.515105,4.257629,0.999455,-1.582651,4.817868,1.236571,-1.100073,4.742013,1.137165,-0.766337,4.748827,0.459483,-0.705171,4.620731,0.792720,-0.542597,4.779423,0.631063,0.000445,4.699657,0.145703,-0.423749,4.753696,0.520498,0.491475,4.272615,0.166303,0.132469,4.456196
2010,0.331234,-1.003124,4.398540,0.428866,-1.185877,4.306468,0.444419,-1.505814,4.252660,1.004369,-1.582107,4.827471,1.232740,-1.096402,4.742788,1.129421,-0.767976,4.755890,0.468144,-0.719217,4.624011,0.801315,-0.563687,4.783560,0.637496,0.002597,4.697907,0.141552,-0.439587,4.716433,0.524581,0.475286,4.312963,0.165408,0.137010,4.450138
2011,0.316353,-1.024728,4.411896,0.406807,-1.238564,4.292756,0.454558,-1.499181,4.229409,1.025187,-1.561025,4.801520,1.229219,-1.095806,4.747084,1.127676,-0.761708,4.763056,0.477041,-0.720029,4.620871,0.816596,-0.560090,4.776557,0.644422,-0.041132,4.731018,0.131721,-0.476961,4.752864,0.528608,0.444886,4.306981,0.153354,0.104931,4.467426
2012,0.337027,-1.042725,4.419924,0.417363,-1.214022,4.291636,0.456617,-1.544461,4.240148,1.009785,-1.634225,4.819797,1.230837,-1.106411,4.765090,1.162227,-0.758903,4.748147,0.458726,-0.748029,4.626056,0.782466,-0.596750,4.792915,0.664827,-0.024840,4.717259,0.152349,-0.412047,4.765311,0.487224,0.444645,4.323744,0.157426,0.133759,4.458195
2013,0.319841,-1.040839,4.417634,0.433604,-1.156068,4.298637,0.456387,-1.534371,4.249027,1.017208,-1.625631,4.818061,1.244604,-1.082760,4.759616,1.179783,-0.766792,4.748118,0.461929,-0.746487,4.625019,0.791331,-0.587772,4.787406,0.662206,-0.035011,4.722386,0.146548,-0.448332,4.796228,0.473334,0.445653,4.304880,0.154856,0.123097,4.460224
2014,0.318706,-1.014326,4.422779,0.382239,-1.160486,4.298559,0.431989,-1.529171,4.240748,1.014132,-1.617916,4.811935,1.246922,-1.068938,4.739029,1.169147,-0.727435,4.741313,0.465752,-0.743991,4.632275,0.803234,-0.583451,4.790461,0.683138,-0.062218,4.736587,0.135241,-0.481027,4.793729,0.533951,0.509824,4.286555,0.150417,0.146759,4.437797
2015,0.333555,-1.014559,4.418384,0.398699,-1.168068,4.299795,0.490242,-1.506734,4.220780,1.008583,-1.636427,4.788874,1.229292,-1.116566,4.766138,1.152080,-0.720453,4.750928,0.485905,-0.727510,4.628519,0.804571,-0.580327,4.790029,0.674328,-0.056971,4.732837,0.162167,-0.410492,4.759966,0.500697,0.389005,4.361390,0.157618,0.124214,4.480680
2016,0.378171,-1.033677,4.416927,0.402989,-1.149889,4.307928,0.482900,-1.506227,4.220451,0.999423,-1.638849,4.794725,1.202811,-1.123709,4.769524,1.158601,-0.766498,4.757078,0.488763,-0.731037,4.632207,0.811138,-0.580302,4.794864,0.691206,-0.090510,4.753915,0.182517,-0.426814,4.779923,0.535351,0.420383,4.338966,0.157530,0.113358,4.470806
2017,0.526815,-0.944474,4.420251,0.449061,-1.069889,4.312501,0.471948,-1.505943,4.226303,0.997982,-1.652828,4.790494,1.181482,-1.130816,4.778917,1.158374,-0.769581,4.750680,0.464633,-0.722401,4.623750,0.792274,-0.561565,4.783940,0.704109,-0.066477,4.738782,0.188253,-0.385964,4.725768,0.504592,0.331041,4.421073,0.108299,0.058957,4.531783
2018,0.360509,-1.031550,4.409389,0.453575,-1.193487,4.294732,0.502381,-1.549344,4.223236,1.020538,-1.648177,4.792183,1.216259,-1.096859,4.756168,1.156407,-0.748176,4.754109,0.474293,-0.743936,4.628041,0.795903,-0.579116,4.785073,0.716080,-0.043176,4.722874,0.177419,-0.355912,4.721207,0.502396,0.358887,4.392207,0.168826,0.117296,4.497029
2019,0.417314,-1.146176,4.395762,0.453189,-1.247652,4.292265,0.502236,-1.534643,4.204189,1.017834,-1.634052,4.769344,1.223950,-1.103280,4.757967,1.153772,-0.747190,4.756484,0.492507,-0.759226,4.624978,0.810006,-0.588754,4.784190,0.694527,-0.078583,4.742106,0.171128,-0.421802,4.755075,0.479024,0.338284,4.419670,0.176085,0.054413,4.525077
2020,0.495641,-1.184472,4.406965,0.555242,-1.200684,4.292044,0.579026,-1.487004,4.211321,1.011220,-1.648862,4.776746,1.190355,-1.099070,4.785731,1.139648,-0.764745,4.775934,0.504777,-0.750132,4.616841,0.798552,-0.562796,4.780617,0.689077,-0.070781,4.740782,0.181810,-0.379781,4.725192,0.487729,0.337348,4.409906,0.145249,0.063553,4.515851
2021,0.429188,-1.060461,4.410657,0.496498,-1.158772,4.296291,0.535744,-1.513677,4.201569,1.012966,-1.657488,4.782068,1.159299,-1.107875,4.796585,1.149621,-0.759508,4.774524,0.497545,-0.742153,4.614953,0.805228,-0.562803,4.779272,0.695816,-0.035852,4.721635,0.194655,-0.346253,4.716664,0.486466,0.318950,4.430641,0.148885,0.053958,4.534006
2022,0.403275,-0.988247,4.431448,0.501578,-1.131616,4.304049,0.543301,-1.506617,4.187265,1.035781,-1.629138,4.762799,1.172056,-1.083745,4.768671,1.143011,-0.750304,4.759535,0.487424,-0.728178,4.621223,0.807891,-0.588005,4.786257,0.702468,-0.033758,4.716293,0.192543,-0.348163,4.725976,0.462587,0.330448,4.417735,0.135631,0.080549,4.510739
2023,0.384181,-0.999332,4.426325,0.438298,-1.189474,4.293557,0.509812,-1.576842,4.169373,1.058480,-1.671830,4.758458,1.195521,-1.093005,4.791205,1.155675,-0.738801,4.766575,0.469320,-0.768393,4.612880,0.842005,-0.619418,4.780051,0.733680,-0.019049,4.697112,0.200488,-0.315226,4.708158,0.493901,0.369114,4.369419,0.135411,0.127224,4.467167
2024,0.652181,-0.828753,4.429498,0.523937,-1.039025,4.325849,0.524255,-1.516636,4.185206,1.035339,-1.702522,4.759996,1.151402,-1.147091,4.788439,1.157328,-0.790886,4.764225,0.493345,-0.772944,4.607833,0.827647,-0.638973,4.781898,0.667796,-0.086042,4.746596,0.221267,-0.311616,4.699245,0.437997,0.314694,4.449371,0.157440,0.116982,4.484190
2025,0.449044,-0.947422,4.425501,0.518356,-1.070252,4.316341,0.545523,-1.518448,4.198791,1.040750,-1.676759,4.760138,1.122300,-1.165998,4.801709,1.145944,-0.800061,4.771996,0.494932,-0.780610,4.618013,0.822657,-0.648156,4.788841,0.623345,-0.111055,4.766376,0.205744,-0.342062,4.708382,0.370652,0.317587,4.439623,0.110424,0.087058,4.512723
2026,0.426972,-1.000557,4.436237,0.482772,-1.118023,4.293730,0.533435,-1.527032,4.149084,1.064413,-1.680008,4.755714,1.158993,-1.120045,4.788558,1.150099,-0.783870,4.762389,0.465042,-0.777282,4.593864,0.832552,-0.608102,4.769393,0.653429,-0.085304,4.744311,0.189618,-0.351338,4.690309,0.421673,0.322488,4.427572,0.072403,0.062032,4.519316
2027,0.724011,-0.810137,4.423038,0.535568,-1.060821,4.302065,0.551076,-1.532613,4.157184,1.060673,-1.668212,4.755686,1.111298,-1.181152,4.783859,1.129856,-0.834051,4.773675,0.459808,-0.784994,4.596862,0.803788,-0.650004,4.780990,0.642626,-0.087913,4.747595,0.203963,-0.340693,4.698063,0.365502,0.312499,4.455854,0.133093,0.099187,4.499048
2028,nan,nan,nan,nan,nan,nan,nan,nan,nan,nan,nan,nan,nan,nan,nan,nan,nan,nan,nan,nan,nan,nan,nan,nan,nan,nan,nan,nan,nan,nan,nan,nan,nan,nan,nan,nan
2029,nan,nan,nan,nan,nan,nan,nan,nan,nan,nan,nan,nan,nan,nan,nan,nan,nan,nan,nan,nan,nan,nan,nan,nan,nan,nan,nan,nan,nan,nan,nan,nan,nan,nan,nan,nan
2030,nan,nan,nan,nan,nan,nan,nan,nan,nan,nan,nan,nan,nan,nan,nan,nan,nan,nan,nan,nan,nan,nan,nan,nan,nan,nan,nan,nan,nan,nan,nan,nan,nan,nan,nan,nan
2031,nan,nan,nan,nan,nan,nan,nan,nan,nan,nan,nan,nan,nan,nan,nan,nan,nan,nan,nan,nan,nan,nan,nan,nan,nan,nan,nan,nan,nan,nan,nan,nan,nan,nan,nan,nan
2032,nan,nan,nan,nan,nan,nan,nan,nan,nan,nan,nan,nan,nan,nan,nan,nan,nan,nan,nan,nan,nan,nan,nan,nan,nan,nan,nan,nan,nan,nan,nan,nan,nan,nan,nan,nan
2033,nan,nan,nan,nan,nan,nan,nan,nan,nan,nan,nan,nan,nan,nan,nan,nan,nan,nan,nan,nan,nan,nan,nan,nan,nan,nan,nan,nan,nan,nan,nan,nan,nan,nan,nan,nan
2034,nan,nan,nan,nan,nan,nan,nan,nan,nan,nan,nan,nan,nan,nan,nan,nan,nan,nan,nan,nan,nan,nan,nan,nan,nan,nan,nan,nan,nan,nan,nan,nan,nan,nan,nan,nan
2035,nan,nan,nan,nan,nan,nan,nan,nan,nan,nan,nan,nan,nan,nan,nan,nan,nan,nan,nan,nan,nan,nan,nan,nan,nan,nan,nan,nan,nan,nan,nan,nan,nan,nan,nan,nan
2036,nan,nan,nan,nan,nan,nan,nan,nan,nan,nan,nan,nan,nan,nan,nan,nan,nan,nan,nan,nan,nan,nan,nan,nan,nan,nan,nan,nan,nan,nan,nan,nan,nan,nan,nan,nan
2037,nan,nan,nan,nan,nan,nan,nan,nan,nan,nan,nan,nan,nan,nan,nan,nan,nan,nan,nan,nan,nan,nan,nan,nan,nan,nan,nan,nan,nan,nan,nan,nan,nan,nan,nan,nan
2038,nan,nan,nan,nan,nan,nan,nan,nan,nan,nan,nan,nan,nan,nan,nan,nan,nan,nan,nan,nan,nan,nan,nan,nan,nan,nan,nan,nan,nan,nan,nan,nan,nan,nan,nan,nan
2039,nan,nan,nan,nan,nan,nan,nan,nan,nan,nan,nan,nan,nan,nan,nan,nan,nan,nan,nan,nan,nan,nan,nan,nan,nan,nan,nan,nan,nan,nan,nan,nan,nan,nan,nan,nan
2040,nan,nan,nan,nan,nan,nan,nan,nan,nan,nan,nan,nan,nan,nan,nan,nan,nan,nan,nan,nan,nan,nan,nan,nan,nan,nan,nan,nan,nan,nan,nan,nan,nan,nan,nan,nan
2041,nan,nan,nan,nan,nan,nan,nan,nan,nan,nan,nan,nan,nan,nan,nan,nan,nan,nan,nan,nan,nan,nan,nan,nan,nan,nan,nan,nan,nan,nan,nan,nan,nan,nan,nan,nan
2042,nan,nan,nan,nan,nan,nan,nan,nan,nan,nan,nan,nan,nan,nan,nan,nan,nan,nan,nan,nan,nan,nan,nan,nan,nan,nan,nan,nan,nan,nan,nan,nan,nan,nan,nan,nan
2043,nan,nan,nan,nan,nan,nan,nan,nan,nan,nan,nan,nan,nan,nan,nan,nan,nan,nan,nan,nan,nan,nan,nan,nan,nan,nan,nan,nan,nan,nan,nan,nan,nan,nan,nan,nan
2044,nan,nan,nan,nan,nan,nan,nan,nan,nan,nan,nan,nan,nan,nan,nan,nan,nan,nan,nan,nan,nan,nan,nan,nan,nan,nan,nan,nan,nan,nan,nan,nan,nan,nan,nan,nan
2045,nan,nan,nan,nan,nan,nan,nan,nan,nan,nan,nan,nan,nan,nan,nan,nan,nan,nan,nan,nan,nan,nan,nan,nan,nan,nan,nan,nan,nan,nan,nan,nan,nan,nan,nan,nan
2046,nan,nan,nan,nan,nan,nan,nan,nan,nan,nan,nan,nan,nan,nan,nan,nan,nan,nan,nan,nan,nan,nan,nan,nan,nan,nan,nan,nan,nan,nan,nan,nan,nan,nan,nan,nan
2047,nan,nan,nan,nan,nan,nan,nan,nan,nan,nan,nan,nan,nan,nan,nan,nan,nan,nan,nan,nan,nan,nan,nan,nan,nan,nan,nan,nan,nan,nan,nan,nan,nan,nan,nan,nan
2048,nan,nan,nan,nan,nan,nan,nan,nan,nan,nan,nan,nan,nan,nan,nan,nan,nan,nan,nan,nan,nan,nan,nan,nan,nan,nan,nan,nan,nan,nan,nan,nan,nan,nan,nan,nan
2049,nan,nan,nan,nan,nan,nan,nan,nan,nan,nan,nan,nan,nan,nan,nan,nan,nan,nan,nan,nan,nan,nan,nan,nan,nan,nan,nan,nan,nan,nan,nan,nan,nan,nan,nan,nan
2050,0.847824,-0.669660,4.472238,0.660451,-0.925745,4.415286,0.649769,-1.376097,4.287548,1.195910,-1.539604,4.819558,1.215165,-1.000073,4.775267,1.192912,-0.713307,4.806592,0.530394,-0.724288,4.677306,0.859650,-0.582175,4.833624,0.642368,-0.088599,4.755421,0.191114,-0.384122,4.757840,0.402555,0.359324,4.424963,0.116051,0.100040,4.467344
2051,0.772892,-0.845258,4.428221,0.641072,-1.084014,4.352517,0.691499,-1.559061,4.184761,1.264787,-1.545139,4.720844,1.231509,-0.992190,4.758357,1.182263,-0.716739,4.783495,0.512787,-0.812476,4.598733,0.866068,-0.608155,4.757163,0.672430,-0.135402,4.776804,0.206863,-0.409802,4.683420,0.346405,0.252579,4.521915,0.130275,0.103431,4.447115
2052,0.819350,-0.835003,4.412685,0.660978,-1.065375,4.326811,0.642329,-1.582780,4.167925,1.141539,-1.609159,4.731171,1.162341,-1.091761,4.773318,1.160908,-0.769517,4.771836,0.471252,-0.795115,4.586721,0.831887,-0.588656,4.751047,0.652058,-0.082058,4.743948,0.158328,-0.378698,4.689512,0.341395,0.235072,4.535382,0.116984,0.100096,4.466717
2053,0.834706,-0.820492,4.390419,0.578786,-1.072720,4.330112,0.578188,-1.616926,4.228208,1.143374,-1.607782,4.804537,1.183963,-1.113256,4.787769,1.163478,-0.771253,4.759968,0.435543,-0.827279,4.636005,0.836311,-0.639019,4.787696,0.669604,-0.115924,4.782225,0.134306,-0.383039,4.685453,0.357996,0.248302,4.529802,0.073065,0.026222,4.523656
2054,0.728361,-0.769959,4.402810,0.523374,-1.039572,4.318575,0.465775,-1.613643,4.214995,1.090657,-1.688246,4.798854,1.147350,-1.085777,4.789142,1.125157,-0.668224,4.746617,0.421363,-0.782970,4.639038,0.789336,-0.589606,4.788640,0.665795,-0.088834,4.765695,0.126161,-0.441719,4.716832,0.383065,0.274348,4.496754,0.082929,0.030545,4.534361
2055,0.722214,-0.753609,4.395713,0.535956,-1.016841,4.315705,0.465321,-1.597906,4.207823,1.080951,-1.679845,4.802556,1.177539,-1.048714,4.770961,1.130828,-0.720149,4.749384,0.435723,-0.743823,4.647457,0.781168,-0.533765,4.782318,0.661553,0.008580,4.704549,0.107581,-0.408100,4.710340,0.361805,0.265555,4.514835,0.087990,0.007990,4.585860
2056,0.366554,-0.989531,4.401070,0.466309,-1.187148,4.266806,0.465523,-1.564758,4.308808,1.024933,-1.608888,4.845648,1.242728,-1.010938,4.715222,1.156929,-0.712370,4.734498,0.443857,-0.705932,4.650156,0.779501,-0.502514,4.785673,0.652012,-0.004133,4.695107,0.073242,-0.453777,4.749298,0.323881,0.278304,4.509256,0.133664,0.116435,4.489490
2057,0.354007,-1.079208,4.389616,0.418981,-1.291733,4.250211,0.443585,-1.548204,4.297416,1.027098,-1.530945,4.843241,1.230077,-1.067449,4.713380,1.169502,-0.786799,4.735897,0.429833,-0.688051,4.635192,0.777079,-0.493521,4.773123,0.637023,-0.052191,4.726351,0.048585,-0.472072,4.722509,0.395123,0.341359,4.451669,0.153800,0.170011,4.428604
2058,0.390112,-0.967905,4.383124,0.471221,-1.150048,4.259106,0.465106,-1.481346,4.309568,1.052279,-1.460992,4.818326,1.220582,-1.004616,4.716946,1.145669,-0.745852,4.745497,0.459580,-0.648059,4.608037,0.801491,-0.427706,4.729711,0.616106,-0.031309,4.721469,0.047338,-0.486581,4.696108,0.416038,0.331414,4.481887,0.127596,0.110761,4.479387
2059,0.406890,-0.945531,4.388541,0.424756,-1.212384,4.263997,0.463497,-1.467262,4.311168,1.068933,-1.386991,4.801845,1.199590,-1.019033,4.725889,1.131311,-0.774755,4.757935,0.456718,-0.663156,4.603978,0.800833,-0.449922,4.732314,0.614046,-0.074093,4.742926,0.087838,-0.492105,4.638568,0.399433,0.289404,4.482825,0.166863,0.138288,4.430926
2060,0.419710,-0.936415,4.387015,0.437295,-1.196319,4.251562,0.483340,-1.451880,4.314643,1.086170,-1.353807,4.780363,1.214588,-1.001710,4.721992,1.150383,-0.772250,4.737788,0.467921,-0.674322,4.598953,0.803631,-0.477154,4.738637,0.607257,-0.079756,4.740532,0.112544,-0.520345,4.689142,0.422196,0.343063,4.454749,0.185127,0.132750,4.420327
2061,0.391929,-1.002434,4.400162,0.474930,-1.247944,4.264931,0.490489,-1.502757,4.308600,1.092928,-1.425039,4.778849,1.203626,-1.065628,4.748865,1.133116,-0.771752,4.756293,0.502288,-0.703526,4.593414,0.837214,-0.513969,4.736432,0.613582,-0.104206,4.760816,0.144275,-0.523253,4.733593,0.425314,0.306353,4.503267,0.206483,0.140074,4.437334
2062,0.407525,-0.945959,4.399767,0.502130,-1.186892,4.275479,0.509018,-1.466335,4.316075,1.073529,-1.415458,4.780289,1.183292,-1.030662,4.748829,1.141774,-0.771522,4.755260,0.505654,-0.687714,4.591981,0.826951,-0.527973,4.731734,0.625929,-0.119785,4.772040,0.154130,-0.521969,4.667130,0.440975,0.316505,4.470201,0.183845,0.113178,4.432777
2063,0.392248,-0.927162,4.397599,0.464343,-1.173640,4.255313,0.508204,-1.478635,4.301967,1.078900,-1.400129,4.780259,1.201412,-1.035409,4.729603,1.155730,-0.768958,4.744452,0.488213,-0.715719,4.592864,0.811403,-0.541699,4.743238,0.641460,-0.090137,4.752106,0.131410,-0.556873,4.698300,0.412178,0.268214,4.518884,0.160877,0.104562,4.451594
2064,0.382873,-0.988578,4.381768,0.425552,-1.201424,4.256860,0.498104,-1.497855,4.315619,1.076529,-1.417169,4.771374,1.189992,-0.999184,4.730035,1.141028,-0.793790,4.751338,0.471157,-0.692964,4.605930,0.811372,-0.515055,4.738367,0.657394,-0.068789,4.745522,0.132294,-0.509405,4.736598,0.374877,0.269552,4.492141,0.159191,0.115905,4.455939
2065,0.384616,-0.962239,4.399133,0.454990,-1.147063,4.270109,0.523177,-1.493854,4.322355,1.094739,-1.381883,4.767271,1.198439,-0.980584,4.731886,1.139995,-0.779456,4.750294,0.480579,-0.694035,4.607610,0.814755,-0.500126,4.736232,0.664658,-0.055378,4.727058,0.140967,-0.509049,4.740917,0.396126,0.313799,4.431465,0.148814,0.099492,4.456646
2066,0.424470,-1.017395,4.409216,0.495523,-1.259981,4.257618,0.553403,-1.499976,4.327908,1.108148,-1.376202,4.765023,1.215278,-1.001592,4.729644,1.129506,-0.792744,4.752115,0.491739,-0.703551,4.594718,0.808768,-0.514591,4.728131,0.621400,-0.120518,4.752657,0.157379,-0.493308,4.712761,0.388656,0.289139,4.430809,0.178211,0.115670,4.443170
2067,0.410621,-1.047802,4.381946,0.492332,-1.268852,4.236336,0.560223,-1.487565,4.318560,1.099632,-1.355718,4.767692,1.221825,-0.971599,4.714753,1.135983,-0.780430,4.740444,0.487812,-0.714229,4.604554,0.793323,-0.535941,4.747767,0.582657,-0.126149,4.770761,0.153166,-0.512134,4.728865,0.361295,0.269555,4.463284,0.148391,0.115942,4.440944
2068,0.408876,-1.069464,4.381026,0.458035,-1.320074,4.243334,0.553440,-1.520532,4.319947,1.126387,-1.357545,4.759665,1.178736,-1.017221,4.735186,1.112640,-0.777172,4.758947,0.483436,-0.719445,4.596914,0.810336,-0.501692,4.726852,0.603311,-0.062484,4.730534,0.149393,-0.500770,4.714810,0.373921,0.298762,4.444626,0.152072,0.146266,4.414681
2069,0.421459,-1.023962,4.408978,0.485103,-1.238140,4.251684,0.571891,-1.491934,4.329292,1.112873,-1.349153,4.760849,1.218026,-0.994892,4.720644,1.127631,-0.814622,4.754617,0.503056,-0.702428,4.589911,0.804842,-0.511813,4.723943,0.632087,-0.051542,4.722444,0.142127,-0.492728,4.699455,0.369279,0.291426,4.437472,0.152150,0.115290,4.424894
2070,0.410363,-1.053207,4.386122,0.466392,-1.329272,4.230351,0.547925,-1.496108,4.311927,1.094489,-1.368465,4.765631,1.233507,-1.026566,4.713271,1.145090,-0.808298,4.753246,0.480618,-0.713865,4.601307,0.795035,-0.529857,4.741663,0.614550,-0.154116,4.781932,0.139458,-0.510502,4.737649,0.367836,0.249255,4.494027,0.151054,0.098021,4.444094
2071,0.410460,-0.996820,4.388704,0.461762,-1.230905,4.248834,0.536206,-1.509857,4.314505,1.120594,-1.357451,4.757256,1.187894,-0.942953,4.718204,1.132363,-0.729843,4.737679,0.467188,-0.697405,4.596251,0.800800,-0.494627,4.731352,0.646198,-0.090855,4.750799,0.151232,-0.496219,4.727654,0.372174,0.302891,4.432437,0.111151,0.123882,4.418674
2072,0.391849,-1.064898,4.388773,0.461169,-1.296367,4.250638,0.562929,-1.506099,4.320017,1.133818,-1.352159,4.757938,1.211297,-0.968210,4.720549,1.145502,-0.910502,4.764965,0.485330,-0.725477,4.596942,0.814778,-0.502012,4.725420,0.673407,-0.068644,4.731352,0.157508,-0.472491,4.707955,0.357589,0.236991,4.495618,0.170856,0.065344,4.472552
2073,0.414501,-1.064172,4.397125,0.473344,-1.299196,4.240866,0.580552,-1.495881,4.332418,1.117408,-1.329730,4.750012,1.226194,-0.996060,4.709595,1.133922,-0.824928,4.755182,0.505284,-0.703514,4.591291,0.804901,-0.515948,4.720622,0.629479,-0.070595,4.731718,0.148040,-0.490570,4.713830,0.401417,0.306750,4.433525,0.182992,0.089975,4.437458
2074,0.405480,-1.027272,4.381831,0.469362,-1.288379,4.230630,0.555703,-1.493922,4.312120,1.111042,-1.356046,4.753302,1.241711,-0.999996,4.697658,1.135822,-0.806702,4.752573,0.475614,-0.729018,4.596793,0.782523,-0.528475,4.735442,0.599361,-0.070659,4.737518,0.170915,-0.520734,4.730612,0.354062,0.224288,4.506556,0.153406,0.079066,4.454925
2075,0.385697,-1.036715,4.388990,0.444421,-1.243327,4.249086,0.556986,-1.510286,4.319076,1.131355,-1.347817,4.750138,1.199726,-0.970011,4.721262,1.137731,-0.758404,4.748455,0.485681,-0.709581,4.601401,0.809107,-0.508590,4.729256,0.644814,-0.059357,4.729318,0.143492,-0.476732,4.725396,0.367716,0.256362,4.492414,0.158892,0.117958,4.424820
2076,0.394549,-1.057797,4.386158,0.469469,-1.295266,4.238914,0.555195,-1.498541,4.314767,1.128427,-1.342745,4.752871,1.190067,-0.975040,4.727767,1.130208,-0.790985,4.751358,0.478568,-0.705305,4.599847,0.799013,-0.494608,4.728537,0.618152,-0.074137,4.741069,0.148897,-0.490787,4.733344,0.388455,0.322652,4.428339,0.155277,0.124706,4.401881
2077,0.405494,-1.064661,4.402603,0.463741,-1.296839,4.238238,0.565168,-1.489161,4.323204,1.127844,-1.346878,4.759195,1.210864,-1.021741,4.718451,1.142581,-0.826688,4.743817,0.495080,-0.710853,4.602044,0.817430,-0.513113,4.728912,0.655372,-0.060085,4.725070,0.167406,-0.484014,4.704857,0.432931,0.336378,4.433021,0.194916,0.101458,4.443641
2078,0.419244,-1.061042,4.410352,0.477392,-1.209747,4.251991,0.568269,-1.481923,4.330011,1.123446,-1.353922,4.753110,1.232930,-0.994803,4.710093,1.145010,-0.849020,4.754397,0.498848,-0.705419,4.595022,0.808309,-0.515261,4.723918,0.636712,-0.073253,4.731347,0.171682,-0.497259,4.706748,0.391702,0.300857,4.450050,0.173304,0.118822,4.426582
2079,0.415756,-1.025815,4.407595,0.481152,-1.206898,4.263730,0.556778,-1.485550,4.321205,1.118965,-1.358949,4.757864,1.244144,-1.028452,4.723488,1.142715,-0.799289,4.761497,0.504426,-0.711146,4.596253,0.823181,-0.523268,4.727613,0.628382,-0.097471,4.746734,0.175641,-0.517883,4.715871,0.384364,0.245824,4.503477,0.172417,0.101645,4.468088
2080,0.434775,-0.993401,4.396226,0.473407,-1.200011,4.249230,0.539725,-1.494410,4.319996,1.114087,-1.378340,4.744423,1.203948,-1.019856,4.708748,1.127086,-0.762622,4.748385,0.499212,-0.738095,4.616200,0.818387,-0.551934,4.743730,0.625071,-0.086073,4.743649,0.142936,-0.504073,4.722879,0.366433,0.255714,4.507873,0.166175,0.124817,4.447396
2081,0.400184,-1.005574,4.394618,0.449282,-1.192098,4.263878,0.534874,-1.491050,4.317520,1.127308,-1.413781,4.750986,1.232592,-1.074471,4.723387,1.150483,-0.800044,4.745451,0.489055,-0.716468,4.612801,0.837493,-0.529053,4.735540,0.614210,-0.077253,4.744336,0.134194,-0.474310,4.730107,0.412854,0.308571,4.460442,0.173341,0.146547,4.431367
2082,0.390140,-0.985346,4.385510,0.449526,-1.201079,4.246909,0.533110,-1.498829,4.315697,1.121462,-1.421430,4.757879,1.235224,-1.044477,4.719265,1.140751,-0.800261,4.751712,0.479216,-0.713240,4.618727,0.828700,-0.506090,4.738745,0.661259,-0.070294,4.736054,0.142637,-0.499456,4.742062,0.419929,0.337081,4.438307,0.190743,0.132933,4.455355
2083,0.390186,-1.011860,4.397083,0.458569,-1.190623,4.256365,0.535185,-1.497841,4.317718,1.119867,-1.425789,4.763090,1.216985,-1.090449,4.733398,1.140712,-0.801100,4.744454,0.493710,-0.713839,4.614880,0.833739,-0.505683,4.735384,0.626255,-0.079673,4.745722,0.141764,-0.489981,4.713774,0.419583,0.308844,4.487287,0.200511,0.167165,4.406299
2084,0.389856,-1.018968,4.389320,0.466153,-1.217500,4.256781,0.528066,-1.509303,4.314689,1.121073,-1.410401,4.760329,1.229841,-1.099634,4.734348,1.136206,-0.790340,4.752490,0.488627,-0.721312,4.618419,0.823461,-0.497550,4.736644,0.624724,-0.131910,4.775012,0.143020,-0.496174,4.710642,0.396709,0.243219,4.518288,0.193869,0.091605,4.471191
2085,0.400363,-1.001480,4.398694,0.458465,-1.207969,4.245844,0.529267,-1.504699,4.313298,1.129213,-1.403996,4.758610,1.237592,-1.050126,4.721552,1.135900,-0.812593,4.753399,0.489520,-0.725185,4.607676,0.828814,-0.514591,4.731138,0.618745,-0.086201,4.745186,0.157224,-0.469413,4.710428,0.363434,0.250815,4.500763,0.192361,0.126429,4.444947
2086,0.402764,-0.997492,4.399279,0.461395,-1.200248,4.254406,0.528929,-1.502186,4.313311,1.135888,-1.395940,4.755848,1.239136,-1.052800,4.722296,1.137427,-0.788364,4.746169,0.491812,-0.724507,4.602592,0.827100,-0.511692,4.727836,0.623502,-0.108826,4.759994,0.162207,-0.491065,4.715167,0.409632,0.311929,4.455674,0.181103,0.105191,4.443749
2087,0.398855,-1.011451,4.398038,0.435516,-1.210579,4.237232,0.524419,-1.497092,4.313661,1.123053,-1.387998,4.751838,1.229418,-0.978126,4.709335,1.143834,-0.792755,4.750809,0.492537,-0.720863,4.607852,0.828986,-0.518579,4.727842,0.647151,-0.080956,4.739082,0.160155,-0.494968,4.722125,0.415473,0.284445,4.474753,0.176362,0.078261,4.476999
2088,0.396240,-0.995686,4.402822,0.440486,-1.209067,4.240963,0.521785,-1.497874,4.314166,1.124964,-1.401227,4.759993,1.248465,-0.958964,4.698501,1.148814,-0.808692,4.742566,0.491245,-0.724381,4.603305,0.828493,-0.524653,4.727589,0.642798,-0.069961,4.734349,0.164097,-0.512869,4.729911,0.405027,0.315949,4.453065,0.169741,0.138540,4.421360
2089,0.408741,-0.997787,4.399794,0.458703,-1.200593,4.252914,0.527312,-1.492328,4.320839,1.125824,-1.390410,4.751890,1.232644,-1.042468,4.720289,1.140860,-0.803115,4.754606,0.502022,-0.724404,4.592509,0.830740,-0.536787,4.727774,0.648424,-0.087221,4.742495,0.168408,-0.519254,4.678586,0.425892,0.295028,4.469832,0.170317,0.075770,4.485928
2090,0.393550,-1.007769,4.383463,0.462467,-1.252970,4.234060,0.513525,-1.497463,4.312308,1.117944,-1.399430,4.750654,1.218743,-1.048568,4.704622,1.139542,-0.789773,4.746276,0.485866,-0.743570,4.615205,0.820810,-0.554066,4.739286,0.644757,-0.090633,4.752214,0.148109,-0.514702,4.732690,0.368716,0.237916,4.522615,0.175845,0.097325,4.461084
2091,0.405472,-1.017576,4.394596,0.472808,-1.221448,4.237837,0.505872,-1.489460,4.311615,1.125303,-1.392555,4.754200,1.239113,-1.070024,4.712378,1.147142,-0.788111,4.735799,0.485550,-0.702613,4.606217,0.827581,-0.504956,4.733044,0.650153,-0.056221,4.723290,0.149015,-0.460891,4.710911,0.416873,0.337008,4.442451,0.161526,0.153237,4.398375
2092,0.383002,-0.991648,4.387473,0.428084,-1.186166,4.237929,0.503905,-1.478805,4.316649,1.124680,-1.391731,4.756422,1.237278,-1.054432,4.715854,1.149607,-0.793848,4.747077,0.473111,-0.680212,4.604349,0.818932,-0.474919,4.733372,0.611792,-0.077649,4.744087,0.147308,-0.481564,4.717520,0.371428,0.261805,4.487433,0.165648,0.112669,4.459456
2093,0.390353,-1.013659,4.394405,0.446723,-1.206908,4.242373,0.509177,-1.497421,4.313036,1.142365,-1.387681,4.744926,1.229025,-1.029060,4.718686,1.139326,-0.804027,4.753170,0.473472,-0.718538,4.605968,0.820485,-0.488768,4.725614,0.621275,-0.119702,4.767422,0.155885,-0.476279,4.720134,0.381130,0.283025,4.473496,0.161958,0.136154,4.419511
2094,0.381644,-1.021629,4.396111,0.456791,-1.267393,4.241151,0.516013,-1.495840,4.315729,1.128400,-1.367592,4.750852,1.236442,-1.077072,4.714740,1.140210,-0.807285,4.747559,0.477858,-0.729042,4.607219,0.819083,-0.500788,4.731165,0.627719,-0.064329,4.735395,0.162397,-0.503718,4.720174,0.404558,0.337251,4.436314,0.164339,0.126663,4.409523
2095,0.370557,-1.029641,4.405090,0.423006,-1.233901,4.248758,0.512738,-1.500231,4.314079,1.122249,-1.372967,4.756967,1.227788,-1.079930,4.727595,1.136428,-0.813274,4.752602,0.457640,-0.713032,4.600471,0.799936,-0.479777,4.729307,0.629871,-0.042470,4.721817,0.157733,-0.488672,4.711715,0.415466,0.345011,4.433596,0.175026,0.110930,4.417794
2096,0.385280,-1.007885,4.390924,0.435110,-1.214074,4.219995,0.509079,-1.491584,4.313960,1.120576,-1.382011,4.752313,1.225528,-1.020365,4.720289,1.128904,-0.780850,4.749332,0.462453,-0.705222,4.606483,0.805286,-0.484324,4.730940,0.633567,-0.025960,4.709723,0.128923,-0.506963,4.724035,0.380798,0.270049,4.471859,0.136784,0.073966,4.481843
2097,0.382799,-0.999403,4.394041,0.441044,-1.256235,4.213546,0.493631,-1.502145,4.318987,1.138651,-1.388035,4.753025,1.226927,-1.035604,4.727992,1.139229,-0.764901,4.748137,0.468177,-0.706503,4.610542,0.820088,-0.490158,4.734439,0.608158,-0.093733,4.749952,0.140678,-0.447518,4.704089,0.349689,0.272425,4.477785,0.165310,0.154998,4.422040
2098,0.376820,-1.016900,4.386584,0.442188,-1.221895,4.230355,0.500178,-1.504792,4.317638,1.132172,-1.399444,4.756305,1.250359,-1.049695,4.721967,1.144105,-0.789593,4.750995,0.467929,-0.708950,4.604476,0.808173,-0.474554,4.728677,0.615661,-0.095793,4.752118,0.127902,-0.493583,4.711526,0.377423,0.299210,4.463655,0.167942,0.161209,4.408839
2099,0.380196,-1.023571,4.392164,0.425343,-1.218479,4.238318,0.508821,-1.499957,4.317410,1.127282,-1.377359,4.755278,1.229191,-1.065914,4.719821,1.145551,-0.804991,4.752287,0.467318,-0.715631,4.603366,0.803712,-0.485739,4.730223,0.637207,-0.023478,4.709494,0.143486,-0.467623,4.704658,0.384982,0.294132,4.467283,0.177202,0.117224,4.427319
2100,0.378090,-1.019196,4.399956,0.436072,-1.226284,4.250248,0.515364,-1.502780,4.305929,1.129542,-1.371731,4.754830,1.217118,-1.042856,4.723407,1.133670,-0.806880,4.749757,0.465112,-0.712818,4.600624,0.808467,-0.484444,4.728774,0.654148,-0.064366,4.732159,0.159614,-0.515223,4.719812,0.375823,0.294128,4.476033,0.174465,0.116123,4.416365
2101,0.376097,-1.001841,4.387267,0.438987,-1.228827,4.212858,0.505484,-1.496029,4.313918,1.114009,-1.371726,4.758504,1.224489,-1.030771,4.718771,1.125244,-0.798690,4.756184,0.474482,-0.726978,4.614081,0.811401,-0.507698,4.740929,0.626158,-0.035094,4.713903,0.123935,-0.514198,4.715117,0.376630,0.294732,4.476526,0.137970,0.115751,4.439635
2102,0.381560,-0.995919,4.392111,0.452235,-1.205456,4.224766,0.493483,-1.493206,4.313664,1.129895,-1.408812,4.761353,1.248230,-1.046726,4.717481,1.156350,-0.786831,4.744606,0.469808,-0.695492,4.604858,0.814667,-0.467931,4.728219,0.612888,-0.047929,4.725458,0.140309,-0.477077,4.727267,0.376219,0.269161,4.490093,0.158958,0.120090,4.463852
2103,0.376831,-1.003642,4.393336,0.447223,-1.233142,4.225969,0.491188,-1.503697,4.306065,1.123887,-1.397038,4.758644,1.244015,-1.096312,4.725979,1.135412,-0.814366,4.757437,0.472221,-0.720179,4.607740,0.815100,-0.490730,4.734170,0.608495,-0.045209,4.719925,0.142562,-0.474410,4.719493,0.372743,0.278742,4.488709,0.178379,0.145435,4.414395
2104,0.385879,-0.987086,4.393841,0.472674,-1.238738,4.236688,0.516624,-1.487051,4.315831,1.108752,-1.382188,4.760517,1.240860,-1.069019,4.714466,1.153415,-0.789884,4.740449,0.473890,-0.681811,4.598964,0.805768,-0.483965,4.728399,0.603345,-0.084746,4.746413,0.130581,-0.480237,4.687185,0.391639,0.330245,4.461240,0.154376,0.141352,4.412784
2105,0.376213,-1.040271,4.391880,0.418371,-1.246690,4.248806,0.508975,-1.505671,4.312918,1.126543,-1.377731,4.756107,1.238281,-1.038631,4.710758,1.151063,-0.790899,4.735715,0.473512,-0.721728,4.601291,0.814359,-0.489246,4.725108,0.663336,-0.036480,4.719274,0.149411,-0.481280,4.713142,0.379536,0.256743,4.497246,0.158995,0.115179,4.414821
2106,0.380489,-1.012648,4.386566,0.440863,-1.275718,4.218304,0.506981,-1.493917,4.314047,1.117128,-1.372404,4.755404,1.247388,-1.044415,4.715511,1.148632,-0.811433,4.755344,0.473155,-0.715795,4.604139,0.808622,-0.507454,4.738333,0.642500,-0.036006,4.716838,0.146122,-0.499991,4.725232,0.347011,0.245280,4.521895,0.108482,0.098490,4.452003
2107,0.380115,-0.980219,4.396251,0.426812,-1.179115,4.226282,0.488187,-1.490811,4.312976,1.119932,-1.388468,4.756204,1.260139,-1.023151,4.708924,1.144991,-0.786427,4.746140,0.465094,-0.704395,4.603023,0.810350,-0.481378,4.732237,0.668457,-0.026922,4.706428,0.159837,-0.473771,4.710275,0.362066,0.284256,4.481918,0.167446,0.136902,4.417224
2108,0.372181,-1.016008,4.388842,0.425403,-1.213356,4.218691,0.496549,-1.499814,4.309922,1.127277,-1.400575,4.758374,1.247258,-1.045565,4.714527,1.132305,-0.795485,4.748497,0.464512,-0.709898,4.603690,0.807824,-0.482113,4.727227,0.662375,-0.037695,4.712873,0.158682,-0.486521,4.713099,0.395841,0.324952,4.439853,0.160447,0.147251,4.407236
2109,0.372557,-1.027802,4.393923,0.433810,-1.243920,4.242397,0.501812,-1.504051,4.314467,1.111150,-1.411802,4.763968,1.251183,-1.003605,4.707042,1.145903,-0.799674,4.750668,0.463533,-0.711415,4.599618,0.804677,-0.486817,4.728592,0.664725,-0.047551,4.716807,0.169323,-0.477378,4.695837,0.390486,0.321795,4.444220,0.176154,0.131062,4.404051
2110,0.375153,-1.027602,4.389681,0.443119,-1.282725,4.241580,0.502603,-1.499613,4.311744,1.109204,-1.400778,4.764648,1.233447,-1.070041,4.722618,1.131310,-0.834128,4.761315,0.465825,-0.697338,4.599470,0.806160,-0.490328,4.725741,0.631584,-0.044890,4.720144,0.155349,-0.497969,4.710771,0.406732,0.289331,4.476835,0.164633,0.112405,4.423165
2111,0.370699,-1.014835,4.390085,0.436550,-1.222182,4.212801,0.503029,-1.481917,4.306625,1.096044,-1.388403,4.763877,1.239606,-1.053387,4.716332,1.144200,-0.810273,4.745369,0.463561,-0.703626,4.604530,0.799279,-0.503476,4.739483,0.618585,-0.047455,4.720644,0.147513,-0.504033,4.723528,0.359652,0.230682,4.530756,0.124209,0.113126,4.445735
2112,0.398883,-0.955678,4.394035,0.441342,-1.152011,4.235262,0.492168,-1.489760,4.306581,1.115071,-1.427452,4.764118,1.248895,-1.019831,4.706072,1.151896,-0.769186,4.741398,0.473223,-0.703869,4.606828,0.813702,-0.486109,4.734708,0.618242,-0.057098,4.729029,0.124451,-0.495720,4.700642,0.342295,0.295408,4.467661,0.153455,0.143733,4.429834
2113,0.370726,-1.009465,4.386843,0.431927,-1.224068,4.227576,0.488249,-1.501704,4.310083,1.101663,-1.412683,4.762294,1.250679,-1.082196,4.721688,1.145489,-0.795561,4.752245,0.457430,-0.700838,4.609389,0.800686,-0.484343,4.735539,0.629143,-0.075774,4.740484,0.120604,-0.502639,4.701829,0.365214,0.263298,4.492711,0.162148,0.122632,4.445027
2114,0.378557,-0.977684,4.391988,0.427394,-1.199017,4.240424,0.488807,-1.489940,4.306879,1.102739,-1.410128,4.767272,1.272553,-1.036249,4.714419,1.151857,-0.789950,4.757370,0.468016,-0.685591,4.608759,0.811954,-0.482444,4.739267,0.627482,-0.078838,4.747422,0.123349,-0.503776,4.705383,0.359450,0.282061,4.501330,0.169342,0.118810,4.454344
2115,0.382319,-0.979914,4.394229,0.424480,-1.189461,4.242527,0.489317,-1.489628,4.305467,1.099947,-1.416606,4.768344,1.263850,-1.004136,4.708098,1.161986,-0.781936,4.745410,0.469047,-0.690739,4.610254,0.810577,-0.482174,4.741158,0.634867,-0.054888,4.729602,0.108950,-0.486488,4.701777,0.401597,0.267605,4.506346,0.144097,0.099828,4.464757
2116,0.379962,-0.980167,4.391104,0.433185,-1.192886,4.239870,0.494411,-1.484061,4.310832,1.102174,-1.376002,4.762797,1.260945,-1.014073,4.707169,1.151335,-0.781855,4.750483,0.466187,-0.680849,4.605578,0.803272,-0.474512,4.735892,0.621917,-0.058325,4.733083,0.123650,-0.505380,4.703009,0.398419,0.285721,4.488911,0.154746,0.115218,4.447134
2117,0.379369,-1.028035,4.392395,0.442481,-1.272262,4.226642,0.489025,-1.485214,4.302109,1.100289,-1.388267,4.762409,1.266513,-1.011934,4.709271,1.154113,-0.771223,4.749821,0.459292,-0.676091,4.606513,0.803797,-0.468271,4.734759,0.606928,-0.058744,4.734606,0.137138,-0.490725,4.741068,0.369248,0.253568,4.508678,0.148457,0.108829,4.453068
2118,0.382906,-0.971184,4.388938,0.419196,-1.208358,4.235433,0.483901,-1.492563,4.308521,1.100934,-1.416559,4.767441,1.268659,-1.015068,4.704856,1.139223,-0.786414,4.751402,0.455685,-0.684500,4.606787,0.793783,-0.472399,4.735043,0.608423,-0.061755,4.738529,0.136904,-0.465074,4.724864,0.371929,0.268946,4.493999,0.131224,0.066777,4.479571
2119,0.367914,-0.991190,4.391726,0.415215,-1.218719,4.234447,0.477723,-1.495736,4.308016,1.096561,-1.400067,4.762351,1.263053,-0.986666,4.698595,1.132594,-0.773011,4.750784,0.449194,-0.678800,4.604910,0.789743,-0.456706,4.731988,0.613735,-0.089770,4.746500,0.150725,-0.487603,4.728189,0.387109,0.316632,4.458268,0.161273,0.146430,4.432689
2120,0.377888,-1.006666,4.388992,0.427879,-1.219029,4.231940,0.485961,-1.504370,4.313246,1.093181,-1.415072,4.762746,1.251234,-1.004513,4.706960,1.130974,-0.811028,4.764349,0.464854,-0.703642,4.605556,0.806701,-0.494314,4.737512,0.601583,-0.115928,4.761468,0.121460,-0.479404,4.710831,0.370775,0.255205,4.513420,0.167063,0.152420,4.407675
2121,0.380098,-0.990525,4.396467,0.416275,-1.252594,4.239467,0.491593,-1.489925,4.304751,1.086001,-1.399745,4.765944,1.250600,-1.010864,4.701477,1.150345,-0.797429,4.749579,0.465044,-0.675300,4.599877,0.803601,-0.483258,4.734123,0.610064,-0.121892,4.770465,0.121411,-0.495255,4.694360,0.356267,0.282547,4.492771,0.131642,0.144233,4.413188
2122,0.391599,-0.989818,4.408436,0.451036,-1.234079,4.263585,0.486031,-1.508677,4.303789,1.082770,-1.414868,4.772805,1.235293,-1.028602,4.715470,1.150428,-0.769058,4.738426,0.467629,-0.702691,4.600806,0.809701,-0.497929,4.735842,0.638280,-0.084695,4.749335,0.155850,-0.480283,4.713633,0.370829,0.293705,4.505169,0.204554,0.124151,4.423440
2123,0.376231,-1.005831,4.400893,0.403615,-1.245933,4.258509,0.470896,-1.490705,4.305932,1.048264,-1.404657,4.784053,1.197410,-1.036131,4.726766,1.157604,-0.764723,4.748743,0.441833,-0.676956,4.603863,0.782792,-0.473656,4.740958,0.617135,-0.044580,4.725061,0.134546,-0.481782,4.710441,0.381578,0.302273,4.485648,0.158602,0.128016,4.420542
2124,0.364245,-1.026069,4.396637,0.410459,-1.273682,4.241562,0.470017,-1.498157,4.308387,1.039704,-1.428514,4.788099,1.185023,-1.130055,4.738791,1.127721,-0.801458,4.760554,0.441497,-0.697976,4.614296,0.781107,-0.491976,4.751354,0.604834,-0.086806,4.751405,0.132961,-0.498191,4.722031,0.369716,0.266255,4.519119,0.153276,0.123289,4.425035
2125,0.372831,-1.002233,4.402213,0.433271,-1.245368,4.249165,0.476194,-1.489910,4.307415,1.030070,-1.430766,4.789406,1.174495,-1.104715,4.740088,1.135007,-0.802083,4.759028,0.449618,-0.671965,4.613174,0.791689,-0.477715,4.745553,0.601332,-0.126398,4.777450,0.113998,-0.510279,4.693007,0.393104,0.298313,4.498891,0.166857,0.155019,4.397372
2126,0.368907,-0.989089,4.386052,0.435400,-1.217967,4.270695,0.456866,-1.475975,4.304339,1.035594,-1.443210,4.802514,1.139288,-1.101027,4.749276,1.125877,-0.783276,4.753529,0.439782,-0.659163,4.616518,0.776111,-0.457155,4.747416,0.608120,-0.001511,4.701035,0.115575,-0.483054,4.738443,0.394488,0.337602,4.438416,0.156823,0.129762,4.467098
2127,0.369203,-0.984517,4.398187,0.440553,-1.247251,4.258446,0.459068,-1.481296,4.300034,1.030845,-1.421870,4.780366,1.172081,-1.081285,4.731734,1.137695,-0.809029,4.756341,0.456183,-0.654889,4.613162,0.785922,-0.451117,4.743670,0.611056,-0.070061,4.742449,0.104967,-0.453776,4.755266,0.336433,0.277301,4.514297,0.167685,0.140356,4.436265
2128,0.401282,-0.927072,4.389418,0.476426,-1.150773,4.270877,0.470990,-1.450823,4.301691,1.023736,-1.437919,4.791865,1.169945,-1.096596,4.738887,1.150560,-0.815885,4.759083,0.480700,-0.650520,4.623337,0.798419,-0.462156,4.751241,0.614191,-0.027184,4.717514,0.138463,-0.448485,4.705694,0.398895,0.339074,4.479321,0.173011,0.150829,4.422402
2129,0.371212,-0.932225,4.385096,0.463542,-1.144044,4.258499,0.468355,-1.449090,4.304835,1.028177,-1.407727,4.789587,1.198158,-1.039761,4.737153,1.139385,-0.787229,4.751174,0.465615,-0.642827,4.623631,0.791288,-0.438238,4.744993,0.653094,-0.006571,4.701738,0.140591,-0.456717,4.738713,0.361556,0.251367,4.529943,0.172377,0.156599,4.437778
2130,0.353800,-0.962622,4.391909,0.454572,-1.162987,4.254657,0.464348,-1.455706,4.301429,1.034241,-1.415945,4.801805,1.196514,-1.062525,4.737465,1.132150,-0.789352,4.757852,0.471408,-0.662878,4.620256,0.787169,-0.445254,4.747510,0.624198,0.006702,4.690366,0.103040,-0.466526,4.740420,0.380547,0.272411,4.502988,0.151266,0.132256,4.455311
2131,0.364193,-0.951191,4.394308,0.471676,-1.119666,4.262422,0.455389,-1.431041,4.303514,1.024100,-1.440803,4.805268,1.199081,-1.097012,4.739406,1.151086,-0.811913,4.753778,0.461652,-0.656040,4.623657,0.785299,-0.464504,4.756300,0.598357,-0.023748,4.712831,0.114979,-0.453262,4.745674,0.329904,0.278879,4.508141,0.164317,0.175315,4.407815
2132,0.369519,-0.923332,4.397705,0.480236,-1.106639,4.274016,0.469369,-1.412820,4.310142,1.018577,-1.414391,4.790064,1.211094,-1.063629,4.735305,1.155801,-0.768145,4.750786,0.486220,-0.646037,4.630095,0.814257,-0.447049,4.751714,0.600548,-0.036778,4.724131,0.115429,-0.468860,4.728584,0.356437,0.301040,4.493617,0.154039,0.167552,4.433812
2133,0.403033,-0.961077,4.394304,0.468168,-1.190175,4.259889,0.457274,-1.446116,4.302942,1.011323,-1.382760,4.789459,1.201784,-1.047316,4.741569,1.148629,-0.772382,4.756468,0.476698,-0.663129,4.624071,0.802931,-0.437440,4.742504,0.564472,-0.012078,4.698469,0.150069,-0.423092,4.713955,0.326594,0.265769,4.520016,0.175761,0.128702,4.468497
2134,0.380936,-0.919413,4.395856,0.467452,-1.144804,4.267615,0.455936,-1.435727,4.301282,1.015260,-1.413577,4.793510,1.173203,-1.079096,4.754962,1.148476,-0.796846,4.765376,0.465802,-0.652534,4.622836,0.803703,-0.447882,4.743945,0.589291,-0.064414,4.739608,0.130020,-0.464625,4.734818,0.363486,0.283163,4.492144,0.180460,0.142557,4.448792
2135,0.371674,-0.945199,4.395637,0.452451,-1.147000,4.269971,0.453356,-1.429508,4.297161,1.003000,-1.440205,4.803501,1.170064,-1.116065,4.751759,1.138424,-0.805171,4.760666,0.470197,-0.661655,4.619602,0.804510,-0.480071,4.755459,0.600237,-0.077467,4.746192,0.120641,-0.434577,4.683326,0.403728,0.326422,4.470101,0.203421,0.155277,4.417147
2136,0.404629,-0.906387,4.391495,0.484213,-1.112524,4.254430,0.465342,-1.417801,4.300870,1.017996,-1.393851,4.783663,1.195283,-1.059814,4.739842,1.133373,-0.759290,4.755918,0.497724,-0.633983,4.608288,0.826304,-0.450139,4.730733,0.587017,-0.069048,4.740321,0.132832,-0.456954,4.724349,0.361445,0.274650,4.523370,0.188754,0.159741,4.446665
2137,0.363033,-0.936513,4.402237,0.441860,-1.124374,4.257115,0.451649,-1.413042,4.299559,1.009554,-1.415659,4.791837,1.176518,-1.072244,4.748414,1.147126,-0.773308,4.757848,0.476343,-0.642908,4.618630,0.808522,-0.452481,4.742022,0.607128,-0.069487,4.742747,0.114608,-0.448922,4.718343,0.398499,0.314453,4.471750,0.194756,0.163110,4.411047
2138,0.359564,-0.968095,4.403133,0.449063,-1.157224,4.252648,0.448345,-1.417533,4.299384,1.010652,-1.387366,4.791327,1.208976,-1.072558,4.737366,1.140125,-0.785459,4.760864,0.479626,-0.644032,4.614270,0.806758,-0.453459,4.740279,0.584703,-0.069136,4.738493,0.133736,-0.444078,4.707936,0.366392,0.289387,4.492735,0.190388,0.158187,4.435050
2139,0.359369,-0.954550,4.399125,0.462394,-1.127244,4.259922,0.446959,-1.419382,4.297356,1.003277,-1.409864,4.797790,1.200764,-1.106362,4.740244,1.139361,-0.794888,4.756956,0.475127,-0.642353,4.619139,0.799778,-0.457935,4.747428,0.591511,-0.068488,4.740585,0.112806,-0.440344,4.717790,0.370828,0.264005,4.509134,0.175719,0.121416,4.451879
2140,0.355788,-0.930665,4.397428,0.456805,-1.114399,4.258676,0.448434,-1.399514,4.298261,1.002867,-1.400983,4.793293,1.205958,-1.087692,4.743347,1.140933,-0.786966,4.759000,0.475445,-0.631028,4.614318,0.808379,-0.445566,4.742594,0.590702,-0.053387,4.735033,0.143445,-0.435848,4.733514,0.367337,0.325541,4.473985,0.201495,0.176609,4.418032
2141,0.356787,-0.959145,4.396719,0.455246,-1.164183,4.248501,0.440046,-1.421264,4.292492,1.004181,-1.400473,4.789797,1.196695,-1.106170,4.744526,1.144188,-0.789036,4.757644,0.467755,-0.661225,4.622787,0.805749,-0.465593,4.745884,0.599387,-0.063206,4.736980,0.126086,-0.443375,4.718781,0.395891,0.306921,4.483276,0.205368,0.180741,4.413344
2142,0.368286,-0.907096,4.387348,0.454878,-1.113929,4.263487,0.433767,-1.410765,4.298703,1.004857,-1.398479,4.788471,1.171544,-1.078522,4.737866,1.133186,-0.769121,4.750770,0.478220,-0.652616,4.614263,0.820577,-0.461197,4.737054,0.597396,-0.058957,4.737339,0.144240,-0.464802,4.748425,0.416829,0.333590,4.485096,0.203467,0.159956,4.443859
2143,0.357514,-0.948185,4.391801,0.455402,-1.119729,4.256676,0.433180,-1.417905,4.297458,0.996336,-1.407338,4.798400,1.173323,-1.100014,4.739872,1.135925,-0.767214,4.748585,0.471987,-0.655555,4.611605,0.814679,-0.471978,4.744797,0.597827,-0.098559,4.760472,0.144764,-0.475433,4.686216,0.401385,0.292239,4.516557,0.211140,0.178873,4.413148
2144,0.356989,-0.963102,4.403803,0.452660,-1.154098,4.259652,0.446171,-1.402357,4.300141,0.993238,-1.390842,4.801892,1.188779,-1.108707,4.743362,1.140675,-0.773856,4.754556,0.472538,-0.662955,4.614199,0.810869,-0.464677,4.743912,0.610741,-0.070173,4.744781,0.117517,-0.471860,4.671215,0.404514,0.303147,4.493390,0.198403,0.171001,4.412676
2145,0.357264,-0.961485,4.388983,0.460971,-1.152061,4.262381,0.438323,-1.414408,4.296394,0.989196,-1.412440,4.797995,1.181667,-1.116087,4.744318,1.134333,-0.785104,4.757620,0.485162,-0.651605,4.614317,0.820177,-0.468586,4.737905,0.612576,-0.072869,4.746499,0.125519,-0.475255,4.703928,0.419508,0.289522,4.506344,0.200881,0.169255,4.427174
2146,0.361567,-0.951593,4.389981,0.454613,-1.157138,4.258445,0.432468,-1.420276,4.294352,0.998278,-1.392738,4.798408,1.197320,-1.078881,4.737153,1.135211,-0.771611,4.753527,0.482375,-0.639619,4.611363,0.823586,-0.463904,4.736284,0.610258,-0.125064,4.777118,0.117900,-0.462697,4.693867,0.423198,0.330996,4.474661,0.177191,0.177134,4.411386
2147,0.362618,-0.923310,4.399823,0.471433,-1.100936,4.275357,0.435342,-1.407500,4.296573,0.984952,-1.412814,4.804859,1.176614,-1.100275,4.744486,1.135387,-0.767241,4.750569,0.494661,-0.639508,4.616622,0.826173,-0.460792,4.741428,0.629761,-0.057544,4.730700,0.157125,-0.453297,4.736808,0.394491,0.284510,4.508667,0.200617,0.181207,4.421663
2148,0.354274,-0.948539,4.396419,0.458025,-1.155224,4.274585,0.442156,-1.398132,4.298419,1.002886,-1.380703,4.795758,1.195469,-1.053455,4.738130,1.134222,-0.747814,4.749578,0.494636,-0.647045,4.626448,0.837821,-0.468274,4.747153,0.621561,-0.070936,4.737941,0.171996,-0.457069,4.738512,0.380078,0.303220,4.488338,0.197728,0.160523,4.444563
2149,0.367181,-0.943100,4.406885,0.462044,-1.171273,4.267855,0.436985,-1.403315,4.299743,0.995247,-1.382736,4.811985,1.212696,-1.084389,4.731121,1.143492,-0.772557,4.756266,0.471528,-0.645088,4.612343,0.809336,-0.449715,4.743569,0.580692,-0.089845,4.753757,0.122569,-0.448098,4.680480,0.363628,0.318920,4.462578,0.182645,0.181182,4.401717
2150,0.361685,-0.925879,4.402654,0.457199,-1.122776,4.267141,0.444130,-1.404545,4.293559,1.004786,-1.423556,4.806954,1.183870,-1.140857,4.754101,1.152426,-0.780091,4.760059,0.468696,-0.669935,4.611878,0.813613,-0.472316,4.743737,0.610294,-0.120043,4.775159,0.120828,-0.469607,4.670319,0.405383,0.336204,4.469695,0.200633,0.184616,4.396027
2151,0.381726,-0.895505,4.401881,0.475842,-1.076953,4.274514,0.460115,-1.383104,4.287301,1.017943,-1.397080,4.806353,1.190768,-1.082185,4.750504,1.143526,-0.763901,4.761454,0.473848,-0.652500,4.621590,0.822638,-0.460703,4.744390,0.607519,-0.081454,4.752738,0.120868,-0.462540,4.701251,0.378745,0.344856,4.449461,0.188149,0.183215,4.413251
2152,0.390046,-0.922312,4.400661,0.480154,-1.148418,4.264593,0.463060,-1.404132,4.287392,1.016359,-1.414599,4.805046,1.189583,-1.115840,4.748472,1.148498,-0.745018,4.747854,0.475161,-0.650244,4.623593,0.811484,-0.461365,4.746441,0.602916,-0.095241,4.761785,0.165002,-0.436717,4.744225,0.393402,0.305103,4.478105,0.209165,0.182474,4.416694
2153,0.375816,-0.897237,4.401696,0.468498,-1.105325,4.266943,0.461292,-1.399426,4.291418,1.013405,-1.445488,4.810578,1.198754,-1.105233,4.745438,1.151843,-0.745269,4.750676,0.482086,-0.656454,4.632362,0.817565,-0.476073,4.756804,0.608782,-0.072670,4.747874,0.150606,-0.451913,4.686648,0.371524,0.316911,4.495111,0.182424,0.158378,4.422715
2154,0.386282,-0.866645,4.398232,0.465615,-1.029215,4.279839,0.460254,-1.376578,4.290961,1.001384,-1.460795,4.809500,1.188026,-1.113835,4.747179,1.145161,-0.765316,4.745817,0.485089,-0.644026,4.615334,0.822781,-0.466870,4.746045,0.607573,-0.054220,4.737336,0.153157,-0.480813,4.742452,0.357171,0.310232,4.481657,0.172507,0.128328,4.449799
2155,0.377788,-0.912234,4.410154,0.456070,-1.141058,4.272304,0.476439,-1.426866,4.253588,1.005199,-1.466671,4.805708,1.201010,-1.129605,4.758893,1.143600,-0.780047,4.765175,0.469491,-0.659566,4.608398,0.818213,-0.473958,4.747409,0.617942,-0.078555,4.753435,0.133725,-0.455020,4.686609,0.364721,0.300600,4.464969,0.171474,0.168613,4.415793
2156,0.372902,-0.940874,4.415877,0.464271,-1.140665,4.280043,0.467573,-1.433298,4.265442,0.997359,-1.474065,4.809598,1.217902,-1.103098,4.750205,1.160325,-0.740261,4.746446,0.481298,-0.677908,4.628028,0.807766,-0.493149,4.765694,0.625478,-0.073012,4.750341,0.109751,-0.474727,4.716523,0.357176,0.292606,4.476329,0.176857,0.167446,4.428955
2157,0.364375,-0.966789,4.416472,0.477453,-1.145506,4.272245,0.471441,-1.459470,4.265676,0.996229,-1.491562,4.813229,1.191670,-1.106844,4.761133,1.155506,-0.771736,4.755776,0.470302,-0.690966,4.626316,0.790266,-0.496539,4.765182,0.588257,-0.040623,4.725300,0.106119,-0.460243,4.726706,0.344304,0.288846,4.485365,0.176171,0.139324,4.454046
2158,0.331273,-0.970185,4.411774,0.466282,-1.153450,4.295778,0.465462,-1.458014,4.263295,1.009760,-1.504431,4.818066,1.193352,-1.075660,4.759079,1.175997,-0.775025,4.747111,0.450627,-0.702103,4.630755,0.784925,-0.499366,4.770478,0.606812,-0.060172,4.735873,0.110054,-0.454289,4.744643,0.329789,0.266520,4.510408,0.137509,0.114351,4.472546
2159,0.334886,-0.990917,4.423183,0.463385,-1.169910,4.305330,0.465819,-1.450765,4.252483,1.005010,-1.507819,4.805641,1.198606,-1.096665,4.764590,1.159022,-0.756157,4.749357,0.471469,-0.680691,4.623755,0.792938,-0.483997,4.760932,0.606191,-0.037003,4.724122,0.128098,-0.425553,4.752960,0.322523,0.269060,4.504178,0.138015,0.101119,4.480733
2160,0.386279,-0.967818,4.429035,0.463140,-1.133903,4.307529,0.464325,-1.462622,4.245736,1.005671,-1.522456,4.814678,1.212869,-1.093565,4.760236,1.162618,-0.764080,4.761223,0.488992,-0.695961,4.631587,0.806793,-0.511593,4.774282,0.599088,-0.064460,4.742828,0.114071,-0.462551,4.719649,0.322150,0.255224,4.507051,0.159649,0.132080,4.456182
2161,0.365763,-0.962224,4.404538,0.457143,-1.188332,4.283372,0.476153,-1.486636,4.247707,1.014934,-1.509620,4.810992,1.217378,-1.071722,4.751756,1.175133,-0.723212,4.739439,0.489187,-0.701865,4.634521,0.812773,-0.513961,4.779449,0.598200,-0.066112,4.744080,0.096325,-0.457890,4.723855,0.332409,0.279127,4.488783,0.166540,0.155768,4.441927
2162,0.351744,-1.005973,4.409789,0.483120,-1.187105,4.284048,0.494182,-1.480474,4.247558,1.022834,-1.517208,4.806073,1.231534,-1.058936,4.752094,1.170732,-0.725788,4.746573,0.474074,-0.702433,4.627413,0.805889,-0.510488,4.767252,0.606320,-0.017774,4.711233,0.114507,-0.418946,4.713615,0.312430,0.275480,4.513149,0.161018,0.147696,4.439478
2163,0.387527,-0.955236,4.415522,0.473253,-1.126211,4.303483,0.477511,-1.456891,4.243523,1.008849,-1.536358,4.802224,1.205791,-1.075701,4.751423,1.177841,-0.733572,4.741623,0.481503,-0.701110,4.630777,0.797382,-0.521124,4.769078,0.631342,-0.043322,4.731552,0.125046,-0.477382,4.773613,0.325063,0.249635,4.536663,0.154414,0.128240,4.462052
2164,0.365160,-0.994898,4.427386,0.488869,-1.174659,4.305202,0.496277,-1.463616,4.249371,1.013417,-1.525429,4.802245,1.217224,-1.082432,4.747769,1.174055,-0.765294,4.750050,0.478898,-0.700819,4.625800,0.796209,-0.511934,4.768484,0.626879,-0.038040,4.728787,0.156474,-0.440946,4.761147,0.323416,0.253352,4.519340,0.172099,0.151763,4.443794
2165,0.543432,-0.876952,4.430540,0.536145,-1.069074,4.299755,0.508387,-1.456652,4.248322,1.002832,-1.560317,4.803155,1.194215,-1.081636,4.758998,1.170310,-0.774692,4.757449,0.489740,-0.698911,4.629057,0.805396,-0.527816,4.771070,0.631436,-0.048470,4.736234,0.149858,-0.493376,4.766199,0.320720,0.287097,4.498353,0.147867,0.105989,4.476138
2166,0.399305,-0.983980,4.417926,0.485063,-1.183331,4.288971,0.491217,-1.486024,4.220165,1.007308,-1.569371,4.788336,1.212757,-1.101619,4.760671,1.182357,-0.791910,4.762817,0.485832,-0.719428,4.625942,0.808151,-0.549891,4.772896,0.638124,-0.053643,4.737569,0.139649,-0.481279,4.754169,0.333247,0.287607,4.503247,0.144173,0.157279,4.445644
2167,0.494481,-0.942873,4.416118,0.494871,-1.112362,4.296750,0.530116,-1.463142,4.237386,1.014751,-1.592113,4.806625,1.206448,-1.107411,4.756260,1.182399,-0.792822,4.746753,0.494238,-0.733886,4.620481,0.817507,-0.581611,4.780450,0.651783,-0.118487,4.770556,0.144764,-0.490100,4.732881,0.360182,0.290249,4.473598,0.174441,0.140085,4.442285
2168,0.451316,-0.946624,4.416563,0.485831,-1.108095,4.298762,0.503296,-1.481382,4.235645,1.027376,-1.583096,4.798003,1.209855,-1.102406,4.759900,1.194944,-0.766982,4.754625,0.482815,-0.747112,4.621479,0.805578,-0.583222,4.776770,0.651702,-0.090594,4.759767,0.147944,-0.435484,4.738601,0.327124,0.256993,4.531755,0.143845,0.135723,4.440987
2169,0.556933,-0.924045,4.405580,0.564460,-1.072232,4.299601,0.537236,-1.466991,4.242057,1.024705,-1.584937,4.794753,1.200639,-1.097492,4.758364,1.191506,-0.797817,4.756510,0.490961,-0.733471,4.619279,0.811226,-0.556523,4.769261,0.675768,-0.095430,4.766823,0.167982,-0.458692,4.757473,0.344534,0.269967,4.526095,0.138839,0.139230,4.442676
2170,0.498386,-0.935044,4.404012,0.537536,-1.094653,4.297179,0.546984,-1.467587,4.220042,1.024534,-1.570103,4.778199,1.216106,-1.063831,4.752773,1.175166,-0.728482,4.744883,0.507079,-0.743191,4.617319,0.823027,-0.564218,4.767649,0.660704,-0.075644,4.753391,0.153846,-0.476925,4.754077,0.345736,0.274711,4.519497,0.136280,0.115527,4.461335
2171,0.478565,-0.923821,4.405882,0.505916,-1.073427,4.299823,0.518942,-1.468066,4.225303,1.012578,-1.615479,4.790787,1.192065,-1.104373,4.763621,1.185898,-0.759391,4.757010,0.485213,-0.764782,4.628199,0.804875,-0.596051,4.781734,0.691066,-0.123910,4.785320,0.153213,-0.446978,4.759353,0.377683,0.285583,4.499319,0.130856,0.115665,4.469171
2172,0.534225,-0.915974,4.402588,0.513331,-1.059961,4.308184,0.521120,-1.461906,4.229061,1.020829,-1.590325,4.791414,1.193922,-1.115067,4.758560,1.198330,-0.781488,4.746318,0.482232,-0.760353,4.629001,0.800222,-0.599604,4.783267,0.680638,-0.135273,4.789546,0.162447,-0.395426,4.735967,0.380540,0.284452,4.491570,0.159325,0.153050,4.439856
2173,0.577849,-0.888705,4.407154,0.511593,-1.042732,4.316656,0.525239,-1.449001,4.233028,1.029523,-1.575303,4.791358,1.167704,-1.129393,4.773438,1.171419,-0.789301,4.755482,0.489296,-0.740582,4.629558,0.813605,-0.585330,4.787325,0.691283,-0.188250,4.817471,0.171488,-0.445441,4.745955,0.357485,0.231218,4.535662,0.145662,0.101310,4.488079
2174,0.780075,-0.792299,4.399988,0.589717,-0.956321,4.324000,0.527387,-1.441808,4.204648,1.024135,-1.559780,4.770488,1.118941,-1.142064,4.797821,1.175231,-0.785344,4.754856,0.486755,-0.749787,4.622472,0.820279,-0.562576,4.772621,0.687347,-0.098914,4.760953,0.160562,-0.463977,4.756457,0.383485,0.316322,4.455240,0.139052,0.081810,4.493042
2175,0.720418,-0.785815,4.395542,0.558872,-0.953929,4.318728,0.523724,-1.460410,4.210389,1.024883,-1.609405,4.785757,1.154975,-1.139583,4.781562,1.186215,-0.848251,4.762943,0.487322,-0.759010,4.623800,0.817924,-0.592003,4.775979,0.695567,-0.198710,4.817865,0.161939,-0.445284,4.749696,0.383115,0.285917,4.493815,0.140955,0.119937,4.476690
2176,0.633402,-0.893220,4.398694,0.511792,-1.052225,4.297481,0.498368,-1.510468,4.210574,1.004240,-1.623105,4.778352,1.148820,-1.144465,4.785263,1.178528,-0.771254,4.752683,0.478302,-0.760582,4.634393,0.803978,-0.600249,4.790088,0.683845,-0.178548,4.805204,0.145936,-0.448824,4.751591,0.338628,0.248462,4.540755,0.150183,0.103303,4.519400
2177,0.764245,-0.772555,4.396099,0.574017,-0.947731,4.328058,0.523063,-1.468080,4.217704,1.037497,-1.623434,4.783369,1.131742,-1.154594,4.784406,1.167092,-0.795113,4.729435,0.501184,-0.716845,4.615230,0.861219,-0.610623,4.783968,0.702869,-0.179482,4.805508,0.164932,-0.442819,4.757590,0.426360,0.268175,4.508859,0.172568,0.100582,4.502688
2178,0.831987,-0.693271,4.395515,0.588475,-0.938815,4.318901,0.517668,-1.503492,4.172780,1.076894,-1.577083,4.746977,1.143104,-1.119550,4.768132,1.152863,-0.886313,4.777211,0.493090,-0.798472,4.624287,0.843864,-0.616864,4.776403,0.726395,-0.154892,4.771680,0.187540,-0.423155,4.762090,0.524749,0.267719,4.477168,0.178851,0.136671,4.474971
2179,0.814711,-0.785594,4.389791,0.625573,-0.982955,4.295194,0.575756,-1.457383,4.165376,1.070610,-1.551184,4.735498,1.147556,-1.149041,4.774233,1.166316,-0.823217,4.757769,0.512411,-0.769809,4.608248,0.854633,-0.648857,4.778988,0.679209,-0.163274,4.790922,0.180937,-0.390091,4.719214,0.400297,0.292603,4.470336,0.146535,0.158606,4.432767
2180,0.888045,-0.712910,4.401097,0.686061,-0.940520,4.311831,0.738692,-1.438280,4.197494,1.293634,-1.424797,4.695914,1.191637,-0.964135,4.745978,1.146310,-0.726082,4.747766,0.606993,-0.686355,4.567566,0.962012,-0.564287,4.712736,0.750330,-0.040611,4.700053,0.185282,-0.411768,4.695992,0.446536,0.362145,4.368427,0.135528,0.155424,4.394539
2181,0.809956,-0.705395,4.391807,0.547425,-1.044030,4.282851,0.506212,-1.574968,4.152443,1.140855,-1.559089,4.729561,1.171825,-1.054770,4.754653,1.165561,-0.727474,4.744377,0.409286,-0.776041,4.598086,0.790691,-0.572470,4.759244,0.634375,-0.048735,4.722049,0.153035,-0.284152,4.663403,0.336029,0.318673,4.440102,0.076400,0.124205,4.423538
2182,0.854782,-0.727940,4.397688,0.640910,-1.018040,4.297006,0.658674,-1.506962,4.177052,1.167087,-1.437549,4.711896,1.204133,-0.984393,4.738993,1.179818,-0.730570,4.740178,0.468077,-0.758717,4.573478,0.826378,-0.549360,4.734341,0.616549,-0.031530,4.715686,0.171021,-0.333651,4.685197,0.314241,0.283570,4.484977,0.093620,0.112422,4.422267
2183,0.880608,-0.746939,4.383667,0.638303,-0.988078,4.297373,0.644271,-1.499924,4.177704,1.160954,-1.380334,4.711375,1.219203,-0.937101,4.722157,1.165416,-0.688348,4.744062,0.427986,-0.793247,4.579292,0.813915,-0.585013,4.746862,0.608230,-0.023601,4.713956,0.169180,-0.307976,4.678838,0.281379,0.336060,4.438102,0.070185,0.154246,4.399141
2184,0.858993,-0.702865,4.391232,0.620323,-0.948197,4.300450,0.659554,-1.497983,4.184192,1.269778,-1.398260,4.692201,1.248658,-0.875598,4.706739,1.188051,-0.734506,4.737957,0.446722,-0.734123,4.569148,0.820328,-0.529651,4.728163,0.611016,-0.029977,4.719594,0.176555,-0.266745,4.641101,0.281105,0.306523,4.452538,0.113606,0.157079,4.396832
2185,0.812016,-0.802046,4.371190,0.577719,-1.104714,4.258983,0.678157,-1.557964,4.176064,1.273852,-1.424288,4.700417,1.205417,-0.933869,4.730350,1.164711,-0.693462,4.731785,0.428899,-0.750290,4.562112,0.816493,-0.561627,4.736353,0.607771,-0.028676,4.716018,0.164630,-0.242204,4.616338,0.297649,0.292074,4.447640,0.084288,0.128252,4.411001
2186,0.859549,-0.785097,4.372187,0.594082,-1.168414,4.262012,0.702094,-1.549734,4.183811,1.189062,-1.261068,4.695741,1.182845,-0.893083,4.716034,1.124524,-0.701181,4.746704,0.438946,-0.761503,4.550911,0.817494,-0.556115,4.718312,0.600614,-0.095873,4.755102,0.163162,-0.339735,4.658856,0.328887,0.258476,4.481271,0.083818,0.152195,4.393366
2187,0.846740,-0.823718,4.367939,0.599025,-1.178470,4.264547,0.697878,-1.509478,4.189656,1.176882,-1.299789,4.706430,1.215218,-0.919528,4.714107,1.169227,-0.738761,4.741938,0.441077,-0.752330,4.549395,0.799891,-0.566808,4.724996,0.600145,-0.067583,4.737057,0.183458,-0.282453,4.645503,0.351018,0.267179,4.480227,0.117239,0.145347,4.407890
2188,0.825846,-0.898092,4.377483,0.592615,-1.257144,4.275795,0.720873,-1.522270,4.192728,1.176323,-1.342037,4.712690,1.205276,-0.960266,4.723093,1.167205,-0.760991,4.748810,0.451619,-0.761660,4.558702,0.802379,-0.592324,4.727977,0.593383,-0.093557,4.751724,0.204552,-0.293628,4.645957,0.357689,0.244308,4.497964,0.140123,0.123714,4.418427
2189,nan,nan,nan,nan,nan,nan,nan,nan,nan,nan,nan,nan,nan,nan,nan,nan,nan,nan,nan,nan,nan,nan,nan,nan,nan,nan,nan,nan,nan,nan,nan,nan,nan,nan,nan,nan
2190,nan,nan,nan,nan,nan,nan,nan,nan,nan,nan,nan,nan,nan,nan,nan,nan,nan,nan,nan,nan,nan,nan,nan,nan,nan,nan,nan,nan,nan,nan,nan,nan,nan,nan,nan,nan
2191,0.991606,-0.587771,4.587510,0.675544,-0.813372,4.500772,0.755346,-1.309411,4.472672,1.188271,-1.412217,4.848995,1.262192,-1.003596,4.864687,1.274770,-0.798205,4.856921,0.606578,-0.596804,4.645865,0.893388,-0.529448,4.810152,0.684882,-0.048810,4.731067,0.259820,-0.321768,4.607532,0.446297,0.295433,4.467299,0.194824,0.164749,4.398591
2192,0.701547,-0.815299,4.442599,0.595841,-0.977915,4.350220,0.598073,-1.417923,4.265300,1.070433,-1.549224,4.801910,1.183603,-1.136237,4.846988,1.183014,-0.787089,4.818280,0.501730,-0.762903,4.628633,0.842622,-0.580840,4.781458,0.659545,-0.119959,4.773441,0.186551,-0.437522,4.682312,0.382984,0.295214,4.478070,0.153797,0.125473,4.426823
2193,0.512262,-0.803208,4.403987,0.498098,-0.999777,4.295516,0.528520,-1.502564,4.308103,1.047665,-1.640060,4.887700,1.205663,-1.101676,4.797609,1.192646,-0.771345,4.774674,0.485909,-0.763394,4.634380,0.815168,-0.622716,4.796963,0.674655,-0.166459,4.795131,0.170148,-0.491601,4.737286,0.382188,0.293326,4.503766,0.143490,0.101533,4.459803
2194,0.390248,-0.975325,4.383328,0.449672,-1.183166,4.253878,0.469749,-1.549281,4.277439,1.035447,-1.597926,4.858820,1.216133,-1.095564,4.784892,1.184951,-0.746682,4.761737,0.464491,-0.785445,4.641916,0.815253,-0.627856,4.794787,0.648851,-0.114864,4.774890,0.141080,-0.484927,4.757956,0.487971,0.409982,4.399003,0.199302,0.162211,4.452641
2195,0.382248,-1.011364,4.382154,0.472908,-1.217085,4.260880,0.506769,-1.474089,4.273269,1.054022,-1.436923,4.820992,1.229165,-1.055007,4.775718,1.174658,-0.759821,4.763552,0.497375,-0.704793,4.625335,0.813792,-0.516777,4.773544,0.603706,-0.094749,4.761319,0.128389,-0.472492,4.695085,0.410454,0.363590,4.450977,0.200371,0.192397,4.419924
2196,0.379114,-0.983917,4.406679,0.470211,-1.204815,4.280143,0.493225,-1.479613,4.268960,1.065704,-1.420417,4.819821,1.282264,-1.014633,4.753212,1.173516,-0.728208,4.754059,0.481592,-0.700747,4.644929,0.805676,-0.480931,4.767602,0.582506,-0.057145,4.735744,0.099847,-0.505553,4.743341,0.382737,0.351808,4.472389,0.175564,0.175875,4.415791
2197,0.353489,-1.015832,4.392383,0.430904,-1.238439,4.272650,0.490828,-1.476003,4.307649,1.052747,-1.397786,4.801377,1.248788,-0.974005,4.728978,1.151533,-0.675656,4.737859,0.473587,-0.678808,4.628793,0.800142,-0.464677,4.762005,0.596363,-0.044508,4.716681,0.131362,-0.434292,4.721476,0.338066,0.281016,4.509447,0.179064,0.196986,4.429469
2198,0.524316,-0.957474,4.394285,0.547561,-1.144327,4.284945,0.545049,-1.428455,4.308497,1.045482,-1.357457,4.801317,1.246687,-0.982580,4.727800,1.164163,-0.763931,4.746747,0.498127,-0.672225,4.622883,0.808700,-0.422636,4.738997,0.535870,-0.052730,4.723408,0.113462,-0.458176,4.736936,0.348841,0.338596,4.464562,0.201553,0.180529,4.425173
2199,0.400180,-1.073252,4.396278,0.486579,-1.245873,4.272201,0.524751,-1.425811,4.293823,1.043480,-1.350612,4.791776,1.264424,-1.026216,4.724174,1.165886,-0.759744,4.744151,0.490459,-0.657707,4.608996,0.802584,-0.429315,4.734382,0.594046,-0.051774,4.723660,0.130611,-0.482858,4.727210,0.360248,0.283802,4.498405,0.171077,0.141868,4.448617
2200,0.382320,-1.099338,4.390033,0.508213,-1.248136,4.251494,0.545921,-1.454655,4.301075,1.028260,-1.441080,4.802082,1.232045,-1.083162,4.749525,1.152172,-0.775597,4.747384,0.500154,-0.693813,4.597797,0.812036,-0.481350,4.738117,0.588367,-0.071418,4.737151,0.158321,-0.495509,4.714985,0.397929,0.352322,4.465124,0.211925,0.157977,4.411844
2201,0.415766,-1.068444,4.388969,0.476874,-1.295390,4.260177,0.533160,-1.472925,4.290042,1.034542,-1.396156,4.761522,1.240285,-1.065530,4.737537,1.151038,-0.824681,4.758966,0.485102,-0.719494,4.592724,0.810017,-0.501757,4.729040,0.598709,-0.095961,4.754724,0.154428,-0.549080,4.664235,0.344325,0.250567,4.513656,0.167873,0.116184,4.465024
2202,0.403708,-1.026481,4.398271,0.445678,-1.258078,4.265325,0.514549,-1.471799,4.291698,1.029277,-1.445517,4.757604,1.225808,-1.081271,4.750380,1.146008,-0.792580,4.760551,0.479510,-0.694205,4.586831,0.801348,-0.511617,4.725823,0.600226,-0.133768,4.772732,0.150006,-0.522765,4.647882,0.389090,0.291779,4.474782,0.181195,0.136800,4.448359
2203,0.419981,-1.044720,4.394348,0.480241,-1.248389,4.266889,0.553719,-1.460745,4.299965,1.022576,-1.426096,4.763128,1.225515,-1.098819,4.751620,1.158816,-0.795139,4.756625,0.499644,-0.718561,4.583983,0.790477,-0.542942,4.729262,0.610774,-0.133013,4.765788,0.159152,-0.507053,4.681224,0.392441,0.269027,4.489094,0.193272,0.097577,4.477312
2204,0.419488,-1.025625,4.399465,0.495264,-1.204231,4.257209,0.562845,-1.447765,4.295815,1.057920,-1.423669,4.745972,1.239060,-1.090010,4.749246,1.158656,-0.798480,4.758096,0.519431,-0.719369,4.587620,0.816096,-0.559564,4.726796,0.630247,-0.178732,4.794060,0.155952,-0.523923,4.610378,0.393140,0.267933,4.519649,0.201289,0.111882,4.443830
2205,0.442857,-0.980398,4.389850,0.509564,-1.151323,4.261403,0.573190,-1.427062,4.294631,1.060833,-1.409006,4.707879,1.240525,-1.048970,4.707043,1.158513,-0.805756,4.749472,0.534911,-0.698573,4.585880,0.823257,-0.532130,4.715216,0.625379,-0.116379,4.757652,0.116442,-0.552291,4.642991,0.389186,0.265754,4.517931,0.183533,0.083331,4.470585
2206,0.417098,-1.003552,4.396974,0.519884,-1.158074,4.272525,0.564844,-1.438306,4.295295,1.053168,-1.447530,4.709668,1.220639,-1.071154,4.697545,1.152598,-0.813482,4.741464,0.545805,-0.723275,4.602153,0.839310,-0.569604,4.722978,0.618839,-0.181060,4.804538,0.151613,-0.535079,4.664192,0.412623,0.291166,4.502881,0.209092,0.100551,4.465803
2207,0.417713,-0.999010,4.382757,0.527694,-1.146068,4.274391,0.570815,-1.421859,4.294494,1.044086,-1.416168,4.712562,1.220917,-1.057969,4.703485,1.147437,-0.801808,4.734132,0.549482,-0.715000,4.589183,0.835617,-0.582941,4.736078,0.624628,-0.187315,4.809996,0.188919,-0.558896,4.654545,0.401842,0.226855,4.545242,0.175403,0.065348,4.479507
2208,0.396530,-1.047197,4.395501,0.510558,-1.189082,4.260602,0.561494,-1.450720,4.287848,1.049804,-1.422656,4.714256,1.218958,-1.054896,4.708571,1.148813,-0.808048,4.749869,0.515694,-0.692255,4.588942,0.823544,-0.538743,4.725465,0.620019,-0.153817,4.786173,0.141721,-0.500937,4.712527,0.400887,0.297830,4.470264,0.175512,0.134953,4.451450
2209,0.413172,-1.056432,4.395339,0.512401,-1.217563,4.256497,0.577337,-1.457943,4.289584,1.050988,-1.401603,4.714079,1.218696,-1.094042,4.710150,1.184344,-0.807019,4.726307,0.497185,-0.679393,4.589219,0.812214,-0.495762,4.720888,0.602870,-0.124747,4.758931,0.166763,-0.502437,4.735645,0.379684,0.290879,4.456624,0.170316,0.138510,4.467847
2210,0.394623,-1.033272,4.386108,0.482580,-1.204977,4.245533,0.562297,-1.465322,4.288932,1.054218,-1.404673,4.725175,1.227234,-1.035774,4.717150,1.168060,-0.775272,4.750112,0.472413,-0.708778,4.593230,0.799791,-0.500767,4.729836,0.574316,-0.124579,4.765558,0.172750,-0.482849,4.735144,0.350021,0.254495,4.499250,0.170152,0.115877,4.442912
2211,0.396515,-1.055182,4.392213,0.495385,-1.132234,4.274251,0.560840,-1.429773,4.300238,1.067412,-1.425943,4.723964,1.209599,-1.049121,4.722764,1.153497,-0.831350,4.763316,0.475353,-0.718605,4.592385,0.811909,-0.523303,4.729708,0.626425,-0.092267,4.742005,0.191498,-0.446832,4.722295,0.335431,0.240851,4.500008,0.152445,0.126182,4.435901
2212,0.402681,-1.023639,4.388474,0.501635,-1.125162,4.269025,0.574030,-1.461195,4.298405,1.088727,-1.395259,4.720042,1.222832,-1.022182,4.702660,1.156970,-0.817225,4.752027,0.478861,-0.709455,4.584835,0.799531,-0.493634,4.719932,0.610324,-0.051202,4.718174,0.175202,-0.489190,4.674740,0.329622,0.233474,4.496951,0.137394,0.107367,4.450570
2213,0.399751,-1.041229,4.384191,0.496891,-1.160219,4.270157,0.572421,-1.474254,4.294384,1.091704,-1.423177,4.713223,1.207497,-1.034182,4.708104,1.168171,-0.805690,4.738784,0.485029,-0.719806,4.583700,0.811581,-0.521294,4.716065,0.589133,-0.147730,4.776376,0.178109,-0.509165,4.692330,0.339548,0.231106,4.497138,0.152201,0.077682,4.469168
2214,0.384375,-1.055676,4.389176,0.485565,-1.243262,4.256665,0.551149,-1.473058,4.294579,1.062680,-1.429590,4.714202,1.215590,-1.053606,4.706978,1.162215,-0.777151,4.741621,0.477198,-0.738743,4.590734,0.797531,-0.542299,4.728015,0.594370,-0.106302,4.757779,0.155812,-0.512445,4.710865,0.357245,0.264279,4.472076,0.134427,0.081336,4.474132
2215,0.407507,-1.027764,4.369958,0.493872,-1.161086,4.252700,0.565625,-1.446282,4.297770,1.076341,-1.394357,4.716762,1.219412,-1.014793,4.701017,1.180635,-0.776454,4.724610,0.496748,-0.692674,4.592663,0.822604,-0.517026,4.726889,0.591923,-0.088687,4.743015,0.165147,-0.480040,4.703068,0.357841,0.288127,4.453737,0.171020,0.127248,4.469246
2216,0.390917,-1.024442,4.391568,0.487279,-1.188117,4.257578,0.551380,-1.470220,4.299010,1.074288,-1.437187,4.731747,1.217317,-1.033734,4.707804,1.158562,-0.770546,4.740557,0.475776,-0.721902,4.601869,0.807356,-0.518248,4.735706,0.614503,-0.120069,4.762062,0.179073,-0.476642,4.713212,0.348942,0.278372,4.474762,0.163459,0.116062,4.461970
2217,0.391883,-1.043694,4.386200,0.485895,-1.195897,4.247692,0.550239,-1.488668,4.291109,1.089339,-1.431802,4.719446,1.207600,-1.054262,4.695641,1.183970,-0.760451,4.717292,0.481857,-0.725902,4.600844,0.828440,-0.511073,4.726141,0.601641,-0.144766,4.772619,0.170676,-0.456605,4.695731,0.371610,0.276225,4.488333,0.172150,0.156349,4.445106
2218,0.398378,-1.039077,4.389798,0.482472,-1.214794,4.260171,0.547696,-1.473743,4.297601,1.070596,-1.439439,4.730067,1.222570,-1.048039,4.703810,1.166192,-0.775623,4.741542,0.477085,-0.737451,4.602909,0.811111,-0.531776,4.737587,0.579184,-0.124274,4.762883,0.169429,-0.452853,4.712370,0.354820,0.247516,4.501796,0.154310,0.158083,4.415998
2219,0.388336,-1.000668,4.375408,0.474240,-1.142608,4.257558,0.558281,-1.471077,4.290917,1.080133,-1.431894,4.724125,1.198112,-1.038304,4.706298,1.172377,-0.775091,4.728986,0.483259,-0.709644,4.596878,0.827702,-0.508075,4.725246,0.615619,-0.161064,4.785942,0.191665,-0.477629,4.712187,0.377405,0.295718,4.485013,0.169342,0.166261,4.444541
2220,0.397130,-1.031652,4.396703,0.492201,-1.168229,4.267009,0.553358,-1.480022,4.307962,1.063893,-1.445048,4.739675,1.207830,-1.066935,4.709760,1.168204,-0.787607,4.736814,0.492106,-0.726812,4.605504,0.825878,-0.530324,4.741705,0.600347,-0.129261,4.769064,0.150975,-0.473443,4.695570,0.367133,0.280550,4.480429,0.183971,0.149405,4.437314
2221,0.378037,-1.036277,4.387520,0.483268,-1.168175,4.263495,0.560993,-1.494464,4.301302,1.084829,-1.439342,4.720569,1.175463,-1.079880,4.715930,1.154399,-0.794960,4.745549,0.494699,-0.717972,4.595380,0.834497,-0.517707,4.719443,0.613388,-0.122222,4.761800,0.153712,-0.443614,4.680002,0.384511,0.290967,4.481709,0.180684,0.163640,4.429156
2222,0.416005,-1.001675,4.394126,0.500176,-1.139964,4.254228,0.558600,-1.437060,4.309806,1.065719,-1.402453,4.737039,1.209517,-1.028557,4.703908,1.167048,-0.761964,4.737003,0.487937,-0.711014,4.598719,0.828520,-0.519403,4.731076,0.602434,-0.101733,4.752323,0.175856,-0.459639,4.714714,0.365236,0.257404,4.514658,0.175827,0.133910,4.453074
2223,0.391103,-0.989148,4.393534,0.479912,-1.124243,4.269435,0.552848,-1.442201,4.308335,1.083031,-1.391856,4.728392,1.221937,-1.045814,4.705867,1.185310,-0.780168,4.733493,0.492429,-0.702961,4.595104,0.834311,-0.500449,4.717697,0.600207,-0.138942,4.773377,0.169514,-0.486064,4.706522,0.367237,0.274758,4.491699,0.168233,0.161496,4.451459
2224,0.398178,-1.010249,4.388372,0.489127,-1.122644,4.256773,0.552310,-1.460008,4.313074,1.085755,-1.420845,4.729391,1.200265,-1.033920,4.693583,1.168806,-0.751766,4.734398,0.494123,-0.716592,4.600151,0.835867,-0.515295,4.729722,0.609980,-0.121632,4.767708,0.163846,-0.485800,4.710577,0.375204,0.292164,4.475167,0.157189,0.137087,4.448678
2225,0.367339,-1.000512,4.395298,0.430200,-1.098992,4.273933,0.545400,-1.443372,4.313762,1.085958,-1.380080,4.737789,1.176859,-0.996432,4.716157,1.162681,-0.809585,4.747842,0.471204,-0.705785,4.598197,0.813284,-0.493725,4.724965,0.627285,-0.153927,4.776024,0.154922,-0.471189,4.669012,0.349556,0.243837,4.494528,0.161441,0.152783,4.433883
2226,0.387027,-1.003850,4.387487,0.470692,-1.142584,4.252748,0.557468,-1.459143,4.317100,1.078934,-1.413490,4.725564,1.197862,-1.017531,4.697204,1.166785,-0.750762,4.732781,0.495139,-0.720773,4.604359,0.839305,-0.535484,4.733156,0.638820,-0.168648,4.786952,0.168417,-0.530711,4.722332,0.368802,0.269416,4.492032,0.140839,0.057036,4.522512
2227,0.391047,-1.041433,4.391435,0.488331,-1.117245,4.268960,0.545528,-1.472451,4.312901,1.090813,-1.391506,4.732496,1.206576,-0.980534,4.695630,1.164932,-0.786282,4.736830,0.493036,-0.720593,4.601754,0.835843,-0.510122,4.724614,0.625855,-0.104955,4.752215,0.158114,-0.476736,4.707654,0.366011,0.247016,4.502581,0.153115,0.142603,4.447947
2228,0.362580,-0.986032,4.394650,0.438850,-1.136451,4.272538,0.554868,-1.443254,4.321941,1.074846,-1.391678,4.742265,1.217853,-1.004803,4.692718,1.163790,-0.750663,4.737003,0.486008,-0.702544,4.596456,0.814906,-0.512635,4.733122,0.609545,-0.138996,4.771330,0.170969,-0.477194,4.694735,0.366217,0.266487,4.498710,0.169838,0.158264,4.413979
2229,0.373179,-0.994737,4.385406,0.452692,-1.061980,4.273322,0.561663,-1.446487,4.326324,1.089283,-1.376172,4.737033,1.217460,-0.916631,4.695037,1.178054,-0.795543,4.744289,0.492150,-0.707643,4.599426,0.826789,-0.509343,4.723480,0.619623,-0.142882,4.774437,0.167095,-0.479460,4.678473,0.347668,0.252484,4.499076,0.163214,0.120615,4.465668
2230,0.371877,-0.989193,4.405875,0.448555,-1.041240,4.271053,0.569063,-1.383795,4.324092,1.082165,-1.365358,4.727009,1.221018,-0.957554,4.694697,1.170803,-0.754368,4.736882,0.516118,-0.677238,4.586841,0.824223,-0.488946,4.708174,0.623786,-0.162091,4.775388,0.156463,-0.509329,4.675205,0.385463,0.308550,4.449111,0.168845,0.126624,4.459543
2231,0.394340,-0.974885,4.382871,0.490732,-1.114563,4.265640,0.572962,-1.380631,4.323395,1.082942,-1.344812,4.716782,1.196139,-0.992711,4.707543,1.158236,-0.776085,4.739873,0.526595,-0.702450,4.588693,0.847190,-0.528690,4.712303,0.609102,-0.159007,4.775171,0.178925,-0.530468,4.701250,0.396267,0.276242,4.483428,0.178459,0.063716,4.519270
2232,0.370403,-0.997828,4.387274,0.492947,-1.116101,4.263216,0.577580,-1.370780,4.332859,1.089686,-1.316115,4.710179,1.238170,-0.972517,4.690403,1.178741,-0.780206,4.732810,0.517403,-0.670377,4.583076,0.828591,-0.501398,4.707708,0.620263,-0.110672,4.745391,0.199368,-0.505761,4.709290,0.402911,0.282998,4.464352,0.193277,0.083643,4.524467
2233,0.396627,-0.931958,4.391989,0.471670,-1.004843,4.285714,0.569643,-1.345137,4.332581,1.089291,-1.330080,4.714767,1.218114,-0.887258,4.689819,1.145302,-0.761382,4.742305,0.514998,-0.688319,4.588640,0.842349,-0.508222,4.709234,0.606854,-0.155579,4.778115,0.195295,-0.543434,4.730741,0.381638,0.246471,4.508368,0.176324,0.062212,4.541747
2234,0.377202,-0.994812,4.392816,0.471333,-1.058195,4.270963,0.569277,-1.379027,4.330124,1.091204,-1.323403,4.719061,1.237936,-0.916187,4.689168,1.168921,-0.760397,4.736722,0.508455,-0.695720,4.590422,0.837137,-0.494469,4.707501,0.602238,-0.118308,4.759479,0.193822,-0.507004,4.704278,0.376878,0.301314,4.447631,0.168274,0.109452,4.496716
2235,0.410784,-0.943785,4.380536,0.508145,-1.015192,4.290713,0.579050,-1.375318,4.339058,1.087242,-1.332712,4.720914,1.224568,-0.945384,4.694602,1.162895,-0.741546,4.732382,0.535560,-0.678008,4.587676,0.851075,-0.497724,4.707862,0.609581,-0.132149,4.763361,0.202158,-0.550014,4.718132,0.396408,0.279467,4.494111,0.189213,0.043917,4.518319
2236,0.388979,-0.977905,4.393442,0.483643,-1.040855,4.269652,0.567055,-1.356644,4.331902,1.085043,-1.329243,4.714475,1.200451,-0.979981,4.702310,1.151019,-0.776684,4.745653,0.512197,-0.685134,4.589512,0.835122,-0.512349,4.713675,0.604428,-0.155395,4.784625,0.163665,-0.543159,4.713714,0.416156,0.265228,4.509169,0.181558,0.093050,4.498235
2237,0.390878,-0.955736,4.389766,0.481842,-1.023660,4.274542,0.564176,-1.373849,4.330603,1.099540,-1.345620,4.716888,1.226148,-0.912620,4.690687,1.164476,-0.772593,4.745726,0.501587,-0.660972,4.585810,0.835515,-0.470785,4.706269,0.604012,-0.104744,4.755210,0.147245,-0.489972,4.690187,0.381220,0.289499,4.475261,0.153796,0.089802,4.496148
2238,0.396054,-0.974955,4.384491,0.458788,-1.052890,4.263484,0.548867,-1.377884,4.337733,1.076058,-1.352037,4.731858,1.225447,-0.957967,4.680070,1.157334,-0.758976,4.738618,0.485362,-0.696976,4.596728,0.819058,-0.515551,4.730767,0.624066,-0.179773,4.797516,0.184112,-0.530347,4.724621,0.377668,0.285587,4.462411,0.157272,0.112760,4.461926
2239,0.394590,-0.980819,4.377957,0.456192,-1.037202,4.268828,0.547456,-1.364610,4.340067,1.075895,-1.338719,4.730207,1.219270,-0.929817,4.685945,1.174368,-0.773989,4.740164,0.482024,-0.685342,4.596229,0.819605,-0.515251,4.727314,0.631630,-0.195337,4.805655,0.203559,-0.490122,4.699360,0.394382,0.298170,4.454797,0.164646,0.145774,4.437120
2240,0.397542,-0.939332,4.393301,0.461714,-1.027831,4.270065,0.554047,-1.355354,4.338305,1.082421,-1.347236,4.716665,1.218638,-0.960076,4.688094,1.157686,-0.805312,4.748356,0.498596,-0.703378,4.596752,0.827392,-0.519954,4.715294,0.647088,-0.172199,4.787799,0.159760,-0.494903,4.681923,0.377746,0.286178,4.472080,0.141107,0.142461,4.448836
2241,0.393582,-0.949017,4.401736,0.464967,-1.008073,4.268104,0.573819,-1.324483,4.340312,1.072446,-1.322118,4.726780,1.215948,-0.987468,4.698836,1.167915,-0.766895,4.736531,0.502697,-0.648568,4.587752,0.819424,-0.465665,4.704864,0.630998,-0.125376,4.759814,0.167018,-0.518084,4.685647,0.385427,0.263774,4.478585,0.161437,0.070249,4.515316
2242,0.389751,-0.939047,4.385108,0.461796,-0.908505,4.290928,0.574409,-1.295338,4.349271,1.076689,-1.332196,4.731282,1.218107,-0.938635,4.697921,1.154252,-0.789007,4.752930,0.516189,-0.672519,4.590818,0.829362,-0.489105,4.712976,0.628787,-0.139613,4.762856,0.188082,-0.549709,4.680111,0.390939,0.276652,4.487872,0.204212,0.101646,4.468858
2243,0.406580,-0.949942,4.387531,0.481405,-1.007424,4.266623,0.576821,-1.306818,4.347669,1.071349,-1.285840,4.728504,1.206609,-0.908815,4.697739,1.146646,-0.795807,4.751963,0.519721,-0.670374,4.590451,0.813298,-0.488251,4.711219,0.616413,-0.113838,4.752356,0.195796,-0.516664,4.711357,0.417621,0.285121,4.479324,0.191134,0.096901,4.492683
2244,0.405519,-0.967440,4.406599,0.489543,-1.045068,4.255092,0.580565,-1.326423,4.338293,1.073297,-1.310459,4.742550,1.206316,-0.934666,4.707314,1.156035,-0.799011,4.753182,0.526749,-0.689456,4.577551,0.827034,-0.507175,4.705726,0.613248,-0.152065,4.769361,0.211936,-0.531567,4.683563,0.421755,0.241740,4.516557,0.191991,0.085100,4.468007
2245,0.404112,-0.958607,4.391597,0.471167,-1.013784,4.264611,0.576149,-1.299339,4.343152,1.062991,-1.289420,4.739564,1.188056,-0.937308,4.712226,1.154892,-0.813960,4.754317,0.533209,-0.677309,4.581795,0.822853,-0.513878,4.710131,0.639493,-0.106641,4.744347,0.216479,-0.495192,4.662376,0.402537,0.252806,4.504924,0.206094,0.067703,4.489854
2246,0.393385,-0.955019,4.377949,0.497810,-0.996519,4.267439,0.570509,-1.301184,4.331687,1.061523,-1.301784,4.730390,1.195936,-0.988262,4.689615,1.138719,-0.818384,4.748549,0.536815,-0.693444,4.582274,0.827032,-0.542112,4.720591,0.648799,-0.132838,4.766046,0.213713,-0.527767,4.677211,0.420143,0.258859,4.511446,0.224082,0.040029,4.492714
2247,0.400994,-0.955424,4.374877,0.477005,-0.999039,4.281076,0.565656,-1.301073,4.345410,1.039428,-1.321031,4.728694,1.196266,-0.983951,4.692458,1.162764,-0.816509,4.746730,0.528311,-0.684400,4.582360,0.826354,-0.529063,4.717862,0.620970,-0.152879,4.778825,0.202566,-0.504774,4.623751,0.428765,0.332168,4.461426,0.208641,0.144785,4.421435
2248,0.411581,-0.968006,4.387661,0.501035,-1.029753,4.259118,0.559728,-1.325633,4.343948,1.052269,-1.321551,4.746701,1.209334,-1.049027,4.711884,1.152798,-0.810038,4.753799,0.533055,-0.683823,4.587343,0.838121,-0.532878,4.723936,0.638788,-0.179933,4.794785,0.216241,-0.513065,4.668479,0.455618,0.297884,4.488511,0.219215,0.129033,4.421132
2249,0.413264,-0.936655,4.376998,0.472077,-1.019417,4.254493,0.556938,-1.319585,4.337854,1.055755,-1.309324,4.735594,1.203378,-1.012878,4.703693,1.156343,-0.793752,4.743137,0.515349,-0.707764,4.590463,0.825001,-0.537530,4.717982,0.623594,-0.141981,4.776421,0.190009,-0.552888,4.680684,0.427264,0.249773,4.519790,0.197136,0.055321,4.515513
2250,0.389389,-0.942096,4.384823,0.449742,-0.999685,4.264791,0.552505,-1.299268,4.347083,1.047378,-1.281158,4.739790,1.218931,-0.935114,4.695121,1.189205,-0.866773,4.755299,0.488094,-0.653274,4.587948,0.783934,-0.483414,4.722078,0.622763,-0.100140,4.750642,0.178584,-0.495643,4.700809,0.395888,0.295697,4.448752,0.160857,0.040937,4.515180
2251,0.382062,-0.956479,4.389480,0.441668,-0.962982,4.269824,0.557735,-1.306683,4.338698,1.075992,-1.321376,4.726441,1.238316,-0.928808,4.693079,1.165037,-0.795092,4.752893,0.488340,-0.674095,4.590278,0.810822,-0.508727,4.717131,0.617520,-0.160706,4.778571,0.175643,-0.519724,4.680286,0.388692,0.295449,4.447539,0.180459,0.091089,4.509539
2252,0.393815,-0.931137,4.400446,0.444271,-0.935723,4.281236,0.562322,-1.283072,4.350297,1.076309,-1.312483,4.727623,1.225509,-0.905094,4.690849,1.170587,-0.785863,4.747756,0.501457,-0.665868,4.593153,0.816877,-0.506483,4.721111,0.617532,-0.191761,4.801621,0.162668,-0.508801,4.668512,0.375240,0.273611,4.466653,0.179483,0.097144,4.500300
2253,0.419193,-0.966072,4.393870,0.483934,-0.955568,4.283205,0.561826,-1.293402,4.346518,1.076083,-1.327868,4.733445,1.233050,-0.918638,4.681837,1.174176,-0.755779,4.733685,0.519832,-0.672168,4.596177,0.828478,-0.508622,4.722425,0.626438,-0.171092,4.781361,0.199024,-0.554693,4.693457,0.422232,0.288971,4.480302,0.218890,0.028419,4.531029
2254,0.394464,-0.972048,4.390614,0.456378,-1.050074,4.262691,0.554662,-1.335105,4.339403,1.070215,-1.323040,4.724881,1.231385,-0.921901,4.684776,1.156137,-0.793385,4.744452,0.503246,-0.690095,4.589535,0.819307,-0.525530,4.718319,0.615332,-0.162001,4.777821,0.159193,-0.529292,4.725327,0.397751,0.258224,4.483946,0.181513,0.053273,4.543566
2255,0.397134,-0.955109,4.390553,0.476445,-0.991309,4.276243,0.559980,-1.327649,4.345596,1.066170,-1.314897,4.740860,1.204476,-0.905476,4.692764,1.154971,-0.783989,4.752431,0.488453,-0.648229,4.590199,0.790384,-0.487775,4.726305,0.603823,-0.151912,4.782917,0.134672,-0.486090,4.676025,0.375916,0.289067,4.453983,0.190325,0.125527,4.449569
2256,0.399481,-0.985073,4.390150,0.449431,-1.012382,4.274502,0.554841,-1.338821,4.341461,1.061330,-1.333913,4.726731,1.213359,-0.947187,4.689321,1.169499,-0.799125,4.752511,0.503345,-0.692389,4.600863,0.803850,-0.523786,4.731045,0.609916,-0.122937,4.762404,0.145113,-0.515566,4.692821,0.357154,0.295423,4.442389,0.179275,0.107916,4.481766
2257,0.407146,-0.961420,4.404958,0.479375,-0.989630,4.269603,0.557095,-1.300908,4.348667,1.062867,-1.312484,4.737641,1.233206,-0.931318,4.688352,1.165642,-0.761450,4.734670,0.500340,-0.648833,4.589912,0.809193,-0.496122,4.715117,0.602582,-0.142396,4.773163,0.181146,-0.514977,4.717171,0.386015,0.277232,4.474872,0.200989,0.080293,4.500206
2258,0.401469,-0.987179,4.402871,0.468920,-0.973075,4.269394,0.566470,-1.294383,4.343024,1.066484,-1.301051,4.728402,1.255694,-0.989934,4.686772,1.155280,-0.795146,4.748342,0.510976,-0.661916,4.587485,0.809137,-0.505396,4.717012,0.624564,-0.166391,4.782503,0.173402,-0.528487,4.662599,0.431273,0.285274,4.483567,0.198625,0.019256,4.536030
2259,0.406398,-0.966835,4.399032,0.467181,-1.008786,4.261539,0.568296,-1.290599,4.339641,1.061140,-1.293513,4.736786,1.219960,-0.975432,4.699934,1.165607,-0.796051,4.747433,0.516029,-0.667014,4.587824,0.809086,-0.520978,4.715721,0.634813,-0.131245,4.759371,0.181236,-0.525072,4.710757,0.414094,0.281274,4.479246,0.221328,0.053553,4.522723
2260,0.402395,-0.963107,4.387971,0.453778,-0.983352,4.269677,0.557895,-1.270838,4.340525,1.047786,-1.266306,4.737737,1.201486,-0.965051,4.708856,1.193176,-0.743843,4.733851,0.512693,-0.667885,4.585289,0.804775,-0.510708,4.714097,0.651506,-0.167829,4.779464,0.200107,-0.529358,4.681847,0.409001,0.256929,4.497602,0.193257,0.127264,4.453773
2261,0.400635,-0.972618,4.397264,0.460129,-1.000260,4.262496,0.565613,-1.300773,4.342108,1.057733,-1.273571,4.738936,1.201000,-0.916150,4.706929,1.145808,-0.808526,4.760858,0.515563,-0.678490,4.581140,0.812139,-0.505332,4.709030,0.646008,-0.184137,4.778042,0.205005,-0.533351,4.669928,0.413004,0.225626,4.533738,0.182107,0.030539,4.497644
2262,0.403551,-0.975639,4.390590,0.466048,-1.012079,4.253080,0.564896,-1.292048,4.338827,1.053633,-1.279913,4.738522,1.202389,-0.941258,4.707058,1.154062,-0.818368,4.757449,0.519991,-0.670907,4.578500,0.810964,-0.509438,4.708920,0.641668,-0.173424,4.770990,0.205016,-0.539127,4.689373,0.412859,0.236290,4.513644,0.207122,0.064104,4.523939
2263,0.399760,-0.977149,4.402051,0.459916,-0.987031,4.261078,0.560724,-1.286076,4.348315,1.033699,-1.268734,4.739429,1.176478,-0.973427,4.710702,1.157757,-0.820023,4.753292,0.515779,-0.668478,4.580589,0.808395,-0.506918,4.710912,0.638067,-0.154767,4.769372,0.208465,-0.495876,4.683521,0.397414,0.260559,4.496274,0.222279,0.093835,4.475530
2264,0.405199,-0.975053,4.394403,0.469423,-1.006845,4.268106,0.562289,-1.323861,4.342198,1.054499,-1.275957,4.735149,1.190565,-0.901267,4.707177,1.156928,-0.808921,4.755409,0.524749,-0.676106,4.583985,0.820207,-0.499916,4.710572,0.652599,-0.175012,4.783275,0.196409,-0.533933,4.684168,0.394109,0.204941,4.541904,0.202498,0.088153,4.463749
2265,0.397421,-0.959888,4.397950,0.450131,-0.974786,4.261758,0.554530,-1.271642,4.342876,1.035895,-1.270141,4.725680,1.190045,-0.930842,4.688105,1.158273,-0.829260,4.747612,0.496636,-0.682629,4.591186,0.786029,-0.519955,4.723303,0.658831,-0.185591,4.798867,0.185525,-0.551723,4.685783,0.409770,0.226807,4.523984,0.214962,0.033724,4.524745
2266,0.395059,-0.951949,4.386978,0.468706,-0.939277,4.272544,0.545984,-1.302079,4.347205,1.044667,-1.285803,4.740462,1.185039,-0.937430,4.699795,1.132066,-0.887756,4.776110,0.491684,-0.678040,4.595631,0.795040,-0.502472,4.723585,0.623607,-0.107762,4.752692,0.154285,-0.511130,4.692698,0.382094,0.272613,4.464880,0.183185,0.133542,4.471628
2267,0.382094,-0.940015,4.406798,0.446407,-0.968478,4.263372,0.546963,-1.309807,4.343095,1.071550,-1.347595,4.730491,1.214221,-0.896626,4.687761,1.156315,-0.817604,4.756472,0.501113,-0.667026,4.595898,0.810312,-0.512251,4.722488,0.619051,-0.136311,4.775650,0.150421,-0.492848,4.666945,0.404672,0.317549,4.459582,0.196212,0.109237,4.477876
2268,0.386146,-0.945364,4.396737,0.454284,-0.938529,4.280406,0.538055,-1.300453,4.350382,1.010973,-1.287788,4.734726,1.181521,-0.899337,4.689639,1.144480,-0.815966,4.754401,0.496828,-0.683096,4.604356,0.789473,-0.509562,4.729632,0.655422,-0.091158,4.744851,0.148737,-0.504398,4.699760,0.418014,0.279393,4.493980,0.199425,0.063605,4.521650
2269,0.391180,-0.991133,4.404998,0.448498,-1.015283,4.272145,0.537886,-1.309351,4.345166,1.011723,-1.254025,4.749130,1.206436,-0.919861,4.695184,1.133938,-0.821013,4.767216,0.482760,-0.661870,4.592316,0.780360,-0.484100,4.726636,0.618078,-0.103560,4.754725,0.147415,-0.485950,4.658848,0.409528,0.306718,4.450742,0.192188,0.152860,4.449332
2270,0.394290,-0.982665,4.386734,0.442024,-0.973089,4.273145,0.511962,-1.282320,4.352720,0.974420,-1.256165,4.753903,1.144775,-0.947910,4.710244,1.136995,-0.847029,4.767372,0.479061,-0.653328,4.601182,0.775645,-0.531502,4.752325,0.631007,-0.075733,4.740600,0.134788,-0.486385,4.673922,0.392156,0.229130,4.532987,0.199345,0.082049,4.489891
2271,0.398217,-0.973257,4.383471,0.472742,-0.945795,4.275149,0.545312,-1.292363,4.341790,1.037474,-1.323784,4.752877,1.192469,-0.890970,4.690029,1.179595,-0.838597,4.749802,0.495698,-0.649898,4.606049,0.782533,-0.510793,4.753880,0.666576,-0.133238,4.765284,0.136028,-0.487839,4.682281,0.413430,0.247265,4.518584,0.182065,0.091056,4.442711
2272,0.356609,-0.997824,4.390312,0.447843,-1.037515,4.286327,0.524721,-1.377413,4.338956,1.018329,-1.271951,4.734945,1.208495,-0.865253,4.683989,1.151344,-0.730702,4.737222,0.488151,-0.712530,4.624141,0.803536,-0.540144,4.762095,0.609235,-0.110086,4.763079,0.110801,-0.496928,4.733040,0.428640,0.285832,4.479667,0.163178,0.071763,4.472683
2273,0.363541,-0.978794,4.371590,0.416161,-1.094150,4.276107,0.491663,-1.450695,4.325118,1.001873,-1.445730,4.759395,1.112657,-1.076737,4.733105,1.188892,-1.017645,4.772467,0.494431,-0.725454,4.635977,0.797377,-0.562744,4.784202,0.598396,-0.055394,4.727335,0.141966,-0.445598,4.723404,0.384561,0.285500,4.493556,0.140619,0.100512,4.463265
2274,0.383900,-1.024312,4.379289,0.447777,-1.140508,4.259515,0.459486,-1.503881,4.306355,1.027154,-1.428576,4.756272,1.199211,-1.052794,4.713145,1.377555,-1.052123,4.718867,0.512269,-0.739848,4.624448,0.790336,-0.585950,4.783368,0.548383,-0.111819,4.761153,0.154927,-0.428719,4.704797,0.393797,0.275622,4.494482,0.121721,-0.036211,4.585036
2275,0.359738,-0.915791,4.371798,0.405249,-1.060536,4.253762,0.471932,-1.501760,4.318943,1.009453,-1.532685,4.760328,1.166344,-0.972983,4.698358,1.218028,-1.008601,4.767279,0.498577,-0.725056,4.632696,0.797319,-0.556931,4.790903,0.552112,-0.079924,4.738094,0.143275,-0.411963,4.701642,0.390828,0.268606,4.505750,0.132461,0.098744,4.479835
2276,0.539362,-1.241837,4.366218,0.585627,-1.257498,4.259566,0.655348,-1.507391,4.316678,1.047317,-1.201471,4.725036,1.023741,-0.753032,4.707822,0.995789,-0.977784,4.821939,0.614446,-0.703097,4.595334,0.783040,-0.502161,4.745921,0.436152,-0.152178,4.785976,0.182937,-0.457653,4.712074,0.442676,0.289262,4.486931,0.217034,-0.006972,4.539951
2277,0.559617,-1.392479,4.352946,0.465097,-1.322097,4.231618,0.494275,-1.565248,4.309775,1.030414,-1.461771,4.764055,1.136735,-0.998005,4.705970,1.087436,-1.243223,4.816183,0.494125,-0.707708,4.624373,0.790884,-0.556258,4.775497,0.515953,-0.062238,4.727161,0.138379,-0.448498,4.716641,0.336272,0.226497,4.542872,0.144647,0.087177,4.496762
2278,0.431724,-0.953235,4.378011,0.440304,-1.031311,4.267728,0.478095,-1.414375,4.321210,1.095492,-1.284280,4.734462,1.159712,-0.846594,4.694877,1.154474,-0.869201,4.754415,0.483155,-0.661278,4.609569,0.845020,-0.497899,4.741464,0.538148,-0.114660,4.761941,0.129180,-0.474444,4.724767,0.349477,0.211561,4.549608,0.114160,0.063213,4.519297
2279,0.668961,-1.522531,4.311070,0.518619,-1.371785,4.219453,0.523012,-1.453878,4.319340,1.007124,-1.329664,4.751261,1.007469,-1.023218,4.733115,0.913800,-1.226310,4.861586,0.484488,-0.664465,4.611894,0.812250,-0.529727,4.749329,0.574301,-0.050199,4.726803,0.148946,-0.435224,4.713734,0.383756,0.138760,4.610412,0.169970,-0.002588,4.582085
2280,0.360446,-1.119650,4.376097,0.394088,-1.092466,4.234200,0.471423,-1.428928,4.313690,1.044307,-1.356642,4.743093,1.104777,-0.937043,4.653110,1.155147,-1.047424,4.725872,0.452964,-0.674396,4.618218,0.759178,-0.519418,4.759717,0.542740,-0.085405,4.742896,0.133386,-0.471960,4.717295,0.372300,0.175660,4.568274,0.150060,0.072628,4.536992
2281,0.381253,-1.034357,4.379076,0.432816,-1.025636,4.251508,0.514922,-1.376664,4.314207,1.034716,-1.261455,4.730552,0.931666,-0.816427,4.726136,0.696857,-1.156215,4.913522,0.494834,-0.647882,4.597890,0.820444,-0.506978,4.745742,0.539052,-0.150335,4.777446,0.144324,-0.482660,4.705653,0.321821,0.247883,4.521863,0.161911,0.073663,4.481102
2282,0.430945,-0.923948,4.393816,0.458944,-0.972649,4.288636,0.521421,-1.375506,4.318641,1.079989,-1.220220,4.716979,1.060102,-0.710986,4.697591,0.795787,-1.025689,4.879024,0.525169,-0.673954,4.601410,0.831113,-0.509717,4.741513,0.534527,-0.134505,4.773920,0.179939,-0.492256,4.711293,0.405757,0.226135,4.547794,0.187132,-0.028952,4.515248
2283,0.413920,-0.939340,4.390842,0.446049,-0.924318,4.284295,0.498476,-1.253315,4.320827,1.101994,-1.225227,4.708910,1.124286,-0.768905,4.679508,0.938852,-0.767912,4.775959,0.517594,-0.631750,4.597743,0.856047,-0.517154,4.735398,0.623549,-0.075363,4.749371,0.244163,-0.338127,4.624338,0.502607,0.080702,4.657227,0.193727,-0.084527,4.564140
2284,0.730726,-0.847197,4.359159,0.627874,-0.641912,4.310101,0.575252,-1.073425,4.342771,1.006433,-1.373416,4.758238,1.039560,-1.112063,4.748165,0.997992,-1.097678,4.850124,0.571646,-0.550364,4.587469,0.787292,-0.524516,4.771549,0.551630,-0.200101,4.809868,0.306267,-0.368406,4.665117,0.436091,0.084222,4.661128,0.205302,-0.061629,4.567025
2285,0.657178,-0.911369,4.358377,0.608160,-0.901018,4.282841,0.633962,-1.158129,4.339142,1.032941,-1.044850,4.706504,1.036978,-0.715779,4.702374,0.863009,-0.730702,4.812363,0.645193,-0.515236,4.571076,0.868052,-0.354011,4.705204,0.597311,-0.103030,4.764208,0.411973,-0.444263,4.664553,0.614883,0.190607,4.575524,0.391103,-0.130430,4.590948
2286,0.481114,-0.550203,4.371153,0.503427,-0.702691,4.294259,0.625487,-0.989453,4.345150,1.074165,-1.056093,4.696541,1.014491,-0.797627,4.712251,0.828311,-0.967522,4.865768,0.656154,-0.343091,4.528343,0.917290,-0.200525,4.645445,0.619374,-0.065258,4.738519,0.420337,-0.324566,4.612424,0.512496,-0.012843,4.719467,0.298892,-0.135995,4.654907
2287,0.452840,-0.971727,4.361747,0.613337,-0.879964,4.293164,0.754323,-1.179647,4.326413,0.913616,-1.015078,4.723629,0.634215,-0.787652,4.777141,0.659084,-1.058670,4.927589,0.740026,-0.415028,4.535286,0.832583,-0.237249,4.672504,0.451038,-0.109109,4.758245,0.402724,-0.363287,4.620101,0.392803,0.169257,4.598517,0.280462,-0.018329,4.535499
2288,0.484184,-1.221851,4.341038,0.654538,-1.009422,4.252013,0.822783,-1.115278,4.316944,0.873461,-0.847715,4.710087,0.632316,-0.854469,4.777988,0.614363,-1.106029,4.934066,0.788637,-0.403262,4.526074,0.829826,-0.236034,4.671880,0.460398,-0.126237,4.775129,0.466344,-0.415756,4.635934,0.399757,0.094148,4.632900,0.341515,-0.128658,4.627576
2289,0.491568,-0.699362,4.374173,0.589571,-0.669594,4.300911,0.740033,-0.977007,4.335736,0.954829,-0.931938,4.704871,0.842797,-0.852720,4.760030,0.764557,-1.068971,4.907990,0.745560,-0.354753,4.523208,0.858978,-0.216582,4.660066,0.538153,-0.052338,4.730065,0.473847,-0.403709,4.626329,0.406931,0.054077,4.686540,0.312293,-0.173671,4.676337
2290,0.553293,-0.445088,4.368623,0.532974,-0.664636,4.296409,0.653013,-0.819713,4.347439,0.988600,-1.080217,4.725825,0.945798,-1.118220,4.785094,0.891642,-1.310338,4.941039,0.667451,-0.299184,4.513474,0.835977,-0.253824,4.673293,0.545247,-0.234892,4.829713,0.411995,-0.348422,4.617106,0.423944,-0.166315,4.835819,0.226523,-0.235324,4.685757
2291,0.435951,-0.309548,4.357528,0.483729,-0.599104,4.293381,0.602602,-0.972570,4.332375,1.083193,-0.991057,4.692606,1.010180,-0.803926,4.732771,0.848210,-1.068735,4.900482,0.626857,-0.327766,4.528544,0.904319,-0.173151,4.640606,0.652056,0.011455,4.694324,0.369219,-0.310702,4.619654,0.505488,-0.019103,4.729726,0.286271,-0.152047,4.628741
2292,0.495391,-0.754098,4.376415,0.490079,-0.582848,4.309284,0.568862,-0.970014,4.334534,1.102216,-1.165900,4.697968,1.127176,-1.210211,4.744713,0.975640,-1.463548,4.927798,0.623349,-0.370297,4.539160,0.919070,-0.255007,4.654399,0.630131,-0.111840,4.763195,0.366587,-0.339192,4.619805,0.518681,-0.037924,4.735473,0.286723,-0.120355,4.617451
2293,0.502293,-0.820260,4.386456,0.525093,-0.782518,4.285043,0.648393,-1.100454,4.326493,1.000969,-0.919573,4.719148,0.830312,-0.839946,4.771106,0.706135,-1.263201,4.971560,0.662006,-0.371902,4.542872,0.820672,-0.163714,4.654978,0.417008,-0.169628,4.781581,0.328627,-0.463094,4.700784,0.386886,0.022660,4.715313,0.249676,-0.137205,4.656077
2294,0.420028,-0.092122,4.358983,0.398662,-0.498229,4.315214,0.504628,-0.903330,4.349622,1.071875,-0.940895,4.693983,1.016976,-0.496368,4.672610,0.902046,-0.830131,4.806233,0.528462,-0.279879,4.536345,0.843353,-0.147163,4.646446,0.592876,-0.037269,4.721698,0.340133,-0.241418,4.611175,0.479627,-0.008547,4.733634,0.235707,-0.089884,4.614026
2295,0.476184,-0.164327,4.376173,0.391634,-0.517125,4.316699,0.529838,-0.838797,4.352329,1.030410,-0.974683,4.705779,0.975458,-0.970281,4.738224,0.839575,-1.304093,4.913476,0.546853,-0.323694,4.542943,0.832151,-0.204472,4.668172,0.595761,0.032782,4.675961,0.311247,-0.261013,4.628650,0.476378,0.062036,4.661229,0.224490,-0.059729,4.601747
2296,0.471471,-0.340230,4.375659,0.437303,-0.552726,4.313562,0.547713,-0.990898,4.337172,1.109087,-0.999127,4.694943,1.032343,-0.660797,4.694046,0.845206,-1.018299,4.896620,0.585372,-0.373727,4.546609,0.901905,-0.205649,4.649202,0.587098,-0.038310,4.720656,0.267601,-0.376925,4.669095,0.466055,0.130864,4.626113,0.249064,-0.049446,4.544540
2297,0.511566,-0.916692,4.364835,0.574054,-0.784437,4.281824,0.690061,-1.080189,4.326859,0.966906,-1.032847,4.720104,0.918272,-0.840206,4.733343,0.890699,-1.099486,4.875021,0.681887,-0.383574,4.541157,0.817032,-0.228022,4.671274,0.474760,-0.146492,4.784303,0.379954,-0.430010,4.673428,0.433933,0.033989,4.674862,0.298749,-0.159742,4.666235
2298,0.474048,-0.922136,4.357725,0.520032,-0.827756,4.286408,0.660651,-1.110796,4.328039,1.026642,-1.019453,4.692425,0.955583,-0.827961,4.750635,0.833342,-1.063143,4.894351,0.679728,-0.441698,4.562153,0.871898,-0.281308,4.677090,0.519083,-0.150305,4.776777,0.394070,-0.419531,4.644194,0.458797,0.044109,4.674228,0.320125,-0.152740,4.627168
2299,0.571169,-0.309926,4.397877,0.515021,-0.599310,4.335249,0.585812,-0.951257,4.353744,0.850576,-1.014617,4.728394,0.672810,-0.832406,4.772018,0.641586,-0.995424,4.891476,0.584853,-0.331183,4.547523,0.735271,-0.251257,4.696558,0.473338,-0.110338,4.756763,0.366261,-0.311460,4.643857,0.388302,-0.012391,4.739422,0.247937,-0.113612,4.643972
2300,0.537806,-0.906622,4.370533,0.566687,-0.784614,4.289464,0.649545,-1.116440,4.325608,0.818001,-1.251456,4.776800,0.782323,-1.029076,4.818746,0.763224,-1.229188,4.911380,0.660494,-0.437620,4.564597,0.729031,-0.372647,4.746108,0.330093,-0.350211,4.924714,0.330192,-0.371226,4.621009,0.324468,0.010318,4.768416,0.263380,0.031595,4.493881
2301,0.529187,-0.634040,4.378059,0.509590,-0.635047,4.289144,0.600306,-0.995150,4.325415,0.912320,-1.069999,4.746952,0.849880,-0.817673,4.737388,0.795041,-1.002196,4.873796,0.624287,-0.346474,4.543236,0.794522,-0.218760,4.681744,0.488125,-0.116865,4.773767,0.360351,-0.423653,4.639106,0.409576,0.056640,4.702435,0.280442,-0.140626,4.626694
2302,0.544748,-0.925190,4.355780,0.582031,-0.831980,4.285366,0.655020,-1.190492,4.321874,0.893126,-1.243583,4.750231,0.794450,-0.974253,4.796554,0.658686,-1.214751,4.958907,0.689353,-0.465308,4.570500,0.797660,-0.330965,4.715590,0.346158,-0.296012,4.926401,0.267646,-0.497901,4.689445,0.395520,0.193812,4.592479,0.245374,-0.079701,4.564452
2303,0.580945,-0.565573,4.368503,0.551199,-0.682908,4.303351,0.595374,-1.079029,4.330192,0.900914,-1.246030,4.754040,0.847185,-1.173203,4.844677,0.730131,-1.404385,4.973086,0.635565,-0.467919,4.578814,0.783001,-0.364807,4.723153,0.413037,-0.246220,4.880914,0.296512,-0.470667,4.675336,0.448002,0.106921,4.659293,0.259070,-0.135099,4.608106
2304,0.433026,-0.758068,4.365128,0.417792,-0.764765,4.278422,0.464353,-1.161062,4.309662,1.012784,-1.286288,4.746667,1.039749,-0.985709,4.746974,0.852026,-1.215701,4.897877,0.532293,-0.506219,4.582940,0.833568,-0.377975,4.728437,0.555559,-0.094933,4.766207,0.148189,-0.396156,4.645086,0.377933,0.103544,4.657938,0.149353,0.021825,4.508831
2305,0.678489,-1.051571,4.344949,0.676833,-0.886468,4.293763,0.713106,-1.152165,4.322447,0.793515,-1.221702,4.781180,0.728586,-0.991769,4.813531,0.669893,-1.129672,4.950652,0.691660,-0.478674,4.567296,0.730352,-0.374608,4.738218,0.348370,-0.269480,4.893656,0.375695,-0.487738,4.653878,0.391533,0.160957,4.635359,0.373738,-0.093650,4.566724
2306,0.541871,-1.424229,4.322689,0.593746,-1.148255,4.281196,0.709385,-1.161306,4.326878,0.848812,-0.866780,4.727773,0.661644,-0.604131,4.760971,0.685809,-0.706914,4.844924,0.690082,-0.443225,4.565015,0.756181,-0.245505,4.695373,0.382067,-0.165392,4.827588,0.387902,-0.511134,4.680066,0.465064,0.148835,4.612650,0.345789,-0.162556,4.605668
2307,0.670042,-1.102868,4.341424,0.673179,-0.857287,4.289936,0.713902,-0.975033,4.345957,0.736778,-1.079539,4.759388,0.665042,-1.105046,4.802872,0.780541,-1.226358,4.929459,0.686588,-0.372262,4.549845,0.700582,-0.296570,4.724717,0.322212,-0.278968,4.899426,0.375615,-0.418127,4.645581,0.340575,-0.001922,4.745733,0.280235,-0.117132,4.615314
2308,0.569378,-1.345139,4.331282,0.587870,-1.117127,4.288348,0.654732,-1.143007,4.325929,0.877844,-0.928649,4.737904,0.799937,-0.832200,4.786928,0.791765,-1.041090,4.891845,0.661874,-0.488359,4.567846,0.779464,-0.300736,4.710538,0.464147,-0.106459,4.786107,0.382360,-0.513315,4.686728,0.453054,0.150389,4.626472,0.301887,-0.193651,4.618833
2309,0.517179,-1.337423,4.331972,0.600346,-1.086407,4.267803,0.752234,-1.125083,4.314813,0.832071,-0.867514,4.735137,0.689331,-0.648048,4.756677,0.753365,-0.650466,4.817224,0.719677,-0.444430,4.560550,0.758841,-0.247417,4.697079,0.378558,-0.182631,4.842452,0.393397,-0.568081,4.693404,0.463759,0.174856,4.602926,0.345675,-0.208701,4.649041
2310,0.704173,-0.424539,4.386768,0.622346,-0.683250,4.315794,0.644076,-0.835357,4.360367,0.811795,-1.371090,4.797174,0.804435,-1.323410,4.868501,0.879488,-1.290484,4.925833,0.626902,-0.340769,4.549577,0.703633,-0.392023,4.753935,0.453100,-0.299689,4.891354,0.438864,-0.332287,4.630610,0.422570,-0.030531,4.717947,0.356936,-0.044584,4.538393
2311,0.779429,-0.606821,4.376437,0.773031,-0.613637,4.337478,0.791493,-0.871357,4.347539,0.813382,-1.259636,4.789578,0.759482,-1.168784,4.841370,0.857251,-1.182490,4.902656,0.720331,-0.330327,4.535521,0.746632,-0.351452,4.733613,0.428684,-0.299967,4.900697,0.444624,-0.307947,4.601309,0.408666,-0.050704,4.775861,0.341521,-0.115990,4.612457
2312,0.565861,-0.531364,4.376267,0.579933,-0.701503,4.316151,0.664002,-1.082731,4.319669,0.935077,-0.960972,4.737543,0.810587,-0.558434,4.717278,0.683442,-0.905352,4.889674,0.664813,-0.422311,4.553092,0.806654,-0.242986,4.683623,0.499607,-0.072228,4.748784,0.395312,-0.447012,4.664596,0.476824,0.182131,4.608310,0.366323,-0.099917,4.592964
2313,0.546952,-0.100017,4.367571,0.542453,-0.458441,4.335416,0.612228,-0.858717,4.361156,0.884305,-1.051880,4.757410,0.736882,-0.984647,4.813148,0.653909,-1.154970,4.953724,0.597248,-0.238466,4.527865,0.747742,-0.198621,4.683956,0.545213,-0.068770,4.729542,0.415701,-0.209314,4.601441,0.431406,-0.030161,4.740558,0.264168,-0.111299,4.648096
2314,0.516911,-1.082263,4.365587,0.519144,-0.945921,4.297475,0.626400,-1.232968,4.317848,0.884228,-1.116280,4.759340,0.815162,-0.688617,4.749584,0.731796,-0.931575,4.865979,0.609786,-0.505222,4.577895,0.732123,-0.328350,4.728884,0.342221,-0.182071,4.829541,0.269610,-0.464965,4.710934,0.354660,0.335245,4.478471,0.224438,0.042496,4.495139
2315,0.569428,-0.502169,4.395554,0.578538,-0.572987,4.337029,0.654012,-0.858448,4.356312,0.923588,-1.227737,4.777832,0.912800,-1.164246,4.818616,0.943147,-1.281900,4.910266,0.638932,-0.313577,4.536531,0.769324,-0.322900,4.716659,0.474423,-0.251141,4.850589,0.392287,-0.298727,4.629548,0.410898,-0.024199,4.770177,0.305866,-0.044787,4.586572
2316,0.400217,-0.857734,4.377820,0.469676,-0.813834,4.308542,0.604968,-1.124545,4.312455,1.040360,-1.112620,4.732794,1.036282,-0.880533,4.742745,0.982637,-1.057654,4.849329,0.644920,-0.453088,4.550495,0.849111,-0.296137,4.684324,0.511564,-0.128863,4.775999,0.385904,-0.437200,4.653647,0.496785,0.109262,4.621570,0.306876,-0.143119,4.596891
2317,0.540808,-0.872692,4.380977,0.533893,-0.847898,4.303120,0.624297,-1.133473,4.328666,0.945394,-1.070663,4.739576,0.966202,-0.870032,4.755091,1.013921,-1.025026,4.836093,0.637353,-0.486420,4.575560,0.777535,-0.333953,4.720124,0.418770,-0.136357,4.794936,0.387725,-0.414471,4.654487,0.434902,0.171774,4.599424,0.331786,-0.022856,4.535203
2318,0.527355,-0.388255,4.386486,0.548441,-0.528251,4.330558,0.658542,-0.885739,4.344570,0.904993,-1.206069,4.761775,0.835674,-1.055355,4.777111,0.822502,-1.123155,4.885211,0.643992,-0.280057,4.529322,0.769299,-0.294554,4.707089,0.511141,-0.191546,4.805688,0.400680,-0.250702,4.601851,0.418420,-0.044979,4.759770,0.277055,-0.073917,4.608684
2319,0.630599,-1.080380,4.356854,0.657937,-0.863700,4.256557,0.695137,-1.115644,4.318914,0.803349,-1.085854,4.777068,0.584468,-0.848536,4.772548,0.646617,-1.048930,4.914061,0.671222,-0.405637,4.548211,0.732387,-0.256413,4.702778,0.354551,-0.197620,4.846557,0.331460,-0.466844,4.680835,0.413721,0.125584,4.644113,0.331793,-0.092915,4.583488
2320,0.591116,-0.865305,4.385312,0.570132,-0.778441,4.288675,0.631515,-1.128483,4.317375,0.904974,-1.123744,4.767617,0.807958,-0.844665,4.769936,0.746881,-1.166096,4.914947,0.625449,-0.443166,4.566188,0.750506,-0.320854,4.724850,0.396886,-0.196684,4.827943,0.318562,-0.346080,4.657545,0.414224,0.034190,4.693173,0.305952,-0.038355,4.560906
2321,0.665153,-1.257970,4.348695,0.656257,-1.014638,4.291913,0.698615,-1.147536,4.323844,0.781166,-1.026860,4.766353,0.659232,-0.759102,4.769120,0.677564,-0.867743,4.855335,0.650242,-0.460157,4.569642,0.686223,-0.344316,4.739305,0.344146,-0.248981,4.873684,0.352161,-0.416184,4.677403,0.377819,0.051052,4.696604,0.282444,-0.109700,4.638541
2322,0.639142,-0.796745,4.381374,0.643819,-0.767754,4.301748,0.643582,-1.171134,4.319953,0.820051,-1.344508,4.793257,0.781357,-0.948340,4.774256,0.665504,-1.107928,4.928195,0.617494,-0.492952,4.581151,0.686837,-0.445649,4.778224,0.347642,-0.298845,4.917670,0.293790,-0.367454,4.683508,0.367822,0.227159,4.540659,0.289445,0.077065,4.476396
2323,0.543774,-1.133627,4.352820,0.527073,-1.008863,4.262944,0.599339,-1.190609,4.306092,0.900328,-1.046965,4.757949,0.816888,-0.900677,4.772409,0.751528,-1.015090,4.883560,0.610112,-0.532128,4.585275,0.759124,-0.370937,4.743540,0.444915,-0.095711,4.769997,0.378868,-0.428236,4.658248,0.412025,0.215817,4.579202,0.355409,-0.024268,4.544733
2324,0.542706,-0.549249,4.376586,0.494897,-0.681691,4.305456,0.522581,-1.112178,4.320609,1.070804,-1.346055,4.755007,1.118486,-1.084247,4.748083,1.009256,-1.240396,4.886871,0.580911,-0.508259,4.585532,0.878776,-0.415159,4.726578,0.567140,-0.089447,4.752746,0.260982,-0.387932,4.656892,0.513525,0.133170,4.637149,0.257603,-0.062604,4.559151
2325,1.000192,-0.731399,4.336302,0.853883,-0.699878,4.274110,0.718432,-1.105029,4.320178,0.791936,-1.427388,4.798853,0.744110,-1.296938,4.840971,0.753201,-1.307203,4.943818,0.641420,-0.517686,4.578714,0.713022,-0.524367,4.792655,0.531274,-0.160384,4.805770,0.365194,-0.342721,4.639536,0.424728,0.135833,4.637781,0.348398,0.005514,4.531579
2326,0.554363,-0.495172,4.373849,0.452643,-0.649126,4.280840,0.463134,-1.058548,4.324312,1.067980,-1.390053,4.747110,1.154368,-1.192384,4.735859,1.093033,-1.244327,4.835009,0.518136,-0.511443,4.589508,0.848265,-0.473131,4.747116,0.593112,-0.124102,4.774118,0.248540,-0.350061,4.662498,0.535080,0.024946,4.697575,0.220366,-0.120150,4.619704
2327,0.466338,-0.270878,4.352963,0.451786,-0.561662,4.308914,0.505416,-0.973834,4.337903,1.114609,-1.299167,4.746566,1.167323,-1.083573,4.727818,1.062162,-1.237493,4.841584,0.557973,-0.418705,4.575757,0.912700,-0.382632,4.708531,0.681577,-0.156088,4.811118,0.335996,-0.284062,4.625092,0.546299,-0.022674,4.725543,0.275747,-0.080498,4.589420
2328,0.730007,-0.852619,4.363473,0.694145,-0.745657,4.275831,0.699609,-1.117902,4.320827,0.857061,-1.347824,4.798599,0.629777,-1.057712,4.824659,0.692169,-1.050987,4.920511,0.650375,-0.432897,4.560396,0.764612,-0.406709,4.749798,0.579867,-0.158934,4.794580,0.406189,-0.292406,4.603670,0.490499,0.036484,4.685964,0.332006,-0.017580,4.514714
2329,0.485402,-0.527861,4.365359,0.427973,-0.635706,4.306687,0.534614,-1.067884,4.321057,1.158446,-1.128455,4.721460,1.171635,-0.787687,4.701945,0.936034,-1.058106,4.871445,0.585284,-0.403238,4.553817,0.938013,-0.256877,4.663009,0.693804,-0.011750,4.714397,0.358693,-0.365857,4.640255,0.538650,0.045026,4.680344,0.271637,-0.106899,4.620982
2330,0.585211,-0.795842,4.380670,0.512780,-0.659690,4.286485,0.543566,-1.075817,4.330157,1.140276,-1.364809,4.742745,1.219973,-1.014829,4.697235,1.133221,-1.070803,4.786271,0.573961,-0.461729,4.577647,0.894074,-0.413326,4.722396,0.647716,-0.124282,4.775716,0.319738,-0.306756,4.658457,0.545725,0.136480,4.614768,0.271082,0.031700,4.530345
2331,0.527567,-0.879008,4.373387,0.469965,-0.854055,4.274761,0.530838,-1.334955,4.294182,1.122800,-1.295569,4.750131,1.145666,-0.615286,4.669087,0.966499,-0.922638,4.810011,0.575153,-0.598461,4.589679,0.865466,-0.448607,4.733047,0.552991,-0.093659,4.752181,0.156378,-0.415972,4.681108,0.411856,0.305301,4.498682,0.169491,0.132942,4.426914
2332,0.784132,-1.018894,4.358293,0.660035,-0.957279,4.258831,0.641598,-1.304330,4.313221,0.838114,-1.326236,4.790539,0.687391,-0.906158,4.776744,0.670919,-1.062449,4.891305,0.590757,-0.556010,4.588938,0.673812,-0.472887,4.789927,0.444844,-0.108030,4.759446,0.320815,-0.290233,4.655968,0.404088,0.174556,4.574235,0.345255,0.060368,4.502762
2333,0.851273,-0.398463,4.383404,0.600766,-0.647374,4.306486,0.543976,-0.964357,4.341334,0.963257,-1.309028,4.770296,0.990758,-1.152062,4.754816,0.939126,-1.202758,4.844369,0.504934,-0.407702,4.560059,0.714304,-0.419510,4.751262,0.503985,-0.113784,4.767308,0.390768,-0.195228,4.592826,0.387669,-0.085088,4.767042,0.201961,-0.119183,4.644559
2334,0.858552,-1.291290,4.295910,0.768929,-1.132642,4.216469,0.773722,-1.169492,4.318450,0.759594,-1.051872,4.767715,0.709495,-1.043517,4.772928,0.862154,-1.168031,4.856667,0.675585,-0.427420,4.550991,0.579145,-0.351171,4.756361,0.324008,-0.224788,4.852735,0.430972,-0.258896,4.627748,0.333285,0.180814,4.577466,0.399472,0.088507,4.450942
2335,0.675838,-1.493027,4.300959,0.725524,-1.320027,4.208466,0.734677,-1.305984,4.301872,0.702532,-1.003236,4.778697,0.603539,-0.909971,4.798176,0.619831,-1.242526,4.965787,0.657350,-0.508714,4.567399,0.642470,-0.342540,4.742783,0.313988,-0.087906,4.776399,0.345829,-0.327450,4.638415,0.374135,0.350666,4.445852,0.328525,0.031881,4.484301
2336,0.322960,-1.263423,4.362933,0.374041,-1.269377,4.214171,0.429799,-1.453779,4.283418,0.857929,-1.243969,4.772445,1.067285,-0.820841,4.673434,1.149068,-0.909587,4.763143,0.457827,-0.672792,4.610437,0.711632,-0.482848,4.770232,0.409979,-0.099750,4.779038,0.087022,-0.449720,4.709822,0.323096,0.370938,4.446018,0.270892,0.103739,4.447938
2337,0.751321,-1.202360,4.324641,0.614747,-0.850134,4.274296,0.391624,-1.210940,4.309775,0.881243,-1.481501,4.800845,1.125341,-1.116180,4.726387,1.085464,-1.310449,4.831943,0.377049,-0.637711,4.619406,0.700767,-0.524305,4.795296,0.539750,-0.021023,4.717680,0.028032,-0.415033,4.696178,0.397142,0.325666,4.484187,0.165970,0.180580,4.410474
2338,0.787294,-1.192185,4.338270,0.602945,-0.865357,4.285663,0.398129,-1.232219,4.312168,0.917841,-1.445778,4.798386,1.134463,-1.081009,4.705895,1.083636,-1.244363,4.799697,0.431390,-0.658525,4.618851,0.726416,-0.544216,4.797188,0.565759,-0.038678,4.721904,0.004193,-0.402345,4.698388,0.385010,0.305441,4.485235,0.114112,0.108388,4.481942
2339,0.753373,-1.110538,4.323106,0.598843,-0.922888,4.283947,0.450838,-1.260046,4.308980,0.971792,-1.407608,4.799328,1.135869,-0.982717,4.689911,1.062589,-0.903291,4.793807,0.486018,-0.646947,4.608070,0.776146,-0.483245,4.763436,0.568447,-0.068452,4.738975,0.092919,-0.440747,4.695620,0.367333,0.318662,4.458857,0.116398,0.122820,4.445812
2340,0.738815,-1.073809,4.344194,0.599788,-0.785801,4.295828,0.433115,-1.257049,4.311669,0.978752,-1.511107,4.800222,1.238669,-1.032280,4.681193,1.154221,-0.993534,4.778152,0.471422,-0.675630,4.607076,0.780940,-0.536578,4.755298,0.590570,-0.085811,4.747054,0.107078,-0.468706,4.657510,0.397731,0.369511,4.444973,0.121419,0.130585,4.432355
2341,0.472529,-1.068421,4.372849,0.498607,-0.928396,4.295146,0.439667,-1.281521,4.312586,0.940658,-1.446190,4.804478,1.104397,-0.997469,4.681157,1.108026,-0.807584,4.760231,0.457002,-0.679649,4.617393,0.762470,-0.539276,4.769412,0.599821,-0.133387,4.783514,0.094214,-0.468036,4.702914,0.391930,0.310097,4.506198,0.173897,0.161119,4.441525
2342,0.386685,-0.842680,4.367281,0.443846,-0.944868,4.259386,0.445911,-1.279829,4.315347,0.980468,-1.391800,4.783082,1.211924,-1.029216,4.704222,1.148671,-0.796895,4.737277,0.464010,-0.666446,4.609132,0.799821,-0.495515,4.749787,0.598377,-0.096949,4.757718,0.139746,-0.448432,4.712011,0.406914,0.322454,4.483010,0.178307,0.142953,4.436278
2343,0.366487,-0.856629,4.376492,0.443353,-0.932756,4.270120,0.473884,-1.264063,4.332471,0.996770,-1.418398,4.795286,1.190648,-1.120824,4.720450,1.148285,-0.784984,4.749320,0.495308,-0.656837,4.609871,0.824849,-0.513127,4.750729,0.612995,-0.091064,4.758417,0.155489,-0.465929,4.702939,0.438423,0.373905,4.411578,0.227040,0.222117,4.419720
2344,0.431257,-0.920946,4.384758,0.480417,-0.867275,4.298147,0.478318,-1.186009,4.335555,1.000828,-1.369059,4.793275,1.193908,-0.968342,4.696866,1.120957,-0.732120,4.746527,0.505808,-0.604221,4.596126,0.837547,-0.460857,4.731053,0.685212,0.016045,4.691430,0.150343,-0.494258,4.649639,0.421764,0.321967,4.477077,0.217152,0.075922,4.499546
2345,0.376459,-0.934077,4.376690,0.428840,-0.963006,4.281976,0.469287,-1.228570,4.334970,0.987732,-1.371155,4.803259,1.211251,-0.998540,4.700153,1.144844,-0.779282,4.754745,0.500565,-0.607536,4.599821,0.839186,-0.461615,4.733907,0.687670,-0.060026,4.735980,0.165149,-0.478168,4.694302,0.460025,0.346478,4.454248,0.214614,0.165505,4.432612
2346,0.384594,-0.934963,4.393001,0.432766,-0.967063,4.302059,0.480352,-1.223446,4.344224,0.974394,-1.411906,4.838612,1.176841,-1.016247,4.738252,1.131303,-0.740661,4.753320,0.496823,-0.615333,4.588954,0.840234,-0.470287,4.729135,0.690337,-0.032398,4.718618,0.173063,-0.465808,4.674130,0.453295,0.321232,4.457740,0.217653,0.164487,4.435458
2347,0.386768,-0.933470,4.411184,0.470747,-0.976926,4.313925,0.485720,-1.240145,4.348916,0.988185,-1.446570,4.841556,1.198645,-1.177616,4.752639,1.152709,-0.794982,4.757133,0.500352,-0.625453,4.593242,0.834002,-0.456459,4.727114,0.659558,-0.074455,4.739795,0.165074,-0.487198,4.669695,0.462024,0.359010,4.438611,0.208435,0.154570,4.438212
2348,0.409241,-0.913234,4.398506,0.490665,-0.930256,4.313431,0.479554,-1.241892,4.344468,0.999555,-1.421253,4.819697,1.258394,-1.124325,4.721799,1.148940,-0.780302,4.756829,0.500213,-0.618003,4.604288,0.838488,-0.453295,4.735759,0.644000,-0.057062,4.728018,0.146012,-0.505108,4.710824,0.468556,0.362525,4.455345,0.219243,0.187940,4.444387
2349,0.374763,-0.957098,4.394312,0.446630,-1.030791,4.294139,0.466717,-1.318813,4.337540,0.998154,-1.463567,4.823264,1.241806,-1.119230,4.716796,1.133874,-0.780150,4.751408,0.491485,-0.634821,4.604738,0.847392,-0.460407,4.730865,0.663082,-0.078308,4.743892,0.156283,-0.497743,4.723301,0.487075,0.319988,4.454304,0.208168,0.164898,4.435325
2350,0.431911,-0.991462,4.392096,0.486595,-0.943074,4.302437,0.461396,-1.313249,4.338515,0.993527,-1.486673,4.863444,1.218343,-1.152083,4.742613,1.132826,-0.793990,4.759337,0.495137,-0.639294,4.607491,0.853340,-0.462964,4.737590,0.655457,-0.000719,4.697655,0.144588,-0.508461,4.761080,0.446139,0.332776,4.433932,0.172320,0.094234,4.486032
2351,0.421372,-1.007043,4.396329,0.462718,-1.009982,4.292956,0.448632,-1.343175,4.332794,1.000591,-1.475482,4.848465,1.233385,-1.141801,4.731698,1.147386,-0.788000,4.755056,0.482184,-0.637640,4.605120,0.847543,-0.460837,4.742453,0.652498,-0.031824,4.719477,0.111918,-0.500893,4.676394,0.468040,0.396270,4.404674,0.186101,0.178173,4.402637
2352,0.362336,-0.903807,4.396217,0.427059,-1.024862,4.293672,0.467147,-1.320474,4.340747,1.002619,-1.436616,4.854102,1.247059,-1.137722,4.728701,1.136372,-0.789405,4.745325,0.476007,-0.635792,4.608443,0.827580,-0.448349,4.743885,0.624655,-0.040704,4.726015,0.092559,-0.494082,4.682587,0.440142,0.466811,4.344999,0.160501,0.130311,4.445671
2353,0.375396,-0.977202,4.405557,0.462179,-0.986602,4.302011,0.476406,-1.314620,4.340427,0.999195,-1.453669,4.847979,1.240345,-1.171041,4.740690,1.145158,-0.790834,4.757063,0.511972,-0.625224,4.618306,0.868583,-0.466560,4.751987,0.621877,-0.010393,4.703618,0.098220,-0.512342,4.706723,0.426235,0.406221,4.366344,0.179781,0.120033,4.488635
2354,0.346527,-0.919592,4.393750,0.425930,-0.965668,4.291080,0.436303,-1.307955,4.333098,1.000648,-1.476984,4.856854,1.268533,-1.148588,4.730272,1.151503,-0.804401,4.768893,0.495235,-0.627183,4.615382,0.854168,-0.456296,4.747504,0.639909,0.029221,4.684626,0.126956,-0.467659,4.768088,0.455192,0.581251,4.204698,0.189345,0.123143,4.487968
2355,0.355299,-0.947945,4.392796,0.433794,-1.015176,4.289948,0.430601,-1.340825,4.325629,0.992881,-1.491010,4.879905,1.219746,-1.188746,4.777251,1.132450,-0.803084,4.775874,0.479645,-0.631977,4.620420,0.834302,-0.453279,4.752310,0.629452,-0.002195,4.704206,0.162076,-0.457870,4.715628,0.437867,0.370898,4.436207,0.198748,0.166771,4.436047
2356,0.412883,-0.988096,4.400590,0.469700,-1.091011,4.293637,0.441098,-1.403896,4.328046,0.985406,-1.488284,4.864945,1.231883,-1.140581,4.767980,1.150285,-0.758159,4.760176,0.494319,-0.656000,4.622682,0.843623,-0.471674,4.756581,0.623336,-0.005874,4.704007,0.149551,-0.474127,4.731585,0.426410,0.408117,4.386881,0.190670,0.106073,4.473691
2357,0.450317,-0.992558,4.391747,0.495439,-1.128364,4.280050,0.454684,-1.403407,4.327291,0.974549,-1.486063,4.868002,1.210567,-1.165263,4.771249,1.143046,-0.805938,4.776780,0.498354,-0.643481,4.617463,0.845811,-0.464497,4.753496,0.614386,-0.071564,4.746795,0.156713,-0.507753,4.742032,0.494958,0.447777,4.369372,0.177762,0.148190,4.450366
2358,0.429385,-0.946485,4.400518,0.481045,-1.109633,4.284734,0.465594,-1.380707,4.306436,0.973083,-1.475370,4.856724,1.212664,-1.185988,4.757010,1.126616,-0.804396,4.767342,0.520298,-0.623890,4.603349,0.863379,-0.458470,4.737395,0.622663,-0.075750,4.749636,0.148716,-0.494536,4.745044,0.502342,0.450522,4.362659,0.192823,0.172056,4.442669
2359,0.430679,-0.902498,4.405086,0.480913,-1.084858,4.284227,0.451759,-1.384913,4.305288,0.968189,-1.495584,4.862463,1.203641,-1.169115,4.771494,1.122129,-0.797179,4.765841,0.497980,-0.639050,4.601663,0.839985,-0.488370,4.749204,0.632363,-0.128369,4.783463,0.154109,-0.514844,4.739468,0.482726,0.399625,4.412440,0.186372,0.160220,4.424319
2360,0.442378,-0.871225,4.397322,0.479458,-1.066266,4.286007,0.453050,-1.373309,4.318129,0.964868,-1.472113,4.861700,1.195228,-1.154895,4.772390,1.130131,-0.777504,4.754961,0.485667,-0.628801,4.606935,0.825715,-0.470261,4.743948,0.630505,-0.174181,4.804223,0.153461,-0.513438,4.746296,0.497394,0.455677,4.353695,0.182396,0.157035,4.434726
2361,0.470409,-0.848618,4.403012,0.484628,-1.039646,4.300945,0.455422,-1.341903,4.319487,0.971530,-1.489756,4.875403,1.180230,-1.179674,4.785212,1.123579,-0.786527,4.770357,0.501609,-0.597275,4.600811,0.834832,-0.462359,4.745947,0.631557,-0.129579,4.781438,0.147311,-0.510733,4.742007,0.503868,0.493208,4.333451,0.208845,0.160355,4.438694
2362,0.451403,-0.870058,4.404296,0.482027,-1.056770,4.286978,0.464853,-1.347677,4.309974,0.974889,-1.483728,4.850976,1.188184,-1.159923,4.772229,1.129614,-0.778347,4.764453,0.489146,-0.617624,4.599541,0.834830,-0.460210,4.742241,0.629046,-0.109484,4.765711,0.154244,-0.520655,4.741182,0.468505,0.439440,4.354607,0.211853,0.126249,4.445682
2363,0.409030,-0.943966,4.398036,0.429736,-1.126619,4.273985,0.441020,-1.397191,4.304406,0.979582,-1.510803,4.859828,1.188093,-1.163417,4.776118,1.128114,-0.799795,4.768784,0.473558,-0.641092,4.599385,0.815049,-0.486325,4.752857,0.651235,-0.217190,4.821262,0.142483,-0.532866,4.735131,0.545778,0.496403,4.333042,0.196112,0.179236,4.402129
2364,0.407336,-0.901255,4.392772,0.461693,-1.084595,4.279784,0.459508,-1.385408,4.309196,0.976055,-1.514050,4.855537,1.185715,-1.184696,4.788759,1.126120,-0.816101,4.773973,0.476651,-0.644219,4.611995,0.803166,-0.492007,4.759887,0.626716,-0.094560,4.753943,0.132861,-0.489328,4.736440,0.462047,0.405075,4.390186,0.150887,0.146276,4.443195
2365,0.380706,-0.879342,4.395315,0.425658,-1.117859,4.284983,0.439390,-1.423009,4.306564,0.985266,-1.498058,4.861902,1.195344,-1.146663,4.786482,1.136028,-0.788605,4.764871,0.464531,-0.636419,4.613333,0.795658,-0.475335,4.765251,0.607215,-0.125003,4.776011,0.105408,-0.485448,4.692212,0.505916,0.494420,4.305265,0.188804,0.177185,4.399752
2366,0.370738,-0.886267,4.388778,0.423871,-1.084395,4.278539,0.446255,-1.417828,4.293133,0.983931,-1.522519,4.844967,1.196020,-1.148438,4.773063,1.137393,-0.773264,4.759178,0.461455,-0.662144,4.606877,0.793342,-0.511331,4.767828,0.608695,-0.114291,4.761062,0.110838,-0.470236,4.686346,0.481223,0.422186,4.349821,0.197040,0.132509,4.464561
2367,0.359344,-0.904915,4.388860,0.417098,-1.130405,4.273335,0.442538,-1.426606,4.297648,0.985813,-1.530146,4.849189,1.199528,-1.137485,4.775069,1.139968,-0.758150,4.750350,0.483971,-0.656005,4.601810,0.811930,-0.513010,4.764338,0.644525,-0.230977,4.822380,0.106309,-0.500565,4.673682,0.565935,0.462489,4.348182,0.178806,0.147353,4.439112
2368,0.391635,-0.878102,4.400377,0.433118,-1.101013,4.280385,0.450527,-1.422787,4.295220,0.987275,-1.526585,4.851724,1.201204,-1.140206,4.779489,1.139197,-0.762065,4.747269,0.481384,-0.658601,4.604384,0.804044,-0.500286,4.760317,0.622099,-0.132451,4.769581,0.097478,-0.478174,4.694197,0.564786,0.471134,4.337215,0.167898,0.179469,4.418031
2369,0.390900,-0.930146,4.391713,0.424322,-1.154237,4.272088,0.444815,-1.452639,4.288794,0.994809,-1.526077,4.849588,1.214721,-1.138395,4.773847,1.144375,-0.774964,4.758774,0.464585,-0.680788,4.610034,0.785789,-0.516679,4.770998,0.592556,-0.107428,4.757131,0.100277,-0.476063,4.691470,0.476142,0.394733,4.384025,0.159011,0.139022,4.450603
2370,0.371423,-0.884147,4.390940,0.423013,-1.111641,4.273152,0.447522,-1.426973,4.281139,0.999791,-1.515468,4.836153,1.217214,-1.140783,4.767748,1.138607,-0.775025,4.759721,0.472049,-0.666913,4.614409,0.800267,-0.511042,4.772655,0.598953,-0.122922,4.768600,0.093139,-0.464552,4.713360,0.487883,0.417911,4.350533,0.156282,0.157362,4.429389
2371,0.347443,-0.907312,4.399390,0.425596,-1.122449,4.277798,0.452427,-1.431152,4.283595,1.001404,-1.539244,4.844574,1.221348,-1.125494,4.775800,1.136915,-0.757417,4.752261,0.467095,-0.683189,4.612885,0.795742,-0.515848,4.773474,0.624163,-0.139255,4.774913,0.147909,-0.455449,4.755844,0.512911,0.455357,4.319970,0.168101,0.141799,4.446033
2372,0.358777,-0.925595,4.411821,0.416293,-1.143489,4.267562,0.450637,-1.455233,4.284243,0.996162,-1.538848,4.845810,1.228219,-1.113873,4.771600,1.137800,-0.770054,4.757874,0.462724,-0.695610,4.616431,0.791202,-0.532885,4.779297,0.629413,-0.175159,4.798415,0.135986,-0.469641,4.690986,0.521136,0.447923,4.323433,0.159741,0.131773,4.460259
2373,0.336638,-0.940157,4.399559,0.411536,-1.131087,4.274039,0.460698,-1.453718,4.270882,1.002385,-1.538474,4.829679,1.239601,-1.106745,4.758593,1.139525,-0.762281,4.753185,0.478257,-0.679512,4.617546,0.797157,-0.526656,4.777735,0.673256,-0.192615,4.807847,0.120359,-0.474604,4.704514,0.548566,0.468375,4.344586,0.170074,0.143200,4.445115
2374,0.312638,-0.996391,4.412932,0.380564,-1.215875,4.262629,0.460002,-1.463533,4.279047,1.005159,-1.545448,4.828662,1.218368,-1.125332,4.771367,1.125739,-0.787356,4.766918,0.453836,-0.694972,4.622775,0.789031,-0.523626,4.775441,0.645048,-0.173505,4.803088,0.108414,-0.493850,4.748646,0.556743,0.467182,4.329587,0.178955,0.174033,4.417433
2375,0.368347,-0.982659,4.417120,0.387833,-1.210183,4.270288,0.453599,-1.484148,4.275206,1.004176,-1.568212,4.839462,1.243754,-1.122688,4.761082,1.135714,-0.753111,4.758877,0.464539,-0.697738,4.622748,0.800246,-0.527683,4.778834,0.631608,-0.098332,4.756977,0.102540,-0.444166,4.746971,0.502203,0.459833,4.331398,0.159539,0.156267,4.441514
2376,0.355162,-0.948534,4.418252,0.394031,-1.180160,4.283651,0.455964,-1.478152,4.282233,1.006162,-1.561919,4.841108,1.251742,-1.107781,4.763438,1.137375,-0.751673,4.745770,0.458556,-0.700695,4.622320,0.784862,-0.533862,4.781042,0.612844,-0.108004,4.759530,0.141853,-0.407099,4.751462,0.506886,0.474563,4.309299,0.168403,0.154836,4.448957
2377,0.346284,-0.962466,4.401385,0.405806,-1.191413,4.291284,0.463709,-1.465171,4.269042,1.007856,-1.555501,4.826404,1.243101,-1.111540,4.762406,1.128034,-0.766510,4.763542,0.474631,-0.679164,4.613469,0.799217,-0.510573,4.768304,0.619782,-0.055333,4.733668,0.159195,-0.449862,4.739790,0.495914,0.488616,4.294911,0.169079,0.147729,4.416549
2378,0.522586,-0.983610,4.420385,0.471252,-1.022449,4.306911,0.469825,-1.438038,4.271952,0.992516,-1.580813,4.831917,1.216584,-1.127520,4.770101,1.130157,-0.766198,4.756196,0.469785,-0.698071,4.619857,0.785482,-0.545306,4.781824,0.643952,-0.153023,4.786964,0.133056,-0.488303,4.747357,0.510696,0.449746,4.334730,0.139619,0.135156,4.449233
2379,0.371748,-0.967866,4.414708,0.417971,-1.144995,4.271690,0.478470,-1.461161,4.271472,0.991934,-1.598300,4.837859,1.216992,-1.139815,4.784235,1.130909,-0.795314,4.770160,0.482872,-0.720062,4.616652,0.793674,-0.584141,4.789979,0.640630,-0.141228,4.779642,0.112519,-0.465161,4.707178,0.565095,0.515013,4.283549,0.162762,0.148861,4.411701
2380,0.354971,-0.920019,4.404747,0.441297,-1.148302,4.281160,0.467123,-1.475842,4.280625,0.998451,-1.595589,4.836344,1.214958,-1.115717,4.769240,1.139381,-0.779243,4.771583,0.451338,-0.715684,4.621293,0.776382,-0.565317,4.791441,0.632238,-0.181500,4.797173,0.153609,-0.465677,4.767922,0.478087,0.376854,4.386690,0.147252,0.130047,4.444610
2381,0.404176,-0.899578,4.425241,0.419770,-1.047651,4.302193,0.479323,-1.430240,4.256672,1.004803,-1.576160,4.813209,1.227453,-1.109214,4.762705,1.147543,-0.770343,4.759875,0.487812,-0.704848,4.635436,0.809425,-0.554403,4.790098,0.658898,-0.091187,4.751597,0.165387,-0.515413,4.791664,0.478759,0.428167,4.332261,0.116768,0.109913,4.470142
2382,0.342254,-0.948940,4.424043,0.401889,-1.131856,4.299192,0.476383,-1.486229,4.253786,1.009776,-1.606454,4.822836,1.237124,-1.110160,4.768320,1.144259,-0.738695,4.759796,0.473168,-0.724835,4.632713,0.804164,-0.561359,4.792139,0.638162,-0.137682,4.784154,0.164224,-0.487282,4.765345,0.501575,0.456085,4.306764,0.148305,0.166387,4.422348
2383,0.362959,-0.882583,4.425803,0.388131,-1.051453,4.304327,0.452329,-1.464973,4.242782,0.989976,-1.621518,4.828939,1.215229,-1.105965,4.770833,1.123944,-0.756746,4.768096,0.473690,-0.730098,4.636922,0.807262,-0.556416,4.788878,0.629255,-0.114850,4.765623,0.167135,-0.469245,4.772718,0.516616,0.482003,4.290197,0.155180,0.174623,4.418518
2384,0.332012,-0.956393,4.423034,0.387044,-1.076788,4.300211,0.473928,-1.461210,4.248817,1.018790,-1.603493,4.799507,1.228470,-1.086996,4.761898,1.138936,-0.751227,4.760579,0.492707,-0.737515,4.642114,0.830011,-0.559139,4.794460,0.621114,-0.096296,4.763427,0.132499,-0.465763,4.761436,0.479633,0.438108,4.313470,0.144981,0.140675,4.469606
2385,0.526176,-0.958444,4.415865,0.524197,-1.143666,4.296776,0.561254,-1.472579,4.250191,0.998936,-1.645006,4.822374,1.223722,-1.123890,4.772361,1.127411,-0.768774,4.773850,0.536395,-0.744071,4.626898,0.838060,-0.564872,4.785730,0.586182,-0.040339,4.721440,0.156123,-0.440328,4.764205,0.434459,0.446513,4.285351,0.171267,0.158185,4.452937
2386,0.363640,-1.001879,4.418373,0.411050,-1.124468,4.299984,0.487483,-1.499677,4.244750,1.014174,-1.636582,4.820022,1.223535,-1.108142,4.769901,1.148785,-0.768927,4.766270,0.522439,-0.764228,4.638448,0.855470,-0.602623,4.792446,0.626989,-0.131276,4.782878,0.151271,-0.414698,4.726616,0.497853,0.407727,4.342887,0.184987,0.189665,4.414816
2387,0.432032,-0.926139,4.417430,0.470976,-1.033468,4.304255,0.483516,-1.492692,4.208509,1.024971,-1.615314,4.782891,1.212585,-1.079158,4.762183,1.125873,-0.748914,4.765429,0.507310,-0.773360,4.640796,0.849395,-0.587896,4.790347,0.629003,-0.134452,4.783582,0.153972,-0.445411,4.780478,0.494833,0.403608,4.333123,0.142886,0.151047,4.464844
2388,0.372458,-1.109631,4.433781,0.463521,-1.202178,4.284284,0.508269,-1.505225,4.217857,1.002941,-1.612392,4.788969,1.181447,-1.118762,4.778198,1.131236,-0.795592,4.769826,0.509166,-0.764992,4.641986,0.833869,-0.575812,4.796907,0.628032,-0.035847,4.728106,0.139168,-0.396064,4.751179,0.486380,0.419226,4.322926,0.154892,0.147395,4.473581
2389,0.406327,-1.103695,4.434146,0.533070,-1.173084,4.285983,0.583854,-1.459060,4.204504,0.995276,-1.580634,4.772891,1.186158,-1.100420,4.777800,1.140452,-0.779667,4.763456,0.535649,-0.759424,4.631302,0.831614,-0.560266,4.782668,0.626237,-0.034562,4.723216,0.155797,-0.409636,4.753517,0.469693,0.442611,4.296705,0.146035,0.124644,4.473729
2390,0.367760,-1.099610,4.421318,0.466618,-1.163967,4.280270,0.547334,-1.436278,4.206887,1.001543,-1.608276,4.774995,1.181589,-1.127848,4.783587,1.136592,-0.789174,4.770753,0.535353,-0.762949,4.629871,0.839592,-0.574007,4.789845,0.617618,-0.065255,4.742861,0.170375,-0.421870,4.755830,0.455099,0.389591,4.361933,0.163187,0.081890,4.536424
2391,0.481430,-0.957176,4.431867,0.560378,-1.033124,4.310189,0.602428,-1.380173,4.234753,0.986829,-1.600798,4.774602,1.138678,-1.155109,4.806148,1.134762,-0.792054,4.772652,0.557550,-0.675192,4.619238,0.840166,-0.598714,4.796236,0.630660,-0.064893,4.743608,0.179569,-0.413292,4.758835,0.441774,0.387935,4.372303,0.150035,0.099694,4.511843
2392,0.586355,-0.931653,4.414433,0.505732,-1.031821,4.288000,0.538384,-1.474404,4.174003,0.997068,-1.657632,4.758864,1.097142,-1.165134,4.800930,1.124828,-0.815793,4.778575,0.506372,-0.713311,4.626512,0.806332,-0.647112,4.805509,0.664072,-0.084315,4.755354,0.183748,-0.351478,4.769772,0.477105,0.323443,4.409721,0.149912,0.127638,4.479561
2393,0.673117,-0.855060,4.422567,0.587540,-1.035466,4.308281,0.650234,-1.417961,4.195418,1.029860,-1.609122,4.741723,1.104199,-1.150514,4.811728,1.135977,-0.808092,4.774991,0.561274,-0.676354,4.600594,0.849936,-0.624168,4.777856,0.729592,-0.085852,4.746665,0.246182,-0.312824,4.683844,0.472593,0.306455,4.449049,0.184491,0.129148,4.464869
2394,0.730067,-0.750239,4.420753,0.590253,-0.940585,4.326796,0.593728,-1.462479,4.181403,1.034193,-1.596647,4.740196,1.123340,-1.116588,4.786223,1.145085,-0.861020,4.790086,0.502735,-0.782902,4.595865,0.819828,-0.650166,4.779955,0.717517,-0.095669,4.747337,0.230554,-0.360287,4.689502,0.505677,0.344755,4.412261,0.175885,0.143628,4.446906
2395,0.622397,-0.903659,4.427583,0.517881,-1.087262,4.295817,0.596769,-1.470877,4.185754,1.031012,-1.587435,4.748883,1.101318,-1.135432,4.815136,1.135213,-0.849341,4.792139,0.497781,-0.689428,4.586768,0.789813,-0.616005,4.776947,0.663330,-0.072183,4.740729,0.173680,-0.343335,4.676804,0.435886,0.308927,4.433173,0.120526,0.111512,4.468040
2396,0.691957,-0.861658,4.412417,0.526278,-1.087030,4.306006,0.647432,-1.429026,4.211898,1.049784,-1.635801,4.754339,1.154400,-1.121315,4.795689,1.146204,-0.809511,4.787472,0.508107,-0.777669,4.590900,0.817239,-0.635771,4.769101,0.705215,-0.098599,4.754421,0.163062,-0.412868,4.704402,0.463477,0.334127,4.409199,0.145319,0.120122,4.446162
2397,0.368542,-1.196313,4.411662,0.440855,-1.153310,4.288372,0.559741,-1.501843,4.192888,1.050364,-1.637294,4.762952,1.175609,-1.122016,4.809927,1.151052,-0.781377,4.781350,0.471297,-0.767448,4.615966,0.790314,-0.619697,4.786395,0.690007,-0.052705,4.737850,0.148878,-0.383389,4.682989,0.462908,0.322127,4.432933,0.128411,0.108350,4.467143
2398,0.381524,-1.048514,4.399944,0.436482,-1.130739,4.285502,0.494836,-1.508076,4.281550,1.012640,-1.654777,4.867771,1.196326,-1.108210,4.801359,1.160478,-0.765689,4.764461,0.453764,-0.796932,4.632659,0.779007,-0.636523,4.808819,0.655847,-0.076895,4.754332,0.095998,-0.429448,4.659805,0.512376,0.442897,4.370122,0.111812,0.118736,4.435592
2399,0.275863,-1.104432,4.408463,0.391694,-1.258609,4.276999,0.480259,-1.575475,4.272066,1.030385,-1.638727,4.849559,1.241475,-1.118257,4.785235,1.160578,-0.780692,4.763696,0.447301,-0.797532,4.638359,0.799031,-0.614989,4.802979,0.648792,-0.151260,4.797325,0.079889,-0.486533,4.657300,0.551007,0.407995,4.391362,0.155389,0.141433,4.410633
2400,0.333200,-1.012520,4.411321,0.413226,-1.196927,4.294533,0.476052,-1.511446,4.272420,1.029832,-1.556862,4.833229,1.251079,-1.095241,4.767109,1.152722,-0.772576,4.759163,0.438365,-0.734314,4.632119,0.780102,-0.563452,4.791809,0.661811,-0.125010,4.781541,0.076636,-0.466753,4.673357,0.527007,0.378592,4.393889,0.124645,0.127285,4.432847
2401,0.347066,-1.080662,4.397372,0.438069,-1.268567,4.225820,0.466874,-1.529826,4.318569,1.020486,-1.469780,4.840927,1.271461,-1.111698,4.743069,1.154962,-0.778843,4.757276,0.456032,-0.716322,4.633855,0.783802,-0.516154,4.766204,0.644799,-0.042373,4.714386,0.052042,-0.487920,4.714355,0.533171,0.478859,4.323382,0.154624,0.166494,4.412351
2402,0.378706,-1.046140,4.404795,0.416881,-1.277810,4.229490,0.491051,-1.473206,4.311932,1.031350,-1.345146,4.815386,1.316736,-1.165272,4.720375,1.160377,-0.809769,4.759094,0.479886,-0.675555,4.614481,0.802703,-0.454457,4.743218,0.614280,-0.024696,4.707597,0.094581,-0.443105,4.686260,0.476934,0.393294,4.384011,0.167051,0.165427,4.409213
2403,0.385675,-1.018954,4.418211,0.415631,-1.242184,4.258578,0.494394,-1.483296,4.308135,1.033076,-1.376937,4.776445,1.317201,-1.197280,4.724248,1.150077,-0.807634,4.757489,0.484091,-0.739019,4.608992,0.819276,-0.496238,4.736148,0.625063,-0.164927,4.795440,0.113182,-0.521446,4.662310,0.497091,0.366932,4.426655,0.180507,0.131026,4.445979
2404,0.390159,-1.022298,4.398751,0.450992,-1.288395,4.256680,0.531009,-1.499877,4.295929,1.045776,-1.430802,4.773819,1.318570,-1.159773,4.714729,1.154964,-0.817443,4.746769,0.494466,-0.723466,4.602302,0.820875,-0.555353,4.751439,0.642148,-0.155819,4.786052,0.103399,-0.520703,4.685349,0.500215,0.312446,4.448397,0.159721,0.095428,4.467419
2405,0.395789,-1.042134,4.421492,0.467004,-1.263486,4.249555,0.537732,-1.508917,4.297604,1.055733,-1.419982,4.775385,1.338250,-1.141230,4.708492,1.157119,-0.815201,4.752189,0.504920,-0.720595,4.594642,0.818627,-0.540858,4.739292,0.622336,-0.101791,4.754468,0.107546,-0.504448,4.655999,0.474486,0.359816,4.403214,0.169407,0.138476,4.432487
2406,0.400055,-1.022239,4.378991,0.478766,-1.228049,4.256851,0.540666,-1.497620,4.291149,1.073362,-1.429946,4.757865,1.290710,-1.089856,4.711520,1.152899,-0.802890,4.751868,0.502420,-0.730703,4.599805,0.828685,-0.558735,4.739982,0.650119,-0.171442,4.787654,0.099224,-0.531837,4.716438,0.458104,0.283586,4.457350,0.140987,0.116906,4.474786
2407,0.434711,-1.043901,4.420211,0.475866,-1.249007,4.258370,0.566026,-1.492422,4.291802,1.092247,-1.394357,4.738981,1.290115,-1.088385,4.712421,1.163789,-0.819072,4.751699,0.507643,-0.710023,4.592200,0.844898,-0.540234,4.726687,0.633558,-0.133349,4.771701,0.125528,-0.516834,4.652525,0.470858,0.358620,4.403838,0.163318,0.139156,4.420890
2408,0.419854,-1.032996,4.394299,0.496793,-1.225100,4.254605,0.565997,-1.481380,4.288194,1.089572,-1.422786,4.747178,1.301985,-1.080556,4.705796,1.146271,-0.807850,4.754750,0.501111,-0.710245,4.602674,0.818566,-0.534031,4.740246,0.625568,-0.140748,4.776731,0.117711,-0.512842,4.673733,0.474783,0.319880,4.429923,0.154429,0.115084,4.441424
2409,0.406574,-1.074160,4.402710,0.503932,-1.306252,4.255721,0.579660,-1.507954,4.283149,1.103511,-1.409808,4.738980,1.293810,-1.085663,4.709837,1.147762,-0.814268,4.751134,0.518801,-0.717254,4.596661,0.831715,-0.519014,4.725625,0.625296,-0.118338,4.765965,0.115030,-0.522738,4.676562,0.469421,0.364040,4.378752,0.164978,0.128984,4.455043
2410,0.416433,-1.060202,4.396891,0.503679,-1.247389,4.253105,0.570137,-1.510957,4.287078,1.097765,-1.415148,4.730715,1.274822,-1.068446,4.707788,1.148501,-0.799500,4.744049,0.512717,-0.719793,4.606518,0.833582,-0.538060,4.738391,0.610287,-0.132632,4.770137,0.130929,-0.527517,4.714128,0.430878,0.327458,4.426604,0.178408,0.108317,4.450986
2411,0.412553,-1.065469,4.388194,0.522256,-1.239507,4.249771,0.579943,-1.507960,4.295561,1.094867,-1.427433,4.729981,1.272068,-1.084128,4.714067,1.140156,-0.817541,4.752059,0.508925,-0.724335,4.602584,0.834176,-0.540546,4.730889,0.627612,-0.132129,4.760313,0.133467,-0.523448,4.702949,0.475121,0.368617,4.382263,0.191962,0.112830,4.438634
2412,0.402757,-1.036311,4.383786,0.509331,-1.225937,4.250724,0.587376,-1.491824,4.292764,1.101117,-1.405480,4.727248,1.284688,-1.050364,4.706273,1.150960,-0.819862,4.736169,0.521546,-0.728110,4.598453,0.836689,-0.566266,4.735065,0.619472,-0.156648,4.774085,0.163038,-0.526124,4.709574,0.492639,0.307211,4.443059,0.211843,0.142134,4.414703
2413,0.405933,-1.023696,4.392087,0.517996,-1.194031,4.263360,0.593896,-1.484690,4.300171,1.110979,-1.404579,4.718944,1.266631,-1.041317,4.712544,1.154349,-0.808883,4.749985,0.526731,-0.714411,4.589035,0.848963,-0.543119,4.721391,0.627561,-0.094168,4.741900,0.154890,-0.516034,4.674355,0.505637,0.321412,4.427583,0.186023,0.113141,4.459866
2414,0.391957,-1.009236,4.380559,0.510661,-1.181885,4.252384,0.585900,-1.481564,4.290336,1.116123,-1.407931,4.717454,1.286303,-1.011104,4.704499,1.157261,-0.798560,4.745852,0.512932,-0.722570,4.592120,0.839300,-0.564978,4.726555,0.621508,-0.177478,4.787280,0.136348,-0.507988,4.691606,0.517414,0.318338,4.431163,0.153986,0.094446,4.456485
2415,0.410015,-1.033961,4.407014,0.532562,-1.189681,4.286626,0.613189,-1.483397,4.309001,1.112363,-1.403883,4.716444,1.277980,-1.031984,4.701910,1.155577,-0.816419,4.747654,0.539840,-0.715015,4.589955,0.852590,-0.568919,4.727246,0.624493,-0.228636,4.806400,0.173276,-0.506837,4.714685,0.516867,0.314178,4.434096,0.187233,0.124612,4.454175
2416,0.399833,-1.014758,4.387064,0.515218,-1.187228,4.268232,0.596371,-1.496231,4.301357,1.121298,-1.419731,4.715893,1.285039,-1.000371,4.694883,1.151608,-0.799030,4.742541,0.530856,-0.725111,4.592452,0.847914,-0.573473,4.729012,0.618263,-0.147718,4.769088,0.149411,-0.484184,4.713491,0.505122,0.307446,4.435730,0.150114,0.113528,4.460203
2417,0.403793,-1.035162,4.409604,0.536271,-1.208633,4.284019,0.614323,-1.480460,4.302866,1.109760,-1.427877,4.714252,1.281402,-1.029049,4.703082,1.154281,-0.814426,4.753661,0.538129,-0.727725,4.588215,0.856020,-0.570325,4.719881,0.624953,-0.128744,4.759900,0.161092,-0.474593,4.696336,0.521259,0.329637,4.429420,0.168017,0.124501,4.462278
2418,0.403845,-1.020423,4.393136,0.512602,-1.202311,4.297296,0.603576,-1.501375,4.305454,1.115093,-1.431646,4.717123,1.289632,-1.022285,4.691997,1.151989,-0.793202,4.740120,0.543002,-0.733348,4.595305,0.866232,-0.581471,4.725427,0.623905,-0.153555,4.766365,0.140907,-0.494386,4.702489,0.503686,0.294420,4.451273,0.154248,0.121815,4.468201
2419,0.407952,-1.009231,4.404490,0.545283,-1.156661,4.300667,0.602096,-1.476891,4.311888,1.127566,-1.411228,4.711821,1.281436,-0.994207,4.699920,1.160051,-0.826255,4.751218,0.540818,-0.708779,4.590158,0.870214,-0.564434,4.715870,0.627633,-0.133569,4.756962,0.138667,-0.490464,4.704270,0.511114,0.327537,4.422945,0.166806,0.129566,4.462142
2420,0.410064,-1.016573,4.400236,0.512253,-1.177361,4.283987,0.592086,-1.485036,4.308295,1.122800,-1.417970,4.715337,1.275767,-1.004722,4.693488,1.149835,-0.804267,4.742438,0.528612,-0.733375,4.594541,0.865840,-0.573858,4.725062,0.625754,-0.140829,4.767909,0.155944,-0.480262,4.709885,0.503577,0.285651,4.456247,0.163337,0.102906,4.440600
2421,0.407740,-1.033504,4.398406,0.507766,-1.189357,4.284963,0.589277,-1.474025,4.305897,1.110431,-1.405391,4.720794,1.263204,-1.022071,4.715172,1.142209,-0.816162,4.753375,0.510585,-0.728725,4.597757,0.848177,-0.565075,4.731072,0.636382,-0.145578,4.773130,0.150752,-0.501750,4.703001,0.501313,0.324090,4.409607,0.112678,0.117538,4.433072
2422,0.418484,-1.052773,4.394977,0.518851,-1.226654,4.285341,0.580275,-1.504865,4.302591,1.105791,-1.422295,4.711801,1.270012,-1.055104,4.703823,1.142613,-0.836722,4.747999,0.525723,-0.734255,4.601729,0.860666,-0.569219,4.730147,0.630661,-0.129668,4.763013,0.168669,-0.474438,4.702478,0.502801,0.314458,4.433712,0.167231,0.104791,4.445005
2423,0.403731,-1.013871,4.395185,0.503702,-1.190405,4.290481,0.572470,-1.476671,4.300403,1.109242,-1.414811,4.715411,1.268540,-1.029728,4.709500,1.148744,-0.802169,4.731807,0.522018,-0.721621,4.601260,0.862960,-0.559734,4.728892,0.654050,-0.137528,4.758776,0.165247,-0.473600,4.699628,0.519087,0.308824,4.442783,0.138013,0.105919,4.453697
2424,0.416456,-1.039216,4.406794,0.514208,-1.188526,4.286690,0.565323,-1.490006,4.314150,1.093350,-1.423606,4.722067,1.270510,-1.070234,4.711889,1.138196,-0.823108,4.751945,0.524669,-0.710546,4.599441,0.870627,-0.566617,4.731602,0.665668,-0.148646,4.770325,0.145346,-0.482172,4.693213,0.573644,0.362158,4.415911,0.173991,0.164193,4.418021
2425,0.404482,-1.020013,4.399844,0.500527,-1.173035,4.291292,0.562969,-1.456827,4.308942,1.098491,-1.404568,4.721271,1.276869,-1.037995,4.703504,1.148509,-0.813511,4.741917,0.511335,-0.710827,4.597755,0.845222,-0.560309,4.728587,0.641781,-0.135667,4.756758,0.157016,-0.462810,4.696943,0.544940,0.309587,4.444670,0.144504,0.104911,4.444670
2426,0.410302,-1.035928,4.405239,0.507450,-1.227302,4.282544,0.569531,-1.479014,4.304543,1.080415,-1.414842,4.725580,1.245008,-1.071419,4.718293,1.143315,-0.814289,4.743629,0.513508,-0.730341,4.608864,0.848745,-0.577741,4.741271,0.622706,-0.202115,4.795841,0.141856,-0.496126,4.705288,0.533921,0.299204,4.451848,0.136189,0.112637,4.430434
2427,0.409962,-1.033955,4.382643,0.521369,-1.220397,4.277100,0.573242,-1.470915,4.304915,1.089774,-1.420627,4.732507,1.259467,-1.063464,4.711563,1.138681,-0.814326,4.750473,0.526904,-0.704709,4.598250,0.859431,-0.552710,4.732074,0.626674,-0.113409,4.753856,0.132691,-0.468443,4.688714,0.521425,0.408392,4.363271,0.150313,0.136410,4.428690
2428,0.402916,-1.028403,4.395495,0.514727,-1.133827,4.279206,0.567328,-1.463875,4.304879,1.074545,-1.425463,4.728323,1.278718,-1.063244,4.704387,1.143752,-0.813058,4.736826,0.507781,-0.715799,4.606040,0.834878,-0.558686,4.738035,0.621071,-0.126399,4.758069,0.151543,-0.470829,4.706087,0.510431,0.374011,4.380321,0.146473,0.116238,4.438582
2429,0.417998,-1.056386,4.402631,0.525178,-1.273492,4.284977,0.590815,-1.470452,4.300340,1.076640,-1.408154,4.726705,1.262598,-1.090307,4.710718,1.138693,-0.829345,4.755227,0.533509,-0.727298,4.590149,0.841482,-0.575237,4.728688,0.624353,-0.175239,4.781223,0.141145,-0.471222,4.701158,0.535080,0.313090,4.448367,0.158961,0.125576,4.441704
2430,0.414410,-1.021856,4.391828,0.526328,-1.173243,4.285953,0.574335,-1.465043,4.304576,1.069121,-1.417405,4.748806,1.244049,-1.065920,4.717720,1.138480,-0.795962,4.749102,0.519346,-0.733703,4.596094,0.832440,-0.576257,4.738522,0.639765,-0.156810,4.769677,0.135418,-0.487404,4.686807,0.484917,0.278934,4.461553,0.163199,0.061925,4.509789
2431,0.407797,-1.025993,4.411137,0.531901,-1.182489,4.286879,0.569833,-1.475797,4.298257,1.071026,-1.416610,4.741769,1.242670,-1.049101,4.712729,1.135303,-0.795737,4.743131,0.519596,-0.719924,4.592037,0.832488,-0.542004,4.726159,0.652511,-0.108952,4.742877,0.122789,-0.484697,4.664966,0.508273,0.293043,4.459092,0.166878,0.092188,4.459669
2432,0.404365,-1.021208,4.387328,0.514670,-1.160710,4.284534,0.557210,-1.462883,4.300574,1.072304,-1.414887,4.745470,1.233447,-1.090974,4.723362,1.141936,-0.820437,4.746712,0.512656,-0.726260,4.595853,0.830506,-0.559015,4.739003,0.636409,-0.147630,4.767305,0.146022,-0.477984,4.707780,0.489179,0.241918,4.502629,0.150810,0.067177,4.506289
2433,0.393454,-1.034741,4.394379,0.491447,-1.209375,4.269010,0.546337,-1.466766,4.298058,1.068069,-1.397219,4.749998,1.241716,-1.039148,4.719797,1.120681,-0.789694,4.745901,0.485307,-0.710379,4.595481,0.812733,-0.541320,4.743023,0.638874,-0.100272,4.735843,0.143698,-0.458274,4.691790,0.508321,0.289469,4.446908,0.164240,0.108161,4.460886
2434,0.395389,-1.061931,4.403737,0.469236,-1.301785,4.260386,0.551940,-1.486878,4.297903,1.065560,-1.401927,4.750426,1.257092,-1.106349,4.723467,1.135992,-0.845990,4.742086,0.484522,-0.727170,4.600341,0.797724,-0.530658,4.741792,0.653424,-0.102165,4.736540,0.134330,-0.488262,4.669284,0.512819,0.311722,4.424739,0.171891,0.123075,4.459816
2435,0.397501,-1.051835,4.384057,0.485705,-1.288850,4.256726,0.561327,-1.504431,4.304573,1.066210,-1.393133,4.727996,1.246189,-1.104733,4.713779,1.154232,-0.836107,4.761588,0.498081,-0.735619,4.603621,0.812173,-0.541099,4.728021,0.630668,-0.137765,4.760655,0.121295,-0.475977,4.677642,0.513476,0.320610,4.429248,0.150879,0.144353,4.447267
2436,0.386839,-1.064837,4.397169,0.474993,-1.292761,4.260936,0.564475,-1.484197,4.295602,1.058039,-1.397230,4.731755,1.267504,-1.151879,4.723783,1.144937,-0.823806,4.759927,0.520999,-0.725354,4.595481,0.830523,-0.546321,4.721367,0.650404,-0.129036,4.754582,0.141694,-0.482624,4.653834,0.515891,0.343069,4.419960,0.218173,0.063709,4.530855
2437,0.402883,-1.054309,4.396606,0.515538,-1.248286,4.270008,0.545650,-1.480060,4.295656,1.029579,-1.447547,4.746533,1.272039,-1.139919,4.711715,1.136904,-0.839152,4.756497,0.510587,-0.756933,4.600987,0.818759,-0.592846,4.745069,0.666280,-0.218648,4.808831,0.137586,-0.513488,4.683956,0.479099,0.230543,4.518895,0.208088,0.011668,4.568287
2438,0.391595,-1.064112,4.399422,0.486805,-1.240775,4.260527,0.515930,-1.470775,4.295165,1.044409,-1.401883,4.728232,1.285155,-1.095689,4.685708,1.152624,-0.845064,4.758591,0.504553,-0.718946,4.598706,0.832745,-0.548458,4.734799,0.637400,-0.115119,4.761076,0.129115,-0.481970,4.649999,0.513622,0.336688,4.427524,0.171540,0.106014,4.463458
2439,0.386829,-1.058509,4.389580,0.476211,-1.184330,4.273938,0.527146,-1.471367,4.299714,1.029701,-1.430092,4.738575,1.273928,-1.107619,4.693276,1.147000,-0.813242,4.728807,0.488976,-0.707833,4.610408,0.837832,-0.534733,4.745130,0.654216,-0.131875,4.768323,0.112005,-0.493657,4.678326,0.517357,0.321078,4.434829,0.162924,0.095556,4.482321
2440,0.393706,-1.097788,4.387561,0.490370,-1.304618,4.256809,0.534177,-1.514393,4.295426,1.038843,-1.406885,4.742009,1.272821,-1.110449,4.693035,1.137503,-0.862226,4.764921,0.492932,-0.761362,4.623671,0.844560,-0.522379,4.739539,0.662938,-0.072182,4.723498,0.124759,-0.489270,4.676713,0.509707,0.363490,4.391183,0.148902,0.037451,4.532043
2441,0.395356,-1.071311,4.400056,0.493704,-1.249818,4.267896,0.521827,-1.495601,4.299342,1.051354,-1.403371,4.735277,1.251421,-1.104680,4.710418,1.149838,-0.836215,4.758876,0.493440,-0.754335,4.618544,0.846272,-0.520072,4.735352,0.673528,-0.100030,4.748347,0.135135,-0.497662,4.682532,0.503321,0.337551,4.414726,0.169993,0.127520,4.488252
2442,0.391574,-1.054128,4.384052,0.482094,-1.169654,4.287355,0.530235,-1.491313,4.307751,1.049996,-1.410090,4.734304,1.227348,-1.105052,4.704725,1.141794,-0.829718,4.758795,0.486186,-0.721221,4.617211,0.838340,-0.523485,4.737516,0.657322,-0.121535,4.760906,0.129018,-0.483258,4.670117,0.522292,0.366614,4.383626,0.159379,0.086594,4.465488
2443,0.401661,-1.068124,4.384514,0.478621,-1.218460,4.276072,0.514701,-1.506502,4.304589,1.047318,-1.404770,4.731539,1.234858,-1.089148,4.693124,1.136623,-0.808485,4.726616,0.483354,-0.760925,4.617809,0.830395,-0.532780,4.739279,0.627564,-0.041222,4.710088,0.116626,-0.481343,4.698895,0.489223,0.381170,4.361035,0.134766,0.060007,4.521147
2444,0.394926,-1.071379,4.404851,0.481022,-1.219351,4.266397,0.525431,-1.481452,4.304021,1.055212,-1.401100,4.746868,1.256082,-1.113990,4.718708,1.148760,-0.833112,4.756501,0.504119,-0.718137,4.616028,0.863449,-0.532051,4.735731,0.626716,-0.086980,4.745519,0.135651,-0.479004,4.664165,0.522067,0.403322,4.359454,0.196654,0.159309,4.454476
2445,0.389078,-1.058230,4.394279,0.484359,-1.227490,4.257580,0.524992,-1.480256,4.312805,1.046983,-1.414851,4.745449,1.246520,-1.090732,4.713099,1.132637,-0.852663,4.770453,0.503969,-0.710035,4.619225,0.858078,-0.528741,4.742345,0.728725,-0.104927,4.740179,0.131209,-0.479973,4.730919,0.520765,0.340600,4.410715,0.170983,0.106577,4.463157
2446,0.394502,-1.079547,4.405853,0.493155,-1.264593,4.266397,0.522387,-1.496259,4.309862,1.065325,-1.399194,4.741003,1.253127,-1.110558,4.717104,1.143007,-0.827086,4.754358,0.502178,-0.757780,4.625279,0.861779,-0.542192,4.741280,0.696787,-0.136485,4.760721,0.156899,-0.486615,4.728256,0.531886,0.337942,4.412833,0.167048,0.109273,4.501885
2447,0.388361,-1.066966,4.384910,0.460734,-1.217504,4.264899,0.523124,-1.504573,4.320639,1.058873,-1.416705,4.742013,1.258026,-1.085754,4.690752,1.144804,-0.826268,4.752028,0.498541,-0.727971,4.616497,0.856932,-0.539113,4.741906,0.634557,-0.077101,4.734683,0.118864,-0.474585,4.677970,0.530048,0.384286,4.364600,0.159422,0.126484,4.447474
2448,0.391130,-1.073477,4.387897,0.469164,-1.198172,4.267182,0.526148,-1.496659,4.316257,1.072301,-1.412439,4.745786,1.240915,-1.085146,4.706118,1.140772,-0.823399,4.753437,0.476346,-0.759794,4.615217,0.824970,-0.541546,4.730577,0.686122,-0.101371,4.740429,0.135826,-0.515823,4.697302,0.508808,0.341923,4.405481,0.139056,0.078632,4.498858
2449,0.392552,-1.069393,4.387166,0.486219,-1.265671,4.249565,0.526829,-1.483515,4.320395,1.079585,-1.363882,4.737435,1.254606,-1.071997,4.695149,1.148100,-0.825206,4.749314,0.484748,-0.741249,4.615225,0.826598,-0.542073,4.744628,0.653683,-0.149073,4.770562,0.122854,-0.501056,4.694658,0.499961,0.275526,4.461305,0.181185,0.092273,4.474765
2450,0.397424,-1.066684,4.379414,0.479036,-1.303395,4.275596,0.523522,-1.503010,4.328369,1.077906,-1.412268,4.754017,1.246748,-1.093011,4.711168,1.132422,-0.821048,4.754578,0.475897,-0.766603,4.618397,0.826515,-0.559264,4.751048,0.669629,-0.106076,4.741551,0.143973,-0.475622,4.712673,0.493121,0.260579,4.473066,0.134872,0.068513,4.506173
2451,0.398049,-1.081138,4.385534,0.460970,-1.270954,4.255305,0.509967,-1.488209,4.314685,1.080261,-1.401765,4.732858,1.236412,-1.106209,4.704985,1.145171,-0.835311,4.756517,0.484599,-0.759924,4.614639,0.847772,-0.546322,4.733853,0.641213,-0.159521,4.781137,0.136618,-0.484868,4.690097,0.514373,0.287299,4.464354,0.166618,0.129696,4.470482
2452,0.384392,-1.069312,4.387111,0.477280,-1.282687,4.253040,0.537421,-1.492028,4.322230,1.060330,-1.393418,4.752819,1.275083,-1.083177,4.711031,1.144390,-0.811208,4.752218,0.492005,-0.734354,4.613318,0.824999,-0.531060,4.738720,0.628061,-0.119134,4.760254,0.125157,-0.495552,4.701391,0.489329,0.345921,4.392345,0.148814,0.104234,4.482285
2453,0.386682,-1.073790,4.391305,0.472852,-1.279549,4.258286,0.519769,-1.498826,4.319043,1.061694,-1.429645,4.751489,1.253497,-1.089007,4.705806,1.130161,-0.832111,4.751754,0.475664,-0.757259,4.613657,0.823105,-0.559811,4.749437,0.654266,-0.141491,4.762777,0.130785,-0.459037,4.700982,0.495064,0.248777,4.488441,0.139480,0.099677,4.473862
2454,0.387240,-1.088672,4.390979,0.432256,-1.298548,4.241332,0.514102,-1.492705,4.314125,1.068859,-1.404901,4.736310,1.254302,-1.101826,4.706502,1.145100,-0.837550,4.758518,0.489134,-0.736244,4.612921,0.843323,-0.534663,4.729770,0.642843,-0.166873,4.780713,0.136126,-0.487715,4.694330,0.537976,0.296722,4.466343,0.152763,0.116182,4.466231
2455,0.385842,-1.056342,4.382735,0.475863,-1.206120,4.256164,0.536377,-1.479921,4.320023,1.061975,-1.398922,4.747975,1.271238,-1.091932,4.701278,1.140225,-0.839473,4.762373,0.489759,-0.710806,4.616494,0.825981,-0.521246,4.741745,0.612468,-0.061591,4.727398,0.138708,-0.479632,4.703014,0.512519,0.282029,4.460221,0.152637,0.078657,4.485255
2456,0.390344,-1.081632,4.390002,0.448298,-1.220486,4.248988,0.513493,-1.508596,4.303014,1.068751,-1.413817,4.737185,1.254502,-1.102256,4.705356,1.141355,-0.830312,4.754548,0.484127,-0.750675,4.607760,0.843566,-0.537423,4.729636,0.638048,-0.099157,4.747395,0.139785,-0.497157,4.688584,0.511438,0.366242,4.384793,0.153734,0.048486,4.536170
2457,0.380467,-1.059807,4.384773,0.453674,-1.205224,4.239172,0.520036,-1.484447,4.319344,1.066519,-1.403383,4.749853,1.283965,-1.093758,4.691955,1.142106,-0.828829,4.754364,0.481264,-0.730470,4.610070,0.811515,-0.543222,4.741385,0.627762,-0.151696,4.779902,0.143442,-0.464247,4.703917,0.485604,0.301638,4.435726,0.173499,0.061634,4.503439
2458,0.373242,-1.055831,4.391598,0.432230,-1.209436,4.253206,0.502513,-1.460316,4.309325,1.063517,-1.386808,4.756400,1.250409,-1.098397,4.705728,1.129192,-0.802617,4.760473,0.494901,-0.745864,4.607593,0.839486,-0.561330,4.749534,0.642332,-0.135182,4.763123,0.125192,-0.485120,4.684710,0.500347,0.298639,4.449905,0.132321,0.105077,4.462109
2459,0.379123,-1.032686,4.407665,0.460006,-1.184352,4.258596,0.497369,-1.452441,4.307759,1.039386,-1.422107,4.752964,1.276491,-1.131871,4.693020,1.143341,-0.832731,4.752609,0.499604,-0.734753,4.607914,0.843886,-0.544925,4.735329,0.617803,-0.085280,4.741695,0.120326,-0.472506,4.695475,0.529232,0.330392,4.429781,0.154287,0.120247,4.468909
2460,0.379715,-1.038639,4.404955,0.458360,-1.191392,4.256690,0.496070,-1.439654,4.307081,1.032613,-1.412287,4.767485,1.246887,-1.159233,4.704207,1.141502,-0.827268,4.754155,0.486791,-0.722976,4.601776,0.809820,-0.552297,4.746963,0.640172,-0.127566,4.762654,0.134856,-0.478671,4.666598,0.528314,0.386231,4.396782,0.169515,0.127716,4.439656
2461,0.374878,-1.024741,4.405428,0.452786,-1.196725,4.260580,0.503070,-1.437685,4.308883,1.018601,-1.396444,4.769021,1.271487,-1.172325,4.711257,1.139747,-0.835889,4.762800,0.496371,-0.703511,4.604030,0.816491,-0.530139,4.736493,0.634122,-0.058912,4.724259,0.117217,-0.466704,4.680444,0.571792,0.344271,4.433838,0.191564,0.140571,4.458204
2462,0.360047,-1.033216,4.392517,0.431815,-1.214153,4.245225,0.462381,-1.461772,4.305653,1.018307,-1.453326,4.775721,1.236032,-1.189034,4.712702,1.146239,-0.833556,4.750821,0.463834,-0.728742,4.607367,0.794642,-0.550009,4.752473,0.687965,-0.083503,4.733232,0.143076,-0.489947,4.681537,0.557593,0.309480,4.445858,0.171384,0.081964,4.510162
2463,0.382236,-1.019768,4.403986,0.461996,-1.183655,4.271784,0.490304,-1.426447,4.316665,1.010451,-1.434291,4.792460,1.246293,-1.191627,4.719787,1.146092,-0.824087,4.760239,0.492366,-0.708971,4.603268,0.819769,-0.531624,4.737567,0.686502,-0.047931,4.712499,0.131946,-0.471915,4.709038,0.499417,0.381170,4.366858,0.180461,0.131534,4.492802
2464,0.369270,-0.996421,4.394471,0.449282,-1.174363,4.237440,0.474198,-1.446333,4.308235,1.010760,-1.404916,4.782648,1.262856,-1.177359,4.708372,1.136431,-0.814485,4.754940,0.464417,-0.728738,4.608326,0.782461,-0.542274,4.747442,0.653831,-0.140166,4.761301,0.129652,-0.497037,4.723654,0.521423,0.311800,4.457007,0.189222,0.098056,4.496547
2465,0.373255,-1.021057,4.419416,0.439682,-1.166199,4.245453,0.476786,-1.417955,4.309938,1.022676,-1.431308,4.796241,1.226234,-1.189699,4.721306,1.147239,-0.837670,4.757936,0.477941,-0.717685,4.604095,0.821294,-0.541016,4.738907,0.673223,-0.101790,4.745617,0.151443,-0.480414,4.698778,0.547053,0.339048,4.431802,0.195405,0.137844,4.469403
2466,0.393454,-1.011206,4.428891,0.482060,-1.176990,4.247776,0.500743,-1.425379,4.332992,1.008749,-1.410660,4.806097,1.246748,-1.204068,4.724225,1.150006,-0.823662,4.760914,0.494219,-0.700589,4.597982,0.805314,-0.526500,4.732774,0.642041,-0.134754,4.769813,0.155404,-0.496629,4.695380,0.559894,0.321422,4.456107,0.211875,0.088333,4.500618
2467,0.374418,-0.994991,4.418600,0.469477,-1.153849,4.255309,0.489471,-1.406005,4.319989,1.007017,-1.429813,4.803646,1.216688,-1.185433,4.735173,1.139065,-0.831175,4.771150,0.498280,-0.724895,4.597391,0.810883,-0.562208,4.745343,0.664546,-0.198841,4.801708,0.134844,-0.494373,4.685968,0.511903,0.285865,4.488480,0.177254,0.116170,4.458558
2468,0.388371,-0.991061,4.416397,0.470721,-1.140107,4.241560,0.494325,-1.370086,4.328088,1.004058,-1.405185,4.790909,1.255056,-1.166117,4.712590,1.141410,-0.813407,4.755587,0.502055,-0.688580,4.600785,0.822195,-0.536354,4.738825,0.684077,-0.089392,4.742874,0.135500,-0.486416,4.687393,0.571551,0.366837,4.436718,0.196124,0.165674,4.419724
2469,0.370039,-0.985522,4.406086,0.442964,-1.155708,4.238641,0.473284,-1.396304,4.317156,1.010626,-1.426487,4.798660,1.237481,-1.173304,4.722038,1.148108,-0.813973,4.756249,0.500636,-0.695719,4.594208,0.826951,-0.540990,4.739921,0.661938,-0.124743,4.764637,0.139770,-0.471352,4.642925,0.591592,0.372687,4.428432,0.187341,0.143308,4.420910
2470,0.375171,-0.996313,4.418475,0.462725,-1.127113,4.243359,0.495995,-1.375009,4.323130,1.008184,-1.403417,4.802924,1.255638,-1.147663,4.725940,1.148734,-0.816294,4.763556,0.512398,-0.691624,4.594894,0.829907,-0.527244,4.736214,0.726560,-0.080576,4.732111,0.130526,-0.491470,4.668045,0.539420,0.333529,4.457543,0.168474,0.090654,4.466200
2471,0.353615,-1.005807,4.415540,0.462645,-1.138730,4.253389,0.501246,-1.334132,4.328126,0.994492,-1.395069,4.806767,1.232744,-1.179852,4.725727,1.147431,-0.835120,4.761452,0.503150,-0.662712,4.598545,0.835771,-0.511470,4.736189,0.656257,-0.155627,4.782666,0.164859,-0.505488,4.788079,0.532267,0.372133,4.423389,0.174377,0.111902,4.456851
2472,0.378519,-1.006341,4.411574,0.466792,-1.135131,4.280012,0.504816,-1.354195,4.325495,0.985392,-1.418913,4.804899,1.236404,-1.204261,4.726120,1.144391,-0.794378,4.758016,0.511920,-0.659280,4.613035,0.827814,-0.500078,4.742797,0.637771,-0.049163,4.723421,0.176602,-0.476593,4.737990,0.519930,0.335423,4.438268,0.190992,0.165592,4.459500
2473,0.350347,-1.018175,4.408027,0.445091,-1.141779,4.239310,0.494052,-1.358724,4.315018,0.991688,-1.411078,4.818643,1.235994,-1.186267,4.741613,1.135129,-0.814798,4.766153,0.502992,-0.632029,4.609439,0.836685,-0.471942,4.737379,0.647044,-0.094343,4.746330,0.164958,-0.469731,4.740060,0.529391,0.414407,4.339235,0.192859,0.153221,4.474554
2474,0.343650,-1.020538,4.397334,0.425112,-1.178685,4.234792,0.489287,-1.375610,4.316429,1.011220,-1.397185,4.819781,1.232593,-1.201596,4.731347,1.144488,-0.825358,4.771349,0.488775,-0.635397,4.612340,0.812713,-0.448995,4.738150,0.638541,0.011588,4.684114,0.129653,-0.470137,4.701894,0.566295,0.406972,4.380699,0.215802,0.156600,4.430256
2475,0.370730,-1.015386,4.393744,0.416198,-1.182375,4.226223,0.474938,-1.380793,4.315545,1.010131,-1.394218,4.814703,1.213974,-1.205581,4.735364,1.151031,-0.845036,4.762953,0.485973,-0.660836,4.616166,0.825156,-0.470025,4.742849,0.631885,-0.025964,4.704855,0.132355,-0.499018,4.718442,0.554591,0.485611,4.326693,0.208323,0.173428,4.430624
2476,0.363264,-0.976439,4.384017,0.427792,-1.117711,4.231002,0.462555,-1.334583,4.320517,1.002068,-1.409318,4.816213,1.235767,-1.200684,4.730374,1.147121,-0.857443,4.764278,0.498477,-0.654942,4.609537,0.836008,-0.488938,4.746282,0.693605,-0.045799,4.708909,0.155597,-0.467659,4.741139,0.535243,0.407264,4.364581,0.184102,0.154427,4.449488
2477,0.362958,-1.000962,4.385791,0.413448,-1.148220,4.231735,0.468151,-1.354387,4.315756,0.999947,-1.396694,4.809317,1.240837,-1.197139,4.722661,1.138495,-0.820124,4.760664,0.494879,-0.669455,4.606901,0.836980,-0.484416,4.739989,0.697617,-0.016412,4.694685,0.140593,-0.469208,4.685633,0.549994,0.478584,4.294831,0.195516,0.189771,4.412591
2478,0.362109,-0.979266,4.395998,0.405964,-1.143089,4.226462,0.466047,-1.343010,4.316799,1.009925,-1.360559,4.795280,1.233766,-1.175415,4.720658,1.141631,-0.810783,4.756065,0.501384,-0.663608,4.609296,0.852619,-0.476512,4.731639,0.672935,-0.044288,4.721980,0.117321,-0.479300,4.678222,0.516076,0.411995,4.350556,0.192557,0.137814,4.451712
2479,0.363395,-0.978720,4.392780,0.425582,-1.115745,4.241734,0.471772,-1.345097,4.317140,0.994922,-1.381027,4.813935,1.219553,-1.173018,4.736810,1.140795,-0.812760,4.755471,0.507263,-0.677145,4.604269,0.850413,-0.499302,4.736118,0.699566,-0.051975,4.720645,0.126064,-0.490206,4.676480,0.544307,0.368385,4.411923,0.200625,0.155508,4.454742
2480,0.354136,-1.000345,4.422555,0.408030,-1.148309,4.241290,0.473924,-1.336330,4.327305,1.001275,-1.355836,4.819242,1.230281,-1.171962,4.731662,1.152170,-0.828831,4.760440,0.500521,-0.665266,4.603654,0.837283,-0.484889,4.732685,0.644645,-0.022736,4.706119,0.159615,-0.465894,4.716524,0.496117,0.396647,4.363827,0.189959,0.144880,4.443683
2481,0.350300,-1.000423,4.419023,0.426520,-1.105404,4.253262,0.475248,-1.299161,4.326331,0.987232,-1.373432,4.825016,1.228130,-1.175523,4.712210,1.148444,-0.821478,4.756024,0.495005,-0.654277,4.607158,0.819697,-0.478167,4.735096,0.620477,-0.017433,4.704674,0.174115,-0.483056,4.731069,0.513523,0.445543,4.345932,0.204804,0.157065,4.452090
2482,0.350267,-0.975617,4.409015,0.435174,-1.104592,4.255810,0.485942,-1.324498,4.331761,0.987276,-1.369036,4.819869,1.232710,-1.184513,4.726034,1.147472,-0.811887,4.758224,0.505262,-0.652737,4.595607,0.835094,-0.479713,4.725608,0.619143,-0.046615,4.719392,0.176492,-0.471231,4.699563,0.506323,0.412606,4.367910,0.212317,0.150575,4.440480
2483,0.374013,-0.954395,4.389483,0.453560,-1.101868,4.244660,0.491099,-1.277345,4.340728,0.990087,-1.349725,4.826118,1.252577,-1.199085,4.746024,1.151032,-0.812484,4.766026,0.521091,-0.632067,4.597289,0.837839,-0.469395,4.728229,0.609462,-0.034076,4.719329,0.164823,-0.485154,4.718691,0.516814,0.459640,4.325110,0.216067,0.180820,4.446592
2484,0.385514,-0.960746,4.393239,0.439186,-1.093841,4.241294,0.482762,-1.301394,4.347757,0.994976,-1.349636,4.807175,1.236559,-1.167256,4.718893,1.141100,-0.830782,4.762877,0.503347,-0.643415,4.600183,0.833404,-0.472490,4.733517,0.637421,0.000903,4.700962,0.164099,-0.464477,4.695775,0.521371,0.451650,4.345788,0.229756,0.206600,4.418344
2485,0.356097,-0.975307,4.385447,0.440735,-1.108017,4.246660,0.484975,-1.302835,4.350553,0.979318,-1.327456,4.807737,1.243240,-1.171765,4.732627,1.158562,-0.828406,4.765578,0.525625,-0.690815,4.606507,0.847062,-0.510538,4.742057,0.738611,0.020599,4.683564,0.151055,-0.463728,4.707436,0.510076,0.375930,4.386185,0.163239,0.107153,4.475499
2486,0.356905,-0.964206,4.378856,0.428438,-1.089011,4.265094,0.477924,-1.286277,4.355515,0.979113,-1.337670,4.813161,1.225427,-1.177326,4.734220,1.133580,-0.824749,4.765894,0.504901,-0.668654,4.604236,0.839778,-0.501790,4.737857,0.673750,-0.055572,4.732382,0.176075,-0.473820,4.737041,0.544945,0.377627,4.399549,0.166490,0.156033,4.434405
2487,0.372735,-0.943460,4.372713,0.442003,-1.082946,4.243341,0.481132,-1.293427,4.350985,0.986693,-1.307711,4.810089,1.232206,-1.161145,4.738565,1.141594,-0.817860,4.769019,0.529009,-0.654109,4.601094,0.838482,-0.482405,4.737429,0.660373,-0.037118,4.720191,0.159221,-0.468717,4.691384,0.509908,0.385061,4.380687,0.157405,0.131195,4.462268
2488,0.368382,-0.940291,4.373003,0.449403,-1.079833,4.243410,0.480852,-1.282272,4.356013,0.974068,-1.323080,4.821974,1.228718,-1.145987,4.737361,1.151989,-0.819062,4.763738,0.522634,-0.684433,4.605941,0.840487,-0.499629,4.738076,0.679420,-0.019929,4.711791,0.174784,-0.471347,4.680751,0.507152,0.381537,4.383060,0.161579,0.111036,4.455818
2489,0.369052,-0.943882,4.385510,0.439085,-1.062160,4.250758,0.493379,-1.261913,4.351865,0.991636,-1.305688,4.799227,1.252804,-1.176644,4.735847,1.145847,-0.828727,4.768466,0.520116,-0.645749,4.600720,0.839583,-0.473456,4.728973,0.713723,0.011349,4.688236,0.158041,-0.474215,4.702452,0.526526,0.430701,4.363550,0.159893,0.136264,4.459027
2490,0.340834,-0.925092,4.390460,0.417523,-1.040149,4.241792,0.479602,-1.258683,4.352460,0.995336,-1.313727,4.821877,1.234358,-1.147540,4.739040,1.134494,-0.829445,4.768157,0.510552,-0.658152,4.599678,0.842575,-0.486145,4.732410,0.671600,-0.027857,4.713126,0.168588,-0.464063,4.695546,0.522971,0.395332,4.389111,0.161991,0.136977,4.466712
2491,0.371811,-0.948875,4.374258,0.440348,-1.063499,4.224704,0.483860,-1.267528,4.354304,0.992217,-1.317191,4.812000,1.242389,-1.177403,4.736897,1.145637,-0.829529,4.769995,0.515729,-0.658773,4.602598,0.850303,-0.490782,4.733387,0.735860,0.024951,4.675409,0.172696,-0.483342,4.707627,0.498013,0.384293,4.382666,0.165621,0.136276,4.443158
2492,0.358620,-0.947607,4.386136,0.432768,-1.051787,4.268111,0.487144,-1.282745,4.359786,0.995037,-1.308288,4.816082,1.201895,-1.190004,4.738220,1.141078,-0.831845,4.775483,0.510210,-0.668676,4.603366,0.838451,-0.497298,4.736187,0.669560,-0.032876,4.714529,0.159707,-0.462253,4.697996,0.524258,0.426545,4.364297,0.168734,0.146235,4.452601
2493,0.363104,-0.953299,4.392288,0.428410,-1.081517,4.253044,0.484331,-1.282910,4.363750,0.992911,-1.308199,4.817189,1.232137,-1.148414,4.724475,1.152378,-0.814806,4.759957,0.506755,-0.671841,4.602804,0.837582,-0.497458,4.735998,0.676573,-0.026214,4.713781,0.158495,-0.466409,4.700222,0.537725,0.416826,4.382467,0.179401,0.134752,4.444252
2494,0.370655,-0.925620,4.385656,0.414809,-1.047811,4.253913,0.483722,-1.297625,4.361462,0.989505,-1.300221,4.809570,1.213622,-1.138589,4.730570,1.132205,-0.824037,4.769029,0.511325,-0.671018,4.614810,0.842186,-0.494436,4.736794,0.656950,-0.084856,4.749683,0.166415,-0.474493,4.737983,0.534991,0.411063,4.392638,0.174159,0.144814,4.450945
2495,0.368321,-0.945901,4.370757,0.418339,-1.051212,4.230300,0.480306,-1.275496,4.357412,0.990179,-1.316730,4.815186,1.231032,-1.165884,4.741945,1.143465,-0.821038,4.763790,0.507196,-0.656710,4.601912,0.849671,-0.487930,4.735775,0.724937,-0.009367,4.701029,0.177162,-0.471219,4.680494,0.541205,0.316485,4.441966,0.163167,0.125376,4.456136
2496,0.353220,-0.928441,4.371226,0.419566,-1.049901,4.247425,0.489042,-1.305127,4.364204,0.982747,-1.300668,4.812118,1.224814,-1.157297,4.733088,1.144152,-0.816719,4.768764,0.504545,-0.670035,4.605179,0.844274,-0.502654,4.740746,0.668186,-0.050221,4.725980,0.163209,-0.457045,4.698933,0.551092,0.369601,4.412004,0.179080,0.139684,4.452038
2497,0.371163,-0.936562,4.384928,0.413611,-1.070824,4.237228,0.487873,-1.300403,4.356078,0.979386,-1.290121,4.814152,1.242481,-1.187256,4.715384,1.150157,-0.813988,4.755237,0.514276,-0.656559,4.610329,0.824493,-0.484684,4.740997,0.710811,0.015256,4.687070,0.156469,-0.450981,4.670944,0.535556,0.405198,4.370445,0.187511,0.141589,4.446608
2498,0.324436,-0.911040,4.398241,0.413732,-1.003743,4.245911,0.472744,-1.265497,4.357680,0.979905,-1.327436,4.812023,1.213272,-1.119374,4.734299,1.140275,-0.818442,4.764059,0.499157,-0.637358,4.614700,0.839840,-0.486053,4.745708,0.751956,0.001596,4.687959,0.159334,-0.456772,4.691781,0.562681,0.373384,4.419423,0.199617,0.175616,4.436282
2499,0.345858,-0.908104,4.401010,0.414814,-1.018429,4.233418,0.479653,-1.273521,4.362485,0.996866,-1.294849,4.815145,1.214852,-1.066748,4.724031,1.138320,-0.797255,4.757911,0.529860,-0.624890,4.609761,0.872305,-0.464306,4.740317,0.727557,-0.035330,4.711467,0.177241,-0.481755,4.702333,0.578957,0.462525,4.344459,0.237208,0.243661,4.373180
2500,0.367968,-0.959337,4.377060,0.412193,-1.088189,4.255997,0.468642,-1.371159,4.333965,0.993021,-1.363752,4.808094,1.184163,-1.173531,4.706441,1.149294,-0.817833,4.755429,0.509131,-0.663004,4.610720,0.858350,-0.499537,4.750058,0.731805,-0.111454,4.745081,0.184357,-0.493822,4.714214,0.544321,0.389353,4.394654,0.177842,0.150624,4.450583
2501,0.361939,-0.954729,4.405449,0.424468,-1.049268,4.284263,0.479288,-1.329957,4.327156,1.006259,-1.350983,4.820035,1.230532,-1.097197,4.718575,1.143892,-0.772003,4.748109,0.503835,-0.661830,4.608882,0.846870,-0.487149,4.746793,0.719355,-0.052543,4.722257,0.174433,-0.476586,4.716929,0.539448,0.417689,4.364881,0.191924,0.169494,4.448990
2502,0.346031,-0.984118,4.391732,0.413511,-1.093095,4.259280,0.452630,-1.360929,4.327150,0.991359,-1.410600,4.832816,1.222859,-1.173032,4.724719,1.143565,-0.838972,4.750288,0.494048,-0.642307,4.611385,0.847078,-0.472320,4.751623,0.704512,-0.027624,4.703457,0.155321,-0.473584,4.731184,0.546249,0.354294,4.422718,0.199175,0.176806,4.441508
2503,0.339088,-0.968718,4.393679,0.406635,-1.057525,4.244410,0.453719,-1.355152,4.325299,0.999814,-1.398728,4.831221,1.233689,-1.109090,4.716192,1.141200,-0.807174,4.739474,0.492991,-0.659242,4.608351,0.844121,-0.479090,4.755659,0.712009,0.001624,4.687598,0.138779,-0.481424,4.714078,0.578138,0.475371,4.318058,0.209551,0.163218,4.440631
2504,0.328683,-0.952743,4.397238,0.400436,-1.023943,4.295302,0.449229,-1.302800,4.323826,0.988562,-1.412438,4.840930,1.201495,-1.092759,4.730237,1.142680,-0.768198,4.745870,0.485555,-0.636815,4.618957,0.845494,-0.468769,4.754026,0.703016,0.001015,4.687853,0.142994,-0.453535,4.733106,0.562847,0.340180,4.432371,0.171129,0.137910,4.460426
2505,0.362302,-1.009291,4.394292,0.413357,-1.000994,4.267313,0.437707,-1.282444,4.304868,1.005720,-1.393288,4.830064,1.217302,-1.061146,4.730081,1.154725,-0.761631,4.752722,0.504691,-0.640640,4.615748,0.862081,-0.481718,4.752848,0.736394,-0.051170,4.723916,0.145940,-0.519293,4.685027,0.584655,0.352591,4.415158,0.184060,0.128888,4.485636
2506,0.353345,-0.922878,4.393678,0.448623,-1.003922,4.277006,0.443981,-1.327431,4.296297,0.991935,-1.441399,4.832043,1.213887,-1.095434,4.732507,1.144607,-0.772421,4.759358,0.500175,-0.631207,4.603551,0.847536,-0.474636,4.749351,0.690878,-0.127651,4.768783,0.127132,-0.525148,4.758656,0.548764,0.405154,4.367996,0.190160,0.119104,4.487256
2507,0.398942,-1.010110,4.393526,0.440964,-1.075035,4.278574,0.429779,-1.345176,4.301618,0.986430,-1.479218,4.849260,1.207216,-1.112469,4.734307,1.146336,-0.768273,4.744561,0.497817,-0.629944,4.607660,0.861245,-0.464282,4.741651,0.685293,-0.093249,4.748970,0.175665,-0.509000,4.717481,0.534374,0.454796,4.309188,0.187788,0.158267,4.450445
2508,0.431771,-0.941277,4.390349,0.453299,-1.102713,4.268619,0.457549,-1.370327,4.300222,0.957974,-1.536316,4.856500,1.206566,-1.141038,4.745267,1.140394,-0.737284,4.740125,0.494876,-0.674508,4.612411,0.841684,-0.525102,4.763801,0.687160,-0.088468,4.744874,0.166649,-0.523226,4.731385,0.527159,0.471122,4.313328,0.204929,0.167652,4.427241
2509,0.356099,-0.899029,4.394789,0.429392,-1.024999,4.270652,0.471576,-1.320949,4.286795,0.964285,-1.532719,4.833581,1.225965,-1.123359,4.743344,1.126792,-0.768839,4.764354,0.484883,-0.672058,4.601263,0.819933,-0.540998,4.757496,0.643306,-0.135058,4.777486,0.140477,-0.536611,4.713554,0.514368,0.424847,4.319047,0.182561,0.177604,4.426261
2510,0.422894,-0.911543,4.411600,0.443030,-1.118243,4.271147,0.467083,-1.413757,4.282631,0.968095,-1.559772,4.827942,1.203540,-1.158204,4.776159,1.124240,-0.794498,4.782368,0.474366,-0.697491,4.610903,0.806176,-0.563270,4.773082,0.644319,-0.149641,4.788661,0.156294,-0.508883,4.760614,0.488421,0.416260,4.357010,0.193703,0.155855,4.437387
2511,0.426018,-0.994315,4.422104,0.433873,-1.098789,4.269576,0.473611,-1.420482,4.253315,0.975741,-1.606220,4.818763,1.214797,-1.162246,4.786647,1.138582,-0.777974,4.782159,0.490395,-0.725669,4.607283,0.824292,-0.579572,4.777596,0.630298,-0.126051,4.781486,0.153589,-0.480121,4.742041,0.488758,0.424993,4.352357,0.186796,0.157688,4.430169
2512,0.351773,-1.027773,4.418959,0.414106,-1.148915,4.281773,0.471602,-1.452745,4.246442,1.014187,-1.571570,4.825825,1.250485,-1.113948,4.768221,1.145556,-0.789920,4.782684,0.481870,-0.727612,4.609504,0.816095,-0.555422,4.771070,0.647608,-0.138098,4.786488,0.138002,-0.463261,4.728717,0.521388,0.452749,4.335249,0.152115,0.148630,4.420192
2513,0.400494,-0.995983,4.421415,0.489727,-1.189215,4.264987,0.485872,-1.464376,4.236010,1.026086,-1.554047,4.787471,1.270572,-1.107023,4.754303,1.144329,-0.715800,4.760864,0.488001,-0.737742,4.626363,0.819504,-0.564558,4.782845,0.645550,-0.091120,4.756060,0.114263,-0.461682,4.728342,0.511714,0.449252,4.329944,0.152716,0.152791,4.433048
2514,0.399371,-0.981157,4.418909,0.405467,-1.174030,4.292840,0.451682,-1.502268,4.240664,1.017177,-1.584900,4.820114,1.254749,-1.107773,4.769209,1.139389,-0.702677,4.761090,0.480604,-0.755359,4.639929,0.823357,-0.575728,4.786371,0.633660,-0.035470,4.725764,0.135026,-0.440816,4.765338,0.521531,0.375386,4.398161,0.145720,0.147055,4.447150
2515,0.568542,-0.786719,4.420578,0.499753,-0.953549,4.322673,0.519155,-1.418791,4.268070,1.022086,-1.625901,4.824195,1.236041,-1.068054,4.754001,1.142501,-0.692221,4.751772,0.500425,-0.745861,4.635198,0.833414,-0.565054,4.785386,0.633619,-0.007771,4.710853,0.132043,-0.454250,4.740758,0.522800,0.456485,4.286489,0.151132,0.145455,4.440194
2516,0.487309,-1.024716,4.402623,0.492947,-1.110725,4.308581,0.508899,-1.499349,4.249574,1.022414,-1.606300,4.820725,1.206319,-1.047980,4.750696,1.152198,-0.718548,4.744561,0.507751,-0.742490,4.635398,0.847812,-0.543912,4.778251,0.671049,0.020645,4.700158,0.138620,-0.478802,4.777742,0.519676,0.483765,4.257683,0.125251,0.081291,4.501761
2517,0.570818,-0.797494,4.402614,0.554675,-1.025648,4.319685,0.543496,-1.457233,4.262455,1.015922,-1.613228,4.828827,1.217281,-1.075271,4.758940,1.148395,-0.718750,4.743979,0.530720,-0.725148,4.635817,0.845104,-0.539727,4.778608,0.657642,0.019300,4.695260,0.114681,-0.512877,4.792685,0.503648,0.460147,4.284029,0.136329,0.129241,4.482201
2518,0.437591,-1.007876,4.401208,0.494760,-1.157526,4.304404,0.543410,-1.499421,4.248832,1.019158,-1.646477,4.819386,1.217668,-1.094675,4.777643,1.138918,-0.728735,4.749719,0.523423,-0.731941,4.631415,0.847240,-0.540066,4.778734,0.625992,-0.018958,4.716352,0.126960,-0.496071,4.814769,0.460729,0.454690,4.281670,0.180534,0.132063,4.502803
2519,0.399091,-0.999857,4.422048,0.447072,-1.146873,4.295477,0.506164,-1.489783,4.242168,1.021595,-1.631409,4.799444,1.215608,-1.085877,4.763534,1.135290,-0.741811,4.757649,0.479403,-0.742015,4.628603,0.810885,-0.563464,4.783586,0.621832,-0.037153,4.727676,0.174997,-0.448139,4.759925,0.433491,0.417388,4.323486,0.184802,0.146885,4.447174
2520,0.665213,-0.764148,4.413502,0.538834,-0.966535,4.314031,0.533243,-1.430717,4.253576,1.012288,-1.639836,4.809166,1.215996,-1.108980,4.771930,1.178692,-0.763389,4.753347,0.501817,-0.738592,4.620606,0.800253,-0.567485,4.780611,0.653523,0.024913,4.691356,0.169427,-0.451874,4.736834,0.488704,0.445960,4.287800,0.149745,0.120492,4.455859
2521,0.496340,-0.860798,4.418255,0.439422,-1.048566,4.300533,0.511843,-1.505227,4.224802,1.037737,-1.625296,4.778553,1.236946,-1.096160,4.776826,1.135316,-0.697428,4.755332,0.472721,-0.764183,4.624717,0.811668,-0.586896,4.782897,0.650300,-0.066134,4.746542,0.181624,-0.502181,4.747232,0.500674,0.458002,4.304461,0.162714,0.161936,4.422119
2522,0.642257,-0.756604,4.419466,0.585559,-0.961492,4.297033,0.601834,-1.419773,4.216222,1.033578,-1.640368,4.779207,1.236546,-1.084931,4.773548,1.145028,-0.708825,4.753439,0.547645,-0.724959,4.605645,0.843408,-0.560061,4.766209,0.658562,-0.041792,4.731310,0.171477,-0.530281,4.758029,0.519973,0.450095,4.311386,0.154411,0.100902,4.481828
2523,0.678172,-0.774751,4.414116,0.540117,-0.980647,4.295387,0.562463,-1.431091,4.204198,1.046350,-1.616532,4.767356,1.227232,-1.082535,4.769155,1.164329,-0.747377,4.766691,0.513700,-0.758599,4.617048,0.818643,-0.574035,4.771218,0.656494,-0.033302,4.724766,0.194605,-0.414005,4.721907,0.495453,0.404219,4.358983,0.152914,0.123298,4.458498
2524,0.641943,-0.879803,4.419946,0.512791,-1.023234,4.308779,0.538803,-1.474393,4.223391,1.048615,-1.652001,4.787460,1.150449,-1.144459,4.768170,1.173334,-0.866000,4.776685,0.458798,-0.805458,4.618099,0.804304,-0.663372,4.795161,0.663731,-0.069264,4.742508,0.219467,-0.326795,4.671951,0.467107,0.302317,4.456380,0.178096,0.133743,4.449839
2525,0.490406,-0.945894,4.422139,0.547208,-1.096278,4.312674,0.573402,-1.538804,4.266088,1.031226,-1.705459,4.807432,1.141994,-1.182217,4.792897,1.169446,-0.833670,4.766189,0.481430,-0.779693,4.631059,0.782186,-0.655846,4.808681,0.639851,-0.060396,4.744584,0.138732,-0.378219,4.700739,0.470035,0.342544,4.420565,0.123763,0.125674,4.458023
2526,0.527496,-1.279463,4.398172,0.518058,-1.263359,4.281064,0.577377,-1.566265,4.268635,1.041259,-1.688577,4.805744,1.163551,-1.152238,4.797764,1.124380,-0.754750,4.774138,0.459727,-0.776770,4.635682,0.769599,-0.616731,4.800548,0.644696,-0.024785,4.723538,0.128478,-0.367122,4.697701,0.508178,0.303394,4.452420,0.143909,0.125372,4.436829
2527,0.329814,-1.054815,4.383454,0.399173,-1.272192,4.206352,0.472871,-1.623399,4.322392,1.032260,-1.721496,4.895261,1.227167,-1.103666,4.734627,1.115579,-0.733770,4.750268,0.444312,-0.781583,4.643423,0.783056,-0.619723,4.803095,0.649656,-0.063232,4.730976,0.126573,-0.427028,4.697030,0.515003,0.424319,4.369594,0.165434,0.146003,4.422174
2528,0.336468,-1.051990,4.384559,0.372804,-1.226945,4.217793,0.470743,-1.517502,4.314758,1.025727,-1.657229,4.885037,1.246567,-1.120998,4.740508,1.144847,-0.797325,4.757198,0.447418,-0.728430,4.616646,0.781734,-0.554681,4.769452,0.619791,-0.045979,4.728431,0.097943,-0.490390,4.635135,0.517428,0.486744,4.319141,0.138878,0.112069,4.432573
2529,0.358971,-1.069216,4.398440,0.408714,-1.255997,4.202692,0.468373,-1.506352,4.312005,1.014493,-1.532240,4.866405,1.271701,-1.152787,4.728442,1.123630,-0.823958,4.761221,0.438201,-0.707078,4.615438,0.780771,-0.528710,4.758235,0.614430,-0.124263,4.778995,0.114274,-0.525525,4.713204,0.506114,0.428405,4.378387,0.157221,0.087324,4.460368
2530,0.348317,-1.067758,4.393395,0.403636,-1.262534,4.235401,0.457470,-1.508821,4.309915,1.019115,-1.547574,4.862132,1.267087,-1.143957,4.736179,1.122392,-0.828005,4.747918,0.428157,-0.711605,4.621032,0.786513,-0.544670,4.772450,0.640706,-0.153026,4.786057,0.099160,-0.527793,4.691866,0.534629,0.468458,4.350603,0.154006,0.146990,4.410886
2531,0.374178,-1.164660,4.388837,0.461884,-1.289276,4.216487,0.538334,-1.430101,4.313690,1.046507,-1.315560,4.771118,1.327154,-1.131654,4.730468,1.140626,-0.836030,4.769379,0.489435,-0.650436,4.601910,0.805955,-0.462032,4.727917,0.624947,-0.112677,4.765473,0.095073,-0.486788,4.700316,0.482674,0.391896,4.370464,0.163416,0.108234,4.469983
2532,0.369369,-1.008694,4.371897,0.434106,-1.240848,4.220249,0.543552,-1.527592,4.298804,1.063124,-1.446606,4.767945,1.350947,-1.103751,4.715146,1.153205,-0.828467,4.754860,0.507309,-0.716610,4.605975,0.834566,-0.539470,4.744510,0.620534,-0.094748,4.758883,0.087998,-0.510238,4.658792,0.487865,0.422691,4.357359,0.130454,0.126513,4.431430
2533,0.366395,-1.002530,4.362723,0.407211,-1.219781,4.205101,0.539611,-1.496753,4.291719,1.078366,-1.406537,4.756749,1.366678,-1.064722,4.698119,1.157182,-0.819668,4.757342,0.499367,-0.714485,4.612682,0.839081,-0.520111,4.745237,0.624616,-0.047429,4.728642,0.074569,-0.512321,4.690922,0.509101,0.465896,4.305274,0.123885,0.136085,4.414316
2534,0.385494,-1.034783,4.395426,0.431281,-1.267491,4.221239,0.551354,-1.502494,4.297218,1.094948,-1.422253,4.760501,1.356674,-1.062054,4.706630,1.151868,-0.826194,4.755878,0.527848,-0.712648,4.602664,0.854457,-0.545039,4.742500,0.643101,-0.117462,4.777443,0.087120,-0.502320,4.696222,0.515401,0.458223,4.326479,0.128344,0.158878,4.409139
2535,0.386827,-1.043611,4.375176,0.455772,-1.240665,4.232765,0.553228,-1.497380,4.297524,1.090039,-1.402846,4.729914,1.316902,-1.068515,4.695624,1.163852,-0.829727,4.747869,0.504732,-0.731298,4.606297,0.839198,-0.547904,4.739634,0.656660,-0.106237,4.755196,0.102270,-0.507985,4.684504,0.510808,0.387858,4.388190,0.149705,0.123474,4.431215
2536,0.383756,-1.084389,4.388701,0.487851,-1.244088,4.206214,0.589017,-1.508624,4.296414,1.116499,-1.411082,4.734270,1.324381,-1.051315,4.704882,1.163525,-0.859434,4.759704,0.533498,-0.724185,4.597074,0.859316,-0.543716,4.720719,0.635727,-0.066820,4.733566,0.102788,-0.505973,4.648434,0.504259,0.421665,4.334717,0.148267,0.116506,4.457840
2537,0.391692,-1.082338,4.384628,0.464925,-1.204053,4.224443,0.581761,-1.476704,4.298527,1.117882,-1.425494,4.731469,1.306604,-1.048778,4.701405,1.165852,-0.846576,4.748610,0.518242,-0.715007,4.596460,0.852234,-0.552323,4.727745,0.632397,-0.135043,4.768245,0.112093,-0.499311,4.704216,0.481968,0.347902,4.396274,0.138128,0.129766,4.451026
2538,0.396180,-1.059882,4.381136,0.498317,-1.204293,4.225194,0.592376,-1.490764,4.302263,1.117706,-1.403582,4.729936,1.325371,-1.026979,4.696565,1.151729,-0.825011,4.754812,0.527240,-0.723396,4.593315,0.846624,-0.552429,4.722279,0.618125,-0.108840,4.756371,0.126558,-0.500636,4.645960,0.463048,0.382492,4.369162,0.175385,0.093262,4.498794
2539,0.383885,-1.082247,4.378899,0.414565,-1.232742,4.212574,0.588501,-1.498416,4.299491,1.115904,-1.429882,4.724778,1.324413,-1.003723,4.693203,1.147042,-0.827658,4.763609,0.509557,-0.730378,4.592302,0.834239,-0.563972,4.725166,0.634173,-0.141516,4.773192,0.137354,-0.483699,4.711718,0.454907,0.330504,4.406238,0.170478,0.114207,4.460697
2540,0.371398,-1.077683,4.378963,0.423409,-1.257211,4.213052,0.595452,-1.487968,4.305941,1.120483,-1.403143,4.716627,1.290436,-1.001741,4.695914,1.152391,-0.850517,4.769827,0.500810,-0.721699,4.588104,0.840101,-0.551622,4.719009,0.668621,-0.078440,4.728303,0.127543,-0.476771,4.704677,0.439244,0.333774,4.388731,0.155567,0.090466,4.475485
2541,0.390076,-1.081715,4.365812,0.454318,-1.278585,4.196835,0.598643,-1.496946,4.303767,1.121052,-1.427231,4.718892,1.285528,-1.024977,4.698921,1.163371,-0.835101,4.756229,0.503962,-0.723422,4.583508,0.835430,-0.558686,4.716901,0.645792,-0.166044,4.781952,0.152856,-0.496700,4.724129,0.473141,0.406060,4.336084,0.151492,0.128130,4.431541
2542,0.367001,-1.067862,4.379824,0.412273,-1.242269,4.210241,0.597710,-1.514602,4.299324,1.121724,-1.425005,4.716107,1.300744,-1.002841,4.679787,1.142640,-0.818388,4.753977,0.497047,-0.740439,4.589020,0.830483,-0.572285,4.720994,0.603608,-0.140295,4.773073,0.150123,-0.479404,4.712499,0.464743,0.365785,4.370691,0.151236,0.094010,4.456317
2543,0.362437,-1.075758,4.379230,0.431264,-1.272004,4.212138,0.606084,-1.494038,4.305097,1.124363,-1.401355,4.715508,1.289229,-0.980707,4.687962,1.151721,-0.825155,4.753452,0.500252,-0.711824,4.579606,0.840303,-0.540137,4.715600,0.601004,-0.190426,4.800845,0.163906,-0.478441,4.704456,0.460309,0.364286,4.363123,0.167519,0.104858,4.428954
2544,0.368569,-1.081500,4.375303,0.399924,-1.273246,4.205698,0.590504,-1.497931,4.298366,1.113488,-1.415764,4.724273,1.269923,-0.988896,4.695255,1.136899,-0.841554,4.758990,0.476538,-0.715867,4.585201,0.823898,-0.546567,4.731199,0.570793,-0.114345,4.751116,0.174641,-0.444468,4.668426,0.455594,0.332847,4.401023,0.182645,0.155544,4.389850
2545,0.362145,-1.064378,4.371545,0.419571,-1.292772,4.205923,0.591556,-1.515772,4.299834,1.114143,-1.418789,4.728760,1.276439,-0.976264,4.697282,1.132401,-0.835104,4.758413,0.493333,-0.713313,4.592343,0.846342,-0.551746,4.727659,0.685676,-0.093660,4.725272,0.175346,-0.468562,4.693862,0.472372,0.320418,4.416129,0.174010,0.150959,4.419516
2546,0.371591,-1.056125,4.376753,0.439705,-1.260883,4.221564,0.600146,-1.511664,4.298531,1.120972,-1.408718,4.717374,1.286740,-0.981200,4.692395,1.146557,-0.839533,4.758098,0.505796,-0.721365,4.593540,0.852803,-0.551499,4.722166,0.678982,-0.042835,4.709793,0.131532,-0.480095,4.698659,0.480822,0.307405,4.423382,0.153572,0.103315,4.456993
2547,0.373175,-1.036992,4.389028,0.445381,-1.221560,4.231883,0.590940,-1.504977,4.297981,1.120405,-1.420320,4.717952,1.278235,-0.996207,4.695704,1.149123,-0.839588,4.756453,0.498250,-0.717597,4.585122,0.839554,-0.563797,4.719886,0.612806,-0.159944,4.774356,0.126998,-0.484940,4.699492,0.477389,0.301546,4.425539,0.170788,0.080032,4.469512
2548,0.367549,-1.037066,4.377395,0.447898,-1.253571,4.233635,0.597185,-1.490578,4.301084,1.125043,-1.407236,4.703685,1.292240,-0.983920,4.688504,1.162831,-0.837608,4.748623,0.503455,-0.708602,4.584587,0.848548,-0.544875,4.709567,0.598336,-0.159276,4.777162,0.147768,-0.499013,4.682758,0.509461,0.343775,4.407840,0.170200,0.111241,4.423197
2549,0.371208,-1.052176,4.381304,0.418092,-1.250785,4.217530,0.583647,-1.521565,4.288115,1.113780,-1.422912,4.712778,1.291083,-1.010241,4.689577,1.129886,-0.834405,4.759394,0.502778,-0.733215,4.582101,0.842320,-0.586172,4.719951,0.626010,-0.158837,4.775959,0.159191,-0.474586,4.712003,0.502109,0.308336,4.431979,0.155585,0.089112,4.459633
2550,0.379748,-1.049827,4.380971,0.451597,-1.261033,4.237216,0.593343,-1.489097,4.300773,1.121661,-1.412669,4.708580,1.277580,-1.008327,4.699011,1.157705,-0.842422,4.750661,0.512657,-0.697905,4.584702,0.846270,-0.547317,4.711779,0.648956,-0.184544,4.780383,0.161223,-0.488084,4.713161,0.515522,0.375023,4.381183,0.205497,0.107109,4.430115
2551,0.368414,-1.055888,4.378280,0.418979,-1.245394,4.216581,0.582331,-1.521811,4.290178,1.109144,-1.427265,4.716227,1.292103,-1.020708,4.690988,1.133296,-0.827311,4.752225,0.506943,-0.737465,4.592123,0.847538,-0.575355,4.723272,0.603883,-0.147814,4.775388,0.130232,-0.462343,4.705186,0.479288,0.316703,4.419996,0.157238,0.077501,4.471934
2552,0.377423,-1.069708,4.384325,0.430052,-1.300905,4.217775,0.588125,-1.498359,4.298903,1.117725,-1.407930,4.718683,1.283569,-1.006676,4.704922,1.145502,-0.850326,4.756634,0.506461,-0.696043,4.588167,0.843993,-0.540909,4.718158,0.603470,-0.158093,4.785124,0.158685,-0.497898,4.729557,0.494317,0.322267,4.423663,0.189835,0.111190,4.448489
2553,0.359985,-1.078570,4.403666,0.404447,-1.259251,4.229566,0.579178,-1.522241,4.299577,1.116970,-1.414960,4.719329,1.287252,-1.016104,4.693240,1.130055,-0.849393,4.757018,0.492572,-0.720168,4.594542,0.834763,-0.555384,4.725150,0.616619,-0.153670,4.769770,0.116771,-0.476431,4.714152,0.479180,0.286964,4.442176,0.158341,0.100840,4.473239
2554,0.372867,-1.066841,4.381747,0.450349,-1.315043,4.213565,0.593923,-1.509435,4.296989,1.107849,-1.412712,4.725269,1.289395,-1.027552,4.699131,1.157633,-0.841966,4.749312,0.512990,-0.707792,4.594054,0.832944,-0.545270,4.725568,0.561035,-0.195374,4.803349,0.151645,-0.484166,4.722665,0.476769,0.397577,4.332108,0.156859,0.091146,4.465601
2555,0.372360,-1.074577,4.402066,0.411980,-1.271672,4.221437,0.576571,-1.497942,4.301378,1.106608,-1.413223,4.725510,1.275639,-1.015695,4.698465,1.146027,-0.833008,4.739983,0.489475,-0.708407,4.595562,0.827744,-0.547730,4.731460,0.614572,-0.147710,4.765571,0.153345,-0.475139,4.708581,0.471693,0.299280,4.429699,0.164474,0.105328,4.460079
2556,0.379654,-1.094946,4.385244,0.439826,-1.325793,4.218538,0.588241,-1.511564,4.303117,1.098374,-1.420077,4.734895,1.262722,-1.069221,4.718921,1.135253,-0.862854,4.761953,0.504565,-0.718508,4.601847,0.824765,-0.553869,4.730771,0.606696,-0.176960,4.795955,0.136399,-0.489323,4.694027,0.494684,0.340198,4.421547,0.192043,0.121508,4.422542
2557,0.374644,-1.080364,4.384596,0.416615,-1.284563,4.215642,0.573013,-1.502875,4.304945,1.099702,-1.411639,4.730425,1.298540,-1.045821,4.697640,1.141492,-0.828316,4.750298,0.485816,-0.715288,4.595692,0.821862,-0.543730,4.729373,0.624186,-0.135520,4.753157,0.124806,-0.481610,4.669240,0.471622,0.287120,4.444590,0.152540,0.101290,4.456945
2558,0.378004,-1.094516,4.389249,0.455917,-1.296063,4.222166,0.585400,-1.502756,4.306139,1.102661,-1.408719,4.731473,1.286995,-1.033136,4.705246,1.154438,-0.847965,4.759428,0.498783,-0.714245,4.596793,0.823803,-0.541760,4.726375,0.595109,-0.168783,4.786933,0.149609,-0.475784,4.707344,0.491329,0.335142,4.412525,0.176729,0.126423,4.425943
2559,0.385379,-1.048047,4.378744,0.429217,-1.285413,4.211500,0.571819,-1.503122,4.311177,1.107121,-1.411143,4.734687,1.288158,-1.043406,4.704412,1.149655,-0.813071,4.740677,0.498698,-0.706347,4.602836,0.828182,-0.541349,4.735281,0.623551,-0.152199,4.775211,0.127888,-0.492791,4.688227,0.439440,0.324040,4.395719,0.148106,0.107373,4.438398
2560,0.392868,-1.080114,4.390491,0.480014,-1.261126,4.228509,0.584803,-1.502431,4.306158,1.112553,-1.412044,4.733835,1.284080,-1.031191,4.707679,1.137323,-0.843596,4.753079,0.507445,-0.709992,4.597345,0.831615,-0.547981,4.728333,0.628059,-0.159697,4.778669,0.132427,-0.480910,4.713310,0.462787,0.386129,4.357829,0.168156,0.121159,4.432436
2561,0.390523,-1.071816,4.391243,0.457779,-1.265589,4.226194,0.585678,-1.495258,4.312554,1.096992,-1.424773,4.739990,1.297446,-1.061521,4.702348,1.139391,-0.848295,4.752500,0.502563,-0.704781,4.600036,0.816579,-0.544249,4.726632,0.610464,-0.170027,4.778291,0.162079,-0.471704,4.698610,0.464189,0.361340,4.385446,0.204709,0.118063,4.463744
2562,0.390817,-1.057624,4.381982,0.444977,-1.293800,4.216782,0.578487,-1.494933,4.309575,1.100858,-1.415722,4.741071,1.298877,-1.050106,4.701079,1.150199,-0.830311,4.749088,0.505821,-0.705616,4.595062,0.826682,-0.555850,4.728586,0.646050,-0.189000,4.790129,0.139096,-0.491351,4.718268,0.482676,0.287558,4.457263,0.168431,0.090103,4.458738
2563,0.391877,-1.060538,4.386841,0.494761,-1.223667,4.224777,0.585037,-1.488497,4.312484,1.097686,-1.409603,4.742899,1.273240,-1.061611,4.718149,1.143006,-0.843145,4.766696,0.504352,-0.701833,4.599638,0.830714,-0.549612,4.731634,0.614489,-0.143280,4.767188,0.136132,-0.505523,4.693312,0.468312,0.303605,4.431292,0.153384,0.116130,4.477425
2564,0.392188,-1.089521,4.409796,0.481462,-1.257040,4.228785,0.585725,-1.486584,4.307652,1.099215,-1.423157,4.747961,1.294232,-1.063418,4.711119,1.141032,-0.824109,4.748374,0.513784,-0.703073,4.601590,0.840669,-0.544699,4.731128,0.610933,-0.138935,4.760258,0.150947,-0.494340,4.731932,0.469027,0.348496,4.398226,0.193294,0.104040,4.487328
2565,0.398363,-1.083479,4.398583,0.485570,-1.243152,4.223959,0.581422,-1.498975,4.316003,1.097407,-1.428598,4.755034,1.298821,-1.079402,4.721416,1.152476,-0.837311,4.759277,0.519765,-0.706709,4.603799,0.841101,-0.544659,4.729607,0.620800,-0.155785,4.768949,0.149616,-0.496364,4.688967,0.502320,0.378737,4.392873,0.188031,0.134912,4.459284
2566,0.388505,-1.058101,4.386787,0.445211,-1.299680,4.207199,0.571195,-1.510873,4.304243,1.092731,-1.414311,4.748242,1.300929,-1.067508,4.708814,1.144905,-0.804930,4.750804,0.508087,-0.707054,4.605731,0.828216,-0.551937,4.739289,0.630157,-0.138959,4.756498,0.144964,-0.494007,4.733529,0.469580,0.308073,4.436992,0.162405,0.103925,4.481908
2567,0.378226,-1.087083,4.398866,0.430369,-1.315717,4.210713,0.558416,-1.508126,4.295465,1.092751,-1.437662,4.745868,1.272349,-1.075996,4.720116,1.142573,-0.794566,4.750121,0.506904,-0.715653,4.604074,0.843283,-0.562790,4.741575,0.606499,-0.180914,4.792689,0.146541,-0.496671,4.695486,0.469624,0.371020,4.392449,0.213139,0.082050,4.477288
2568,0.385503,-1.049303,4.398064,0.450345,-1.223309,4.230461,0.557462,-1.504666,4.296855,1.075973,-1.432545,4.753006,1.272327,-1.098477,4.722815,1.143784,-0.815944,4.753406,0.503843,-0.722050,4.605476,0.825859,-0.571430,4.745363,0.623926,-0.180141,4.790444,0.125564,-0.490114,4.687811,0.486883,0.346887,4.426034,0.205753,0.124646,4.459029
2569,0.379676,-1.049782,4.403729,0.428032,-1.205730,4.226114,0.545875,-1.503681,4.300212,1.071050,-1.437193,4.754594,1.270697,-1.102043,4.741674,1.137844,-0.821632,4.762539,0.496334,-0.708589,4.606421,0.832236,-0.554779,4.744329,0.638366,-0.144270,4.770027,0.152970,-0.490951,4.724743,0.485898,0.331119,4.427762,0.201570,0.105253,4.486448
2570,0.385543,-1.058750,4.404449,0.420823,-1.273122,4.219783,0.551622,-1.506163,4.295941,1.084162,-1.447508,4.744499,1.291849,-1.092645,4.722816,1.138582,-0.809125,4.755740,0.504536,-0.710729,4.600094,0.832693,-0.557255,4.741508,0.637418,-0.143783,4.769854,0.156903,-0.489514,4.699512,0.531591,0.400185,4.381399,0.197064,0.145649,4.436799
2571,0.375439,-1.074169,4.412302,0.418530,-1.290156,4.217185,0.546680,-1.497718,4.281066,1.081223,-1.444175,4.736137,1.268288,-1.112895,4.727338,1.132353,-0.804050,4.760914,0.506027,-0.698828,4.601524,0.836828,-0.544662,4.736937,0.647783,-0.135017,4.767664,0.146651,-0.522059,4.697731,0.547815,0.388886,4.382809,0.184328,0.123362,4.449531
2572,0.381785,-1.024235,4.410058,0.409509,-1.287890,4.214902,0.519899,-1.512213,4.274926,1.057643,-1.482430,4.748158,1.263360,-1.144959,4.736259,1.123119,-0.806348,4.761463,0.504077,-0.710848,4.610193,0.827465,-0.577044,4.757646,0.617885,-0.201349,4.807394,0.127399,-0.502626,4.730470,0.528190,0.403858,4.406301,0.230531,0.168128,4.457572
2573,0.368010,-1.018775,4.397567,0.429549,-1.213454,4.227697,0.520923,-1.485124,4.276899,1.050144,-1.488732,4.753217,1.267377,-1.141304,4.739124,1.116746,-0.800540,4.768258,0.502396,-0.683791,4.604207,0.828296,-0.538376,4.749412,0.637852,-0.106748,4.752862,0.115550,-0.483964,4.716880,0.533560,0.400145,4.391713,0.237047,0.163590,4.416317
2574,0.345598,-0.985919,4.398058,0.406023,-1.221449,4.223251,0.492119,-1.484434,4.269240,1.039064,-1.488085,4.754971,1.272401,-1.123278,4.730119,1.117600,-0.790088,4.767264,0.494053,-0.671985,4.606997,0.824348,-0.528531,4.755995,0.631921,-0.138864,4.768582,0.097543,-0.499383,4.725700,0.529906,0.437438,4.339106,0.168774,0.157879,4.410505
2575,0.350705,-1.020168,4.397745,0.382442,-1.251109,4.194531,0.483195,-1.494229,4.265298,1.040086,-1.494048,4.754938,1.261847,-1.146103,4.734628,1.124019,-0.785905,4.768026,0.499031,-0.669306,4.628562,0.830155,-0.514182,4.762228,0.629688,-0.175341,4.789122,0.099565,-0.513905,4.783916,0.534188,0.447428,4.326149,0.199102,0.178947,4.413121
2576,0.344574,-1.007455,4.391999,0.406684,-1.214398,4.178562,0.476199,-1.505580,4.264109,1.034459,-1.492115,4.752800,1.267398,-1.122122,4.725310,1.120520,-0.817372,4.778897,0.497552,-0.684807,4.623113,0.819140,-0.514983,4.761916,0.565187,-0.187173,4.793280,0.131284,-0.486946,4.772672,0.505060,0.420450,4.341120,0.213171,0.178307,4.425176
2577,0.365432,-1.034030,4.405231,0.416676,-1.232438,4.196445,0.480866,-1.505752,4.263690,1.034846,-1.483959,4.753950,1.247204,-1.123146,4.722878,1.125685,-0.803661,4.774207,0.482386,-0.680554,4.619894,0.808229,-0.499819,4.754413,0.594741,-0.030516,4.705194,0.137473,-0.465334,4.740522,0.521680,0.456786,4.295052,0.200386,0.165453,4.420660
2578,0.336177,-0.962578,4.395581,0.404213,-1.118686,4.195678,0.472901,-1.484848,4.265411,1.026342,-1.498600,4.755050,1.229926,-1.119965,4.732747,1.120173,-0.811683,4.781079,0.491855,-0.668532,4.619631,0.816918,-0.514498,4.760087,0.599996,-0.184781,4.790522,0.115881,-0.496684,4.754292,0.519939,0.463472,4.314617,0.223717,0.186993,4.414863
2579,0.354367,-0.989593,4.392312,0.434869,-1.151360,4.211984,0.475626,-1.489323,4.269109,1.025729,-1.494727,4.763492,1.241812,-1.131413,4.725681,1.116657,-0.796576,4.770833,0.494019,-0.656847,4.621961,0.814127,-0.485864,4.753016,0.569989,-0.090599,4.744624,0.079443,-0.491959,4.771528,0.523685,0.485257,4.327083,0.269850,0.244035,4.406140
2580,0.340281,-1.015561,4.398492,0.427489,-1.185151,4.212077,0.475626,-1.495769,4.272251,1.027549,-1.483778,4.780905,1.240381,-1.120733,4.719759,1.118497,-0.806396,4.770683,0.488035,-0.659636,4.624870,0.809063,-0.486253,4.761049,0.601311,0.012664,4.692315,0.088681,-0.494091,4.770057,0.541788,0.396516,4.376330,0.200111,0.138701,4.437395
2581,0.355436,-1.002798,4.397493,0.439447,-1.229101,4.204796,0.472621,-1.489893,4.275488,1.002866,-1.481039,4.788390,1.233118,-1.139728,4.730342,1.126950,-0.793173,4.766541,0.486911,-0.674986,4.621048,0.815357,-0.508398,4.765522,0.631856,-0.053209,4.723039,0.096111,-0.469248,4.745175,0.552763,0.448780,4.338924,0.215098,0.137530,4.436490
2582,0.334375,-1.024396,4.398759,0.394401,-1.288232,4.201884,0.456400,-1.482342,4.273330,0.994492,-1.458796,4.790834,1.244944,-1.127686,4.723660,1.124630,-0.779422,4.760161,0.466210,-0.668550,4.633631,0.794669,-0.493948,4.771045,0.606037,-0.140896,4.772818,0.126249,-0.473505,4.752564,0.512224,0.430076,4.357811,0.209829,0.162731,4.417793
2583,0.347671,-0.975892,4.388438,0.413045,-1.231390,4.209029,0.457077,-1.477728,4.287368,1.000609,-1.467113,4.796007,1.242768,-1.130161,4.724487,1.134123,-0.780645,4.767052,0.487503,-0.656739,4.608685,0.823761,-0.515987,4.756551,0.620425,-0.198212,4.798935,0.114056,-0.501348,4.751293,0.508086,0.413885,4.366200,0.201403,0.162809,4.429477
2584,0.342138,-0.992839,4.389471,0.406433,-1.246324,4.216558,0.469438,-1.451203,4.297729,0.987249,-1.468390,4.814136,1.235065,-1.137821,4.737123,1.135511,-0.785992,4.762666,0.479261,-0.655584,4.602069,0.800818,-0.512015,4.757769,0.574985,-0.150975,4.784639,0.128023,-0.491995,4.709992,0.491287,0.475840,4.343937,0.272626,0.193965,4.400977
2585,0.333661,-1.000471,4.383357,0.411385,-1.265050,4.212928,0.457433,-1.454223,4.297394,0.995384,-1.467895,4.814842,1.240085,-1.149155,4.735980,1.143344,-0.778488,4.761421,0.475187,-0.641478,4.607257,0.809994,-0.488109,4.753176,0.590433,-0.197860,4.811672,0.092315,-0.476216,4.702976,0.489500,0.418319,4.385399,0.205131,0.181729,4.402547
2586,0.318377,-1.006332,4.381727,0.408743,-1.254207,4.208698,0.450147,-1.457955,4.290410,0.986898,-1.456270,4.811876,1.238891,-1.158569,4.735578,1.136717,-0.781346,4.760834,0.470913,-0.646974,4.612387,0.801380,-0.505326,4.761132,0.610891,-0.184221,4.801083,0.097962,-0.463195,4.704029,0.525728,0.459221,4.364706,0.225889,0.169134,4.413339
2587,0.329245,-0.988241,4.385465,0.395637,-1.252581,4.211567,0.432329,-1.462990,4.290068,0.988653,-1.418419,4.804839,1.246595,-1.138444,4.726363,1.137426,-0.804976,4.768853,0.475963,-0.653454,4.609777,0.813219,-0.495014,4.755260,0.618348,-0.090540,4.751941,0.071922,-0.483887,4.729806,0.513280,0.437689,4.351797,0.163870,0.166021,4.426816
2588,0.337414,-0.978449,4.399641,0.400906,-1.242380,4.250889,0.436419,-1.457566,4.305387,0.998049,-1.419537,4.819187,1.244749,-1.135750,4.741982,1.130785,-0.782257,4.762398,0.463795,-0.645652,4.608491,0.812231,-0.491106,4.756014,0.606358,-0.188594,4.805408,0.111708,-0.472801,4.762349,0.532434,0.492914,4.319947,0.204390,0.217217,4.377342
2589,0.341752,-0.981910,4.403706,0.443048,-1.209014,4.285207,0.442634,-1.459723,4.310750,1.010051,-1.435284,4.850360,1.242114,-1.121076,4.755382,1.133378,-0.781743,4.765002,0.487187,-0.625540,4.601179,0.827542,-0.481753,4.751362,0.596422,-0.192687,4.813623,0.143516,-0.474030,4.709545,0.537708,0.487192,4.324755,0.189137,0.163630,4.417656
2590,0.350719,-0.953284,4.396463,0.427776,-1.219411,4.252317,0.450332,-1.447866,4.315803,1.010610,-1.438293,4.847399,1.232293,-1.136580,4.758791,1.116412,-0.783115,4.769050,0.490293,-0.625144,4.600452,0.812816,-0.483019,4.754360,0.593095,-0.177899,4.801957,0.095813,-0.499797,4.706656,0.525508,0.445314,4.363470,0.215543,0.177548,4.402960
2591,0.344756,-0.962772,4.382274,0.431714,-1.206630,4.249872,0.437992,-1.460388,4.311944,1.011562,-1.442809,4.840652,1.223748,-1.133622,4.756048,1.117622,-0.798998,4.773540,0.477323,-0.639682,4.605758,0.816823,-0.490238,4.759686,0.588357,-0.153896,4.784743,0.089758,-0.503243,4.719337,0.530768,0.486954,4.334394,0.198886,0.182044,4.398032
2592,0.348773,-0.952223,4.400411,0.444866,-1.196186,4.268655,0.444162,-1.457672,4.314742,1.008654,-1.438839,4.839283,1.236852,-1.106637,4.750364,1.122442,-0.781024,4.775324,0.486739,-0.641504,4.601318,0.825718,-0.493450,4.754330,0.584415,-0.165287,4.795869,0.094123,-0.493948,4.699435,0.524764,0.467715,4.350880,0.213120,0.185904,4.391611
2593,0.346591,-0.972270,4.402512,0.436796,-1.203931,4.267906,0.438718,-1.456938,4.310297,1.002711,-1.465259,4.862633,1.237621,-1.139947,4.763396,1.116027,-0.813276,4.764770,0.480451,-0.643518,4.596232,0.816950,-0.501224,4.757250,0.598114,-0.154168,4.795979,0.089445,-0.459130,4.684901,0.526926,0.478370,4.348959,0.210086,0.194859,4.379371
2594,0.345809,-0.949249,4.399760,0.446607,-1.181578,4.266874,0.437046,-1.454408,4.308406,1.018409,-1.453143,4.853868,1.223006,-1.095135,4.760861,1.122109,-0.749143,4.752932,0.482527,-0.643131,4.596725,0.830146,-0.503255,4.752998,0.600837,-0.202888,4.817459,0.109804,-0.480133,4.701646,0.519538,0.469309,4.358720,0.210028,0.190282,4.391069
2595,0.334224,-0.957598,4.390502,0.424846,-1.200977,4.258808,0.427427,-1.465116,4.305871,1.010723,-1.480391,4.862004,1.223431,-1.096895,4.760242,1.126933,-0.737201,4.752868,0.470987,-0.644558,4.607145,0.817144,-0.503567,4.764080,0.619460,-0.141146,4.789930,0.124638,-0.496399,4.710933,0.503784,0.446241,4.353405,0.201261,0.166524,4.421822
2596,0.339386,-0.944899,4.400802,0.420851,-1.192348,4.265051,0.436305,-1.456593,4.300686,1.011936,-1.466216,4.854363,1.201074,-1.094699,4.764041,1.131423,-0.740099,4.746562,0.477402,-0.651612,4.604207,0.820415,-0.502611,4.761947,0.606220,-0.206324,4.827168,0.144016,-0.502917,4.713267,0.491544,0.449686,4.361029,0.205639,0.176962,4.410903
2597,0.334840,-0.965487,4.414886,0.409504,-1.191904,4.268433,0.432933,-1.477562,4.279302,1.012884,-1.485101,4.822608,1.216631,-1.087861,4.766891,1.122699,-0.743359,4.759301,0.486246,-0.658680,4.613488,0.821290,-0.524454,4.769990,0.612776,-0.166060,4.803013,0.128714,-0.501568,4.717974,0.488985,0.438322,4.339606,0.197759,0.150417,4.433065
2598,0.334873,-0.983938,4.405425,0.416619,-1.219211,4.271810,0.450613,-1.493431,4.287349,0.999705,-1.531513,4.836104,1.245647,-1.100971,4.746849,1.144736,-0.750458,4.758185,0.486705,-0.672548,4.622160,0.818300,-0.531761,4.780536,0.640140,-0.123532,4.781607,0.117445,-0.455738,4.727746,0.540324,0.533735,4.271620,0.241652,0.217524,4.383637
2599,0.343049,-0.956331,4.404385,0.423821,-1.215898,4.267553,0.448275,-1.491371,4.292416,0.994928,-1.557223,4.842160,1.232708,-1.106228,4.774372,1.122640,-0.742527,4.764771,0.476212,-0.697676,4.625695,0.816123,-0.548177,4.780124,0.644076,-0.121353,4.778106,0.142085,-0.466947,4.721236,0.527945,0.470730,4.322249,0.195236,0.156903,4.416009
2600,0.429615,-0.944797,4.399580,0.460016,-1.196608,4.272062,0.435985,-1.519921,4.261488,0.985492,-1.572063,4.835396,1.256821,-1.100730,4.763973,1.122614,-0.712468,4.746827,0.477943,-0.724538,4.638229,0.820235,-0.567146,4.796565,0.639887,-0.055405,4.738045,0.129218,-0.452321,4.732779,0.553682,0.518770,4.300002,0.202914,0.177829,4.415040
2601,0.348527,-1.002062,4.406240,0.414458,-1.215794,4.280650,0.435329,-1.515826,4.265771,0.969633,-1.590978,4.853604,1.216574,-1.132597,4.788719,1.122654,-0.739745,4.759255,0.461937,-0.718828,4.624243,0.798368,-0.568372,4.792984,0.620209,-0.077677,4.752558,0.159068,-0.419498,4.762570,0.527499,0.477641,4.300386,0.171707,0.183655,4.415404
2602,0.376237,-0.960379,4.412162,0.429172,-1.157621,4.295503,0.436693,-1.485230,4.258373,0.983288,-1.564353,4.838469,1.253790,-1.092521,4.761482,1.121681,-0.717625,4.745615,0.477792,-0.708243,4.626389,0.823866,-0.561057,4.790725,0.624668,-0.131641,4.786213,0.155368,-0.521646,4.771731,0.530327,0.540046,4.271210,0.224440,0.160031,4.421525
2603,0.376048,-0.979270,4.403799,0.422329,-1.175652,4.292277,0.439590,-1.493965,4.257264,0.984956,-1.567566,4.839785,1.248227,-1.079306,4.764611,1.124772,-0.685694,4.745956,0.470473,-0.719333,4.620498,0.810102,-0.571934,4.790429,0.637197,-0.016858,4.714235,0.153645,-0.427467,4.752223,0.566657,0.537657,4.279883,0.211162,0.182482,4.406363
2604,0.385617,-0.935524,4.422066,0.411725,-1.165003,4.298719,0.428276,-1.485225,4.259207,0.971182,-1.595830,4.854735,1.199960,-1.133832,4.793633,1.126743,-0.757846,4.758377,0.465553,-0.739936,4.624825,0.797379,-0.602372,4.804900,0.622145,-0.118484,4.768304,0.128851,-0.454229,4.710217,0.511169,0.448486,4.340378,0.181795,0.164477,4.413208
2605,0.396216,-0.957030,4.420037,0.412736,-1.158799,4.293208,0.427518,-1.484265,4.244376,0.979565,-1.558793,4.822672,1.228710,-1.100376,4.776873,1.114849,-0.724307,4.754125,0.465573,-0.712164,4.618482,0.799188,-0.562467,4.786966,0.622491,-0.035544,4.726373,0.111830,-0.466865,4.729249,0.531254,0.520647,4.268477,0.166863,0.157155,4.423505
2606,0.430292,-0.984350,4.440578,0.434703,-1.226919,4.313289,0.443094,-1.491198,4.214430,0.971174,-1.591035,4.803844,1.234591,-1.125038,4.769059,1.110447,-0.729814,4.753996,0.478790,-0.735925,4.628407,0.804351,-0.599458,4.795484,0.636625,-0.033754,4.721480,0.119573,-0.488821,4.771848,0.503172,0.447969,4.311114,0.168057,0.123995,4.456275
2607,0.389786,-0.977952,4.420247,0.434371,-1.254059,4.300909,0.444782,-1.518302,4.216679,0.987853,-1.588278,4.807562,1.227208,-1.115925,4.763805,1.137735,-0.754926,4.747503,0.458521,-0.747845,4.626615,0.807392,-0.592897,4.787706,0.656778,-0.038901,4.727415,0.151800,-0.405863,4.749531,0.559782,0.482773,4.276763,0.175217,0.167926,4.418243
2608,0.447065,-0.962714,4.425388,0.411153,-1.166350,4.295698,0.411914,-1.563787,4.208995,0.982852,-1.674276,4.811182,1.201327,-1.113145,4.761648,1.124772,-0.750867,4.758245,0.449822,-0.766394,4.637697,0.792281,-0.614444,4.801562,0.636995,-0.053554,4.738700,0.124105,-0.398402,4.731028,0.539437,0.450561,4.307472,0.152537,0.137185,4.441352
2609,0.419944,-1.130920,4.432104,0.438454,-1.216502,4.281490,0.445541,-1.567075,4.170887,0.987332,-1.666044,4.791933,1.190670,-1.135748,4.795160,1.127784,-0.734600,4.762365,0.441498,-0.779916,4.633111,0.788905,-0.603476,4.798913,0.687170,-0.094184,4.751707,0.149506,-0.401553,4.728344,0.510869,0.365924,4.380527,0.132854,0.104612,4.497285
2610,0.546811,-0.949020,4.435102,0.523041,-1.159452,4.315610,0.523016,-1.531676,4.207510,0.990566,-1.656045,4.786497,1.197576,-1.118285,4.773953,1.140849,-0.769690,4.766719,0.472819,-0.785622,4.633254,0.789151,-0.603680,4.799282,0.642948,-0.064214,4.739874,0.170431,-0.380252,4.735481,0.509090,0.399634,4.342416,0.180588,0.136558,4.471774
2611,0.593841,-0.922453,4.417418,0.548378,-1.117262,4.313525,0.534471,-1.510056,4.199182,0.988850,-1.696644,4.803075,1.181669,-1.167523,4.787558,1.136958,-0.780164,4.768245,0.496189,-0.771583,4.639415,0.806130,-0.606077,4.803468,0.651304,-0.077134,4.749874,0.153709,-0.369750,4.743264,0.516722,0.403850,4.354534,0.197261,0.158621,4.430711
2612,0.681438,-0.814283,4.438442,0.525528,-1.057538,4.326829,0.492399,-1.523248,4.200542,1.004988,-1.718957,4.806071,1.155516,-1.176792,4.794716,1.152694,-0.772260,4.768760,0.464920,-0.786286,4.633900,0.814153,-0.624573,4.802862,0.659650,-0.055218,4.730709,0.184615,-0.338556,4.678914,0.478005,0.386827,4.359882,0.171245,0.158862,4.421510
2613,0.688203,-0.809255,4.414768,0.528231,-1.043517,4.326370,0.502096,-1.453059,4.206021,1.007310,-1.657611,4.790724,1.161804,-1.138658,4.788980,1.125227,-0.792178,4.774066,0.471416,-0.771896,4.636464,0.817541,-0.587929,4.795427,0.645745,-0.074644,4.746366,0.148610,-0.378627,4.740661,0.495823,0.397836,4.340919,0.181835,0.144998,4.445984
2614,0.372697,-1.104493,4.409454,0.417792,-1.281901,4.272954,0.463075,-1.574834,4.245768,1.011787,-1.583091,4.840823,1.253108,-1.120046,4.783322,1.128741,-0.758026,4.769193,0.446368,-0.766968,4.651896,0.791948,-0.572269,4.805315,0.632397,-0.041793,4.728420,0.079129,-0.415605,4.763168,0.500144,0.403968,4.354686,0.129149,0.116411,4.454170
2615,0.388746,-1.000653,4.403467,0.425468,-1.316261,4.239192,0.433824,-1.575093,4.287063,1.000657,-1.520995,4.858254,1.250444,-1.067203,4.746654,1.097767,-0.701149,4.751905,0.458472,-0.733352,4.637919,0.781221,-0.537872,4.789257,0.622323,-0.016338,4.709476,0.103104,-0.412196,4.696682,0.556768,0.473554,4.306740,0.132739,0.108501,4.476541
2616,0.354665,-0.980505,4.393582,0.446175,-1.175839,4.247033,0.471936,-1.405455,4.311879,1.023537,-1.335510,4.816235,1.325259,-1.108752,4.708604,1.129505,-0.786575,4.755257,0.474554,-0.632154,4.614375,0.812485,-0.415605,4.737225,0.612651,-0.008080,4.706202,0.101383,-0.449213,4.674560,0.514749,0.466365,4.306014,0.175587,0.164465,4.418675
2617,0.366967,-1.013182,4.386147,0.499570,-1.222793,4.232306,0.502321,-1.457483,4.315450,1.019259,-1.454950,4.831543,1.315128,-1.206239,4.744191,1.134550,-0.847887,4.779495,0.537826,-0.704300,4.596899,0.870647,-0.518975,4.735255,0.628170,-0.114030,4.773403,0.130416,-0.509023,4.618643,0.509328,0.451769,4.339288,0.226368,0.155730,4.441742
2618,0.369175,-1.031371,4.400301,0.502284,-1.246188,4.210424,0.538430,-1.436971,4.309709,1.011516,-1.427723,4.783095,1.325142,-1.175812,4.712698,1.150551,-0.825818,4.762748,0.505852,-0.729057,4.607026,0.824535,-0.522926,4.741848,0.624648,-0.104597,4.763084,0.135898,-0.550507,4.723527,0.510355,0.407945,4.397752,0.206461,0.139467,4.452499
2619,0.361612,-1.032825,4.416759,0.423723,-1.211513,4.212360,0.506312,-1.414233,4.305968,1.004660,-1.404541,4.781228,1.308370,-1.179410,4.730638,1.144746,-0.817645,4.771161,0.498711,-0.687799,4.596898,0.827581,-0.517814,4.732039,0.635237,-0.144428,4.783923,0.139175,-0.525464,4.721109,0.530878,0.387133,4.414357,0.248821,0.198860,4.428854
2620,0.378401,-1.029351,4.398935,0.441877,-1.220061,4.217260,0.515220,-1.439048,4.303835,1.019215,-1.421920,4.761811,1.326908,-1.156916,4.710860,1.157151,-0.788577,4.758750,0.515712,-0.730418,4.611300,0.840807,-0.558009,4.745160,0.650767,-0.152063,4.792896,0.117360,-0.528677,4.702905,0.527682,0.368914,4.433964,0.177480,0.096299,4.501925
2621,0.378103,-1.020840,4.392751,0.462583,-1.129714,4.213994,0.530586,-1.420781,4.310010,1.044419,-1.414251,4.760619,1.335103,-1.138823,4.717046,1.163698,-0.822492,4.768932,0.541852,-0.701650,4.606694,0.861727,-0.533344,4.728665,0.651227,-0.164305,4.799317,0.117509,-0.504280,4.682424,0.552082,0.413209,4.396165,0.180897,0.150385,4.423831
2622,0.378189,-1.053055,4.403007,0.455031,-1.209699,4.227606,0.531559,-1.446396,4.303988,1.042981,-1.391155,4.760583,1.308336,-1.135130,4.717037,1.164204,-0.821775,4.758414,0.522943,-0.731008,4.609480,0.834217,-0.551860,4.744646,0.658701,-0.174317,4.806059,0.113948,-0.517069,4.701372,0.517343,0.328798,4.425663,0.142576,0.136168,4.448997
2623,0.374752,-1.041148,4.402613,0.454393,-1.184273,4.226964,0.543772,-1.449432,4.310599,1.079562,-1.385893,4.739591,1.356738,-1.107572,4.703920,1.165211,-0.824939,4.767489,0.541052,-0.704019,4.599880,0.871389,-0.520110,4.715878,0.659307,-0.061308,4.731268,0.114515,-0.477657,4.689042,0.541567,0.501294,4.289529,0.184122,0.156181,4.430852
2624,0.373816,-1.074581,4.359636,0.453830,-1.247105,4.213152,0.544528,-1.456198,4.309123,1.072519,-1.392756,4.735779,1.332906,-1.114677,4.715947,1.159942,-0.835532,4.780840,0.525629,-0.724783,4.598411,0.852209,-0.532290,4.727755,0.612667,-0.162311,4.798552,0.118866,-0.494180,4.634872,0.508823,0.389941,4.388446,0.200683,0.134959,4.427305
2625,0.382474,-1.057108,4.361560,0.472245,-1.266670,4.218710,0.563266,-1.450066,4.306517,1.091095,-1.378023,4.731687,1.321977,-1.083607,4.730040,1.169827,-0.858353,4.788660,0.535356,-0.717476,4.595849,0.866634,-0.526633,4.717515,0.646686,-0.071505,4.739018,0.102604,-0.480887,4.632589,0.502666,0.437495,4.337884,0.184140,0.140624,4.438991
2626,0.371861,-1.059341,4.357371,0.440017,-1.265376,4.231598,0.563547,-1.456614,4.308564,1.091690,-1.402605,4.734639,1.362709,-1.109174,4.706942,1.171490,-0.849433,4.779211,0.526261,-0.736491,4.595228,0.854483,-0.548664,4.727090,0.687671,-0.114501,4.761139,0.106681,-0.506041,4.640928,0.500905,0.361742,4.405149,0.180159,0.113131,4.449929
2627,0.357410,-1.068718,4.369749,0.396840,-1.276267,4.216813,0.560612,-1.445946,4.311289,1.113452,-1.404470,4.727903,1.330934,-1.063627,4.716671,1.183429,-0.851138,4.785020,0.537788,-0.707281,4.594481,0.874531,-0.537954,4.718930,0.681118,-0.187365,4.801689,0.114728,-0.507644,4.638725,0.507108,0.377549,4.388012,0.203333,0.128238,4.442121
2628,0.327320,-1.049329,4.295488,0.384312,-1.228824,4.152535,0.548887,-1.448068,4.295428,1.115692,-1.400465,4.728235,1.381342,-1.030859,4.727057,1.193502,-0.821117,4.815254,0.511747,-0.707217,4.585506,0.851331,-0.539808,4.716547,0.657884,-0.137620,4.767327,0.110038,-0.491137,4.618249,0.487830,0.357866,4.393197,0.126565,0.122642,4.405211
2629,0.310771,-1.054063,4.220736,0.358079,-1.249710,4.191272,0.558350,-1.465319,4.299477,1.111928,-1.421865,4.724073,1.379656,-1.038300,4.756252,1.217278,-0.852862,4.827638,0.506978,-0.686954,4.577851,0.846247,-0.531483,4.716956,0.629214,-0.153459,4.778454,0.129228,-0.469864,4.640933,0.486038,0.390638,4.343660,0.167325,0.113771,4.410527
2630,0.224518,-1.113610,4.223887,0.347762,-1.275889,4.219584,0.581664,-1.477741,4.293185,1.111942,-1.415888,4.717029,1.358336,-0.948063,4.750841,1.195024,-0.839738,4.824033,0.513481,-0.707142,4.572325,0.845302,-0.554292,4.719192,0.691650,-0.117137,4.750075,0.128751,-0.485526,4.605562,0.473791,0.337797,4.396100,0.119742,0.106050,4.430182
2631,0.175274,-1.196151,4.217181,0.326915,-1.268246,4.166726,0.592428,-1.459603,4.295465,1.123306,-1.424544,4.719992,1.366642,-0.890668,4.732869,1.123227,-0.966881,4.878436,0.514272,-0.681313,4.567951,0.863195,-0.529150,4.709127,0.664690,-0.116124,4.752981,0.109857,-0.471642,4.660762,0.456559,0.357302,4.372130,0.189285,0.097798,4.431312
2632,0.196586,-1.170273,4.213199,0.312338,-1.257218,4.207247,0.582836,-1.462172,4.308076,1.117694,-1.423617,4.714505,1.345624,-0.916159,4.767878,1.076140,-0.993670,4.857012,0.503576,-0.709392,4.583818,0.859318,-0.553762,4.725369,0.638600,-0.167771,4.785635,0.114693,-0.494935,4.649295,0.456622,0.323220,4.413800,0.150402,0.063447,4.469404
2633,0.223548,-1.260400,4.336195,0.279823,-1.247930,4.117773,0.584213,-1.436860,4.297325,1.105769,-1.423700,4.697942,1.316959,-0.864277,4.757342,1.028209,-1.030840,4.856857,0.508865,-0.677800,4.578844,0.851842,-0.518928,4.717634,0.614523,-0.055264,4.729539,0.110486,-0.480247,4.619266,0.465768,0.405188,4.317503,0.142501,0.106562,4.414109
2634,0.231921,-1.291526,4.339803,0.276899,-1.239849,4.122221,0.575678,-1.437862,4.296291,1.100559,-1.435409,4.700878,1.299886,-0.867257,4.768936,0.989885,-1.084732,4.884288,0.518334,-0.694494,4.592651,0.862933,-0.548773,4.729989,0.645339,-0.125346,4.767485,0.094657,-0.481783,4.659013,0.452567,0.358800,4.377342,0.124392,0.115487,4.445850
2635,0.228973,-1.261593,4.341078,0.243157,-1.226948,4.140938,0.571370,-1.439343,4.311185,1.096995,-1.432346,4.701969,1.299662,-0.869898,4.757217,0.994375,-1.078476,4.891709,0.528636,-0.677146,4.598009,0.871059,-0.541852,4.729021,0.617806,-0.110013,4.767966,0.095583,-0.496364,4.687247,0.470453,0.390484,4.354265,0.120636,0.122480,4.421683
2636,0.249659,-1.299648,4.282670,0.292761,-1.250261,4.152024,0.576813,-1.435129,4.303126,1.107315,-1.451955,4.706964,1.253245,-0.920993,4.788856,0.920497,-1.107103,4.905328,0.538690,-0.676319,4.596449,0.892120,-0.557748,4.731634,0.678590,-0.129164,4.762647,0.116906,-0.477762,4.639192,0.519618,0.361746,4.387037,0.162734,0.128894,4.413546
2637,0.275098,-1.338095,4.448428,0.300220,-1.242413,4.215319,0.590267,-1.434317,4.325353,1.121806,-1.441529,4.698335,1.254464,-0.945518,4.764387,0.876245,-1.094518,4.902112,0.544686,-0.673618,4.598233,0.909563,-0.547313,4.729102,0.701243,-0.199653,4.808736,0.120953,-0.485767,4.676695,0.554050,0.375448,4.374922,0.134364,0.142473,4.418247
2638,0.320182,-1.292810,4.641796,0.420969,-1.305050,4.417726,0.648339,-1.414915,4.319341,1.124122,-1.421331,4.675976,1.116667,-1.094427,4.808322,0.747249,-1.040261,4.950772,0.594752,-0.653671,4.588130,0.913528,-0.538559,4.718066,0.676611,-0.148323,4.781988,0.171875,-0.474208,4.628966,0.530074,0.373781,4.394624,0.144826,0.137273,4.397537
2639,0.359182,-1.160740,4.748897,0.446865,-1.251711,4.437128,0.638437,-1.431931,4.301032,1.113927,-1.438587,4.677066,1.073563,-1.083261,4.813228,0.705207,-0.906065,4.923894,0.608498,-0.686935,4.583503,0.909667,-0.586301,4.727883,0.672810,-0.207705,4.801477,0.152190,-0.503746,4.671610,0.526397,0.312483,4.462601,0.126164,0.116802,4.431468
2640,0.353171,-1.106025,4.616467,0.448859,-1.230684,4.371376,0.642837,-1.438066,4.310324,1.116042,-1.451319,4.680870,1.068117,-1.112998,4.818856,0.762027,-0.925274,4.923855,0.623541,-0.690068,4.592623,0.930989,-0.604258,4.723420,0.740389,-0.186034,4.787641,0.167645,-0.496475,4.649440,0.554564,0.327221,4.450309,0.153540,0.139167,4.400225
2641,0.309901,-1.150424,4.838440,0.427203,-1.291486,4.596818,0.621555,-1.434029,4.304822,1.088186,-1.444517,4.683508,0.997199,-1.119165,4.810181,0.698778,-0.879862,4.905120,0.614308,-0.707050,4.587572,0.908255,-0.641045,4.732676,0.729601,-0.204629,4.749909,0.197226,-0.477748,4.574715,0.572520,0.326256,4.479430,0.133458,0.110595,4.434265
2642,0.416476,-0.668433,4.839410,0.474741,-1.099363,4.581818,0.600374,-1.426509,4.316994,1.086045,-1.397972,4.692689,0.860691,-1.024052,4.794610,0.560692,-0.743856,4.857773,0.595334,-0.734970,4.592907,0.884019,-0.626805,4.710875,0.652562,-0.343998,4.836639,0.146796,-0.508139,4.665935,0.541206,0.262876,4.504082,0.117693,0.112095,4.444934
2643,0.514970,-0.316389,4.710229,0.529975,-0.950798,4.566601,0.592704,-1.376939,4.335173,1.085838,-1.317884,4.692813,0.879406,-0.886127,4.774621,0.594927,-0.506019,4.779226,0.587191,-0.726704,4.576981,0.853464,-0.596711,4.703035,0.579757,-0.282965,4.801426,0.140094,-0.519764,4.639564,0.526404,0.242611,4.517105,0.166733,0.071897,4.506642
2644,0.535873,-0.424832,4.668891,0.536668,-0.944566,4.530758,0.573942,-1.353607,4.331976,1.074715,-1.303219,4.675428,0.908811,-0.847786,4.754807,0.626070,-0.487681,4.766320,0.569102,-0.775906,4.561532,0.834243,-0.665316,4.704370,0.609582,-0.471582,4.847123,0.242805,-0.598157,4.713034,0.509634,0.043991,4.658570,0.226104,-0.043137,4.601717
2645,0.501650,-0.516549,4.706460,0.509267,-0.937061,4.548005,0.555162,-1.346401,4.348971,1.056326,-1.267259,4.685461,0.881811,-0.766333,4.746350,0.614246,-0.458009,4.738303,0.535633,-0.756581,4.549037,0.791543,-0.615306,4.682324,0.499616,-0.361776,4.801202,0.193992,-0.530649,4.682411,0.507657,0.136314,4.543697,0.241960,0.026903,4.535060
2646,0.476068,-0.500070,4.700721,0.498289,-0.948386,4.532988,0.553285,-1.339454,4.331099,1.044311,-1.272443,4.681314,0.885714,-0.790572,4.743803,0.610073,-0.463597,4.741084,0.506141,-0.760174,4.555262,0.761494,-0.638342,4.679428,0.445797,-0.437391,4.849897,0.195654,-0.558264,4.688018,0.356116,0.003918,4.646441,0.216307,-0.019235,4.549037
2647,0.463186,-0.506547,4.704501,0.497688,-0.909712,4.509027,0.551899,-1.336564,4.359679,1.066735,-1.285684,4.730516,0.925897,-0.747742,4.754139,0.612414,-0.474864,4.741161,0.490213,-0.746487,4.555714,0.761865,-0.603618,4.700151,0.452867,-0.370621,4.868454,0.170484,-0.560203,4.665698,0.371289,0.103462,4.623976,0.199650,0.028819,4.468339
2648,0.467625,-0.556732,4.704763,0.480005,-0.933576,4.495605,0.561269,-1.326498,4.356180,1.086066,-1.263448,4.727571,0.958532,-0.744568,4.742685,0.655570,-0.495376,4.744757,0.506773,-0.686066,4.566564,0.799040,-0.541335,4.699736,0.567448,-0.288532,4.846696,0.110978,-0.517709,4.657152,0.475647,0.279833,4.464192,0.149916,0.082296,4.433071
2649,0.476116,-0.559084,4.713387,0.488846,-0.937632,4.517152,0.547651,-1.356250,4.354787,1.085757,-1.249372,4.724903,0.969321,-0.746769,4.737863,0.669170,-0.475235,4.739678,0.512417,-0.672257,4.593250,0.816530,-0.542724,4.711718,0.628483,-0.211175,4.794890,0.094777,-0.505665,4.635015,0.499503,0.348912,4.391410,0.072246,0.090744,4.425166
2650,0.462679,-0.551612,4.716258,0.481113,-0.921105,4.519567,0.548268,-1.324987,4.359903,1.089661,-1.283344,4.749417,0.990664,-0.749581,4.742990,0.674984,-0.480216,4.727632,0.522388,-0.678948,4.602165,0.833921,-0.539581,4.718328,0.587504,-0.288092,4.844387,0.116896,-0.515783,4.672202,0.480756,0.288246,4.459993,0.109471,0.080888,4.451512
2651,0.472494,-0.575899,4.726785,0.486936,-0.921585,4.528338,0.552547,-1.362277,4.383486,1.097938,-1.283990,4.759007,0.989560,-0.745699,4.746975,0.656110,-0.488165,4.734571,0.547177,-0.675875,4.606415,0.855681,-0.549994,4.722101,0.606911,-0.236345,4.825345,0.154638,-0.497271,4.666579,0.510392,0.350710,4.415019,0.128093,0.086718,4.448219
2652,0.458030,-0.546871,4.715032,0.487797,-0.895981,4.521177,0.553972,-1.331277,4.382582,1.102296,-1.293019,4.761073,0.957693,-0.744563,4.767440,0.615734,-0.471124,4.760627,0.561100,-0.682300,4.597397,0.867881,-0.548675,4.710077,0.621888,-0.223897,4.805065,0.140652,-0.480704,4.704534,0.549629,0.377966,4.398705,0.069880,0.150600,4.409766
2653,0.458771,-0.520743,4.704080,0.477609,-0.904560,4.514612,0.526056,-1.332498,4.371473,1.092719,-1.243586,4.756117,0.944673,-0.677770,4.749012,0.614684,-0.461386,4.747433,0.570391,-0.688437,4.585924,0.874828,-0.535466,4.703661,0.628295,-0.241036,4.807624,0.160448,-0.507137,4.693213,0.575173,0.311584,4.460862,0.045980,0.082390,4.466043
2654,0.469844,-0.515245,4.719439,0.477609,-0.892679,4.521173,0.512520,-1.344736,4.386246,1.077294,-1.237480,4.763638,0.925627,-0.687265,4.757914,0.618645,-0.469551,4.741541,0.562712,-0.709383,4.602707,0.869118,-0.564453,4.722944,0.659546,-0.233306,4.810709,0.151131,-0.485745,4.664521,0.577382,0.316174,4.465971,0.059280,0.092642,4.455540
2655,0.474221,-0.494783,4.700962,0.471142,-0.858807,4.521064,0.515839,-1.324262,4.391248,1.078601,-1.218210,4.762565,0.958472,-0.658210,4.745911,0.620620,-0.477253,4.752636,0.574830,-0.674414,4.589870,0.873102,-0.517876,4.699779,0.613487,-0.224976,4.799457,0.148334,-0.446083,4.702882,0.597972,0.311659,4.462632,0.055169,0.134050,4.424193
2656,0.496208,-0.525289,4.704534,0.482149,-0.897549,4.515580,0.525458,-1.334810,4.389941,1.079856,-1.205591,4.767089,0.945257,-0.659093,4.756687,0.626591,-0.486343,4.758301,0.568528,-0.706819,4.606335,0.876155,-0.547702,4.710635,0.653992,-0.199119,4.789481,0.154337,-0.494395,4.692358,0.560279,0.311186,4.454732,0.059405,0.092293,4.441826
2657,0.476109,-0.523447,4.703606,0.455286,-0.891138,4.524776,0.494655,-1.315273,4.390740,1.070914,-1.209786,4.772250,0.933819,-0.676081,4.765209,0.627147,-0.499304,4.761620,0.558734,-0.697061,4.599728,0.867819,-0.547379,4.712704,0.628924,-0.215181,4.803293,0.148745,-0.470544,4.670946,0.569158,0.296370,4.470449,0.065952,0.109936,4.439358
2658,0.484051,-0.541816,4.725175,0.453497,-0.893735,4.539131,0.459691,-1.356058,4.394221,1.048535,-1.198280,4.776146,0.925335,-0.686646,4.766184,0.619158,-0.489786,4.758746,0.553931,-0.676739,4.608546,0.860846,-0.547390,4.725754,0.643681,-0.225709,4.802649,0.158695,-0.477911,4.662583,0.554954,0.357487,4.410999,0.059929,0.147534,4.413568
2659,0.495357,-0.526599,4.713124,0.455548,-0.921104,4.550439,0.430765,-1.382387,4.376414,1.017560,-1.224603,4.798181,0.892384,-0.735991,4.766063,0.620045,-0.478000,4.752639,0.552037,-0.713013,4.618727,0.847611,-0.602038,4.753644,0.622034,-0.256649,4.816948,0.166908,-0.478499,4.637873,0.510145,0.310568,4.442432,0.075946,0.154278,4.408854
2660,0.466073,-0.539197,4.712215,0.442170,-0.889065,4.536510,0.466623,-1.342879,4.376106,1.026228,-1.182230,4.777266,0.909973,-0.677182,4.761011,0.619659,-0.489366,4.771770,0.571984,-0.707662,4.622922,0.863081,-0.585213,4.745838,0.632415,-0.183603,4.778550,0.154775,-0.444937,4.627754,0.542118,0.336283,4.430199,0.064264,0.171870,4.390571
2661,0.459328,-0.529389,4.717228,0.433221,-0.878034,4.547331,0.426816,-1.329813,4.383041,1.008823,-1.178729,4.783339,0.899216,-0.718570,4.769702,0.622181,-0.490792,4.755746,0.543813,-0.697075,4.619776,0.844422,-0.585508,4.752575,0.626904,-0.124235,4.746576,0.144391,-0.429011,4.663427,0.513491,0.394565,4.377591,0.064175,0.169437,4.398719
2662,0.458096,-0.528242,4.716539,0.423737,-0.864141,4.551406,0.441545,-1.292189,4.385507,0.994386,-1.181167,4.787199,0.899812,-0.710004,4.765661,0.629071,-0.475061,4.748503,0.545203,-0.677783,4.622180,0.845053,-0.562659,4.745298,0.643691,-0.185136,4.771332,0.182006,-0.428081,4.615585,0.481917,0.314939,4.429407,0.065503,0.163280,4.406784
2663,0.435170,-0.434697,4.700014,0.408026,-0.834762,4.558239,0.425025,-1.250136,4.405913,0.968401,-1.197374,4.816111,0.916076,-0.693913,4.758472,0.611132,-0.458490,4.752396,0.534786,-0.676628,4.628611,0.836121,-0.539179,4.741251,0.632412,-0.180446,4.777477,0.160231,-0.410313,4.706347,0.473527,0.342833,4.421624,0.062413,0.175822,4.410434
2664,0.450800,-0.517236,4.739548,0.419336,-0.831575,4.561606,0.437808,-1.235647,4.393736,0.961774,-1.162871,4.819108,0.903732,-0.664791,4.757957,0.606203,-0.454532,4.747223,0.547473,-0.672844,4.618851,0.837007,-0.534534,4.740337,0.639003,-0.142556,4.758510,0.137334,-0.433384,4.695410,0.511194,0.351589,4.412098,0.088593,0.165391,4.423472
2665,0.371329,-0.509540,4.740057,0.353145,-0.811120,4.558552,0.375333,-1.180064,4.410794,0.940595,-1.122738,4.817580,0.880185,-0.695207,4.769825,0.598281,-0.452029,4.751674,0.496009,-0.640586,4.626241,0.815149,-0.513106,4.738158,0.651618,-0.144892,4.754613,0.097897,-0.394394,4.647590,0.515254,0.321678,4.447610,0.098103,0.177936,4.410702
2666,0.406325,-0.535677,4.745350,0.347330,-0.794298,4.563180,0.370349,-1.142267,4.404323,0.941783,-1.078990,4.810146,0.876119,-0.650002,4.760497,0.598439,-0.444921,4.755639,0.446697,-0.653324,4.630395,0.809821,-0.531169,4.743855,0.649305,-0.165861,4.767104,0.124728,-0.415439,4.625337,0.515031,0.346777,4.422366,0.095783,0.171233,4.412489
2667,0.401027,-0.529384,4.733459,0.347055,-0.770163,4.555704,0.376647,-1.138456,4.419202,0.942843,-1.083388,4.811179,0.877943,-0.643027,4.767694,0.594478,-0.439215,4.738133,0.460607,-0.641568,4.631259,0.815837,-0.518913,4.739332,0.652773,-0.149543,4.765289,0.127091,-0.416683,4.718781,0.515434,0.379538,4.387406,0.116615,0.227354,4.389104
2668,0.407388,-0.517527,4.731081,0.371271,-0.770742,4.549258,0.379403,-1.122700,4.425277,0.941242,-1.081269,4.807425,0.869895,-0.645991,4.781777,0.584603,-0.454434,4.749629,0.465357,-0.633920,4.621684,0.812022,-0.513887,4.734478,0.652253,-0.141451,4.750524,0.115207,-0.446458,4.706718,0.465402,0.297221,4.459354,0.132691,0.185925,4.428562
2669,0.381244,-0.501059,4.734345,0.386986,-0.736351,4.565917,0.397088,-1.136304,4.420922,0.946544,-1.108321,4.828398,0.875476,-0.640857,4.779705,0.601978,-0.470347,4.753634,0.488755,-0.623802,4.609577,0.830414,-0.511895,4.712922,0.675107,-0.166032,4.744366,0.158669,-0.429477,4.706618,0.521293,0.327157,4.411597,0.137928,0.194788,4.425305
2670,0.411353,-0.511154,4.722211,0.378353,-0.732774,4.566399,0.392178,-1.134866,4.423503,0.951780,-1.070398,4.830975,0.857943,-0.641791,4.796947,0.603955,-0.463519,4.752488,0.481716,-0.608798,4.612350,0.818558,-0.481788,4.721457,0.645819,-0.231555,4.796843,0.190577,-0.414778,4.697714,0.448385,0.226148,4.519636,0.127292,0.146152,4.461361
2671,0.373123,-0.518017,4.741393,0.383582,-0.766432,4.560483,0.404053,-1.110851,4.422002,0.946534,-1.052581,4.822346,0.857408,-0.653903,4.793634,0.605921,-0.461930,4.756608,0.498034,-0.621757,4.606859,0.801991,-0.489858,4.722676,0.686162,-0.225525,4.783606,0.190774,-0.396879,4.676842,0.509730,0.250039,4.497187,0.124223,0.136928,4.459051
2672,0.370430,-0.609531,4.755301,0.349548,-0.756187,4.558106,0.377311,-1.083831,4.431962,0.932358,-1.038363,4.809673,0.867609,-0.632222,4.782296,0.608930,-0.461740,4.750029,0.481292,-0.608758,4.614293,0.799175,-0.486815,4.725226,0.685320,-0.295007,4.820540,0.123883,-0.494985,4.766228,0.514963,0.255690,4.480879,0.103493,0.159972,4.426230
2673,0.385240,-0.478932,4.731131,0.379824,-0.731246,4.557622,0.382734,-1.129076,4.414955,0.956105,-1.076304,4.827546,0.880329,-0.618040,4.771456,0.605852,-0.468010,4.760870,0.474061,-0.624838,4.607272,0.830450,-0.527381,4.724916,0.691929,-0.186438,4.754863,0.149574,-0.453006,4.699345,0.500935,0.332753,4.430933,0.108304,0.189474,4.397498
2674,0.379253,-0.531722,4.759401,0.397434,-0.796493,4.564706,0.419901,-1.149652,4.399734,0.958712,-1.060297,4.824433,0.848569,-0.652328,4.784916,0.605059,-0.486195,4.756059,0.512431,-0.620282,4.594877,0.811302,-0.506356,4.721626,0.675387,-0.222608,4.782458,0.190833,-0.430179,4.656273,0.478725,0.242779,4.515904,0.076223,0.137376,4.432372
2675,0.378554,-0.538206,4.745357,0.389309,-0.778062,4.555093,0.412270,-1.151641,4.413394,0.962649,-1.059419,4.820374,0.827986,-0.648336,4.791800,0.594693,-0.461130,4.767633,0.491638,-0.646199,4.615373,0.807351,-0.532148,4.739097,0.670621,-0.284564,4.815702,0.115131,-0.514498,4.737528,0.521585,0.256645,4.487107,0.049528,0.108657,4.455673
2676,0.405410,-0.481347,4.720828,0.394522,-0.798615,4.563505,0.404311,-1.182468,4.415246,0.974382,-1.063719,4.823044,0.877743,-0.625686,4.783404,0.620123,-0.464227,4.758176,0.515599,-0.675619,4.626902,0.819314,-0.556233,4.754020,0.676949,-0.178436,4.764863,0.170802,-0.427431,4.726679,0.535267,0.342391,4.423679,0.050849,0.150595,4.422109
2677,0.443985,-0.474587,4.721463,0.392097,-0.814661,4.562262,0.402483,-1.224112,4.399578,0.968983,-1.119289,4.832358,0.843021,-0.654949,4.784119,0.630359,-0.446547,4.752152,0.528158,-0.694058,4.619436,0.825264,-0.583312,4.757017,0.653666,-0.153032,4.767396,0.167586,-0.391908,4.617941,0.560009,0.380299,4.393089,0.066462,0.180912,4.387521
2678,0.433570,-0.474449,4.719923,0.377075,-0.817890,4.571315,0.398760,-1.230614,4.397722,0.969168,-1.127986,4.834398,0.873042,-0.622170,4.767895,0.623280,-0.446239,4.754004,0.516558,-0.715589,4.625031,0.836232,-0.585936,4.763051,0.646169,-0.174907,4.779482,0.157498,-0.427243,4.647127,0.563718,0.332805,4.425575,0.056305,0.169847,4.400387
2679,0.390414,-0.446464,4.732277,0.357848,-0.820065,4.574376,0.384667,-1.236172,4.390995,0.974298,-1.122455,4.818052,0.860029,-0.651071,4.765939,0.599402,-0.455814,4.740758,0.496201,-0.711100,4.630471,0.823900,-0.589700,4.768698,0.667262,-0.114190,4.743079,0.135585,-0.427138,4.679231,0.493604,0.352767,4.417549,0.050173,0.176525,4.396015
2680,0.408481,-0.463486,4.725812,0.361763,-0.852176,4.545728,0.389555,-1.271271,4.386125,0.966882,-1.130832,4.798989,0.847701,-0.681638,4.776803,0.613940,-0.452568,4.730059,0.481786,-0.738967,4.631916,0.812765,-0.608466,4.765734,0.640195,-0.117012,4.747997,0.099120,-0.428810,4.664166,0.502761,0.405304,4.337928,0.060040,0.191821,4.380877
2681,0.381363,-0.465888,4.723024,0.364080,-0.875278,4.540289,0.392346,-1.293904,4.379759,0.972110,-1.148200,4.797280,0.884764,-0.668714,4.769279,0.619904,-0.461803,4.735403,0.492270,-0.756680,4.644897,0.810403,-0.625903,4.773588,0.631974,-0.088274,4.735643,0.154551,-0.421851,4.669812,0.460695,0.388074,4.360277,0.059071,0.171802,4.400408
2682,0.428526,-0.487831,4.728439,0.383034,-0.895921,4.563119,0.430987,-1.358037,4.378656,1.024049,-1.198788,4.780064,0.924912,-0.670221,4.768796,0.623440,-0.447129,4.752982,0.549316,-0.745807,4.627736,0.872666,-0.631955,4.762755,0.632439,-0.129327,4.754040,0.146916,-0.397330,4.637394,0.498446,0.421784,4.322611,0.055903,0.186118,4.385469
2683,0.453347,-0.484613,4.725230,0.394165,-0.893191,4.551249,0.413041,-1.341392,4.372771,1.006711,-1.218034,4.788465,0.908504,-0.717792,4.780285,0.628124,-0.460470,4.747418,0.533014,-0.754473,4.642854,0.852285,-0.663680,4.780847,0.667134,-0.148056,4.749771,0.159056,-0.407281,4.617785,0.513574,0.399598,4.355959,0.048991,0.194224,4.376618
2684,0.457048,-0.487817,4.704959,0.395404,-0.893296,4.547462,0.422494,-1.344572,4.361355,1.023654,-1.201826,4.779398,0.924292,-0.700657,4.771507,0.632386,-0.440601,4.740706,0.546568,-0.758835,4.621982,0.871338,-0.648771,4.753552,0.626584,-0.160361,4.757157,0.157828,-0.416926,4.668817,0.486726,0.398688,4.341586,0.045148,0.194555,4.376781
2685,0.468822,-0.468753,4.708919,0.406344,-0.880424,4.545815,0.432778,-1.371484,4.367886,1.041550,-1.202617,4.770612,0.948512,-0.667105,4.766952,0.628641,-0.439731,4.748891,0.542798,-0.818543,4.644058,0.876795,-0.708767,4.777074,0.678011,-0.179662,4.777451,0.143413,-0.460453,4.725252,0.530857,0.408312,4.352002,0.048686,0.199994,4.378080
2686,0.474303,-0.503683,4.702022,0.435088,-0.888861,4.539024,0.466421,-1.382513,4.368854,1.060887,-1.222189,4.766576,0.923054,-0.693475,4.756946,0.634927,-0.447927,4.754536,0.578536,-0.796114,4.603547,0.908287,-0.700779,4.730966,0.752311,-0.145012,4.712274,0.164235,-0.411528,4.663364,0.618168,0.440650,4.339196,0.071227,0.206172,4.377235
2687,0.501298,-0.553180,4.721800,0.479219,-0.913503,4.519532,0.513786,-1.375504,4.379516,1.061875,-1.248570,4.768447,0.927536,-0.708277,4.753161,0.657781,-0.497873,4.754418,0.583458,-0.736780,4.581255,0.874295,-0.607585,4.688913,0.677677,-0.256304,4.793290,0.210277,-0.466692,4.709325,0.576762,0.318790,4.457661,0.117159,0.151196,4.438104
2688,0.486193,-0.544231,4.726106,0.478944,-0.879901,4.531714,0.520365,-1.311396,4.390124,1.056877,-1.210472,4.757164,0.929605,-0.701087,4.742476,0.646229,-0.491174,4.755298,0.547103,-0.716394,4.569358,0.837693,-0.572954,4.669964,0.596889,-0.316146,4.839154,0.248388,-0.446329,4.780089,0.552256,0.158565,4.547885,0.152559,0.088073,4.535133
2689,0.502306,-0.519464,4.702392,0.480089,-0.888683,4.512332,0.519879,-1.316905,4.374436,1.071727,-1.178876,4.719677,0.929377,-0.702656,4.735277,0.633473,-0.482267,4.757149,0.522666,-0.697935,4.530677,0.788969,-0.549006,4.644900,0.569045,-0.250850,4.790473,0.296934,-0.456491,4.670245,0.492264,0.136410,4.543530,0.203925,0.034846,4.527730
2690,0.487987,-0.527938,4.698672,0.463648,-0.909597,4.513199,0.525227,-1.303642,4.366371,1.007762,-1.116327,4.723445,0.905121,-0.725592,4.744039,0.616286,-0.483968,4.764360,0.418721,-0.665965,4.520697,0.697151,-0.523119,4.646744,0.590947,-0.319239,4.809462,0.263955,-0.368338,4.630562,0.442781,0.074293,4.613096,0.143666,0.039892,4.477538
2691,0.479887,-0.563058,4.737089,0.470023,-0.934651,4.514698,0.572789,-1.245692,4.364544,0.916641,-0.959982,4.729136,0.893979,-0.690280,4.731448,0.682124,-0.528223,4.764267,0.351550,-0.601656,4.499690,0.601645,-0.451039,4.634563,0.645987,-0.310157,4.822571,0.217322,-0.427337,4.679530,0.414212,0.019640,4.667681,0.109849,-0.011994,4.496945
2692,0.482691,-0.551360,4.722484,0.469068,-0.940702,4.509081,0.583970,-1.256821,4.367766,0.961127,-0.947403,4.724149,0.900552,-0.681383,4.735781,0.664233,-0.481918,4.750817,0.378295,-0.531506,4.479152,0.623590,-0.357977,4.606794,0.678454,-0.286494,4.777678,0.173876,-0.406655,4.653143,0.433261,0.043283,4.651468,0.028689,0.040000,4.453600
2693,0.482362,-0.552942,4.725060,0.454275,-0.941408,4.494576,0.562545,-1.370973,4.366477,1.113178,-1.138057,4.712572,0.955507,-0.701991,4.737061,0.619959,-0.486181,4.767171,0.372887,-0.576705,4.474261,0.687277,-0.344155,4.597884,0.620550,-0.181546,4.755239,0.139885,-0.381676,4.649927,0.471384,0.347296,4.397579,-0.005780,0.089497,4.420848
2694,0.492290,-0.540042,4.704889,0.469541,-0.932013,4.494332,0.549377,-1.370798,4.354046,1.102438,-1.196416,4.703274,0.966942,-0.741339,4.734832,0.662010,-0.482483,4.759134,0.397463,-0.647116,4.530487,0.724952,-0.455069,4.647623,0.670129,-0.155045,4.749652,0.157834,-0.410804,4.684043,0.520698,0.461453,4.257063,0.000810,0.122364,4.415316
2695,0.480564,-0.566126,4.698925,0.477857,-0.946978,4.486777,0.555055,-1.362124,4.318095,1.102010,-1.202888,4.699575,0.970208,-0.709929,4.727083,0.688745,-0.476422,4.763317,0.458101,-0.679737,4.543715,0.773743,-0.523035,4.671199,0.615277,-0.225238,4.789492,0.159286,-0.387726,4.644120,0.514706,0.388879,4.333725,0.046845,0.150554,4.375188
2696,0.491816,-0.578403,4.697022,0.447302,-0.954009,4.473603,0.548911,-1.364215,4.330135,1.106119,-1.212595,4.705022,0.993053,-0.733568,4.724837,0.706638,-0.466113,4.747162,0.490246,-0.714587,4.549854,0.806999,-0.565274,4.682906,0.643972,-0.266159,4.804014,0.168089,-0.445765,4.683698,0.437305,0.287851,4.453619,0.038136,0.142556,4.388138
2697,0.480448,-0.546385,4.702003,0.448097,-0.938726,4.481397,0.545809,-1.369066,4.331388,1.113594,-1.213213,4.703132,1.003947,-0.722601,4.723903,0.715064,-0.474448,4.754326,0.489088,-0.733120,4.571788,0.816368,-0.588952,4.698020,0.657142,-0.263117,4.806304,0.170953,-0.435285,4.695433,0.519319,0.288982,4.450344,0.041117,0.154485,4.387182
2698,0.480459,-0.612219,4.714647,0.465820,-0.969013,4.501509,0.571211,-1.375646,4.347425,1.120916,-1.213759,4.697876,0.992679,-0.744390,4.742114,0.701302,-0.486695,4.755670,0.534612,-0.726568,4.571440,0.842605,-0.608503,4.694574,0.661189,-0.208347,4.762988,0.152039,-0.402147,4.666044,0.531787,0.387313,4.360674,0.053310,0.172985,4.368329
2699,0.498487,-0.593222,4.700912,0.477526,-0.954652,4.480026,0.568352,-1.395883,4.339958,1.126306,-1.205391,4.688229,0.995365,-0.703477,4.725012,0.683253,-0.502010,4.764645,0.547405,-0.740581,4.561404,0.853475,-0.585553,4.672457,0.672021,-0.220530,4.743612,0.167807,-0.433144,4.677007,0.542385,0.332689,4.416296,0.067088,0.136581,4.426198
2700,0.488835,-0.593542,4.708889,0.469844,-0.987444,4.492728,0.577027,-1.386673,4.337016,1.101057,-1.248960,4.698197,0.974956,-0.755761,4.741896,0.682755,-0.505896,4.760170,0.548827,-0.738462,4.549937,0.826685,-0.595282,4.670679,0.534734,-0.336056,4.822115,0.192003,-0.453212,4.689400,0.483610,0.185851,4.532838,0.133394,0.091801,4.491369
2701,0.481966,-0.605322,4.709490,0.457513,-1.000534,4.491909,0.578333,-1.379020,4.336084,1.104747,-1.237334,4.699777,0.984186,-0.746925,4.729343,0.674320,-0.515799,4.769092,0.532920,-0.717798,4.543710,0.808624,-0.577636,4.674111,0.549884,-0.298254,4.846318,0.186568,-0.447548,4.676614,0.494915,0.229157,4.505520,0.133008,0.107978,4.428830
2702,0.479999,-0.579216,4.702336,0.459258,-0.986926,4.488197,0.572465,-1.374469,4.347826,1.107430,-1.213522,4.697729,0.975789,-0.733962,4.727365,0.687674,-0.506786,4.761268,0.517753,-0.686021,4.546031,0.805203,-0.546515,4.667353,0.603725,-0.287544,4.833656,0.183131,-0.461186,4.674308,0.540952,0.261250,4.480103,0.071182,0.114394,4.417410
2703,0.475775,-0.586789,4.710266,0.454372,-0.974072,4.481422,0.575222,-1.374348,4.346585,1.109679,-1.191070,4.701668,0.969027,-0.726859,4.735839,0.678795,-0.495659,4.753734,0.487962,-0.668622,4.538641,0.782647,-0.522765,4.665486,0.669116,-0.276048,4.810216,0.186373,-0.430790,4.672464,0.537099,0.279888,4.444347,0.065242,0.139414,4.395372
2704,0.470570,-0.607768,4.711899,0.461000,-0.971364,4.481119,0.571641,-1.367868,4.333929,1.117617,-1.163029,4.689214,0.972687,-0.695907,4.733261,0.687686,-0.470575,4.758850,0.460138,-0.670293,4.536699,0.772363,-0.511250,4.657556,0.603641,-0.213927,4.784635,0.150916,-0.405513,4.664608,0.469571,0.292968,4.433898,0.040707,0.136194,4.399516
2705,0.478635,-0.590779,4.699254,0.460461,-0.966818,4.475022,0.564016,-1.366709,4.330238,1.117825,-1.182459,4.688346,0.989660,-0.726006,4.731226,0.700915,-0.473522,4.755352,0.468581,-0.687536,4.547392,0.787999,-0.538580,4.666214,0.610773,-0.227232,4.799903,0.156843,-0.455588,4.689853,0.473267,0.313660,4.410131,0.039535,0.131766,4.407927
2706,0.490368,-0.595533,4.710891,0.459361,-0.966292,4.488137,0.572082,-1.361935,4.347043,1.120963,-1.162478,4.691897,0.986380,-0.703973,4.726408,0.704539,-0.484838,4.760633,0.476926,-0.699314,4.550128,0.790496,-0.541994,4.666610,0.618784,-0.239283,4.813343,0.175278,-0.435571,4.686503,0.515459,0.339711,4.387205,0.052188,0.155068,4.391233
2707,0.502360,-0.571010,4.701673,0.459552,-0.959939,4.477325,0.575077,-1.355122,4.346192,1.133704,-1.185095,4.697268,1.003101,-0.709101,4.712672,0.712919,-0.464439,4.748385,0.500655,-0.711367,4.550400,0.816667,-0.555448,4.673647,0.649602,-0.230893,4.798999,0.172221,-0.456292,4.695711,0.497601,0.337017,4.402199,0.054683,0.137479,4.409932
2708,0.504210,-0.572684,4.707131,0.467280,-0.951212,4.481542,0.582507,-1.372093,4.351782,1.125862,-1.200431,4.705352,1.002395,-0.716181,4.725183,0.710367,-0.479161,4.744976,0.526833,-0.734537,4.558396,0.827913,-0.592819,4.685766,0.643630,-0.280579,4.806122,0.179745,-0.462021,4.712495,0.503679,0.310401,4.427300,0.060339,0.148697,4.412251
2709,0.501259,-0.552900,4.695560,0.473754,-0.936277,4.476231,0.581009,-1.382875,4.364982,1.133874,-1.176587,4.701367,1.010067,-0.702353,4.719065,0.709987,-0.475513,4.744370,0.514205,-0.726070,4.554986,0.820985,-0.578236,4.674971,0.639346,-0.210440,4.782017,0.165184,-0.405012,4.684146,0.497531,0.321576,4.424922,0.065936,0.155591,4.390065
2710,0.504014,-0.567665,4.702474,0.476325,-0.942745,4.484373,0.576541,-1.373994,4.361597,1.135600,-1.195324,4.700980,0.994671,-0.708753,4.728309,0.700285,-0.475464,4.751545,0.525716,-0.727834,4.554388,0.825831,-0.567893,4.672804,0.628241,-0.218678,4.783995,0.180165,-0.417508,4.697677,0.514744,0.301962,4.443674,0.055381,0.143256,4.410418
2711,0.506481,-0.574548,4.696712,0.479439,-0.946905,4.492849,0.573801,-1.372573,4.372831,1.140588,-1.185254,4.708081,0.999185,-0.702529,4.720317,0.701310,-0.481785,4.749654,0.525349,-0.729136,4.558373,0.834963,-0.561772,4.671006,0.654411,-0.178462,4.754488,0.168877,-0.403927,4.661953,0.563796,0.347777,4.407270,0.064882,0.142981,4.387240
2712,0.504601,-0.586627,4.699657,0.474963,-0.951806,4.489158,0.573197,-1.370836,4.375315,1.133394,-1.191207,4.711247,0.992280,-0.706979,4.723039,0.697670,-0.479897,4.743104,0.528528,-0.722247,4.556281,0.831765,-0.566127,4.670770,0.622014,-0.188134,4.773755,0.179586,-0.393188,4.663397,0.554600,0.331488,4.425764,0.049140,0.152362,4.386626
2713,0.506558,-0.545080,4.699389,0.469562,-0.909730,4.493090,0.555120,-1.348320,4.370241,1.105196,-1.187138,4.714128,0.973725,-0.675651,4.726165,0.685343,-0.479332,4.745297,0.498379,-0.697401,4.551606,0.801695,-0.542259,4.672629,0.622075,-0.194647,4.764644,0.175711,-0.389476,4.631629,0.522373,0.315072,4.407240,0.056698,0.140041,4.349256
2714,0.506110,-0.536920,4.695979,0.472450,-0.896284,4.491303,0.549419,-1.345119,4.378445,1.102449,-1.189566,4.722363,0.970102,-0.680734,4.729575,0.690411,-0.477569,4.743782,0.511115,-0.679316,4.560135,0.811775,-0.519282,4.675157,0.625967,-0.220898,4.774565,0.178713,-0.385773,4.675403,0.518598,0.326821,4.417363,0.058125,0.142905,4.366399
2715,0.491881,-0.534596,4.694408,0.455356,-0.903295,4.497651,0.537170,-1.354107,4.374410,1.099482,-1.206700,4.728494,0.970754,-0.671803,4.719346,0.686991,-0.466880,4.734633,0.520516,-0.688527,4.559715,0.830898,-0.537460,4.673395,0.605909,-0.210556,4.761977,0.192051,-0.393480,4.649080,0.483294,0.304129,4.433324,0.032598,0.143366,4.379714
2716,0.487086,-0.551070,4.703250,0.445653,-0.906510,4.501984,0.530547,-1.349415,4.380299,1.090103,-1.197050,4.742189,0.966070,-0.670250,4.730975,0.678455,-0.475134,4.743526,0.523064,-0.689125,4.575158,0.827250,-0.534770,4.690255,0.611855,-0.206881,4.767714,0.179654,-0.390036,4.629957,0.482096,0.297352,4.442868,0.046654,0.146498,4.380527
2717,0.486826,-0.549067,4.696169,0.449550,-0.904798,4.491663,0.528727,-1.337690,4.374945,1.090485,-1.190683,4.736227,0.973787,-0.651147,4.732542,0.665978,-0.472037,4.741183,0.527792,-0.711022,4.581313,0.837575,-0.541993,4.691242,0.599777,-0.226285,4.783924,0.183655,-0.429165,4.659243,0.488117,0.312556,4.432003,0.050422,0.133731,4.416184
2718,0.478271,-0.556545,4.696141,0.439684,-0.908254,4.495220,0.513094,-1.341291,4.382573,1.087181,-1.148767,4.734737,0.943231,-0.650848,4.740254,0.675215,-0.477309,4.741818,0.515068,-0.692189,4.586843,0.821131,-0.529348,4.695721,0.616575,-0.225596,4.779527,0.184021,-0.406043,4.642552,0.543813,0.321437,4.426950,0.062301,0.141820,4.407670
2719,0.470449,-0.557121,4.692818,0.433065,-0.913583,4.497495,0.503525,-1.346879,4.382085,1.059035,-1.200900,4.754522,0.965997,-0.664409,4.743708,0.673669,-0.471455,4.743221,0.510139,-0.698416,4.587045,0.820673,-0.551225,4.704513,0.617100,-0.257483,4.806627,0.170620,-0.407202,4.636524,0.542754,0.319336,4.425005,0.067865,0.156926,4.400222
2720,0.486567,-0.537213,4.684297,0.431154,-0.904819,4.487706,0.507459,-1.328577,4.379000,1.056252,-1.194999,4.751668,0.956390,-0.656301,4.741228,0.658794,-0.479308,4.750234,0.522572,-0.685238,4.582922,0.809819,-0.540146,4.701133,0.606046,-0.217831,4.783826,0.159978,-0.393803,4.621287,0.505675,0.307289,4.441781,0.069058,0.156076,4.405364
2721,0.477044,-0.540751,4.687721,0.441902,-0.893745,4.480507,0.513309,-1.326836,4.379692,1.058540,-1.186937,4.755656,0.935641,-0.659849,4.739975,0.661036,-0.476841,4.749771,0.516741,-0.672100,4.583131,0.804427,-0.535284,4.701711,0.626212,-0.260010,4.791042,0.161567,-0.408753,4.622177,0.535896,0.293061,4.449638,0.091563,0.144365,4.411981
2722,0.485208,-0.534223,4.695921,0.437513,-0.895045,4.484896,0.514348,-1.327910,4.380888,1.060996,-1.173544,4.755137,0.937682,-0.655430,4.729525,0.658230,-0.474806,4.744152,0.501585,-0.657960,4.568006,0.794292,-0.520513,4.691813,0.624453,-0.234597,4.791071,0.149883,-0.382316,4.620645,0.546897,0.293420,4.452908,0.077467,0.140565,4.398715
2723,0.485630,-0.531150,4.690922,0.441525,-0.894814,4.483715,0.509136,-1.314631,4.388972,1.068667,-1.153071,4.750090,0.949274,-0.659873,4.739529,0.666168,-0.464685,4.743569,0.499477,-0.642850,4.578488,0.794569,-0.500083,4.689925,0.595380,-0.258546,4.805587,0.162264,-0.413769,4.642360,0.532385,0.300065,4.444402,0.061494,0.129560,4.388163
2724,0.487319,-0.550730,4.704475,0.440466,-0.913428,4.490939,0.509320,-1.339925,4.378764,1.077636,-1.173173,4.748968,0.959251,-0.668613,4.738540,0.669834,-0.459916,4.736870,0.505459,-0.651294,4.577343,0.805275,-0.505816,4.689603,0.577208,-0.209890,4.785597,0.136132,-0.385995,4.650520,0.495580,0.314357,4.432094,0.036669,0.135197,4.374071
2725,0.487791,-0.544880,4.690699,0.439454,-0.915921,4.479880,0.520309,-1.349884,4.379922,1.084432,-1.195685,4.752385,0.962898,-0.657005,4.733551,0.665060,-0.462744,4.744174,0.511133,-0.690341,4.564562,0.820615,-0.545296,4.691369,0.651871,-0.210017,4.770147,0.160555,-0.396583,4.639401,0.548225,0.330603,4.411516,0.044106,0.134077,4.373909
2726,0.485441,-0.539226,4.694788,0.444652,-0.895517,4.481557,0.522020,-1.334477,4.379885,1.091131,-1.178823,4.746322,0.972959,-0.667700,4.731905,0.679379,-0.463545,4.732096,0.515143,-0.682965,4.564346,0.820593,-0.538720,4.688487,0.623267,-0.210272,4.774261,0.175809,-0.385859,4.640473,0.519928,0.322339,4.424678,0.037710,0.163951,4.351463
2727,0.498358,-0.551816,4.697534,0.467627,-0.926248,4.486829,0.547076,-1.353112,4.371728,1.095169,-1.204955,4.732873,0.961983,-0.694147,4.729853,0.686551,-0.476997,4.738182,0.508134,-0.697683,4.561233,0.811738,-0.560532,4.680742,0.617310,-0.245320,4.795248,0.181900,-0.412373,4.683395,0.531794,0.316001,4.430520,0.058884,0.156430,4.378059
2728,0.502956,-0.548220,4.698359,0.476464,-0.908648,4.477774,0.544392,-1.341349,4.370105,1.103151,-1.183068,4.734532,0.980558,-0.713694,4.738948,0.701225,-0.479043,4.741938,0.513863,-0.691935,4.563396,0.822103,-0.560585,4.689405,0.636045,-0.239725,4.795359,0.203372,-0.399076,4.656091,0.542573,0.337085,4.411503,0.065663,0.151014,4.359634
2729,0.500192,-0.541436,4.690361,0.477280,-0.916157,4.481017,0.553012,-1.348502,4.359231,1.110506,-1.156194,4.719301,0.978072,-0.676389,4.725152,0.698689,-0.474480,4.734429,0.510169,-0.691244,4.551799,0.819677,-0.537569,4.677298,0.635778,-0.194010,4.766763,0.196360,-0.424293,4.668177,0.542282,0.360196,4.388328,0.057292,0.149211,4.359709
2730,0.498715,-0.541670,4.693222,0.471897,-0.920951,4.476624,0.555576,-1.349844,4.359967,1.126982,-1.134740,4.714213,0.992587,-0.659897,4.725659,0.710601,-0.460661,4.741471,0.511167,-0.719742,4.551755,0.817316,-0.556537,4.678165,0.642786,-0.191738,4.763723,0.171074,-0.415652,4.671521,0.557691,0.348944,4.391475,0.052893,0.139231,4.382855
2731,0.496593,-0.547039,4.687449,0.479595,-0.931868,4.482508,0.562518,-1.346113,4.364148,1.135975,-1.134511,4.710282,0.991735,-0.688031,4.728703,0.700469,-0.487115,4.747573,0.524034,-0.724941,4.549758,0.831306,-0.555742,4.671207,0.666470,-0.195225,4.764050,0.166762,-0.397523,4.659228,0.541374,0.328798,4.425261,0.051893,0.149172,4.370254
2732,0.502318,-0.548217,4.688219,0.476275,-0.942029,4.475608,0.574272,-1.354137,4.366299,1.143090,-1.120703,4.697753,0.984788,-0.676244,4.728415,0.696758,-0.468466,4.740568,0.527541,-0.734738,4.551569,0.829399,-0.548391,4.668354,0.638000,-0.188356,4.766510,0.177841,-0.425400,4.665594,0.559833,0.360544,4.398756,0.056929,0.141027,4.375891
2733,0.500799,-0.545718,4.679242,0.482641,-0.948198,4.471841,0.586357,-1.355709,4.369242,1.141889,-1.136911,4.700280,0.988498,-0.698302,4.725001,0.692394,-0.486846,4.751518,0.537138,-0.736958,4.555931,0.838071,-0.555713,4.671206,0.629913,-0.163787,4.751926,0.163216,-0.404216,4.650711,0.548524,0.319553,4.433049,0.046166,0.142068,4.364168
2734,0.503106,-0.542619,4.679763,0.489074,-0.943532,4.473057,0.586688,-1.363309,4.368001,1.140501,-1.147241,4.705851,0.994695,-0.688264,4.725921,0.694467,-0.480592,4.752860,0.535454,-0.728665,4.555011,0.838199,-0.558737,4.674487,0.634136,-0.207371,4.776120,0.177292,-0.422232,4.664838,0.545762,0.311544,4.442115,0.048678,0.135407,4.382331
2735,0.514807,-0.555384,4.683736,0.495792,-0.957501,4.489929,0.592044,-1.360988,4.356231,1.147457,-1.135819,4.702514,0.999438,-0.691700,4.725574,0.705586,-0.483674,4.754359,0.544763,-0.719411,4.539933,0.853923,-0.541614,4.659652,0.653781,-0.236561,4.788941,0.226785,-0.437367,4.648775,0.561156,0.354170,4.408472,0.079612,0.145967,4.380612
2736,0.505470,-0.580879,4.698426,0.486676,-0.966133,4.488622,0.593776,-1.368491,4.351949,1.139719,-1.169688,4.697417,0.988219,-0.720414,4.732145,0.701408,-0.509837,4.748036,0.541176,-0.695607,4.535109,0.840443,-0.548957,4.658516,0.648362,-0.235665,4.803069,0.182118,-0.430286,4.654536,0.554637,0.269616,4.487391,0.085065,0.105764,4.416994
2737,0.507274,-0.570793,4.705594,0.488340,-0.952474,4.488002,0.583874,-1.364743,4.366596,1.135514,-1.162638,4.695985,0.975385,-0.705779,4.729124,0.692355,-0.494560,4.751013,0.533364,-0.690385,4.534567,0.828220,-0.538476,4.655348,0.634176,-0.277406,4.822635,0.211545,-0.449003,4.666940,0.544721,0.245553,4.506292,0.084052,0.084146,4.421199
2738,0.502077,-0.555552,4.691499,0.469863,-0.930806,4.471291,0.577103,-1.351919,4.372432,1.123784,-1.169050,4.705792,0.964571,-0.717770,4.731752,0.674561,-0.485484,4.744188,0.510488,-0.686684,4.539262,0.804372,-0.532289,4.658985,0.626976,-0.256508,4.796031,0.180664,-0.432123,4.655970,0.544968,0.289626,4.457479,0.063301,0.126582,4.396729
2739,0.495587,-0.551355,4.695318,0.461456,-0.925888,4.475867,0.571054,-1.348641,4.373825,1.122907,-1.150620,4.707227,0.973565,-0.714085,4.727552,0.683198,-0.493871,4.744242,0.502238,-0.673445,4.535930,0.812445,-0.518817,4.652904,0.636727,-0.224100,4.781359,0.186198,-0.411638,4.640736,0.531796,0.310139,4.436936,0.068867,0.112830,4.391678
2740,0.491292,-0.539218,4.699793,0.460737,-0.930297,4.479417,0.579645,-1.344514,4.365255,1.126188,-1.151754,4.710119,0.975135,-0.705504,4.730448,0.682572,-0.488898,4.746893,0.512521,-0.665568,4.529200,0.816323,-0.514165,4.653609,0.645907,-0.241854,4.792634,0.188275,-0.426563,4.652443,0.520246,0.306940,4.446148,0.061799,0.131457,4.372210
2741,0.503961,-0.547442,4.704379,0.463811,-0.928697,4.485380,0.568280,-1.357422,4.362384,1.115015,-1.173297,4.712331,0.978258,-0.723459,4.736056,0.693218,-0.481337,4.744275,0.503556,-0.673690,4.529706,0.802392,-0.524517,4.661878,0.641046,-0.196772,4.767419,0.161147,-0.385296,4.614162,0.527513,0.343714,4.406826,0.053490,0.135256,4.370928
2742,0.501088,-0.552598,4.706317,0.465211,-0.930139,4.480937,0.567748,-1.352062,4.360470,1.123450,-1.142223,4.704565,0.976093,-0.702002,4.732857,0.703247,-0.482581,4.743963,0.507911,-0.678095,4.538193,0.804325,-0.523783,4.664333,0.627960,-0.187636,4.762959,0.159113,-0.391638,4.626581,0.530267,0.363861,4.388863,0.064621,0.132105,4.375019
2743,0.500641,-0.562307,4.695255,0.481867,-0.914923,4.481069,0.559306,-1.336526,4.363181,1.124863,-1.134617,4.697014,0.989007,-0.688653,4.730548,0.710352,-0.481041,4.743013,0.522641,-0.708525,4.544145,0.834036,-0.550107,4.673874,0.636541,-0.203693,4.778698,0.177894,-0.412620,4.640464,0.553670,0.353944,4.390738,0.064686,0.120457,4.380412
2744,0.490518,-0.554003,4.698086,0.470491,-0.924792,4.489382,0.560102,-1.343453,4.358562,1.125556,-1.124689,4.696750,0.978249,-0.688886,4.728511,0.712496,-0.481608,4.745839,0.530851,-0.703066,4.547665,0.830269,-0.537520,4.673619,0.640154,-0.210206,4.774713,0.167887,-0.408142,4.655271,0.520449,0.321821,4.423971,0.051648,0.139342,4.371258
2745,0.496712,-0.559947,4.689778,0.471524,-0.924676,4.486890,0.558168,-1.337937,4.359879,1.127733,-1.133026,4.691260,0.994576,-0.685711,4.728367,0.720452,-0.484319,4.736998,0.538903,-0.714752,4.551035,0.844558,-0.544598,4.673650,0.623622,-0.224772,4.780201,0.177989,-0.432384,4.659104,0.547225,0.356275,4.388045,0.049110,0.142499,4.364351
2746,0.482606,-0.545584,4.689170,0.481359,-0.909538,4.488057,0.549884,-1.342219,4.361351,1.123940,-1.135116,4.694453,0.973481,-0.680718,4.726111,0.703532,-0.482300,4.742328,0.536571,-0.708069,4.550900,0.837694,-0.550146,4.677459,0.629666,-0.243504,4.789377,0.191799,-0.422836,4.655715,0.531629,0.335887,4.408207,0.035091,0.149299,4.358549
2747,0.503334,-0.553063,4.694708,0.480587,-0.916225,4.491543,0.558372,-1.343193,4.368652,1.129232,-1.137432,4.704213,0.987374,-0.682596,4.729999,0.706538,-0.474228,4.741793,0.543445,-0.701701,4.557266,0.842128,-0.550172,4.682181,0.625811,-0.249826,4.792540,0.184054,-0.428006,4.645178,0.552159,0.333600,4.399637,0.041016,0.130760,4.363092
2748,0.493120,-0.554278,4.693316,0.480641,-0.922304,4.491650,0.567587,-1.346859,4.373687,1.134137,-1.142873,4.703012,0.981423,-0.683935,4.725626,0.712640,-0.483434,4.744031,0.536406,-0.689382,4.551262,0.840639,-0.527505,4.673840,0.614194,-0.244135,4.786017,0.196441,-0.445400,4.655655,0.496133,0.324325,4.413915,0.030918,0.134038,4.370192
2749,0.501549,-0.552318,4.693989,0.461959,-0.924998,4.470862,0.562868,-1.348886,4.374300,1.116217,-1.138832,4.706037,0.978628,-0.687309,4.739600,0.703070,-0.480569,4.743165,0.517534,-0.680194,4.548742,0.811017,-0.529825,4.676212,0.662665,-0.178505,4.770899,0.146479,-0.370271,4.639804,0.549410,0.350403,4.411577,0.041400,0.170091,4.348370
2750,0.499823,-0.580481,4.692269,0.464411,-0.944962,4.486525,0.561244,-1.351413,4.367250,1.115904,-1.180109,4.705726,0.979424,-0.718107,4.726611,0.718159,-0.486019,4.740990,0.529950,-0.697696,4.538195,0.838610,-0.561113,4.658681,0.658748,-0.256250,4.794967,0.239963,-0.452390,4.674131,0.549814,0.319933,4.436870,0.063338,0.127564,4.390154
2751,0.496110,-0.559034,4.694621,0.470249,-0.939511,4.481390,0.559831,-1.357196,4.371177,1.128914,-1.149338,4.710442,0.979878,-0.691863,4.727533,0.697380,-0.479140,4.742996,0.521983,-0.698534,4.546298,0.824060,-0.530220,4.668788,0.645676,-0.226826,4.785958,0.205112,-0.434794,4.656153,0.575254,0.321920,4.428000,0.053147,0.117287,4.397552
2752,0.506230,-0.548867,4.694493,0.478577,-0.916659,4.476220,0.570765,-1.349840,4.377759,1.125640,-1.161236,4.710509,0.977399,-0.699242,4.735729,0.695121,-0.477812,4.745956,0.527180,-0.683313,4.543564,0.821747,-0.529047,4.661169,0.645610,-0.210627,4.775820,0.200947,-0.402817,4.653088,0.556063,0.334585,4.416829,0.065259,0.141593,4.381392
2753,0.514089,-0.549665,4.689307,0.473294,-0.926555,4.471785,0.569975,-1.362145,4.368451,1.125921,-1.161913,4.711968,0.976649,-0.692302,4.732372,0.690514,-0.484062,4.744177,0.521975,-0.682942,4.526867,0.817836,-0.529375,4.659835,0.647074,-0.213153,4.769765,0.180876,-0.410070,4.626656,0.556845,0.345692,4.413757,0.067897,0.138940,4.359343
2754,0.506640,-0.552577,4.692282,0.470125,-0.927448,4.474729,0.572230,-1.354888,4.364789,1.128829,-1.144834,4.709551,0.967178,-0.682720,4.732722,0.681737,-0.479574,4.737544,0.518611,-0.709688,4.536281,0.808421,-0.538579,4.665587,0.620006,-0.174602,4.758513,0.170303,-0.406120,4.635400,0.552454,0.345422,4.410666,0.056780,0.128333,4.381688
2755,0.499487,-0.554503,4.698141,0.469659,-0.925589,4.479392,0.567356,-1.353333,4.362192,1.119010,-1.113118,4.705252,0.972847,-0.673642,4.726367,0.696938,-0.472952,4.741417,0.522888,-0.683135,4.533810,0.825701,-0.516193,4.655349,0.619837,-0.209742,4.783363,0.170124,-0.404617,4.642699,0.559611,0.361326,4.397307,0.061841,0.150913,4.369007
2756,0.514382,-0.561481,4.703660,0.479994,-0.935357,4.493286,0.574873,-1.359035,4.372455,1.138034,-1.130632,4.701805,0.995278,-0.699720,4.731043,0.703271,-0.500961,4.739675,0.526092,-0.690461,4.537124,0.828662,-0.510711,4.648294,0.650158,-0.180180,4.779696,0.181171,-0.410587,4.664420,0.564880,0.334545,4.434318,0.071845,0.144351,4.381088
2757,0.513674,-0.558068,4.689150,0.477119,-0.943928,4.485469,0.576124,-1.370121,4.378770,1.135577,-1.167331,4.708436,0.983479,-0.704995,4.730816,0.695611,-0.494538,4.744690,0.540626,-0.711631,4.549263,0.838711,-0.551304,4.671685,0.662276,-0.272313,4.814264,0.206548,-0.442410,4.656016,0.563456,0.264294,4.493904,0.067588,0.092894,4.416964
2758,0.507617,-0.568859,4.694941,0.478236,-0.949582,4.494001,0.577744,-1.359641,4.374339,1.130088,-1.184060,4.708221,0.987362,-0.712160,4.731550,0.704500,-0.502666,4.752039,0.535149,-0.704732,4.548273,0.841420,-0.559218,4.666637,0.659530,-0.211472,4.786530,0.197332,-0.437621,4.659628,0.568601,0.289865,4.477300,0.062654,0.119294,4.393288
2759,0.503540,-0.554988,4.688828,0.474463,-0.938641,4.478739,0.573657,-1.366577,4.378113,1.130377,-1.168743,4.716597,0.975091,-0.694348,4.738178,0.693346,-0.495024,4.746364,0.518398,-0.689999,4.548616,0.828462,-0.539140,4.671747,0.651502,-0.222170,4.787665,0.168297,-0.412338,4.635293,0.578098,0.295300,4.464027,0.047172,0.128141,4.376991
2760,0.509736,-0.550473,4.693569,0.475132,-0.921038,4.471744,0.566673,-1.353462,4.372013,1.119346,-1.179089,4.710559,0.972798,-0.702796,4.728902,0.700818,-0.490019,4.742474,0.502465,-0.689875,4.550538,0.808398,-0.534467,4.671325,0.651673,-0.217009,4.780991,0.176058,-0.400223,4.660048,0.550012,0.313054,4.432725,0.052912,0.152446,4.366479
2761,0.502128,-0.558112,4.705320,0.475228,-0.922277,4.494822,0.566333,-1.343811,4.370127,1.116149,-1.184461,4.713266,0.984171,-0.724174,4.733877,0.707012,-0.488263,4.740805,0.517809,-0.677832,4.549665,0.825535,-0.526126,4.672930,0.639661,-0.185730,4.769530,0.178484,-0.387497,4.678196,0.535460,0.322273,4.428522,0.064483,0.136157,4.386722
2762,0.496929,-0.564409,4.693572,0.473377,-0.936017,4.482738,0.559373,-1.361345,4.368076,1.116117,-1.199101,4.710270,0.981789,-0.724166,4.731172,0.701539,-0.480078,4.736041,0.515524,-0.695643,4.561301,0.821189,-0.552013,4.680499,0.636609,-0.222532,4.777799,0.195372,-0.414627,4.679145,0.533990,0.327895,4.411277,0.063411,0.142516,4.371307
2763,0.491545,-0.567813,4.705993,0.466532,-0.933751,4.488696,0.553356,-1.361817,4.364810,1.113198,-1.196397,4.707572,0.981874,-0.711854,4.732917,0.694960,-0.473279,4.737974,0.520654,-0.695817,4.562286,0.821415,-0.549750,4.682156,0.641199,-0.217766,4.775285,0.173664,-0.433548,4.672148,0.550526,0.353855,4.381113,0.043026,0.143062,4.368738
2764,0.487504,-0.556380,4.703071,0.458220,-0.932189,4.492564,0.548413,-1.358853,4.363335,1.113951,-1.190513,4.713238,0.981403,-0.694808,4.733425,0.689533,-0.461174,4.719753,0.527358,-0.664186,4.555015,0.828129,-0.513216,4.666362,0.635234,-0.185170,4.750910,0.129882,-0.375821,4.639940,0.535400,0.369923,4.375091,0.039808,0.157300,4.366222
2765,0.488985,-0.562389,4.715766,0.451692,-0.931052,4.492376,0.556414,-1.343066,4.361461,1.100467,-1.209863,4.711571,0.978713,-0.702283,4.719722,0.681553,-0.482102,4.736819,0.515728,-0.671729,4.548170,0.808378,-0.520889,4.667933,0.615152,-0.195146,4.776017,0.135623,-0.403398,4.681879,0.518303,0.335172,4.406354,0.050154,0.153963,4.372123
2766,0.490198,-0.562029,4.708585,0.450335,-0.949688,4.485549,0.560672,-1.335141,4.363063,1.094257,-1.196464,4.718752,0.967608,-0.715269,4.732105,0.669069,-0.478647,4.738831,0.510911,-0.648148,4.547636,0.802572,-0.508352,4.671269,0.607910,-0.264948,4.806192,0.165654,-0.426763,4.679631,0.527353,0.302767,4.437819,0.053293,0.130431,4.382378
2767,0.474828,-0.586531,4.712554,0.452316,-0.955613,4.485740,0.561146,-1.337969,4.356959,1.089166,-1.206482,4.712210,0.969721,-0.728401,4.728967,0.679526,-0.485581,4.740940,0.506923,-0.674929,4.550077,0.802787,-0.541267,4.669964,0.617043,-0.293568,4.810508,0.183520,-0.440859,4.678399,0.531744,0.299872,4.437351,0.057747,0.129527,4.385291
2768,0.477338,-0.595917,4.723644,0.449966,-0.956204,4.478602,0.556432,-1.344936,4.361171,1.087316,-1.218274,4.720891,0.959926,-0.728809,4.734284,0.670689,-0.490747,4.744825,0.499583,-0.653893,4.550545,0.791102,-0.514714,4.669020,0.643728,-0.249634,4.790547,0.165669,-0.455094,4.684212,0.502424,0.302809,4.443034,0.055888,0.132449,4.383296
2769,0.483923,-0.587492,4.717364,0.451545,-0.957312,4.476908,0.557088,-1.346643,4.354838,1.089406,-1.204004,4.717664,0.962315,-0.716125,4.725912,0.656520,-0.473086,4.738677,0.503527,-0.661193,4.545746,0.794031,-0.512654,4.661712,0.600495,-0.260193,4.809131,0.162538,-0.441907,4.683290,0.512076,0.302900,4.433409,0.066451,0.140133,4.399706
2770,0.479268,-0.567538,4.709183,0.445899,-0.942784,4.480687,0.556671,-1.335725,4.345201,1.091647,-1.204043,4.712564,0.958553,-0.718187,4.730183,0.672438,-0.466582,4.703142,0.493097,-0.676808,4.548044,0.784573,-0.529946,4.669364,0.642695,-0.244141,4.787600,0.184962,-0.438587,4.659785,0.524597,0.319268,4.420435,0.064015,0.138972,4.399471
2771,0.488609,-0.604357,4.707805,0.446510,-0.963358,4.477091,0.563155,-1.326221,4.348286,1.107399,-1.168617,4.705879,0.977215,-0.686475,4.723580,0.602463,-0.649814,4.757745,0.509715,-0.666052,4.547076,0.796530,-0.534288,4.671427,0.610648,-0.285279,4.801510,0.164708,-0.450411,4.694435,0.508396,0.306441,4.428498,0.059772,0.129719,4.412473
2772,0.500188,-0.591933,4.704867,0.445195,-0.917585,4.474610,0.554032,-1.316411,4.349200,1.103659,-1.164566,4.702659,0.985296,-0.672559,4.721432,0.560151,-0.739383,4.783919,0.501050,-0.667091,4.556193,0.794508,-0.526396,4.674824,0.558767,-0.232651,4.787065,0.147502,-0.397424,4.655509,0.485568,0.318747,4.425309,0.064950,0.155995,4.385453
2773,0.493615,-0.583210,4.714873,0.448598,-0.944812,4.493709,0.556266,-1.324966,4.354409,1.099950,-1.171921,4.703943,0.983633,-0.685063,4.718301,0.619502,-0.718312,4.764997,0.510275,-0.679567,4.562340,0.797240,-0.532551,4.686236,0.564649,-0.176475,4.743478,0.150127,-0.366375,4.647374,0.440499,0.309753,4.417517,0.044590,0.137526,4.387345
2774,0.496343,-0.539292,4.706919,0.426204,-0.890936,4.501610,0.552924,-1.318946,4.349946,1.104989,-1.193423,4.699613,0.963899,-0.706345,4.724323,0.596214,-0.898588,4.800627,0.502189,-0.666907,4.558940,0.814516,-0.524891,4.679836,0.623942,-0.182414,4.743280,0.146068,-0.353928,4.635482,0.502883,0.331147,4.403137,0.034140,0.138173,4.393777
2775,0.508149,-0.539081,4.703427,0.454008,-0.906068,4.498224,0.548249,-1.329447,4.357551,1.112213,-1.193400,4.704277,0.962086,-0.695468,4.724685,0.625761,-0.960725,4.808485,0.505170,-0.669561,4.568211,0.821389,-0.519825,4.682670,0.611290,-0.155499,4.729004,0.128159,-0.356761,4.636891,0.510101,0.346092,4.383668,0.045431,0.146559,4.380197
2776,0.505135,-0.545994,4.709637,0.458654,-0.931847,4.503196,0.548654,-1.339338,4.354309,1.093655,-1.216165,4.705633,0.959571,-0.715476,4.728896,0.636604,-1.018929,4.825122,0.516596,-0.677761,4.566950,0.822985,-0.525229,4.685459,0.595676,-0.119424,4.719394,0.142085,-0.354856,4.638274,0.476076,0.328220,4.403245,0.031225,0.140298,4.392127
2777,0.508650,-0.539225,4.699819,0.454722,-0.929139,4.504443,0.546509,-1.339020,4.358294,1.097551,-1.225227,4.718920,0.953246,-0.723122,4.722545,0.645487,-0.969783,4.620259,0.520884,-0.668640,4.572638,0.827648,-0.512435,4.686880,0.619814,-0.136915,4.740816,0.136199,-0.361936,4.637194,0.483282,0.354299,4.391813,0.029364,0.145814,4.387448
2778,0.510412,-0.538660,4.703577,0.463443,-0.905192,4.523229,0.555505,-1.325028,4.362401,1.106146,-1.198225,4.709333,0.959273,-0.714732,4.721216,0.671709,-1.032864,4.618671,0.542927,-0.656895,4.592619,0.846603,-0.498445,4.699871,0.659840,-0.115541,4.726096,0.129033,-0.390916,4.656628,0.517564,0.336028,4.422146,0.066302,0.172106,4.388717
2779,0.506340,-0.551039,4.704389,0.456976,-0.908399,4.495103,0.552989,-1.317538,4.357220,1.095708,-1.205564,4.709631,0.949131,-0.710257,4.730010,0.675388,-1.032914,4.633119,0.543202,-0.641790,4.598941,0.855500,-0.508349,4.704497,0.650145,-0.202636,4.784615,0.144837,-0.399032,4.660056,0.516445,0.329775,4.427683,0.068658,0.151951,4.420234
2780,0.508131,-0.530383,4.699583,0.463587,-0.897655,4.506554,0.556244,-1.316620,4.356079,1.097459,-1.224741,4.713902,0.967602,-0.700628,4.726193,0.687141,-1.029020,4.632495,0.560514,-0.651593,4.607135,0.867893,-0.523283,4.713822,0.672025,-0.181479,4.771515,0.160010,-0.382290,4.658564,0.531139,0.320259,4.442976,0.095476,0.174792,4.407024
2781,0.513955,-0.522869,4.697207,0.475591,-0.879975,4.501687,0.556536,-1.307272,4.364047,1.093274,-1.226438,4.716010,0.962085,-0.717319,4.744165,0.692469,-1.029531,4.622369,0.571378,-0.662544,4.611654,0.882333,-0.531283,4.712008,0.671974,-0.159781,4.732076,0.157146,-0.403444,4.658468,0.549629,0.301011,4.457840,0.089434,0.154234,4.425251
2782,0.519948,-0.528007,4.698668,0.478213,-0.884982,4.500820,0.556099,-1.312267,4.363824,1.092955,-1.241614,4.718114,0.966851,-0.726010,4.750108,0.701760,-1.027509,4.628328,0.575616,-0.650445,4.609869,0.879693,-0.523687,4.711276,0.659351,-0.126091,4.729044,0.150399,-0.400840,4.652125,0.555214,0.328016,4.437995,0.103882,0.177392,4.406220
2783,0.516088,-0.521934,4.696049,0.474748,-0.892795,4.505550,0.551828,-1.311461,4.363952,1.091382,-1.246574,4.719462,0.980495,-0.707571,4.737983,0.730461,-1.048441,4.635593,0.566392,-0.643975,4.612531,0.879999,-0.512187,4.711712,0.639835,-0.154573,4.765517,0.164026,-0.412656,4.664973,0.545562,0.326753,4.434681,0.105580,0.177451,4.407398
2784,0.510858,-0.523771,4.692901,0.472403,-0.896925,4.504877,0.556292,-1.313045,4.363446,1.098331,-1.228932,4.718350,0.966407,-0.704280,4.740421,0.730829,-1.051602,4.636672,0.566599,-0.641799,4.600495,0.877056,-0.502603,4.704081,0.660855,-0.140869,4.751691,0.168425,-0.410601,4.648657,0.530240,0.345251,4.412006,0.102173,0.178215,4.409260
2785,0.511961,-0.519479,4.697244,0.469192,-0.890963,4.507470,0.549597,-1.311490,4.360827,1.084979,-1.224760,4.715171,0.967325,-0.707010,4.736892,0.736486,-1.066445,4.658318,0.530514,-0.626842,4.608624,0.843868,-0.492958,4.704536,0.637490,-0.145498,4.766844,0.126807,-0.392993,4.681824,0.533364,0.378141,4.372893,0.093865,0.188832,4.402675
2786,0.508369,-0.511814,4.691028,0.461072,-0.895987,4.509310,0.550117,-1.320507,4.358087,1.082002,-1.241529,4.722040,0.978115,-0.714570,4.733734,0.753672,-1.055193,4.644931,0.518137,-0.646367,4.593079,0.835221,-0.525147,4.708222,0.677112,-0.124008,4.735125,0.127104,-0.377477,4.661119,0.520962,0.342060,4.402476,0.086981,0.168795,4.401884
2787,0.500655,-0.529423,4.696086,0.458204,-0.907786,4.501537,0.550280,-1.320923,4.361297,1.082016,-1.238151,4.721250,0.949519,-0.699168,4.740504,0.752163,-1.047576,4.635460,0.515922,-0.654395,4.587256,0.820695,-0.525819,4.706001,0.617499,-0.124973,4.743719,0.132542,-0.377202,4.632220,0.520619,0.316067,4.426860,0.071335,0.150188,4.406395
