frame,joint_16_x,joint_16_y,joint_16_z,joint_14_x,joint_14_y,joint_14_z,joint_12_x,joint_12_y,joint_12_z,joint_11_x,joint_11_y,joint_11_z,joint_13_x,joint_13_y,joint_13_z,joint_15_x,joint_15_y,joint_15_z,joint_24_x,joint_24_y,joint_24_z,joint_23_x,joint_23_y,joint_23_z,joint_25_x,joint_25_y,joint_25_z,joint_26_x,joint_26_y,joint_26_z,joint_27_x,joint_27_y,joint_27_z,joint_28_x,joint_28_y,joint_28_z
0,-0.440692,0.032573,3.578946,-0.376616,-0.120991,3.647074,-0.236826,-0.276731,3.438793,0.060109,-0.190923,3.103904,0.186299,0.050433,2.972544,0.028102,0.176535,2.979653,-0.307739,0.308020,3.515894,-0.100612,0.365074,3.317152,-0.295853,0.556998,3.033828,-0.607376,0.380468,3.539243,-0.404555,0.903466,3.126545,-0.621825,0.899870,3.627881
1,-0.362778,0.073740,3.612921,-0.330518,-0.070045,3.656934,-0.178517,-0.230715,3.457887,0.104032,-0.180691,3.107143,0.241487,0.051627,2.963134,0.092434,0.188427,2.993495,-0.222700,0.419456,3.530870,-0.042928,0.435005,3.317398,-0.341428,0.642869,3.076555,-0.545654,0.511731,3.587153,-0.330695,0.998355,3.203458,-0.511390,1.018097,3.650579
2,-0.397719,0.063871,3.606334,-0.343776,-0.067470,3.653710,-0.191676,-0.242427,3.464215,0.100024,-0.183165,3.106342,0.225351,0.056266,2.982749,0.058624,0.191770,2.994384,-0.235238,0.426138,3.510895,-0.027500,0.457990,3.289035,-0.281261,0.694472,3.050360,-0.556597,0.589121,3.543154,-0.423586,1.008309,3.153682,-0.525194,1.055591,3.553555
3,-0.395713,0.051303,3.603372,-0.345457,-0.081150,3.659132,-0.210506,-0.254666,3.456919,0.091737,-0.189467,3.107809,0.216000,0.058169,2.968451,0.058609,0.185822,2.994854,-0.245882,0.400668,3.499214,-0.015700,0.431481,3.274766,-0.006272,0.685009,3.041326,-0.554289,0.568591,3.556502,-0.313093,0.974955,3.160218,-0.465900,1.028805,3.607866
4,-0.404415,0.053121,3.599223,-0.357392,-0.078810,3.654765,-0.223871,-0.253974,3.454595,0.088828,-0.196116,3.106087,0.219355,0.063454,2.971676,0.055860,0.187610,3.002390,-0.243949,0.404247,3.487179,-0.002028,0.449340,3.277946,0.089621,0.738408,3.139344,-0.531735,0.551502,3.507482,-0.225206,1.100150,3.260272,-0.508843,1.042477,3.554409
5,-0.409688,0.049894,3.600687,-0.356454,-0.068944,3.658959,-0.228882,-0.252483,3.459922,0.079255,-0.200051,3.110528,0.222044,0.063637,2.973647,0.050755,0.178362,3.001075,-0.252106,0.416374,3.478755,-0.020750,0.451495,3.261322,-0.036656,0.757755,3.099479,-0.567392,0.586235,3.472912,-0.361761,1.104650,3.189360,-0.518839,1.059598,3.527275
6,-0.411585,0.047914,3.606946,-0.365957,-0.062021,3.669634,-0.241314,-0.248948,3.470088,0.075117,-0.198574,3.112104,0.214262,0.067249,2.953968,0.048244,0.181845,3.003172,-0.254877,0.425622,3.487997,-0.004749,0.466123,3.269528,0.034303,0.822100,3.165978,-0.549808,0.599968,3.495703,-0.280843,1.160679,3.258017,-0.559516,1.055115,3.502180
7,-0.408151,0.047334,3.602706,-0.357496,-0.081168,3.654783,-0.231939,-0.255218,3.459318,0.072861,-0.201038,3.107824,0.215623,0.065040,2.980914,0.051579,0.184181,3.000637,-0.255175,0.411824,3.492006,-0.013817,0.460313,3.273981,0.067831,0.787519,3.147681,-0.579020,0.564002,3.517637,-0.221832,1.190538,3.269974,-0.471425,1.060922,3.590249
8,-0.412319,0.045248,3.606832,-0.354558,-0.070748,3.652354,-0.238325,-0.251791,3.462040,0.072657,-0.199043,3.108799,0.210872,0.064867,2.975145,0.055030,0.178060,3.002945,-0.234095,0.420574,3.488382,-0.023016,0.460418,3.271411,0.045488,0.709784,3.103866,-0.567090,0.535774,3.521725,-0.268621,1.113098,3.214622,-0.544596,1.043330,3.531014
9,-0.413726,0.044531,3.608531,-0.353325,-0.083650,3.654951,-0.235026,-0.264203,3.459386,0.075360,-0.202053,3.108738,0.208995,0.064266,2.976560,0.053656,0.174765,3.006534,-0.257603,0.408997,3.490746,-0.024228,0.450819,3.270906,0.053346,0.773246,3.162184,-0.558159,0.640383,3.505851,-0.273701,1.167395,3.265088,-0.499616,1.087262,3.544176
10,-0.421066,0.048016,3.605409,-0.356536,-0.080584,3.652570,-0.229156,-0.267072,3.464517,0.068898,-0.205075,3.108497,0.209820,0.065687,2.974084,0.048370,0.171154,3.009141,-0.254647,0.393661,3.498824,-0.028483,0.429753,3.260874,0.044885,0.760993,3.096142,-0.580825,0.577969,3.534399,-0.211330,1.174072,3.221936,-0.410483,1.065856,3.593978
11,-0.416706,0.048889,3.604695,-0.356144,-0.082485,3.657225,-0.238015,-0.255624,3.461720,0.072691,-0.206783,3.113365,0.216001,0.060555,2.983095,0.043634,0.175310,3.009763,-0.233154,0.396425,3.494869,-0.031671,0.422386,3.257363,-0.030727,0.709012,3.103365,-0.562430,0.579008,3.530550,-0.317269,1.081993,3.224979,-0.541138,1.045973,3.547116
12,-0.411688,0.049322,3.613107,-0.352212,-0.083342,3.657681,-0.236128,-0.259365,3.466345,0.074320,-0.201755,3.108909,0.209543,0.061485,2.968931,0.042060,0.190953,3.012991,-0.229272,0.403268,3.505368,-0.022786,0.432144,3.263417,-0.034841,0.758875,3.170789,-0.570397,0.596272,3.529120,-0.347208,1.084103,3.253451,-0.536746,1.044050,3.553062
13,-0.411278,0.050664,3.613976,-0.356238,-0.082407,3.655794,-0.237402,-0.260686,3.461696,0.078232,-0.205334,3.108601,0.209321,0.058680,2.968861,0.042907,0.190735,3.013339,-0.232032,0.407171,3.510357,-0.020979,0.446524,3.273043,0.005543,0.677104,3.123798,-0.582630,0.603350,3.551108,-0.276876,1.077816,3.253116,-0.500474,1.060881,3.569683
14,-0.413902,0.055603,3.607275,-0.362143,-0.082502,3.657753,-0.235012,-0.265177,3.462435,0.071388,-0.206982,3.107642,0.204965,0.055522,2.982000,0.041571,0.183678,3.016330,-0.248471,0.389516,3.510908,-0.030481,0.420849,3.272225,0.061426,0.659210,3.079377,-0.580721,0.552060,3.571972,-0.242213,1.073700,3.200521,-0.506064,1.035746,3.608242
15,-0.411116,0.056609,3.611915,-0.348160,-0.086633,3.655851,-0.231251,-0.264172,3.461359,0.072118,-0.202821,3.107457,0.203261,0.055480,2.967938,0.042668,0.182847,3.005301,-0.267388,0.394620,3.506074,-0.046478,0.427451,3.267011,-0.164169,0.692334,3.064726,-0.610851,0.556817,3.570453,-0.376724,0.972111,3.158070,-0.525826,1.023777,3.626626
16,-0.409929,0.058849,3.613114,-0.352597,-0.074949,3.660599,-0.226817,-0.257250,3.462085,0.074242,-0.203354,3.114724,0.206313,0.049785,2.972384,0.041104,0.177285,3.003757,-0.246993,0.404861,3.514177,-0.042887,0.429244,3.276955,-0.113004,0.674024,3.060455,-0.614200,0.569957,3.551118,-0.320739,0.939368,3.152497,-0.506093,1.015601,3.615666
17,-0.409373,0.057080,3.602183,-0.359654,-0.073760,3.658764,-0.233120,-0.253842,3.460197,0.072995,-0.201716,3.111517,0.205450,0.051191,2.974960,0.037366,0.183400,3.006227,-0.280977,0.403669,3.508356,-0.052865,0.433381,3.281549,-0.198190,0.690969,3.103543,-0.652673,0.608795,3.527155,-0.377958,1.015367,3.192578,-0.555097,1.068055,3.587249
18,-0.407390,0.058698,3.611536,-0.354281,-0.077064,3.662039,-0.222408,-0.259661,3.460727,0.074746,-0.205133,3.116104,0.198207,0.052828,2.972109,0.044371,0.183329,2.998482,-0.241825,0.394424,3.512910,-0.050879,0.430521,3.284649,-0.211486,0.696045,3.083469,-0.591788,0.581278,3.521614,-0.402172,1.004138,3.200283,-0.527054,1.036916,3.563819
19,-0.406287,0.053753,3.606696,-0.354696,-0.075910,3.656396,-0.230449,-0.256836,3.461870,0.071685,-0.201724,3.110740,0.204355,0.054042,2.980994,0.047560,0.187580,3.004667,-0.280030,0.399501,3.511522,-0.051886,0.430231,3.280993,-0.142266,0.736322,3.104038,-0.600301,0.599007,3.519254,-0.362770,1.046482,3.192801,-0.531713,1.053638,3.560512
20,-0.411697,0.056319,3.605079,-0.352863,-0.081151,3.659344,-0.225495,-0.260789,3.461981,0.076036,-0.202305,3.113266,0.203365,0.055324,2.988295,0.047360,0.183030,3.000622,-0.255599,0.393745,3.519861,-0.046733,0.431157,3.288127,-0.062327,0.765324,3.110527,-0.605903,0.597619,3.537524,-0.317376,1.100954,3.202519,-0.532654,1.087292,3.608790
21,-0.415449,0.054117,3.607256,-0.355218,-0.079231,3.658383,-0.228395,-0.259664,3.459865,0.078228,-0.197312,3.108794,0.199022,0.060431,2.978392,0.041215,0.191832,3.009772,-0.279007,0.395557,3.523433,-0.050618,0.443209,3.291674,-0.161792,0.764011,3.147763,-0.615450,0.579859,3.556091,-0.322805,1.066623,3.243616,-0.488108,1.059166,3.620042
22,-0.414498,0.053124,3.603029,-0.352647,-0.080800,3.659488,-0.229305,-0.259487,3.461276,0.077895,-0.196029,3.112077,0.202041,0.057689,2.983375,0.048315,0.184352,3.008766,-0.264671,0.392279,3.535262,-0.051711,0.434889,3.299670,-0.109651,0.728483,3.115383,-0.602531,0.581562,3.553203,-0.344561,1.081854,3.235004,-0.571663,1.040384,3.601196
23,-0.415141,0.059498,3.604332,-0.352023,-0.072537,3.662138,-0.233342,-0.257954,3.463649,0.077754,-0.200706,3.109674,0.208503,0.054082,2.977713,0.052001,0.177424,3.005088,-0.262317,0.373003,3.545161,-0.059525,0.420356,3.309418,-0.229774,0.705947,3.127531,-0.614254,0.568032,3.568991,-0.426329,1.056349,3.241229,-0.538206,1.061127,3.632025
24,-0.416725,0.055882,3.599620,-0.363456,-0.063533,3.661631,-0.241521,-0.251693,3.459497,0.075291,-0.198091,3.121765,0.205073,0.053500,2.979911,0.054698,0.173761,3.008280,-0.287237,0.388816,3.541712,-0.066015,0.449503,3.321618,-0.173578,0.747874,3.107571,-0.612718,0.556019,3.567883,-0.405930,1.017418,3.255956,-0.513782,1.008537,3.615134
25,-0.411078,0.052586,3.595614,-0.353394,-0.081057,3.659811,-0.221809,-0.262868,3.457988,0.076561,-0.198905,3.113887,0.199577,0.053519,2.970235,0.051915,0.179827,3.003566,-0.282885,0.363442,3.544351,-0.073525,0.421779,3.314640,-0.257493,0.711528,3.095270,-0.615003,0.529730,3.593071,-0.409043,1.019708,3.236601,-0.496381,1.013265,3.644808
26,-0.421090,0.049268,3.602556,-0.362725,-0.081221,3.660838,-0.226982,-0.260560,3.462315,0.078749,-0.195095,3.118331,0.202283,0.048995,2.980817,0.055529,0.173911,3.007089,-0.288902,0.369841,3.550778,-0.068387,0.418785,3.334708,-0.242444,0.693271,3.107723,-0.598605,0.565580,3.570825,-0.447320,1.007929,3.220021,-0.585550,1.010706,3.609613
27,-0.422634,0.052428,3.598963,-0.359093,-0.083614,3.657194,-0.230775,-0.257005,3.458973,0.077372,-0.192720,3.112136,0.199611,0.051104,2.983161,0.044655,0.179589,3.006010,-0.250202,0.379874,3.550030,-0.066409,0.436678,3.328912,-0.284597,0.754289,3.184570,-0.619133,0.565149,3.594479,-0.438054,0.996624,3.274960,-0.552466,1.013026,3.668846
28,-0.418259,0.047953,3.598417,-0.358595,-0.087909,3.657957,-0.221042,-0.264727,3.460753,0.084344,-0.190510,3.116464,0.204532,0.054966,2.977547,0.051852,0.188242,3.007076,-0.285029,0.372914,3.556831,-0.064999,0.430775,3.337387,-0.231534,0.771657,3.136236,-0.622935,0.561247,3.596341,-0.388582,1.022266,3.246542,-0.483380,1.032927,3.697690
29,-0.420591,0.050765,3.607879,-0.360751,-0.081102,3.661620,-0.226456,-0.259032,3.462464,0.082750,-0.192113,3.116877,0.206790,0.054550,2.979059,0.050825,0.183873,3.009072,-0.289900,0.373785,3.556701,-0.071404,0.435891,3.336452,-0.265718,0.723253,3.108912,-0.620022,0.514743,3.620575,-0.445525,0.993361,3.214818,-0.561595,1.008973,3.701071
30,-0.424206,0.054421,3.596007,-0.362681,-0.077419,3.664342,-0.228074,-0.259003,3.463543,0.081676,-0.193113,3.114595,0.204511,0.054459,2.979965,0.050267,0.180048,3.007457,-0.289809,0.359609,3.558539,-0.077082,0.426796,3.330317,-0.366668,0.700608,3.118725,-0.621739,0.522553,3.614849,-0.476634,1.005721,3.247061,-0.611826,1.010713,3.679007
31,-0.426627,0.046953,3.602540,-0.365184,-0.080840,3.662003,-0.236207,-0.250572,3.462115,0.079526,-0.192762,3.111187,0.205883,0.051368,2.978616,0.053449,0.172542,3.009754,-0.288411,0.381318,3.558490,-0.069774,0.441223,3.325109,-0.209451,0.706120,3.167767,-0.592086,0.576200,3.609183,-0.413729,1.027249,3.274116,-0.524370,1.042030,3.677624
32,-0.422307,0.051559,3.607594,-0.359265,-0.086816,3.660811,-0.230991,-0.258099,3.460489,0.080274,-0.194375,3.112274,0.204915,0.048929,2.979172,0.049548,0.168950,3.007316,-0.295091,0.374029,3.551199,-0.071170,0.433002,3.323782,-0.263016,0.734813,3.146399,-0.600864,0.538005,3.604137,-0.440478,1.026086,3.260678,-0.576349,1.022207,3.650062
33,-0.416533,0.053060,3.604401,-0.353930,-0.087815,3.657168,-0.226286,-0.258705,3.460898,0.080056,-0.191035,3.118108,0.203998,0.050347,2.977166,0.047046,0.184157,3.003254,-0.287692,0.378954,3.547623,-0.067501,0.441925,3.332673,-0.192198,0.768368,3.189679,-0.604275,0.579061,3.588036,-0.410989,1.065614,3.266021,-0.553080,1.047486,3.661678
34,-0.411813,0.051215,3.603245,-0.351588,-0.083422,3.658664,-0.221522,-0.259213,3.463341,0.076724,-0.191169,3.116864,0.203035,0.052227,2.976104,0.053037,0.189850,3.006670,-0.261165,0.382026,3.556616,-0.071253,0.444984,3.331408,-0.210070,0.754567,3.169960,-0.603117,0.590064,3.608069,-0.421340,1.058432,3.268715,-0.512797,1.059933,3.678646
35,-0.413134,0.052774,3.607865,-0.350998,-0.072404,3.668088,-0.228674,-0.256896,3.467521,0.081165,-0.192398,3.112009,0.206542,0.055197,2.975496,0.052633,0.185495,3.008404,-0.250564,0.388577,3.537953,-0.058446,0.440108,3.296119,-0.183187,0.747598,3.139162,-0.600600,0.572715,3.557924,-0.404106,1.048348,3.246279,-0.514905,1.054591,3.621108
36,-0.416653,0.052371,3.604389,-0.359150,-0.082307,3.657129,-0.227247,-0.262782,3.460675,0.083361,-0.195613,3.114095,0.207714,0.052920,2.974218,0.055977,0.180055,3.003021,-0.282394,0.391131,3.523430,-0.041244,0.432092,3.293750,0.017609,0.747190,3.105710,-0.605330,0.575082,3.556021,-0.211863,1.114599,3.208615,-0.469330,1.069270,3.653882
37,-0.411357,0.058345,3.603555,-0.354159,-0.085155,3.661348,-0.226715,-0.259758,3.462538,0.075176,-0.204870,3.114129,0.203782,0.048325,2.973041,0.041580,0.178351,3.004913,-0.277031,0.377771,3.513715,-0.047344,0.409226,3.280344,-0.103537,0.695559,3.086983,-0.590338,0.572272,3.529026,-0.325221,1.046438,3.188108,-0.589930,1.041850,3.590856
38,-0.410517,0.055400,3.604262,-0.355111,-0.082943,3.657285,-0.228477,-0.258765,3.459671,0.071369,-0.202748,3.111652,0.212066,0.052602,2.978016,0.037571,0.180341,3.006099,-0.274664,0.397289,3.514640,-0.054244,0.425454,3.289882,-0.262380,0.698949,3.088189,-0.607848,0.578555,3.535062,-0.419057,1.010190,3.201289,-0.546085,1.030298,3.590369
39,-0.406197,0.053739,3.608637,-0.350676,-0.081393,3.655984,-0.228041,-0.260562,3.460663,0.071149,-0.205280,3.111844,0.204214,0.054281,2.973783,0.037764,0.186799,3.006246,-0.236157,0.396225,3.498490,-0.054203,0.423382,3.264201,-0.257014,0.686577,3.066865,-0.608530,0.556083,3.516853,-0.406267,0.964469,3.155653,-0.517615,1.003765,3.548863
40,-0.404927,0.049395,3.614160,-0.352404,-0.085296,3.651945,-0.234246,-0.259362,3.463118,0.072003,-0.201612,3.115264,0.208613,0.058029,2.967899,0.041981,0.185086,2.998857,-0.272413,0.396080,3.508709,-0.043769,0.429893,3.275834,-0.121992,0.687990,3.047917,-0.597941,0.537033,3.573752,-0.361868,0.983897,3.141374,-0.556821,1.029237,3.619097
41,-0.406447,0.056406,3.614206,-0.354923,-0.085900,3.651336,-0.237782,-0.259006,3.461606,0.069105,-0.204562,3.117909,0.209908,0.056905,2.978324,0.044121,0.184790,3.002058,-0.268171,0.403065,3.509398,-0.043414,0.434134,3.284709,-0.193746,0.670402,3.057225,-0.640435,0.560897,3.557604,-0.401857,0.979278,3.160778,-0.563130,1.030836,3.607748
42,-0.409731,0.051413,3.609772,-0.357932,-0.084766,3.663053,-0.233164,-0.261562,3.459614,0.068358,-0.207550,3.121793,0.208459,0.052183,2.968880,0.039829,0.185326,3.004486,-0.268535,0.396852,3.497939,-0.046542,0.433517,3.276918,-0.193119,0.696290,3.091185,-0.598170,0.573003,3.521402,-0.397204,0.968783,3.217173,-0.547260,0.983077,3.549353
43,-0.408605,0.038691,3.606884,-0.359117,-0.083553,3.657523,-0.236559,-0.259235,3.455884,0.073820,-0.204376,3.109119,0.200706,0.049669,2.976197,0.040696,0.185426,3.013515,-0.241544,0.411779,3.499561,-0.019888,0.455603,3.264718,-0.096923,0.670317,3.079686,-0.534438,0.571734,3.563224,-0.337602,1.037843,3.222196,-0.513736,1.054489,3.593243
44,-0.414169,0.041360,3.609283,-0.362572,-0.081871,3.657723,-0.242140,-0.258214,3.454118,0.076439,-0.207446,3.111194,0.202298,0.050015,2.969275,0.044897,0.182814,3.004682,-0.187665,0.400876,3.499854,0.011281,0.432500,3.270013,-0.087083,0.625851,3.083888,-0.550499,0.497081,3.515264,-0.274328,1.042992,3.233443,-0.520493,0.958205,3.532521
45,-0.414018,0.045409,3.607695,-0.363952,-0.072542,3.655575,-0.244937,-0.253691,3.458043,0.073576,-0.207034,3.113617,0.205093,0.046493,2.975134,0.043864,0.181972,3.006810,-0.242814,0.381585,3.485631,-0.007383,0.419163,3.256511,-0.173060,0.566021,3.063063,-0.533274,0.457718,3.525564,-0.366020,0.990237,3.189738,-0.538368,0.932655,3.512384
46,-0.418237,0.051980,3.609133,-0.365093,-0.065272,3.654184,-0.243415,-0.250633,3.455452,0.072684,-0.205810,3.115387,0.197869,0.043736,2.970849,0.045592,0.176968,2.998730,-0.227474,0.393568,3.465282,0.007377,0.423904,3.250326,-0.049357,0.653384,3.077555,-0.529737,0.544000,3.476870,-0.336946,1.014306,3.194008,-0.455080,1.006210,3.503768
47,-0.401054,0.040845,3.607127,-0.355366,-0.077654,3.655082,-0.238068,-0.253143,3.456977,0.078061,-0.204980,3.109626,0.201716,0.050519,2.967337,0.049645,0.181919,2.993296,-0.223160,0.405258,3.478423,0.025772,0.437852,3.252496,0.109286,0.703464,3.083620,-0.490363,0.586173,3.510672,-0.212327,1.042112,3.245300,-0.482197,1.008857,3.537433
48,-0.404662,0.042216,3.606512,-0.361866,-0.072214,3.651436,-0.240125,-0.254184,3.454480,0.074475,-0.209052,3.111433,0.205015,0.054702,2.967658,0.046336,0.177240,2.998238,-0.233667,0.393241,3.471241,0.003459,0.432704,3.245513,0.056527,0.681683,3.030780,-0.532501,0.541059,3.524610,-0.235111,0.989006,3.150479,-0.406983,0.992734,3.560082
49,-0.408900,0.048607,3.612657,-0.368096,-0.065179,3.658244,-0.245451,-0.247174,3.462011,0.076262,-0.206294,3.110945,0.209323,0.056226,2.966515,0.044244,0.179115,3.007270,-0.251791,0.414791,3.501318,-0.000734,0.455097,3.276896,0.125536,0.641664,3.089207,-0.542369,0.527589,3.557811,-0.219871,0.990856,3.251565,-0.429888,0.966556,3.553086
50,-0.412622,0.055093,3.608534,-0.361064,-0.070066,3.652259,-0.250458,-0.242239,3.460512,0.075341,-0.200214,3.108613,0.211703,0.054969,2.975368,0.045704,0.185791,3.015450,-0.266163,0.402472,3.486765,-0.011111,0.445734,3.265486,0.084894,0.686976,3.073396,-0.571805,0.536464,3.550226,-0.286881,1.028125,3.185597,-0.585475,0.994576,3.561802
51,-0.412896,0.049931,3.601969,-0.361467,-0.081190,3.656525,-0.243564,-0.249907,3.458792,0.082294,-0.200681,3.114954,0.206306,0.048485,2.967160,0.047864,0.178988,3.008677,-0.268532,0.403845,3.486844,-0.005704,0.443453,3.262266,0.109973,0.692350,3.117349,-0.547637,0.571158,3.532743,-0.178707,1.088689,3.220102,-0.574753,1.018634,3.526933
52,-0.410599,0.050046,3.602256,-0.360978,-0.078940,3.656160,-0.242394,-0.249960,3.456807,0.079912,-0.201571,3.113817,0.208455,0.046375,2.970693,0.048549,0.177755,3.007729,-0.265371,0.398438,3.487942,-0.005949,0.437931,3.269885,0.103241,0.676584,3.115117,-0.551812,0.521967,3.545472,-0.212174,1.083521,3.230284,-0.551390,1.008498,3.558860
53,-0.410341,0.050424,3.604650,-0.361413,-0.076745,3.660029,-0.241500,-0.250520,3.458233,0.080612,-0.201584,3.118191,0.208142,0.049118,2.971533,0.042192,0.178486,3.009641,-0.254514,0.414182,3.492872,-0.014253,0.448240,3.280410,0.064730,0.709180,3.123910,-0.576448,0.613079,3.504809,-0.286649,1.048569,3.238389,-0.490861,1.012160,3.542407
54,-0.409007,0.042117,3.605787,-0.362894,-0.074992,3.653215,-0.244608,-0.247125,3.456948,0.075654,-0.207861,3.120806,0.208637,0.048878,2.966899,0.046497,0.173206,3.001290,-0.265529,0.407035,3.493937,-0.013199,0.439390,3.278305,0.097535,0.667739,3.096991,-0.542377,0.609032,3.544608,-0.171983,1.111074,3.234591,-0.506321,1.043856,3.570554
55,-0.407933,0.050814,3.610285,-0.351509,-0.066579,3.656418,-0.238358,-0.249821,3.457593,0.080002,-0.208611,3.115662,0.204611,0.052664,2.965117,0.045235,0.176729,3.000355,-0.262809,0.410015,3.496744,-0.022485,0.443991,3.276860,-0.011181,0.686104,3.096322,-0.587332,0.586347,3.542624,-0.304598,1.047438,3.223436,-0.529423,1.030517,3.586133
56,-0.410105,0.056935,3.605710,-0.355937,-0.074663,3.659108,-0.242301,-0.250702,3.458351,0.081962,-0.206615,3.116751,0.205005,0.054121,2.960360,0.044280,0.178590,2.998153,-0.270985,0.407236,3.503835,-0.018536,0.444429,3.288149,0.063062,0.676910,3.079546,-0.566472,0.586109,3.562801,-0.268940,1.072589,3.206735,-0.552241,1.025366,3.564422
57,-0.409479,0.058752,3.615150,-0.363158,-0.063133,3.657397,-0.252180,-0.241667,3.457782,0.079131,-0.204872,3.116225,0.205226,0.053294,2.962968,0.044302,0.177155,3.006439,-0.262325,0.399442,3.493170,-0.025805,0.440391,3.280225,0.024792,0.677932,3.086489,-0.587985,0.536798,3.549901,-0.277783,1.012537,3.204392,-0.536231,0.999957,3.596959
58,-0.410545,0.063772,3.608223,-0.365520,-0.061710,3.659272,-0.252332,-0.243666,3.457464,0.076638,-0.204644,3.117471,0.207616,0.055304,2.985733,0.043877,0.181006,3.004518,-0.281866,0.415120,3.499355,-0.028591,0.448535,3.282703,0.027844,0.727476,3.115919,-0.603080,0.632945,3.525644,-0.250638,1.094383,3.226736,-0.586568,1.088739,3.563713
59,-0.403007,0.064541,3.613661,-0.361582,-0.061382,3.657938,-0.251053,-0.241285,3.457722,0.077005,-0.208645,3.119187,0.202356,0.057720,2.969532,0.045445,0.180000,3.006534,-0.267638,0.407997,3.495910,-0.027130,0.431246,3.279690,0.006547,0.669430,3.063890,-0.588349,0.578005,3.544303,-0.282403,1.036670,3.161820,-0.542136,1.033166,3.585031
60,-0.404618,0.054134,3.615183,-0.360514,-0.073408,3.653540,-0.244542,-0.249258,3.452961,0.080446,-0.207070,3.121111,0.204496,0.051070,2.967881,0.043808,0.174596,3.003889,-0.270621,0.413710,3.491912,-0.026420,0.437067,3.283850,0.070996,0.672388,3.058977,-0.576800,0.618752,3.540355,-0.226619,1.041951,3.162547,-0.513020,1.044173,3.589495
61,-0.405038,0.046032,3.610446,-0.355400,-0.084294,3.653028,-0.236884,-0.249507,3.453497,0.079873,-0.207620,3.115398,0.203233,0.048205,2.957001,0.041492,0.175309,2.994778,-0.261198,0.402915,3.487445,-0.020984,0.430871,3.271827,0.045082,0.690738,3.089882,-0.555656,0.622825,3.513094,-0.251452,1.068890,3.191218,-0.557302,1.063437,3.567502
62,-0.405459,0.046944,3.613312,-0.358038,-0.078618,3.653747,-0.241463,-0.254164,3.454549,0.080386,-0.204800,3.113321,0.207138,0.049613,2.970088,0.047346,0.181450,3.008097,-0.260622,0.388635,3.498465,-0.012929,0.426117,3.274131,0.086639,0.684403,3.107863,-0.497804,0.580748,3.567760,-0.177448,1.115176,3.209162,-0.493274,1.038108,3.574894
63,-0.409728,0.047086,3.611663,-0.356825,-0.076522,3.654254,-0.237522,-0.253895,3.453046,0.079066,-0.207718,3.116755,0.208063,0.044272,2.965500,0.041178,0.179996,3.010304,-0.223033,0.410696,3.483276,-0.015968,0.440740,3.264370,0.019333,0.660973,3.082269,-0.536379,0.603653,3.535060,-0.259717,1.027652,3.166869,-0.493680,1.038393,3.557281
64,-0.412207,0.052622,3.605903,-0.361627,-0.073179,3.653966,-0.246995,-0.252390,3.448607,0.079179,-0.205610,3.113015,0.211057,0.047544,2.969386,0.046838,0.182059,3.013931,-0.262552,0.386522,3.487045,-0.006857,0.427322,3.265409,0.095942,0.668123,3.092331,-0.545538,0.539737,3.554533,-0.229398,1.081607,3.205178,-0.544981,1.011936,3.565041
65,-0.415491,0.049513,3.604676,-0.363826,-0.075897,3.653914,-0.245451,-0.247988,3.449016,0.078838,-0.206984,3.110775,0.210450,0.054098,2.974255,0.041084,0.179254,3.010225,-0.254601,0.385561,3.490004,-0.005065,0.430202,3.268011,0.098176,0.621996,3.063821,-0.551031,0.502928,3.558798,-0.226149,1.053067,3.183865,-0.523257,0.986178,3.582108
66,-0.408939,0.046062,3.610497,-0.356565,-0.077930,3.656123,-0.240518,-0.251554,3.458724,0.077169,-0.207639,3.114895,0.202530,0.053849,2.981675,0.046483,0.181913,3.012601,-0.256419,0.373430,3.502110,-0.013473,0.412820,3.283374,0.032307,0.664725,3.096758,-0.521653,0.546821,3.577798,-0.293277,1.033277,3.207503,-0.507342,0.990492,3.570010
67,-0.407385,0.045574,3.606541,-0.353720,-0.084265,3.653794,-0.238878,-0.252588,3.454250,0.074136,-0.205778,3.115623,0.204644,0.053648,2.988441,0.040704,0.187107,3.012883,-0.222443,0.403942,3.504992,-0.027752,0.442975,3.284618,-0.052855,0.674404,3.143229,-0.579167,0.558015,3.534738,-0.340153,0.975734,3.240937,-0.485009,0.986793,3.564475
68,-0.409930,0.051642,3.609341,-0.358502,-0.086473,3.657448,-0.241210,-0.255769,3.454958,0.081082,-0.204726,3.117398,0.208786,0.053267,2.969928,0.042202,0.182261,3.012832,-0.264481,0.385609,3.506357,-0.025431,0.434030,3.283831,-0.043153,0.710447,3.134915,-0.581203,0.555201,3.552463,-0.344790,1.020788,3.208641,-0.557047,1.034658,3.589601
69,-0.412489,0.063395,3.609598,-0.367295,-0.069648,3.662603,-0.242849,-0.251556,3.459993,0.077619,-0.200028,3.117610,0.214144,0.052595,2.966274,0.042014,0.179543,3.003839,-0.269591,0.414237,3.495713,-0.030815,0.442791,3.277725,-0.030279,0.700633,3.103240,-0.588816,0.584132,3.534836,-0.341842,1.008917,3.206178,-0.543045,1.016241,3.561584
70,-0.406193,0.048590,3.615743,-0.359662,-0.083391,3.654528,-0.240899,-0.252433,3.454719,0.080788,-0.203520,3.122050,0.212111,0.053883,2.982988,0.046302,0.178740,3.002152,-0.270218,0.412602,3.492392,-0.026976,0.444387,3.278158,0.050779,0.732976,3.101991,-0.584120,0.633259,3.513934,-0.256147,1.080223,3.179530,-0.564292,1.075625,3.578115
71,-0.409890,0.054765,3.607688,-0.356629,-0.077551,3.659588,-0.243467,-0.247778,3.455705,0.082928,-0.204498,3.118916,0.204528,0.054688,2.971807,0.044283,0.176826,3.005526,-0.267559,0.407233,3.495978,-0.021655,0.435680,3.281214,0.052360,0.688464,3.069800,-0.584878,0.605170,3.541923,-0.231060,1.074614,3.194858,-0.530017,1.033922,3.567877
72,-0.401902,0.049938,3.611575,-0.357870,-0.079938,3.657094,-0.244673,-0.252406,3.455116,0.079899,-0.203794,3.114728,0.207317,0.050700,2.957029,0.042193,0.176932,3.007184,-0.269185,0.399625,3.496264,-0.024577,0.440177,3.273262,0.063768,0.673225,3.077255,-0.567606,0.586902,3.562191,-0.215633,1.080156,3.192919,-0.557906,1.040052,3.594960
73,-0.407291,0.059942,3.609275,-0.362700,-0.070746,3.659354,-0.249271,-0.245809,3.462424,0.079699,-0.202597,3.119860,0.207071,0.047288,2.966820,0.044225,0.175806,3.000330,-0.269263,0.410665,3.501367,-0.019609,0.446631,3.284446,0.041144,0.716434,3.125229,-0.560583,0.625974,3.525517,-0.238797,1.093565,3.232270,-0.557144,1.059378,3.557910
74,-0.408487,0.049489,3.611184,-0.358259,-0.075862,3.656908,-0.241458,-0.255798,3.457436,0.079367,-0.207172,3.119346,0.205404,0.045659,2.959764,0.044353,0.174935,2.997635,-0.263947,0.399970,3.496804,-0.025911,0.432579,3.280208,-0.011926,0.705584,3.097077,-0.588885,0.598836,3.525135,-0.298430,1.039664,3.206865,-0.562375,1.032693,3.557798
75,-0.404291,0.048545,3.611989,-0.354393,-0.072651,3.658003,-0.239006,-0.255497,3.460372,0.077143,-0.205119,3.117754,0.209139,0.045010,2.965246,0.044661,0.175793,2.996809,-0.267359,0.407244,3.500225,-0.028713,0.443228,3.270615,0.016725,0.725000,3.098538,-0.568517,0.605069,3.555269,-0.299544,1.077504,3.192104,-0.529364,1.066138,3.612346
76,-0.411798,0.052033,3.603989,-0.357505,-0.077701,3.657744,-0.239003,-0.255371,3.458160,0.077567,-0.203006,3.117610,0.208915,0.044889,2.957492,0.046281,0.174494,2.995276,-0.265840,0.404377,3.499964,-0.022616,0.444012,3.281908,0.079618,0.629821,3.045069,-0.577203,0.536453,3.573447,-0.245634,1.054139,3.163284,-0.518837,1.009536,3.608084
77,-0.409566,0.054203,3.602158,-0.358795,-0.078078,3.658055,-0.234758,-0.253343,3.458408,0.078478,-0.199562,3.115607,0.211863,0.046274,2.970168,0.044259,0.171341,2.999645,-0.243147,0.414980,3.505238,-0.029148,0.448120,3.282735,0.014257,0.588549,3.029592,-0.581250,0.526236,3.569224,-0.265796,0.956995,3.118457,-0.528005,1.003915,3.608665
78,-0.406506,0.048281,3.612859,-0.358551,-0.076205,3.655735,-0.238829,-0.255376,3.457561,0.075086,-0.200494,3.114216,0.207543,0.050533,2.964775,0.042348,0.180071,3.007261,-0.273822,0.406614,3.500428,-0.036266,0.440852,3.280281,0.027517,0.669932,3.086860,-0.582503,0.613640,3.545814,-0.268060,1.024485,3.176859,-0.520925,1.050217,3.604393
79,-0.406381,0.051856,3.603458,-0.358741,-0.079384,3.656563,-0.238297,-0.255126,3.458905,0.080339,-0.198683,3.113036,0.207840,0.052022,2.960259,0.044001,0.180608,2.999635,-0.244172,0.407691,3.510161,-0.025054,0.438953,3.282203,0.061349,0.671136,3.105917,-0.562645,0.559663,3.572855,-0.230622,1.070299,3.232979,-0.549730,1.026754,3.596153
80,-0.407724,0.059184,3.607171,-0.360066,-0.070954,3.658307,-0.237717,-0.256052,3.459005,0.072654,-0.203316,3.115336,0.208926,0.050175,2.972136,0.043198,0.180808,2.995440,-0.271586,0.395280,3.507710,-0.040708,0.432412,3.284077,-0.076146,0.714499,3.091735,-0.606705,0.566444,3.560125,-0.282690,1.049193,3.206266,-0.528388,1.030917,3.634643
81,-0.411520,0.056348,3.608186,-0.354582,-0.075115,3.655101,-0.232718,-0.255791,3.455876,0.073926,-0.203137,3.110515,0.208421,0.053331,2.975185,0.046546,0.183149,3.003384,-0.268685,0.397248,3.510413,-0.043124,0.447034,3.288081,-0.080639,0.732325,3.103180,-0.621050,0.601492,3.566972,-0.327127,1.025294,3.210675,-0.505583,1.053623,3.662697
82,-0.408848,0.052490,3.611221,-0.354917,-0.075378,3.655682,-0.232403,-0.255138,3.458208,0.076740,-0.200976,3.117207,0.208178,0.057615,2.964233,0.044797,0.184888,3.001430,-0.241736,0.411043,3.502816,-0.037768,0.446244,3.283126,-0.021238,0.738915,3.095396,-0.602412,0.616232,3.527464,-0.290620,1.082138,3.187061,-0.540440,1.085183,3.578582
83,-0.409045,0.045211,3.605438,-0.356979,-0.088096,3.652486,-0.226486,-0.265722,3.458855,0.075128,-0.203287,3.109486,0.204786,0.053562,2.960560,0.041859,0.181241,2.999655,-0.239740,0.391507,3.499271,-0.037135,0.427143,3.268919,-0.057919,0.715057,3.078695,-0.588054,0.567932,3.530595,-0.341409,1.016754,3.167730,-0.551997,1.002964,3.565965
84,-0.400846,0.047508,3.611986,-0.351136,-0.086792,3.648601,-0.219785,-0.267601,3.452995,0.077165,-0.202955,3.104003,0.210713,0.054828,2.964423,0.044258,0.180319,2.998696,-0.229116,0.387075,3.506294,-0.034461,0.412471,3.267118,-0.146386,0.673627,3.063095,-0.599713,0.555333,3.552961,-0.395953,0.969555,3.159926,-0.524999,1.016361,3.583284
85,-0.405375,0.050358,3.603044,-0.351402,-0.088128,3.651808,-0.223865,-0.259918,3.454430,0.074205,-0.198790,3.111872,0.211585,0.057622,2.968262,0.041110,0.181277,2.999230,-0.269652,0.402414,3.504405,-0.043571,0.429425,3.279629,-0.115020,0.724716,3.110124,-0.614685,0.594203,3.505301,-0.348321,1.024510,3.211268,-0.532755,1.034561,3.532969
86,-0.406167,0.054830,3.611093,-0.351251,-0.084897,3.656543,-0.226150,-0.258455,3.458248,0.074712,-0.196681,3.109639,0.206387,0.057644,2.971390,0.041558,0.184404,3.000048,-0.260594,0.405220,3.503889,-0.045441,0.448405,3.277210,-0.107468,0.763276,3.123229,-0.596927,0.586128,3.517378,-0.344906,1.014796,3.196764,-0.495164,1.033757,3.584324
87,-0.408109,0.048170,3.606653,-0.357184,-0.095249,3.650881,-0.224245,-0.268813,3.455040,0.073678,-0.196695,3.112085,0.208124,0.060251,2.967539,0.042906,0.183241,2.996837,-0.269913,0.385159,3.498795,-0.040462,0.429531,3.278747,-0.094020,0.740050,3.113582,-0.600628,0.579199,3.508193,-0.346804,1.070531,3.208955,-0.548044,1.020487,3.519470
88,-0.409470,0.057738,3.610379,-0.353618,-0.079855,3.652642,-0.228082,-0.259777,3.456991,0.075689,-0.198209,3.107918,0.205849,0.057070,2.969442,0.041944,0.184749,2.998051,-0.267955,0.396228,3.511010,-0.038982,0.438384,3.282344,-0.144635,0.733511,3.079920,-0.643392,0.576824,3.557941,-0.363504,1.009531,3.196175,-0.547306,1.029362,3.631464
89,-0.405315,0.046218,3.605798,-0.351167,-0.084850,3.656934,-0.224047,-0.263260,3.454853,0.074679,-0.195594,3.107867,0.201759,0.055714,2.968795,0.046787,0.178719,3.003234,-0.278537,0.392858,3.510055,-0.047355,0.432160,3.286916,-0.060482,0.731780,3.098242,-0.631414,0.605883,3.519606,-0.300174,1.040153,3.204137,-0.519097,1.054575,3.564353
90,-0.405802,0.053791,3.609275,-0.352853,-0.077774,3.653634,-0.226300,-0.262006,3.462223,0.074011,-0.194311,3.108250,0.203930,0.055136,2.972069,0.044863,0.178326,2.999111,-0.253570,0.394179,3.528961,-0.051292,0.438537,3.299298,-0.111393,0.767876,3.180114,-0.609865,0.601613,3.530260,-0.335600,1.062200,3.249718,-0.536765,1.051146,3.615929
91,-0.411964,0.056183,3.606778,-0.346669,-0.080813,3.652492,-0.215074,-0.261031,3.460621,0.074103,-0.194161,3.106777,0.208973,0.052844,2.967671,0.048583,0.175342,2.995198,-0.245335,0.389945,3.522027,-0.058369,0.442957,3.290870,-0.206106,0.701081,3.080726,-0.594421,0.556111,3.549749,-0.380434,1.015923,3.199507,-0.577157,1.012387,3.566700
92,-0.413790,0.055046,3.602328,-0.351998,-0.078827,3.655518,-0.219612,-0.260629,3.461502,0.074949,-0.194070,3.109826,0.209381,0.053488,2.974067,0.050058,0.177290,3.002483,-0.252001,0.395714,3.531108,-0.057093,0.432440,3.293482,-0.220190,0.717637,3.119069,-0.603383,0.583933,3.544336,-0.366284,1.035347,3.236699,-0.555920,1.048486,3.605498
93,-0.410884,0.048313,3.606792,-0.346151,-0.083813,3.654029,-0.214914,-0.268787,3.460616,0.071930,-0.198140,3.106847,0.211347,0.054551,2.973212,0.047269,0.176347,3.002878,-0.255609,0.383076,3.538073,-0.063900,0.439815,3.298971,-0.194734,0.775427,3.148438,-0.613799,0.574773,3.537459,-0.360321,1.049592,3.269939,-0.561631,1.024615,3.589478
94,-0.414758,0.047857,3.602509,-0.352710,-0.092275,3.655193,-0.210599,-0.269474,3.458950,0.075083,-0.192618,3.102135,0.213109,0.055431,2.974489,0.052863,0.170490,3.006723,-0.285589,0.383426,3.543310,-0.064299,0.450337,3.308910,-0.214210,0.760674,3.157007,-0.621792,0.547553,3.569135,-0.347278,0.974157,3.274726,-0.478557,1.004315,3.612277
95,-0.414066,0.052555,3.602872,-0.351830,-0.096257,3.654925,-0.209784,-0.271117,3.458053,0.077513,-0.190180,3.105097,0.209501,0.054788,2.978358,0.048384,0.172786,3.007441,-0.282711,0.366149,3.545817,-0.070636,0.433131,3.321324,-0.299625,0.714119,3.150940,-0.614754,0.560385,3.574135,-0.416794,1.006020,3.243843,-0.535424,1.037365,3.652526
96,-0.414958,0.049758,3.596049,-0.348628,-0.098028,3.650186,-0.215253,-0.263766,3.455596,0.076857,-0.187163,3.098905,0.213284,0.054886,2.984592,0.049786,0.174380,3.003762,-0.257299,0.363569,3.561823,-0.074963,0.438656,3.336686,-0.304870,0.728429,3.125787,-0.613006,0.530342,3.611445,-0.423221,1.015433,3.258390,-0.536217,1.046873,3.680445
97,-0.413536,0.039701,3.591486,-0.348768,-0.100966,3.657214,-0.199186,-0.269296,3.458598,0.078471,-0.185622,3.102341,0.212651,0.053699,2.974507,0.048079,0.175842,3.000832,-0.260451,0.364722,3.578537,-0.090137,0.424035,3.354260,-0.384223,0.710688,3.162426,-0.608073,0.527993,3.607441,-0.434022,1.013444,3.278025,-0.576052,1.011361,3.673644
98,-0.418185,0.047913,3.599800,-0.346911,-0.092384,3.653606,-0.210755,-0.263483,3.460660,0.087326,-0.179266,3.103876,0.211597,0.053764,2.974582,0.051612,0.179978,2.997879,-0.285037,0.349382,3.575428,-0.082103,0.416393,3.351078,-0.307946,0.692350,3.209841,-0.611775,0.506558,3.636519,-0.390449,1.036980,3.271591,-0.600275,0.993795,3.711814
99,-0.419777,0.052667,3.588906,-0.351243,-0.099363,3.657619,-0.204829,-0.264706,3.459988,0.085263,-0.177126,3.103218,0.210128,0.051541,2.968702,0.049340,0.178243,3.002126,-0.271340,0.359146,3.581682,-0.086404,0.422891,3.345551,-0.405296,0.650988,3.133814,-0.613040,0.520568,3.630111,-0.463008,0.979871,3.229823,-0.643230,1.008459,3.677716
100,-0.415989,0.050127,3.582486,-0.346842,-0.097473,3.653663,-0.204958,-0.264063,3.456342,0.085731,-0.172915,3.100955,0.212899,0.053271,2.976520,0.047668,0.176185,3.001345,-0.300401,0.363023,3.589412,-0.097292,0.445800,3.375977,-0.419776,0.708253,3.204789,-0.628955,0.561726,3.603555,-0.470061,1.013772,3.254684,-0.668299,1.029444,3.676552
101,-0.412153,0.053182,3.586396,-0.344023,-0.089030,3.655874,-0.209487,-0.258674,3.456864,0.084514,-0.170223,3.101869,0.213294,0.054964,2.991000,0.047067,0.181935,2.996261,-0.301291,0.359045,3.587919,-0.111238,0.444201,3.381401,-0.427707,0.693234,3.196486,-0.625052,0.516036,3.637686,-0.469039,1.023290,3.286842,-0.671190,0.992528,3.701636
102,-0.408035,0.052931,3.589787,-0.348480,-0.098463,3.655958,-0.207744,-0.258917,3.457382,0.087384,-0.172879,3.101133,0.208117,0.056540,2.989131,0.047439,0.184993,3.005336,-0.293060,0.350021,3.577396,-0.084400,0.431014,3.358849,-0.340961,0.663546,3.171993,-0.604617,0.538116,3.619013,-0.453564,1.004555,3.236108,-0.649405,0.996673,3.676356
103,-0.417167,0.048579,3.587695,-0.349732,-0.095632,3.649119,-0.211581,-0.261458,3.456220,0.085645,-0.179371,3.100222,0.210702,0.055489,2.974341,0.054073,0.180989,2.999634,-0.284982,0.361886,3.560279,-0.078035,0.424066,3.330649,-0.376470,0.665457,3.161468,-0.608414,0.523324,3.587623,-0.471412,1.007208,3.233368,-0.640391,0.985363,3.633800
104,-0.416984,0.044194,3.596354,-0.343859,-0.089915,3.651311,-0.210808,-0.264800,3.459413,0.083302,-0.180348,3.099870,0.213933,0.053425,2.982082,0.055921,0.182089,3.000083,-0.289667,0.358763,3.566056,-0.088788,0.422653,3.341804,-0.396485,0.678470,3.166085,-0.600442,0.514697,3.625543,-0.490436,1.008025,3.266409,-0.648040,0.999013,3.657773
105,-0.415239,0.046768,3.597506,-0.346430,-0.098956,3.647203,-0.207728,-0.265327,3.460387,0.082987,-0.180051,3.104295,0.212274,0.053132,2.968127,0.057802,0.182553,2.996053,-0.285395,0.347708,3.559329,-0.091368,0.415218,3.334260,-0.382726,0.661234,3.172804,-0.599411,0.501882,3.613865,-0.497972,0.968593,3.244884,-0.627051,0.961359,3.665318
106,-0.411659,0.043924,3.594223,-0.349138,-0.097606,3.650852,-0.208347,-0.264227,3.459709,0.082486,-0.180325,3.103340,0.209965,0.051428,2.976510,0.059167,0.179619,2.995578,-0.253687,0.358719,3.564726,-0.087634,0.418547,3.339773,-0.401531,0.671085,3.152427,-0.613615,0.514404,3.620307,-0.501733,0.969012,3.223651,-0.603569,0.987390,3.671252
107,-0.416053,0.044430,3.596517,-0.351479,-0.100206,3.649553,-0.209535,-0.264788,3.458098,0.084828,-0.178638,3.103553,0.211105,0.052808,2.976926,0.061391,0.183097,2.996883,-0.289318,0.356569,3.556503,-0.084485,0.419542,3.342844,-0.357085,0.697207,3.159950,-0.592653,0.544035,3.631527,-0.451197,0.980842,3.200065,-0.605413,1.012680,3.700130
108,-0.410174,0.040130,3.592725,-0.352525,-0.101855,3.648925,-0.207730,-0.261728,3.456563,0.085702,-0.177746,3.104621,0.212996,0.053663,2.972818,0.058460,0.186491,2.998692,-0.287403,0.350620,3.581522,-0.087671,0.426316,3.362166,-0.380603,0.694676,3.197765,-0.611771,0.485005,3.644416,-0.441519,1.008110,3.304771,-0.582489,0.981834,3.686013
109,-0.412586,0.043172,3.592098,-0.345393,-0.103188,3.646114,-0.205000,-0.263699,3.456369,0.084568,-0.173776,3.100692,0.211228,0.052270,2.975154,0.056153,0.183928,3.004016,-0.290188,0.344242,3.556518,-0.095582,0.431288,3.332534,-0.367078,0.665832,3.113635,-0.616527,0.490884,3.630926,-0.453257,0.958218,3.217218,-0.629079,0.980629,3.691805
110,-0.411617,0.047023,3.593075,-0.346759,-0.104953,3.650844,-0.203090,-0.269271,3.458461,0.085431,-0.177792,3.104957,0.208730,0.052260,2.968436,0.057186,0.187015,3.001569,-0.284583,0.358158,3.572706,-0.087353,0.424580,3.353554,-0.412078,0.683053,3.201688,-0.617360,0.546869,3.609792,-0.468895,1.001616,3.286740,-0.613968,0.997285,3.670298
111,-0.418403,0.045587,3.593608,-0.349238,-0.092453,3.651247,-0.212432,-0.261954,3.454351,0.085677,-0.176118,3.099433,0.211363,0.052768,2.972126,0.053098,0.185327,2.999445,-0.290421,0.357799,3.556554,-0.088600,0.422406,3.332632,-0.380295,0.649821,3.116525,-0.598776,0.500655,3.628493,-0.471959,0.980011,3.212195,-0.620886,0.984489,3.673963
112,-0.411252,0.045402,3.593820,-0.345047,-0.108667,3.645396,-0.201504,-0.268300,3.457301,0.085989,-0.181425,3.106179,0.210781,0.050335,2.976866,0.055589,0.181066,3.001077,-0.281037,0.345669,3.563280,-0.076483,0.415988,3.349582,-0.294976,0.684064,3.203393,-0.600242,0.518870,3.612925,-0.498147,0.980569,3.270020,-0.602478,0.984340,3.659412
113,-0.409325,0.050122,3.589242,-0.348300,-0.100139,3.649724,-0.209851,-0.265967,3.454671,0.086261,-0.182832,3.102236,0.208921,0.049067,2.973914,0.057114,0.184570,2.999243,-0.285037,0.365858,3.557287,-0.079181,0.428824,3.336544,-0.287442,0.742510,3.187824,-0.606500,0.573705,3.571191,-0.398881,1.004888,3.265757,-0.547780,1.000670,3.644869
114,-0.409001,0.045408,3.594479,-0.349683,-0.100245,3.644931,-0.211279,-0.265767,3.454845,0.085015,-0.184360,3.099071,0.208813,0.049313,2.977862,0.051110,0.185424,2.998680,-0.279763,0.358481,3.547581,-0.073579,0.431425,3.325076,-0.228142,0.740143,3.159979,-0.596800,0.534076,3.590303,-0.388315,0.996526,3.231707,-0.556471,1.004917,3.665498
115,-0.403848,0.046587,3.596106,-0.348630,-0.101518,3.643492,-0.216371,-0.269244,3.454088,0.078895,-0.194374,3.101417,0.209083,0.047718,2.973165,0.052290,0.182854,2.997245,-0.275804,0.349042,3.530125,-0.067753,0.404523,3.304973,-0.214818,0.717611,3.167275,-0.596450,0.550689,3.558272,-0.357269,1.018444,3.241133,-0.552261,1.007155,3.615268
116,-0.401710,0.051053,3.601423,-0.348847,-0.117309,3.645691,-0.212551,-0.281623,3.448387,0.074661,-0.201111,3.096926,0.209827,0.045831,2.981536,0.056712,0.191634,3.013446,-0.272595,0.342753,3.525006,-0.070171,0.398821,3.295659,-0.271334,0.719700,3.180225,-0.594318,0.559474,3.520044,-0.447177,1.025316,3.260254,-0.582530,0.994895,3.537969
117,-0.415710,0.065416,3.600167,-0.356209,-0.096539,3.645098,-0.243086,-0.283557,3.443425,0.063886,-0.217762,3.099260,0.195048,0.040429,2.986739,0.044101,0.202574,3.015784,-0.270263,0.357785,3.506744,-0.071803,0.404562,3.270055,-0.356256,0.725566,3.147218,-0.596786,0.586130,3.481420,-0.429756,0.992177,3.222531,-0.521254,1.004638,3.508126
118,-0.417547,0.063666,3.610660,-0.363814,-0.091477,3.648657,-0.255963,-0.286623,3.451260,0.063538,-0.222044,3.096715,0.193246,0.039843,2.983152,0.044594,0.206298,3.011547,-0.259775,0.358630,3.496699,-0.042132,0.414715,3.270310,-0.069426,0.807202,3.207847,-0.563453,0.588096,3.475397,-0.230328,1.067754,3.264856,-0.475418,0.983899,3.498323
119,-0.407305,0.063494,3.598864,-0.361318,-0.109783,3.645168,-0.266377,-0.298029,3.433663,0.053096,-0.228159,3.087577,0.188923,0.033700,2.979320,0.042071,0.200845,3.017808,-0.266413,0.343271,3.488798,-0.048110,0.399368,3.250859,-0.035389,0.751545,3.088418,-0.581049,0.479446,3.571584,-0.282002,0.972721,3.180542,-0.521184,0.922323,3.590321
120,-0.402361,0.055770,3.603049,-0.361688,-0.118847,3.639099,-0.273446,-0.310343,3.425815,0.049250,-0.238046,3.074174,0.185073,0.022307,2.980243,0.043535,0.195559,3.022068,-0.266318,0.328097,3.459378,-0.045884,0.373958,3.235071,-0.132188,0.721395,3.112902,-0.573705,0.497499,3.481006,-0.362982,0.899480,3.143276,-0.474204,0.915233,3.557249
121,-0.416817,0.068783,3.605251,-0.368183,-0.123525,3.639543,-0.301353,-0.317643,3.427667,0.032690,-0.239854,3.077466,0.182998,0.006352,2.975352,0.042488,0.194547,3.026503,-0.278273,0.330850,3.477073,-0.059974,0.375719,3.252209,-0.151794,0.729347,3.148300,-0.584311,0.518654,3.512210,-0.363923,0.915026,3.210201,-0.482373,0.919340,3.549424
122,-0.413025,0.068111,3.596478,-0.368052,-0.137041,3.643490,-0.301167,-0.331905,3.421656,0.029596,-0.234848,3.079463,0.179358,-0.002566,2.979499,0.040743,0.205332,3.023630,-0.284114,0.334857,3.490945,-0.074316,0.402291,3.273094,-0.229876,0.762024,3.200540,-0.610368,0.543237,3.535981,-0.421694,0.929314,3.200555,-0.538679,0.909730,3.591746
123,-0.418123,0.067839,3.592496,-0.370252,-0.123877,3.638818,-0.310576,-0.322410,3.414012,0.030192,-0.227584,3.075839,0.182320,-0.007979,2.976145,0.050902,0.198916,3.019377,-0.300480,0.347268,3.500604,-0.076801,0.418186,3.285840,-0.161964,0.777257,3.166079,-0.618999,0.536903,3.538721,-0.358638,0.954741,3.216232,-0.508343,0.943220,3.621593
124,-0.417801,0.058507,3.591247,-0.375126,-0.155195,3.634992,-0.310355,-0.331360,3.411338,0.029331,-0.232744,3.049235,0.179203,-0.014962,2.977465,0.049359,0.205553,3.010904,-0.316167,0.348752,3.492222,-0.094893,0.414377,3.262531,-0.217048,0.781531,3.154347,-0.626165,0.558736,3.511577,-0.375086,0.965677,3.216370,-0.515668,0.963238,3.586334
125,-0.423335,0.056220,3.589401,-0.386701,-0.172641,3.633535,-0.327720,-0.346934,3.409531,0.030220,-0.248582,3.032931,0.172965,-0.024735,2.986270,0.043996,0.208823,3.023173,-0.323825,0.345842,3.511275,-0.104381,0.412637,3.265494,-0.335139,0.766068,3.153731,-0.635450,0.564571,3.536807,-0.415639,0.960910,3.241648,-0.494674,0.973621,3.594935
126,-0.430737,0.057486,3.591227,-0.393329,-0.174320,3.634343,-0.337837,-0.355112,3.408633,0.023405,-0.266790,3.032558,0.175854,-0.033519,2.971558,0.040819,0.208873,3.019923,-0.323703,0.324625,3.512942,-0.110462,0.389938,3.266489,-0.392369,0.729408,3.087155,-0.681408,0.551358,3.583815,-0.432224,0.996154,3.164764,-0.559870,1.044421,3.638009
127,-0.429035,0.051884,3.590677,-0.400405,-0.187775,3.633602,-0.351347,-0.352967,3.404605,0.009161,-0.272065,3.034510,0.156887,-0.041254,2.972946,0.052194,0.206832,3.026024,-0.326783,0.356106,3.496511,-0.106064,0.402865,3.251730,-0.294919,0.775563,3.157122,-0.634281,0.565728,3.478697,-0.295544,1.043040,3.244160,-0.473128,1.012959,3.571080
128,-0.435662,0.060396,3.592930,-0.399130,-0.175929,3.630280,-0.365597,-0.355728,3.396579,0.000123,-0.279397,3.033592,0.165119,-0.050822,2.963379,0.051203,0.207002,3.024017,-0.325892,0.362928,3.491070,-0.101969,0.414965,3.271279,-0.338882,0.772691,3.174017,-0.654900,0.640220,3.510584,-0.425368,1.075172,3.258236,-0.552714,1.083111,3.612262
129,-0.439761,0.067415,3.587683,-0.404004,-0.170121,3.626418,-0.381404,-0.364038,3.410833,-0.005972,-0.299830,3.004879,0.150235,-0.063705,2.954780,0.049572,0.206045,3.025326,-0.323284,0.345007,3.482735,-0.100964,0.392853,3.240448,-0.298410,0.765873,3.132137,-0.659368,0.626603,3.513464,-0.301509,1.078171,3.185642,-0.382790,1.037080,3.659708
130,-0.433083,0.063465,3.590782,-0.402938,-0.170168,3.624912,-0.386117,-0.384853,3.397940,-0.007087,-0.321966,3.011572,0.139521,-0.074883,2.958626,0.045891,0.205472,3.026190,-0.323499,0.343528,3.480777,-0.090099,0.384198,3.244939,-0.167839,0.731309,3.144959,-0.653767,0.611518,3.482718,-0.274079,1.030743,3.224206,-0.426915,1.025768,3.637158
131,-0.439467,0.063949,3.587842,-0.415092,-0.180575,3.628743,-0.390589,-0.390680,3.405603,-0.016799,-0.320251,3.000032,0.137627,-0.077145,2.965436,0.047169,0.205846,3.030205,-0.338892,0.355626,3.478683,-0.113213,0.396673,3.237041,-0.316688,0.753280,3.123806,-0.682929,0.647440,3.478418,-0.387531,1.047903,3.178129,-0.487546,1.096594,3.590348
132,-0.442794,0.069692,3.589574,-0.416838,-0.188203,3.622005,-0.398384,-0.414036,3.423172,-0.018928,-0.338535,3.018711,0.134617,-0.075612,2.953691,0.044534,0.206043,3.019524,-0.345355,0.345279,3.484748,-0.116497,0.393617,3.233789,-0.304842,0.780790,3.122040,-0.663439,0.651089,3.468286,-0.403560,0.977330,3.174217,-0.502438,0.997693,3.556433
133,-0.451725,0.076675,3.601985,-0.444277,-0.178000,3.617425,-0.426936,-0.440997,3.418774,-0.023287,-0.384489,3.004821,0.098517,-0.072499,2.948120,0.040473,0.213261,3.017854,-0.333928,0.340871,3.473576,-0.088986,0.376732,3.224039,-0.183560,0.787558,3.171315,-0.629876,0.679563,3.481595,-0.306153,0.958209,3.205181,-0.376128,0.979246,3.589625
134,-0.454811,0.060278,3.598376,-0.449605,-0.177576,3.613691,-0.426407,-0.455236,3.401269,-0.034898,-0.389259,2.995158,0.098872,-0.067895,2.944041,0.041668,0.223674,3.026856,-0.339471,0.322037,3.474485,-0.098978,0.383174,3.229032,-0.313300,0.816420,3.211870,-0.611829,0.709010,3.494287,-0.380596,0.978402,3.255199,-0.483605,0.936427,3.609674
135,-0.454590,0.046614,3.573053,-0.433024,-0.200996,3.600124,-0.417815,-0.477096,3.399419,-0.036439,-0.390835,3.006680,0.094187,-0.069518,2.949932,0.040534,0.224228,3.017637,-0.349694,0.327478,3.480283,-0.117031,0.395225,3.240975,-0.374954,0.831056,3.214643,-0.600786,0.727709,3.496648,-0.402977,1.032990,3.313321,-0.483408,1.008039,3.606122
136,-0.451431,0.068599,3.582237,-0.424573,-0.173469,3.596097,-0.421473,-0.494797,3.424016,-0.031545,-0.432658,3.013977,0.081249,-0.072241,2.953754,0.037221,0.218048,3.010982,-0.340395,0.320054,3.492661,-0.101627,0.364103,3.230369,-0.286445,0.840560,3.192737,-0.577455,0.703747,3.511789,-0.389803,0.998418,3.246051,-0.441885,0.996866,3.620993
137,-0.455072,0.085930,3.574920,-0.412102,-0.156012,3.550345,-0.408322,-0.533797,3.427499,-0.032578,-0.465701,3.008689,0.084980,-0.074024,2.976984,0.041837,0.224113,3.013436,-0.331573,0.286128,3.470538,-0.093633,0.335324,3.211246,-0.306563,0.826025,3.181079,-0.557875,0.716787,3.499910,-0.353194,1.052883,3.260648,-0.478342,0.997939,3.608865
138,-0.455969,0.079649,3.576199,-0.398251,-0.152709,3.556109,-0.408326,-0.555987,3.423758,-0.036265,-0.485589,3.006718,0.071786,-0.081387,2.976428,0.044724,0.218821,3.005581,-0.341560,0.279187,3.479042,-0.102963,0.322218,3.217407,-0.292733,0.815810,3.196879,-0.561786,0.686129,3.507297,-0.422456,0.997341,3.265593,-0.478768,0.985986,3.611398
139,-0.458326,0.089536,3.585251,-0.394863,-0.142818,3.555681,-0.404968,-0.554900,3.420351,-0.032210,-0.503679,3.006575,0.069150,-0.082025,2.978044,0.044571,0.223020,3.005345,-0.340297,0.290938,3.471932,-0.102337,0.328418,3.214852,-0.327793,0.803813,3.189777,-0.599825,0.667812,3.465493,-0.450745,1.038553,3.253222,-0.464324,1.038568,3.568539
140,-0.449625,0.081191,3.586217,-0.397173,-0.168193,3.553940,-0.391953,-0.572878,3.415912,-0.037411,-0.496109,3.004205,0.060248,-0.074666,2.978118,0.047673,0.234169,3.007863,-0.334501,0.283932,3.477190,-0.119391,0.331321,3.220544,-0.408917,0.823656,3.207121,-0.561094,0.725040,3.480299,-0.490932,0.959867,3.294646,-0.537491,0.943498,3.561995
141,-0.424999,0.088717,3.582422,-0.387319,-0.186710,3.529372,-0.392545,-0.589112,3.414252,-0.039215,-0.510650,3.007029,0.063204,-0.087507,3.014273,0.048904,0.223538,3.035632,-0.326513,0.263079,3.471171,-0.106991,0.324268,3.219173,-0.404576,0.810564,3.182976,-0.573708,0.691176,3.448040,-0.455728,0.941523,3.236000,-0.542708,0.906978,3.510353
142,-0.423852,0.095310,3.580711,-0.385129,-0.183895,3.532495,-0.396012,-0.610216,3.405186,-0.040241,-0.537604,3.008987,0.043355,-0.107450,3.017770,0.048426,0.216751,3.037875,-0.328342,0.237736,3.471267,-0.110240,0.296062,3.218291,-0.377000,0.778248,3.209298,-0.559135,0.676761,3.454427,-0.460634,0.928897,3.255925,-0.525932,0.890284,3.513190
143,-0.427020,0.080222,3.580616,-0.386566,-0.214970,3.526132,-0.389283,-0.624532,3.403494,-0.053654,-0.552030,3.002019,0.030585,-0.116438,3.007551,0.050776,0.227263,3.041715,-0.346632,0.245019,3.472347,-0.136325,0.293150,3.212087,-0.421835,0.753799,3.186665,-0.559825,0.669848,3.469448,-0.501033,1.019368,3.251368,-0.579526,0.974910,3.523103
144,-0.444906,0.068998,3.581851,-0.391264,-0.234090,3.530896,-0.398464,-0.653390,3.399035,-0.041003,-0.558481,2.999606,0.016240,-0.126330,3.028919,0.033936,0.218033,3.045377,-0.346427,0.232293,3.472382,-0.129130,0.280292,3.210636,-0.400587,0.783273,3.210491,-0.581166,0.691368,3.460922,-0.481446,1.082116,3.272336,-0.583211,1.049337,3.519216
145,-0.439909,0.060050,3.573017,-0.386904,-0.249248,3.524024,-0.392639,-0.658960,3.397539,-0.045086,-0.554132,3.001940,0.017514,-0.125014,3.022071,0.031577,0.217400,3.051675,-0.340534,0.212491,3.464140,-0.132826,0.259760,3.207847,-0.410823,0.758684,3.208239,-0.573763,0.626948,3.455657,-0.439660,1.067277,3.265655,-0.558354,1.003168,3.499723
146,-0.440577,0.089273,3.580209,-0.391054,-0.225606,3.522754,-0.401864,-0.645584,3.400545,-0.037844,-0.555935,3.003803,0.021098,-0.123691,3.030376,0.032463,0.212568,3.059298,-0.343198,0.220539,3.474799,-0.114052,0.260900,3.224716,-0.375359,0.751006,3.230971,-0.573904,0.661189,3.450688,-0.411770,1.040710,3.272516,-0.509824,1.015225,3.534186
147,-0.449754,0.058018,3.579384,-0.394092,-0.234854,3.536505,-0.398840,-0.653516,3.398604,-0.039024,-0.554733,3.003951,0.013948,-0.117686,3.028809,0.020492,0.209913,3.043475,-0.356022,0.211188,3.475022,-0.138841,0.263148,3.208254,-0.420986,0.765304,3.209059,-0.590119,0.689536,3.453845,-0.490064,1.077034,3.275235,-0.607004,1.026226,3.529723
148,-0.445724,0.063099,3.577004,-0.400245,-0.222118,3.531690,-0.406278,-0.644062,3.400428,-0.038564,-0.552936,2.993933,0.014486,-0.121934,3.018720,0.024297,0.208747,3.034834,-0.355818,0.211070,3.458637,-0.129856,0.254345,3.190524,-0.383648,0.762840,3.202224,-0.572706,0.645012,3.478331,-0.409557,1.073415,3.275681,-0.545631,1.034347,3.540871
149,-0.439300,0.064543,3.580079,-0.407857,-0.219981,3.522613,-0.407479,-0.635950,3.395387,-0.035167,-0.553287,2.995021,0.016289,-0.127197,3.012222,0.038219,0.211310,3.034623,-0.357876,0.230209,3.458257,-0.120261,0.270593,3.198123,-0.368807,0.790335,3.212076,-0.608534,0.693216,3.448364,-0.404234,1.047433,3.275323,-0.492203,1.011158,3.542643
150,-0.420164,0.106624,3.582117,-0.407816,-0.201074,3.528038,-0.410137,-0.622776,3.398109,-0.039344,-0.552987,2.999002,0.017525,-0.136509,3.022551,0.037003,0.207220,3.037843,-0.341917,0.232984,3.462172,-0.117636,0.274671,3.203821,-0.351586,0.783772,3.214125,-0.579207,0.687260,3.466850,-0.442427,1.087224,3.251991,-0.552470,1.045260,3.528617
151,-0.421600,0.108429,3.583246,-0.406089,-0.200573,3.525732,-0.414614,-0.626272,3.393203,-0.037030,-0.549095,2.991091,0.021113,-0.126250,3.015522,0.032067,0.219098,3.040465,-0.346710,0.230935,3.465493,-0.122506,0.273768,3.208876,-0.356006,0.793289,3.206298,-0.556983,0.720707,3.473469,-0.414370,1.069492,3.253325,-0.514411,1.032432,3.558320
152,-0.444153,0.078256,3.582593,-0.406038,-0.196246,3.526957,-0.409343,-0.619843,3.399960,-0.040850,-0.539858,2.993295,0.021857,-0.122363,3.018424,0.038080,0.216035,3.037382,-0.354803,0.230645,3.452091,-0.133573,0.271589,3.192210,-0.392348,0.808372,3.190948,-0.576879,0.718344,3.450534,-0.456980,0.937822,3.260286,-0.511437,0.934087,3.538872
153,-0.426688,0.081190,3.593529,-0.386862,-0.208543,3.538086,-0.400131,-0.607151,3.402696,-0.043711,-0.514763,2.986590,0.030053,-0.095029,2.991135,0.035758,0.224901,3.022731,-0.342117,0.246648,3.461758,-0.136856,0.292856,3.208206,-0.393128,0.792293,3.202209,-0.569276,0.684434,3.464457,-0.467560,1.054713,3.265987,-0.532185,1.005684,3.539350
154,-0.425523,0.071785,3.578675,-0.409955,-0.176208,3.586087,-0.402710,-0.568575,3.414551,-0.044257,-0.491816,2.976761,0.027823,-0.089240,2.945408,0.044019,0.220703,3.002901,-0.348156,0.274987,3.478297,-0.140075,0.315033,3.211291,-0.409020,0.828515,3.231009,-0.591157,0.734679,3.504195,-0.503988,1.025659,3.298765,-0.589711,0.996516,3.594221
155,-0.457325,0.063337,3.568073,-0.435999,-0.157556,3.577343,-0.414870,-0.512338,3.416911,-0.019860,-0.446048,2.980983,0.091839,-0.045348,2.940568,0.040830,0.235158,3.000406,-0.337773,0.324183,3.468104,-0.098408,0.348371,3.202484,-0.374526,0.845418,3.192413,-0.593821,0.728602,3.501902,-0.342529,1.028703,3.276949,-0.447678,0.962733,3.619499
156,-0.459395,0.060988,3.577555,-0.413616,-0.159666,3.584924,-0.411796,-0.483972,3.422274,-0.029183,-0.433077,2.979946,0.081793,-0.048107,2.949372,0.043008,0.242446,3.005177,-0.330315,0.286277,3.477476,-0.111918,0.355616,3.214984,-0.383713,0.836682,3.179316,-0.619278,0.675146,3.508502,-0.381171,0.969977,3.265283,-0.441465,0.892593,3.637396
157,-0.463469,0.041588,3.577134,-0.409471,-0.164328,3.627581,-0.407453,-0.467724,3.429335,-0.030528,-0.404775,2.988407,0.086853,-0.042667,2.918213,0.036833,0.243515,3.004908,-0.340874,0.322218,3.478552,-0.128848,0.381121,3.223233,-0.433342,0.844953,3.210035,-0.647223,0.681379,3.483693,-0.437719,1.041221,3.296876,-0.512377,0.958735,3.602659
158,-0.462379,0.055514,3.585472,-0.422623,-0.149916,3.616685,-0.410781,-0.431453,3.422996,-0.027528,-0.385527,2.989852,0.079067,-0.033410,2.922301,0.029579,0.240972,3.002351,-0.338629,0.333596,3.478469,-0.106751,0.408673,3.228938,-0.341838,0.863744,3.180340,-0.625564,0.679671,3.490728,-0.382859,0.993881,3.244709,-0.465756,0.919669,3.602905
159,-0.450759,0.051345,3.564272,-0.401784,-0.166808,3.616398,-0.406077,-0.448607,3.413497,-0.029003,-0.375331,2.993918,0.093535,-0.031983,2.923620,0.033488,0.231885,2.999997,-0.340726,0.319577,3.468341,-0.134473,0.400685,3.216523,-0.431171,0.839037,3.156328,-0.630244,0.705446,3.467826,-0.399606,0.996200,3.238281,-0.505735,0.943461,3.569263
160,-0.450541,0.060367,3.568087,-0.413357,-0.174212,3.616278,-0.412948,-0.428117,3.421394,-0.040253,-0.377865,2.997859,0.103103,-0.037350,2.921259,0.036151,0.226792,2.998095,-0.338862,0.317850,3.472586,-0.130757,0.402008,3.218028,-0.405252,0.835067,3.152190,-0.632270,0.684531,3.467251,-0.375812,1.038793,3.237637,-0.477357,0.970859,3.571357
161,-0.456124,0.069171,3.601493,-0.387747,-0.149679,3.642478,-0.414104,-0.392951,3.435534,-0.039200,-0.338668,2.990164,0.120164,-0.036739,2.884075,0.029228,0.230394,2.995031,-0.330786,0.359327,3.471736,-0.118723,0.423895,3.216548,-0.391508,0.834172,3.158621,-0.632127,0.721277,3.490857,-0.351698,0.984727,3.233671,-0.466302,0.978927,3.619216
162,-0.455033,0.067418,3.593934,-0.418667,-0.149136,3.642201,-0.428520,-0.365298,3.433049,-0.057109,-0.317207,3.003562,0.134730,-0.047937,2.895161,0.036314,0.229524,2.998734,-0.349054,0.362338,3.470032,-0.125625,0.431217,3.222210,-0.413132,0.837171,3.174177,-0.623526,0.721848,3.477619,-0.412347,0.988303,3.253878,-0.510828,0.968592,3.592408
163,-0.450433,0.053149,3.579714,-0.427639,-0.157783,3.634155,-0.411933,-0.379966,3.432859,-0.060574,-0.313769,2.993095,0.142229,-0.049407,2.900466,0.036558,0.226777,2.991809,-0.359778,0.337099,3.474165,-0.148934,0.423900,3.215183,-0.375112,0.802984,3.061966,-0.617274,0.656891,3.510239,-0.384226,0.856559,3.122111,-0.480072,0.872922,3.611227
164,-0.469277,0.068433,3.590473,-0.440582,-0.132523,3.642995,-0.411689,-0.357126,3.435050,-0.051041,-0.308370,2.990499,0.139165,-0.051703,2.902168,0.034375,0.224220,2.995447,-0.346398,0.355554,3.475190,-0.128006,0.423825,3.220129,-0.398012,0.775946,3.093857,-0.675752,0.639456,3.491341,-0.375061,0.906728,3.189004,-0.494534,0.895168,3.623530
165,-0.463513,0.068963,3.592165,-0.428267,-0.137637,3.651874,-0.402685,-0.332938,3.432166,-0.068391,-0.284765,3.011012,0.145769,-0.057223,2.909534,0.037991,0.218907,2.999861,-0.345600,0.368779,3.484807,-0.135943,0.423092,3.223662,-0.367058,0.764979,3.086826,-0.664761,0.637669,3.458364,-0.369679,0.927377,3.174285,-0.482268,0.928675,3.530234
166,-0.458256,0.063905,3.590648,-0.426968,-0.131585,3.656571,-0.397358,-0.312438,3.436056,-0.045633,-0.257190,3.005239,0.135006,-0.054411,2.914722,0.034172,0.215531,2.992765,-0.342182,0.378182,3.483763,-0.126679,0.430146,3.227474,-0.370597,0.740185,3.089407,-0.676446,0.614512,3.438156,-0.393039,0.907744,3.174426,-0.478432,0.908828,3.512199
167,-0.462339,0.080721,3.596247,-0.446117,-0.098579,3.663553,-0.400305,-0.299079,3.444072,-0.034993,-0.243072,3.003863,0.138216,-0.052771,2.915457,0.037555,0.212894,2.991363,-0.341898,0.384565,3.490050,-0.110845,0.434521,3.238673,-0.243567,0.752735,3.126434,-0.696620,0.563366,3.459297,-0.331412,0.922293,3.182979,-0.466464,0.906285,3.560504
168,-0.457728,0.077004,3.582648,-0.442145,-0.095684,3.656154,-0.398769,-0.289225,3.430658,-0.045499,-0.238966,3.039199,0.150079,-0.055085,2.949132,0.035031,0.213386,3.008742,-0.347136,0.381578,3.506891,-0.124848,0.439318,3.262947,-0.354608,0.744822,3.114102,-0.712432,0.611020,3.479613,-0.389220,0.890732,3.209055,-0.486134,0.881735,3.565778
169,-0.451631,0.069909,3.587078,-0.430544,-0.096343,3.660363,-0.383390,-0.305906,3.426888,-0.061433,-0.242841,3.035070,0.150721,-0.054100,2.952057,0.040385,0.201690,3.016629,-0.342838,0.350321,3.480309,-0.146558,0.413703,3.233601,-0.464373,0.693730,3.047516,-0.690850,0.513991,3.489243,-0.451559,0.883603,3.103486,-0.574755,0.887419,3.556652
170,-0.452627,0.081291,3.594085,-0.434231,-0.066770,3.664409,-0.381156,-0.287164,3.436240,-0.026649,-0.236929,3.037610,0.154763,-0.050443,2.949532,0.042278,0.200837,3.016237,-0.330334,0.365019,3.491467,-0.119946,0.412105,3.245393,-0.351262,0.701651,3.059515,-0.684190,0.522218,3.544468,-0.402582,0.953045,3.159534,-0.515189,0.950166,3.620944
171,-0.450577,0.077511,3.590678,-0.410472,-0.078180,3.662995,-0.382578,-0.283028,3.432584,-0.021644,-0.247911,3.045903,0.167634,-0.052607,2.943474,0.044709,0.199589,3.013526,-0.337623,0.370961,3.493375,-0.115621,0.411374,3.253499,-0.383917,0.704928,3.093559,-0.681499,0.563180,3.488499,-0.408258,0.962694,3.156667,-0.504228,0.967794,3.576554
172,-0.432263,0.077602,3.580895,-0.385254,-0.069463,3.645763,-0.351825,-0.283646,3.426607,-0.009845,-0.231686,3.052109,0.188354,-0.044092,2.962335,0.055396,0.203384,3.008865,-0.316336,0.359873,3.482818,-0.104643,0.420121,3.256505,-0.406357,0.678848,3.076203,-0.664537,0.521467,3.521294,-0.394845,0.900231,3.103099,-0.532842,0.926544,3.597535
173,-0.434528,0.069121,3.579852,-0.403431,-0.075091,3.652766,-0.341993,-0.287140,3.425274,-0.000641,-0.226973,3.059771,0.192546,-0.032226,2.957306,0.048858,0.203784,3.006767,-0.321916,0.359023,3.496584,-0.104408,0.426375,3.265912,-0.366903,0.687770,3.112362,-0.680606,0.550010,3.510976,-0.427158,0.948975,3.183257,-0.542168,0.951151,3.632920
174,-0.437550,0.078892,3.580198,-0.404175,-0.058825,3.646672,-0.352432,-0.273754,3.421440,0.001226,-0.225284,3.055010,0.197327,-0.022067,2.958020,0.050005,0.208393,3.002848,-0.311031,0.364241,3.478315,-0.093899,0.424927,3.257253,-0.310145,0.692985,3.103726,-0.661145,0.478139,3.536428,-0.411783,0.944732,3.100529,-0.558335,0.973974,3.625841
175,-0.430876,0.072882,3.577747,-0.368618,-0.059677,3.649767,-0.335048,-0.281783,3.430377,0.004612,-0.223184,3.056363,0.197034,-0.017277,2.963969,0.054289,0.204752,3.012081,-0.315363,0.354569,3.493446,-0.097329,0.418523,3.269044,-0.319221,0.697090,3.087718,-0.681939,0.509968,3.555622,-0.395440,0.964394,3.135905,-0.538573,0.956261,3.635849
176,-0.427971,0.068739,3.582185,-0.334444,-0.069132,3.626858,-0.309383,-0.289571,3.430797,0.010711,-0.222240,3.078384,0.209980,-0.014732,2.962565,0.052080,0.204050,3.009000,-0.306778,0.373656,3.503106,-0.099194,0.433787,3.281276,-0.355968,0.714229,3.101422,-0.629742,0.537910,3.541565,-0.443542,0.939853,3.124958,-0.570537,0.946551,3.589679
177,-0.410729,0.066405,3.590482,-0.322447,-0.081217,3.633848,-0.298525,-0.289872,3.435277,0.016225,-0.221740,3.078619,0.205762,-0.013122,2.959448,0.058082,0.207660,3.008932,-0.306733,0.380617,3.504247,-0.092789,0.443178,3.281047,-0.307903,0.739269,3.132094,-0.675130,0.563413,3.518154,-0.392888,0.967286,3.157897,-0.518038,0.958655,3.620265
178,-0.414330,0.059661,3.586622,-0.329933,-0.090805,3.628918,-0.287527,-0.289011,3.435729,0.029296,-0.221348,3.077201,0.208943,-0.012023,2.957122,0.059194,0.207066,3.003405,-0.305175,0.381118,3.502500,-0.086313,0.448659,3.278523,-0.307223,0.740131,3.132342,-0.676165,0.613501,3.513305,-0.407485,1.004047,3.149138,-0.562644,1.038969,3.617391
179,-0.414502,0.059635,3.591178,-0.323992,-0.083734,3.631401,-0.282702,-0.285110,3.435547,0.034385,-0.226077,3.080188,0.209813,-0.011797,2.958370,0.059387,0.198271,3.010335,-0.302939,0.377722,3.483823,-0.074519,0.439420,3.262409,-0.206911,0.723280,3.083817,-0.667540,0.557532,3.511704,-0.376346,0.995162,3.093053,-0.572130,1.011190,3.612819
180,-0.412069,0.057165,3.595633,-0.329456,-0.072386,3.624406,-0.273812,-0.273637,3.441637,0.043128,-0.222863,3.102910,0.210672,-0.007065,2.965535,0.054284,0.198585,2.998328,-0.299803,0.395005,3.497050,-0.074274,0.443488,3.281442,-0.188896,0.781194,3.198234,-0.628526,0.602665,3.516484,-0.348228,1.028143,3.238575,-0.502987,1.022997,3.623445
181,-0.416127,0.068986,3.594480,-0.327720,-0.045472,3.632332,-0.269379,-0.266917,3.451655,0.039556,-0.232429,3.104909,0.204808,-0.005612,2.968739,0.056887,0.200756,3.015405,-0.277146,0.393433,3.492789,-0.053111,0.436379,3.267509,-0.149009,0.732886,3.164940,-0.618918,0.622320,3.499787,-0.338028,1.010608,3.181142,-0.496001,1.038892,3.608716
182,-0.415431,0.067236,3.601344,-0.321570,-0.038878,3.633979,-0.273234,-0.266529,3.450557,0.039188,-0.236385,3.109202,0.202686,-0.003310,2.964836,0.050180,0.198947,3.010868,-0.272097,0.390056,3.482207,-0.042805,0.431051,3.251281,-0.098793,0.766283,3.131374,-0.607951,0.555287,3.520659,-0.344212,1.029308,3.155785,-0.501459,0.980931,3.565860
183,-0.421584,0.073337,3.604329,-0.327351,-0.046126,3.635022,-0.270067,-0.275220,3.453070,0.039734,-0.237475,3.111088,0.205457,-0.000666,2.971951,0.054604,0.206594,3.015021,-0.266142,0.393114,3.445566,-0.029959,0.428202,3.249755,-0.073412,0.764579,3.124789,-0.616670,0.592851,3.502821,-0.304543,1.049725,3.158530,-0.412524,0.996163,3.593240
184,-0.417166,0.049873,3.596741,-0.329963,-0.044105,3.630008,-0.265301,-0.280239,3.453422,0.045191,-0.234790,3.108718,0.201419,-0.000573,2.969908,0.058984,0.199919,3.011646,-0.245133,0.380870,3.433454,-0.019186,0.413539,3.240716,0.070218,0.769397,3.124982,-0.560747,0.515572,3.478719,-0.251746,0.986069,3.152462,-0.390261,0.888659,3.537766
185,-0.405678,0.055522,3.599550,-0.309956,-0.034792,3.630926,-0.275369,-0.280135,3.448135,0.041976,-0.230296,3.108577,0.202662,-0.000313,2.973882,0.054747,0.185607,3.008688,-0.249558,0.365980,3.466358,-0.033896,0.413477,3.249430,-0.081892,0.658864,3.047751,-0.583082,0.430399,3.591060,-0.319338,0.912964,3.158893,-0.434346,0.878054,3.603671
186,-0.414895,0.059171,3.598413,-0.323527,-0.048533,3.634825,-0.265394,-0.276518,3.451104,0.044396,-0.232249,3.113901,0.206792,-0.000089,2.973182,0.057593,0.190958,3.013940,-0.255018,0.379263,3.481589,-0.031713,0.416403,3.256114,-0.090370,0.708852,3.175566,-0.598641,0.586386,3.442205,-0.310445,0.952753,3.211354,-0.355484,0.966368,3.569190
187,-0.412335,0.054351,3.588220,-0.336485,-0.059558,3.622196,-0.269982,-0.277807,3.450874,0.041990,-0.232374,3.114158,0.199062,0.002074,2.992501,0.057245,0.194888,3.018263,-0.263008,0.365519,3.482251,-0.031674,0.411234,3.257717,-0.040074,0.654374,3.044268,-0.558940,0.502690,3.571050,-0.248406,0.958775,3.119136,-0.319985,0.967409,3.657559
188,-0.420030,0.066222,3.588484,-0.326142,-0.054655,3.626795,-0.270637,-0.278767,3.448071,0.045936,-0.228686,3.108779,0.189725,0.010224,2.988500,0.061503,0.197833,3.010302,-0.270171,0.366437,3.491064,-0.036178,0.413976,3.263863,-0.053215,0.620728,3.071105,-0.596318,0.514646,3.552181,-0.305776,0.997698,3.104799,-0.438350,0.988197,3.651261
189,-0.413522,0.062761,3.589645,-0.328030,-0.056883,3.627208,-0.273754,-0.285377,3.450778,0.046502,-0.227850,3.113539,0.190365,0.014518,2.993861,0.057299,0.195649,3.013249,-0.269704,0.367802,3.484327,-0.039282,0.417202,3.264085,-0.098445,0.722760,3.123386,-0.604298,0.571326,3.504535,-0.345821,0.993665,3.149397,-0.472762,1.004195,3.597546
190,-0.403999,0.055123,3.590897,-0.326181,-0.057739,3.625648,-0.272877,-0.280676,3.452872,0.048869,-0.221234,3.109076,0.191884,0.016706,2.994667,0.063758,0.201934,3.015669,-0.267851,0.370963,3.499233,-0.035702,0.428724,3.278425,-0.068026,0.749693,3.161116,-0.584068,0.586192,3.502150,-0.303494,0.977943,3.182475,-0.435268,0.976796,3.618014
191,-0.404513,0.052921,3.591314,-0.321542,-0.063619,3.626683,-0.267518,-0.285888,3.447587,0.046510,-0.230702,3.115874,0.193769,0.018324,2.991608,0.061173,0.200214,3.016632,-0.261942,0.357510,3.450246,-0.038322,0.415660,3.258420,-0.120914,0.662681,3.046837,-0.596419,0.532928,3.547787,-0.348500,0.935651,3.073503,-0.484256,0.976645,3.627436
192,-0.414264,0.060719,3.593529,-0.338019,-0.074460,3.614731,-0.276571,-0.289695,3.441132,0.041142,-0.233789,3.106014,0.188792,0.018105,2.987849,0.055989,0.194133,3.015759,-0.273988,0.356887,3.487592,-0.044728,0.408143,3.273612,-0.027770,0.666801,3.106720,-0.575175,0.521391,3.524282,-0.270752,0.976107,3.134638,-0.438234,0.985130,3.630534
193,-0.408363,0.063248,3.598557,-0.348907,-0.074290,3.618149,-0.277554,-0.280736,3.444296,0.044863,-0.226103,3.109454,0.186068,0.017773,2.993590,0.057309,0.188912,3.008404,-0.280185,0.358501,3.485069,-0.047869,0.407003,3.269137,-0.135578,0.602788,3.030757,-0.616063,0.540095,3.582004,-0.336587,0.906981,3.050148,-0.455715,0.969370,3.678486
194,-0.406108,0.052325,3.599201,-0.343633,-0.094222,3.613988,-0.273904,-0.279837,3.442855,0.043410,-0.224278,3.108082,0.186085,0.017460,2.995921,0.053396,0.191291,3.006582,-0.277803,0.358201,3.484987,-0.051109,0.411405,3.273788,-0.204307,0.650672,3.050440,-0.603675,0.490718,3.546513,-0.350882,0.848430,3.052431,-0.491137,0.906196,3.623781
195,-0.417489,0.062970,3.594052,-0.350828,-0.093334,3.620530,-0.278399,-0.287243,3.430450,0.044542,-0.224939,3.089062,0.181767,0.018129,2.985046,0.050654,0.203735,3.012207,-0.288392,0.364468,3.453749,-0.063983,0.418025,3.272547,-0.179544,0.699150,3.090512,-0.621232,0.530959,3.531580,-0.333147,0.866214,3.092174,-0.471587,0.917174,3.651181
196,-0.418149,0.061223,3.601583,-0.346866,-0.099267,3.620520,-0.275736,-0.289153,3.431503,0.038883,-0.232639,3.092494,0.197007,0.011261,2.985692,0.052969,0.203370,3.013516,-0.289338,0.361009,3.498821,-0.081004,0.422663,3.292332,-0.359148,0.702880,3.102704,-0.611467,0.568585,3.536059,-0.394401,0.939093,3.132830,-0.519161,0.960668,3.632169
197,-0.421542,0.059024,3.587661,-0.352927,-0.087403,3.613830,-0.285415,-0.285245,3.426751,0.038371,-0.226721,3.083618,0.198359,0.007010,2.989382,0.046407,0.205310,3.009601,-0.310721,0.368786,3.503485,-0.088934,0.429802,3.299594,-0.281867,0.737022,3.151349,-0.677957,0.586271,3.523128,-0.401650,0.998009,3.198182,-0.526973,1.022651,3.657084
198,-0.425862,0.065693,3.587819,-0.354040,-0.099854,3.626101,-0.292790,-0.296794,3.422658,0.036432,-0.217145,3.060328,0.197786,0.002141,2.975117,0.057056,0.204943,3.014744,-0.315228,0.370976,3.482202,-0.100127,0.425184,3.251681,-0.309136,0.728723,3.065135,-0.600699,0.572579,3.502909,-0.399129,0.972323,3.092512,-0.512682,1.027541,3.577053
199,-0.423267,0.073464,3.596391,-0.357008,-0.101637,3.626113,-0.301641,-0.307735,3.419101,0.034242,-0.221300,3.060064,0.196254,-0.001250,2.967187,0.054808,0.202573,3.008332,-0.310161,0.359963,3.482429,-0.088297,0.416023,3.259749,-0.276566,0.717579,3.093229,-0.616520,0.539988,3.515312,-0.346868,0.955549,3.109008,-0.482220,0.973088,3.653273
200,-0.427980,0.071424,3.590240,-0.369663,-0.104490,3.627138,-0.317140,-0.302920,3.417505,0.024814,-0.227677,3.059597,0.195861,-0.009586,2.974383,0.052620,0.205020,3.012768,-0.319805,0.361200,3.479033,-0.095698,0.410752,3.263398,-0.309584,0.726330,3.131451,-0.685909,0.570663,3.484012,-0.407882,0.956317,3.160030,-0.547386,0.966060,3.596359
201,-0.426438,0.081499,3.586104,-0.376184,-0.100572,3.619539,-0.327712,-0.301636,3.412381,0.018680,-0.233428,3.065795,0.195557,-0.018507,2.972756,0.048857,0.204589,3.010973,-0.319058,0.358488,3.493099,-0.095823,0.418903,3.285375,-0.348440,0.723070,3.150161,-0.617107,0.562799,3.515554,-0.445339,0.974701,3.203805,-0.538147,0.977307,3.604640
202,-0.428795,0.072545,3.582721,-0.384737,-0.124942,3.632861,-0.327149,-0.318715,3.423496,0.020702,-0.243268,3.041794,0.193449,-0.028169,2.959789,0.051597,0.210024,3.009650,-0.327447,0.361365,3.482459,-0.106729,0.419969,3.249346,-0.378419,0.710904,3.097627,-0.626515,0.535633,3.536505,-0.406324,0.934927,3.133091,-0.520887,0.924111,3.621549
203,-0.437035,0.080347,3.600637,-0.399515,-0.124725,3.641643,-0.343872,-0.330032,3.429132,0.020524,-0.255899,3.019890,0.191611,-0.038269,2.943776,0.049851,0.208401,3.006531,-0.305194,0.355254,3.481496,-0.069123,0.409787,3.262273,-0.188422,0.622753,3.147445,-0.672551,0.506245,3.498803,-0.276307,0.797245,3.197253,-0.420308,0.805149,3.590315
204,-0.440627,0.077567,3.596132,-0.434839,-0.125123,3.639389,-0.377239,-0.341855,3.422116,-0.014610,-0.292696,3.021349,0.168987,-0.053014,2.941115,0.045397,0.208145,3.010815,-0.316052,0.337510,3.464560,-0.091443,0.392142,3.245329,-0.299372,0.610796,3.137760,-0.703237,0.487612,3.473905,-0.356081,0.702987,3.193853,-0.415449,0.780285,3.594756
205,-0.435950,0.086258,3.595446,-0.436035,-0.102394,3.643054,-0.388552,-0.340680,3.413570,-0.002875,-0.303446,3.016454,0.168385,-0.059350,2.935532,0.044331,0.206404,3.004474,-0.305699,0.332832,3.464833,-0.062111,0.391372,3.239037,-0.108131,0.631681,3.122529,-0.703171,0.494006,3.470476,-0.306325,0.766435,3.189046,-0.364168,0.777066,3.575432
206,-0.424116,0.074514,3.591715,-0.408809,-0.132821,3.627899,-0.382717,-0.358815,3.399449,-0.017337,-0.307145,3.007895,0.161965,-0.063981,2.935289,0.046698,0.207225,3.003201,-0.315375,0.319318,3.445447,-0.092323,0.383565,3.224708,-0.340807,0.609543,3.080989,-0.675099,0.513492,3.514989,-0.372470,0.762839,3.113672,-0.484404,0.749173,3.559879
207,-0.433815,0.088967,3.608132,-0.433865,-0.114466,3.634385,-0.388260,-0.370805,3.410198,-0.010687,-0.310058,2.993680,0.153935,-0.062832,2.933277,0.053472,0.217644,3.001405,-0.323803,0.319219,3.464288,-0.092051,0.380007,3.229983,-0.256060,0.636302,3.126275,-0.670731,0.485177,3.477643,-0.346455,0.756526,3.139954,-0.480041,0.698275,3.551340
208,-0.437186,0.076301,3.600357,-0.407430,-0.154439,3.622485,-0.375616,-0.402679,3.407421,-0.010185,-0.336897,2.994141,0.154771,-0.060468,2.925222,0.053278,0.226545,2.997752,-0.331481,0.314743,3.468872,-0.103834,0.374187,3.220304,-0.377164,0.674145,3.090400,-0.674627,0.549444,3.482652,-0.328303,0.800480,3.091379,-0.446511,0.781889,3.610519
209,-0.441893,0.088218,3.601636,-0.431101,-0.150867,3.614578,-0.376022,-0.431570,3.401344,-0.016650,-0.358450,2.993747,0.151073,-0.061227,2.932639,0.048991,0.218803,2.995656,-0.320449,0.313419,3.477839,-0.107347,0.362996,3.229307,-0.412343,0.711535,3.133464,-0.644886,0.594429,3.516992,-0.326863,0.871626,3.196670,-0.439671,0.879165,3.643574
210,-0.437632,0.087842,3.610596,-0.410388,-0.145753,3.622572,-0.368325,-0.439031,3.395277,-0.013261,-0.349502,2.987708,0.150587,-0.057028,2.933184,0.047228,0.225490,2.995307,-0.326379,0.317924,3.475140,-0.114691,0.365404,3.229536,-0.375374,0.729822,3.124461,-0.632393,0.599847,3.527365,-0.315431,0.848781,3.156308,-0.435246,0.800647,3.655628
211,-0.439493,0.083438,3.590250,-0.428990,-0.141861,3.601667,-0.380226,-0.447785,3.398967,-0.014357,-0.378827,2.998780,0.132136,-0.061413,2.930600,0.053169,0.220937,3.003113,-0.329315,0.319903,3.473663,-0.107439,0.363917,3.228880,-0.402963,0.783970,3.175414,-0.660524,0.657611,3.468709,-0.360659,0.987315,3.257302,-0.487420,0.924980,3.592159
212,-0.438854,0.086698,3.595450,-0.381185,-0.157315,3.606891,-0.381673,-0.453368,3.399760,-0.016646,-0.389301,2.998293,0.142042,-0.060916,2.938308,0.047832,0.210060,2.994788,-0.332695,0.329497,3.477299,-0.113663,0.368095,3.230514,-0.422511,0.824157,3.181457,-0.630146,0.735346,3.482580,-0.398045,0.972256,3.263239,-0.494069,0.911637,3.606604
213,-0.440380,0.095250,3.585628,-0.394245,-0.150379,3.609766,-0.389150,-0.458082,3.399502,-0.018192,-0.392279,2.998691,0.127936,-0.062273,2.938479,0.041082,0.201761,2.993693,-0.336825,0.335126,3.478324,-0.116172,0.373373,3.226371,-0.397240,0.831801,3.188854,-0.619763,0.743386,3.487555,-0.445682,0.999488,3.244853,-0.534772,0.931990,3.591751
214,-0.442507,0.086198,3.587261,-0.391490,-0.157711,3.606945,-0.387739,-0.463806,3.397841,-0.016117,-0.389601,2.998479,0.123767,-0.062004,2.936501,0.046242,0.205816,3.003481,-0.332563,0.336165,3.468493,-0.116200,0.380541,3.224383,-0.372257,0.868837,3.188148,-0.610718,0.751622,3.494504,-0.435505,0.985112,3.255129,-0.544547,0.901090,3.602500
215,-0.438224,0.097049,3.589702,-0.392622,-0.147930,3.585415,-0.387032,-0.479068,3.409134,-0.023534,-0.420499,2.999210,0.111874,-0.065916,2.965006,0.043537,0.210715,3.008615,-0.328671,0.326863,3.476854,-0.106983,0.368009,3.226005,-0.387475,0.852603,3.216015,-0.632903,0.720704,3.462213,-0.401643,0.994653,3.287343,-0.464669,0.949552,3.585685
216,-0.407514,0.136990,3.606141,-0.411567,-0.139042,3.585224,-0.398300,-0.483565,3.407432,-0.018757,-0.428648,3.003767,0.120782,-0.064747,2.955100,0.042693,0.210449,3.001898,-0.335860,0.313671,3.473105,-0.100394,0.352490,3.217427,-0.354940,0.857282,3.207532,-0.598335,0.761834,3.474188,-0.431834,1.000125,3.282832,-0.485197,0.960104,3.579158
217,-0.436583,0.079478,3.592091,-0.422819,-0.145624,3.579328,-0.390410,-0.484596,3.402742,-0.019149,-0.443566,2.997961,0.104833,-0.067035,2.956992,0.047634,0.212578,3.005534,-0.338240,0.309332,3.480116,-0.096222,0.350440,3.227375,-0.351208,0.842127,3.207844,-0.638975,0.734324,3.477255,-0.431502,1.046009,3.267802,-0.495527,0.998214,3.584284
218,-0.452529,0.057922,3.587943,-0.405313,-0.178032,3.577515,-0.373652,-0.530474,3.393263,-0.029231,-0.459604,2.997266,0.091395,-0.069119,2.956481,0.046817,0.219798,3.005705,-0.332851,0.296950,3.469247,-0.108249,0.344497,3.211396,-0.392460,0.850231,3.204911,-0.606417,0.723633,3.469581,-0.489443,1.016682,3.266732,-0.562671,1.002013,3.555767
219,-0.456040,0.065974,3.602441,-0.399590,-0.206616,3.545218,-0.378443,-0.545211,3.408282,-0.027582,-0.467357,2.998855,0.094565,-0.076220,2.987906,0.051413,0.221088,3.020445,-0.326276,0.279876,3.472556,-0.101304,0.337126,3.218601,-0.384857,0.846447,3.221038,-0.563740,0.726927,3.471949,-0.410818,1.034360,3.287578,-0.515217,0.983436,3.543731
220,-0.456002,0.077384,3.600030,-0.400917,-0.200483,3.540632,-0.381094,-0.572063,3.399713,-0.027051,-0.486297,2.993768,0.087495,-0.079763,2.988954,0.048294,0.220869,3.014928,-0.339220,0.272033,3.463213,-0.116405,0.328550,3.217827,-0.394829,0.846346,3.200864,-0.592410,0.735098,3.464503,-0.442853,1.019329,3.275248,-0.556339,0.975739,3.542803
221,-0.445343,0.100692,3.597003,-0.391158,-0.184151,3.543934,-0.379308,-0.579971,3.401243,-0.027874,-0.502128,2.997854,0.072186,-0.085651,2.990172,0.048190,0.220524,3.017658,-0.331730,0.266154,3.462559,-0.109314,0.312132,3.214421,-0.382793,0.824801,3.198220,-0.588249,0.702389,3.458283,-0.470616,0.924755,3.270708,-0.507850,0.928063,3.542755
222,-0.445617,0.075847,3.593879,-0.374941,-0.229743,3.516179,-0.372000,-0.607673,3.403550,-0.038856,-0.525258,2.996174,0.067512,-0.102852,3.017297,0.051636,0.212670,3.038334,-0.330754,0.247277,3.462008,-0.119941,0.306688,3.209767,-0.373185,0.794754,3.202532,-0.555921,0.671622,3.449928,-0.462413,1.069154,3.264680,-0.529043,0.997440,3.495556
223,-0.425447,0.085372,3.602240,-0.365714,-0.239136,3.517736,-0.360744,-0.624967,3.403686,-0.047903,-0.540555,2.996354,0.047108,-0.117489,3.012231,0.050046,0.219897,3.048933,-0.316695,0.223113,3.469045,-0.116932,0.292210,3.214845,-0.431392,0.775238,3.193447,-0.589715,0.645555,3.438737,-0.452799,0.963857,3.264864,-0.531139,0.949150,3.512838
224,-0.415519,0.096728,3.599416,-0.358296,-0.229632,3.519066,-0.377819,-0.655196,3.400626,-0.047766,-0.560278,2.996770,0.017142,-0.127453,3.010846,0.045136,0.217153,3.038587,-0.334411,0.228029,3.465702,-0.125155,0.278434,3.211293,-0.383307,0.792459,3.189114,-0.571288,0.690654,3.439063,-0.505603,0.987645,3.254175,-0.549502,0.963848,3.497149
225,-0.417356,0.103382,3.598123,-0.366730,-0.216884,3.519521,-0.375198,-0.649452,3.402578,-0.044311,-0.551732,2.996434,0.029110,-0.119925,3.010070,0.054328,0.218975,3.047121,-0.334899,0.227954,3.462478,-0.130054,0.271369,3.205347,-0.368732,0.763697,3.200406,-0.558828,0.663387,3.452264,-0.536825,1.013406,3.247461,-0.560624,0.983484,3.503208
226,-0.415965,0.085349,3.586680,-0.359886,-0.227157,3.508297,-0.353757,-0.657559,3.402775,-0.048115,-0.554720,3.002284,0.017727,-0.122037,3.023625,0.039106,0.222541,3.044851,-0.335066,0.220414,3.461759,-0.130870,0.268618,3.207680,-0.381758,0.736776,3.226213,-0.587032,0.657504,3.436976,-0.539375,1.042825,3.262251,-0.591046,1.000491,3.477953
227,-0.425241,0.104483,3.588832,-0.364100,-0.226521,3.512636,-0.382402,-0.670082,3.399717,-0.045559,-0.572147,3.001009,0.007108,-0.138471,3.025107,0.038169,0.216925,3.041067,-0.347744,0.214016,3.462914,-0.150463,0.262230,3.205809,-0.345976,0.744230,3.227751,-0.552686,0.650427,3.478024,-0.454609,1.040411,3.278340,-0.540889,0.960939,3.508786
228,-0.427861,0.076892,3.585781,-0.372812,-0.237574,3.514521,-0.381991,-0.673198,3.401469,-0.043408,-0.566855,2.999532,0.009579,-0.134697,3.023355,0.038105,0.205496,3.042555,-0.348074,0.220816,3.453036,-0.134857,0.263420,3.195831,-0.342483,0.758627,3.205402,-0.552708,0.623820,3.461909,-0.386858,1.146806,3.264817,-0.499343,1.051550,3.482841
229,-0.427570,0.135759,3.587458,-0.379153,-0.210359,3.514741,-0.389384,-0.659636,3.398984,-0.034854,-0.570361,3.002583,0.016888,-0.129556,3.032744,0.032624,0.211353,3.057965,-0.342207,0.218880,3.468637,-0.131552,0.265814,3.214784,-0.272807,0.778741,3.241841,-0.527613,0.670429,3.474399,-0.447314,1.088233,3.265860,-0.513729,1.032997,3.531703
230,-0.438364,0.072981,3.583889,-0.372901,-0.248217,3.503491,-0.382262,-0.658493,3.394283,-0.046247,-0.566339,3.000539,0.008918,-0.135152,3.021368,0.033536,0.209918,3.049781,-0.353787,0.205899,3.460654,-0.148100,0.263167,3.204965,-0.374345,0.774628,3.227422,-0.542550,0.638207,3.486518,-0.445953,1.079528,3.308830,-0.491957,1.053491,3.539971
231,-0.452600,0.118280,3.590476,-0.393456,-0.217513,3.502952,-0.384232,-0.645335,3.389519,-0.041757,-0.556805,2.990434,0.013000,-0.127373,3.011833,0.035928,0.216525,3.024488,-0.358280,0.218299,3.460217,-0.145376,0.267647,3.202942,-0.345112,0.796370,3.220012,-0.540471,0.682901,3.477927,-0.460467,1.053990,3.300287,-0.515693,1.048545,3.564867
232,-0.447182,0.111840,3.594061,-0.389098,-0.216751,3.503966,-0.379945,-0.630075,3.389670,-0.038936,-0.551530,2.989190,0.014088,-0.127784,3.011552,0.043439,0.215196,3.024172,-0.361029,0.224718,3.441506,-0.150995,0.266908,3.176305,-0.343329,0.786133,3.189605,-0.541816,0.670286,3.444667,-0.483001,1.148751,3.268444,-0.535901,1.154785,3.502272
233,-0.435614,0.100900,3.584167,-0.360906,-0.213707,3.503043,-0.381333,-0.621160,3.394423,-0.049904,-0.550721,2.991908,0.008738,-0.138755,3.008735,0.045149,0.213546,3.039161,-0.344411,0.227951,3.450389,-0.146360,0.264011,3.188756,-0.431381,0.789520,3.193240,-0.562481,0.694341,3.458550,-0.446269,0.980092,3.284657,-0.495067,0.969469,3.546849
234,-0.436331,0.115187,3.600835,-0.364493,-0.191469,3.550780,-0.381602,-0.600036,3.407999,-0.057836,-0.539644,2.983918,0.012639,-0.126733,2.993199,0.040548,0.215921,3.022604,-0.351539,0.243355,3.453323,-0.158818,0.280726,3.191700,-0.381386,0.792478,3.191554,-0.553659,0.722352,3.460047,-0.502644,0.965704,3.262061,-0.542931,0.934121,3.545123
235,-0.410088,0.125576,3.606740,-0.370061,-0.169783,3.557631,-0.376548,-0.578550,3.409159,-0.053020,-0.526080,2.985429,0.023710,-0.112330,2.993027,0.049031,0.220619,3.022398,-0.329396,0.249913,3.455552,-0.145233,0.285443,3.195318,-0.367455,0.792723,3.194870,-0.543287,0.701835,3.469262,-0.392030,1.009414,3.280545,-0.460245,0.962396,3.577585
236,-0.437345,0.111257,3.592445,-0.393814,-0.170034,3.546178,-0.381812,-0.575100,3.407335,-0.051118,-0.515302,2.988111,0.023866,-0.111099,3.001739,0.047914,0.217501,3.030299,-0.331063,0.261553,3.456071,-0.145255,0.298317,3.192443,-0.410109,0.792721,3.188980,-0.576434,0.706473,3.464818,-0.455510,1.048392,3.267351,-0.554670,1.021050,3.551830
237,-0.457978,0.074892,3.588429,-0.429242,-0.186048,3.548858,-0.398951,-0.569432,3.413028,-0.045653,-0.495723,2.993017,0.045057,-0.097350,3.001793,0.049421,0.218829,3.034415,-0.327176,0.252273,3.463537,-0.125711,0.296526,3.204649,-0.356894,0.807100,3.203129,-0.542192,0.686469,3.477008,-0.395679,1.012234,3.251347,-0.481049,0.983235,3.551441
238,-0.441597,0.071364,3.571532,-0.430938,-0.164539,3.609604,-0.398494,-0.518485,3.417553,-0.048392,-0.454515,2.983655,0.056135,-0.068428,2.942241,0.050145,0.228277,3.007570,-0.324627,0.290375,3.478567,-0.132139,0.331767,3.204334,-0.394124,0.806639,3.201486,-0.572138,0.681527,3.511488,-0.447505,0.995252,3.259864,-0.521844,0.955088,3.596072
239,-0.438637,0.051358,3.589182,-0.434266,-0.175622,3.602056,-0.405135,-0.492520,3.418455,-0.041170,-0.432654,2.986597,0.083170,-0.059640,2.946713,0.050760,0.232752,3.007553,-0.323577,0.290646,3.478055,-0.110763,0.358433,3.209742,-0.359409,0.819538,3.181559,-0.577161,0.690660,3.521722,-0.385029,0.982815,3.267344,-0.458559,0.948306,3.648015
240,-0.459541,0.079958,3.583616,-0.431214,-0.145879,3.600240,-0.417398,-0.475576,3.415461,-0.021953,-0.427516,2.988899,0.080821,-0.062456,2.944558,0.037292,0.228346,3.008157,-0.320609,0.301571,3.468197,-0.089236,0.365645,3.209293,-0.316351,0.823911,3.158836,-0.605716,0.682763,3.480894,-0.346622,1.017366,3.236129,-0.430221,0.962963,3.613962
241,-0.453325,0.068473,3.588495,-0.430747,-0.170047,3.595332,-0.412824,-0.471279,3.414757,-0.029020,-0.419532,2.988953,0.083078,-0.063426,2.956684,0.037859,0.220084,2.986810,-0.326589,0.291584,3.483481,-0.111191,0.363577,3.217600,-0.428286,0.831232,3.193832,-0.600308,0.732195,3.504940,-0.382391,0.925428,3.283875,-0.476468,0.884819,3.637652
242,-0.459603,0.071052,3.579262,-0.415238,-0.147177,3.631310,-0.420103,-0.434634,3.412522,-0.025139,-0.380340,2.989722,0.090749,-0.057930,2.897434,0.039380,0.209419,2.992377,-0.342154,0.346028,3.462415,-0.112495,0.385686,3.206314,-0.388450,0.840841,3.135662,-0.633042,0.731002,3.467158,-0.373870,0.991287,3.193441,-0.478040,0.947984,3.564234
243,-0.456135,0.045178,3.573817,-0.454483,-0.146187,3.628259,-0.416916,-0.410644,3.411478,-0.034450,-0.358779,2.996355,0.108332,-0.058617,2.898562,0.040568,0.204033,2.987478,-0.334320,0.370466,3.474704,-0.111920,0.405891,3.214200,-0.371076,0.839807,3.142587,-0.616954,0.724559,3.491968,-0.386126,0.931655,3.223411,-0.475458,0.909615,3.606249
244,-0.444350,0.055566,3.578565,-0.447347,-0.148117,3.629976,-0.415283,-0.393745,3.416285,-0.043453,-0.351508,3.000274,0.111087,-0.064379,2.896583,0.039981,0.201244,2.985048,-0.341751,0.343518,3.455806,-0.122435,0.401049,3.199336,-0.398172,0.804261,3.081924,-0.626592,0.700994,3.500990,-0.379306,0.981142,3.159586,-0.536564,0.960137,3.594675
245,-0.447906,0.069509,3.581997,-0.431685,-0.119277,3.643482,-0.411906,-0.360253,3.413302,-0.038117,-0.311663,3.002396,0.127686,-0.064537,2.893907,0.039243,0.201773,2.993147,-0.329067,0.380635,3.466560,-0.115081,0.415102,3.217534,-0.415924,0.796605,3.145910,-0.607365,0.700769,3.466211,-0.401899,0.964111,3.214034,-0.526975,0.958767,3.562034
246,-0.437013,0.075464,3.595088,-0.440072,-0.107845,3.650895,-0.404412,-0.331268,3.420507,-0.031724,-0.288963,3.006260,0.135826,-0.063357,2.899631,0.037537,0.202172,2.985304,-0.334211,0.388044,3.459065,-0.120999,0.425527,3.206505,-0.379871,0.792505,3.102621,-0.625593,0.671547,3.471854,-0.390287,0.991532,3.186244,-0.521750,1.028585,3.582967
247,-0.450935,0.077958,3.580372,-0.457840,-0.113829,3.639565,-0.408831,-0.323761,3.427549,-0.023367,-0.277619,3.007253,0.133664,-0.059155,2.906280,0.043892,0.202659,2.983515,-0.334314,0.378057,3.472813,-0.108479,0.424531,3.216650,-0.331049,0.772434,3.073981,-0.618604,0.675373,3.492907,-0.340066,0.960457,3.161604,-0.450816,0.965788,3.619149
248,-0.432817,0.098318,3.600955,-0.404236,-0.074554,3.658871,-0.392083,-0.318605,3.436906,-0.043309,-0.281173,3.016662,0.168108,-0.058903,2.897542,0.047785,0.205325,2.986504,-0.315906,0.372303,3.477588,-0.113103,0.415851,3.226701,-0.427370,0.724733,3.090023,-0.679873,0.624059,3.458653,-0.384265,0.966266,3.196911,-0.481711,0.960025,3.575518
249,-0.435805,0.100454,3.593656,-0.399491,-0.070358,3.662875,-0.393560,-0.294979,3.426579,-0.053744,-0.258845,3.013825,0.173732,-0.060759,2.909152,0.048318,0.202509,3.003628,-0.321910,0.364476,3.471123,-0.125914,0.414438,3.225088,-0.397365,0.672178,3.014272,-0.679598,0.547345,3.489921,-0.398863,0.882518,3.084876,-0.500296,0.857526,3.594028
250,-0.430679,0.076949,3.598691,-0.402018,-0.078425,3.664679,-0.389387,-0.271724,3.429627,-0.050306,-0.235904,3.038144,0.162319,-0.061294,2.914860,0.047029,0.198391,2.993516,-0.328736,0.362653,3.470473,-0.125033,0.410664,3.230623,-0.340711,0.680680,3.064476,-0.677277,0.564326,3.460157,-0.375891,0.893133,3.130550,-0.455906,0.916874,3.573331
251,-0.435483,0.075928,3.595028,-0.414043,-0.083959,3.663101,-0.382515,-0.256344,3.427136,-0.043690,-0.232475,3.041022,0.191783,-0.058192,2.911998,0.051839,0.198400,2.985145,-0.330423,0.359886,3.473232,-0.126072,0.410402,3.236267,-0.351759,0.736999,3.046900,-0.673442,0.578811,3.504977,-0.402629,0.800760,3.122366,-0.474594,0.851080,3.586653
252,-0.436275,0.077476,3.592917,-0.413038,-0.070090,3.663868,-0.381303,-0.259585,3.425781,-0.041223,-0.235789,3.036521,0.192404,-0.055928,2.909569,0.053926,0.198682,2.996467,-0.324869,0.367009,3.468121,-0.121066,0.411930,3.237326,-0.353711,0.692586,3.083797,-0.608789,0.532723,3.471475,-0.394516,0.858355,3.145675,-0.459539,0.908269,3.558053
253,-0.442657,0.078485,3.589360,-0.404882,-0.080320,3.660132,-0.378292,-0.266971,3.426630,-0.031859,-0.229812,3.027328,0.188259,-0.055731,2.913985,0.051357,0.195060,2.995102,-0.323781,0.350871,3.474820,-0.121894,0.405174,3.244430,-0.347005,0.714599,3.025620,-0.664829,0.579712,3.533083,-0.361808,0.885601,3.122838,-0.433724,0.921766,3.619367
254,-0.431451,0.078049,3.590982,-0.411681,-0.076123,3.678495,-0.366191,-0.262430,3.424606,-0.020130,-0.227771,3.069058,0.192745,-0.048034,2.899646,0.055210,0.193670,2.998739,-0.330561,0.365821,3.482561,-0.126156,0.409175,3.249478,-0.340478,0.696830,3.068509,-0.672215,0.561751,3.469681,-0.487615,0.919375,3.154656,-0.589422,0.954521,3.508567
255,-0.441464,0.090171,3.600809,-0.440721,-0.056118,3.683722,-0.363347,-0.250381,3.432902,0.006102,-0.205196,3.084087,0.208197,-0.032096,2.894119,0.064362,0.196619,2.982741,-0.316901,0.390342,3.485036,-0.081680,0.436603,3.263574,-0.193441,0.731121,3.126040,-0.697871,0.571498,3.508002,-0.387567,0.981606,3.211059,-0.496266,0.937199,3.612548
256,-0.423773,0.059685,3.597029,-0.405261,-0.128036,3.673276,-0.315945,-0.268064,3.439306,0.036497,-0.196138,3.077493,0.225440,-0.011057,2.889490,0.052669,0.197640,2.997276,-0.303724,0.380549,3.479562,-0.087206,0.438800,3.259648,-0.314435,0.730979,3.062851,-0.679860,0.591033,3.528948,-0.431558,0.984861,3.119033,-0.540918,0.995349,3.617995
257,-0.435308,0.048969,3.602076,-0.420863,-0.135790,3.668139,-0.305229,-0.265758,3.443622,0.046308,-0.192687,3.082464,0.234377,0.000381,2.888648,0.051177,0.196071,2.996693,-0.294422,0.392883,3.505300,-0.071913,0.440410,3.272879,-0.086040,0.784514,3.109439,-0.682962,0.544728,3.586130,-0.324685,0.978728,3.216347,-0.390608,0.928084,3.655650
258,-0.429192,0.049172,3.596806,-0.410627,-0.134676,3.664066,-0.305279,-0.260358,3.438142,0.043173,-0.203664,3.080646,0.226797,0.005178,2.885870,0.053095,0.194680,2.988983,-0.301351,0.382623,3.480398,-0.090073,0.433638,3.256500,-0.353041,0.734967,3.084885,-0.660313,0.579721,3.508359,-0.398338,0.936678,3.126908,-0.496226,0.957967,3.640475
259,-0.434874,0.046378,3.605793,-0.407594,-0.124264,3.662678,-0.287283,-0.256559,3.446197,0.052887,-0.203390,3.095441,0.229110,0.008931,2.900433,0.055349,0.196685,2.992759,-0.282069,0.405588,3.460227,-0.068121,0.439682,3.266435,-0.232417,0.768695,3.107166,-0.666503,0.621065,3.504922,-0.381427,1.029417,3.160984,-0.475490,1.017232,3.632749
260,-0.441958,0.055460,3.601645,-0.412613,-0.118788,3.662149,-0.287421,-0.266838,3.445372,0.045777,-0.206854,3.100333,0.226231,0.009731,2.898491,0.051866,0.195906,2.994524,-0.279949,0.406955,3.484805,-0.067038,0.436983,3.258218,-0.134340,0.763099,3.112382,-0.659330,0.602095,3.495215,-0.338219,1.071632,3.173591,-0.433604,0.984701,3.610739
261,-0.430965,0.039246,3.610213,-0.411635,-0.137769,3.664059,-0.269052,-0.272371,3.453004,0.046984,-0.207316,3.104439,0.226046,0.014092,2.902776,0.054642,0.194820,2.992385,-0.276117,0.411073,3.490881,-0.052430,0.439595,3.266341,-0.132530,0.816113,3.165259,-0.643987,0.667552,3.500026,-0.292617,1.114838,3.217937,-0.442736,1.054365,3.643305
262,-0.424012,0.050059,3.604489,-0.374748,-0.102961,3.653617,-0.254397,-0.269982,3.449878,0.059717,-0.201961,3.116983,0.224487,0.018323,2.925776,0.055182,0.191588,2.998084,-0.273736,0.415749,3.482042,-0.037970,0.439823,3.271152,0.137022,0.812549,3.202370,-0.606214,0.640179,3.494199,-0.190027,1.118365,3.254903,-0.417062,0.972542,3.591421
263,-0.418461,0.050396,3.606627,-0.341431,-0.093206,3.657588,-0.234298,-0.263883,3.452892,0.061571,-0.199665,3.121129,0.227191,0.032589,2.925767,0.053754,0.185930,2.994068,-0.269533,0.417830,3.483477,-0.027713,0.459616,3.273834,0.009287,0.816671,3.170352,-0.575248,0.590967,3.538299,-0.269034,1.088575,3.246029,-0.387851,1.024525,3.603180
264,-0.411642,0.044347,3.607329,-0.344196,-0.099340,3.661831,-0.224233,-0.272956,3.453567,0.063706,-0.200804,3.118274,0.228767,0.040670,2.924766,0.055023,0.189604,2.994008,-0.264211,0.402392,3.487603,-0.044009,0.445865,3.276134,-0.114654,0.806892,3.139249,-0.606803,0.564924,3.518592,-0.334291,1.072770,3.223085,-0.500232,1.014585,3.569263
265,-0.420142,0.053306,3.601009,-0.346283,-0.072759,3.652658,-0.226454,-0.262748,3.457438,0.068075,-0.198873,3.129998,0.231922,0.046091,2.947366,0.056970,0.185978,2.997187,-0.267621,0.403454,3.496749,-0.045477,0.444266,3.286959,-0.037760,0.791622,3.134349,-0.595249,0.586996,3.541075,-0.305440,1.071667,3.213024,-0.457525,1.010214,3.649888
266,-0.404723,0.044841,3.606238,-0.343461,-0.074921,3.659069,-0.226074,-0.259979,3.461591,0.077032,-0.189687,3.125861,0.224319,0.051029,2.938390,0.053811,0.184829,2.992157,-0.232435,0.405775,3.511262,-0.044398,0.442933,3.283013,-0.150407,0.738837,3.063983,-0.619809,0.601812,3.558100,-0.375258,0.986289,3.138418,-0.514452,1.020046,3.660017
267,-0.403755,0.047003,3.604754,-0.345403,-0.081852,3.657090,-0.223158,-0.262983,3.460857,0.074600,-0.190670,3.120475,0.224960,0.050833,2.945562,0.060836,0.185294,2.994191,-0.273373,0.385235,3.509118,-0.052257,0.431159,3.285407,-0.134888,0.737547,3.114530,-0.580005,0.612813,3.562271,-0.347775,1.051778,3.206494,-0.487723,1.044275,3.644160
268,-0.412535,0.059570,3.612641,-0.349630,-0.078530,3.656740,-0.218983,-0.261594,3.461429,0.070993,-0.193039,3.122855,0.229827,0.050567,2.950255,0.058008,0.189424,2.999853,-0.276932,0.383958,3.503898,-0.065841,0.428629,3.292558,-0.244194,0.747764,3.106842,-0.636761,0.570847,3.538970,-0.395580,1.039610,3.182388,-0.521163,1.011026,3.651092
269,-0.411172,0.056843,3.606703,-0.348167,-0.077086,3.656209,-0.221437,-0.262693,3.461290,0.072387,-0.190435,3.120145,0.230352,0.048299,2.942584,0.060339,0.192106,2.999237,-0.283944,0.378020,3.511139,-0.081900,0.430325,3.295428,-0.335302,0.732907,3.099590,-0.634214,0.610908,3.526817,-0.459835,1.043500,3.196956,-0.584289,1.046294,3.610033
270,-0.412849,0.057803,3.605005,-0.353177,-0.079112,3.661664,-0.225209,-0.263878,3.464075,0.070551,-0.192468,3.117321,0.226442,0.047718,2.951642,0.063662,0.194232,2.996001,-0.289930,0.365238,3.513818,-0.071469,0.413006,3.300150,-0.276635,0.724151,3.138532,-0.596036,0.573894,3.564576,-0.380185,1.106516,3.232147,-0.514082,1.065740,3.631493
271,-0.408781,0.058738,3.603432,-0.355634,-0.078707,3.657174,-0.225562,-0.261569,3.461619,0.071344,-0.190870,3.118698,0.231108,0.051337,2.947221,0.060650,0.194232,2.999934,-0.289794,0.380026,3.518484,-0.085547,0.425856,3.300678,-0.275689,0.765794,3.136209,-0.601169,0.565220,3.540766,-0.385594,1.037894,3.198381,-0.504399,1.036631,3.635806
272,-0.410807,0.061417,3.600173,-0.356289,-0.088287,3.665439,-0.222940,-0.264363,3.464168,0.068876,-0.192197,3.114632,0.222630,0.048094,2.947227,0.067444,0.193468,3.001243,-0.290795,0.369019,3.523018,-0.085156,0.420418,3.303931,-0.314523,0.757721,3.120989,-0.607200,0.565869,3.562585,-0.406238,1.037971,3.188244,-0.528256,1.034540,3.646054
273,-0.413656,0.065087,3.606014,-0.356397,-0.085063,3.660850,-0.224743,-0.266237,3.464416,0.066014,-0.194924,3.119686,0.225822,0.044650,2.954695,0.067758,0.191251,2.999398,-0.284390,0.365602,3.512470,-0.084916,0.420185,3.306204,-0.351701,0.704957,3.116863,-0.601237,0.555589,3.541792,-0.458458,0.976774,3.178520,-0.573572,1.000358,3.629448
274,-0.425417,0.058905,3.602923,-0.348949,-0.090515,3.636404,-0.228503,-0.266169,3.450959,0.064002,-0.202895,3.111649,0.226147,0.038850,2.980529,0.064159,0.196855,3.007437,-0.280909,0.359474,3.507701,-0.096180,0.417840,3.306179,-0.411168,0.671666,3.097102,-0.607448,0.539985,3.502831,-0.427111,0.951024,3.150744,-0.562799,0.981037,3.578258
275,-0.419456,0.042778,3.600628,-0.353240,-0.100377,3.640465,-0.236615,-0.268455,3.453418,0.059117,-0.200974,3.115088,0.210842,0.031946,2.981032,0.068061,0.200540,3.009388,-0.272128,0.368608,3.531914,-0.104012,0.424471,3.316225,-0.386648,0.699298,3.110672,-0.661518,0.568607,3.558730,-0.433203,0.936952,3.182381,-0.525301,0.973616,3.662969
276,-0.417619,0.053541,3.598479,-0.363396,-0.097976,3.644866,-0.247098,-0.269071,3.444824,0.060596,-0.200808,3.106166,0.207402,0.031333,2.974372,0.066599,0.195937,3.007520,-0.297606,0.358379,3.510521,-0.084931,0.417771,3.305553,-0.276173,0.724965,3.086174,-0.608044,0.527513,3.557254,-0.378133,0.925811,3.130594,-0.480161,0.981190,3.670651
277,-0.422851,0.056685,3.600239,-0.360849,-0.100330,3.644450,-0.255681,-0.271011,3.447107,0.053432,-0.204591,3.105882,0.199386,0.030644,2.973736,0.056473,0.194756,3.003568,-0.298601,0.368640,3.510764,-0.095272,0.422788,3.299230,-0.344456,0.687401,3.057666,-0.603719,0.527192,3.552469,-0.415320,0.923486,3.123798,-0.539182,0.972997,3.654368
278,-0.426424,0.068799,3.602072,-0.371166,-0.091143,3.635122,-0.289104,-0.273098,3.440136,0.037917,-0.207175,3.090660,0.193240,0.023104,2.987566,0.057094,0.193040,3.019180,-0.295494,0.360264,3.506950,-0.088206,0.419640,3.289012,-0.317313,0.715678,3.147643,-0.619398,0.526456,3.543953,-0.422034,0.968562,3.203744,-0.547916,0.962408,3.613709
279,-0.419075,0.064969,3.594122,-0.364738,-0.122621,3.646597,-0.296223,-0.292470,3.432691,0.036764,-0.212495,3.067504,0.189550,0.015226,2.984996,0.063508,0.202269,3.017962,-0.299758,0.354820,3.500519,-0.085833,0.428305,3.285628,-0.337949,0.715925,3.110038,-0.619755,0.492491,3.600888,-0.376388,0.971640,3.191854,-0.504606,0.931174,3.669905
280,-0.431262,0.075551,3.594719,-0.392532,-0.123560,3.646996,-0.334075,-0.291788,3.423221,0.027267,-0.216689,3.070643,0.190171,-0.004178,2.976602,0.053831,0.209701,3.020124,-0.311329,0.349727,3.479879,-0.092223,0.423516,3.264768,-0.270662,0.726707,3.095871,-0.628289,0.484397,3.583020,-0.413593,0.954570,3.136354,-0.570563,0.917814,3.671802
281,-0.423077,0.067385,3.597177,-0.379667,-0.122593,3.643387,-0.321554,-0.297428,3.423803,0.025917,-0.218211,3.069878,0.194262,-0.008194,2.972789,0.056208,0.210409,3.014878,-0.306136,0.356127,3.490747,-0.086961,0.428029,3.280577,-0.263099,0.726792,3.108771,-0.622008,0.476879,3.588867,-0.417632,0.972877,3.199251,-0.544874,0.922976,3.649606
282,-0.439221,0.074140,3.603117,-0.416990,-0.147946,3.650486,-0.356073,-0.328207,3.432333,0.010036,-0.245521,3.044648,0.191092,-0.031859,2.932440,0.046866,0.210530,3.004437,-0.319639,0.335183,3.464847,-0.094512,0.408366,3.244081,-0.288505,0.697092,3.077970,-0.710464,0.498126,3.532248,-0.395677,0.950334,3.113159,-0.521723,0.911473,3.656816
283,-0.433387,0.094603,3.609419,-0.416333,-0.144122,3.652634,-0.368380,-0.327866,3.430599,0.009212,-0.267413,3.044236,0.188654,-0.047472,2.926285,0.048380,0.210419,3.000417,-0.307127,0.345756,3.469162,-0.074564,0.404104,3.236294,-0.183872,0.696873,3.102172,-0.686518,0.527974,3.474020,-0.402632,0.886447,3.121216,-0.519518,0.903819,3.572033
284,-0.433881,0.080150,3.605543,-0.414082,-0.144090,3.651037,-0.368109,-0.325548,3.429059,0.002766,-0.274495,3.041259,0.187538,-0.047275,2.915987,0.041842,0.204986,2.996832,-0.298746,0.346373,3.466360,-0.069090,0.403289,3.221930,-0.251661,0.723653,3.108983,-0.625599,0.545339,3.524961,-0.466510,0.952282,3.183010,-0.586197,0.934425,3.580129
285,-0.439467,0.089224,3.609062,-0.438343,-0.097543,3.654413,-0.379742,-0.323021,3.425852,-0.006705,-0.282590,3.045382,0.187126,-0.048838,2.919152,0.040969,0.207736,2.997717,-0.301535,0.369931,3.458031,-0.063428,0.413750,3.229045,-0.206017,0.758173,3.169355,-0.620614,0.611411,3.471060,-0.356404,0.942508,3.207848,-0.473070,0.925205,3.548492
286,-0.440849,0.077199,3.601992,-0.418581,-0.107240,3.651582,-0.381326,-0.367745,3.434015,-0.010174,-0.296625,3.022315,0.172814,-0.056897,2.923108,0.045109,0.213043,3.002479,-0.305755,0.357399,3.482330,-0.084018,0.412878,3.233307,-0.346503,0.727370,3.117283,-0.621385,0.611933,3.501660,-0.393991,0.879900,3.169217,-0.508745,0.858144,3.533818
287,-0.433634,0.078182,3.600331,-0.428009,-0.108877,3.640571,-0.384268,-0.382758,3.439720,-0.007629,-0.315280,3.033798,0.164477,-0.062070,2.937538,0.037062,0.208975,3.002590,-0.302488,0.348144,3.472602,-0.080025,0.400305,3.233181,-0.367610,0.778720,3.142590,-0.618911,0.634392,3.468910,-0.356307,0.876324,3.194789,-0.424140,0.862968,3.571200
288,-0.447828,0.055595,3.604304,-0.422399,-0.160005,3.635526,-0.389405,-0.428354,3.426863,-0.032086,-0.348749,3.033760,0.149435,-0.067282,2.940198,0.039840,0.206869,3.002338,-0.324487,0.323456,3.474660,-0.110800,0.386672,3.235600,-0.377882,0.817731,3.204486,-0.688689,0.691302,3.472863,-0.432458,0.970364,3.268569,-0.562820,0.939466,3.591249
289,-0.443930,0.072597,3.598011,-0.442939,-0.194796,3.626999,-0.399385,-0.463826,3.422568,-0.028157,-0.372380,3.031796,0.137484,-0.070871,2.940283,0.042522,0.206832,3.003941,-0.334944,0.318995,3.471613,-0.112280,0.376154,3.231292,-0.408356,0.818410,3.144923,-0.601161,0.698284,3.511338,-0.341556,0.886563,3.215274,-0.483836,0.855410,3.629438
290,-0.448927,0.067188,3.607992,-0.444004,-0.203765,3.590898,-0.405223,-0.472247,3.419550,-0.025938,-0.390471,3.022622,0.137458,-0.070082,2.952801,0.038026,0.206376,3.004242,-0.332158,0.313634,3.470560,-0.092291,0.367324,3.228332,-0.329680,0.827643,3.195201,-0.583341,0.693781,3.477334,-0.361862,0.966985,3.247709,-0.448897,0.901986,3.576878
291,-0.456842,0.064801,3.601395,-0.442404,-0.215644,3.580885,-0.389836,-0.523659,3.411947,-0.028684,-0.430002,3.019446,0.118232,-0.070062,2.949672,0.038308,0.211115,3.010346,-0.326410,0.281600,3.473258,-0.105539,0.337656,3.226997,-0.397177,0.830032,3.211447,-0.586881,0.718785,3.494975,-0.364576,0.997225,3.289435,-0.455736,0.937424,3.604701
292,-0.446040,0.066415,3.606865,-0.439170,-0.190058,3.586814,-0.398700,-0.521824,3.413130,-0.021789,-0.455501,3.014375,0.120076,-0.075272,2.945602,0.046863,0.213001,3.004197,-0.330752,0.302425,3.478040,-0.096189,0.346137,3.224078,-0.403302,0.826960,3.188853,-0.616688,0.721083,3.492519,-0.423698,1.006942,3.252734,-0.506782,0.959608,3.599919
293,-0.450975,0.061039,3.605367,-0.416789,-0.202871,3.590168,-0.392302,-0.532098,3.408178,-0.014284,-0.457663,3.009871,0.093978,-0.075624,2.941412,0.041595,0.217550,3.010020,-0.347889,0.301766,3.473565,-0.103952,0.352591,3.219213,-0.370243,0.879949,3.206428,-0.586022,0.767029,3.486281,-0.391943,1.001318,3.271948,-0.457382,0.980469,3.595001
294,-0.450026,0.080302,3.591763,-0.406884,-0.179577,3.548113,-0.381243,-0.572531,3.400209,-0.022644,-0.492492,2.988914,0.085372,-0.094340,2.968324,0.045611,0.219446,3.010324,-0.339910,0.284797,3.455184,-0.119743,0.324963,3.196744,-0.364557,0.858187,3.182431,-0.573923,0.748541,3.484295,-0.515688,1.027736,3.281666,-0.523954,1.058250,3.599488
295,-0.445476,0.072040,3.583348,-0.381928,-0.215277,3.495638,-0.375419,-0.594960,3.384440,-0.025454,-0.516621,2.976729,0.078986,-0.109121,2.985101,0.051556,0.222140,3.018849,-0.323576,0.244939,3.449880,-0.119028,0.305288,3.181445,-0.352031,0.830660,3.185066,-0.545214,0.730112,3.454320,-0.546281,1.048898,3.261134,-0.564429,1.054819,3.536538
296,-0.439723,0.060687,3.584391,-0.370932,-0.229808,3.495112,-0.374334,-0.619484,3.383160,-0.034021,-0.528723,2.976266,0.075150,-0.107984,2.984725,0.051174,0.225292,3.018048,-0.329056,0.258112,3.452586,-0.114914,0.298422,3.183342,-0.400631,0.820515,3.176205,-0.570131,0.696771,3.457135,-0.453207,1.026394,3.273722,-0.497762,1.007962,3.562938
297,-0.427709,0.066390,3.581221,-0.355216,-0.227360,3.491785,-0.370130,-0.623064,3.382830,-0.038808,-0.531037,2.976035,0.056883,-0.103656,2.982017,0.046394,0.226774,3.020719,-0.319166,0.257449,3.446921,-0.110424,0.300545,3.180827,-0.355116,0.818146,3.186259,-0.529124,0.678719,3.482605,-0.441953,1.011458,3.279222,-0.498370,0.998088,3.567652
298,-0.413682,0.070399,3.581596,-0.346830,-0.220776,3.496012,-0.375546,-0.631925,3.381221,-0.036638,-0.550984,2.973775,0.036781,-0.118331,2.982811,0.046059,0.215696,3.024650,-0.332428,0.250493,3.456608,-0.130848,0.293613,3.182003,-0.360665,0.830270,3.191844,-0.538541,0.725800,3.467084,-0.517471,1.026983,3.275160,-0.545505,1.026944,3.553504
299,-0.442452,0.096717,3.581624,-0.364132,-0.210488,3.485364,-0.382572,-0.634793,3.375593,-0.033052,-0.571355,2.973972,0.032423,-0.137920,2.998904,0.050712,0.203671,3.025225,-0.332667,0.253577,3.447628,-0.115161,0.291988,3.179804,-0.296784,0.799920,3.208087,-0.567897,0.689735,3.460265,-0.458361,1.111218,3.263536,-0.537821,1.080025,3.530334
300,-0.434930,0.084335,3.585851,-0.364571,-0.207693,3.485509,-0.385121,-0.639098,3.373966,-0.031444,-0.574907,2.968138,0.025958,-0.145377,2.994601,0.051627,0.203854,3.018916,-0.326958,0.247122,3.440863,-0.125543,0.291559,3.171680,-0.386907,0.756273,3.170852,-0.584291,0.690676,3.438198,-0.477051,1.138925,3.256072,-0.570113,1.103279,3.517036
301,-0.433324,0.085089,3.573213,-0.359756,-0.216282,3.478194,-0.381826,-0.635410,3.370620,-0.024447,-0.566343,2.972848,0.027450,-0.132502,2.998650,0.053788,0.207080,3.021646,-0.321637,0.251860,3.440774,-0.107161,0.293942,3.171323,-0.285286,0.796188,3.170711,-0.541875,0.679596,3.462275,-0.365877,1.179738,3.247092,-0.511734,1.124224,3.517862
302,-0.419557,0.085346,3.577175,-0.360027,-0.216709,3.479583,-0.375475,-0.633960,3.372944,-0.028745,-0.563485,2.971474,0.015724,-0.137980,2.997952,0.044944,0.210297,3.026052,-0.321110,0.243755,3.441014,-0.113163,0.282547,3.177228,-0.282751,0.801530,3.198586,-0.543487,0.676706,3.474115,-0.469070,1.041980,3.262666,-0.545650,1.039883,3.534694
303,-0.394326,0.103155,3.590132,-0.342673,-0.204256,3.484663,-0.364208,-0.629718,3.372982,-0.030559,-0.563594,2.968658,0.021509,-0.136701,2.987454,0.048314,0.212844,3.012969,-0.322132,0.248708,3.433792,-0.120968,0.288585,3.165423,-0.323939,0.809366,3.164859,-0.557590,0.702780,3.436867,-0.532428,1.035032,3.235681,-0.548128,1.068884,3.512584
304,-0.431768,0.088041,3.571901,-0.353328,-0.228771,3.484109,-0.369173,-0.633197,3.374338,-0.026781,-0.560790,2.973235,0.033334,-0.135320,2.991900,0.050328,0.218209,3.019499,-0.310735,0.231759,3.427783,-0.109548,0.270708,3.160159,-0.240117,0.782576,3.167211,-0.459425,0.669830,3.466708,-0.293776,1.121821,3.228778,-0.437439,1.067098,3.522454
305,-0.447360,0.091124,3.579639,-0.370296,-0.217044,3.487805,-0.364507,-0.628363,3.375366,-0.024728,-0.559558,2.973330,0.035819,-0.139633,2.988267,0.054977,0.220807,3.020054,-0.321635,0.252744,3.430432,-0.120464,0.286441,3.165801,-0.284784,0.791404,3.194305,-0.510751,0.702064,3.462320,-0.445234,1.112097,3.241138,-0.538676,1.084781,3.515629
306,-0.445845,0.098942,3.585657,-0.355206,-0.187282,3.491584,-0.371023,-0.608317,3.378033,-0.022359,-0.552132,2.970391,0.031060,-0.127270,2.987539,0.052554,0.226744,3.012816,-0.335453,0.260146,3.429675,-0.108920,0.304970,3.168106,-0.285963,0.819912,3.184516,-0.545717,0.734985,3.438298,-0.454103,1.046163,3.253422,-0.521441,1.037328,3.517980
307,-0.401170,0.098127,3.589184,-0.367444,-0.206588,3.485093,-0.345176,-0.618621,3.373273,-0.025453,-0.534613,2.971618,0.042846,-0.101950,2.996134,0.049445,0.235528,3.015512,-0.321141,0.262226,3.430540,-0.124230,0.321369,3.168899,-0.396372,0.826429,3.168905,-0.551689,0.740361,3.432195,-0.477511,1.072686,3.254128,-0.548994,1.033054,3.527499
308,-0.432521,0.099625,3.587359,-0.343218,-0.207592,3.489270,-0.366608,-0.619073,3.371429,-0.019786,-0.541471,2.971667,0.039849,-0.123383,2.984948,0.056797,0.229783,3.016876,-0.312636,0.251785,3.426796,-0.107542,0.297175,3.165257,-0.314450,0.829390,3.183858,-0.497111,0.677580,3.472640,-0.428355,0.994359,3.255409,-0.454642,1.018418,3.542177
309,-0.456896,0.086594,3.583234,-0.387486,-0.196797,3.488649,-0.372702,-0.610702,3.377256,-0.011120,-0.530954,2.975615,0.059582,-0.114579,2.992998,0.058967,0.226288,3.014032,-0.315529,0.253623,3.431955,-0.093404,0.293494,3.173388,-0.362546,0.831556,3.175255,-0.562365,0.686298,3.450403,-0.395481,0.998325,3.256928,-0.493327,0.969649,3.541257
310,-0.447889,0.087815,3.587590,-0.414076,-0.196632,3.507683,-0.373621,-0.585966,3.383383,-0.024642,-0.518020,2.988791,0.058551,-0.109956,2.990092,0.045837,0.215758,3.034600,-0.309182,0.257530,3.443871,-0.105712,0.293881,3.185585,-0.380987,0.810194,3.202574,-0.540583,0.695226,3.479486,-0.364989,1.054769,3.271508,-0.488299,1.004052,3.556435
311,-0.449861,0.057056,3.585441,-0.410222,-0.182622,3.575278,-0.368028,-0.542249,3.409413,-0.025399,-0.469655,2.976213,0.059338,-0.078123,2.939840,0.044642,0.219102,2.999798,-0.311895,0.282508,3.465452,-0.117782,0.330998,3.189479,-0.374215,0.800929,3.207542,-0.546783,0.723835,3.511160,-0.387590,1.062374,3.283999,-0.488372,1.021785,3.615277
312,-0.440785,0.058879,3.598922,-0.446439,-0.175213,3.571742,-0.381380,-0.507595,3.410908,-0.031189,-0.436305,2.985246,0.070745,-0.072216,2.934009,0.045139,0.219823,3.004356,-0.319304,0.273632,3.454987,-0.113700,0.325081,3.186662,-0.344458,0.753116,3.183324,-0.550444,0.653160,3.487215,-0.421440,1.061660,3.254358,-0.553137,1.001040,3.565118
313,-0.449831,0.068799,3.593240,-0.451194,-0.176923,3.568046,-0.389506,-0.487853,3.413667,-0.017508,-0.437817,2.989109,0.097918,-0.059465,2.940220,0.048355,0.222735,3.019562,-0.315234,0.286764,3.460818,-0.083658,0.341014,3.204945,-0.329808,0.806257,3.161527,-0.533289,0.731187,3.502699,-0.321236,0.985579,3.290303,-0.484108,0.938054,3.618897
314,-0.450426,0.060491,3.598547,-0.451179,-0.192943,3.567317,-0.388337,-0.504800,3.408683,-0.019615,-0.426530,2.988164,0.095043,-0.063511,2.940889,0.042235,0.217056,3.001424,-0.321693,0.287007,3.457701,-0.095377,0.343566,3.198735,-0.352214,0.819645,3.195172,-0.546167,0.740317,3.502926,-0.331274,0.966818,3.278168,-0.489602,0.935958,3.605422
315,-0.450788,0.053318,3.598797,-0.453621,-0.193925,3.626379,-0.407659,-0.458524,3.418086,-0.014046,-0.398105,2.997310,0.090754,-0.054112,2.895027,0.038827,0.213655,2.995766,-0.341953,0.314145,3.453075,-0.110885,0.369903,3.194041,-0.364814,0.817793,3.125395,-0.569897,0.725876,3.485976,-0.439945,1.010583,3.196573,-0.546232,0.985045,3.574508
316,-0.445183,0.077547,3.606971,-0.453595,-0.173187,3.630604,-0.422396,-0.425911,3.423995,-0.010684,-0.370296,2.990431,0.108488,-0.055219,2.900298,0.042547,0.217160,2.998367,-0.341375,0.367888,3.474799,-0.093245,0.400992,3.211403,-0.297359,0.826859,3.146046,-0.623414,0.687617,3.499648,-0.365775,1.047480,3.210829,-0.464456,1.058104,3.606022
317,-0.453497,0.078109,3.607204,-0.449998,-0.165278,3.629489,-0.416525,-0.404053,3.418653,-0.020839,-0.364862,3.003953,0.110887,-0.057077,2.899373,0.035982,0.214706,2.985602,-0.349091,0.341666,3.432215,-0.126598,0.392936,3.192840,-0.399258,0.830743,3.095996,-0.596329,0.736664,3.478071,-0.376747,0.993750,3.179345,-0.506988,0.949823,3.590311
318,-0.448876,0.091619,3.620345,-0.450694,-0.160059,3.666603,-0.424357,-0.371873,3.452483,-0.024416,-0.316449,3.018066,0.128917,-0.052597,2.878248,0.041761,0.219732,2.991658,-0.331015,0.399509,3.493268,-0.098852,0.422182,3.225994,-0.361906,0.854956,3.156965,-0.616775,0.753307,3.499422,-0.365066,0.981765,3.254902,-0.491250,0.990092,3.609012
319,-0.451733,0.093753,3.632142,-0.457958,-0.157941,3.669980,-0.435840,-0.338601,3.456804,-0.035932,-0.290829,3.014127,0.161145,-0.053962,2.887292,0.041726,0.216711,2.987132,-0.348152,0.362119,3.480777,-0.120153,0.430010,3.206440,-0.356576,0.771251,3.062874,-0.609445,0.644458,3.542069,-0.399246,0.882038,3.135471,-0.510217,0.890884,3.579962
320,-0.455971,0.082015,3.619468,-0.452462,-0.162237,3.666267,-0.436461,-0.347402,3.450349,-0.036776,-0.288001,3.024607,0.146124,-0.056927,2.887379,0.043202,0.209226,2.986648,-0.345584,0.347239,3.472574,-0.122447,0.406552,3.209900,-0.379537,0.787158,3.125929,-0.621817,0.650497,3.497113,-0.373929,0.866471,3.183330,-0.490525,0.847510,3.562180
321,-0.463781,0.082423,3.632591,-0.475495,-0.155546,3.674909,-0.440244,-0.339889,3.445434,-0.054399,-0.286753,3.032480,0.155270,-0.056323,2.880022,0.041000,0.205202,2.985624,-0.346688,0.354513,3.480047,-0.126053,0.406137,3.216503,-0.319993,0.771098,3.099779,-0.679075,0.649252,3.500092,-0.351227,0.908076,3.163036,-0.453456,0.907098,3.594040
322,-0.452230,0.085771,3.622560,-0.437967,-0.142279,3.695590,-0.428291,-0.320584,3.450681,-0.066258,-0.262899,3.063037,0.170423,-0.060018,2.894932,0.037176,0.204397,2.996513,-0.346511,0.368776,3.489546,-0.150996,0.423459,3.243798,-0.410521,0.814585,3.115061,-0.640398,0.668922,3.512639,-0.397262,0.994741,3.192429,-0.535466,0.970606,3.557856
323,-0.460235,0.092704,3.621728,-0.455609,-0.131411,3.697830,-0.435835,-0.297209,3.447133,-0.068166,-0.227289,3.058605,0.165052,-0.060543,2.900422,0.043105,0.205106,3.004541,-0.345261,0.369146,3.480751,-0.139685,0.427365,3.238945,-0.353963,0.786816,3.084264,-0.682865,0.625638,3.505188,-0.357873,0.891398,3.158931,-0.439337,0.887191,3.563604
324,-0.454238,0.099934,3.618047,-0.445251,-0.127267,3.695934,-0.425250,-0.311036,3.449081,-0.067939,-0.232698,3.056930,0.168668,-0.063825,2.898658,0.048834,0.203149,3.001374,-0.335428,0.365623,3.478414,-0.134242,0.418692,3.229311,-0.421314,0.724195,3.042728,-0.715648,0.570605,3.514788,-0.410198,0.927975,3.135090,-0.514503,0.940918,3.555851
325,-0.449098,0.088271,3.623507,-0.432019,-0.126442,3.702948,-0.430130,-0.305331,3.455621,-0.070737,-0.240020,3.061918,0.162712,-0.065054,2.896423,0.047609,0.202686,2.995971,-0.343514,0.375654,3.478102,-0.152013,0.417425,3.228855,-0.420469,0.728322,3.123499,-0.631736,0.608193,3.471640,-0.425185,0.963278,3.163905,-0.529741,1.002512,3.567135
326,-0.452412,0.085962,3.618913,-0.441332,-0.123933,3.712846,-0.425303,-0.295734,3.443178,-0.054799,-0.239178,3.074868,0.178025,-0.062227,2.915061,0.051806,0.201924,3.008870,-0.339251,0.363154,3.463521,-0.132925,0.412780,3.245009,-0.361390,0.656291,2.997000,-0.714849,0.536738,3.577962,-0.381762,0.903886,3.078290,-0.492097,0.862989,3.581361
327,-0.445997,0.090239,3.615524,-0.435657,-0.115496,3.718189,-0.416972,-0.281282,3.456322,-0.045198,-0.237002,3.100367,0.193138,-0.056679,2.909111,0.051050,0.205256,3.004538,-0.336441,0.386283,3.478199,-0.123607,0.414530,3.242434,-0.356141,0.693599,2.994294,-0.717249,0.574759,3.488022,-0.386851,0.865363,3.018744,-0.535364,0.954206,3.577733
328,-0.447641,0.067671,3.610740,-0.473630,-0.174544,3.708276,-0.377136,-0.299131,3.459361,-0.021486,-0.237244,3.093487,0.196030,-0.048996,2.913792,0.053609,0.205308,3.004968,-0.325145,0.369411,3.497145,-0.113291,0.417475,3.256805,-0.377311,0.688175,3.053227,-0.635457,0.593819,3.550749,-0.477418,0.978213,3.147820,-0.603897,1.019801,3.563140
329,-0.454863,0.070245,3.606235,-0.457186,-0.158012,3.709158,-0.373529,-0.284472,3.463057,-0.009096,-0.234390,3.099129,0.201257,-0.041037,2.919424,0.051032,0.203350,3.011185,-0.328815,0.377359,3.491993,-0.106613,0.413843,3.254147,-0.317446,0.643068,2.982449,-0.630623,0.545562,3.556913,-0.449652,0.965768,3.032015,-0.570078,1.010795,3.613368
330,-0.449116,0.059314,3.604358,-0.454418,-0.152423,3.699194,-0.364127,-0.276094,3.461647,-0.003434,-0.230733,3.106728,0.198444,-0.033129,2.921934,0.049768,0.199805,3.007762,-0.324570,0.395753,3.495725,-0.103904,0.430323,3.261324,-0.294747,0.738095,3.047284,-0.632347,0.530086,3.575720,-0.408878,0.950890,3.135584,-0.525198,0.924643,3.593921
331,-0.452928,0.056630,3.598914,-0.446715,-0.134896,3.703495,-0.355236,-0.277643,3.464130,-0.003023,-0.233254,3.110691,0.201814,-0.026550,2.925273,0.047955,0.198416,3.011384,-0.321472,0.378597,3.487427,-0.102916,0.423221,3.252146,-0.325560,0.705951,3.036529,-0.623583,0.507865,3.556105,-0.480673,1.024808,3.068514,-0.623572,0.969509,3.585750
332,-0.449418,0.069232,3.618136,-0.445627,-0.129324,3.700708,-0.345466,-0.274532,3.467894,0.014078,-0.231650,3.112533,0.205751,-0.022393,2.922454,0.052781,0.201616,3.001598,-0.302115,0.389001,3.490490,-0.084507,0.422348,3.251029,-0.260050,0.730981,3.078286,-0.620057,0.557718,3.511261,-0.415646,1.025787,3.140167,-0.561460,0.969321,3.563822
333,-0.457291,0.043099,3.611384,-0.453306,-0.147021,3.693175,-0.331907,-0.283849,3.462173,0.015036,-0.231345,3.105176,0.206863,-0.017300,2.916694,0.049812,0.206261,2.999722,-0.293364,0.404257,3.493387,-0.075603,0.433165,3.258970,-0.108407,0.792281,3.115815,-0.663816,0.653754,3.502754,-0.325912,0.978867,3.174905,-0.418798,0.977776,3.581513
334,-0.445195,0.039965,3.604390,-0.424284,-0.127009,3.679807,-0.303635,-0.270929,3.461350,0.023229,-0.226078,3.112587,0.211195,-0.006772,2.919719,0.047138,0.197576,2.991122,-0.292945,0.394848,3.479264,-0.083320,0.432390,3.255993,-0.180493,0.772833,3.059313,-0.610193,0.540363,3.532390,-0.389126,0.977589,3.128406,-0.509421,0.978434,3.594092
335,-0.455632,0.053177,3.601946,-0.409075,-0.104012,3.688546,-0.297957,-0.262477,3.462865,0.028071,-0.221538,3.116775,0.217763,0.005003,2.924853,0.049822,0.196865,2.993828,-0.287875,0.401046,3.484310,-0.078084,0.430703,3.258343,-0.261250,0.762024,3.071216,-0.612770,0.591438,3.509996,-0.398423,0.980490,3.169461,-0.469191,0.981270,3.551619
336,-0.451678,0.055491,3.609228,-0.412147,-0.102033,3.690043,-0.298587,-0.264284,3.459734,0.027258,-0.222250,3.119071,0.220501,0.006529,2.923695,0.050388,0.193293,2.996284,-0.282812,0.396299,3.495100,-0.057494,0.446829,3.275643,-0.137623,0.773229,3.081979,-0.627222,0.583352,3.556034,-0.370692,1.011532,3.187163,-0.456180,0.955356,3.575000
337,-0.446681,0.046502,3.613608,-0.412443,-0.120905,3.683162,-0.286579,-0.263824,3.457887,0.031416,-0.220065,3.115858,0.224256,0.017409,2.925894,0.049673,0.191970,2.990933,-0.274278,0.403099,3.473294,-0.062960,0.429213,3.258445,-0.209593,0.744980,3.060436,-0.612329,0.544786,3.519465,-0.379985,0.982147,3.114036,-0.496332,0.944710,3.581167
338,-0.445782,0.066395,3.611778,-0.391095,-0.085770,3.670643,-0.279907,-0.252633,3.471764,0.036791,-0.210070,3.123212,0.223679,0.024295,2.936525,0.051510,0.195585,3.005242,-0.274599,0.410488,3.492845,-0.058052,0.437307,3.264941,-0.175723,0.760225,3.078335,-0.596797,0.559010,3.542392,-0.374917,1.031144,3.168585,-0.491292,0.995677,3.569182
339,-0.433647,0.059660,3.614824,-0.377137,-0.087485,3.672083,-0.259089,-0.255968,3.473897,0.038775,-0.206509,3.118587,0.225109,0.031037,2.927944,0.054704,0.194678,2.998817,-0.270182,0.410007,3.503418,-0.060251,0.448401,3.278388,-0.168277,0.795730,3.138870,-0.622711,0.627548,3.557242,-0.405666,1.056535,3.213360,-0.486712,1.017226,3.604772
340,-0.439513,0.059503,3.608680,-0.376384,-0.087225,3.670628,-0.258999,-0.256057,3.473682,0.038313,-0.204643,3.126337,0.218676,0.033025,2.940539,0.051786,0.193078,3.001219,-0.272964,0.419866,3.503480,-0.058544,0.469163,3.284293,-0.252984,0.791484,3.140768,-0.638205,0.652944,3.510558,-0.424828,1.009676,3.200486,-0.494473,1.023738,3.547167
341,-0.434375,0.048724,3.599222,-0.381338,-0.078698,3.660290,-0.260086,-0.255995,3.466073,0.039457,-0.198215,3.122761,0.213032,0.036758,2.939538,0.056254,0.196321,3.002894,-0.296909,0.425255,3.516820,-0.078298,0.462914,3.292050,-0.188958,0.806064,3.152686,-0.619197,0.645856,3.508853,-0.426795,1.078469,3.221108,-0.531055,1.066753,3.588858
342,-0.430586,0.051235,3.618582,-0.364861,-0.072822,3.657523,-0.245520,-0.254325,3.466650,0.046347,-0.201143,3.128618,0.214898,0.040358,2.951334,0.067274,0.193890,3.004646,-0.263962,0.425326,3.523463,-0.083975,0.449366,3.289072,-0.341724,0.738146,3.093745,-0.605880,0.614589,3.535738,-0.487073,1.063471,3.153756,-0.596558,1.095309,3.580811
343,-0.428481,0.055198,3.617093,-0.348351,-0.047416,3.665070,-0.243753,-0.249397,3.470545,0.058822,-0.196251,3.124549,0.220496,0.045466,2.946072,0.069258,0.188129,3.005929,-0.264150,0.432039,3.525295,-0.075936,0.465608,3.291302,-0.256027,0.772026,3.114567,-0.599769,0.646702,3.507276,-0.437224,1.075796,3.183840,-0.563910,1.093408,3.560724
344,-0.433334,0.050783,3.603546,-0.361695,-0.061671,3.669975,-0.240294,-0.257347,3.467635,0.060941,-0.196943,3.121728,0.213497,0.043067,2.938819,0.069976,0.188582,2.998336,-0.277571,0.404303,3.537723,-0.105474,0.437103,3.291638,-0.339823,0.747741,3.135531,-0.592041,0.603644,3.530892,-0.491959,1.046724,3.237398,-0.600551,1.054814,3.562617
345,-0.418410,0.041413,3.598742,-0.364387,-0.073508,3.674893,-0.237506,-0.259516,3.469247,0.061085,-0.195101,3.127245,0.220301,0.044133,2.928849,0.067754,0.193016,3.001881,-0.292645,0.386988,3.544089,-0.125855,0.431465,3.305470,-0.408162,0.688036,3.057369,-0.623650,0.564011,3.514638,-0.424294,0.962404,3.172680,-0.513414,0.999394,3.576757
346,-0.427115,0.052881,3.604781,-0.365985,-0.062642,3.670616,-0.235336,-0.256483,3.471120,0.068851,-0.181553,3.124517,0.228991,0.048734,2.946861,0.069715,0.201372,3.007699,-0.314790,0.412143,3.538848,-0.111860,0.447709,3.304242,-0.416575,0.692370,3.063296,-0.617364,0.624880,3.488907,-0.415271,1.017274,3.130696,-0.548954,1.069058,3.539360
347,-0.436363,0.060593,3.597301,-0.364628,-0.045842,3.667769,-0.246307,-0.249266,3.470628,0.066070,-0.181346,3.121046,0.222437,0.051055,2.955393,0.068452,0.201868,2.996763,-0.323158,0.409820,3.549089,-0.127848,0.455923,3.310518,-0.407906,0.668209,3.058828,-0.619926,0.591139,3.556135,-0.450859,0.996255,3.123025,-0.603436,1.061643,3.590903
348,-0.429755,0.058316,3.599001,-0.352843,-0.056340,3.673149,-0.237988,-0.253256,3.473449,0.068864,-0.175403,3.123108,0.216443,0.053598,2.955685,0.064312,0.203300,3.001829,-0.306716,0.401436,3.554157,-0.127564,0.455289,3.308954,-0.418733,0.710567,3.105012,-0.664477,0.618221,3.512149,-0.458798,1.011214,3.194568,-0.548391,1.068590,3.581605
349,-0.427554,0.062270,3.606776,-0.358485,-0.063856,3.670381,-0.234617,-0.256007,3.470460,0.057983,-0.183607,3.124827,0.211797,0.053908,2.956862,0.066355,0.201383,2.994609,-0.307783,0.389487,3.556045,-0.135155,0.444831,3.316568,-0.433729,0.684148,3.072769,-0.657821,0.598888,3.524492,-0.465402,1.000817,3.127895,-0.578758,1.063339,3.601724
350,-0.443472,0.066179,3.603822,-0.372838,-0.058870,3.655364,-0.248869,-0.248731,3.462845,0.057454,-0.184511,3.116913,0.209706,0.054797,2.975187,0.066362,0.205863,3.011540,-0.320184,0.413205,3.529539,-0.107259,0.460831,3.297752,-0.373067,0.722555,3.076485,-0.626852,0.591819,3.500013,-0.432336,0.974721,3.152638,-0.514093,1.025429,3.560445
351,-0.434051,0.053276,3.603299,-0.368237,-0.073616,3.655257,-0.252065,-0.254277,3.462570,0.053475,-0.192087,3.116973,0.215738,0.050308,2.976378,0.068713,0.200339,3.003792,-0.297504,0.418139,3.522159,-0.118556,0.466319,3.283593,-0.401098,0.722957,3.064010,-0.602170,0.599477,3.482911,-0.467647,1.016874,3.136166,-0.567978,1.038654,3.520897
352,-0.435828,0.038306,3.599647,-0.368653,-0.081898,3.655409,-0.253105,-0.262989,3.466197,0.047641,-0.200347,3.112159,0.212043,0.046852,2.977233,0.068049,0.198807,3.003497,-0.321537,0.392035,3.528544,-0.116125,0.446010,3.292669,-0.396478,0.716086,3.086068,-0.650513,0.606877,3.510065,-0.492764,1.013464,3.171777,-0.579648,1.058390,3.565118
353,-0.438743,0.051787,3.603202,-0.361936,-0.067037,3.648502,-0.267075,-0.256593,3.462574,0.055887,-0.196694,3.110187,0.210471,0.045225,2.977217,0.071901,0.195177,3.006005,-0.318910,0.417120,3.516695,-0.101561,0.447697,3.274432,-0.340667,0.733739,3.034814,-0.642149,0.605195,3.525304,-0.390494,1.033920,3.133024,-0.505799,1.060591,3.583675
354,-0.436252,0.049019,3.606335,-0.369922,-0.081881,3.646234,-0.266894,-0.268638,3.457433,0.049509,-0.200216,3.095036,0.209708,0.049262,2.998322,0.073050,0.201450,3.007149,-0.313310,0.419183,3.504984,-0.090526,0.454339,3.267201,-0.246589,0.740489,3.079315,-0.635680,0.630715,3.466905,-0.381766,0.997881,3.199148,-0.446096,1.022346,3.491960
355,-0.444124,0.056012,3.601230,-0.378194,-0.088832,3.646908,-0.277558,-0.276034,3.452318,0.041620,-0.211037,3.097717,0.199138,0.047063,2.997757,0.068254,0.207735,3.001933,-0.313451,0.401260,3.497989,-0.082887,0.446778,3.273076,-0.111097,0.773461,3.125347,-0.602913,0.625684,3.473125,-0.367229,1.045430,3.190039,-0.474597,1.043063,3.541191
356,-0.441115,0.062844,3.607189,-0.372056,-0.083655,3.653690,-0.290052,-0.272637,3.456890,0.036247,-0.207834,3.093729,0.196421,0.040803,2.991269,0.059035,0.209040,2.999139,-0.313971,0.428049,3.489268,-0.099627,0.470960,3.274339,-0.279968,0.795406,3.138007,-0.625025,0.681457,3.455074,-0.471020,1.085238,3.191947,-0.558311,1.086954,3.489217
357,-0.439663,0.063033,3.610577,-0.381501,-0.102949,3.665793,-0.291912,-0.286039,3.443103,0.035866,-0.212705,3.074127,0.194371,0.025253,3.003252,0.060984,0.209198,3.019922,-0.301252,0.411442,3.492877,-0.079082,0.465657,3.264575,-0.190678,0.822127,3.177180,-0.611099,0.644630,3.486040,-0.383154,1.075750,3.224983,-0.511414,1.081113,3.540487
358,-0.440120,0.059229,3.609059,-0.388504,-0.119940,3.655946,-0.313180,-0.299734,3.447052,0.029762,-0.218044,3.078864,0.200163,0.011569,2.996495,0.057469,0.197369,3.012342,-0.305114,0.394949,3.494028,-0.074750,0.447100,3.269742,-0.086751,0.804295,3.139501,-0.610436,0.591848,3.467616,-0.371743,1.049916,3.201109,-0.449592,1.015279,3.542762
359,-0.433869,0.068946,3.602579,-0.381926,-0.118946,3.651167,-0.326465,-0.304563,3.442888,0.025987,-0.219174,3.076066,0.189695,0.000133,2.998916,0.052431,0.194541,3.015401,-0.314207,0.403148,3.500684,-0.077543,0.445904,3.272495,-0.048256,0.781846,3.145633,-0.632039,0.613746,3.485313,-0.355001,1.052509,3.211117,-0.459843,1.006863,3.551591
360,-0.435901,0.061549,3.605080,-0.390791,-0.131096,3.649140,-0.328942,-0.310918,3.437391,0.014891,-0.214145,3.076019,0.187315,0.001083,2.997637,0.048966,0.199696,3.012174,-0.326351,0.409125,3.492342,-0.099803,0.453445,3.260481,-0.249536,0.784532,3.137936,-0.661743,0.615006,3.490799,-0.415610,1.052976,3.215878,-0.489191,1.047491,3.538076
361,-0.440550,0.068635,3.612578,-0.406221,-0.157137,3.667978,-0.337937,-0.317137,3.421356,0.018577,-0.216069,3.045832,0.180474,-0.004371,2.992992,0.054016,0.207399,3.017452,-0.328890,0.427463,3.502511,-0.098987,0.468192,3.261317,-0.223094,0.821004,3.154759,-0.673734,0.682882,3.459808,-0.393991,1.074168,3.211362,-0.485519,1.109387,3.560786
362,-0.444033,0.088596,3.607305,-0.409203,-0.147489,3.667397,-0.345588,-0.332884,3.434640,0.009927,-0.245963,3.044726,0.173539,-0.025301,2.950838,0.053915,0.200759,3.009531,-0.334105,0.368272,3.486973,-0.125047,0.422353,3.242340,-0.435947,0.769322,3.139726,-0.659889,0.660828,3.469189,-0.501759,1.089732,3.238419,-0.607105,1.108625,3.557667
363,-0.437303,0.084488,3.612144,-0.447895,-0.160768,3.664183,-0.394180,-0.370923,3.423304,-0.003398,-0.281845,3.031915,0.166951,-0.050965,2.944280,0.049033,0.204940,3.017070,-0.342373,0.373868,3.477089,-0.101481,0.420062,3.235319,-0.237928,0.805869,3.145546,-0.679348,0.625135,3.478493,-0.402074,1.035828,3.220880,-0.514625,1.054996,3.546240
364,-0.448180,0.053386,3.603820,-0.471220,-0.217788,3.649344,-0.390054,-0.393588,3.406633,-0.027769,-0.319703,3.026628,0.148604,-0.059937,2.940736,0.041263,0.205470,3.016433,-0.340718,0.352369,3.461250,-0.120788,0.409185,3.230388,-0.380063,0.806343,3.154498,-0.636280,0.659260,3.465846,-0.433862,0.996422,3.213542,-0.541230,0.985240,3.552090
365,-0.448535,0.062977,3.603446,-0.464955,-0.211692,3.647350,-0.398269,-0.400880,3.408222,-0.031951,-0.330169,3.023137,0.145649,-0.065835,2.933906,0.045038,0.204440,3.023886,-0.341257,0.363791,3.471787,-0.111004,0.410040,3.239070,-0.330709,0.835750,3.166465,-0.658342,0.702027,3.470529,-0.382103,1.000932,3.242646,-0.459049,1.034684,3.576974
366,-0.441281,0.078188,3.617645,-0.466545,-0.196775,3.637653,-0.410188,-0.421251,3.419224,-0.021944,-0.337376,3.006906,0.137601,-0.061014,2.935894,0.041302,0.213597,3.013780,-0.328221,0.371589,3.474539,-0.087630,0.413347,3.226322,-0.256676,0.872560,3.219800,-0.610557,0.775548,3.476901,-0.342268,1.100975,3.270110,-0.455030,1.104166,3.587699
367,-0.446532,0.077246,3.618272,-0.446112,-0.183393,3.636024,-0.415690,-0.430240,3.420438,-0.025767,-0.353898,2.996430,0.149268,-0.054734,2.926878,0.040899,0.215053,3.004492,-0.317793,0.355235,3.479441,-0.082051,0.404823,3.226861,-0.291107,0.863230,3.165711,-0.590253,0.750908,3.513133,-0.294912,0.982906,3.236578,-0.444627,0.987167,3.631889
368,-0.454879,0.074158,3.597865,-0.447163,-0.197693,3.625394,-0.417351,-0.432607,3.417110,-0.026243,-0.365934,2.999073,0.145104,-0.057063,2.935942,0.038755,0.218044,3.021646,-0.340813,0.359064,3.476608,-0.112039,0.409701,3.225956,-0.353978,0.880874,3.190102,-0.609103,0.758144,3.486415,-0.322895,1.057617,3.280302,-0.464777,1.040277,3.610074
369,-0.454663,0.079504,3.601049,-0.449647,-0.181372,3.604345,-0.419927,-0.463137,3.414889,-0.036266,-0.393863,3.004624,0.120860,-0.064365,2.955831,0.036841,0.216438,3.007008,-0.341279,0.329643,3.467013,-0.094675,0.381943,3.237087,-0.278350,0.863689,3.223973,-0.630280,0.699017,3.476502,-0.362773,1.083983,3.272804,-0.461626,1.059708,3.610031
370,-0.459878,0.067527,3.593869,-0.448608,-0.195134,3.602830,-0.412688,-0.499278,3.415958,-0.030780,-0.408189,3.002202,0.106935,-0.063544,2.954881,0.028236,0.214207,3.007090,-0.340879,0.318763,3.471436,-0.104323,0.368293,3.219360,-0.338361,0.892993,3.207271,-0.584624,0.743191,3.469734,-0.376606,0.971485,3.277214,-0.436098,0.921185,3.591750
371,-0.458997,0.056987,3.597934,-0.467999,-0.201654,3.597319,-0.406699,-0.506153,3.418374,-0.030609,-0.429079,2.998198,0.101992,-0.061030,2.945928,0.030567,0.221473,3.009770,-0.339873,0.316118,3.469826,-0.103270,0.365579,3.217534,-0.333220,0.864706,3.192668,-0.574702,0.711842,3.478182,-0.335124,1.039249,3.253740,-0.430453,0.995453,3.577455
372,-0.456437,0.047005,3.599345,-0.452464,-0.205415,3.601933,-0.407374,-0.495694,3.415060,-0.027778,-0.437592,2.995375,0.093237,-0.057556,2.935561,0.033469,0.225612,3.007349,-0.339244,0.320894,3.468048,-0.101404,0.372002,3.223332,-0.347025,0.860680,3.219658,-0.578714,0.695608,3.485041,-0.390482,0.937354,3.276853,-0.449124,0.910290,3.614269
373,-0.454247,0.052779,3.598443,-0.453455,-0.181210,3.564225,-0.413872,-0.521421,3.410288,-0.025852,-0.458695,2.993103,0.091896,-0.062188,2.971436,0.034447,0.219963,3.010775,-0.348536,0.297591,3.465219,-0.098846,0.347256,3.211892,-0.294429,0.850090,3.230198,-0.590420,0.686191,3.470177,-0.340776,1.044859,3.294464,-0.424104,0.994297,3.566927
374,-0.456348,0.064205,3.599784,-0.443437,-0.194433,3.566383,-0.405128,-0.540152,3.404474,-0.023593,-0.463611,2.990056,0.080503,-0.073208,2.971920,0.034591,0.207221,3.005824,-0.345211,0.286964,3.456936,-0.100384,0.331938,3.206156,-0.291456,0.833144,3.200389,-0.594695,0.677303,3.461086,-0.444223,0.980130,3.243948,-0.486464,0.987015,3.543129
375,-0.459145,0.058043,3.586324,-0.429414,-0.196959,3.563529,-0.394902,-0.552383,3.401175,-0.029210,-0.486174,2.988626,0.068264,-0.073651,2.980379,0.042913,0.215041,3.000058,-0.336315,0.275948,3.480160,-0.105379,0.330073,3.218634,-0.363215,0.815104,3.205470,-0.581294,0.695391,3.498368,-0.414043,1.028212,3.285750,-0.498171,1.007749,3.603207
376,-0.424429,0.119397,3.603592,-0.419150,-0.155018,3.575400,-0.395755,-0.548290,3.400471,-0.025655,-0.487841,2.983081,0.068873,-0.067639,2.974835,0.039941,0.229303,3.009119,-0.343139,0.278844,3.483185,-0.117334,0.335759,3.221988,-0.382917,0.830006,3.204185,-0.591144,0.723525,3.500575,-0.447197,1.008009,3.290325,-0.547141,0.970279,3.615421
377,-0.453152,0.091974,3.595216,-0.414108,-0.168870,3.534227,-0.391101,-0.576873,3.396043,-0.023122,-0.511546,2.979678,0.067341,-0.078220,2.993400,0.037291,0.234394,3.010274,-0.344616,0.264915,3.459876,-0.108536,0.317432,3.196120,-0.321314,0.834023,3.203074,-0.577376,0.730254,3.463312,-0.435625,1.083838,3.284203,-0.549776,1.018075,3.552652
378,-0.424343,0.101094,3.590128,-0.405022,-0.189721,3.493967,-0.389042,-0.614053,3.377810,-0.028539,-0.529682,2.974547,0.055698,-0.094349,3.006226,0.046325,0.233846,3.023314,-0.343517,0.230716,3.445555,-0.116400,0.290345,3.182136,-0.368896,0.842543,3.210217,-0.561753,0.742368,3.443342,-0.487705,0.988105,3.310410,-0.529488,0.967968,3.538684
379,-0.393817,0.081707,3.591716,-0.351709,-0.235835,3.493161,-0.367885,-0.652749,3.370259,-0.032313,-0.560979,2.974167,0.012703,-0.122571,3.003717,0.041891,0.236166,3.030886,-0.337862,0.224101,3.448832,-0.127447,0.271979,3.188638,-0.375220,0.800215,3.199452,-0.548615,0.676405,3.472665,-0.464522,1.022878,3.313066,-0.532217,0.979841,3.549260
380,-0.437496,0.114583,3.594548,-0.376154,-0.216096,3.499616,-0.380448,-0.639308,3.369614,-0.020460,-0.558392,2.972264,0.021237,-0.118749,2.997052,0.042150,0.241831,3.031020,-0.341496,0.240353,3.439967,-0.119293,0.279302,3.176445,-0.367086,0.812249,3.204551,-0.564831,0.668780,3.458281,-0.352884,1.162672,3.323787,-0.492982,1.074046,3.549366
381,-0.414049,0.113052,3.591340,-0.359356,-0.219057,3.501865,-0.382539,-0.640484,3.379661,-0.026317,-0.564778,2.970209,0.015149,-0.134548,3.011060,0.043606,0.235961,3.029774,-0.331120,0.227163,3.429698,-0.133759,0.269002,3.165021,-0.405639,0.790128,3.150759,-0.551953,0.679364,3.425829,-0.434507,1.065980,3.233193,-0.538824,1.030372,3.495140
382,-0.415336,0.113446,3.590404,-0.383457,-0.210566,3.494949,-0.377097,-0.639539,3.378595,-0.029447,-0.565793,2.974732,0.010216,-0.142206,3.008782,0.040060,0.228969,3.032198,-0.331935,0.233749,3.434244,-0.130400,0.267393,3.160322,-0.339589,0.799081,3.176255,-0.528585,0.711350,3.435553,-0.416731,1.101478,3.265856,-0.502683,1.086455,3.535135
383,-0.432133,0.110537,3.581829,-0.369123,-0.215549,3.494862,-0.383133,-0.632996,3.376362,-0.025737,-0.557196,2.976352,0.006286,-0.138220,3.009110,0.036296,0.226665,3.024806,-0.335991,0.233571,3.424740,-0.122036,0.267217,3.163533,-0.333497,0.804042,3.165468,-0.553353,0.679568,3.429610,-0.462882,1.070985,3.219377,-0.540873,1.047089,3.479716
384,-0.404459,0.135681,3.601151,-0.352753,-0.209906,3.498539,-0.368271,-0.630748,3.378738,-0.027453,-0.552385,2.968692,0.016804,-0.124401,3.003804,0.040387,0.225398,3.029788,-0.342430,0.246546,3.440373,-0.113833,0.283745,3.178518,-0.336159,0.815356,3.207738,-0.570621,0.717458,3.425083,-0.440852,1.095146,3.267581,-0.514331,1.053298,3.494136
385,-0.432593,0.127407,3.588950,-0.373886,-0.203836,3.499212,-0.375643,-0.630784,3.380380,-0.025976,-0.555477,2.968851,0.017531,-0.131560,2.999844,0.043858,0.222185,3.019768,-0.328147,0.242612,3.430570,-0.127936,0.280551,3.160154,-0.321042,0.817791,3.169963,-0.519862,0.736981,3.419594,-0.437305,1.064981,3.245082,-0.539855,1.048749,3.507952
386,-0.444269,0.132798,3.585351,-0.385838,-0.194981,3.495047,-0.385610,-0.615604,3.381543,-0.032288,-0.556235,2.972323,0.015607,-0.130608,3.003614,0.047329,0.221508,3.028252,-0.343931,0.253847,3.430589,-0.104996,0.292092,3.164799,-0.348776,0.832198,3.168421,-0.579397,0.732253,3.423017,-0.423180,1.064989,3.245621,-0.465556,1.044662,3.510511
387,-0.408702,0.112384,3.593466,-0.354666,-0.204810,3.498736,-0.369756,-0.627977,3.381647,-0.033356,-0.551506,2.971715,0.015937,-0.125298,3.004555,0.044775,0.218921,3.022229,-0.337795,0.245080,3.435067,-0.131287,0.294317,3.167442,-0.385111,0.796119,3.172206,-0.571354,0.713911,3.432923,-0.490265,1.061620,3.268229,-0.551034,1.036792,3.529424
388,-0.403223,0.109234,3.589885,-0.388382,-0.201850,3.496243,-0.354338,-0.630537,3.384771,-0.037764,-0.545737,2.970043,0.015737,-0.119962,3.000623,0.039424,0.226802,3.021545,-0.333841,0.258520,3.437787,-0.132865,0.305314,3.163315,-0.339825,0.843702,3.182341,-0.543788,0.761177,3.441435,-0.451195,1.093787,3.275786,-0.520828,1.068457,3.543687
389,-0.407132,0.085694,3.595169,-0.390317,-0.194632,3.500122,-0.358612,-0.621571,3.377258,-0.037871,-0.535836,2.971429,0.019141,-0.104653,2.996467,0.041821,0.232547,3.012141,-0.336312,0.271497,3.441334,-0.140823,0.313330,3.170692,-0.387491,0.858639,3.181407,-0.544799,0.755283,3.445154,-0.487103,1.147761,3.282158,-0.470502,1.164781,3.545233
390,-0.410382,0.103422,3.592131,-0.360624,-0.195207,3.501746,-0.360539,-0.618142,3.379991,-0.035110,-0.543070,2.972143,0.016410,-0.106906,3.001824,0.036135,0.236255,3.017223,-0.324632,0.259490,3.446454,-0.129424,0.303985,3.178286,-0.404054,0.844883,3.199404,-0.535066,0.732753,3.449658,-0.484970,1.108078,3.298555,-0.525890,1.089389,3.541158
391,-0.370418,0.090559,3.591666,-0.380246,-0.212540,3.498759,-0.357876,-0.623566,3.379260,-0.037875,-0.536968,2.972295,0.016990,-0.112436,2.998679,0.045856,0.226257,3.012562,-0.325707,0.265151,3.438705,-0.132233,0.306409,3.170020,-0.376436,0.826429,3.175095,-0.553828,0.716677,3.431705,-0.549026,1.062524,3.252233,-0.580133,1.034106,3.504468
392,-0.362470,0.109038,3.601059,-0.399834,-0.201244,3.527335,-0.359895,-0.619229,3.386809,-0.045316,-0.529560,2.974900,0.010387,-0.106734,2.982619,0.036675,0.231256,3.014427,-0.322637,0.268521,3.460649,-0.149523,0.312651,3.184975,-0.442904,0.811879,3.161343,-0.540786,0.730286,3.477930,-0.453154,1.122321,3.264132,-0.520443,1.102207,3.573619
393,-0.420113,0.087049,3.589637,-0.374981,-0.222618,3.522742,-0.367125,-0.608041,3.384259,-0.038424,-0.525181,2.975084,0.018352,-0.110418,2.984292,0.046378,0.227499,3.022167,-0.322193,0.259735,3.455369,-0.144069,0.308938,3.183033,-0.355446,0.783651,3.168827,-0.525178,0.708015,3.475875,-0.493354,1.032446,3.247168,-0.537521,1.044115,3.547386
394,-0.394374,0.068575,3.598058,-0.400847,-0.212202,3.524664,-0.361351,-0.607554,3.385180,-0.041924,-0.521045,2.973885,0.020988,-0.107428,2.987858,0.045778,0.229979,3.013332,-0.332840,0.252971,3.445349,-0.148174,0.300233,3.176167,-0.353216,0.810947,3.191751,-0.518503,0.743141,3.452828,-0.564773,1.020743,3.275152,-0.552017,1.037130,3.525856
395,-0.451308,0.075180,3.594538,-0.392036,-0.219069,3.520552,-0.378546,-0.603427,3.385119,-0.035935,-0.522567,2.975958,0.038435,-0.107894,2.982266,0.051421,0.228697,3.012970,-0.326051,0.255490,3.458641,-0.130711,0.303132,3.193274,-0.416415,0.831867,3.192374,-0.536752,0.731741,3.478034,-0.396641,1.030407,3.291965,-0.496043,1.017135,3.563695
396,-0.460726,0.048426,3.587952,-0.455081,-0.218351,3.578164,-0.402502,-0.535233,3.401547,-0.020969,-0.462959,2.975635,0.077818,-0.072446,2.931251,0.045399,0.225938,2.993442,-0.334855,0.301340,3.458509,-0.095654,0.346931,3.193147,-0.252055,0.811894,3.210476,-0.533133,0.678936,3.494768,-0.312689,1.057918,3.289585,-0.407814,1.016222,3.600547
397,-0.454816,0.054823,3.594484,-0.443431,-0.190264,3.617791,-0.410785,-0.469553,3.413175,-0.014529,-0.397969,3.000781,0.095652,-0.052563,2.902365,0.035871,0.220107,2.993966,-0.320777,0.338481,3.488318,-0.090169,0.404853,3.214893,-0.339246,0.843460,3.194275,-0.599275,0.704938,3.517822,-0.422227,1.059828,3.278355,-0.484775,1.072989,3.641126
398,-0.455333,0.060602,3.590239,-0.452247,-0.196764,3.614474,-0.422525,-0.434602,3.411179,-0.024344,-0.381483,2.990515,0.092037,-0.049090,2.908433,0.038209,0.216113,2.993353,-0.344970,0.349616,3.466980,-0.099009,0.406818,3.210976,-0.290093,0.827745,3.146963,-0.573383,0.725240,3.511907,-0.343736,1.078428,3.239854,-0.451265,1.072463,3.611960
399,-0.451807,0.059990,3.590054,-0.453117,-0.196087,3.614002,-0.421057,-0.426144,3.403360,-0.018928,-0.376273,2.999859,0.099731,-0.049535,2.913264,0.037659,0.213532,2.996093,-0.340390,0.364914,3.445513,-0.112065,0.422523,3.214682,-0.327912,0.846037,3.200414,-0.577926,0.738067,3.463361,-0.438387,1.015535,3.258202,-0.492389,1.012324,3.557061
400,-0.446417,0.064903,3.601499,-0.454708,-0.189826,3.607142,-0.421056,-0.422954,3.401355,-0.012698,-0.368808,2.991009,0.102094,-0.046547,2.910390,0.039438,0.222244,2.991637,-0.321038,0.345451,3.460448,-0.080434,0.397701,3.205823,-0.257837,0.836811,3.139380,-0.570149,0.673675,3.492813,-0.321065,0.991368,3.224233,-0.390255,0.976756,3.601732
401,-0.449423,0.084140,3.609808,-0.403779,-0.167605,3.639302,-0.421571,-0.391417,3.416069,-0.010898,-0.330998,3.015115,0.120625,-0.039352,2.893668,0.047615,0.222937,2.993752,-0.332098,0.371864,3.474044,-0.080142,0.428078,3.229899,-0.161056,0.806565,3.209942,-0.605916,0.694080,3.500438,-0.351356,1.028230,3.279301,-0.426667,1.065521,3.617027
402,-0.450217,0.081833,3.621287,-0.456048,-0.152891,3.641847,-0.414053,-0.357925,3.420818,-0.008526,-0.302654,3.009744,0.148583,-0.038211,2.894220,0.047831,0.221607,2.993319,-0.325483,0.403779,3.467272,-0.084030,0.446477,3.223420,-0.256310,0.840037,3.182073,-0.594342,0.745909,3.486038,-0.309015,0.998719,3.258812,-0.425464,0.953568,3.581370
403,-0.455233,0.076198,3.616063,-0.438478,-0.164810,3.643996,-0.411504,-0.358790,3.418919,-0.018185,-0.279332,3.004849,0.146564,-0.039397,2.902452,0.049090,0.229063,2.996297,-0.330922,0.361441,3.478045,-0.092346,0.420425,3.226714,-0.271012,0.808205,3.150288,-0.625537,0.650636,3.499889,-0.328426,0.931734,3.242262,-0.414199,0.937613,3.576909
404,-0.442730,0.070908,3.610930,-0.434861,-0.175245,3.654514,-0.406411,-0.344959,3.412035,-0.032144,-0.288051,3.051660,0.148751,-0.058696,2.909739,0.052326,0.222049,3.003476,-0.338046,0.352550,3.464072,-0.121508,0.399186,3.229273,-0.355176,0.772857,3.100059,-0.625943,0.636622,3.484232,-0.319984,0.916182,3.215319,-0.418917,0.922808,3.600677
405,-0.443017,0.083076,3.614789,-0.424499,-0.163424,3.652865,-0.400544,-0.315239,3.416643,-0.029876,-0.277304,3.034589,0.146786,-0.063228,2.912261,0.047189,0.214673,2.999117,-0.334041,0.355518,3.463800,-0.121208,0.392139,3.218349,-0.352362,0.725530,3.032497,-0.662512,0.612828,3.490649,-0.347611,0.945924,3.102408,-0.478097,0.943170,3.606531
406,-0.439434,0.076782,3.603878,-0.446727,-0.126959,3.646196,-0.397623,-0.304692,3.419358,-0.010102,-0.255846,3.038863,0.155924,-0.059731,2.911798,0.043044,0.211390,2.995392,-0.321821,0.352799,3.460165,-0.104111,0.399740,3.218514,-0.309320,0.737133,3.107771,-0.674274,0.598926,3.479398,-0.383282,0.909706,3.153672,-0.513611,0.929020,3.587076
407,-0.433849,0.088938,3.611386,-0.427934,-0.121216,3.650950,-0.385299,-0.299173,3.432693,-0.008837,-0.246948,3.040525,0.158124,-0.055197,2.910326,0.045122,0.207522,2.992753,-0.315621,0.336741,3.462698,-0.104101,0.393990,3.216743,-0.355192,0.710523,3.067188,-0.652685,0.583355,3.486847,-0.383823,0.971016,3.132850,-0.468239,0.944077,3.599829
408,-0.432651,0.076632,3.600572,-0.381309,-0.115261,3.641839,-0.370308,-0.282704,3.407577,-0.002186,-0.233371,3.047204,0.191954,-0.038604,2.927082,0.045886,0.203204,3.003466,-0.300986,0.339755,3.457011,-0.082594,0.396568,3.230833,-0.348483,0.682465,3.030271,-0.605299,0.500329,3.532547,-0.424078,1.044135,3.108492,-0.547427,0.981747,3.610063
409,-0.423456,0.076718,3.604024,-0.368919,-0.104518,3.631731,-0.341674,-0.266523,3.417171,0.014584,-0.219156,3.071288,0.190183,-0.013499,2.949595,0.051611,0.206597,3.012267,-0.300571,0.370193,3.460878,-0.084307,0.415337,3.238235,-0.340886,0.678210,3.071371,-0.612961,0.570850,3.492291,-0.425594,1.018543,3.138239,-0.549113,0.985698,3.567943
410,-0.421208,0.066347,3.603555,-0.358119,-0.103599,3.629758,-0.319454,-0.262529,3.421656,0.034915,-0.215910,3.073274,0.187842,-0.000265,2.949052,0.048606,0.205897,3.012853,-0.287273,0.387713,3.465939,-0.065288,0.422098,3.237782,-0.255370,0.717411,3.092995,-0.618572,0.580035,3.505974,-0.348492,1.031924,3.141238,-0.473361,1.060732,3.590091
411,-0.418062,0.059373,3.599977,-0.353800,-0.121951,3.633289,-0.276056,-0.280905,3.435792,0.056555,-0.221523,3.076491,0.206233,0.009059,2.960906,0.055544,0.204969,3.010574,-0.280820,0.390582,3.475393,-0.045201,0.420990,3.254869,0.073867,0.679137,3.034960,-0.608137,0.558000,3.591653,-0.219410,0.999406,3.147449,-0.328162,0.957869,3.657568
412,-0.421651,0.061540,3.606458,-0.356157,-0.114031,3.626951,-0.262656,-0.279329,3.433388,0.058286,-0.224084,3.090022,0.202759,0.020082,2.961859,0.053088,0.204413,3.009938,-0.285371,0.367291,3.477536,-0.061541,0.416457,3.251180,-0.246646,0.675784,3.106032,-0.625210,0.573722,3.518575,-0.410321,0.959007,3.144903,-0.510528,1.002185,3.601515
413,-0.428175,0.060481,3.607609,-0.361363,-0.117144,3.630482,-0.256319,-0.276726,3.440959,0.058973,-0.226362,3.092415,0.204730,0.021898,2.963010,0.059182,0.203812,3.008490,-0.279610,0.373324,3.488745,-0.052855,0.424446,3.268071,-0.074809,0.761933,3.160673,-0.602674,0.576422,3.541010,-0.356397,0.993559,3.214312,-0.465755,1.010753,3.624015
414,-0.429979,0.053005,3.604675,-0.364548,-0.096005,3.632170,-0.271012,-0.263396,3.441088,0.055487,-0.221566,3.099492,0.202593,0.026675,2.962816,0.056857,0.199505,3.007311,-0.295430,0.378198,3.494025,-0.068878,0.434487,3.274713,-0.205978,0.779582,3.175207,-0.636173,0.579887,3.508293,-0.417898,1.040987,3.218544,-0.548428,0.992033,3.601299
415,-0.425733,0.056683,3.603296,-0.361474,-0.086125,3.636948,-0.254458,-0.250777,3.447200,0.062178,-0.216253,3.104646,0.204557,0.035865,2.961242,0.056700,0.199980,3.010202,-0.297670,0.407173,3.494162,-0.079894,0.448168,3.280077,-0.318609,0.779825,3.161373,-0.627436,0.662768,3.485713,-0.450914,1.038501,3.209829,-0.555781,1.082162,3.575717
416,-0.422073,0.062116,3.608115,-0.350024,-0.077594,3.638536,-0.242956,-0.254530,3.447657,0.066017,-0.210879,3.104262,0.213399,0.037423,2.972205,0.060470,0.200661,3.008818,-0.298404,0.412153,3.496205,-0.083324,0.454282,3.280867,-0.291800,0.812431,3.152274,-0.645854,0.661202,3.493929,-0.421988,1.027644,3.220211,-0.517337,1.078910,3.587140
417,-0.431667,0.080766,3.604504,-0.362514,-0.046329,3.642752,-0.255118,-0.248765,3.448662,0.076119,-0.213667,3.111641,0.208246,0.037905,2.963392,0.065183,0.193705,3.011096,-0.296753,0.386849,3.502067,-0.071504,0.434451,3.281451,-0.255800,0.753510,3.113083,-0.616219,0.611014,3.542983,-0.439050,1.062835,3.173811,-0.571048,1.090785,3.628961
418,-0.414482,0.070794,3.607234,-0.346310,-0.065435,3.640606,-0.239753,-0.246043,3.450146,0.085562,-0.209561,3.107367,0.214410,0.039774,2.957342,0.066504,0.198166,3.012113,-0.285398,0.400191,3.495723,-0.054282,0.438720,3.280368,-0.238771,0.787650,3.171303,-0.603475,0.629558,3.511860,-0.404395,1.048845,3.226095,-0.511710,1.066437,3.610909
419,-0.420760,0.069079,3.605476,-0.351423,-0.069201,3.639544,-0.236247,-0.246979,3.452012,0.083290,-0.211524,3.108814,0.218615,0.043000,2.958825,0.059920,0.195747,3.008264,-0.282765,0.392605,3.498723,-0.054082,0.437075,3.279708,-0.233445,0.758639,3.118662,-0.595604,0.589112,3.569962,-0.405364,1.076939,3.195101,-0.529015,1.082923,3.651250
420,-0.423727,0.073218,3.609863,-0.368335,-0.067871,3.638286,-0.247809,-0.245253,3.456902,0.087519,-0.207219,3.117252,0.219085,0.043919,2.951272,0.061747,0.199762,3.012429,-0.283708,0.409412,3.498482,-0.031799,0.450767,3.283702,0.119326,0.799482,3.170730,-0.592322,0.621632,3.542880,-0.178689,1.193265,3.249207,-0.501188,1.107415,3.607746
421,-0.423966,0.069771,3.607428,-0.364131,-0.075906,3.635188,-0.246169,-0.245683,3.454273,0.082133,-0.212534,3.110437,0.214552,0.040799,2.964396,0.057476,0.191132,3.004157,-0.274590,0.405884,3.473918,-0.035607,0.442560,3.260436,-0.130785,0.755901,3.122783,-0.563687,0.626219,3.521418,-0.386703,1.070937,3.169107,-0.529660,1.085784,3.582750
422,-0.421234,0.084490,3.618134,-0.356368,-0.067370,3.642388,-0.252292,-0.244947,3.458770,0.081610,-0.214970,3.112162,0.213821,0.040402,2.970346,0.061844,0.191654,3.005565,-0.272490,0.427540,3.473042,-0.019959,0.450239,3.255968,0.114536,0.819048,3.180348,-0.545049,0.695191,3.478580,-0.140435,1.174816,3.242751,-0.459243,1.152189,3.553549
423,-0.423603,0.099753,3.616894,-0.365870,-0.041660,3.634961,-0.266338,-0.234627,3.460051,0.082063,-0.216363,3.112404,0.210408,0.042329,2.957359,0.059591,0.193902,3.007025,-0.270019,0.440049,3.470886,-0.008957,0.465789,3.246662,0.082858,0.802805,3.207823,-0.561978,0.666876,3.493993,-0.195469,1.182471,3.245999,-0.489210,1.109721,3.544282
424,-0.420993,0.078286,3.621760,-0.365323,-0.061845,3.644870,-0.264385,-0.242322,3.459466,0.076151,-0.217276,3.111312,0.212236,0.042284,2.962688,0.058446,0.195410,3.013289,-0.261554,0.438709,3.473019,-0.005287,0.459006,3.246041,0.088534,0.820922,3.216954,-0.552032,0.678556,3.494291,-0.163177,1.186488,3.235763,-0.429892,1.065223,3.529011
425,-0.426215,0.080936,3.618160,-0.376782,-0.057843,3.631193,-0.276001,-0.235257,3.462386,0.065008,-0.218912,3.108876,0.208865,0.041211,2.964628,0.054629,0.199771,3.013330,-0.264471,0.438890,3.479014,-0.016997,0.472893,3.243934,0.048058,0.827972,3.242639,-0.569078,0.676905,3.489252,-0.160245,1.193804,3.276706,-0.500281,1.108911,3.508396
426,-0.422693,0.076946,3.612748,-0.359055,-0.043121,3.622017,-0.279617,-0.238620,3.450941,0.063073,-0.221670,3.100152,0.201394,0.040419,2.977196,0.058401,0.204068,3.024905,-0.270803,0.436106,3.473218,-0.022311,0.468069,3.250575,0.052727,0.791050,3.241107,-0.546052,0.659043,3.474579,-0.219392,1.110989,3.209502,-0.418124,1.047067,3.511703
427,-0.418560,0.061193,3.605428,-0.354884,-0.049918,3.622307,-0.277279,-0.241434,3.450348,0.061243,-0.222756,3.100903,0.199566,0.039833,2.979225,0.055160,0.198674,3.019670,-0.265651,0.434947,3.469048,-0.011956,0.465576,3.248843,0.078391,0.755248,3.176599,-0.515987,0.619888,3.517581,-0.119499,1.091432,3.202543,-0.446944,1.062277,3.506364
428,-0.422036,0.068645,3.619551,-0.356016,-0.047328,3.634745,-0.280736,-0.245542,3.446571,0.055543,-0.229112,3.108208,0.197209,0.037669,2.990308,0.054014,0.192870,3.007792,-0.272785,0.428008,3.467480,-0.029411,0.456506,3.256479,0.071955,0.749551,3.194639,-0.545339,0.649595,3.460179,-0.141617,1.088192,3.213854,-0.479159,1.112005,3.509831
429,-0.419415,0.069757,3.615960,-0.357186,-0.061209,3.647867,-0.272433,-0.257218,3.446343,0.056454,-0.236759,3.098331,0.200556,0.031479,2.980909,0.053938,0.196893,3.009048,-0.262386,0.436163,3.465126,-0.022363,0.461289,3.252023,0.053466,0.750147,3.180010,-0.517615,0.631687,3.485310,-0.249732,1.032581,3.201482,-0.386481,0.971880,3.493185
430,-0.431179,0.068423,3.610940,-0.371775,-0.100283,3.633319,-0.298438,-0.271376,3.442659,0.040608,-0.239436,3.093570,0.190892,0.023272,2.977865,0.052481,0.202206,3.013569,-0.284106,0.419747,3.490003,-0.055018,0.467201,3.266150,-0.060224,0.784914,3.230334,-0.595323,0.623667,3.506528,-0.328895,0.938844,3.211772,-0.458932,0.980288,3.506121
431,-0.432052,0.058353,3.597983,-0.383714,-0.113010,3.622208,-0.322162,-0.279812,3.433085,0.032795,-0.238746,3.096091,0.187154,0.013293,2.983403,0.057533,0.194999,3.015612,-0.305903,0.404559,3.462691,-0.068913,0.447729,3.256797,-0.134050,0.802258,3.132805,-0.589960,0.605899,3.455502,-0.395841,0.982582,3.158061,-0.500763,1.045468,3.535457
432,-0.436802,0.085617,3.612622,-0.426132,-0.087739,3.663067,-0.344241,-0.280207,3.426134,0.029047,-0.245776,3.071030,0.191622,-0.003916,2.968720,0.054573,0.197068,3.013386,-0.313206,0.399064,3.465481,-0.070008,0.440619,3.249811,-0.085994,0.780098,3.199577,-0.588505,0.605404,3.468123,-0.385060,1.051665,3.235504,-0.523395,1.079632,3.539508
433,-0.447439,0.096187,3.613554,-0.412120,-0.088467,3.654996,-0.342095,-0.285775,3.423160,0.031951,-0.250184,3.067104,0.187979,-0.012113,2.963992,0.055070,0.202145,3.011749,-0.317756,0.409475,3.449277,-0.078650,0.447584,3.237038,-0.099672,0.846490,3.242390,-0.622683,0.638955,3.458593,-0.377251,1.076649,3.270490,-0.445825,1.106802,3.582324
434,-0.433164,0.077701,3.620371,-0.426835,-0.113067,3.667348,-0.353292,-0.312955,3.430235,0.018813,-0.264262,3.049750,0.189250,-0.033515,2.951995,0.047285,0.202294,3.015701,-0.319916,0.384622,3.473169,-0.095749,0.435856,3.248856,-0.330198,0.827114,3.173865,-0.634103,0.619715,3.484136,-0.427964,1.058102,3.236765,-0.531374,1.044730,3.588581
435,-0.438160,0.084237,3.626105,-0.403532,-0.135670,3.654559,-0.360068,-0.324524,3.415692,0.013011,-0.266046,3.039302,0.195035,-0.036336,2.954292,0.054808,0.206662,3.008070,-0.328258,0.383415,3.473547,-0.099935,0.434308,3.242500,-0.381974,0.793954,3.138584,-0.640740,0.601223,3.454575,-0.425428,0.993560,3.234345,-0.547075,1.010595,3.531287
436,-0.444082,0.081045,3.620286,-0.415162,-0.146602,3.650000,-0.361528,-0.328893,3.414914,0.007592,-0.275504,3.046508,0.186764,-0.038650,2.956612,0.054657,0.211433,3.015250,-0.327269,0.393858,3.457915,-0.094720,0.438405,3.234073,-0.302377,0.811791,3.141990,-0.681959,0.645089,3.437673,-0.402217,0.988163,3.253660,-0.537054,1.020549,3.547644
437,-0.445362,0.096645,3.615408,-0.448521,-0.107719,3.655129,-0.379756,-0.328798,3.434478,-0.003524,-0.287270,3.026676,0.175825,-0.050928,2.922193,0.051393,0.203475,3.012759,-0.314497,0.384417,3.466221,-0.085220,0.425293,3.229620,-0.248722,0.788700,3.212854,-0.640441,0.603026,3.431812,-0.409559,1.014715,3.243996,-0.499079,1.044822,3.520560
438,-0.441139,0.103770,3.620605,-0.437816,-0.114395,3.646689,-0.387135,-0.335790,3.425481,-0.017285,-0.301282,3.029567,0.175806,-0.063247,2.925524,0.051359,0.198236,3.012928,-0.312835,0.351370,3.473051,-0.083285,0.403983,3.233594,-0.198784,0.771126,3.170686,-0.654497,0.623643,3.470361,-0.372731,0.971468,3.222963,-0.490009,1.021956,3.575306
439,-0.448132,0.088653,3.616798,-0.446989,-0.124640,3.655059,-0.405007,-0.338477,3.418828,-0.030061,-0.307218,3.029246,0.166098,-0.067645,2.926998,0.051202,0.204379,3.003479,-0.328891,0.352574,3.467419,-0.104874,0.402353,3.228467,-0.349062,0.788718,3.213995,-0.671176,0.659621,3.466481,-0.414472,1.000737,3.255377,-0.500131,1.017201,3.576600
440,-0.443850,0.086640,3.619526,-0.441056,-0.127965,3.650658,-0.405015,-0.345066,3.419749,-0.023674,-0.311000,3.029296,0.165752,-0.069023,2.928088,0.048942,0.208143,3.012858,-0.310662,0.354365,3.480596,-0.095121,0.402338,3.233479,-0.372603,0.798136,3.151349,-0.671302,0.636297,3.483640,-0.386522,0.968930,3.210505,-0.517718,0.964745,3.580322
441,-0.442067,0.074288,3.616058,-0.435613,-0.140575,3.632111,-0.423959,-0.368030,3.442870,-0.035454,-0.328042,3.016651,0.151959,-0.062620,2.945705,0.047035,0.210132,3.016469,-0.328463,0.324391,3.471717,-0.111720,0.382052,3.218153,-0.401896,0.761446,3.137724,-0.626313,0.589755,3.485965,-0.405294,0.971875,3.211158,-0.541271,0.955526,3.592919
442,-0.454733,0.068646,3.606027,-0.452885,-0.124876,3.584892,-0.427709,-0.405778,3.440413,-0.042008,-0.362581,3.000608,0.160344,-0.058610,2.953496,0.045864,0.218043,3.022117,-0.324982,0.317530,3.476131,-0.090524,0.378398,3.228658,-0.346660,0.773310,3.221840,-0.681526,0.604501,3.474148,-0.414104,0.957097,3.229188,-0.501179,0.889104,3.535373
443,-0.461754,0.066323,3.595874,-0.447131,-0.136111,3.581390,-0.453797,-0.449950,3.425181,-0.056504,-0.397526,2.995935,0.118362,-0.063288,2.950102,0.029609,0.223167,3.007547,-0.336644,0.301199,3.462590,-0.109094,0.360041,3.219854,-0.323811,0.838051,3.232993,-0.599782,0.707457,3.485505,-0.324338,0.959304,3.271982,-0.485819,0.906129,3.580465
444,-0.452345,0.049094,3.596811,-0.451244,-0.196258,3.576549,-0.448290,-0.470462,3.418783,-0.046237,-0.399654,3.003519,0.120979,-0.062826,2.964216,0.030041,0.223197,3.014082,-0.329985,0.295589,3.464404,-0.103512,0.355935,3.219949,-0.329015,0.833819,3.214144,-0.562450,0.709236,3.484938,-0.251750,0.963786,3.259274,-0.394070,0.918006,3.603027
445,-0.461358,0.059658,3.591472,-0.462386,-0.188330,3.578181,-0.446872,-0.470079,3.419641,-0.049106,-0.405884,3.008493,0.102618,-0.065531,2.956891,0.032907,0.220703,3.006995,-0.344114,0.309507,3.465928,-0.104388,0.355265,3.221715,-0.326959,0.847438,3.208474,-0.592004,0.726757,3.495589,-0.283038,1.039274,3.269481,-0.413851,1.001541,3.620035
446,-0.462700,0.064261,3.580092,-0.433151,-0.212101,3.516783,-0.427694,-0.511939,3.407411,-0.058223,-0.431947,2.982444,0.089134,-0.070229,3.002990,0.028253,0.224909,3.004838,-0.333282,0.267240,3.458151,-0.115586,0.348352,3.209313,-0.391694,0.839608,3.202672,-0.578149,0.667498,3.474601,-0.352330,1.078682,3.280175,-0.472494,1.016232,3.597163
447,-0.457989,0.069760,3.589157,-0.429080,-0.199965,3.531478,-0.434282,-0.527547,3.408960,-0.053745,-0.448806,2.983006,0.079628,-0.066952,3.011998,0.026193,0.223537,3.017689,-0.335782,0.257286,3.470017,-0.111139,0.339275,3.210859,-0.398457,0.814026,3.204726,-0.574390,0.646959,3.468853,-0.313835,1.052761,3.308372,-0.456320,0.999079,3.603905
448,-0.454975,0.078156,3.590883,-0.419963,-0.200325,3.528250,-0.428213,-0.535595,3.404465,-0.051142,-0.456711,2.982360,0.082916,-0.065872,3.006772,0.032294,0.226367,3.013931,-0.341271,0.264236,3.471123,-0.112407,0.325181,3.213210,-0.403844,0.819744,3.243640,-0.587451,0.722291,3.490776,-0.378841,1.010903,3.318274,-0.473948,0.958066,3.611241
449,-0.460440,0.057986,3.574857,-0.428058,-0.241061,3.484913,-0.426544,-0.553007,3.381438,-0.054001,-0.477463,2.986758,0.080088,-0.080839,3.025559,0.030498,0.220215,3.011881,-0.340773,0.244599,3.463050,-0.116364,0.310541,3.218499,-0.425126,0.795638,3.243428,-0.575504,0.632196,3.447273,-0.340257,0.963406,3.328202,-0.448063,0.875309,3.535905
450,-0.452970,0.096395,3.590383,-0.411736,-0.222122,3.489846,-0.411759,-0.590102,3.375392,-0.038238,-0.510838,2.975707,0.051475,-0.093400,3.012939,0.037311,0.225138,3.007816,-0.347362,0.217252,3.456561,-0.112261,0.284151,3.200416,-0.442978,0.772944,3.208764,-0.634871,0.636855,3.441980,-0.388388,0.982607,3.323014,-0.493706,0.899325,3.544382
451,-0.453398,0.099911,3.590531,-0.398375,-0.220761,3.497082,-0.405843,-0.609713,3.374507,-0.045656,-0.533930,2.969399,0.041160,-0.119996,3.005090,0.046760,0.229295,3.008203,-0.351471,0.222044,3.449834,-0.131122,0.280124,3.187197,-0.380700,0.753864,3.200306,-0.596569,0.613064,3.432864,-0.458787,1.038833,3.291626,-0.542973,0.991842,3.510896
452,-0.431815,0.084156,3.588709,-0.403816,-0.202859,3.498242,-0.394335,-0.632219,3.376256,-0.040468,-0.545748,2.965839,0.031530,-0.120394,3.004203,0.046002,0.231686,3.017783,-0.347735,0.225821,3.451272,-0.128580,0.277299,3.191431,-0.401293,0.734248,3.186909,-0.570242,0.621847,3.463161,-0.379685,1.091370,3.309545,-0.509249,1.006786,3.544325
453,-0.403069,0.112218,3.594811,-0.376248,-0.217123,3.496786,-0.388437,-0.663387,3.368270,-0.041501,-0.569403,2.968469,0.017869,-0.140452,3.006623,0.044231,0.232367,3.023053,-0.360153,0.226670,3.457328,-0.153859,0.278659,3.186871,-0.445711,0.743548,3.201248,-0.612136,0.635092,3.454309,-0.408770,1.163526,3.327940,-0.552452,1.082160,3.562370
454,-0.455866,0.081287,3.578621,-0.376155,-0.236284,3.496184,-0.382290,-0.662148,3.374388,-0.038205,-0.566036,2.963609,0.011080,-0.132037,3.005408,0.038877,0.228175,3.031013,-0.354514,0.222055,3.449445,-0.148773,0.276826,3.185007,-0.379045,0.778344,3.200918,-0.574358,0.664777,3.448517,-0.404712,1.187669,3.290715,-0.526344,1.075619,3.513661
455,-0.453625,0.091385,3.588097,-0.376482,-0.234733,3.497597,-0.381584,-0.655616,3.370523,-0.031133,-0.557441,2.967685,0.023499,-0.115702,3.003338,0.041222,0.225330,3.026425,-0.352904,0.229898,3.445697,-0.144324,0.287668,3.185068,-0.332668,0.771736,3.197528,-0.548137,0.684709,3.448553,-0.371998,1.166821,3.305922,-0.485222,1.089686,3.534643
456,-0.446545,0.109608,3.589707,-0.374117,-0.223652,3.494726,-0.386889,-0.644604,3.372566,-0.034587,-0.559694,2.963735,0.018525,-0.129636,2.999914,0.043636,0.223156,3.033156,-0.353130,0.239674,3.444521,-0.156282,0.290079,3.182173,-0.407968,0.746364,3.178647,-0.592329,0.619709,3.439719,-0.472122,1.151763,3.270837,-0.544857,1.124258,3.503572
457,-0.423742,0.096288,3.583596,-0.369537,-0.229333,3.493762,-0.380060,-0.644855,3.373403,-0.033136,-0.556351,2.963241,0.022792,-0.129748,2.993371,0.045256,0.225559,3.021936,-0.354889,0.241220,3.447500,-0.138493,0.290721,3.181235,-0.363508,0.766666,3.176919,-0.567865,0.672128,3.442698,-0.413190,1.071591,3.279804,-0.480657,1.043527,3.529938
458,-0.442910,0.110141,3.595777,-0.388654,-0.211200,3.492341,-0.380808,-0.630866,3.372989,-0.029172,-0.547601,2.971257,0.024475,-0.127188,3.005674,0.058105,0.229184,3.033499,-0.343230,0.251622,3.458181,-0.116084,0.290600,3.197319,-0.329367,0.781732,3.225834,-0.576223,0.648935,3.482918,-0.300813,1.185816,3.308181,-0.438606,1.099040,3.572167
459,-0.412737,0.133234,3.595876,-0.369667,-0.199055,3.495096,-0.378399,-0.622830,3.375139,-0.031011,-0.548055,2.966154,0.036023,-0.124050,2.995828,0.051947,0.231419,3.035939,-0.336403,0.259900,3.460811,-0.102157,0.308619,3.197514,-0.380249,0.801823,3.216396,-0.586559,0.715185,3.457118,-0.284026,1.153817,3.310639,-0.447294,1.085712,3.558582
460,-0.412714,0.101621,3.595990,-0.384131,-0.196251,3.492887,-0.387746,-0.614782,3.373723,-0.025701,-0.544062,2.960770,0.022643,-0.126714,2.990952,0.048202,0.228611,3.029989,-0.338463,0.253184,3.445449,-0.106839,0.293277,3.181844,-0.343486,0.821755,3.193093,-0.575613,0.721376,3.451616,-0.355294,1.096527,3.274249,-0.460221,1.073663,3.561045
461,-0.439736,0.097273,3.585294,-0.382783,-0.206512,3.493039,-0.387775,-0.609952,3.374878,-0.023450,-0.536672,2.963041,0.024252,-0.126396,2.991528,0.047768,0.228335,3.029028,-0.331384,0.252073,3.444983,-0.096492,0.288882,3.184146,-0.282001,0.854585,3.224595,-0.544314,0.713006,3.474217,-0.317388,1.022346,3.289418,-0.434547,1.003318,3.553190
462,-0.417673,0.123822,3.590677,-0.383580,-0.166712,3.503855,-0.386686,-0.595324,3.372177,-0.016969,-0.524844,2.964373,0.034441,-0.106462,2.991215,0.045150,0.228290,3.027740,-0.337591,0.274835,3.450088,-0.099733,0.306185,3.184763,-0.292145,0.870611,3.216564,-0.563159,0.733490,3.472699,-0.321594,1.168068,3.304007,-0.468312,1.103036,3.570627
463,-0.404699,0.082082,3.593342,-0.420476,-0.210318,3.498832,-0.369793,-0.602406,3.375556,-0.035773,-0.516270,2.968365,0.022700,-0.108428,2.993258,0.047580,0.227878,3.028135,-0.329716,0.274113,3.461606,-0.122692,0.315849,3.196818,-0.380260,0.826297,3.217943,-0.549713,0.730245,3.471280,-0.375218,1.080763,3.310378,-0.463581,1.039724,3.572469
464,-0.441684,0.074437,3.584880,-0.393511,-0.198418,3.510776,-0.394216,-0.589613,3.384859,-0.027776,-0.502830,2.975130,0.049556,-0.094466,2.997125,0.059213,0.229488,3.034322,-0.326860,0.273042,3.455333,-0.116916,0.322173,3.192138,-0.407558,0.787901,3.217022,-0.558744,0.690937,3.495114,-0.456448,1.059056,3.284703,-0.561867,1.022257,3.551515
465,-0.445235,0.053980,3.591469,-0.397062,-0.213450,3.566104,-0.380735,-0.570204,3.390925,-0.036480,-0.482322,2.969412,0.047814,-0.076808,2.964128,0.050070,0.233881,3.009882,-0.329545,0.279125,3.469432,-0.137015,0.329495,3.195614,-0.354461,0.793088,3.200305,-0.542293,0.727942,3.507226,-0.546636,1.069008,3.284254,-0.569124,1.081546,3.615715
466,-0.446893,0.069830,3.595855,-0.416120,-0.194979,3.562347,-0.392310,-0.550468,3.395308,-0.029268,-0.466404,2.971874,0.059087,-0.060448,2.962801,0.045478,0.238614,2.989173,-0.324231,0.291384,3.455618,-0.124943,0.339825,3.197170,-0.409201,0.773121,3.182882,-0.556787,0.678492,3.475222,-0.370091,1.038869,3.261315,-0.508186,0.979712,3.542608
467,-0.447938,0.054211,3.589857,-0.430139,-0.191613,3.555973,-0.412817,-0.514714,3.391340,-0.023582,-0.455656,2.970239,0.079275,-0.053631,2.959569,0.052763,0.236637,2.996462,-0.334891,0.287119,3.464531,-0.110309,0.346577,3.218245,-0.350791,0.801297,3.202697,-0.562486,0.695996,3.497992,-0.427114,0.960021,3.270111,-0.503652,0.909057,3.582550
468,-0.452308,0.047390,3.596188,-0.422299,-0.199244,3.559928,-0.409956,-0.508238,3.393400,-0.024699,-0.448773,2.969877,0.080939,-0.057246,2.958031,0.042984,0.232327,3.001837,-0.336375,0.287562,3.452110,-0.118656,0.349955,3.205896,-0.390107,0.815169,3.197412,-0.591251,0.699641,3.467981,-0.412690,1.013788,3.280076,-0.488285,0.932095,3.565544
469,-0.454901,0.057867,3.597454,-0.428535,-0.209149,3.598036,-0.409157,-0.485700,3.397308,-0.017677,-0.422202,2.974087,0.077836,-0.054327,2.910560,0.043076,0.234849,2.988302,-0.335961,0.318620,3.468521,-0.099425,0.374172,3.211187,-0.366263,0.840616,3.193340,-0.584181,0.722434,3.500244,-0.327704,0.980905,3.278471,-0.402190,0.965604,3.635894
470,-0.452913,0.060792,3.591619,-0.427705,-0.183984,3.610522,-0.428505,-0.418540,3.391067,-0.007966,-0.347188,2.989215,0.099707,-0.045161,2.914250,0.037422,0.224540,3.001331,-0.325992,0.391022,3.466534,-0.081116,0.428217,3.227940,-0.205577,0.876807,3.232501,-0.591415,0.721676,3.494702,-0.370231,1.036727,3.303629,-0.315210,1.046308,3.656040
471,-0.447328,0.077503,3.605345,-0.446858,-0.150077,3.631512,-0.428903,-0.386707,3.398285,-0.019670,-0.326295,2.983258,0.132556,-0.043359,2.905949,0.045749,0.220536,3.000407,-0.326293,0.396957,3.459998,-0.093529,0.451076,3.222865,-0.296552,0.852542,3.201702,-0.617396,0.696974,3.469243,-0.374894,1.016039,3.252482,-0.460220,1.022689,3.571543
472,-0.442001,0.086617,3.597096,-0.412059,-0.137487,3.633600,-0.425362,-0.373916,3.405030,-0.019293,-0.325862,2.992256,0.139105,-0.044862,2.921530,0.048088,0.217533,2.996753,-0.324131,0.401917,3.460682,-0.095043,0.454982,3.220343,-0.274190,0.854507,3.148771,-0.606681,0.705730,3.468172,-0.391293,0.953510,3.213327,-0.382211,0.956659,3.606891
473,-0.431827,0.076431,3.594603,-0.446126,-0.136871,3.621207,-0.429160,-0.360326,3.403241,-0.019774,-0.319059,2.989131,0.152432,-0.042031,2.916517,0.046229,0.215832,2.993930,-0.321930,0.382633,3.440747,-0.091921,0.442935,3.217355,-0.287889,0.837136,3.172640,-0.625659,0.667363,3.457028,-0.326028,0.896415,3.222578,-0.379846,0.896142,3.541858
474,-0.435837,0.089692,3.610408,-0.423170,-0.088014,3.645197,-0.412371,-0.337528,3.401021,-0.035489,-0.289463,3.014483,0.156843,-0.044749,2.915601,0.051109,0.213280,3.007747,-0.318299,0.393791,3.463558,-0.115536,0.437912,3.222102,-0.355130,0.815681,3.147647,-0.631141,0.673895,3.464514,-0.392081,0.940202,3.244365,-0.437135,0.978378,3.600879
475,-0.446041,0.098120,3.613536,-0.425420,-0.089701,3.644354,-0.403630,-0.316194,3.404638,-0.042127,-0.265712,3.021505,0.153687,-0.050940,2.916605,0.050550,0.207588,3.001964,-0.322250,0.375408,3.456247,-0.118038,0.427326,3.223234,-0.388255,0.733476,3.103420,-0.676315,0.604194,3.449457,-0.380122,1.009551,3.172895,-0.478400,1.014610,3.576136
476,-0.439490,0.094672,3.608759,-0.433570,-0.095700,3.641530,-0.409775,-0.303305,3.408889,-0.040778,-0.271305,3.015317,0.161901,-0.059970,2.922853,0.054023,0.209343,2.998209,-0.336668,0.358324,3.467154,-0.128433,0.412256,3.232742,-0.409156,0.713677,3.106430,-0.680803,0.597586,3.464002,-0.417134,0.916377,3.173236,-0.519355,0.910366,3.545701
477,-0.436282,0.087066,3.602814,-0.398424,-0.107905,3.650652,-0.409494,-0.293085,3.416544,-0.036678,-0.259530,3.033714,0.163309,-0.058554,2.935470,0.052383,0.211758,3.003033,-0.339105,0.336656,3.466933,-0.135080,0.384945,3.229959,-0.357444,0.663791,3.001849,-0.673259,0.531355,3.543066,-0.403402,0.859585,3.034727,-0.492143,0.869905,3.695431
478,-0.432035,0.071996,3.593059,-0.413268,-0.096737,3.644153,-0.389603,-0.281085,3.406927,-0.031195,-0.251961,3.030582,0.168018,-0.056659,2.934242,0.054967,0.212558,3.000869,-0.324502,0.347951,3.456304,-0.117051,0.386501,3.228549,-0.374058,0.608242,3.020934,-0.644666,0.512019,3.551558,-0.393262,0.860017,3.013988,-0.522172,0.899519,3.620107
479,-0.439328,0.079518,3.600231,-0.399305,-0.114183,3.646105,-0.385017,-0.275641,3.403758,-0.016542,-0.247853,3.030696,0.175445,-0.051784,2.929691,0.046726,0.207659,3.000783,-0.323931,0.359935,3.457641,-0.113993,0.394743,3.235818,-0.351453,0.669999,3.133127,-0.679645,0.533139,3.439447,-0.400602,0.871078,3.192493,-0.522063,0.838869,3.531471
480,-0.426854,0.082561,3.598536,-0.384259,-0.122373,3.643775,-0.372288,-0.283518,3.415073,-0.010423,-0.250561,3.031346,0.179517,-0.051562,2.931120,0.054128,0.208054,2.998096,-0.313519,0.353341,3.460196,-0.107266,0.398646,3.231547,-0.391078,0.653176,3.029695,-0.606782,0.491849,3.537753,-0.431343,0.860556,3.027263,-0.560105,0.898724,3.669767
481,-0.430801,0.079828,3.592478,-0.385273,-0.117419,3.632171,-0.363035,-0.296939,3.403233,-0.002511,-0.252751,3.049403,0.175470,-0.042875,2.933684,0.052339,0.207931,3.003865,-0.310858,0.340945,3.458370,-0.098680,0.388228,3.231747,-0.391547,0.652286,3.063814,-0.617059,0.578151,3.488371,-0.507876,0.976332,3.103294,-0.612239,0.996263,3.555069
482,-0.432808,0.082926,3.601043,-0.378340,-0.096524,3.628721,-0.348143,-0.294672,3.410444,0.009426,-0.234426,3.064461,0.179424,-0.026587,2.937851,0.047378,0.205258,3.006167,-0.296930,0.359581,3.473625,-0.091479,0.414061,3.250922,-0.378146,0.723467,3.134908,-0.616630,0.596910,3.481720,-0.393583,0.985275,3.224129,-0.503450,0.968447,3.576144
483,-0.422609,0.056592,3.598457,-0.352403,-0.124246,3.618849,-0.293957,-0.301771,3.415574,0.049407,-0.218980,3.069152,0.195333,0.001437,2.961792,0.059119,0.205991,3.007648,-0.283395,0.382576,3.471521,-0.058103,0.430837,3.250603,-0.114196,0.799821,3.179578,-0.651993,0.589360,3.467251,-0.387020,0.939130,3.211718,-0.499232,0.969845,3.566524
484,-0.428961,0.062266,3.595820,-0.355548,-0.117429,3.614840,-0.288574,-0.291008,3.421861,0.045651,-0.223471,3.070082,0.192070,0.011916,2.957827,0.050394,0.209143,3.008425,-0.286855,0.375190,3.486061,-0.067157,0.425488,3.256794,-0.294410,0.722440,3.149786,-0.618550,0.580329,3.515935,-0.475365,0.998224,3.169134,-0.587521,1.056355,3.594172
485,-0.427300,0.059830,3.588379,-0.355185,-0.117304,3.606321,-0.292313,-0.288330,3.426609,0.052009,-0.218207,3.088047,0.193037,0.016519,2.961983,0.050492,0.203153,3.011952,-0.289282,0.396504,3.472320,-0.056869,0.431137,3.249244,-0.173748,0.772435,3.179825,-0.583825,0.606557,3.451566,-0.408871,1.057628,3.200468,-0.535179,1.055851,3.506411
486,-0.426286,0.053783,3.592456,-0.350815,-0.112123,3.612507,-0.280992,-0.293878,3.430285,0.049365,-0.222350,3.088077,0.194036,0.019498,2.958655,0.051184,0.196433,3.011155,-0.289421,0.393762,3.488228,-0.058206,0.441459,3.258515,-0.170670,0.784874,3.208093,-0.621264,0.603408,3.485112,-0.425992,1.068754,3.216014,-0.604415,1.053754,3.534793
487,-0.424783,0.065073,3.592681,-0.347204,-0.099267,3.616599,-0.264349,-0.297129,3.431647,0.049996,-0.227801,3.085039,0.199246,0.020290,2.969110,0.053511,0.194699,3.013619,-0.280790,0.372897,3.484005,-0.064812,0.427391,3.256783,-0.256559,0.768090,3.192082,-0.577326,0.622969,3.470200,-0.449984,1.079892,3.205108,-0.567433,1.062901,3.514401
488,-0.424389,0.068237,3.606326,-0.349912,-0.094249,3.631886,-0.267096,-0.287900,3.435443,0.056428,-0.228440,3.086906,0.195117,0.023147,2.966051,0.049807,0.197550,3.013404,-0.284054,0.361767,3.504316,-0.062106,0.420967,3.274455,-0.275675,0.757646,3.188326,-0.594630,0.605609,3.521312,-0.453763,1.073462,3.191707,-0.563552,1.033004,3.592056
489,-0.414231,0.057248,3.607621,-0.332065,-0.094304,3.629569,-0.249556,-0.288485,3.438836,0.059608,-0.220960,3.096938,0.192950,0.032831,2.959740,0.049094,0.201645,3.000871,-0.284642,0.384697,3.489140,-0.080280,0.436942,3.264680,-0.369489,0.759751,3.188879,-0.614140,0.627439,3.466342,-0.476023,1.049205,3.205767,-0.588394,1.055112,3.522008
490,-0.417721,0.071230,3.608734,-0.337193,-0.067348,3.630701,-0.253915,-0.275826,3.439847,0.060624,-0.215245,3.100718,0.201492,0.041926,2.971318,0.052165,0.197971,3.008851,-0.286179,0.393715,3.489569,-0.082766,0.449173,3.269509,-0.416684,0.784839,3.203621,-0.606750,0.641030,3.485173,-0.474452,1.045818,3.232305,-0.571613,1.063221,3.566701
491,-0.412455,0.063237,3.601120,-0.329776,-0.068605,3.633243,-0.245006,-0.276263,3.438748,0.068356,-0.214693,3.094384,0.197121,0.047642,2.963770,0.057179,0.203541,3.007764,-0.284532,0.405392,3.481275,-0.059223,0.443146,3.260255,-0.145604,0.808644,3.180928,-0.605403,0.633131,3.471788,-0.364693,1.054350,3.218975,-0.495247,1.056299,3.555520
492,-0.411040,0.058461,3.602339,-0.319185,-0.075839,3.633635,-0.238168,-0.272569,3.441447,0.076332,-0.208160,3.097370,0.208316,0.048331,2.963813,0.053204,0.197902,3.013594,-0.279316,0.404021,3.494512,-0.060465,0.449765,3.272676,-0.222779,0.799282,3.210270,-0.597090,0.640524,3.475070,-0.393040,1.043314,3.242053,-0.498832,1.033155,3.556273
493,-0.413737,0.062058,3.605712,-0.344555,-0.075983,3.642212,-0.233711,-0.262522,3.445334,0.073403,-0.204009,3.095748,0.207582,0.051169,2.957540,0.055140,0.191824,3.003390,-0.287819,0.387224,3.488683,-0.085020,0.450817,3.272371,-0.419933,0.745578,3.152068,-0.638797,0.641185,3.461908,-0.505029,1.047645,3.210603,-0.597614,1.078843,3.534045
494,-0.424555,0.070722,3.600541,-0.346536,-0.053014,3.637964,-0.242548,-0.256362,3.445495,0.073747,-0.205129,3.095577,0.205724,0.051386,2.958945,0.056432,0.190428,3.009553,-0.291603,0.389313,3.490644,-0.075504,0.439551,3.272336,-0.291982,0.788399,3.195192,-0.618523,0.661057,3.493728,-0.478634,1.071067,3.223837,-0.589724,1.102007,3.573940
495,-0.416091,0.055899,3.598499,-0.349034,-0.087370,3.632894,-0.231856,-0.270181,3.440114,0.082862,-0.207497,3.091093,0.203240,0.054073,2.956430,0.059222,0.196314,3.013732,-0.291750,0.383926,3.496778,-0.074392,0.438125,3.269435,-0.344924,0.793896,3.169424,-0.612005,0.647335,3.481006,-0.469683,1.041926,3.236587,-0.573003,1.073457,3.558487
496,-0.418897,0.061080,3.602457,-0.350848,-0.095369,3.626874,-0.234654,-0.268387,3.438868,0.083803,-0.205685,3.098071,0.207074,0.055185,2.967629,0.057178,0.197462,3.009586,-0.286550,0.389498,3.489589,-0.051059,0.433184,3.263691,-0.174197,0.793077,3.163020,-0.608285,0.617407,3.509313,-0.388299,1.051930,3.202378,-0.537705,1.066439,3.614156
497,-0.414505,0.061968,3.602504,-0.342330,-0.098331,3.622171,-0.223231,-0.273114,3.436659,0.074802,-0.206925,3.094189,0.207660,0.056864,2.967955,0.049695,0.188597,3.001296,-0.282609,0.383730,3.484176,-0.076646,0.432630,3.271309,-0.325731,0.785285,3.191229,-0.602337,0.596566,3.490202,-0.459600,1.043044,3.233731,-0.566192,1.035214,3.518587
498,-0.415432,0.057904,3.601808,-0.335019,-0.093552,3.630545,-0.218890,-0.273352,3.447355,0.084425,-0.205635,3.095609,0.208136,0.059984,2.954513,0.056013,0.204112,3.004095,-0.277136,0.389890,3.489823,-0.070625,0.441916,3.262117,-0.340911,0.800195,3.154390,-0.624394,0.626409,3.505287,-0.451045,1.015578,3.192364,-0.573924,1.022577,3.581952
499,-0.419491,0.057139,3.597882,-0.338764,-0.091841,3.622523,-0.223382,-0.274782,3.443633,0.082748,-0.204522,3.092115,0.204817,0.062368,2.955904,0.051273,0.204004,3.005967,-0.282778,0.382587,3.492383,-0.066097,0.430150,3.262633,-0.255938,0.773173,3.133929,-0.594279,0.567592,3.538308,-0.417268,1.025847,3.180060,-0.546005,1.015178,3.588991
500,-0.415605,0.061336,3.598105,-0.342239,-0.089547,3.607129,-0.228853,-0.268232,3.439528,0.075349,-0.202244,3.085488,0.206826,0.060724,2.984214,0.049223,0.191024,3.010487,-0.279534,0.391874,3.491850,-0.060931,0.438503,3.269092,-0.210697,0.785007,3.188893,-0.596728,0.592952,3.463361,-0.394695,1.028043,3.210714,-0.552769,0.975578,3.535162
501,-0.425897,0.061425,3.600660,-0.339390,-0.074641,3.627811,-0.241202,-0.265005,3.442251,0.076939,-0.196987,3.087580,0.199644,0.060556,2.984313,0.056114,0.182623,3.010386,-0.298474,0.407187,3.504339,-0.078951,0.449625,3.272208,-0.281592,0.816527,3.152762,-0.660742,0.671914,3.482210,-0.453903,1.045124,3.220049,-0.577592,1.069367,3.545728
502,-0.429060,0.072941,3.593240,-0.347662,-0.056822,3.618241,-0.250942,-0.259667,3.442373,0.072933,-0.196798,3.088990,0.199540,0.058860,2.976232,0.060306,0.182059,3.012390,-0.289759,0.407613,3.502623,-0.067038,0.460174,3.280069,-0.250159,0.782630,3.188993,-0.592444,0.607753,3.492144,-0.453372,1.056912,3.244235,-0.580715,1.030320,3.557010
503,-0.410433,0.063971,3.588764,-0.333486,-0.071782,3.594475,-0.250773,-0.266698,3.443954,0.072130,-0.204074,3.086823,0.200548,0.055716,2.983406,0.058768,0.182911,3.005347,-0.289504,0.410734,3.490250,-0.060134,0.451143,3.263596,-0.181012,0.803594,3.175304,-0.607057,0.605413,3.469106,-0.375685,1.057751,3.225512,-0.499167,1.045696,3.524071
504,-0.423594,0.065261,3.591684,-0.333919,-0.062389,3.604895,-0.251873,-0.261065,3.444739,0.070874,-0.210365,3.089975,0.189256,0.055401,2.999499,0.049948,0.189155,3.014198,-0.284761,0.399103,3.490237,-0.073741,0.452584,3.268138,-0.343109,0.758233,3.156832,-0.588663,0.639121,3.481037,-0.499222,1.079508,3.214190,-0.584065,1.070479,3.519423
505,-0.416618,0.060633,3.595911,-0.338425,-0.078439,3.608281,-0.260164,-0.276903,3.439288,0.062814,-0.218069,3.078707,0.194180,0.052874,2.995143,0.051010,0.210660,3.017510,-0.284400,0.400713,3.482113,-0.057107,0.449329,3.264150,-0.153312,0.820829,3.176179,-0.582997,0.641915,3.482447,-0.391434,1.067044,3.181030,-0.482347,1.032385,3.562235
506,-0.419370,0.063444,3.593643,-0.340317,-0.094893,3.594944,-0.271391,-0.288346,3.437703,0.049012,-0.229180,3.077669,0.192793,0.040163,2.992574,0.053760,0.207342,3.017294,-0.288321,0.400637,3.474894,-0.067361,0.441272,3.255930,-0.167364,0.803852,3.187661,-0.584147,0.609434,3.464458,-0.403696,1.077611,3.184699,-0.509031,1.030023,3.541989
507,-0.413207,0.048789,3.592357,-0.327332,-0.115462,3.606673,-0.267426,-0.304090,3.434438,0.047551,-0.232817,3.079601,0.197382,0.031495,2.992870,0.054245,0.194751,3.009786,-0.288131,0.387865,3.472509,-0.078775,0.430758,3.257368,-0.267033,0.782644,3.176160,-0.601073,0.626504,3.453060,-0.407214,1.082469,3.196600,-0.518647,1.033415,3.537293
508,-0.419711,0.063205,3.593886,-0.350018,-0.109024,3.612156,-0.300918,-0.297939,3.437687,0.031832,-0.224604,3.074580,0.179687,0.024525,2.993010,0.051385,0.197015,3.011036,-0.299754,0.393846,3.475732,-0.083913,0.444702,3.259324,-0.258285,0.803340,3.189661,-0.608278,0.645577,3.451246,-0.455297,1.094619,3.202292,-0.572406,1.068457,3.519917
509,-0.426345,0.077437,3.602124,-0.363139,-0.119202,3.662859,-0.308957,-0.306926,3.426144,0.034260,-0.240372,3.062882,0.179674,0.005661,2.951937,0.051762,0.201327,3.010460,-0.290936,0.398591,3.463162,-0.065631,0.436119,3.240889,-0.197476,0.828518,3.203333,-0.591110,0.642816,3.440701,-0.398748,1.079082,3.215659,-0.494089,1.083755,3.528094
510,-0.424630,0.080692,3.608064,-0.374634,-0.130306,3.654529,-0.322382,-0.325918,3.428092,0.025219,-0.255773,3.068891,0.171829,-0.008231,2.945496,0.048798,0.208922,3.012070,-0.301653,0.359757,3.480292,-0.093183,0.411412,3.244904,-0.408558,0.754756,3.160608,-0.613046,0.599617,3.470193,-0.487522,1.098839,3.211062,-0.580863,1.042273,3.534490
511,-0.427326,0.078770,3.597473,-0.385806,-0.155244,3.650074,-0.333221,-0.333737,3.422362,0.018655,-0.266456,3.066040,0.186705,-0.018861,2.939816,0.055714,0.218246,3.011181,-0.311852,0.371777,3.455682,-0.095168,0.419021,3.232959,-0.396794,0.804100,3.143178,-0.627101,0.641867,3.430430,-0.385724,0.970801,3.229940,-0.499571,0.949663,3.510357
512,-0.429007,0.077175,3.612465,-0.412921,-0.188832,3.658499,-0.362741,-0.360518,3.428562,0.008675,-0.291962,3.044997,0.196839,-0.037603,2.928711,0.048735,0.219862,3.009582,-0.300753,0.358988,3.490017,-0.074303,0.412755,3.243404,-0.282878,0.835692,3.144944,-0.631950,0.625805,3.509692,-0.370930,0.943328,3.203537,-0.467245,0.972949,3.592290
513,-0.434824,0.076051,3.607041,-0.430224,-0.158616,3.660849,-0.368748,-0.359260,3.423339,0.005713,-0.298593,3.055044,0.181432,-0.048570,2.931824,0.049564,0.215441,3.013941,-0.309355,0.337479,3.487259,-0.086712,0.394521,3.249135,-0.332953,0.804145,3.147847,-0.639079,0.630413,3.474280,-0.389209,1.002143,3.245160,-0.484113,0.992201,3.563532
514,-0.437130,0.076655,3.603381,-0.461494,-0.209427,3.643042,-0.397358,-0.386574,3.405237,-0.009897,-0.331483,3.034957,0.147963,-0.057241,2.936629,0.051377,0.215587,3.017340,-0.329062,0.325792,3.467612,-0.099929,0.385846,3.240713,-0.338102,0.813309,3.181161,-0.624300,0.629354,3.478485,-0.394361,0.989206,3.249191,-0.474759,0.971078,3.585532
515,-0.444918,0.070254,3.621366,-0.470123,-0.236139,3.635679,-0.394938,-0.433701,3.406882,-0.023813,-0.359887,3.020638,0.131350,-0.064662,2.930307,0.040330,0.208861,3.004371,-0.329641,0.310118,3.450933,-0.115149,0.366318,3.217716,-0.401882,0.784194,3.169748,-0.611793,0.637431,3.482243,-0.466559,1.026378,3.234485,-0.564256,0.999921,3.583520
516,-0.452146,0.064639,3.611094,-0.468490,-0.240065,3.624893,-0.400034,-0.432784,3.399892,-0.019955,-0.365288,3.017562,0.138084,-0.065705,2.915311,0.036711,0.203756,3.001696,-0.322932,0.309482,3.461285,-0.100303,0.358535,3.224073,-0.362207,0.791271,3.150961,-0.614010,0.623845,3.498888,-0.337801,0.950152,3.210404,-0.439449,0.966335,3.610792
517,-0.444654,0.063304,3.611265,-0.457426,-0.228294,3.600686,-0.394532,-0.451756,3.397876,-0.019430,-0.374528,3.001678,0.133423,-0.066696,2.921538,0.031836,0.201092,2.997808,-0.323200,0.310001,3.447135,-0.099171,0.342723,3.208617,-0.337377,0.737892,3.141578,-0.654883,0.638992,3.470945,-0.408304,0.979530,3.226780,-0.467533,0.997175,3.590971
518,-0.451602,0.050398,3.608708,-0.443253,-0.223879,3.595768,-0.395691,-0.468434,3.395142,-0.016796,-0.378186,3.002444,0.134966,-0.065384,2.925980,0.039420,0.203496,3.005601,-0.325767,0.324353,3.442073,-0.107775,0.358516,3.209075,-0.392852,0.781536,3.136300,-0.614093,0.681483,3.449292,-0.368014,0.983540,3.214518,-0.461264,0.966063,3.558066
519,-0.444893,0.057351,3.602649,-0.443147,-0.217785,3.595052,-0.402191,-0.461956,3.398567,-0.015583,-0.388776,2.993216,0.119889,-0.066646,2.923508,0.038657,0.203985,3.009301,-0.316758,0.332914,3.463144,-0.079569,0.371746,3.207920,-0.312399,0.804345,3.154272,-0.609653,0.702622,3.478391,-0.442206,0.950862,3.215117,-0.513216,0.964841,3.589199
520,-0.436508,0.047898,3.604893,-0.443556,-0.220783,3.594821,-0.402699,-0.458422,3.392865,-0.009707,-0.393380,2.990787,0.127404,-0.062248,2.921679,0.044113,0.210496,3.006085,-0.324357,0.325862,3.465073,-0.094341,0.379053,3.216298,-0.311845,0.806357,3.169648,-0.593899,0.686011,3.480195,-0.429183,0.960938,3.226191,-0.453087,0.973881,3.591767
521,-0.449068,0.056156,3.595698,-0.453594,-0.220464,3.559207,-0.390819,-0.506501,3.396130,-0.012226,-0.412717,2.984352,0.112543,-0.067974,2.953404,0.041856,0.217326,3.001230,-0.320001,0.284906,3.458819,-0.089390,0.344792,3.210675,-0.297132,0.797802,3.224765,-0.520315,0.654904,3.468203,-0.401027,1.062587,3.291183,-0.464757,1.009488,3.577649
522,-0.442890,0.078613,3.598314,-0.423147,-0.191164,3.522461,-0.408049,-0.506612,3.397313,-0.014769,-0.433270,2.981863,0.106492,-0.069398,3.001095,0.038674,0.228782,3.000466,-0.314625,0.274572,3.473638,-0.080942,0.337970,3.226310,-0.326851,0.819725,3.253686,-0.568729,0.630973,3.485427,-0.407833,1.073637,3.287538,-0.478700,1.012115,3.574320
523,-0.455198,0.066703,3.598611,-0.419727,-0.188873,3.525008,-0.397709,-0.521662,3.392984,-0.015140,-0.442776,2.977778,0.102839,-0.055186,2.992457,0.038795,0.241906,3.008035,-0.317637,0.267597,3.471758,-0.089411,0.331243,3.222077,-0.330249,0.809172,3.259036,-0.554299,0.658041,3.469996,-0.350026,1.072378,3.301464,-0.437434,0.999833,3.560502
524,-0.453860,0.068965,3.591329,-0.433218,-0.199861,3.522399,-0.386786,-0.539910,3.392810,-0.020557,-0.448765,2.974945,0.092040,-0.056273,2.988053,0.034781,0.234707,2.996785,-0.318070,0.247785,3.462740,-0.084055,0.314426,3.208570,-0.367576,0.773015,3.226262,-0.596706,0.605235,3.472307,-0.332378,1.087835,3.299770,-0.459902,1.003813,3.574817
525,-0.430428,0.076183,3.580925,-0.403445,-0.206755,3.477842,-0.382469,-0.555335,3.391138,-0.028855,-0.469281,2.986648,0.097376,-0.066497,3.015009,0.043631,0.239867,3.002400,-0.319801,0.244005,3.456085,-0.108427,0.303046,3.210108,-0.444369,0.753888,3.224561,-0.566307,0.620430,3.434673,-0.313926,1.006924,3.325352,-0.417878,0.907918,3.539699
526,-0.442284,0.070858,3.583140,-0.412821,-0.218168,3.477947,-0.381216,-0.575216,3.383869,-0.035045,-0.485507,2.978916,0.085461,-0.078707,3.007123,0.046392,0.235652,3.003345,-0.320130,0.224230,3.442823,-0.118295,0.292804,3.195603,-0.468647,0.731410,3.223388,-0.568356,0.588095,3.422687,-0.403746,1.051924,3.311830,-0.521528,0.974989,3.508842
527,-0.427907,0.097926,3.580048,-0.404416,-0.208533,3.472602,-0.383766,-0.588253,3.380302,-0.037013,-0.506581,2.971194,0.070164,-0.093630,3.005384,0.048104,0.233042,3.010207,-0.318340,0.215215,3.456561,-0.101167,0.285191,3.204072,-0.401927,0.732608,3.232677,-0.544874,0.611525,3.447603,-0.406933,0.995666,3.306571,-0.480919,0.932480,3.526731
528,-0.424973,0.097894,3.593198,-0.403143,-0.213011,3.480778,-0.375230,-0.599705,3.380613,-0.039758,-0.507512,2.977553,0.065828,-0.095363,3.007552,0.048649,0.222967,3.005836,-0.325680,0.220781,3.440472,-0.125457,0.285314,3.185161,-0.466332,0.731458,3.188214,-0.544085,0.635164,3.428959,-0.395643,1.047319,3.300778,-0.469701,0.971942,3.526957
529,-0.427512,0.096086,3.574720,-0.397840,-0.217949,3.465819,-0.387297,-0.605231,3.369348,-0.037966,-0.524237,2.979964,0.054196,-0.113077,3.016062,0.050540,0.217996,3.024598,-0.305892,0.206331,3.444528,-0.095496,0.272899,3.202961,-0.353841,0.742495,3.215862,-0.493541,0.654714,3.456780,-0.280634,1.006141,3.308190,-0.397246,0.943795,3.537105
530,-0.424413,0.075665,3.576966,-0.357771,-0.235440,3.484329,-0.359025,-0.650999,3.371396,-0.040171,-0.531759,2.975325,0.045944,-0.114214,3.007252,0.045155,0.219976,3.015026,-0.313175,0.194766,3.438997,-0.126173,0.268253,3.183851,-0.438320,0.716931,3.213265,-0.538838,0.606995,3.444332,-0.460592,1.037182,3.299996,-0.535680,0.980984,3.514147
531,-0.424834,0.080933,3.582526,-0.350339,-0.244550,3.483170,-0.347277,-0.682560,3.364003,-0.040625,-0.571210,2.959527,0.022725,-0.139842,2.999672,0.048588,0.217421,3.001543,-0.316870,0.181561,3.421403,-0.151828,0.248780,3.154123,-0.473775,0.713974,3.155098,-0.545748,0.608313,3.418629,-0.362031,1.073772,3.306379,-0.479159,1.006956,3.523184
532,-0.424861,0.096239,3.588465,-0.348914,-0.223922,3.494008,-0.356909,-0.660400,3.369559,-0.037779,-0.572210,2.963655,0.026573,-0.131473,2.995186,0.041764,0.214870,3.007448,-0.306958,0.198723,3.430639,-0.115596,0.258143,3.165687,-0.461642,0.709616,3.167727,-0.555112,0.620846,3.432108,-0.415105,1.048694,3.290491,-0.513424,0.990073,3.499153
533,-0.404153,0.098289,3.593351,-0.369460,-0.229939,3.488076,-0.342572,-0.655223,3.362756,-0.034978,-0.562324,2.961023,0.010070,-0.125289,2.995690,0.035494,0.216415,3.005512,-0.324175,0.217493,3.432731,-0.153100,0.273554,3.162664,-0.448826,0.767279,3.172954,-0.570548,0.712334,3.434324,-0.524682,1.052717,3.282450,-0.594728,1.080821,3.510205
534,-0.392024,0.098433,3.584332,-0.338282,-0.218095,3.494218,-0.339797,-0.638279,3.366415,-0.023088,-0.555662,2.956735,0.020720,-0.117323,2.989016,0.042393,0.216087,3.013433,-0.334072,0.231866,3.419260,-0.134864,0.289305,3.158474,-0.475038,0.796042,3.159306,-0.597827,0.702554,3.413841,-0.416461,1.066454,3.295812,-0.550921,0.985764,3.505975
535,-0.404913,0.094340,3.590502,-0.340261,-0.221856,3.495677,-0.335379,-0.646098,3.364744,-0.027287,-0.553634,2.959022,0.024090,-0.123538,2.988671,0.042538,0.222453,3.016008,-0.311184,0.242025,3.443665,-0.139206,0.298978,3.169371,-0.431503,0.802372,3.186783,-0.566624,0.685915,3.445738,-0.480956,1.136987,3.295467,-0.569206,1.084488,3.520308
536,-0.404085,0.100280,3.589294,-0.343109,-0.217687,3.494805,-0.340426,-0.634387,3.368854,-0.027429,-0.553445,2.958094,0.013781,-0.132829,2.991178,0.042891,0.217138,3.014680,-0.326875,0.247574,3.434921,-0.142543,0.302478,3.171715,-0.422940,0.791095,3.171092,-0.576639,0.698277,3.422616,-0.463641,1.166829,3.269501,-0.573443,1.106897,3.485223
537,-0.439942,0.116020,3.601767,-0.388445,-0.188330,3.535383,-0.364402,-0.609792,3.374315,-0.019558,-0.538725,2.964430,0.024402,-0.110505,2.996768,0.051243,0.227804,3.017953,-0.329730,0.269496,3.438853,-0.123573,0.309380,3.165042,-0.351747,0.853096,3.187376,-0.537952,0.757567,3.477205,-0.445241,1.171197,3.301579,-0.524432,1.132026,3.598152
538,-0.382521,0.066785,3.598133,-0.384779,-0.202745,3.578961,-0.336550,-0.598670,3.389377,-0.029242,-0.502576,2.968611,0.013139,-0.079592,2.975659,0.044732,0.241249,3.027575,-0.316318,0.297536,3.472422,-0.141546,0.346215,3.181084,-0.404911,0.837461,3.157035,-0.569591,0.745614,3.506120,-0.576586,1.092835,3.270341,-0.569896,1.138878,3.606659
539,-0.417095,0.067552,3.597624,-0.375122,-0.210977,3.577071,-0.345991,-0.594001,3.390697,-0.045126,-0.477790,2.975987,0.030266,-0.052993,2.979625,0.046639,0.246610,3.037747,-0.313470,0.281764,3.462339,-0.134156,0.350730,3.188441,-0.468930,0.821973,3.155819,-0.570765,0.703193,3.480684,-0.360022,0.980365,3.282477,-0.513009,0.941221,3.570153
540,-0.444406,0.085105,3.596909,-0.385332,-0.192963,3.567765,-0.368792,-0.564063,3.393517,-0.037090,-0.480618,2.979936,0.038707,-0.053615,2.985452,0.046715,0.252609,3.023079,-0.327563,0.293082,3.455698,-0.121554,0.346649,3.189801,-0.435947,0.856157,3.165482,-0.575789,0.742542,3.469182,-0.431330,1.071134,3.292484,-0.530393,1.049924,3.587426
541,-0.426958,0.078949,3.610610,-0.384382,-0.212817,3.633386,-0.358699,-0.541538,3.402862,-0.052833,-0.445849,2.967422,0.026372,-0.057012,2.935487,0.049304,0.255074,2.993866,-0.303932,0.300109,3.478627,-0.133038,0.356624,3.201148,-0.446995,0.796908,3.181270,-0.536478,0.699073,3.509209,-0.416364,1.040646,3.273249,-0.503024,1.016539,3.592374
542,-0.446626,0.047340,3.604477,-0.421328,-0.235484,3.620908,-0.377928,-0.515833,3.407674,-0.051379,-0.418313,2.975211,0.030848,-0.051262,2.935434,0.044140,0.229672,3.005841,-0.323575,0.319295,3.486296,-0.126457,0.380760,3.219188,-0.465417,0.834428,3.197497,-0.542653,0.752909,3.510763,-0.315005,1.015837,3.315810,-0.423021,0.985296,3.631904
543,-0.466840,0.059260,3.599653,-0.471707,-0.180702,3.662596,-0.422347,-0.432038,3.424875,-0.038103,-0.351407,3.005478,0.086679,-0.047630,2.920184,0.037176,0.216629,2.995656,-0.345170,0.392507,3.482317,-0.122020,0.433626,3.225471,-0.411456,0.893208,3.237377,-0.639273,0.769852,3.489738,-0.403911,1.141493,3.356032,-0.498654,1.096136,3.623827
544,-0.454888,0.071363,3.605465,-0.490613,-0.163358,3.679489,-0.433898,-0.372036,3.425847,-0.030588,-0.306177,3.054339,0.097637,-0.051510,2.916044,0.037708,0.216057,3.002363,-0.337230,0.407089,3.486087,-0.120675,0.460050,3.241731,-0.333365,0.885753,3.203275,-0.620666,0.763979,3.505984,-0.465993,1.119601,3.306650,-0.447052,1.186766,3.643493
545,-0.438759,0.085024,3.605553,-0.446756,-0.063938,3.684432,-0.375407,-0.329490,3.435072,-0.038937,-0.282132,3.053530,0.167169,-0.050438,2.917394,0.044069,0.209105,3.001381,-0.299948,0.470982,3.496244,-0.092104,0.481772,3.243826,-0.210755,0.875579,3.205798,-0.663142,0.768555,3.473847,-0.383989,1.117773,3.302669,-0.441285,1.180697,3.608656
546,-0.460893,0.096040,3.616850,-0.390513,-0.061908,3.687410,-0.372019,-0.322833,3.445341,-0.030832,-0.283130,3.054943,0.170405,-0.054221,2.921192,0.045686,0.205657,3.000428,-0.292648,0.423517,3.460809,-0.086497,0.453457,3.237872,-0.168830,0.803549,3.181451,-0.666917,0.720130,3.477670,-0.385832,1.020646,3.260449,-0.439202,1.111233,3.605450
547,-0.447966,0.079795,3.604182,-0.429756,-0.051471,3.676457,-0.360254,-0.309163,3.436182,-0.024908,-0.270041,3.074242,0.174730,-0.049898,2.950483,0.041092,0.211255,3.010692,-0.298808,0.416214,3.489985,-0.093806,0.462164,3.256361,-0.270124,0.833538,3.207977,-0.682761,0.710610,3.475966,-0.420591,1.071382,3.286460,-0.504935,1.120605,3.595295
548,-0.436603,0.062595,3.607697,-0.386026,-0.079259,3.655547,-0.328095,-0.319805,3.426850,-0.014973,-0.247279,3.079068,0.178394,-0.038448,2.967131,0.043067,0.210624,3.012004,-0.315616,0.369182,3.482800,-0.113980,0.432111,3.258116,-0.362912,0.842911,3.203321,-0.642169,0.697080,3.456646,-0.407155,1.041632,3.275494,-0.506709,1.066355,3.571567
549,-0.437233,0.084068,3.610313,-0.371535,-0.089170,3.655109,-0.307125,-0.292816,3.440560,0.010693,-0.246151,3.081690,0.188982,-0.027109,2.969668,0.047331,0.210745,3.012529,-0.315690,0.377994,3.494830,-0.095705,0.428609,3.267009,-0.247277,0.792091,3.206864,-0.668067,0.626749,3.448789,-0.380117,1.064398,3.272954,-0.478878,1.065791,3.555697
550,-0.432752,0.069582,3.613142,-0.341840,-0.087170,3.634583,-0.280783,-0.302793,3.440377,0.027049,-0.241907,3.087663,0.182287,-0.012051,2.980926,0.047970,0.208625,3.009821,-0.300557,0.376272,3.490358,-0.087806,0.420367,3.269800,-0.320439,0.736872,3.143557,-0.652153,0.579078,3.455984,-0.396789,0.944922,3.230945,-0.489588,0.980931,3.551159
551,-0.439545,0.064214,3.609078,-0.346493,-0.083310,3.631138,-0.283932,-0.298351,3.442976,0.025688,-0.239417,3.091884,0.183900,-0.004846,2.980733,0.046891,0.209465,3.005535,-0.299863,0.375617,3.488418,-0.099783,0.421271,3.274300,-0.400472,0.729545,3.185863,-0.617308,0.579394,3.475286,-0.415019,0.986603,3.251385,-0.520513,1.006165,3.566535
552,-0.425591,0.063993,3.607686,-0.342738,-0.081480,3.635491,-0.282843,-0.293304,3.448570,0.028163,-0.242138,3.095679,0.186077,-0.001611,2.989802,0.049951,0.209082,3.013962,-0.303331,0.372032,3.495568,-0.091861,0.419868,3.275308,-0.356185,0.761262,3.186011,-0.611357,0.591523,3.476113,-0.423608,1.010443,3.233332,-0.519433,0.999911,3.542894
553,-0.435805,0.064914,3.611442,-0.348048,-0.070835,3.620337,-0.255556,-0.276960,3.446241,0.053444,-0.222171,3.096086,0.195345,0.017367,3.002593,0.054410,0.204336,3.011865,-0.292680,0.375334,3.504474,-0.075355,0.432023,3.287629,-0.270198,0.737038,3.184649,-0.619764,0.592491,3.483172,-0.451642,0.989713,3.217132,-0.549393,1.014895,3.558584
554,-0.429237,0.063820,3.603443,-0.351279,-0.055532,3.632225,-0.250376,-0.270564,3.454913,0.062690,-0.215124,3.106951,0.197268,0.025418,2.985105,0.054267,0.199627,3.006991,-0.289619,0.371791,3.509616,-0.072633,0.427036,3.287951,-0.264650,0.720904,3.135565,-0.603209,0.551606,3.505784,-0.416784,0.998727,3.198462,-0.541385,0.986819,3.572679
555,-0.430729,0.065900,3.607908,-0.355598,-0.050181,3.639452,-0.247304,-0.262786,3.456508,0.060545,-0.214042,3.106252,0.201656,0.027881,2.981823,0.057267,0.195431,3.007155,-0.300617,0.379887,3.509721,-0.092380,0.433587,3.283752,-0.326793,0.737034,3.180508,-0.612127,0.603530,3.490091,-0.458205,1.029222,3.260192,-0.574267,1.032180,3.536733
556,-0.428019,0.064449,3.601912,-0.358965,-0.061858,3.634676,-0.248509,-0.267432,3.453357,0.067792,-0.212969,3.107235,0.201720,0.031044,2.984187,0.059827,0.200141,3.002468,-0.291898,0.363166,3.516427,-0.078062,0.423281,3.286800,-0.322988,0.729255,3.128922,-0.612629,0.551217,3.563730,-0.417557,1.010195,3.221513,-0.531351,1.023865,3.632891
557,-0.429550,0.075238,3.609824,-0.358327,-0.052097,3.644272,-0.250476,-0.262563,3.460210,0.060696,-0.212967,3.114334,0.202731,0.032122,2.980291,0.055229,0.187729,3.001312,-0.294165,0.372173,3.519350,-0.084386,0.415259,3.294396,-0.307963,0.755346,3.167350,-0.613702,0.595546,3.504343,-0.393207,1.026721,3.248791,-0.503482,1.035379,3.573863
558,-0.425439,0.061086,3.602194,-0.348183,-0.072462,3.632558,-0.234658,-0.272147,3.458321,0.069126,-0.206850,3.115844,0.199009,0.031735,2.988575,0.060951,0.187573,3.010411,-0.285893,0.362792,3.515465,-0.069304,0.417713,3.290534,-0.250684,0.760196,3.141336,-0.604222,0.574386,3.506960,-0.409430,1.022778,3.216873,-0.513346,1.015929,3.577509
559,-0.432944,0.074683,3.604527,-0.357182,-0.069445,3.633655,-0.237537,-0.268689,3.459324,0.065048,-0.211106,3.115398,0.199038,0.031084,2.984248,0.055147,0.185924,3.012022,-0.297374,0.365727,3.518772,-0.077332,0.422374,3.300352,-0.250396,0.788057,3.162083,-0.621524,0.603087,3.516659,-0.348653,1.075117,3.236380,-0.531700,1.068571,3.588562
560,-0.426610,0.068130,3.611014,-0.353752,-0.062402,3.635933,-0.239121,-0.268032,3.462242,0.070447,-0.201411,3.110005,0.200002,0.032186,2.978106,0.057527,0.194183,3.008323,-0.291834,0.382762,3.520790,-0.070368,0.434150,3.291211,-0.236128,0.776801,3.138752,-0.613327,0.596536,3.542218,-0.396982,1.063866,3.254991,-0.520930,1.053595,3.554991
561,-0.431032,0.076345,3.603935,-0.360257,-0.053936,3.635618,-0.249736,-0.261028,3.459713,0.066240,-0.209090,3.114718,0.204005,0.031908,2.979905,0.058590,0.196430,3.006699,-0.281003,0.385508,3.507015,-0.060194,0.428614,3.285989,-0.207002,0.751444,3.140315,-0.591692,0.590655,3.497062,-0.370475,1.029123,3.198444,-0.528584,1.031572,3.574553
562,-0.426815,0.075210,3.609143,-0.359866,-0.063774,3.633781,-0.247710,-0.270310,3.467224,0.058656,-0.220968,3.116757,0.204956,0.030969,2.985257,0.051790,0.194924,3.011221,-0.285029,0.381303,3.514030,-0.084974,0.425676,3.284127,-0.371785,0.710329,3.147511,-0.599860,0.603578,3.499696,-0.464144,1.047547,3.238862,-0.568924,1.035051,3.525496
563,-0.432360,0.070757,3.597167,-0.353923,-0.072550,3.607534,-0.263966,-0.282241,3.446119,0.043438,-0.234938,3.109400,0.189601,0.026840,3.003477,0.049197,0.200705,3.012876,-0.293700,0.376438,3.498324,-0.079608,0.429291,3.289870,-0.330545,0.701823,3.129120,-0.601474,0.569896,3.483065,-0.475714,0.944268,3.182041,-0.590510,0.968174,3.542099
564,-0.421762,0.064936,3.600982,-0.347597,-0.070793,3.602856,-0.269593,-0.288663,3.454705,0.038223,-0.238026,3.109489,0.193021,0.021816,3.000265,0.052499,0.207811,3.010689,-0.299755,0.379299,3.490888,-0.093486,0.426647,3.267410,-0.344134,0.700669,3.092006,-0.597817,0.569728,3.493783,-0.431075,0.938568,3.146671,-0.532341,0.986739,3.508756
565,-0.425606,0.059324,3.603210,-0.344327,-0.075200,3.621901,-0.281294,-0.296198,3.457625,0.032855,-0.230166,3.109232,0.183286,0.017326,3.003172,0.053114,0.211238,3.009052,-0.301951,0.383516,3.491565,-0.091143,0.433967,3.274824,-0.349385,0.735373,3.145168,-0.618004,0.646985,3.470140,-0.465136,0.981083,3.176084,-0.548910,1.020488,3.477348
566,-0.426261,0.064919,3.596189,-0.347459,-0.084710,3.607407,-0.290128,-0.297703,3.455079,0.030767,-0.230036,3.092736,0.183292,0.015060,3.006385,0.053890,0.214765,3.019512,-0.303570,0.396044,3.498883,-0.089735,0.448110,3.273047,-0.311631,0.791151,3.173398,-0.600522,0.634093,3.454985,-0.448741,1.023303,3.201024,-0.559540,1.025042,3.506224
567,-0.433667,0.069768,3.599426,-0.342109,-0.093445,3.605988,-0.297611,-0.315813,3.450662,0.022152,-0.237444,3.092832,0.186439,0.006079,3.010044,0.049401,0.211686,3.023691,-0.309232,0.392575,3.483217,-0.100043,0.439348,3.263243,-0.337588,0.798767,3.142699,-0.610577,0.614085,3.436136,-0.423302,0.985359,3.178380,-0.520094,1.006722,3.490323
568,-0.418170,0.068026,3.589479,-0.330820,-0.090354,3.605708,-0.307448,-0.332231,3.450645,0.000073,-0.237446,3.094141,0.180104,-0.004716,3.007832,0.048061,0.212362,3.018654,-0.317517,0.387423,3.493282,-0.109363,0.444683,3.275345,-0.348359,0.786657,3.160819,-0.618664,0.619861,3.446317,-0.443777,1.014959,3.195265,-0.544618,1.042461,3.501757
569,-0.425526,0.068874,3.602947,-0.348384,-0.097754,3.618946,-0.309169,-0.334671,3.449059,-0.000545,-0.241424,3.091795,0.174685,-0.002004,3.002098,0.048930,0.211091,3.017206,-0.316908,0.385623,3.476900,-0.113349,0.447232,3.258621,-0.405125,0.783648,3.155605,-0.606680,0.621091,3.444033,-0.395737,1.088251,3.222230,-0.489516,1.062541,3.489082
570,-0.421604,0.068712,3.600327,-0.353944,-0.107123,3.647825,-0.353257,-0.331604,3.436731,-0.026767,-0.244604,3.065983,0.174320,-0.011990,2.986383,0.048403,0.219802,3.019655,-0.322374,0.411026,3.490216,-0.114082,0.459655,3.263709,-0.353165,0.862574,3.221675,-0.635219,0.690846,3.485068,-0.417245,1.105947,3.263278,-0.493682,1.125437,3.604486
571,-0.433822,0.079393,3.611586,-0.368650,-0.129834,3.677544,-0.373730,-0.344090,3.434017,-0.041313,-0.249507,3.036448,0.171439,-0.037426,2.953451,0.049860,0.220416,3.026750,-0.325254,0.363802,3.487259,-0.134761,0.417283,3.241436,-0.429668,0.766762,3.053483,-0.630457,0.606453,3.536271,-0.363395,0.925207,3.126156,-0.470240,0.976470,3.596385
572,-0.428993,0.088309,3.628341,-0.388213,-0.121033,3.684098,-0.354260,-0.342452,3.440865,-0.034047,-0.254781,3.044676,0.174321,-0.043725,2.952487,0.060309,0.221320,3.027916,-0.312865,0.377080,3.495614,-0.126539,0.434886,3.249445,-0.469727,0.762357,3.135510,-0.648611,0.614229,3.474262,-0.401442,0.980960,3.240567,-0.536201,0.973702,3.548502
573,-0.453819,0.067997,3.624102,-0.428007,-0.141514,3.680029,-0.408251,-0.357705,3.428173,-0.061478,-0.269731,3.031320,0.143074,-0.067107,2.966332,0.053429,0.225127,3.012558,-0.351568,0.371838,3.481471,-0.150927,0.431083,3.246963,-0.437725,0.843478,3.211982,-0.670568,0.657176,3.443730,-0.451458,1.080477,3.293314,-0.556113,1.051357,3.538516
574,-0.447299,0.094694,3.622478,-0.413186,-0.128908,3.682307,-0.412853,-0.367896,3.427908,-0.055909,-0.291660,3.014365,0.145980,-0.067255,2.941616,0.059490,0.218844,3.000566,-0.332088,0.352224,3.479140,-0.137606,0.415660,3.219769,-0.468093,0.775014,3.174856,-0.627808,0.638306,3.511303,-0.503220,1.030549,3.219862,-0.602573,1.049288,3.579423
575,-0.458478,0.059603,3.610523,-0.433249,-0.174858,3.653682,-0.425567,-0.417098,3.407936,-0.055912,-0.322689,3.004719,0.136361,-0.063097,2.938714,0.050357,0.218880,3.010979,-0.338863,0.340187,3.484884,-0.120981,0.402187,3.226758,-0.399238,0.850703,3.203753,-0.677749,0.722686,3.487871,-0.371253,1.016442,3.274255,-0.523473,1.015018,3.605001
576,-0.458263,0.071232,3.610256,-0.448344,-0.232918,3.644914,-0.431836,-0.425908,3.412516,-0.046385,-0.337358,3.010649,0.103773,-0.070968,2.929261,0.043991,0.220822,3.010830,-0.342978,0.363518,3.472573,-0.112075,0.412100,3.224132,-0.313905,0.875340,3.209417,-0.675501,0.763568,3.477827,-0.404595,1.036781,3.269322,-0.453189,1.070252,3.616838
577,-0.448548,0.056688,3.598309,-0.442969,-0.227819,3.607423,-0.432048,-0.499190,3.403554,-0.054067,-0.378738,3.002501,0.097260,-0.073231,2.930101,0.042575,0.223553,3.007781,-0.344417,0.334521,3.476397,-0.116503,0.388356,3.217498,-0.408184,0.893617,3.203093,-0.665339,0.790656,3.477770,-0.378922,1.045910,3.293853,-0.533690,1.033391,3.618268
578,-0.455804,0.047099,3.596703,-0.431467,-0.188955,3.609691,-0.429809,-0.483600,3.400177,-0.058035,-0.396387,3.000482,0.102438,-0.072195,2.933719,0.041011,0.218378,3.004342,-0.341731,0.337392,3.471605,-0.128514,0.389203,3.225945,-0.426402,0.899636,3.215338,-0.617576,0.777251,3.491627,-0.410696,1.016494,3.297482,-0.529846,0.993134,3.605169
579,-0.457332,0.060792,3.591702,-0.422503,-0.186954,3.560323,-0.418835,-0.518111,3.404639,-0.053749,-0.412886,2.982990,0.096256,-0.058887,2.961399,0.038450,0.232991,3.012050,-0.343774,0.285494,3.465148,-0.133021,0.365050,3.212585,-0.459077,0.852245,3.221017,-0.600223,0.697543,3.492228,-0.393356,1.013484,3.325900,-0.507618,0.951949,3.596920
580,-0.459739,0.061334,3.587893,-0.412558,-0.189914,3.563267,-0.429124,-0.554208,3.399347,-0.053258,-0.432588,2.983209,0.091284,-0.052830,2.973149,0.041149,0.237527,3.003630,-0.338871,0.282162,3.473517,-0.132656,0.342139,3.207985,-0.437137,0.815525,3.200092,-0.618440,0.689630,3.494971,-0.356475,1.053672,3.303061,-0.491222,0.989641,3.630413
581,-0.450939,0.073436,3.589909,-0.411792,-0.174052,3.578055,-0.423348,-0.558975,3.403204,-0.049453,-0.458619,2.974247,0.066975,-0.049377,2.968636,0.037550,0.229960,2.995089,-0.352062,0.276347,3.462246,-0.124519,0.328283,3.197787,-0.403360,0.823082,3.188687,-0.643471,0.699919,3.480315,-0.427372,1.055219,3.287084,-0.533309,1.002916,3.616804
582,-0.440266,0.067534,3.593555,-0.421023,-0.185136,3.570863,-0.418380,-0.565515,3.403325,-0.056502,-0.472838,2.966966,0.060123,-0.046965,2.953218,0.035564,0.230025,2.997627,-0.336337,0.264715,3.470032,-0.128035,0.328138,3.198947,-0.425925,0.837827,3.197819,-0.594519,0.706799,3.488570,-0.417640,0.943585,3.300715,-0.493573,0.929513,3.609181
583,-0.435501,0.080642,3.594076,-0.396283,-0.200370,3.525216,-0.407302,-0.629100,3.393745,-0.050003,-0.499287,2.978027,0.055655,-0.071990,2.988841,0.044345,0.239759,2.992038,-0.346357,0.228497,3.442535,-0.139761,0.290394,3.178263,-0.459755,0.791681,3.197001,-0.565183,0.690080,3.460603,-0.433780,0.931838,3.317897,-0.520008,0.905016,3.566583
584,-0.421590,0.069203,3.592712,-0.400974,-0.224611,3.519325,-0.383158,-0.655939,3.391547,-0.067439,-0.519140,2.974848,0.033553,-0.094054,2.986042,0.048529,0.232318,3.000878,-0.337510,0.220360,3.463547,-0.147722,0.284992,3.189262,-0.509494,0.776832,3.222688,-0.587962,0.656543,3.490459,-0.452604,1.042738,3.331344,-0.537744,1.015134,3.596744
585,-0.411726,0.109758,3.593067,-0.374771,-0.196319,3.521101,-0.406899,-0.620086,3.396745,-0.057393,-0.530158,2.968007,0.045190,-0.090094,2.980909,0.043270,0.228144,3.001611,-0.339128,0.256555,3.465209,-0.129468,0.304105,3.186067,-0.483954,0.791918,3.195327,-0.594289,0.635095,3.488038,-0.411225,1.048718,3.285218,-0.521836,0.975238,3.575105
586,-0.401033,0.095014,3.590253,-0.348228,-0.228571,3.496142,-0.388110,-0.653702,3.376029,-0.050170,-0.554177,2.974293,0.028702,-0.099238,3.004475,0.049587,0.237190,3.020727,-0.356044,0.253326,3.452545,-0.163005,0.312331,3.182926,-0.534705,0.792599,3.167463,-0.602485,0.718414,3.435110,-0.506000,1.077100,3.273898,-0.603937,1.030103,3.513423
587,-0.278879,0.113197,3.610526,-0.326122,-0.236288,3.497461,-0.337310,-0.671882,3.379224,-0.046457,-0.561236,2.963322,0.006927,-0.099769,3.001990,0.048089,0.236779,3.016241,-0.345944,0.238187,3.447948,-0.173327,0.306856,3.177880,-0.483043,0.828335,3.161794,-0.604910,0.725596,3.437307,-0.508248,1.219490,3.242606,-0.605602,1.249008,3.480087
588,-0.414987,0.082858,3.591961,-0.357462,-0.242429,3.496362,-0.363452,-0.653489,3.377785,-0.034837,-0.565534,2.960134,0.004969,-0.126260,2.986354,0.035140,0.233988,3.017917,-0.354876,0.237568,3.450672,-0.147733,0.283410,3.167089,-0.450144,0.846376,3.179187,-0.574447,0.764500,3.454999,-0.432881,1.129357,3.303389,-0.555021,1.103035,3.549616
589,-0.400138,0.093612,3.593894,-0.354478,-0.236297,3.497513,-0.357185,-0.648567,3.380830,-0.036200,-0.561097,2.961553,-0.001702,-0.131625,2.982269,0.031037,0.221631,3.018589,-0.357923,0.247869,3.445886,-0.152852,0.291505,3.166822,-0.423382,0.833009,3.166806,-0.616213,0.721405,3.429754,-0.456260,1.196320,3.254069,-0.582972,1.128721,3.509156
590,-0.394812,0.100752,3.598343,-0.348590,-0.231054,3.504412,-0.353498,-0.654894,3.378678,-0.039916,-0.563425,2.969417,0.007643,-0.128706,2.998059,0.031869,0.217907,3.011363,-0.355550,0.241458,3.448545,-0.165313,0.289816,3.173080,-0.384384,0.792301,3.180327,-0.587298,0.726304,3.458320,-0.544001,1.140374,3.273471,-0.592635,1.179719,3.522130
591,-0.373496,0.110403,3.599472,-0.319579,-0.229533,3.500266,-0.341258,-0.657682,3.381167,-0.044393,-0.559678,2.964799,0.008762,-0.126832,2.988092,0.037135,0.216270,3.002301,-0.335470,0.245978,3.433585,-0.163317,0.291926,3.157731,-0.450029,0.788762,3.162141,-0.597269,0.629329,3.420459,-0.521019,1.181794,3.249096,-0.576851,1.153363,3.479986
592,-0.353997,0.117620,3.595727,-0.315141,-0.225536,3.500780,-0.325923,-0.664867,3.377941,-0.047713,-0.560113,2.964658,0.009947,-0.127554,2.989573,0.032620,0.213015,3.011820,-0.322241,0.239407,3.441169,-0.154885,0.292431,3.168221,-0.477042,0.798812,3.189800,-0.571854,0.632741,3.432191,-0.516474,1.098145,3.277760,-0.607525,1.042783,3.481164
593,-0.375850,0.111481,3.602864,-0.319627,-0.223185,3.498852,-0.327730,-0.658801,3.375165,-0.035888,-0.553807,2.966275,0.015476,-0.114064,2.995805,0.030466,0.216103,3.017073,-0.326505,0.248747,3.445542,-0.152098,0.298567,3.169511,-0.468259,0.833335,3.184083,-0.603379,0.704587,3.437186,-0.492244,1.153912,3.271633,-0.608512,1.092862,3.501233
594,-0.342165,0.104555,3.600485,-0.314050,-0.236335,3.502439,-0.335427,-0.658507,3.378002,-0.044796,-0.552644,2.964377,0.010813,-0.113187,2.990291,0.028907,0.221163,3.008995,-0.320219,0.242721,3.435782,-0.163150,0.301470,3.159785,-0.455977,0.813065,3.169705,-0.588053,0.699939,3.425510,-0.504471,1.113731,3.258663,-0.592827,1.074927,3.478119
595,-0.330162,0.139332,3.610789,-0.316516,-0.207026,3.502526,-0.346292,-0.634390,3.378978,-0.041631,-0.550004,2.965670,0.000508,-0.117026,2.991752,0.035327,0.230576,3.014652,-0.326456,0.260337,3.445023,-0.152145,0.303741,3.162052,-0.442735,0.850195,3.193948,-0.556977,0.740480,3.452705,-0.521306,1.014260,3.301348,-0.571682,1.017000,3.531688
596,-0.389746,0.083239,3.597778,-0.375295,-0.200199,3.501668,-0.327111,-0.639108,3.381820,-0.049332,-0.546248,2.965451,-0.005798,-0.119888,2.990592,0.031776,0.227642,3.008704,-0.304794,0.262927,3.448604,-0.155416,0.309011,3.163429,-0.356907,0.801471,3.181860,-0.528831,0.724948,3.465710,-0.539041,1.037204,3.282862,-0.567727,1.043456,3.534869
597,-0.409550,0.123649,3.596730,-0.344479,-0.197829,3.505769,-0.356929,-0.635433,3.374939,-0.032709,-0.540897,2.969978,0.020255,-0.107391,2.991399,0.026996,0.234233,3.015283,-0.310650,0.261237,3.440129,-0.120442,0.301260,3.165504,-0.421451,0.804511,3.169902,-0.558740,0.665421,3.459060,-0.475955,1.040769,3.262344,-0.523231,1.034172,3.528814
598,-0.424358,0.092527,3.590575,-0.401901,-0.213074,3.495056,-0.351248,-0.643597,3.374056,-0.037337,-0.539208,2.971423,0.008464,-0.107534,2.995138,0.032799,0.223990,3.029410,-0.317721,0.251336,3.455027,-0.132656,0.298058,3.186038,-0.359261,0.832095,3.220671,-0.535327,0.723120,3.478933,-0.512179,0.947688,3.292511,-0.561437,0.964013,3.535834
599,-0.439647,0.082687,3.592719,-0.374099,-0.226470,3.522939,-0.358750,-0.616988,3.387299,-0.048883,-0.532186,2.974494,0.012883,-0.112212,2.997320,0.038694,0.220190,3.014214,-0.319472,0.271324,3.452596,-0.144787,0.313835,3.171533,-0.302836,0.827551,3.206657,-0.520410,0.692510,3.491078,-0.458678,1.112225,3.280078,-0.517175,1.107829,3.550241
600,-0.418267,0.089957,3.598362,-0.388165,-0.210911,3.524552,-0.371428,-0.605512,3.391849,-0.045889,-0.537168,2.978282,-0.000786,-0.117194,2.999213,0.032437,0.218247,3.023011,-0.319231,0.270010,3.461515,-0.123265,0.313342,3.181140,-0.317196,0.848297,3.221134,-0.563521,0.685037,3.505306,-0.502869,1.024363,3.292697,-0.548528,1.036432,3.567344
601,-0.413862,0.089103,3.601080,-0.377847,-0.207401,3.521124,-0.369594,-0.602447,3.396877,-0.058002,-0.529991,2.989739,0.020948,-0.111015,3.006884,0.042206,0.227638,3.028092,-0.296921,0.265398,3.463181,-0.126888,0.317362,3.184973,-0.482744,0.778157,3.192642,-0.559110,0.650738,3.497807,-0.441082,1.068081,3.291774,-0.521391,1.035515,3.557738
602,-0.444349,0.077326,3.587556,-0.410940,-0.180822,3.576821,-0.384223,-0.569884,3.408285,-0.052357,-0.502673,2.984650,0.018137,-0.088379,2.980874,0.038661,0.228196,3.017996,-0.322287,0.284620,3.473429,-0.132899,0.331248,3.197443,-0.459137,0.800683,3.206615,-0.585619,0.696904,3.510199,-0.485665,1.066528,3.316739,-0.573350,1.064825,3.599455
603,-0.449400,0.071381,3.592317,-0.426512,-0.177188,3.575119,-0.398625,-0.541612,3.410542,-0.043404,-0.473639,2.990188,0.054417,-0.064885,2.984010,0.046918,0.242451,3.011735,-0.314562,0.305201,3.459117,-0.118522,0.347511,3.191580,-0.449682,0.812162,3.173040,-0.565167,0.706031,3.497067,-0.364869,1.055836,3.288169,-0.497447,1.000677,3.578240
604,-0.452966,0.062408,3.597175,-0.425749,-0.174670,3.569974,-0.405909,-0.524609,3.405699,-0.044807,-0.457250,2.987714,0.062952,-0.063946,2.986177,0.044121,0.241450,3.011250,-0.311179,0.284472,3.462687,-0.102641,0.340102,3.195663,-0.323564,0.807807,3.170120,-0.538691,0.716492,3.482206,-0.337622,1.068416,3.254443,-0.439744,1.036765,3.565522
605,-0.456198,0.036287,3.585842,-0.440104,-0.207580,3.559020,-0.403006,-0.537235,3.398243,-0.052273,-0.450111,2.984662,0.070549,-0.063183,2.988283,0.048769,0.238147,3.014279,-0.314703,0.272650,3.451802,-0.121603,0.335886,3.194947,-0.450027,0.778973,3.194680,-0.592298,0.648546,3.491280,-0.402549,1.014062,3.296699,-0.544416,0.995355,3.576480
606,-0.455863,0.052401,3.584083,-0.430551,-0.191885,3.601871,-0.421280,-0.481339,3.417687,-0.035982,-0.418426,2.983872,0.068197,-0.032851,2.963694,0.043626,0.242637,2.998373,-0.334934,0.314576,3.486311,-0.120830,0.374257,3.207465,-0.402437,0.840459,3.189441,-0.588769,0.732264,3.500197,-0.451018,1.105866,3.283828,-0.548027,1.077555,3.609554
607,-0.455349,0.040598,3.584373,-0.439039,-0.191757,3.602387,-0.427290,-0.456586,3.411684,-0.024497,-0.398143,2.988865,0.074982,-0.015994,2.964204,0.025643,0.235581,3.013052,-0.334518,0.318764,3.469663,-0.114037,0.381966,3.211627,-0.391830,0.887066,3.177410,-0.612330,0.701246,3.475226,-0.450701,0.975613,3.224513,-0.536785,0.946906,3.564976
608,-0.452573,0.045958,3.590653,-0.418062,-0.193054,3.602595,-0.421009,-0.450094,3.410103,-0.032511,-0.391419,2.993014,0.087222,-0.021067,2.973956,0.031575,0.237001,3.012302,-0.342085,0.318553,3.461820,-0.121323,0.387656,3.209972,-0.417345,0.850570,3.177935,-0.623943,0.691254,3.460906,-0.432357,1.038022,3.236934,-0.531404,0.989238,3.571888
609,-0.446398,0.066453,3.585286,-0.438322,-0.167186,3.602506,-0.415665,-0.441536,3.409966,-0.032656,-0.384787,2.993034,0.085804,-0.020934,2.976382,0.027790,0.238309,3.003846,-0.333166,0.320446,3.452589,-0.124125,0.390559,3.201368,-0.410080,0.853155,3.153457,-0.615889,0.680654,3.442142,-0.396588,0.988127,3.229932,-0.508662,0.924507,3.553856
610,-0.448062,0.062802,3.588313,-0.420718,-0.161650,3.614655,-0.417158,-0.426048,3.424342,-0.041716,-0.347387,3.005465,0.089890,-0.043471,2.952396,0.041517,0.231783,3.014403,-0.341349,0.338740,3.474685,-0.129277,0.405054,3.225069,-0.385554,0.828484,3.179372,-0.598741,0.696758,3.493720,-0.441507,1.011905,3.241634,-0.546901,0.985562,3.582731
611,-0.446993,0.069460,3.604081,-0.447514,-0.156153,3.638368,-0.422329,-0.378558,3.434257,-0.030406,-0.307313,3.072993,0.104115,-0.050639,2.944897,0.038267,0.224116,3.006068,-0.336852,0.364020,3.502829,-0.118362,0.427287,3.260240,-0.416286,0.847513,3.239727,-0.666632,0.691561,3.489133,-0.452891,1.057630,3.294708,-0.555040,1.005779,3.578826
612,-0.449159,0.084137,3.616708,-0.391687,-0.133135,3.654466,-0.403583,-0.353973,3.434055,-0.053536,-0.305807,3.068238,0.127338,-0.069855,2.936520,0.040094,0.216073,3.007012,-0.316492,0.368633,3.461075,-0.114302,0.410736,3.239637,-0.345830,0.813495,3.139922,-0.631911,0.651229,3.496693,-0.378970,1.011288,3.204038,-0.475678,1.036301,3.587096
613,-0.450907,0.096486,3.618383,-0.382034,-0.109181,3.662330,-0.390799,-0.350803,3.437477,-0.050833,-0.306724,3.062175,0.141414,-0.072553,2.940576,0.046958,0.211779,2.998345,-0.314441,0.339281,3.483201,-0.109718,0.382336,3.235503,-0.285574,0.733824,3.076472,-0.632512,0.605204,3.542210,-0.375838,0.909307,3.132063,-0.456581,0.978761,3.658985
614,-0.443898,0.091122,3.612211,-0.374765,-0.102202,3.660295,-0.376352,-0.330772,3.444634,-0.039196,-0.288095,3.086916,0.152225,-0.072983,2.952103,0.049411,0.209244,3.007941,-0.312958,0.360258,3.480082,-0.106499,0.387078,3.241355,-0.356383,0.727070,3.099460,-0.660586,0.634729,3.483426,-0.367333,0.929279,3.151778,-0.479922,0.997791,3.603300
615,-0.436202,0.084484,3.612621,-0.367236,-0.095094,3.659432,-0.384461,-0.311660,3.441643,-0.038325,-0.274248,3.079755,0.137971,-0.074156,2.961402,0.043902,0.208533,3.000746,-0.316456,0.346261,3.486616,-0.104714,0.385107,3.250850,-0.357043,0.732640,3.127228,-0.664219,0.591728,3.492974,-0.381070,0.977219,3.206609,-0.500643,0.958316,3.577049
616,-0.430246,0.070316,3.605597,-0.372494,-0.103609,3.658477,-0.360969,-0.327299,3.437788,-0.025136,-0.264501,3.069883,0.152808,-0.067972,2.954267,0.048244,0.205945,3.001143,-0.315664,0.330458,3.493259,-0.104649,0.389235,3.252263,-0.382600,0.714488,3.130640,-0.610839,0.540736,3.512850,-0.422011,0.959378,3.153603,-0.522900,0.937430,3.588552
617,-0.433821,0.072010,3.611328,-0.404466,-0.107944,3.651248,-0.358061,-0.334743,3.429867,-0.025274,-0.272885,3.066205,0.170664,-0.061210,2.954951,0.045454,0.211938,2.997617,-0.323085,0.325722,3.489461,-0.114744,0.387768,3.263394,-0.424107,0.698491,3.140765,-0.614944,0.527633,3.522740,-0.389955,0.911712,3.190145,-0.497699,0.901094,3.629318
618,-0.433597,0.073602,3.603487,-0.398410,-0.092421,3.633401,-0.352813,-0.326938,3.426291,-0.015334,-0.266224,3.078097,0.163077,-0.045638,2.965493,0.042312,0.218135,2.993111,-0.320190,0.342350,3.490757,-0.114930,0.402905,3.263993,-0.436514,0.692529,3.115084,-0.633622,0.538290,3.519018,-0.436264,0.961259,3.160492,-0.562752,0.974903,3.609936
619,-0.427140,0.065075,3.596962,-0.395146,-0.099922,3.634826,-0.349632,-0.325582,3.429704,-0.005877,-0.262193,3.077212,0.177603,-0.029920,2.964954,0.045364,0.221589,2.998226,-0.321552,0.342540,3.489439,-0.110234,0.404349,3.261033,-0.413559,0.709282,3.123653,-0.631288,0.577155,3.513648,-0.394371,0.977666,3.193887,-0.501032,0.977633,3.620933
620,-0.431287,0.061510,3.602822,-0.370425,-0.112256,3.634447,-0.328513,-0.327505,3.430802,0.004709,-0.268583,3.076285,0.187307,-0.023476,2.972121,0.046712,0.222248,3.003162,-0.315405,0.356315,3.476727,-0.107712,0.405326,3.246399,-0.413465,0.761608,3.163477,-0.612128,0.642889,3.505000,-0.389937,0.970302,3.211114,-0.485044,0.969965,3.626619
621,-0.423338,0.065435,3.602484,-0.351283,-0.111742,3.633314,-0.322103,-0.325591,3.429900,-0.003999,-0.276819,3.074127,0.181714,-0.023093,2.981127,0.039146,0.220141,3.008160,-0.297146,0.362257,3.475813,-0.108560,0.411146,3.251014,-0.457975,0.738787,3.137302,-0.675961,0.636327,3.462133,-0.491639,1.042179,3.173556,-0.596245,1.093155,3.560760
622,-0.426722,0.051157,3.595373,-0.356995,-0.105035,3.615080,-0.310513,-0.317234,3.432793,0.010880,-0.263972,3.084938,0.177497,-0.023495,2.980117,0.041038,0.203982,3.010301,-0.303954,0.388313,3.481864,-0.106690,0.428723,3.254580,-0.433566,0.767885,3.150397,-0.655226,0.678790,3.450811,-0.489283,1.070433,3.181540,-0.574838,1.134710,3.527004
623,-0.422887,0.054616,3.602847,-0.353334,-0.108029,3.625225,-0.289689,-0.317429,3.436695,0.024230,-0.252523,3.082698,0.182258,-0.018273,2.988783,0.046891,0.212329,3.015318,-0.300433,0.379770,3.476910,-0.099365,0.424566,3.250745,-0.406295,0.759871,3.163444,-0.640356,0.710568,3.452132,-0.546593,1.078335,3.183525,-0.622521,1.171313,3.495194
624,-0.428377,0.055037,3.601308,-0.361139,-0.119803,3.621323,-0.288740,-0.327927,3.436058,0.023627,-0.255140,3.084316,0.180646,-0.013295,2.988864,0.046561,0.215767,3.016223,-0.302284,0.370258,3.488914,-0.102601,0.418959,3.270926,-0.400588,0.775827,3.203316,-0.640823,0.674051,3.450095,-0.505964,1.064784,3.219046,-0.580607,1.109028,3.526257
625,-0.421650,0.058204,3.597583,-0.339745,-0.091130,3.610520,-0.275166,-0.296737,3.446049,0.038817,-0.241277,3.096642,0.180927,-0.002563,2.991476,0.046704,0.210679,3.011883,-0.299197,0.386045,3.495388,-0.088944,0.430925,3.264267,-0.275047,0.781236,3.167464,-0.664810,0.623505,3.482167,-0.425383,0.972047,3.213199,-0.537911,1.009625,3.561248
626,-0.429087,0.067634,3.602284,-0.347705,-0.071302,3.615295,-0.266087,-0.292514,3.451713,0.048525,-0.240058,3.100826,0.183989,0.003673,2.990119,0.055274,0.199225,3.011250,-0.292228,0.380560,3.486805,-0.077326,0.421255,3.264749,-0.224372,0.792974,3.203635,-0.597371,0.594880,3.473163,-0.427283,1.024307,3.212759,-0.538720,1.015263,3.519004
627,-0.422499,0.059670,3.602915,-0.336806,-0.080893,3.627059,-0.262944,-0.301890,3.449155,0.047437,-0.242344,3.102267,0.181909,0.005723,2.990225,0.050411,0.199934,3.011087,-0.283543,0.370223,3.493955,-0.068748,0.414637,3.272483,-0.213512,0.771967,3.184292,-0.599707,0.598580,3.507677,-0.409833,1.003015,3.201729,-0.515167,1.006790,3.580999
628,-0.420608,0.047456,3.601973,-0.340984,-0.092586,3.626758,-0.255515,-0.297534,3.450788,0.050055,-0.245017,3.103828,0.184673,0.006571,2.992258,0.052338,0.198072,3.012289,-0.277221,0.365326,3.496416,-0.069039,0.410110,3.277027,-0.236956,0.790684,3.224149,-0.625802,0.624688,3.488178,-0.397393,1.044911,3.242004,-0.485895,1.038613,3.599179
629,-0.423049,0.057996,3.599349,-0.345929,-0.088807,3.647175,-0.254947,-0.286127,3.456651,0.056628,-0.236294,3.110133,0.181293,0.011568,2.981143,0.051962,0.208211,3.006706,-0.287938,0.375467,3.496046,-0.073395,0.423996,3.277814,-0.215269,0.809259,3.201241,-0.603949,0.630318,3.490200,-0.402551,1.014539,3.245381,-0.491280,1.017664,3.587958
630,-0.423357,0.057816,3.600218,-0.350032,-0.084424,3.639772,-0.258498,-0.286365,3.458758,0.059082,-0.237348,3.109500,0.191449,0.013820,2.987001,0.059598,0.203364,3.008916,-0.286186,0.381268,3.494079,-0.071478,0.424157,3.276214,-0.210843,0.826621,3.215893,-0.600736,0.642552,3.489152,-0.406440,1.042317,3.237378,-0.507738,1.051320,3.593994
631,-0.422120,0.066561,3.605362,-0.342271,-0.082707,3.647027,-0.245954,-0.290270,3.457689,0.067601,-0.230331,3.111769,0.187582,0.016461,2.983601,0.052771,0.205190,3.006671,-0.277942,0.368290,3.510926,-0.071545,0.422969,3.287080,-0.273594,0.799709,3.217519,-0.604460,0.617337,3.512046,-0.452315,1.028747,3.255242,-0.544106,1.021729,3.583735
632,-0.425482,0.066691,3.610247,-0.357992,-0.079261,3.642418,-0.244078,-0.285771,3.458671,0.077000,-0.233007,3.110558,0.199837,0.017724,2.982554,0.058491,0.204179,3.006257,-0.278499,0.376879,3.510535,-0.059276,0.424352,3.291174,-0.187487,0.817178,3.242200,-0.608132,0.639441,3.514388,-0.354595,1.076853,3.285175,-0.491481,1.052398,3.610018
633,-0.427770,0.065160,3.602272,-0.359311,-0.077100,3.641708,-0.244996,-0.276107,3.461692,0.073514,-0.225583,3.114147,0.199623,0.017668,2.976834,0.060233,0.190223,3.010504,-0.282428,0.371648,3.509214,-0.071897,0.420675,3.286566,-0.291989,0.784829,3.183029,-0.604788,0.604986,3.532491,-0.437554,1.056920,3.213145,-0.563025,1.039587,3.645510
634,-0.419651,0.061646,3.599774,-0.349601,-0.077123,3.632381,-0.236287,-0.267057,3.459237,0.081223,-0.220703,3.110452,0.196335,0.017766,2.979135,0.058766,0.191314,3.000468,-0.275238,0.365279,3.498168,-0.051210,0.414951,3.279608,-0.205267,0.771628,3.178200,-0.583044,0.617523,3.519106,-0.349339,1.064937,3.216785,-0.506355,1.058184,3.623397
635,-0.414597,0.064122,3.603952,-0.344308,-0.076060,3.635293,-0.233498,-0.261962,3.461965,0.080897,-0.222637,3.111165,0.194789,0.017544,2.978076,0.055013,0.190359,3.001182,-0.276623,0.362524,3.505637,-0.048566,0.410901,3.288457,-0.190515,0.777174,3.177360,-0.614525,0.611384,3.540559,-0.388797,1.025139,3.198215,-0.533074,1.038219,3.664155
636,-0.412584,0.070105,3.605340,-0.343652,-0.068318,3.633060,-0.236927,-0.262368,3.461333,0.084664,-0.219740,3.110764,0.203680,0.018202,2.974146,0.057476,0.181620,3.003399,-0.279539,0.368997,3.504732,-0.047168,0.417174,3.296125,-0.201005,0.773521,3.192397,-0.590593,0.603497,3.531885,-0.389632,1.071985,3.213206,-0.515397,1.072090,3.658587
637,-0.415693,0.065924,3.603420,-0.339899,-0.070664,3.633052,-0.229384,-0.264748,3.464149,0.084585,-0.219265,3.111434,0.203666,0.016432,2.972541,0.057504,0.175705,3.003767,-0.277380,0.368346,3.502998,-0.049718,0.410482,3.287989,-0.243528,0.731979,3.139074,-0.589131,0.584891,3.536322,-0.363664,1.048943,3.161288,-0.560761,1.084158,3.643677
638,-0.412357,0.061510,3.605618,-0.337991,-0.076372,3.641433,-0.223307,-0.270933,3.462554,0.081556,-0.217871,3.111582,0.205227,0.014672,2.967917,0.058430,0.172400,3.004657,-0.276143,0.360960,3.512390,-0.062466,0.414171,3.291164,-0.322974,0.739220,3.153093,-0.609392,0.569201,3.559932,-0.424404,1.009946,3.203450,-0.555636,1.037719,3.637080
639,-0.418278,0.059599,3.607348,-0.342719,-0.087484,3.634692,-0.219128,-0.271516,3.463105,0.082780,-0.217643,3.110457,0.203968,0.013942,2.967597,0.057147,0.172880,3.002954,-0.273552,0.360971,3.512215,-0.064172,0.411289,3.294707,-0.343280,0.740624,3.126502,-0.621069,0.581794,3.577292,-0.384255,0.965119,3.157433,-0.542894,1.024903,3.708966
640,-0.422279,0.065003,3.602774,-0.346447,-0.062561,3.630005,-0.232357,-0.263651,3.469268,0.086154,-0.214935,3.114467,0.202536,0.015739,2.976473,0.058666,0.174068,3.006008,-0.277880,0.373623,3.513046,-0.052028,0.418202,3.289583,-0.298281,0.737282,3.123776,-0.600344,0.611227,3.546505,-0.354569,1.028401,3.149534,-0.518799,1.099179,3.671735
641,-0.422571,0.071706,3.602952,-0.344026,-0.066457,3.637051,-0.238305,-0.260996,3.463008,0.080916,-0.211738,3.109138,0.201834,0.017919,2.975830,0.057510,0.171812,3.007354,-0.282377,0.377392,3.510015,-0.057376,0.425001,3.289958,-0.292484,0.748160,3.139396,-0.597497,0.609226,3.545277,-0.354509,1.035031,3.174357,-0.510755,1.081436,3.662887
642,-0.421008,0.070806,3.612779,-0.352355,-0.074908,3.638114,-0.246317,-0.261624,3.464569,0.071201,-0.213201,3.116130,0.191603,0.016238,2.979134,0.058639,0.170693,3.009624,-0.285377,0.373231,3.504098,-0.055312,0.420331,3.287858,-0.216090,0.732248,3.132035,-0.596936,0.607900,3.546375,-0.364318,1.006052,3.137331,-0.555989,1.052802,3.657293
643,-0.422443,0.076637,3.602482,-0.349750,-0.071763,3.637523,-0.249921,-0.265472,3.465894,0.065214,-0.217366,3.112489,0.195833,0.015308,2.988924,0.059149,0.173933,3.011262,-0.278183,0.369072,3.497705,-0.055320,0.416719,3.285980,-0.245874,0.738192,3.164480,-0.589917,0.598876,3.501778,-0.439341,0.996274,3.189989,-0.573071,1.031360,3.594186
644,-0.427355,0.074398,3.595942,-0.352954,-0.065964,3.632647,-0.257017,-0.266836,3.463242,0.063000,-0.215133,3.113169,0.189098,0.017683,2.990191,0.053894,0.190465,3.009509,-0.281138,0.394124,3.500048,-0.051339,0.430723,3.273963,-0.154936,0.805469,3.224173,-0.594336,0.652931,3.476060,-0.391206,1.055408,3.237122,-0.503241,1.035212,3.520016
645,-0.430332,0.075795,3.594676,-0.358757,-0.067218,3.627054,-0.267525,-0.275006,3.452672,0.047218,-0.227762,3.102756,0.194017,0.020797,3.000312,0.049553,0.201013,3.016037,-0.285028,0.377827,3.495048,-0.072998,0.423820,3.282350,-0.281531,0.722811,3.170380,-0.576962,0.618695,3.493045,-0.470767,1.027625,3.160996,-0.566731,1.031818,3.543207
646,-0.436213,0.065915,3.592862,-0.350921,-0.076874,3.624677,-0.266047,-0.274881,3.455556,0.053220,-0.226869,3.101756,0.188323,0.018546,3.002331,0.056906,0.197083,3.021672,-0.279272,0.383940,3.493950,-0.052959,0.421040,3.271102,-0.191079,0.721592,3.155436,-0.574236,0.599706,3.492642,-0.419507,1.028835,3.158440,-0.535659,1.038010,3.546192
647,-0.427722,0.058689,3.594993,-0.349126,-0.086558,3.614278,-0.278727,-0.284971,3.448330,0.035111,-0.233664,3.104096,0.188662,0.011444,2.999894,0.051231,0.192616,3.015437,-0.290010,0.370854,3.483898,-0.080741,0.420554,3.273718,-0.280544,0.754262,3.140352,-0.591649,0.596973,3.484028,-0.476296,1.044612,3.156760,-0.599446,1.027197,3.544440
648,-0.415309,0.047642,3.593262,-0.339006,-0.112625,3.616890,-0.272704,-0.301287,3.443456,0.027860,-0.238640,3.100050,0.182049,0.014265,3.002343,0.051882,0.198861,3.018390,-0.291359,0.376405,3.485846,-0.088974,0.432576,3.269101,-0.353368,0.761580,3.159484,-0.601699,0.641433,3.467348,-0.439370,1.011908,3.189076,-0.555289,1.031343,3.524555
649,-0.433317,0.072712,3.607135,-0.342288,-0.097593,3.631471,-0.297252,-0.303301,3.438297,0.024664,-0.242631,3.080618,0.186810,0.002727,3.007283,0.052683,0.208186,3.022518,-0.296933,0.397921,3.491992,-0.088859,0.447841,3.277319,-0.293724,0.801934,3.236303,-0.606284,0.654108,3.483105,-0.440458,1.107393,3.229634,-0.549565,1.092626,3.556307
650,-0.428167,0.076568,3.612046,-0.343963,-0.097651,3.641573,-0.318987,-0.303523,3.441791,0.016823,-0.234307,3.081562,0.174301,0.000409,3.015176,0.048389,0.215379,3.024044,-0.303501,0.384293,3.508710,-0.099189,0.443346,3.286779,-0.360143,0.763076,3.172522,-0.613531,0.623580,3.483068,-0.473927,0.999061,3.208905,-0.554671,1.006118,3.536052
651,-0.422831,0.071062,3.595256,-0.352160,-0.101581,3.632986,-0.304780,-0.312273,3.432536,0.018185,-0.239848,3.077428,0.173872,-0.004006,3.009823,0.053356,0.208320,3.024985,-0.315718,0.387368,3.496655,-0.111629,0.449079,3.280865,-0.427884,0.737705,3.188739,-0.653095,0.619162,3.468723,-0.515478,1.036330,3.235518,-0.598600,1.045058,3.527803
652,-0.420598,0.060052,3.590879,-0.358894,-0.113286,3.631458,-0.333389,-0.312785,3.433826,0.004965,-0.244354,3.076178,0.173552,-0.010507,3.008310,0.050708,0.205430,3.024731,-0.322622,0.394904,3.486684,-0.118545,0.449608,3.266990,-0.368996,0.808958,3.158845,-0.672961,0.606874,3.461931,-0.420853,0.970199,3.219720,-0.525751,0.986372,3.536675
653,-0.420556,0.073570,3.603250,-0.378855,-0.114000,3.670023,-0.336432,-0.314878,3.437019,-0.006703,-0.251929,3.058773,0.179568,-0.026801,2.989226,0.048524,0.202967,3.024412,-0.297256,0.393386,3.510470,-0.116603,0.454771,3.276837,-0.438269,0.801407,3.185479,-0.626216,0.641737,3.497393,-0.453750,1.055174,3.238792,-0.551198,1.048627,3.583525
654,-0.420159,0.068228,3.604635,-0.375717,-0.124912,3.659878,-0.347737,-0.335387,3.437314,-0.010630,-0.254370,3.056267,0.181663,-0.036473,2.986566,0.052949,0.207066,3.022059,-0.311383,0.373104,3.512911,-0.122736,0.445538,3.267056,-0.439610,0.780892,3.164827,-0.680705,0.647954,3.507306,-0.495911,1.090046,3.231826,-0.611847,1.070971,3.585690
655,-0.428410,0.069515,3.605284,-0.389456,-0.123839,3.668259,-0.371647,-0.324923,3.437964,-0.018673,-0.260906,3.067747,0.173590,-0.043618,2.992283,0.049888,0.208256,3.023107,-0.324890,0.406742,3.493288,-0.116291,0.446144,3.258905,-0.423827,0.796749,3.162589,-0.680530,0.641493,3.454338,-0.423250,1.050022,3.235150,-0.550261,1.054857,3.534447
656,-0.437432,0.074248,3.607008,-0.412818,-0.134265,3.653539,-0.386542,-0.343779,3.450794,-0.025599,-0.282174,3.044075,0.163243,-0.054892,2.969754,0.049699,0.206196,3.024641,-0.314534,0.382615,3.466630,-0.104699,0.424327,3.246881,-0.377147,0.783797,3.190828,-0.659946,0.651499,3.475713,-0.410272,0.990082,3.224996,-0.504192,1.032584,3.569824
657,-0.437854,0.064859,3.604521,-0.422046,-0.147054,3.652730,-0.396824,-0.356255,3.441223,-0.042801,-0.287261,3.034974,0.152170,-0.063602,2.964521,0.046056,0.203211,3.026395,-0.313973,0.377132,3.472093,-0.104320,0.411817,3.243312,-0.354823,0.738302,3.071840,-0.667114,0.645258,3.494176,-0.378770,0.912893,3.136323,-0.457398,1.026614,3.629225
658,-0.443483,0.076300,3.612775,-0.429566,-0.144473,3.657014,-0.405256,-0.354335,3.432249,-0.057157,-0.303425,3.051565,0.143126,-0.075399,2.959698,0.049452,0.201567,3.024412,-0.331936,0.358241,3.497442,-0.117948,0.410152,3.263156,-0.410870,0.762550,3.211647,-0.662602,0.637784,3.481687,-0.430035,1.027769,3.260031,-0.518128,1.051375,3.581394
659,-0.445500,0.079443,3.617048,-0.415312,-0.148172,3.654866,-0.407541,-0.355416,3.426246,-0.061868,-0.302999,3.046306,0.142360,-0.081932,2.958895,0.055871,0.201485,3.021395,-0.324399,0.367826,3.486248,-0.115207,0.415653,3.245044,-0.378366,0.800187,3.153592,-0.621887,0.663344,3.463986,-0.378671,0.980773,3.214817,-0.482167,1.019284,3.569060
660,-0.449268,0.085855,3.610210,-0.415777,-0.157034,3.654595,-0.411194,-0.376405,3.420762,-0.082608,-0.316859,3.016766,0.134722,-0.082217,2.942335,0.048410,0.212353,3.015332,-0.335744,0.346952,3.479129,-0.143010,0.407283,3.224816,-0.426965,0.787122,3.158924,-0.645597,0.640557,3.475849,-0.448761,0.947441,3.210520,-0.541490,0.974037,3.569516
661,-0.444565,0.057884,3.594898,-0.421922,-0.167800,3.608166,-0.423285,-0.427253,3.431725,-0.083906,-0.335909,3.000271,0.134918,-0.078999,2.948586,0.052782,0.212862,3.023379,-0.344305,0.291501,3.458162,-0.145729,0.369805,3.223997,-0.407506,0.770629,3.147128,-0.648459,0.566382,3.537450,-0.388342,0.866890,3.206958,-0.490155,0.829167,3.589292
662,-0.442968,0.050353,3.593441,-0.410684,-0.191726,3.607433,-0.433585,-0.472122,3.415509,-0.104906,-0.366208,2.994101,0.088969,-0.073236,2.948892,0.044281,0.209683,3.029393,-0.348068,0.296652,3.472074,-0.151110,0.363279,3.211790,-0.422052,0.807857,3.171041,-0.633508,0.662267,3.525288,-0.365760,0.897072,3.242534,-0.482136,0.877005,3.637656
663,-0.451211,0.047613,3.588689,-0.416691,-0.215476,3.597951,-0.438714,-0.500528,3.407261,-0.106015,-0.386943,2.982414,0.080657,-0.064254,2.956380,0.043503,0.203064,3.017903,-0.355149,0.290813,3.460420,-0.150377,0.358034,3.189720,-0.393154,0.808538,3.138491,-0.631960,0.665983,3.520551,-0.388949,0.882231,3.233871,-0.513027,0.883596,3.597981
664,-0.444573,0.034937,3.588513,-0.441660,-0.210900,3.598250,-0.440482,-0.490408,3.411460,-0.094889,-0.393488,2.985567,0.068279,-0.058329,2.952690,0.037380,0.202235,3.018953,-0.348319,0.317103,3.466980,-0.140094,0.366251,3.203996,-0.389945,0.790502,3.129729,-0.618621,0.669502,3.484595,-0.393886,0.846645,3.202165,-0.471796,0.863425,3.592674
665,-0.453343,0.055984,3.592942,-0.412029,-0.198805,3.560122,-0.434378,-0.535057,3.408855,-0.099930,-0.430050,2.986784,0.074140,-0.051590,2.986972,0.037247,0.211140,3.009497,-0.343067,0.287213,3.472326,-0.131506,0.349652,3.193640,-0.443554,0.805881,3.192198,-0.621265,0.647046,3.496965,-0.404094,0.982332,3.281623,-0.503513,0.976240,3.624470
666,-0.426165,0.075125,3.593170,-0.429641,-0.173468,3.561303,-0.428354,-0.589267,3.402514,-0.100701,-0.453444,2.979626,0.060236,-0.048746,3.002129,0.036834,0.220097,3.022711,-0.331147,0.266890,3.479196,-0.143828,0.344950,3.198487,-0.494846,0.824114,3.195724,-0.607715,0.639933,3.515784,-0.409236,1.042545,3.307463,-0.521580,1.021143,3.632207
667,-0.457709,0.052516,3.577636,-0.432284,-0.186555,3.552836,-0.431843,-0.582025,3.399758,-0.100942,-0.457291,2.981610,0.060027,-0.050355,2.997688,0.036564,0.220769,3.018598,-0.339102,0.275824,3.474298,-0.149343,0.340558,3.197035,-0.480928,0.839088,3.188700,-0.628213,0.666674,3.507089,-0.376440,1.039020,3.323047,-0.506739,1.003477,3.635936
668,-0.459239,0.071532,3.583571,-0.398840,-0.202135,3.504952,-0.431873,-0.605386,3.388762,-0.095074,-0.494122,2.975910,0.041089,-0.081789,3.019530,0.029445,0.217462,3.031500,-0.338007,0.217520,3.467430,-0.142049,0.303085,3.201438,-0.472980,0.801325,3.219687,-0.608601,0.638278,3.474785,-0.420301,0.947783,3.321138,-0.504146,0.907251,3.585066
669,-0.403555,0.097020,3.583507,-0.366454,-0.191627,3.509990,-0.419884,-0.626000,3.385812,-0.087155,-0.512157,2.975121,0.027969,-0.089638,3.011043,0.039384,0.237971,3.029626,-0.343248,0.231907,3.467059,-0.151290,0.299610,3.190956,-0.468328,0.809369,3.233694,-0.608813,0.638365,3.477672,-0.472878,0.970064,3.324938,-0.564185,0.906968,3.556844
670,-0.427935,0.087609,3.585479,-0.382450,-0.194267,3.510985,-0.419667,-0.630039,3.386518,-0.083344,-0.533192,2.968867,0.039440,-0.102781,3.003261,0.047216,0.236360,3.021600,-0.347550,0.243525,3.458686,-0.149433,0.295954,3.181304,-0.522925,0.790672,3.216841,-0.618361,0.659483,3.459724,-0.416003,1.020066,3.326818,-0.538227,0.926871,3.554250
671,-0.398312,0.085199,3.588778,-0.377407,-0.222196,3.508896,-0.414220,-0.641747,3.392789,-0.066054,-0.542295,2.965034,0.039330,-0.091795,2.996179,0.054219,0.235990,3.008232,-0.356391,0.243142,3.457546,-0.156789,0.299517,3.183239,-0.480523,0.808118,3.209897,-0.598651,0.680923,3.474010,-0.466231,1.085579,3.311975,-0.543910,1.006272,3.569418
672,-0.393869,0.084895,3.590269,-0.345574,-0.229367,3.489903,-0.402106,-0.656520,3.374108,-0.068365,-0.561699,2.963451,0.020039,-0.119037,3.006795,0.048565,0.226033,3.020588,-0.350138,0.224861,3.444833,-0.156555,0.281010,3.169744,-0.508628,0.759286,3.187593,-0.571393,0.632970,3.446501,-0.447145,1.093058,3.306131,-0.531641,1.039926,3.534933
673,-0.406704,0.074386,3.596944,-0.363031,-0.267420,3.485903,-0.383679,-0.674810,3.373020,-0.068331,-0.578417,2.964357,-0.001914,-0.139115,3.007545,0.044423,0.212684,3.026448,-0.349754,0.197630,3.439705,-0.169622,0.262203,3.163362,-0.458601,0.717388,3.169764,-0.568902,0.605859,3.449177,-0.481920,1.046316,3.318160,-0.584295,1.014240,3.558985
674,-0.370707,0.095759,3.606977,-0.380998,-0.239852,3.495707,-0.366256,-0.660132,3.382063,-0.055923,-0.579039,2.965375,-0.008254,-0.151167,3.001138,0.034196,0.209026,3.020761,-0.363151,0.230487,3.453150,-0.174191,0.277280,3.181217,-0.439820,0.755812,3.191123,-0.570683,0.663523,3.452407,-0.489509,1.109994,3.322817,-0.544286,1.111791,3.543022
675,-0.423544,0.092781,3.599045,-0.356285,-0.236356,3.504515,-0.360690,-0.651814,3.387530,-0.054803,-0.576939,2.964238,-0.001239,-0.144039,3.000994,0.034873,0.212515,3.026536,-0.353525,0.229692,3.444120,-0.184944,0.283873,3.172298,-0.395882,0.733230,3.183158,-0.551334,0.622173,3.441350,-0.479325,1.181381,3.300408,-0.531714,1.081904,3.516050
676,-0.365228,0.118678,3.605820,-0.323852,-0.242844,3.507850,-0.347107,-0.653948,3.380416,-0.051219,-0.565307,2.963523,0.008301,-0.129367,2.998560,0.039916,0.223321,3.018559,-0.346536,0.234496,3.438921,-0.179095,0.293144,3.172037,-0.477433,0.761141,3.180024,-0.615114,0.676199,3.446644,-0.456452,1.281152,3.304398,-0.586796,1.184085,3.528867
677,-0.414650,0.109823,3.597433,-0.357158,-0.224540,3.502557,-0.371651,-0.643117,3.377272,-0.041732,-0.566475,2.958310,0.007967,-0.137933,2.991881,0.041550,0.222405,3.013771,-0.361891,0.248985,3.438793,-0.158753,0.301391,3.170116,-0.373299,0.818855,3.199207,-0.582129,0.757425,3.457264,-0.466637,1.236446,3.316005,-0.534031,1.258936,3.537475
678,-0.389441,0.116916,3.597257,-0.357544,-0.215083,3.500371,-0.383332,-0.633979,3.376582,-0.036460,-0.560754,2.961956,0.009993,-0.133079,2.992558,0.047560,0.226269,3.028127,-0.355728,0.246088,3.444549,-0.152509,0.299987,3.177189,-0.376907,0.792819,3.213841,-0.543380,0.712724,3.451172,-0.511720,1.141070,3.310347,-0.543502,1.133575,3.526850
679,-0.363310,0.095655,3.601551,-0.319608,-0.236237,3.500417,-0.368996,-0.636335,3.374503,-0.048396,-0.556927,2.957738,0.015751,-0.131268,2.992939,0.053814,0.228251,3.015674,-0.351930,0.237599,3.440298,-0.171193,0.304421,3.172681,-0.420626,0.767544,3.211294,-0.589850,0.648777,3.439875,-0.517790,1.143137,3.333856,-0.589815,1.112325,3.542089
680,-0.411542,0.080992,3.592419,-0.358008,-0.223068,3.498414,-0.376733,-0.632535,3.373215,-0.035186,-0.547417,2.961162,0.019056,-0.123014,2.993491,0.059681,0.228815,3.028009,-0.357208,0.244557,3.443034,-0.151510,0.305033,3.174879,-0.458806,0.794393,3.178940,-0.592834,0.743089,3.446511,-0.498359,1.062765,3.298056,-0.598014,1.090436,3.532291
681,-0.384152,0.079878,3.602611,-0.353056,-0.224665,3.517668,-0.365172,-0.632636,3.378734,-0.043653,-0.540101,2.963598,0.017773,-0.117448,2.987425,0.051220,0.220767,3.013560,-0.324066,0.264660,3.449742,-0.141302,0.311994,3.169657,-0.408598,0.828138,3.199828,-0.547173,0.722064,3.463981,-0.447369,1.185892,3.289944,-0.543065,1.138619,3.556755
682,-0.434227,0.062740,3.588927,-0.379226,-0.210032,3.521250,-0.392676,-0.606224,3.379583,-0.035534,-0.525864,2.974200,0.017583,-0.109987,3.001699,0.043226,0.224619,3.025556,-0.343243,0.270246,3.451384,-0.122846,0.317732,3.177060,-0.267728,0.885796,3.227875,-0.536857,0.725802,3.485654,-0.500010,1.026200,3.303694,-0.515674,1.036810,3.574119
683,-0.448640,0.057598,3.588802,-0.401073,-0.206820,3.517831,-0.401798,-0.590955,3.390393,-0.046685,-0.522091,2.976018,0.016901,-0.109200,3.000344,0.046584,0.217461,3.029657,-0.329045,0.267712,3.458806,-0.117875,0.311248,3.195175,-0.347941,0.808311,3.227535,-0.566352,0.633996,3.481452,-0.445078,0.999545,3.284926,-0.483986,1.011932,3.565784
684,-0.441882,0.053259,3.590904,-0.406469,-0.207628,3.568011,-0.402556,-0.571070,3.397985,-0.058575,-0.498636,2.969764,0.014814,-0.094176,2.975450,0.050231,0.215964,3.009132,-0.331643,0.274248,3.468265,-0.135094,0.322341,3.194546,-0.377574,0.784135,3.203528,-0.546187,0.704640,3.517372,-0.469806,1.020197,3.295748,-0.478922,1.036679,3.617330
685,-0.437373,0.091330,3.594105,-0.417369,-0.167042,3.563107,-0.423975,-0.523776,3.404744,-0.055798,-0.463206,2.970021,0.064135,-0.052892,2.982989,0.053391,0.235103,3.010803,-0.329411,0.312829,3.471514,-0.121917,0.364101,3.196575,-0.444021,0.815704,3.189795,-0.567094,0.738486,3.498513,-0.339771,1.051098,3.299259,-0.463949,1.048910,3.624337
686,-0.460898,0.065590,3.593785,-0.415819,-0.171744,3.565394,-0.424000,-0.509296,3.402832,-0.043105,-0.452887,2.978858,0.080800,-0.048196,2.981712,0.048961,0.239662,3.010509,-0.335070,0.305183,3.466597,-0.125808,0.364531,3.202478,-0.426588,0.848995,3.211059,-0.588093,0.731440,3.495515,-0.426336,1.049761,3.323668,-0.513610,1.015783,3.600047
687,-0.454662,0.064097,3.580777,-0.389505,-0.131037,3.567393,-0.429348,-0.505106,3.403904,-0.028526,-0.435560,2.982916,0.082107,-0.040119,2.988357,0.035516,0.237866,3.018933,-0.341489,0.311712,3.463803,-0.120998,0.368751,3.207003,-0.409115,0.871434,3.220669,-0.605902,0.756512,3.477200,-0.366823,0.981608,3.319543,-0.478529,0.915916,3.595617
688,-0.457626,0.062160,3.596884,-0.393966,-0.153578,3.591750,-0.425102,-0.476231,3.404239,-0.041372,-0.397667,2.976107,0.076762,-0.041887,2.962446,0.037277,0.225967,2.998147,-0.323414,0.323946,3.472776,-0.102284,0.387574,3.216559,-0.360848,0.856196,3.192448,-0.643314,0.697210,3.491541,-0.338757,1.022053,3.240718,-0.423974,0.994982,3.635237
689,-0.442155,0.052782,3.589656,-0.380302,-0.162228,3.597108,-0.421543,-0.416016,3.435322,-0.057683,-0.353129,2.996782,0.082923,-0.050416,2.959058,0.036772,0.208472,3.010226,-0.332371,0.346683,3.484394,-0.130295,0.412058,3.221612,-0.397438,0.854474,3.141758,-0.625650,0.735614,3.482440,-0.433032,1.034783,3.211722,-0.549426,0.990389,3.588532
690,-0.446862,0.065755,3.591200,-0.413866,-0.154121,3.604234,-0.426186,-0.380875,3.429405,-0.043718,-0.328900,2.994387,0.091983,-0.050734,2.958987,0.040863,0.214258,3.007447,-0.318876,0.370003,3.491980,-0.099418,0.431421,3.232845,-0.303837,0.863724,3.173015,-0.628986,0.707329,3.499181,-0.414775,1.090686,3.200597,-0.535246,1.061105,3.569716
691,-0.441832,0.067601,3.599096,-0.405381,-0.157785,3.612824,-0.412832,-0.389099,3.430866,-0.063840,-0.323639,2.998544,0.098116,-0.046032,2.961308,0.036135,0.224901,3.015064,-0.328103,0.339172,3.474156,-0.124618,0.418301,3.224983,-0.383435,0.815795,3.129520,-0.642621,0.669467,3.465097,-0.385242,0.989482,3.176034,-0.509351,0.960090,3.564666
692,-0.429219,0.051990,3.601033,-0.378005,-0.165307,3.610640,-0.399874,-0.395349,3.429569,-0.072598,-0.328356,3.009088,0.099120,-0.053775,2.962155,0.042291,0.219606,3.013756,-0.322921,0.330749,3.465527,-0.139272,0.408184,3.220426,-0.399113,0.788131,3.097027,-0.633374,0.630797,3.470551,-0.428337,0.926552,3.162367,-0.546596,0.930372,3.582584
693,-0.440478,0.056260,3.602712,-0.387161,-0.170561,3.624787,-0.404378,-0.380712,3.438353,-0.069926,-0.304398,3.014077,0.088395,-0.065589,2.958543,0.039020,0.211032,3.011494,-0.330165,0.339577,3.473945,-0.134858,0.402997,3.223364,-0.376708,0.772832,3.090015,-0.618905,0.660690,3.476638,-0.353306,0.765425,3.143594,-0.489927,0.821937,3.591282
694,-0.436153,0.050822,3.602507,-0.386708,-0.193582,3.650818,-0.397033,-0.363034,3.438432,-0.066542,-0.270834,3.040424,0.099315,-0.065105,2.964970,0.042243,0.204384,3.020479,-0.320047,0.337653,3.480481,-0.134433,0.401221,3.234653,-0.405858,0.758761,3.090497,-0.601392,0.645621,3.439594,-0.356885,0.814822,3.197746,-0.469425,0.801172,3.515330
695,-0.428605,0.072534,3.608706,-0.387830,-0.162494,3.647650,-0.397450,-0.299404,3.467781,-0.074799,-0.236892,3.026224,0.139923,-0.067535,2.960183,0.045147,0.205618,3.013234,-0.325479,0.363670,3.494017,-0.129805,0.406332,3.235263,-0.387620,0.747484,3.076917,-0.639202,0.627448,3.474782,-0.427681,0.949745,3.157593,-0.520556,0.969285,3.577421
696,-0.444635,0.067878,3.601761,-0.412487,-0.149820,3.649087,-0.394584,-0.283251,3.450253,-0.090343,-0.253438,3.027374,0.126920,-0.075013,2.963093,0.052066,0.205441,3.023106,-0.327055,0.362779,3.475426,-0.131997,0.401828,3.220475,-0.373522,0.709049,3.066681,-0.636925,0.586291,3.459373,-0.352419,0.852760,3.174552,-0.435117,0.853058,3.552088
697,-0.442329,0.062138,3.606422,-0.404384,-0.135934,3.644310,-0.390536,-0.297427,3.433440,-0.098742,-0.259970,3.045278,0.130077,-0.074601,2.961364,0.041883,0.201108,3.013845,-0.319230,0.340236,3.453983,-0.135172,0.396646,3.235742,-0.378736,0.635275,3.048896,-0.651927,0.525852,3.458253,-0.378102,0.836997,3.118781,-0.467195,0.815978,3.565698
698,-0.440020,0.055778,3.602711,-0.401820,-0.137954,3.641502,-0.387697,-0.297967,3.431847,-0.094090,-0.253847,3.047520,0.126882,-0.076289,2.966239,0.053924,0.194768,3.016542,-0.318328,0.334304,3.467942,-0.127206,0.394318,3.245887,-0.389673,0.630249,3.076359,-0.617300,0.507795,3.485447,-0.381513,0.772000,3.135976,-0.480918,0.735715,3.572663
699,-0.431753,0.059653,3.608492,-0.362373,-0.129661,3.651925,-0.374384,-0.295445,3.437396,-0.063259,-0.238988,3.035519,0.148056,-0.069631,2.956824,0.055158,0.193651,3.006479,-0.316474,0.331618,3.466333,-0.118591,0.391464,3.233377,-0.375959,0.661236,3.029910,-0.671032,0.513663,3.487437,-0.408670,0.825072,3.067252,-0.511320,0.871475,3.624493
700,-0.424355,0.064690,3.608800,-0.358837,-0.111200,3.645535,-0.364221,-0.285149,3.439945,-0.051156,-0.234160,3.040829,0.169452,-0.056772,2.956936,0.054949,0.196296,3.011786,-0.319212,0.357424,3.467564,-0.123678,0.396296,3.231738,-0.381914,0.618594,3.061888,-0.680036,0.509785,3.451447,-0.451792,0.841478,3.086919,-0.558638,0.912292,3.564990
701,-0.427203,0.055263,3.603608,-0.335367,-0.106732,3.639343,-0.338183,-0.291446,3.436215,-0.051075,-0.232815,3.063802,0.187163,-0.044660,2.960665,0.047970,0.196558,3.004008,-0.308421,0.350937,3.485820,-0.132331,0.405137,3.264276,-0.443874,0.612694,3.122815,-0.647395,0.529644,3.479459,-0.510869,0.876641,3.149041,-0.610890,0.887751,3.550307
702,-0.409824,0.054197,3.592459,-0.351838,-0.096103,3.611052,-0.331058,-0.287189,3.435685,-0.043403,-0.236071,3.096824,0.179848,-0.040736,2.964022,0.059265,0.196196,3.003866,-0.310370,0.354888,3.466584,-0.140389,0.416193,3.252205,-0.457476,0.665064,3.084986,-0.622812,0.580301,3.478461,-0.444793,0.895787,3.134995,-0.547825,0.952007,3.585193
703,-0.418534,0.065593,3.595361,-0.331379,-0.079186,3.618943,-0.322903,-0.274539,3.438776,-0.028447,-0.235667,3.091492,0.185958,-0.028404,2.961478,0.049711,0.195888,3.002613,-0.300546,0.364864,3.466709,-0.116501,0.422272,3.250046,-0.437066,0.685572,3.072511,-0.660772,0.609534,3.479822,-0.476763,0.947838,3.111954,-0.600312,1.009557,3.574177
704,-0.420380,0.061382,3.597581,-0.341761,-0.078434,3.614944,-0.310169,-0.278872,3.438864,-0.014756,-0.228441,3.085918,0.183758,-0.023263,2.963350,0.044034,0.192110,3.001991,-0.288763,0.349857,3.472652,-0.108404,0.408137,3.245796,-0.443459,0.582817,3.044584,-0.598450,0.539028,3.515555,-0.530415,0.931568,3.064808,-0.646812,0.977539,3.554049
705,-0.421317,0.075401,3.599959,-0.354713,-0.073435,3.618358,-0.302175,-0.255940,3.443599,0.009913,-0.212692,3.080862,0.185671,-0.014911,2.962866,0.044466,0.198150,2.994007,-0.275774,0.376482,3.468435,-0.078447,0.416840,3.243907,-0.365387,0.669656,3.099172,-0.601211,0.549257,3.469561,-0.428044,0.933425,3.150738,-0.535505,0.918252,3.546630
706,-0.417375,0.062448,3.590428,-0.349909,-0.066417,3.599630,-0.311151,-0.262038,3.432737,0.005563,-0.217687,3.093105,0.189457,-0.002785,2.975775,0.045495,0.196076,3.011153,-0.288864,0.383361,3.469437,-0.092341,0.418176,3.258518,-0.366043,0.676250,3.096546,-0.627280,0.585238,3.479898,-0.437450,0.959081,3.143664,-0.532817,0.986577,3.564509
707,-0.413256,0.063427,3.593050,-0.328017,-0.060212,3.600722,-0.292596,-0.259598,3.443942,0.017254,-0.214245,3.096488,0.190722,0.004509,2.980774,0.045357,0.196158,3.012133,-0.286017,0.394028,3.471533,-0.091563,0.434038,3.259719,-0.345602,0.740170,3.139467,-0.641020,0.619349,3.456191,-0.431525,0.975553,3.160283,-0.528910,1.001467,3.549240
708,-0.421178,0.067009,3.590693,-0.346030,-0.048900,3.597580,-0.297148,-0.261703,3.443208,0.023313,-0.221648,3.093914,0.203005,0.007660,2.984018,0.048093,0.193391,3.010552,-0.290380,0.373770,3.474311,-0.082482,0.420841,3.260314,-0.319752,0.724570,3.116961,-0.602226,0.581041,3.511372,-0.417637,0.985548,3.134663,-0.524037,1.030509,3.624135
709,-0.416423,0.070944,3.596969,-0.342255,-0.058515,3.605114,-0.283298,-0.259038,3.446635,0.032111,-0.219003,3.097121,0.194644,0.008187,2.985944,0.041133,0.194074,3.005443,-0.281465,0.378020,3.472628,-0.079314,0.426986,3.263237,-0.311997,0.746193,3.131756,-0.605116,0.573381,3.446755,-0.435997,0.941634,3.158662,-0.542918,0.941660,3.504526
710,-0.411863,0.063415,3.597373,-0.343739,-0.057780,3.624355,-0.259875,-0.267667,3.453462,0.042774,-0.215981,3.107796,0.191027,0.017153,2.986038,0.047011,0.190666,3.011322,-0.274233,0.378099,3.486729,-0.063829,0.427151,3.271480,-0.256821,0.770153,3.140797,-0.599979,0.611456,3.503636,-0.421038,1.014140,3.180278,-0.502868,1.006322,3.567537
711,-0.412378,0.064696,3.595635,-0.345422,-0.062338,3.620593,-0.252417,-0.267961,3.453914,0.046410,-0.214021,3.105211,0.186979,0.025515,2.992168,0.048252,0.192110,3.013407,-0.278301,0.375009,3.488425,-0.059979,0.432937,3.271175,-0.218658,0.777369,3.143565,-0.617533,0.609256,3.475517,-0.410263,1.019654,3.157041,-0.502810,1.008048,3.559049
712,-0.415902,0.063413,3.598306,-0.341130,-0.073364,3.624556,-0.237674,-0.276045,3.460284,0.057533,-0.220383,3.110576,0.185151,0.028284,2.996763,0.047630,0.194972,3.016014,-0.270369,0.362093,3.475666,-0.045082,0.415812,3.263366,-0.135582,0.737837,3.084758,-0.573780,0.541573,3.556549,-0.353414,1.028615,3.109198,-0.465397,0.962367,3.645921
713,-0.413334,0.062996,3.607881,-0.346681,-0.061140,3.642373,-0.243898,-0.271537,3.465845,0.063891,-0.219596,3.117390,0.189918,0.033256,2.976944,0.044292,0.196343,3.017092,-0.258211,0.366451,3.483476,-0.035650,0.415376,3.268626,-0.103726,0.735251,3.105539,-0.569538,0.507528,3.561157,-0.356380,1.046657,3.160562,-0.528085,0.983204,3.611563
714,-0.413660,0.068285,3.604551,-0.356437,-0.054712,3.642922,-0.243922,-0.272034,3.469474,0.062979,-0.218505,3.115287,0.199975,0.033621,2.978554,0.044835,0.195760,3.011819,-0.250123,0.361377,3.483605,-0.025311,0.409720,3.267959,-0.111364,0.716853,3.095178,-0.553556,0.536625,3.568533,-0.346392,1.055799,3.194570,-0.495429,1.017455,3.615297
715,-0.407638,0.060794,3.605524,-0.346052,-0.060951,3.636589,-0.229681,-0.270557,3.464532,0.070045,-0.222088,3.118096,0.196491,0.033278,2.980224,0.047786,0.189458,3.006324,-0.232965,0.349716,3.464718,-0.020846,0.399688,3.252155,-0.158604,0.666072,3.079302,-0.532852,0.415702,3.565696,-0.397717,0.978529,3.128080,-0.553949,0.931496,3.589963
716,-0.413217,0.060659,3.608121,-0.342854,-0.067783,3.637257,-0.233256,-0.265226,3.465325,0.075522,-0.217685,3.118600,0.203602,0.034401,2.974490,0.045979,0.182356,2.998698,-0.239344,0.370684,3.476070,-0.018115,0.409899,3.264205,-0.086724,0.708645,3.112415,-0.570185,0.520869,3.551399,-0.291217,0.999895,3.166895,-0.465599,0.973188,3.610621
717,-0.416983,0.059453,3.607641,-0.344548,-0.061839,3.640227,-0.230360,-0.266325,3.468361,0.074468,-0.217278,3.124892,0.201302,0.035178,2.975690,0.045671,0.183517,3.014838,-0.244059,0.365597,3.473599,-0.027196,0.403074,3.256443,-0.092689,0.670067,3.048862,-0.563022,0.466729,3.562746,-0.322473,0.925071,3.093306,-0.483293,0.956338,3.619969
718,-0.411636,0.056634,3.608662,-0.340199,-0.062159,3.642171,-0.231844,-0.265292,3.470829,0.072159,-0.220894,3.120868,0.200860,0.035274,2.971604,0.045584,0.183688,3.011464,-0.241242,0.353027,3.471068,-0.020269,0.395767,3.259373,-0.076149,0.607535,3.009830,-0.541057,0.438097,3.589923,-0.300978,0.941034,3.079271,-0.450106,0.961339,3.644039
719,-0.415416,0.064843,3.605199,-0.348759,-0.066288,3.640729,-0.231252,-0.264816,3.472273,0.068060,-0.220126,3.125937,0.201108,0.034287,2.967516,0.047207,0.182114,3.012672,-0.251352,0.357601,3.478402,-0.041598,0.391425,3.256902,-0.182835,0.627435,3.065429,-0.587286,0.508512,3.526664,-0.381269,0.953045,3.084106,-0.545237,0.978222,3.579162
720,-0.418390,0.068322,3.604937,-0.355018,-0.061398,3.643151,-0.237217,-0.263619,3.474117,0.065009,-0.213916,3.122457,0.198058,0.035535,2.965699,0.044258,0.189283,3.007534,-0.255021,0.357880,3.488840,-0.048064,0.400398,3.267217,-0.183261,0.664671,3.048495,-0.563786,0.524344,3.568430,-0.350030,0.961507,3.096778,-0.468688,0.973370,3.626964
721,-0.411532,0.065345,3.612678,-0.349740,-0.055268,3.643457,-0.239395,-0.264955,3.473784,0.063680,-0.217697,3.130461,0.200729,0.034347,2.980887,0.043571,0.191208,3.010283,-0.262237,0.363479,3.486862,-0.043224,0.403154,3.267219,-0.203161,0.701965,3.095054,-0.592468,0.536863,3.517170,-0.367237,0.914412,3.112960,-0.526738,0.964048,3.600495
722,-0.413817,0.059751,3.604913,-0.351427,-0.060876,3.642766,-0.242918,-0.262441,3.472503,0.067632,-0.214258,3.126077,0.195415,0.033351,2.977424,0.041947,0.193344,3.004170,-0.257842,0.374345,3.498619,-0.036380,0.414599,3.275699,-0.137626,0.733470,3.137549,-0.599147,0.533769,3.520355,-0.355763,0.983109,3.147037,-0.542403,0.980849,3.597313
723,-0.411936,0.066406,3.610726,-0.345083,-0.050281,3.644891,-0.244282,-0.259152,3.472664,0.067528,-0.212283,3.127738,0.199777,0.034018,2.979106,0.048576,0.194187,3.012499,-0.262198,0.382288,3.486118,-0.043002,0.428248,3.270979,-0.202550,0.791056,3.183792,-0.590251,0.607643,3.490717,-0.385532,1.032125,3.183234,-0.511212,1.037395,3.563882
724,-0.421441,0.070605,3.605579,-0.346626,-0.051849,3.638659,-0.245518,-0.268378,3.469773,0.054858,-0.217047,3.129146,0.189702,0.031734,2.986244,0.045624,0.193581,3.007490,-0.267020,0.367022,3.490670,-0.056610,0.418145,3.271208,-0.239335,0.775732,3.187188,-0.580742,0.585025,3.493084,-0.420176,1.030696,3.201291,-0.530417,0.995496,3.556816
725,-0.418609,0.060545,3.604178,-0.343484,-0.077647,3.632121,-0.251662,-0.283655,3.464120,0.046635,-0.233017,3.131388,0.188695,0.028644,3.006237,0.044150,0.195718,3.012493,-0.276314,0.357438,3.500031,-0.068361,0.410720,3.285738,-0.332344,0.695095,3.136984,-0.581660,0.550804,3.512948,-0.459771,0.961550,3.145947,-0.565691,0.976026,3.573251
726,-0.413657,0.064327,3.608447,-0.334934,-0.075756,3.631989,-0.249414,-0.281769,3.464272,0.050723,-0.239744,3.124719,0.187448,0.025872,3.001834,0.049624,0.197934,3.009245,-0.268250,0.364905,3.487079,-0.055965,0.417705,3.275552,-0.245282,0.728588,3.137677,-0.602240,0.573918,3.495906,-0.435305,0.935104,3.133943,-0.556987,0.988269,3.566622
727,-0.423145,0.059671,3.608664,-0.354766,-0.073567,3.627307,-0.271621,-0.276492,3.465638,0.042692,-0.230262,3.122311,0.171015,0.026134,2.999110,0.043400,0.198128,3.013266,-0.283568,0.374400,3.493434,-0.065277,0.418499,3.281851,-0.155933,0.753713,3.167446,-0.595770,0.554502,3.489520,-0.388000,0.975111,3.176962,-0.539236,0.966050,3.555922
728,-0.426585,0.050239,3.599400,-0.351097,-0.065761,3.614485,-0.279829,-0.280163,3.459143,0.029109,-0.233207,3.125350,0.177063,0.018996,2.993042,0.046582,0.195101,3.005130,-0.294667,0.370227,3.491100,-0.082659,0.420963,3.280878,-0.302212,0.712289,3.104088,-0.606273,0.595771,3.500568,-0.470641,0.976557,3.112155,-0.580028,1.013544,3.567479
729,-0.429377,0.054235,3.599823,-0.335379,-0.085116,3.608443,-0.280018,-0.288824,3.454559,0.029512,-0.235122,3.107823,0.179308,0.011570,3.003464,0.048285,0.192353,3.015483,-0.299122,0.378615,3.484573,-0.088962,0.431566,3.280143,-0.334251,0.738644,3.193074,-0.596907,0.616066,3.457716,-0.510351,1.002198,3.187713,-0.616520,1.054507,3.506903
730,-0.425398,0.052761,3.596335,-0.334950,-0.099676,3.611699,-0.289020,-0.307164,3.459949,0.019429,-0.242681,3.107067,0.175148,-0.001334,3.008749,0.045881,0.197603,3.020633,-0.299387,0.373153,3.498975,-0.103051,0.431482,3.275703,-0.423023,0.667994,3.122527,-0.599959,0.577463,3.470750,-0.528022,0.951325,3.139779,-0.613376,0.980881,3.479847
731,-0.420576,0.054599,3.602265,-0.338689,-0.094907,3.613500,-0.304091,-0.308874,3.453211,0.008545,-0.245175,3.106106,0.175020,-0.012181,3.013252,0.049856,0.199946,3.019098,-0.306644,0.367202,3.485730,-0.099731,0.425557,3.273590,-0.313500,0.699475,3.159647,-0.604140,0.556938,3.468700,-0.472358,0.970155,3.159427,-0.588151,0.983267,3.544164
732,-0.430146,0.066682,3.611336,-0.355611,-0.100344,3.650458,-0.303875,-0.312201,3.456170,0.013463,-0.242385,3.073922,0.179659,-0.014327,3.001378,0.042981,0.207381,3.024421,-0.299247,0.373962,3.504213,-0.094602,0.431194,3.281701,-0.328830,0.746053,3.181790,-0.610707,0.572002,3.512290,-0.489846,0.978978,3.214198,-0.595298,0.998498,3.588259
733,-0.426042,0.069663,3.608051,-0.355389,-0.101275,3.649825,-0.311208,-0.310376,3.458448,0.002692,-0.233456,3.072127,0.172574,-0.006011,3.006552,0.047206,0.218758,3.021303,-0.307469,0.384224,3.511051,-0.107775,0.447288,3.284171,-0.428483,0.736936,3.168768,-0.614637,0.593235,3.504961,-0.453200,0.986487,3.222662,-0.543147,0.991310,3.577291
734,-0.427340,0.069401,3.604235,-0.384988,-0.092494,3.649104,-0.349257,-0.302771,3.459683,-0.011984,-0.234406,3.074631,0.178317,-0.021938,3.000728,0.048185,0.209865,3.026676,-0.319335,0.415709,3.483086,-0.116253,0.468105,3.266251,-0.408912,0.794014,3.200688,-0.683986,0.626846,3.445948,-0.454351,0.978446,3.265721,-0.543122,1.013129,3.541677
735,-0.439095,0.071962,3.606690,-0.365644,-0.094544,3.653529,-0.368438,-0.311661,3.446822,-0.033365,-0.243719,3.074432,0.169499,-0.034416,3.013184,0.040638,0.207441,3.029574,-0.322374,0.392564,3.492157,-0.127865,0.450888,3.288889,-0.446493,0.786092,3.205190,-0.622656,0.614745,3.481350,-0.448127,0.975402,3.250344,-0.492100,0.996642,3.575482
736,-0.452785,0.072933,3.625523,-0.415697,-0.120115,3.689697,-0.410147,-0.339409,3.467441,-0.066140,-0.280356,3.044742,0.140733,-0.061686,2.974071,0.053908,0.210898,3.020113,-0.342165,0.348774,3.483550,-0.147948,0.394188,3.233776,-0.419971,0.678224,3.064989,-0.619745,0.538857,3.475879,-0.427608,0.809837,3.089643,-0.496793,0.829211,3.539091
737,-0.459601,0.063227,3.625700,-0.434395,-0.157622,3.672945,-0.429407,-0.384534,3.438198,-0.078084,-0.309292,3.022442,0.124714,-0.077676,2.963078,0.054790,0.212805,3.021250,-0.340534,0.327661,3.479663,-0.143173,0.380857,3.238600,-0.423566,0.720037,3.172642,-0.656730,0.581090,3.459320,-0.375485,0.823153,3.210606,-0.449550,0.774555,3.501785
738,-0.447479,0.069370,3.616288,-0.435376,-0.155487,3.663936,-0.438785,-0.398646,3.440737,-0.066823,-0.321886,3.018660,0.118908,-0.082565,2.952566,0.057324,0.211208,3.014368,-0.336828,0.323306,3.476212,-0.126264,0.374149,3.222322,-0.393269,0.764982,3.138159,-0.689682,0.655342,3.486716,-0.434268,0.932988,3.225715,-0.532217,0.957502,3.624869
739,-0.461351,0.068252,3.607792,-0.424680,-0.167011,3.654691,-0.437898,-0.397467,3.439544,-0.090089,-0.345311,3.011836,0.101492,-0.089267,2.948717,0.039045,0.208081,3.018625,-0.347070,0.319680,3.485663,-0.136026,0.375159,3.232382,-0.410662,0.775607,3.142581,-0.634975,0.647609,3.502629,-0.392453,0.947461,3.226725,-0.523683,0.967021,3.627122
740,-0.456169,0.075792,3.605394,-0.423096,-0.164258,3.650106,-0.437471,-0.390770,3.437411,-0.080391,-0.338005,3.012271,0.106777,-0.085421,2.951084,0.049551,0.207352,3.024844,-0.339541,0.339782,3.479313,-0.125790,0.387307,3.218763,-0.409795,0.786272,3.142216,-0.681433,0.667352,3.481481,-0.370024,0.982589,3.242315,-0.508732,0.990953,3.612523
741,-0.463693,0.078912,3.597600,-0.411080,-0.157440,3.629953,-0.439585,-0.424598,3.431745,-0.072266,-0.355990,3.007560,0.110220,-0.073564,2.943209,0.031931,0.212563,3.011661,-0.337422,0.301175,3.479479,-0.122461,0.359867,3.232729,-0.420818,0.731631,3.118940,-0.683099,0.601341,3.494287,-0.447180,0.940972,3.177640,-0.569917,0.976870,3.599077
742,-0.465776,0.065035,3.592426,-0.422868,-0.160251,3.629596,-0.448835,-0.434211,3.433994,-0.073155,-0.373643,2.996601,0.106570,-0.057781,2.950706,0.031311,0.218559,3.002329,-0.339360,0.315818,3.488655,-0.124498,0.369969,3.228607,-0.400960,0.765375,3.158980,-0.660889,0.642788,3.513073,-0.396569,0.849490,3.217700,-0.492158,0.882308,3.660305
743,-0.463792,0.066210,3.595103,-0.449272,-0.173153,3.622970,-0.448644,-0.447935,3.421859,-0.059154,-0.397458,2.995469,0.084693,-0.053642,2.958717,0.036022,0.218501,3.014704,-0.347659,0.334021,3.467304,-0.117728,0.375458,3.224865,-0.347368,0.836853,3.206308,-0.619371,0.733151,3.479147,-0.379434,0.919433,3.265498,-0.439089,0.918191,3.625965
744,-0.457618,0.073600,3.590786,-0.433977,-0.167631,3.610029,-0.443807,-0.434595,3.431178,-0.059113,-0.398426,3.000582,0.099654,-0.052912,2.956589,0.033834,0.214657,3.015311,-0.340516,0.354028,3.484452,-0.115593,0.392099,3.221881,-0.338648,0.826424,3.128908,-0.653603,0.700645,3.504372,-0.357940,0.978712,3.191017,-0.416345,1.002770,3.659981
745,-0.465695,0.068974,3.587871,-0.449567,-0.158558,3.582147,-0.446470,-0.470707,3.420489,-0.064944,-0.417775,2.993561,0.093604,-0.052076,2.970146,0.028144,0.213990,3.018130,-0.339292,0.317195,3.483040,-0.117504,0.370081,3.223954,-0.354058,0.843403,3.204205,-0.608981,0.676725,3.510029,-0.357206,1.034268,3.262199,-0.476416,0.990528,3.639326
746,-0.457974,0.052808,3.587279,-0.446020,-0.198241,3.582176,-0.444955,-0.545304,3.413018,-0.052387,-0.448855,2.992644,0.077592,-0.056791,2.963915,0.032159,0.208252,3.012549,-0.358623,0.286841,3.472180,-0.129348,0.342547,3.214046,-0.387138,0.843212,3.200866,-0.626550,0.688507,3.492766,-0.435712,1.009456,3.270145,-0.489979,1.019392,3.589634
747,-0.465445,0.071010,3.587214,-0.452828,-0.173447,3.579699,-0.447284,-0.539219,3.409221,-0.047510,-0.460949,2.987836,0.075782,-0.055849,2.984399,0.027238,0.211566,3.013813,-0.352864,0.290613,3.479432,-0.119949,0.338068,3.221371,-0.405642,0.840963,3.214693,-0.606946,0.702944,3.504606,-0.415144,1.000423,3.300563,-0.523613,0.951783,3.626194
748,-0.463679,0.089645,3.597494,-0.446229,-0.173717,3.545247,-0.436791,-0.564043,3.401548,-0.046987,-0.473232,2.982073,0.072244,-0.062999,2.988603,0.027428,0.221163,2.996942,-0.337028,0.264051,3.467688,-0.111044,0.314497,3.200516,-0.386625,0.844545,3.229596,-0.612921,0.633874,3.476395,-0.383574,0.976138,3.302765,-0.471520,0.932393,3.589907
749,-0.460719,0.071763,3.588516,-0.427027,-0.190218,3.544130,-0.430452,-0.587667,3.402630,-0.053716,-0.493426,2.980484,0.055661,-0.082104,2.986343,0.033676,0.226281,2.999450,-0.346876,0.241387,3.465636,-0.128119,0.293171,3.202952,-0.405777,0.824292,3.238641,-0.573511,0.649319,3.474502,-0.452653,0.931210,3.293281,-0.524673,0.894464,3.567492
750,-0.457853,0.080969,3.598405,-0.391392,-0.209302,3.548271,-0.396560,-0.631436,3.401360,-0.050604,-0.528935,2.975532,0.044744,-0.092864,2.982789,0.044225,0.234160,2.998883,-0.350878,0.231270,3.459230,-0.148834,0.284311,3.201740,-0.457090,0.793792,3.194393,-0.595117,0.682444,3.471923,-0.494113,0.885739,3.312504,-0.554582,0.860424,3.565068
751,-0.453003,0.101331,3.589784,-0.411506,-0.193364,3.542540,-0.412622,-0.614844,3.401805,-0.041486,-0.527334,2.975871,0.027847,-0.103052,2.977552,0.039742,0.231455,3.001489,-0.357306,0.242186,3.473852,-0.143704,0.284645,3.209358,-0.389602,0.804489,3.237103,-0.529933,0.657429,3.485337,-0.392879,1.057936,3.316494,-0.434162,1.029970,3.589611
752,-0.459645,0.085341,3.581977,-0.394007,-0.214426,3.515002,-0.392106,-0.640793,3.381788,-0.039873,-0.552838,2.980080,0.029629,-0.113838,3.015795,0.046732,0.225593,3.019679,-0.339694,0.230054,3.472538,-0.142151,0.283987,3.200342,-0.425341,0.805603,3.211419,-0.567550,0.682296,3.479053,-0.407281,1.124246,3.315603,-0.524319,1.040016,3.581926
753,-0.466090,0.104724,3.571810,-0.385621,-0.220104,3.490828,-0.394175,-0.650576,3.372571,-0.044421,-0.586186,2.979628,0.019506,-0.134811,3.020761,0.034852,0.224437,3.027957,-0.347103,0.225776,3.443748,-0.137720,0.264913,3.177529,-0.370324,0.823573,3.201823,-0.541149,0.696675,3.445818,-0.384172,1.215050,3.300163,-0.523470,1.128220,3.521451
754,-0.430196,0.088224,3.576007,-0.368031,-0.241138,3.485542,-0.378193,-0.657887,3.375505,-0.051125,-0.588065,2.974566,0.008030,-0.145399,3.016589,0.037792,0.214856,3.025159,-0.348495,0.221357,3.441743,-0.154774,0.265456,3.175428,-0.433356,0.849545,3.188194,-0.567406,0.749626,3.446205,-0.481712,1.055126,3.309233,-0.573881,1.023433,3.527561
755,-0.456696,0.082885,3.573826,-0.395324,-0.244142,3.493097,-0.383014,-0.651526,3.379968,-0.050260,-0.583398,2.980281,0.010061,-0.153110,3.014292,0.040364,0.206648,3.041606,-0.348269,0.218068,3.451302,-0.148749,0.262042,3.181881,-0.314572,0.815899,3.220068,-0.518716,0.757968,3.480099,-0.457201,1.123041,3.311871,-0.537224,1.106277,3.570986
756,-0.462817,0.084768,3.575076,-0.386012,-0.245382,3.489022,-0.383475,-0.646412,3.383077,-0.050379,-0.570532,2.974145,0.008205,-0.141486,3.010486,0.031267,0.214400,3.026656,-0.350108,0.219341,3.457021,-0.164957,0.265301,3.186905,-0.363853,0.758112,3.188550,-0.574603,0.708959,3.470647,-0.433384,1.218034,3.316772,-0.576393,1.142381,3.551518
757,-0.440740,0.097168,3.586965,-0.373671,-0.231549,3.497432,-0.372311,-0.641688,3.379412,-0.040558,-0.559585,2.971802,0.013659,-0.126725,3.008661,0.029855,0.217231,3.023447,-0.338969,0.209619,3.448414,-0.150578,0.268697,3.179606,-0.312672,0.775828,3.214017,-0.527824,0.686599,3.474200,-0.379964,1.173718,3.314815,-0.529428,1.098749,3.564390
758,-0.421999,0.100784,3.590485,-0.364178,-0.242685,3.496706,-0.373852,-0.640922,3.379962,-0.050079,-0.570729,2.969818,0.011754,-0.149041,3.001626,0.037725,0.207360,3.019832,-0.339431,0.206602,3.452967,-0.152607,0.260846,3.187190,-0.367845,0.762827,3.210648,-0.551306,0.675051,3.475556,-0.426417,1.096762,3.301663,-0.552546,1.049604,3.553367
759,-0.451780,0.094365,3.585447,-0.391143,-0.235886,3.494651,-0.391361,-0.635353,3.376397,-0.041055,-0.568070,2.969200,0.012163,-0.152156,3.004581,0.037796,0.205780,3.024725,-0.349525,0.204129,3.452314,-0.142224,0.253298,3.189745,-0.397865,0.741499,3.200597,-0.542756,0.683715,3.480515,-0.460558,0.984796,3.318596,-0.523107,0.980769,3.578745
760,-0.458535,0.139163,3.591503,-0.394529,-0.200986,3.498427,-0.392576,-0.615190,3.381293,-0.040882,-0.565458,2.971870,0.016335,-0.143612,3.007108,0.037029,0.210169,3.030241,-0.350646,0.223130,3.451166,-0.135450,0.267748,3.188828,-0.396259,0.810285,3.215984,-0.537910,0.715322,3.478744,-0.409393,0.961588,3.335090,-0.494204,0.946699,3.580920
761,-0.419591,0.074839,3.582908,-0.366319,-0.254045,3.502785,-0.369454,-0.630680,3.379690,-0.046010,-0.553163,2.972409,0.020300,-0.132111,3.004253,0.041438,0.218772,3.025256,-0.335602,0.226193,3.446223,-0.152209,0.283902,3.179676,-0.434189,0.777314,3.179159,-0.539555,0.673523,3.447793,-0.437039,1.026283,3.290124,-0.502599,0.994519,3.542089
762,-0.451542,0.089454,3.593232,-0.372147,-0.223203,3.502778,-0.376699,-0.620213,3.379295,-0.039413,-0.549224,2.968017,0.019552,-0.127264,3.000009,0.048106,0.219868,3.009545,-0.342523,0.227873,3.434110,-0.155013,0.282351,3.174738,-0.384008,0.777995,3.163509,-0.567512,0.728803,3.444594,-0.504908,1.056055,3.277686,-0.586918,1.046971,3.521545
763,-0.422742,0.116554,3.591865,-0.386116,-0.197385,3.502537,-0.381187,-0.615354,3.381819,-0.039255,-0.553946,2.973106,0.013292,-0.134571,3.006283,0.044766,0.211193,3.030688,-0.335852,0.226079,3.451054,-0.139935,0.281439,3.183391,-0.413593,0.791011,3.193226,-0.528473,0.737160,3.476998,-0.395013,0.975027,3.325737,-0.514172,0.929868,3.564630
764,-0.452867,0.082368,3.590918,-0.374010,-0.214512,3.510854,-0.380534,-0.616652,3.382138,-0.040256,-0.537694,2.972548,0.028699,-0.122012,3.001075,0.048754,0.215793,3.022451,-0.346907,0.224697,3.439523,-0.154378,0.283371,3.176564,-0.392314,0.794970,3.186440,-0.547820,0.723199,3.447072,-0.490872,0.979974,3.304707,-0.573572,0.964011,3.545754
765,-0.440909,0.094511,3.589114,-0.365625,-0.196385,3.513548,-0.375292,-0.608373,3.384724,-0.049169,-0.538767,2.970849,0.028633,-0.118078,3.003098,0.047954,0.219734,3.013999,-0.337862,0.239825,3.431001,-0.157708,0.290470,3.165209,-0.440251,0.786577,3.171087,-0.559383,0.714242,3.431075,-0.483079,0.970069,3.308740,-0.528685,0.952019,3.532967
766,-0.418765,0.085055,3.582669,-0.388356,-0.193266,3.505367,-0.393411,-0.599342,3.379462,-0.045323,-0.539593,2.974968,0.021536,-0.117810,3.006412,0.052185,0.221589,3.025143,-0.332773,0.228209,3.443796,-0.142981,0.279550,3.182555,-0.332357,0.797558,3.211892,-0.507244,0.679289,3.490574,-0.513180,1.003952,3.274741,-0.572942,0.979664,3.539826
767,-0.430222,0.111093,3.584059,-0.391181,-0.197968,3.505575,-0.390959,-0.605140,3.380541,-0.046660,-0.536154,2.971952,0.026155,-0.115061,3.004811,0.047594,0.214037,3.036279,-0.327359,0.216820,3.447040,-0.141102,0.270447,3.190474,-0.441845,0.781863,3.201543,-0.509589,0.661048,3.494673,-0.348613,0.967582,3.301934,-0.472407,0.898361,3.584291
768,-0.444750,0.119623,3.599611,-0.400759,-0.171564,3.531997,-0.402430,-0.577014,3.396116,-0.049876,-0.520404,2.967784,0.025189,-0.111713,2.991244,0.044918,0.232462,3.018804,-0.344397,0.236350,3.464696,-0.144788,0.280692,3.198390,-0.460919,0.764784,3.200498,-0.544942,0.710716,3.492987,-0.397092,1.007019,3.334971,-0.504317,0.959508,3.603986
769,-0.450160,0.123436,3.608069,-0.402759,-0.159093,3.537321,-0.401190,-0.558658,3.396355,-0.050440,-0.510662,2.970707,0.025126,-0.103291,2.994874,0.040612,0.234943,3.017209,-0.340848,0.245805,3.470142,-0.138876,0.294692,3.211281,-0.476127,0.766814,3.212095,-0.576487,0.683095,3.482020,-0.409332,1.020499,3.324400,-0.510197,0.946399,3.576698
770,-0.447233,0.100602,3.594228,-0.406789,-0.168892,3.524618,-0.397428,-0.566228,3.388948,-0.054825,-0.502497,2.972291,0.027364,-0.096749,2.997869,0.032760,0.232711,3.028192,-0.320386,0.228252,3.466697,-0.137729,0.279013,3.207471,-0.466231,0.743719,3.219700,-0.542635,0.604102,3.493878,-0.401847,0.987182,3.301192,-0.498670,0.886818,3.556793
771,-0.442246,0.091697,3.597223,-0.402075,-0.168470,3.530546,-0.402496,-0.560121,3.392844,-0.062706,-0.499161,2.974770,0.047563,-0.092137,2.996839,0.043385,0.239640,3.022018,-0.335753,0.235321,3.455819,-0.140928,0.289571,3.194006,-0.483405,0.761259,3.202255,-0.578654,0.668605,3.474229,-0.396583,0.952470,3.315768,-0.493796,0.885758,3.585933
772,-0.436116,0.104994,3.597042,-0.410336,-0.165539,3.575283,-0.421808,-0.531793,3.393423,-0.053817,-0.469468,2.973716,0.057218,-0.074308,2.973276,0.046740,0.235738,3.000216,-0.332095,0.272830,3.467294,-0.116846,0.317728,3.202264,-0.440146,0.803141,3.217218,-0.560257,0.728203,3.496067,-0.408749,0.943184,3.337783,-0.490961,0.925697,3.613163
773,-0.436962,0.057492,3.584782,-0.417310,-0.172447,3.562537,-0.414371,-0.508932,3.395409,-0.050440,-0.449208,2.975397,0.059534,-0.054987,2.978819,0.043453,0.230081,2.997212,-0.342831,0.285097,3.453765,-0.142815,0.340623,3.204851,-0.458131,0.806886,3.196121,-0.593037,0.701280,3.480185,-0.446082,0.962263,3.305007,-0.519432,0.911177,3.586775
774,-0.446435,0.065627,3.595387,-0.403211,-0.180206,3.571219,-0.408181,-0.498112,3.391590,-0.033661,-0.442412,2.974663,0.080039,-0.044395,2.978146,0.042810,0.240721,3.007939,-0.321099,0.284471,3.466256,-0.129078,0.346879,3.212896,-0.475653,0.799111,3.221474,-0.608567,0.670774,3.485267,-0.411372,1.025049,3.304183,-0.487277,0.961487,3.596471
775,-0.450173,0.058688,3.589479,-0.400563,-0.185787,3.593566,-0.412564,-0.469178,3.400043,-0.030077,-0.400321,2.972281,0.080723,-0.040080,2.956375,0.030429,0.242543,2.997202,-0.331335,0.320991,3.474482,-0.124323,0.380944,3.215862,-0.453686,0.813278,3.175148,-0.619778,0.690540,3.489921,-0.375706,1.048597,3.306669,-0.459138,0.996048,3.612432
776,-0.457455,0.021053,3.579191,-0.409865,-0.189991,3.591775,-0.417435,-0.429353,3.392766,-0.043065,-0.370448,2.981767,0.077836,-0.052174,2.959582,0.035783,0.224750,3.020885,-0.340225,0.330882,3.470129,-0.124898,0.401344,3.227295,-0.377278,0.845031,3.197082,-0.633114,0.681087,3.478289,-0.441072,1.011731,3.291946,-0.526266,0.966265,3.589001
777,-0.454779,0.044311,3.588964,-0.384171,-0.177299,3.600980,-0.410325,-0.420155,3.397597,-0.028409,-0.371029,2.983380,0.088014,-0.038538,2.951226,0.030188,0.231679,3.002923,-0.335309,0.340306,3.461703,-0.117251,0.423932,3.218311,-0.383649,0.843424,3.200194,-0.641349,0.660233,3.473893,-0.429135,0.995211,3.303091,-0.508015,0.954248,3.588264
778,-0.452349,0.044614,3.599641,-0.427365,-0.160786,3.601264,-0.409762,-0.422026,3.402934,-0.036970,-0.370493,2.984721,0.093360,-0.040163,2.953564,0.032233,0.221479,3.006169,-0.320053,0.336378,3.467423,-0.112041,0.408925,3.228388,-0.402159,0.845058,3.206599,-0.652118,0.679666,3.481130,-0.390072,1.025071,3.302356,-0.471233,0.985405,3.633346
779,-0.456776,0.060336,3.611483,-0.370772,-0.155156,3.618548,-0.403752,-0.386153,3.413126,-0.043259,-0.323419,2.985441,0.095286,-0.049530,2.938780,0.030529,0.218228,2.997739,-0.318080,0.347117,3.478348,-0.120891,0.425487,3.235389,-0.421056,0.819453,3.157750,-0.661329,0.639151,3.491318,-0.395098,0.944749,3.255123,-0.487452,0.910010,3.612832
780,-0.457211,0.069486,3.616219,-0.378658,-0.122478,3.632376,-0.408202,-0.352071,3.415981,-0.036556,-0.285803,2.989775,0.098814,-0.055475,2.942754,0.033963,0.217849,3.005497,-0.326748,0.369107,3.467771,-0.117020,0.420727,3.229481,-0.365210,0.800495,3.141912,-0.661769,0.642081,3.464843,-0.380850,0.958713,3.217882,-0.457533,0.935081,3.582002
781,-0.445916,0.059166,3.611668,-0.411582,-0.120520,3.628620,-0.399000,-0.344412,3.421105,-0.044674,-0.278744,2.992220,0.118022,-0.056267,2.939634,0.039865,0.211392,3.004099,-0.327966,0.362919,3.471763,-0.128963,0.431623,3.229036,-0.341090,0.786290,3.139329,-0.674294,0.615626,3.464303,-0.443610,0.793904,3.199133,-0.481762,0.792574,3.567490
782,-0.441580,0.066077,3.617531,-0.399843,-0.124816,3.630743,-0.392192,-0.335760,3.424717,-0.040923,-0.284191,3.001472,0.134732,-0.056401,2.948413,0.042342,0.212578,2.997246,-0.327336,0.369595,3.472949,-0.126728,0.429075,3.244079,-0.391712,0.756577,3.138384,-0.674645,0.593702,3.460134,-0.425006,0.883764,3.236899,-0.504208,0.857995,3.555771
783,-0.454467,0.088163,3.625048,-0.363214,-0.103364,3.653795,-0.379510,-0.321903,3.409382,-0.044880,-0.274430,3.015650,0.128377,-0.059892,2.933190,0.043978,0.209047,2.999232,-0.319062,0.373356,3.468707,-0.114970,0.424446,3.227141,-0.309292,0.762829,3.090719,-0.678324,0.618002,3.469485,-0.420901,0.932065,3.190646,-0.489018,0.965894,3.613240
784,-0.434447,0.063805,3.609670,-0.413531,-0.115365,3.646738,-0.387766,-0.311534,3.411071,-0.026705,-0.256152,3.026602,0.136616,-0.059523,2.935212,0.044724,0.203034,2.997360,-0.318957,0.347202,3.466861,-0.111827,0.401794,3.232914,-0.296628,0.749104,3.053806,-0.681847,0.591453,3.481273,-0.424241,0.835000,3.125606,-0.473841,0.882475,3.648038
785,-0.435266,0.063317,3.620964,-0.360609,-0.105199,3.647644,-0.371917,-0.301051,3.418553,-0.037954,-0.252941,3.024690,0.149122,-0.056029,2.940653,0.036771,0.197951,3.014047,-0.313626,0.341999,3.464909,-0.111258,0.391636,3.226775,-0.324796,0.708294,3.062105,-0.626499,0.563639,3.467741,-0.369121,0.830347,3.117636,-0.443280,0.887524,3.632588
786,-0.437957,0.076632,3.610114,-0.377844,-0.095090,3.647633,-0.384274,-0.283930,3.426563,-0.025650,-0.255484,3.063719,0.171766,-0.051176,2.953660,0.047556,0.196116,3.014323,-0.306543,0.362692,3.483485,-0.083296,0.387769,3.254161,-0.091708,0.724791,3.129500,-0.601245,0.578214,3.480767,-0.301037,0.873035,3.168403,-0.340348,0.910424,3.608525
787,-0.433133,0.077035,3.613042,-0.366023,-0.110249,3.651335,-0.371151,-0.286681,3.411204,-0.025536,-0.236543,3.048742,0.159675,-0.044328,2.953018,0.044656,0.197512,3.009229,-0.312461,0.361459,3.484068,-0.094908,0.396600,3.263342,-0.271933,0.706987,3.142635,-0.670050,0.556298,3.529776,-0.371037,0.858190,3.202885,-0.447134,0.879235,3.643101
788,-0.435744,0.066308,3.604495,-0.416117,-0.099370,3.638943,-0.354981,-0.291745,3.406993,-0.004725,-0.235998,3.047065,0.172250,-0.038660,2.954717,0.048159,0.198048,3.010377,-0.311528,0.342496,3.477823,-0.099168,0.396608,3.253572,-0.298134,0.692824,3.100392,-0.616326,0.521029,3.496805,-0.375970,0.862042,3.149096,-0.453150,0.870390,3.620224
789,-0.435843,0.077373,3.604340,-0.371699,-0.099772,3.643196,-0.350853,-0.279435,3.414235,0.006821,-0.235679,3.047310,0.179412,-0.034811,2.954805,0.053338,0.194665,3.009749,-0.312484,0.369418,3.480208,-0.086598,0.402722,3.255190,-0.253039,0.728355,3.143888,-0.662131,0.584350,3.476227,-0.403601,0.951657,3.182522,-0.509159,0.964384,3.608624
790,-0.424431,0.075697,3.602467,-0.372643,-0.090964,3.624910,-0.336529,-0.271365,3.420384,0.017554,-0.234635,3.067166,0.171314,-0.028373,2.965356,0.048651,0.195380,3.010367,-0.311365,0.365414,3.488999,-0.096385,0.416962,3.276356,-0.370360,0.731573,3.188273,-0.666890,0.574849,3.489213,-0.469007,0.929927,3.196474,-0.564984,0.959082,3.590607
791,-0.431110,0.067655,3.593324,-0.368125,-0.083613,3.608422,-0.328522,-0.270552,3.418382,0.022205,-0.212217,3.072707,0.179339,-0.005198,2.981698,0.051330,0.199601,3.010328,-0.313594,0.384731,3.491631,-0.090867,0.439807,3.283054,-0.298446,0.754497,3.182935,-0.680431,0.609338,3.489967,-0.397577,0.951199,3.196042,-0.511419,0.992265,3.619640
792,-0.425818,0.065647,3.599180,-0.372375,-0.077153,3.617571,-0.272989,-0.264760,3.424465,0.060936,-0.187724,3.076060,0.199375,0.013420,2.982516,0.051096,0.193682,3.008144,-0.290845,0.395782,3.477196,-0.068548,0.446883,3.269225,-0.131254,0.757332,3.196676,-0.609284,0.621713,3.474567,-0.352386,0.973693,3.147973,-0.435365,1.006353,3.579877
793,-0.433768,0.068068,3.603197,-0.374344,-0.072825,3.617939,-0.278916,-0.257468,3.436434,0.056088,-0.195249,3.073222,0.188974,0.032861,2.978689,0.049050,0.193441,3.002165,-0.287818,0.387805,3.484602,-0.068140,0.440133,3.275796,-0.182378,0.757026,3.240384,-0.651524,0.604547,3.468093,-0.380371,0.972277,3.217615,-0.500038,0.944587,3.584190
794,-0.436170,0.064392,3.592254,-0.369154,-0.075264,3.615324,-0.276767,-0.273075,3.428799,0.051669,-0.207260,3.081184,0.197132,0.036571,2.989896,0.052090,0.189692,3.010299,-0.285803,0.368819,3.476901,-0.072270,0.427024,3.277490,-0.266744,0.712495,3.191377,-0.592354,0.571051,3.476582,-0.439444,0.961079,3.161339,-0.545007,0.980772,3.590114
795,-0.428001,0.062447,3.593299,-0.367261,-0.072242,3.600595,-0.260374,-0.271057,3.422679,0.062435,-0.206488,3.088845,0.193759,0.040076,2.978555,0.053896,0.196395,3.005517,-0.272041,0.378015,3.481894,-0.060556,0.432620,3.285891,-0.210721,0.781313,3.278124,-0.615997,0.593443,3.473167,-0.451779,1.033537,3.255347,-0.548916,1.037652,3.570292
796,-0.432676,0.067611,3.592112,-0.353359,-0.076859,3.597949,-0.241191,-0.269859,3.427624,0.061502,-0.208644,3.087788,0.186848,0.040247,2.981968,0.053370,0.195046,3.008360,-0.271043,0.372741,3.476038,-0.062418,0.423316,3.279871,-0.233659,0.723553,3.256950,-0.609394,0.587249,3.471229,-0.440411,1.025126,3.250891,-0.605100,1.025094,3.546628
797,-0.418971,0.067135,3.594898,-0.347825,-0.080452,3.603348,-0.232969,-0.277665,3.428235,0.070090,-0.206557,3.090611,0.195116,0.042319,2.983044,0.053725,0.201332,3.008417,-0.268356,0.359869,3.493548,-0.048993,0.431779,3.293468,-0.155578,0.782197,3.249552,-0.610895,0.601174,3.503935,-0.380302,1.007604,3.247873,-0.478577,0.979559,3.614028
798,-0.418595,0.062308,3.596762,-0.331002,-0.085817,3.617692,-0.220061,-0.274423,3.453555,0.070680,-0.210974,3.111625,0.199136,0.040575,2.968178,0.054255,0.201090,3.004951,-0.266450,0.369596,3.488250,-0.045439,0.420374,3.278227,-0.196910,0.773776,3.199499,-0.607274,0.602600,3.490775,-0.379767,1.034216,3.185535,-0.548116,1.020978,3.586532
799,-0.414240,0.061919,3.602972,-0.334567,-0.081142,3.622854,-0.224423,-0.272759,3.452197,0.071505,-0.208570,3.106419,0.203105,0.040226,2.966146,0.051823,0.193754,3.005166,-0.259344,0.355015,3.485013,-0.048022,0.414178,3.274688,-0.211374,0.749561,3.197728,-0.596281,0.535932,3.538389,-0.370023,0.960478,3.223672,-0.463351,0.936685,3.625401
800,-0.413035,0.061673,3.604162,-0.343800,-0.076696,3.623695,-0.225330,-0.265978,3.452543,0.081030,-0.200959,3.106729,0.205915,0.038781,2.970791,0.050434,0.194992,3.013366,-0.257960,0.359332,3.483903,-0.034333,0.420079,3.277009,-0.158422,0.744616,3.205214,-0.608254,0.551096,3.542856,-0.385166,0.995304,3.209123,-0.542569,0.987627,3.655214
801,-0.419835,0.061220,3.606134,-0.349482,-0.089958,3.629001,-0.221522,-0.268918,3.449367,0.084692,-0.202955,3.108781,0.201152,0.042346,2.962650,0.047666,0.196759,3.008878,-0.248320,0.361721,3.483038,-0.024693,0.416452,3.277961,-0.062887,0.739536,3.195260,-0.578076,0.526324,3.571572,-0.329249,1.028676,3.220446,-0.498032,0.960895,3.635622
802,-0.416102,0.063373,3.606130,-0.349816,-0.078532,3.633360,-0.224900,-0.263019,3.455665,0.089596,-0.203613,3.116242,0.199885,0.045145,2.966347,0.049355,0.193489,3.009508,-0.255073,0.373962,3.480937,-0.017973,0.414908,3.270217,0.016221,0.754488,3.137413,-0.589273,0.530566,3.554680,-0.279454,1.059788,3.153069,-0.471788,0.995097,3.646979
803,-0.413741,0.062873,3.612361,-0.351395,-0.074278,3.637301,-0.227534,-0.259690,3.452903,0.088190,-0.201247,3.114533,0.202471,0.045550,2.968623,0.050195,0.185866,3.010128,-0.245893,0.378007,3.480805,-0.014790,0.419374,3.274168,-0.070325,0.704966,3.092777,-0.571985,0.502368,3.576653,-0.322503,1.012653,3.114688,-0.514356,1.002897,3.648584
804,-0.400374,0.059850,3.612223,-0.345435,-0.083258,3.636341,-0.217290,-0.262722,3.457790,0.094754,-0.201983,3.114087,0.206220,0.038940,2.968751,0.051606,0.180225,3.011263,-0.248226,0.374679,3.483256,-0.004188,0.417180,3.273685,0.049382,0.689600,3.092317,-0.562823,0.495356,3.575169,-0.294570,1.011116,3.151916,-0.497712,1.019933,3.641162
805,-0.402790,0.056717,3.610710,-0.340380,-0.081837,3.640259,-0.217187,-0.260987,3.460674,0.095005,-0.200160,3.113234,0.205275,0.032592,2.966920,0.051126,0.178462,3.008344,-0.243113,0.373965,3.486166,-0.009359,0.418991,3.273031,-0.032880,0.651066,3.084117,-0.546386,0.464466,3.589161,-0.326340,0.963817,3.141552,-0.504661,0.988931,3.635847
806,-0.404193,0.057140,3.610258,-0.345240,-0.078148,3.637393,-0.215850,-0.257470,3.460317,0.095719,-0.202184,3.112417,0.206452,0.037097,2.965559,0.050602,0.182676,3.006131,-0.244539,0.378598,3.482178,-0.008422,0.421814,3.271487,-0.016507,0.661700,3.098746,-0.547401,0.507917,3.569976,-0.325640,0.972902,3.147900,-0.508596,0.993841,3.633686
807,-0.408706,0.063482,3.609997,-0.348445,-0.082383,3.631309,-0.217754,-0.252519,3.460152,0.093981,-0.200747,3.113704,0.210670,0.039489,2.979854,0.049952,0.184289,3.011561,-0.245430,0.386371,3.484460,-0.017484,0.428245,3.273809,-0.109756,0.721550,3.149061,-0.550505,0.566474,3.516623,-0.386099,1.007574,3.172659,-0.536819,1.026289,3.608814
808,-0.415200,0.058042,3.607376,-0.349920,-0.076288,3.634296,-0.218785,-0.255587,3.458571,0.089447,-0.202617,3.113426,0.212364,0.036706,2.973567,0.054039,0.182898,3.007944,-0.252411,0.387049,3.480983,-0.008636,0.424789,3.267723,0.054661,0.787968,3.156088,-0.564820,0.563764,3.527478,-0.276415,1.051174,3.158436,-0.548678,0.996717,3.616950
809,-0.418405,0.059856,3.612516,-0.350140,-0.075816,3.634730,-0.218541,-0.258652,3.459953,0.082026,-0.203448,3.113710,0.206487,0.040419,2.971426,0.054009,0.181454,3.007722,-0.253564,0.392339,3.492860,-0.020273,0.429120,3.272730,-0.053089,0.800881,3.207573,-0.563540,0.574776,3.538468,-0.346455,1.058811,3.207350,-0.545819,1.016656,3.621772
810,-0.422356,0.056930,3.601784,-0.354331,-0.080347,3.628922,-0.225781,-0.260837,3.460281,0.077887,-0.203380,3.107496,0.203630,0.038536,2.960234,0.053905,0.183848,3.003450,-0.259920,0.380312,3.489833,-0.021497,0.421093,3.268083,0.030898,0.780984,3.146631,-0.578983,0.575154,3.549748,-0.264222,1.070970,3.158316,-0.563912,1.002867,3.624388
811,-0.422460,0.059420,3.610465,-0.347245,-0.083085,3.633475,-0.235482,-0.263203,3.457484,0.070123,-0.205674,3.104071,0.203355,0.037735,2.978187,0.054491,0.189032,3.009845,-0.266194,0.378267,3.490366,-0.039855,0.422044,3.276030,-0.110178,0.771359,3.193269,-0.577800,0.603274,3.503852,-0.355337,1.037827,3.154598,-0.487623,1.026093,3.595415
812,-0.423889,0.066097,3.610885,-0.347059,-0.073343,3.631165,-0.240236,-0.262033,3.458926,0.062594,-0.209797,3.107207,0.202258,0.042433,2.974348,0.049504,0.194164,3.012943,-0.273648,0.389742,3.499758,-0.063439,0.438352,3.283799,-0.249168,0.799998,3.227210,-0.615863,0.635973,3.468948,-0.421598,1.021778,3.221899,-0.519147,1.006079,3.518609
813,-0.425521,0.070857,3.608546,-0.351765,-0.082848,3.626242,-0.244915,-0.269977,3.459686,0.050628,-0.211602,3.105692,0.199204,0.042809,2.980079,0.040797,0.197665,3.011260,-0.271069,0.382861,3.494038,-0.070830,0.435548,3.287568,-0.370410,0.755339,3.222687,-0.605467,0.664708,3.478049,-0.454478,1.000767,3.216147,-0.541543,1.045032,3.540197
814,-0.428384,0.060361,3.602684,-0.350595,-0.081578,3.621726,-0.254134,-0.270023,3.449307,0.049601,-0.220248,3.106895,0.188089,0.039740,2.988345,0.043704,0.201097,3.010530,-0.280880,0.376136,3.486227,-0.072638,0.426888,3.286873,-0.263403,0.775622,3.204358,-0.613128,0.616618,3.462853,-0.433306,1.051658,3.210877,-0.599047,1.027971,3.521847
815,-0.422431,0.050207,3.594025,-0.350707,-0.090258,3.603571,-0.258019,-0.285869,3.434367,0.038475,-0.234174,3.100156,0.183325,0.030616,2.991727,0.047210,0.193025,3.018887,-0.278362,0.374762,3.477605,-0.071082,0.418424,3.283415,-0.223559,0.744796,3.174274,-0.619791,0.593307,3.444790,-0.434553,1.000243,3.196084,-0.555719,1.011796,3.529108
816,-0.425026,0.045723,3.596713,-0.353974,-0.089953,3.614452,-0.270470,-0.287909,3.437560,0.032701,-0.232391,3.099953,0.179326,0.024559,2.994852,0.047517,0.188904,3.014344,-0.276243,0.378071,3.479495,-0.075956,0.420294,3.286667,-0.279495,0.747664,3.199550,-0.611114,0.593172,3.451322,-0.478459,1.017273,3.202274,-0.578570,1.004350,3.522065
817,-0.424636,0.041824,3.593869,-0.355501,-0.099873,3.611594,-0.272555,-0.287367,3.438471,0.032293,-0.228573,3.099908,0.175710,0.022560,2.992767,0.043519,0.187870,3.016862,-0.277057,0.381900,3.479819,-0.080037,0.428957,3.279272,-0.289713,0.735273,3.144134,-0.620902,0.612079,3.439466,-0.456101,1.001941,3.168399,-0.557539,1.010461,3.507406
818,-0.431064,0.056435,3.603620,-0.356718,-0.099698,3.625959,-0.294845,-0.295814,3.437337,0.009092,-0.234719,3.078763,0.172807,0.010314,3.000534,0.043526,0.192488,3.019981,-0.287769,0.359807,3.476870,-0.108154,0.416365,3.277032,-0.422517,0.636464,3.112338,-0.628267,0.554963,3.494122,-0.492701,0.969395,3.165301,-0.566511,0.980096,3.596337
819,-0.432346,0.058714,3.600093,-0.370604,-0.104654,3.634104,-0.313393,-0.299636,3.427363,0.005742,-0.229074,3.076392,0.171346,-0.003817,3.003021,0.041021,0.197461,3.029532,-0.308274,0.375136,3.475617,-0.115193,0.425917,3.271490,-0.395640,0.688005,3.122666,-0.623748,0.557482,3.465817,-0.452367,0.938123,3.173440,-0.583469,0.975998,3.566348
820,-0.429100,0.071863,3.604803,-0.371018,-0.102859,3.627106,-0.326604,-0.302556,3.430977,0.004033,-0.220903,3.075397,0.172283,-0.008501,3.001223,0.046668,0.200972,3.028804,-0.315578,0.375295,3.470563,-0.127706,0.426263,3.267165,-0.429630,0.698936,3.090616,-0.613517,0.569410,3.464228,-0.440303,0.936628,3.165323,-0.543185,0.961174,3.564536
821,-0.432058,0.066691,3.598507,-0.383247,-0.089146,3.629089,-0.334641,-0.298855,3.425472,-0.007274,-0.215871,3.073621,0.175939,-0.014869,2.995438,0.045724,0.199969,3.023458,-0.311466,0.361189,3.465259,-0.118578,0.425913,3.255786,-0.414315,0.663071,3.066679,-0.608069,0.470808,3.512285,-0.420059,0.892092,3.137106,-0.511159,0.893821,3.590078
822,-0.429023,0.076399,3.601018,-0.351800,-0.090197,3.646975,-0.353038,-0.298417,3.438691,-0.021631,-0.214440,3.034192,0.172624,-0.026388,2.994511,0.047481,0.201068,3.020923,-0.318881,0.372042,3.470810,-0.132836,0.424905,3.243769,-0.456971,0.630239,3.060167,-0.626043,0.475746,3.499631,-0.503315,0.868613,3.141005,-0.598954,0.853068,3.528763
823,-0.431625,0.083832,3.617802,-0.403720,-0.138241,3.668688,-0.407051,-0.338220,3.425397,-0.062737,-0.266401,3.005440,0.140943,-0.057802,2.945535,0.049985,0.204105,3.008584,-0.338668,0.348657,3.441640,-0.156190,0.403224,3.191258,-0.425550,0.717497,3.097926,-0.616221,0.593638,3.400327,-0.401674,0.909367,3.152736,-0.540459,0.925363,3.455174
824,-0.460776,0.071402,3.615773,-0.439274,-0.148838,3.663939,-0.426338,-0.354734,3.429998,-0.076300,-0.301751,3.013316,0.141758,-0.070987,2.945731,0.043553,0.205796,3.025238,-0.322554,0.331757,3.459108,-0.119376,0.384221,3.223714,-0.372208,0.719655,3.154821,-0.614737,0.581464,3.433595,-0.465084,0.986848,3.189813,-0.594820,0.984180,3.489306
825,-0.444426,0.074192,3.629405,-0.413245,-0.158213,3.661095,-0.413307,-0.358405,3.424327,-0.073063,-0.303573,3.011773,0.132358,-0.079474,2.942157,0.046608,0.204415,3.021006,-0.318889,0.335427,3.467650,-0.128697,0.381286,3.234421,-0.387517,0.700015,3.149175,-0.620495,0.533964,3.448568,-0.435862,0.936022,3.219548,-0.580573,0.885750,3.475001
826,-0.462711,0.102278,3.612269,-0.447835,-0.151225,3.639158,-0.442950,-0.400125,3.418235,-0.062349,-0.343080,2.998080,0.095565,-0.079558,2.946659,0.038093,0.209299,3.004246,-0.331706,0.325004,3.458319,-0.106406,0.368039,3.214303,-0.295955,0.748849,3.147530,-0.642131,0.610284,3.457851,-0.309218,0.855015,3.211294,-0.362133,0.823245,3.527910
827,-0.457398,0.065686,3.595955,-0.445145,-0.161264,3.586295,-0.442213,-0.462303,3.416326,-0.054445,-0.394198,2.984824,0.090555,-0.071157,2.964463,0.035728,0.213937,3.015525,-0.329297,0.271897,3.468055,-0.103261,0.343042,3.203796,-0.410746,0.829152,3.184169,-0.637343,0.702929,3.489738,-0.416813,0.912476,3.240545,-0.481422,0.885397,3.621977
828,-0.446590,0.058389,3.587680,-0.421515,-0.211257,3.573258,-0.439056,-0.524633,3.399764,-0.047313,-0.437226,2.986862,0.069970,-0.068952,2.963875,0.030074,0.208317,3.014949,-0.346832,0.261092,3.450069,-0.117535,0.315721,3.211225,-0.425361,0.830131,3.190858,-0.605338,0.774267,3.488894,-0.367025,0.995855,3.272677,-0.477075,0.914682,3.617315
829,-0.428597,0.081483,3.589685,-0.427169,-0.203117,3.571424,-0.433110,-0.559509,3.399811,-0.044118,-0.483133,2.968548,0.064841,-0.061590,2.963455,0.037956,0.218812,3.012167,-0.337826,0.267149,3.466222,-0.114460,0.316889,3.212400,-0.402383,0.816507,3.194766,-0.576155,0.712121,3.501008,-0.412985,0.911768,3.237309,-0.469160,0.875317,3.607481
830,-0.444406,0.074114,3.598634,-0.415308,-0.187429,3.549745,-0.419090,-0.555916,3.401335,-0.046331,-0.491854,2.974965,0.060675,-0.081730,2.975831,0.039960,0.226600,3.000115,-0.326655,0.252621,3.459979,-0.112473,0.302879,3.198470,-0.397200,0.820873,3.194710,-0.545185,0.713846,3.498459,-0.429171,0.992483,3.273559,-0.494708,0.950957,3.603987
831,-0.448348,0.079694,3.596717,-0.411559,-0.208860,3.512012,-0.413503,-0.581737,3.390062,-0.039396,-0.512079,2.987366,0.058504,-0.099281,3.003844,0.045593,0.233095,3.015997,-0.331747,0.223003,3.449152,-0.111127,0.268937,3.198790,-0.359872,0.823814,3.243575,-0.542247,0.678628,3.480166,-0.451476,0.992686,3.297925,-0.504987,0.928191,3.563219
832,-0.455093,0.119424,3.595215,-0.400858,-0.224869,3.508692,-0.395051,-0.637233,3.387075,-0.048968,-0.563255,2.976960,0.024885,-0.125824,3.001088,0.042498,0.231897,3.008801,-0.334040,0.201908,3.452407,-0.144030,0.248083,3.196285,-0.352366,0.725578,3.233144,-0.535814,0.644405,3.474155,-0.417659,1.079988,3.304927,-0.529514,1.005819,3.553617
833,-0.445572,0.115738,3.598592,-0.389971,-0.214487,3.522477,-0.388619,-0.644576,3.392528,-0.058101,-0.564058,2.973691,0.021595,-0.118001,2.997725,0.047583,0.234453,3.001432,-0.345410,0.230874,3.451230,-0.168347,0.279493,3.181745,-0.480738,0.741381,3.175092,-0.595005,0.648119,3.442486,-0.508128,1.102292,3.294667,-0.609253,1.064983,3.539582
834,-0.440959,0.126170,3.600209,-0.373669,-0.226181,3.511006,-0.379386,-0.660169,3.390310,-0.049074,-0.582238,2.986307,0.023786,-0.130338,3.017017,0.040976,0.225577,3.027510,-0.338672,0.218632,3.446756,-0.157209,0.261801,3.183120,-0.432783,0.732002,3.171660,-0.544375,0.638609,3.426465,-0.490653,1.052508,3.291125,-0.553364,1.051415,3.503832
835,-0.451640,0.099075,3.592134,-0.380436,-0.249306,3.509360,-0.386216,-0.671621,3.386446,-0.053062,-0.586512,2.990946,0.017047,-0.144004,3.018269,0.037085,0.212491,3.028429,-0.344559,0.206280,3.460073,-0.164513,0.247460,3.192877,-0.394800,0.718273,3.195074,-0.527367,0.654558,3.464328,-0.429510,1.076487,3.316972,-0.505085,1.029216,3.543117
836,-0.443320,0.105968,3.595701,-0.370012,-0.243534,3.514476,-0.366507,-0.661295,3.388330,-0.053410,-0.583772,2.993286,0.021947,-0.144313,3.018254,0.031213,0.211662,3.035416,-0.328985,0.209810,3.462926,-0.149106,0.248791,3.188643,-0.407393,0.765569,3.205829,-0.532806,0.676146,3.450000,-0.408375,1.128831,3.295255,-0.495961,1.081216,3.535283
837,-0.459698,0.104629,3.597496,-0.384077,-0.234554,3.514119,-0.372690,-0.650344,3.389501,-0.051508,-0.576166,2.991911,0.020032,-0.146202,3.010163,0.027704,0.214841,3.026958,-0.336946,0.205816,3.465771,-0.158551,0.255269,3.192318,-0.385976,0.772808,3.213649,-0.567977,0.615810,3.469609,-0.430410,1.179967,3.299547,-0.578905,1.105904,3.533676
838,-0.464448,0.090950,3.595163,-0.382926,-0.242679,3.511184,-0.370256,-0.652073,3.396694,-0.056886,-0.563994,2.991801,0.020864,-0.142251,3.014120,0.030826,0.218735,3.027104,-0.341598,0.212900,3.465178,-0.172152,0.267784,3.189880,-0.424105,0.765972,3.206569,-0.572660,0.644948,3.472171,-0.446346,1.140456,3.292737,-0.561831,1.068135,3.557150
839,-0.458602,0.103117,3.595344,-0.387643,-0.224215,3.512229,-0.378627,-0.633671,3.398637,-0.054182,-0.560295,2.989808,0.025597,-0.132760,3.015166,0.042295,0.216323,3.022526,-0.347565,0.215889,3.453852,-0.161081,0.265351,3.186314,-0.475809,0.786541,3.190985,-0.550093,0.688403,3.458069,-0.436312,1.056469,3.307545,-0.507340,1.034650,3.545286
840,-0.444903,0.132670,3.596286,-0.392913,-0.183659,3.521274,-0.388402,-0.612026,3.402088,-0.049075,-0.557147,2.998856,0.027806,-0.133075,3.015304,0.035675,0.215147,3.036725,-0.345948,0.235559,3.454738,-0.149968,0.274661,3.192252,-0.424331,0.810887,3.202852,-0.550016,0.747836,3.441943,-0.417238,1.088439,3.293586,-0.540572,1.032465,3.525214
841,-0.452851,0.125514,3.600548,-0.400280,-0.185917,3.559611,-0.382306,-0.600005,3.407313,-0.047151,-0.531316,2.997459,0.026719,-0.118753,2.998793,0.042300,0.221008,3.026730,-0.343123,0.245948,3.465163,-0.147808,0.285276,3.207652,-0.461783,0.805551,3.214602,-0.565262,0.724543,3.473517,-0.459646,1.043681,3.290816,-0.575029,1.007999,3.534393
842,-0.441733,0.133789,3.611828,-0.421769,-0.159449,3.560498,-0.408782,-0.564874,3.410037,-0.038347,-0.495828,3.004270,0.057478,-0.080294,3.003941,0.042638,0.239425,3.036370,-0.318084,0.270210,3.483995,-0.114462,0.301320,3.217511,-0.450800,0.805112,3.220429,-0.567834,0.662231,3.511638,-0.399063,1.015628,3.304772,-0.495844,0.933979,3.574883
843,-0.447474,0.088506,3.605872,-0.419366,-0.160774,3.554212,-0.411842,-0.557493,3.411914,-0.044090,-0.487638,3.009071,0.058893,-0.086977,3.012165,0.043280,0.231034,3.033103,-0.331711,0.253698,3.484392,-0.120213,0.296812,3.229904,-0.423044,0.810710,3.282743,-0.546702,0.682584,3.525131,-0.446615,0.948195,3.339517,-0.509375,0.888616,3.601634
844,-0.452070,0.072866,3.606288,-0.426175,-0.151450,3.601472,-0.413625,-0.531964,3.420117,-0.027127,-0.467288,2.998868,0.085807,-0.074049,2.963695,0.041094,0.229629,3.005008,-0.326314,0.289761,3.474561,-0.107354,0.326810,3.208689,-0.414482,0.811309,3.218889,-0.568187,0.685662,3.506196,-0.382860,1.002666,3.313708,-0.443560,0.959150,3.615739
845,-0.449182,0.050896,3.594657,-0.427215,-0.159050,3.593188,-0.412762,-0.508853,3.416456,-0.021666,-0.448579,3.002259,0.088364,-0.068427,2.965303,0.044890,0.223919,3.008881,-0.331812,0.296345,3.473074,-0.090889,0.341194,3.217072,-0.340607,0.831729,3.203335,-0.536402,0.718890,3.541603,-0.383911,0.933162,3.285289,-0.477504,0.897321,3.614621
846,-0.457023,0.050776,3.600998,-0.431211,-0.184672,3.617343,-0.409312,-0.467994,3.419557,-0.027751,-0.412545,3.000993,0.098736,-0.068205,2.942249,0.041219,0.217682,3.003715,-0.332345,0.307080,3.482470,-0.117009,0.370955,3.216449,-0.378188,0.818822,3.194480,-0.597298,0.684157,3.498045,-0.434250,1.010660,3.269128,-0.548356,0.975378,3.593582
847,-0.454151,0.051683,3.596060,-0.425629,-0.168576,3.609099,-0.411913,-0.442948,3.414827,-0.010688,-0.385887,3.000418,0.099921,-0.066209,2.952314,0.036277,0.228035,3.009775,-0.328875,0.321599,3.491120,-0.102024,0.384711,3.228330,-0.363501,0.842046,3.198160,-0.584188,0.712783,3.516157,-0.442694,0.985962,3.263104,-0.521434,0.954567,3.619331
848,-0.452108,0.044019,3.596262,-0.434896,-0.186907,3.606753,-0.406215,-0.437609,3.410451,-0.020845,-0.380002,3.010866,0.096798,-0.072827,2.952807,0.037766,0.220261,3.002888,-0.330201,0.304934,3.453057,-0.113107,0.359272,3.212385,-0.376229,0.821556,3.170140,-0.589972,0.683300,3.480102,-0.407810,1.008478,3.221893,-0.501249,0.997537,3.592219
849,-0.450415,0.046574,3.600416,-0.436905,-0.148839,3.609929,-0.404200,-0.439679,3.408197,-0.016070,-0.375118,3.002916,0.112890,-0.073402,2.954995,0.040445,0.217015,3.004902,-0.324033,0.319806,3.466385,-0.092966,0.365866,3.215191,-0.310691,0.811041,3.183611,-0.613275,0.664545,3.489670,-0.437564,1.044002,3.222814,-0.511419,1.062742,3.592227
850,-0.442005,0.064848,3.609002,-0.426581,-0.135926,3.642090,-0.384591,-0.411375,3.417640,-0.015160,-0.352971,3.021660,0.135878,-0.070128,2.939378,0.036801,0.209703,2.998811,-0.324329,0.359319,3.471059,-0.111417,0.403247,3.230473,-0.342100,0.827913,3.202364,-0.611876,0.686603,3.476809,-0.506773,1.033476,3.239859,-0.605446,1.025094,3.547913
851,-0.433355,0.078783,3.614363,-0.432879,-0.095637,3.662742,-0.372068,-0.365359,3.429900,-0.025846,-0.316300,3.066747,0.163003,-0.066453,2.922251,0.042658,0.201273,3.006665,-0.313371,0.363182,3.485944,-0.107172,0.417794,3.250700,-0.349002,0.799392,3.201516,-0.618033,0.655652,3.496075,-0.462225,1.041534,3.281272,-0.491254,1.070408,3.584783
852,-0.438853,0.066688,3.606005,-0.414641,-0.090201,3.649950,-0.367012,-0.341180,3.428923,-0.017711,-0.289513,3.050303,0.146324,-0.063999,2.921966,0.035450,0.200444,3.009628,-0.298704,0.351638,3.473757,-0.104902,0.405207,3.228302,-0.395283,0.730224,3.055984,-0.615138,0.610077,3.510129,-0.414726,1.011763,3.137736,-0.525399,1.028391,3.608119
853,-0.429645,0.073267,3.605392,-0.392327,-0.104522,3.645764,-0.375406,-0.329805,3.424485,-0.022341,-0.279493,3.051670,0.151247,-0.060956,2.924064,0.045866,0.200223,3.010550,-0.307204,0.338897,3.471696,-0.099032,0.396945,3.236974,-0.370522,0.728536,3.082880,-0.662390,0.572783,3.498816,-0.332195,0.840497,3.130053,-0.459089,0.866873,3.630853
854,-0.432501,0.082671,3.605793,-0.376982,-0.085413,3.638844,-0.342240,-0.321107,3.415003,0.005264,-0.268518,3.063015,0.190460,-0.040265,2.946628,0.040399,0.210644,3.000746,-0.293500,0.360233,3.488995,-0.081253,0.413288,3.258299,-0.358725,0.745724,3.199574,-0.613797,0.604490,3.498160,-0.399851,0.960081,3.234741,-0.488171,1.023075,3.604898
855,-0.432833,0.074162,3.603553,-0.384871,-0.080688,3.633143,-0.331678,-0.305536,3.414955,0.009486,-0.238489,3.047433,0.188111,-0.031970,2.960699,0.044652,0.213193,3.012695,-0.301044,0.359537,3.508173,-0.100236,0.422108,3.274645,-0.413418,0.769073,3.185213,-0.655073,0.645000,3.535218,-0.436592,0.997249,3.232680,-0.512830,1.039992,3.685372
856,-0.435755,0.069594,3.599038,-0.396077,-0.085409,3.630004,-0.331917,-0.307310,3.420614,0.012730,-0.249909,3.056973,0.196207,-0.025878,2.962117,0.046230,0.205689,3.002306,-0.314945,0.365559,3.498543,-0.106172,0.417963,3.269830,-0.401129,0.758893,3.208976,-0.689340,0.624586,3.494102,-0.444254,1.041331,3.234412,-0.550793,1.041582,3.625275
857,-0.442314,0.079582,3.600840,-0.372219,-0.092797,3.632610,-0.315962,-0.303677,3.421779,0.021460,-0.259597,3.051543,0.191919,-0.028399,2.966938,0.049599,0.202751,3.001830,-0.305192,0.356979,3.490091,-0.097396,0.412440,3.264393,-0.415613,0.727180,3.200709,-0.644828,0.608399,3.500433,-0.410841,1.013620,3.206110,-0.494290,1.037685,3.651846
858,-0.441839,0.074304,3.598220,-0.366950,-0.114666,3.629921,-0.295452,-0.300657,3.419255,0.042111,-0.242748,3.057439,0.178465,-0.021025,2.979194,0.047962,0.198951,3.006881,-0.305360,0.381806,3.491890,-0.085611,0.426398,3.266179,-0.291332,0.782186,3.220725,-0.668983,0.652285,3.488737,-0.316690,0.997005,3.269526,-0.361081,1.003002,3.678960
859,-0.421535,0.075216,3.597881,-0.363233,-0.111179,3.625656,-0.260046,-0.278812,3.417601,0.064606,-0.208123,3.060220,0.179275,0.017918,2.992002,0.049160,0.204794,3.010019,-0.293680,0.373331,3.481921,-0.072981,0.430284,3.268085,-0.202591,0.804332,3.227443,-0.604655,0.610047,3.509017,-0.309861,0.988167,3.260438,-0.377430,0.989156,3.676755
860,-0.417677,0.070707,3.592536,-0.346352,-0.107084,3.621568,-0.246630,-0.288622,3.410054,0.070972,-0.203190,3.060959,0.185183,0.030773,2.994580,0.053307,0.193409,3.011231,-0.284388,0.367090,3.486268,-0.063370,0.426840,3.277280,-0.177048,0.798891,3.258878,-0.602343,0.600889,3.508445,-0.340070,0.996364,3.287881,-0.430078,0.992317,3.672372
861,-0.422555,0.069655,3.599037,-0.342586,-0.116756,3.623717,-0.221095,-0.293388,3.423831,0.082959,-0.204999,3.064830,0.182594,0.038728,2.992376,0.054016,0.192008,3.013496,-0.280866,0.361564,3.489352,-0.062731,0.423670,3.278736,-0.159832,0.778531,3.251960,-0.597986,0.594746,3.512047,-0.320098,0.995356,3.250224,-0.427938,0.979689,3.659280
862,-0.421691,0.068781,3.596907,-0.347870,-0.101210,3.620840,-0.227568,-0.280306,3.430230,0.084539,-0.204858,3.076467,0.198258,0.039174,2.974993,0.058714,0.189061,3.003512,-0.276993,0.372101,3.480255,-0.055285,0.423387,3.277002,-0.164082,0.788750,3.271295,-0.597717,0.618654,3.497578,-0.277187,1.031344,3.283400,-0.382691,1.011636,3.659739
863,-0.421461,0.072252,3.598046,-0.334746,-0.094914,3.621191,-0.219681,-0.274088,3.433832,0.086960,-0.208963,3.079606,0.203071,0.041175,2.980256,0.061575,0.188333,3.004682,-0.269749,0.363745,3.482070,-0.051174,0.423273,3.281900,-0.155822,0.798183,3.272052,-0.597109,0.606727,3.484895,-0.317873,0.977812,3.260028,-0.388470,0.942718,3.628874
864,-0.415969,0.066346,3.597924,-0.330284,-0.096848,3.621213,-0.202824,-0.276176,3.431851,0.099019,-0.192773,3.078535,0.206941,0.053716,2.975846,0.057188,0.181478,3.005571,-0.265829,0.359161,3.489811,-0.051053,0.426830,3.286923,-0.218825,0.808395,3.248909,-0.613269,0.628017,3.511334,-0.334555,1.043027,3.284366,-0.450179,1.028063,3.664871
865,-0.420213,0.069701,3.595599,-0.344516,-0.095903,3.619381,-0.207858,-0.268706,3.435268,0.106704,-0.188641,3.079762,0.207418,0.054679,2.972469,0.057903,0.180968,3.004085,-0.270074,0.370860,3.491700,-0.045188,0.432143,3.286909,-0.158289,0.824620,3.251709,-0.598253,0.644167,3.500029,-0.327544,1.073049,3.265091,-0.469954,1.082543,3.625578
866,-0.429811,0.065522,3.602163,-0.345891,-0.094110,3.629228,-0.205664,-0.266086,3.436554,0.105947,-0.188876,3.093763,0.207888,0.054721,2.979537,0.058782,0.183223,3.010180,-0.277573,0.368533,3.505135,-0.062603,0.424560,3.291988,-0.257202,0.810881,3.206412,-0.645947,0.612121,3.535117,-0.378245,1.035832,3.250128,-0.458849,1.032110,3.657995
867,-0.430347,0.060555,3.595855,-0.347669,-0.099985,3.635059,-0.206002,-0.262082,3.434598,0.108370,-0.182492,3.085983,0.205149,0.058490,2.974229,0.055729,0.194821,3.010158,-0.272110,0.379848,3.506219,-0.042187,0.432384,3.294974,-0.150388,0.821566,3.216937,-0.634276,0.653597,3.531601,-0.253639,1.111627,3.302420,-0.458711,1.047635,3.643945
868,-0.431910,0.062306,3.602149,-0.350594,-0.098278,3.636609,-0.208367,-0.257645,3.437875,0.109356,-0.183329,3.083238,0.208457,0.057825,2.978486,0.061753,0.196041,3.010393,-0.276527,0.381656,3.513002,-0.049667,0.433502,3.299760,-0.162015,0.801769,3.199494,-0.645251,0.649926,3.580650,-0.280519,1.065714,3.236080,-0.411673,1.043783,3.727499
869,-0.417167,0.056317,3.604075,-0.338250,-0.101225,3.632904,-0.200239,-0.264709,3.436418,0.108791,-0.186967,3.083648,0.207838,0.055738,2.969421,0.056333,0.194124,3.006067,-0.273244,0.361694,3.513496,-0.069146,0.427246,3.298235,-0.354262,0.771701,3.181704,-0.626188,0.585364,3.574976,-0.377808,1.011837,3.235749,-0.500182,1.011038,3.722219
870,-0.422934,0.049509,3.596288,-0.340519,-0.108966,3.626590,-0.191756,-0.273413,3.440684,0.109112,-0.184596,3.087408,0.208384,0.053506,2.978811,0.056420,0.193774,3.009459,-0.275149,0.353299,3.529168,-0.076778,0.424261,3.310751,-0.326519,0.782084,3.194150,-0.624137,0.570548,3.602720,-0.384861,0.988803,3.284104,-0.488933,0.993460,3.702660
871,-0.420720,0.063128,3.596281,-0.345734,-0.101154,3.636335,-0.200855,-0.274087,3.438654,0.110075,-0.183839,3.081598,0.208557,0.054041,2.975097,0.060109,0.197356,3.003665,-0.280144,0.346067,3.528710,-0.078274,0.426849,3.308653,-0.353054,0.745570,3.168376,-0.617488,0.590374,3.613692,-0.433686,1.028323,3.278533,-0.522939,1.059104,3.702327
872,-0.413335,0.062461,3.597846,-0.342602,-0.101470,3.633382,-0.196581,-0.276715,3.438815,0.109377,-0.183247,3.083001,0.207222,0.055976,2.977769,0.059429,0.201743,3.003921,-0.277370,0.349298,3.523776,-0.076621,0.424409,3.306278,-0.321727,0.772644,3.174384,-0.614682,0.586465,3.594512,-0.409030,1.035265,3.290604,-0.509231,1.024531,3.694694
873,-0.409945,0.062077,3.594645,-0.341435,-0.087258,3.635101,-0.201934,-0.270246,3.437894,0.096516,-0.193005,3.088515,0.202964,0.056574,2.975913,0.055569,0.199899,3.004333,-0.280524,0.344592,3.525839,-0.084426,0.422258,3.303239,-0.406902,0.726802,3.182778,-0.616617,0.583811,3.568212,-0.422052,1.017065,3.297855,-0.485243,1.007966,3.671327
874,-0.416046,0.061598,3.599110,-0.345711,-0.071616,3.633395,-0.217306,-0.261223,3.435250,0.093618,-0.181040,3.087565,0.205699,0.057068,2.979352,0.057975,0.197842,3.004674,-0.281295,0.359258,3.522339,-0.080957,0.433418,3.307348,-0.368246,0.727490,3.134057,-0.614717,0.592856,3.561591,-0.426661,1.022902,3.230353,-0.524879,1.022351,3.637581
875,-0.427145,0.070274,3.596885,-0.342927,-0.078784,3.626109,-0.208588,-0.268151,3.433428,0.091205,-0.182868,3.083965,0.204339,0.054469,2.998505,0.056105,0.196129,3.010596,-0.277974,0.358207,3.508955,-0.085247,0.433603,3.302790,-0.404909,0.729951,3.163001,-0.608150,0.618589,3.514639,-0.393222,0.991817,3.219691,-0.491696,1.011250,3.600938
876,-0.427747,0.067326,3.597708,-0.347044,-0.073672,3.629363,-0.223185,-0.266031,3.432002,0.082352,-0.191903,3.080431,0.194852,0.052457,2.996142,0.058231,0.193138,3.012588,-0.280438,0.356360,3.515140,-0.078158,0.429359,3.297927,-0.345451,0.730692,3.166024,-0.622871,0.618278,3.575249,-0.500552,1.023147,3.222486,-0.563539,1.031934,3.647640
877,-0.431816,0.067250,3.596906,-0.344542,-0.086229,3.626972,-0.218783,-0.274004,3.434090,0.083635,-0.189640,3.081262,0.196911,0.052162,2.996758,0.059049,0.192101,3.014888,-0.281551,0.366584,3.510693,-0.073779,0.436957,3.302434,-0.266276,0.786426,3.159127,-0.612659,0.614103,3.519507,-0.354863,0.963304,3.206886,-0.428472,0.983150,3.628562
878,-0.422842,0.068203,3.596128,-0.334971,-0.097672,3.624917,-0.216828,-0.269008,3.430185,0.079833,-0.190211,3.079460,0.194049,0.051305,2.993106,0.054733,0.195330,3.025316,-0.274501,0.377898,3.509262,-0.072521,0.439824,3.292952,-0.250580,0.792630,3.166330,-0.611811,0.621744,3.534888,-0.309760,0.915966,3.228582,-0.397512,0.949621,3.655095
879,-0.422252,0.052529,3.595151,-0.330754,-0.099379,3.618006,-0.235515,-0.273383,3.427159,0.063640,-0.199521,3.074573,0.188134,0.047777,3.009164,0.050645,0.192593,3.012427,-0.295843,0.371928,3.502241,-0.092037,0.433802,3.287143,-0.338480,0.768999,3.160968,-0.617961,0.595817,3.486065,-0.374297,0.951416,3.196216,-0.460334,0.944368,3.586333
880,-0.424579,0.062997,3.593495,-0.357842,-0.093831,3.604355,-0.272755,-0.267640,3.414202,0.049975,-0.198454,3.067950,0.183395,0.039978,3.004870,0.045855,0.193786,3.019680,-0.285958,0.376452,3.483080,-0.076563,0.435890,3.275660,-0.344397,0.745454,3.143486,-0.604585,0.562751,3.484710,-0.336941,0.895780,3.193757,-0.420226,0.889294,3.615177
881,-0.423484,0.070407,3.599774,-0.364982,-0.083670,3.612710,-0.306546,-0.271988,3.413643,0.029504,-0.197841,3.076718,0.181394,0.013008,3.004931,0.050642,0.201265,3.015412,-0.291974,0.396114,3.478279,-0.089849,0.434895,3.270303,-0.349903,0.710653,3.132961,-0.599357,0.589774,3.449437,-0.404031,0.965792,3.209784,-0.509509,0.939667,3.518768
882,-0.425724,0.067778,3.593115,-0.368586,-0.083670,3.629520,-0.312919,-0.279097,3.412219,0.020003,-0.193593,3.050698,0.168035,0.005124,3.018384,0.043216,0.206880,3.022691,-0.286244,0.364018,3.484340,-0.089911,0.422613,3.267603,-0.389716,0.652313,3.138178,-0.597342,0.537893,3.482933,-0.480975,0.897042,3.186635,-0.568487,0.902741,3.557073
883,-0.425599,0.069823,3.615299,-0.370723,-0.114204,3.648783,-0.315158,-0.292110,3.411799,0.021489,-0.203604,3.024048,0.171703,-0.008491,2.997023,0.048424,0.203662,3.025789,-0.302048,0.351875,3.474990,-0.102183,0.410673,3.263533,-0.375108,0.649026,3.158596,-0.599224,0.445903,3.455490,-0.386812,0.812627,3.209660,-0.450018,0.761239,3.524533
884,-0.439030,0.072933,3.609951,-0.377423,-0.133081,3.669681,-0.333117,-0.313222,3.435313,0.014862,-0.228728,3.027086,0.174054,-0.043270,2.941893,0.039812,0.197339,3.017129,-0.309154,0.327354,3.462693,-0.116156,0.380332,3.224417,-0.387068,0.640996,3.039463,-0.621115,0.506495,3.456389,-0.374705,0.799644,3.042550,-0.501507,0.843507,3.595711
885,-0.431552,0.065024,3.605170,-0.363923,-0.140278,3.661386,-0.343005,-0.316546,3.439690,0.011404,-0.241809,3.031090,0.161650,-0.065318,2.944034,0.036874,0.191059,3.012264,-0.303606,0.320216,3.459748,-0.111629,0.359894,3.222389,-0.384059,0.625324,3.078723,-0.620027,0.486702,3.452953,-0.429424,0.835519,3.099998,-0.542402,0.855310,3.563367
886,-0.433284,0.086550,3.606860,-0.398116,-0.112323,3.663335,-0.374003,-0.310973,3.411595,-0.030426,-0.270517,3.020086,0.164152,-0.063055,2.939101,0.045776,0.192108,3.008476,-0.308035,0.322392,3.442572,-0.112529,0.356778,3.211390,-0.405862,0.620753,3.098456,-0.605021,0.501529,3.442275,-0.507738,0.869134,3.159267,-0.609604,0.898931,3.518659
887,-0.437959,0.073118,3.602357,-0.406452,-0.135051,3.658470,-0.385002,-0.328545,3.401916,-0.044347,-0.283514,3.024865,0.154664,-0.060504,2.941719,0.040562,0.194814,3.020139,-0.303628,0.317522,3.435335,-0.110095,0.356523,3.250467,-0.318609,0.668218,3.171169,-0.610483,0.527924,3.455428,-0.381037,0.859181,3.238109,-0.451048,0.811933,3.532489
888,-0.431310,0.081750,3.613667,-0.403976,-0.135204,3.653182,-0.402204,-0.353304,3.433412,-0.056986,-0.307929,3.008501,0.136690,-0.079536,2.929743,0.050029,0.198585,3.005577,-0.311671,0.315344,3.472797,-0.102951,0.363532,3.223336,-0.347765,0.702136,3.140992,-0.618263,0.543144,3.492570,-0.430692,0.886511,3.203503,-0.534606,0.892906,3.582161
889,-0.437111,0.072616,3.603686,-0.398666,-0.128307,3.633804,-0.422970,-0.385176,3.431140,-0.063981,-0.343143,2.990537,0.126207,-0.083207,2.944507,0.042792,0.200604,3.013932,-0.299519,0.289444,3.476265,-0.109846,0.358759,3.214868,-0.366349,0.710820,3.171909,-0.624834,0.548085,3.515119,-0.447765,0.966929,3.217962,-0.549427,0.950819,3.592734
890,-0.439317,0.104552,3.601892,-0.456972,-0.135919,3.621783,-0.443152,-0.423771,3.406448,-0.047690,-0.386206,2.989784,0.086936,-0.081768,2.961719,0.032735,0.209259,3.023974,-0.328386,0.302192,3.452385,-0.102093,0.351912,3.216307,-0.314844,0.791400,3.170754,-0.675131,0.663246,3.479286,-0.383388,0.971384,3.212444,-0.452225,0.948053,3.608230
891,-0.466333,0.060622,3.595397,-0.437412,-0.154843,3.619211,-0.430992,-0.454327,3.400896,-0.067261,-0.411436,2.980065,0.078993,-0.089837,2.965142,0.036505,0.205150,3.014138,-0.331962,0.289960,3.461520,-0.110654,0.342625,3.222541,-0.379349,0.786488,3.172631,-0.638973,0.665309,3.508702,-0.370193,0.866732,3.234100,-0.467243,0.812524,3.594378
892,-0.454029,0.051351,3.593938,-0.437988,-0.173378,3.574367,-0.433357,-0.487665,3.409506,-0.063166,-0.436218,2.984221,0.072354,-0.092075,2.988093,0.035067,0.209291,3.010590,-0.330994,0.281231,3.466695,-0.101649,0.334993,3.214811,-0.284742,0.816454,3.200231,-0.632149,0.675312,3.484435,-0.457656,0.989702,3.242226,-0.493594,0.990946,3.597497
893,-0.464290,0.049132,3.593823,-0.438195,-0.203160,3.561683,-0.434315,-0.513029,3.404703,-0.051229,-0.447922,2.984513,0.077525,-0.079489,2.992334,0.027032,0.214827,3.012271,-0.336373,0.289052,3.470049,-0.102080,0.338939,3.208624,-0.367241,0.846631,3.213881,-0.635162,0.734801,3.470099,-0.493226,0.975830,3.290303,-0.536345,0.972496,3.591780
894,-0.453392,0.053453,3.595808,-0.431716,-0.212951,3.561239,-0.440300,-0.531638,3.399436,-0.051240,-0.470905,2.978254,0.078106,-0.079530,2.985486,0.034815,0.214565,3.006524,-0.332434,0.279962,3.472353,-0.100906,0.327523,3.213486,-0.354166,0.840355,3.186541,-0.566904,0.730756,3.498132,-0.390871,0.995781,3.269737,-0.430660,1.005194,3.628133
895,-0.453230,0.052198,3.597601,-0.438143,-0.198282,3.571397,-0.433268,-0.543386,3.404334,-0.050619,-0.491213,2.972457,0.064117,-0.086276,2.977231,0.037323,0.210290,3.001125,-0.337151,0.277573,3.483449,-0.107143,0.321916,3.219569,-0.280390,0.829880,3.206747,-0.569748,0.724306,3.512882,-0.531819,0.968738,3.249460,-0.542642,0.957692,3.616730
896,-0.451294,0.081551,3.602458,-0.430711,-0.186722,3.530229,-0.428633,-0.572729,3.395507,-0.045860,-0.522535,2.978775,0.055120,-0.104576,2.997597,0.040049,0.209650,3.016390,-0.336362,0.241337,3.476810,-0.101026,0.283633,3.208647,-0.316817,0.836098,3.223839,-0.590766,0.679447,3.488475,-0.418462,0.933119,3.272058,-0.487302,0.894968,3.589547
897,-0.457924,0.087137,3.591689,-0.418400,-0.197115,3.501350,-0.421887,-0.582211,3.388742,-0.057853,-0.531567,2.976967,0.050245,-0.111489,3.014252,0.041835,0.224092,3.033491,-0.346539,0.211424,3.475193,-0.133422,0.262834,3.215204,-0.424240,0.787677,3.255239,-0.611525,0.637622,3.482677,-0.521669,0.995299,3.303050,-0.623384,0.942045,3.534198
898,-0.456019,0.124150,3.596055,-0.392830,-0.200236,3.510372,-0.402407,-0.608475,3.390159,-0.047307,-0.566444,2.975636,0.034777,-0.127516,3.008658,0.041821,0.233255,3.026667,-0.343524,0.229390,3.484701,-0.120481,0.266688,3.215051,-0.367287,0.791002,3.239805,-0.582639,0.666726,3.490893,-0.450450,1.109865,3.307408,-0.511567,1.059919,3.571224
899,-0.451287,0.119293,3.595950,-0.410829,-0.204853,3.510353,-0.409793,-0.626516,3.387627,-0.044216,-0.566159,2.973022,0.036564,-0.129186,3.009128,0.045357,0.229326,3.025063,-0.347961,0.222592,3.482373,-0.119391,0.264840,3.218233,-0.335214,0.816680,3.262553,-0.498701,0.767740,3.518862,-0.385164,0.968366,3.361124,-0.464058,0.937891,3.609340
900,-0.457087,0.120537,3.588289,-0.409068,-0.205504,3.506660,-0.415345,-0.632611,3.386860,-0.039307,-0.551785,2.970777,0.037338,-0.124831,3.001635,0.047258,0.222571,3.022681,-0.343880,0.224503,3.469817,-0.114124,0.267000,3.206553,-0.339263,0.762794,3.226876,-0.528569,0.633563,3.493778,-0.298796,1.063973,3.312584,-0.457301,1.016500,3.555542
901,-0.452135,0.128304,3.592266,-0.396531,-0.203356,3.508401,-0.401417,-0.632800,3.383847,-0.039626,-0.557458,2.973250,0.032158,-0.127461,3.013419,0.041561,0.223855,3.020090,-0.350289,0.217220,3.445881,-0.145856,0.261074,3.180171,-0.388478,0.711766,3.172020,-0.507693,0.633607,3.442154,-0.390519,1.018862,3.289382,-0.500323,1.012812,3.530571
902,-0.457932,0.112170,3.592367,-0.402969,-0.221996,3.504546,-0.390855,-0.636586,3.383769,-0.046165,-0.566904,2.975710,0.019693,-0.146840,3.006014,0.044324,0.217509,3.027053,-0.336377,0.206998,3.462435,-0.140046,0.251037,3.200697,-0.277776,0.708950,3.245412,-0.504991,0.629613,3.517865,-0.343158,1.137186,3.335104,-0.496037,1.056860,3.594835
903,-0.465355,0.123636,3.593881,-0.407269,-0.216800,3.506484,-0.396527,-0.637023,3.384374,-0.039972,-0.562471,2.976752,0.031517,-0.138636,3.006433,0.039449,0.215851,3.031400,-0.334724,0.215629,3.465315,-0.135814,0.256423,3.201532,-0.273774,0.744627,3.247003,-0.492972,0.631023,3.519196,-0.263553,1.142182,3.342759,-0.425990,1.068155,3.600778
904,-0.464850,0.134903,3.596370,-0.410701,-0.203652,3.506751,-0.397311,-0.631295,3.382025,-0.036179,-0.562378,2.979965,0.036088,-0.139798,3.004189,0.040232,0.215405,3.026006,-0.329871,0.211375,3.459462,-0.128212,0.255200,3.201461,-0.299705,0.738704,3.229127,-0.505656,0.658266,3.479286,-0.318442,1.125939,3.312070,-0.466724,1.060355,3.565122
905,-0.460780,0.122305,3.592151,-0.405073,-0.202166,3.504881,-0.395244,-0.620366,3.383750,-0.040762,-0.561539,2.975781,0.032468,-0.144837,3.003270,0.041179,0.210353,3.023593,-0.332255,0.208472,3.458636,-0.131288,0.256336,3.199304,-0.334176,0.757113,3.239743,-0.512597,0.675806,3.492457,-0.360223,1.086493,3.310142,-0.499566,1.040003,3.577308
906,-0.456328,0.114892,3.587954,-0.398737,-0.205243,3.507821,-0.386952,-0.621128,3.383564,-0.042286,-0.561355,2.975551,0.030779,-0.144231,3.005728,0.036843,0.212576,3.024179,-0.331357,0.214849,3.452078,-0.143641,0.261666,3.187665,-0.334887,0.731718,3.212569,-0.505702,0.664438,3.469738,-0.391495,1.094132,3.285768,-0.509845,1.016035,3.541705
907,-0.447298,0.104249,3.591339,-0.393227,-0.205371,3.508375,-0.393901,-0.618703,3.381793,-0.048460,-0.557871,2.974363,0.020273,-0.144659,3.005948,0.038713,0.211229,3.022625,-0.330957,0.220318,3.462240,-0.137408,0.263103,3.201477,-0.412257,0.731801,3.225634,-0.539474,0.631820,3.495259,-0.359242,1.062165,3.304294,-0.494888,1.004068,3.572196
908,-0.445806,0.143153,3.601172,-0.404349,-0.181966,3.507873,-0.399615,-0.607291,3.381878,-0.035352,-0.555898,2.972918,0.037353,-0.134406,2.999725,0.040934,0.212121,3.015435,-0.333187,0.240873,3.458545,-0.120149,0.279389,3.191537,-0.341920,0.799270,3.226831,-0.549531,0.692704,3.487043,-0.381141,1.137277,3.301032,-0.494243,1.101821,3.566833
909,-0.452121,0.102726,3.594660,-0.370157,-0.210979,3.516954,-0.385116,-0.616657,3.385242,-0.047740,-0.548657,2.974248,0.026866,-0.136894,3.007196,0.045546,0.216083,3.020494,-0.337280,0.229412,3.447904,-0.153124,0.283523,3.188510,-0.447756,0.788844,3.193543,-0.547198,0.695130,3.451469,-0.451539,0.998637,3.282009,-0.541151,0.976326,3.534055
910,-0.435198,0.120347,3.596628,-0.392815,-0.202002,3.508446,-0.381242,-0.613977,3.383008,-0.037560,-0.541091,2.975000,0.031738,-0.119390,3.003433,0.043496,0.228149,3.018958,-0.336850,0.235790,3.448322,-0.140825,0.285046,3.181877,-0.450615,0.799197,3.195386,-0.529321,0.710838,3.450258,-0.420289,1.017888,3.304832,-0.523447,0.996078,3.532307
911,-0.444923,0.109578,3.602537,-0.388756,-0.206461,3.510901,-0.378401,-0.618588,3.384917,-0.048461,-0.544204,2.975945,0.028126,-0.126053,3.004605,0.044808,0.228882,3.019792,-0.325460,0.232911,3.455327,-0.152115,0.281839,3.188237,-0.477893,0.796931,3.198706,-0.534062,0.708548,3.457944,-0.454178,0.998827,3.309269,-0.542123,0.956350,3.539022
912,-0.442447,0.115242,3.601755,-0.398305,-0.197365,3.517547,-0.390323,-0.606398,3.386123,-0.039080,-0.533217,2.978230,0.037315,-0.115993,2.999285,0.043496,0.231985,3.026629,-0.319292,0.233365,3.462908,-0.133090,0.292154,3.200551,-0.422186,0.747296,3.227774,-0.529934,0.633543,3.511791,-0.457018,1.052353,3.331041,-0.544983,0.994220,3.569846
913,-0.441927,0.106840,3.595257,-0.398067,-0.184760,3.518585,-0.393772,-0.595930,3.384994,-0.037407,-0.528515,2.978091,0.041432,-0.106170,2.999006,0.041322,0.235943,3.031031,-0.317075,0.236521,3.451015,-0.130753,0.289876,3.191013,-0.456842,0.772261,3.206864,-0.528822,0.639529,3.492494,-0.476618,1.004702,3.310571,-0.544804,0.957509,3.573778
914,-0.446446,0.108869,3.598498,-0.401975,-0.202017,3.511261,-0.392147,-0.601234,3.388006,-0.042562,-0.529214,2.980750,0.038568,-0.108527,3.001262,0.044788,0.231622,3.027131,-0.311117,0.231341,3.462828,-0.130096,0.285797,3.205738,-0.438647,0.798317,3.236893,-0.503439,0.671774,3.499940,-0.259390,1.074220,3.358440,-0.419278,1.013370,3.587544
915,-0.432205,0.112176,3.597749,-0.418750,-0.164531,3.555116,-0.399493,-0.563316,3.398020,-0.033706,-0.507024,2.978678,0.044524,-0.098500,2.982453,0.040825,0.231072,3.018694,-0.328500,0.251212,3.458576,-0.124014,0.297675,3.195351,-0.400380,0.766826,3.215074,-0.496562,0.718190,3.513755,-0.377965,0.978628,3.313950,-0.479528,0.944229,3.620218
916,-0.446152,0.075968,3.604552,-0.464918,-0.168770,3.548163,-0.405424,-0.535796,3.390445,-0.039670,-0.494644,2.971328,0.040957,-0.099291,2.986158,0.042698,0.221149,3.012304,-0.321476,0.257186,3.457939,-0.105791,0.298513,3.191371,-0.340273,0.780476,3.207043,-0.491058,0.718132,3.527639,-0.325604,0.917922,3.304265,-0.462337,0.910232,3.631007
917,-0.439940,0.068774,3.595255,-0.402545,-0.183525,3.553460,-0.390948,-0.548408,3.392694,-0.040942,-0.485490,2.976791,0.042356,-0.092307,2.982833,0.046711,0.229542,3.016211,-0.318499,0.258433,3.466496,-0.119562,0.303365,3.197033,-0.374458,0.763336,3.235900,-0.543252,0.639590,3.515030,-0.375409,1.077735,3.317117,-0.499667,1.008164,3.598925
918,-0.432520,0.067426,3.600356,-0.408766,-0.189364,3.556807,-0.385408,-0.544607,3.396178,-0.038315,-0.478057,2.982784,0.050813,-0.081048,2.990235,0.040268,0.234505,3.024400,-0.301634,0.247400,3.474259,-0.112442,0.302545,3.201238,-0.432150,0.761439,3.202718,-0.524895,0.662502,3.529569,-0.346836,0.951807,3.307996,-0.456792,0.921445,3.648286
919,-0.445954,0.050589,3.590791,-0.419058,-0.180136,3.583014,-0.383384,-0.513785,3.402053,-0.036239,-0.444218,2.978172,0.058414,-0.066611,2.959030,0.036502,0.217627,3.004425,-0.316277,0.283407,3.460982,-0.129223,0.335997,3.216457,-0.464438,0.800503,3.204990,-0.551480,0.695863,3.501032,-0.454909,0.994126,3.271083,-0.554276,0.966957,3.598376
920,-0.442245,0.059548,3.600825,-0.424788,-0.177248,3.584333,-0.396785,-0.477582,3.409741,-0.027205,-0.417882,2.985847,0.071093,-0.062352,2.958738,0.039061,0.210871,2.994135,-0.321142,0.289292,3.474391,-0.113657,0.346189,3.219406,-0.437018,0.827618,3.199157,-0.600567,0.671002,3.487988,-0.420847,1.017610,3.265229,-0.547772,0.960312,3.585372
921,-0.450636,0.052340,3.601273,-0.426609,-0.164455,3.593528,-0.399258,-0.456414,3.403627,-0.019963,-0.409162,2.986931,0.088895,-0.063090,2.957548,0.038789,0.203703,2.989089,-0.316190,0.303374,3.459307,-0.087972,0.351320,3.215838,-0.320054,0.813109,3.196409,-0.610531,0.634748,3.466506,-0.378688,1.024808,3.251495,-0.464254,0.996278,3.580299
922,-0.453604,0.052373,3.593642,-0.444346,-0.162576,3.584203,-0.393364,-0.460255,3.398152,-0.034129,-0.412268,2.990692,0.087664,-0.072172,2.955274,0.036479,0.196545,3.001301,-0.312447,0.286634,3.446268,-0.102617,0.346335,3.216457,-0.384448,0.803783,3.188456,-0.594637,0.659019,3.484280,-0.405882,1.017185,3.246540,-0.529037,0.963888,3.585592
923,-0.447749,0.052690,3.602129,-0.419516,-0.159241,3.609243,-0.385360,-0.437254,3.419409,-0.031780,-0.374076,2.989157,0.096098,-0.067018,2.931562,0.033474,0.198610,3.009107,-0.313403,0.306226,3.480095,-0.111958,0.369480,3.221085,-0.426147,0.778679,3.183912,-0.615459,0.629546,3.500523,-0.382412,1.012027,3.265906,-0.485117,0.967769,3.606490
924,-0.448231,0.066120,3.608068,-0.429481,-0.151621,3.610069,-0.393816,-0.399473,3.415922,-0.022514,-0.356121,3.002252,0.116675,-0.063528,2.932528,0.034991,0.205300,2.994041,-0.311649,0.344371,3.475986,-0.102414,0.402219,3.224928,-0.378081,0.804451,3.135571,-0.619070,0.664386,3.490080,-0.377907,0.962404,3.208124,-0.478490,0.954032,3.604999
925,-0.444808,0.068271,3.594533,-0.394288,-0.144334,3.610237,-0.399784,-0.396205,3.414474,-0.025711,-0.348321,3.006287,0.116993,-0.068547,2.935840,0.036298,0.200249,3.000935,-0.319406,0.337536,3.466386,-0.106823,0.386287,3.221777,-0.370361,0.775282,3.159049,-0.651332,0.621065,3.481742,-0.360344,0.973423,3.234668,-0.437942,0.974410,3.607666
926,-0.442457,0.070941,3.599520,-0.421686,-0.118302,3.618000,-0.395669,-0.393831,3.416649,-0.022315,-0.348203,3.000772,0.131515,-0.068593,2.938479,0.033475,0.200996,2.989437,-0.309471,0.342313,3.475485,-0.101537,0.387848,3.219888,-0.387612,0.777411,3.129642,-0.627129,0.667128,3.500357,-0.390478,0.968174,3.211339,-0.467950,0.992049,3.617761
927,-0.443444,0.074442,3.604485,-0.385652,-0.121660,3.637293,-0.394823,-0.372531,3.425781,-0.027598,-0.320405,3.026815,0.135119,-0.072487,2.923078,0.038429,0.204397,3.007569,-0.299771,0.348289,3.454605,-0.086800,0.380425,3.221281,-0.307781,0.743918,3.088881,-0.674295,0.619309,3.498803,-0.363932,0.905987,3.148998,-0.392560,0.970971,3.651408
928,-0.432705,0.070306,3.602321,-0.396102,-0.123853,3.636029,-0.394136,-0.342770,3.421945,-0.022905,-0.301426,3.028546,0.150615,-0.078170,2.931681,0.034452,0.196564,3.001010,-0.300307,0.340559,3.465940,-0.090774,0.374930,3.230343,-0.339963,0.721131,3.076146,-0.617211,0.592885,3.484465,-0.370373,0.873112,3.183459,-0.456435,0.893660,3.624888
929,-0.432258,0.073968,3.608326,-0.383570,-0.114325,3.638635,-0.385706,-0.340891,3.419681,-0.022517,-0.306205,3.030571,0.152262,-0.078566,2.929121,0.037668,0.191954,2.991681,-0.294317,0.338433,3.434487,-0.084473,0.367530,3.217243,-0.313941,0.712842,3.103190,-0.648741,0.604258,3.463668,-0.371960,0.885501,3.183358,-0.426262,0.920789,3.607459
930,-0.433288,0.072888,3.600516,-0.383107,-0.112635,3.648593,-0.384664,-0.320804,3.414688,-0.022676,-0.289473,3.057180,0.154247,-0.072927,2.940798,0.040103,0.194060,3.014947,-0.292364,0.348416,3.464016,-0.078559,0.373215,3.233946,-0.344010,0.710210,3.115421,-0.603482,0.606092,3.494717,-0.383630,0.955083,3.191104,-0.460207,0.971585,3.613465
931,-0.421677,0.087061,3.600626,-0.371965,-0.117133,3.641129,-0.362851,-0.301015,3.424292,-0.006019,-0.249660,3.052611,0.162941,-0.055422,2.937496,0.041018,0.199110,3.003431,-0.282681,0.367085,3.473035,-0.064080,0.392991,3.232246,-0.311075,0.701959,3.126457,-0.643693,0.564971,3.450213,-0.462835,0.969431,3.154100,-0.582756,0.980116,3.516487
932,-0.418583,0.086906,3.601648,-0.355584,-0.098212,3.650962,-0.352985,-0.298953,3.415509,-0.000600,-0.242171,3.057009,0.169796,-0.038436,2.934232,0.044197,0.202755,3.002311,-0.280837,0.359354,3.479685,-0.060797,0.398451,3.242719,-0.319095,0.668914,3.115625,-0.649507,0.535022,3.506707,-0.441447,0.910645,3.159729,-0.565280,0.966675,3.606803
933,-0.423308,0.077131,3.604306,-0.350218,-0.105309,3.649410,-0.343138,-0.293460,3.422201,0.002940,-0.238513,3.048054,0.192457,-0.032745,2.937666,0.048087,0.206020,3.007249,-0.289399,0.348644,3.476872,-0.072257,0.392862,3.238332,-0.353135,0.675239,3.053760,-0.663902,0.591823,3.503167,-0.397500,0.937481,3.086032,-0.559533,0.981488,3.616936
934,-0.422020,0.072928,3.591400,-0.366653,-0.103132,3.623649,-0.335804,-0.295703,3.411917,0.007326,-0.237374,3.059731,0.186223,-0.026456,2.953825,0.046229,0.208341,3.009895,-0.297734,0.330197,3.485534,-0.085921,0.390562,3.257404,-0.356002,0.670126,3.110811,-0.604690,0.540596,3.533294,-0.428133,0.907990,3.123459,-0.553132,0.943878,3.626430
935,-0.429953,0.065730,3.591988,-0.359648,-0.103889,3.625317,-0.320440,-0.299075,3.405860,0.017517,-0.223188,3.050975,0.184282,-0.018703,2.957444,0.051194,0.209280,3.004480,-0.304533,0.338965,3.484441,-0.093484,0.399229,3.260378,-0.344302,0.730351,3.104234,-0.611518,0.552769,3.528749,-0.375562,0.882788,3.085760,-0.462371,0.896636,3.666553
936,-0.433237,0.071521,3.587538,-0.371594,-0.075189,3.628704,-0.319574,-0.284289,3.416732,0.035178,-0.227212,3.053385,0.178131,-0.008880,2.965122,0.051205,0.206683,3.006251,-0.300427,0.351144,3.489301,-0.075131,0.399507,3.272274,-0.217974,0.683081,3.137546,-0.601307,0.492222,3.517928,-0.361858,0.841170,3.066991,-0.483818,0.913285,3.642163
937,-0.437390,0.062742,3.588462,-0.371404,-0.086291,3.630775,-0.306445,-0.285340,3.419346,0.040017,-0.220852,3.048013,0.185539,-0.005954,2.972426,0.053062,0.202232,3.009228,-0.298077,0.342004,3.495146,-0.078491,0.404138,3.274719,-0.312635,0.653240,3.145091,-0.634438,0.534606,3.538646,-0.440472,0.863099,3.112077,-0.549860,0.922127,3.691900
938,-0.433918,0.063778,3.593386,-0.364623,-0.090001,3.618701,-0.288382,-0.281355,3.409857,0.043140,-0.219740,3.062777,0.192844,0.001634,2.976142,0.056528,0.201048,3.007908,-0.297885,0.359403,3.487126,-0.087067,0.412071,3.275388,-0.308406,0.710446,3.188936,-0.608869,0.578873,3.490766,-0.432413,0.914409,3.164677,-0.538576,0.994208,3.615898
939,-0.430446,0.065469,3.594404,-0.358845,-0.088470,3.621426,-0.286993,-0.276503,3.419586,0.054161,-0.204235,3.064014,0.203044,0.012045,2.983766,0.054433,0.201261,3.009641,-0.286766,0.373399,3.496171,-0.059360,0.427149,3.278367,-0.177791,0.788249,3.197273,-0.662503,0.641859,3.512873,-0.313360,1.000797,3.188562,-0.426970,1.047163,3.683416
940,-0.432343,0.070418,3.598735,-0.370782,-0.081220,3.623005,-0.278037,-0.274927,3.423970,0.061361,-0.216248,3.069815,0.196580,0.018732,2.984298,0.050268,0.192998,3.008562,-0.280670,0.363173,3.488913,-0.063637,0.422009,3.276854,-0.250101,0.755096,3.185499,-0.638116,0.606915,3.501968,-0.385625,0.978023,3.169343,-0.514326,1.047718,3.662451
941,-0.435871,0.071094,3.593373,-0.376193,-0.079205,3.622234,-0.277130,-0.272699,3.421012,0.061881,-0.216874,3.062328,0.199133,0.023780,2.979783,0.051398,0.191869,3.012518,-0.274856,0.366695,3.495284,-0.049241,0.420007,3.271648,-0.120004,0.722582,3.166837,-0.621375,0.587098,3.541179,-0.286112,0.970158,3.160725,-0.379778,0.952979,3.721695
942,-0.436633,0.071095,3.601683,-0.383295,-0.075524,3.617894,-0.279004,-0.269759,3.420206,0.061788,-0.217550,3.081201,0.197891,0.026061,2.959730,0.055599,0.200402,3.008654,-0.277778,0.368634,3.496717,-0.048988,0.429101,3.292059,-0.115973,0.766314,3.247889,-0.665321,0.636410,3.522431,-0.311149,0.986941,3.237905,-0.390847,0.988835,3.713703
943,-0.422588,0.073206,3.597303,-0.365877,-0.071805,3.616006,-0.257147,-0.270491,3.427231,0.074224,-0.209748,3.074568,0.207461,0.033626,2.959069,0.057484,0.202507,3.003728,-0.269435,0.380617,3.493587,-0.033684,0.434104,3.283910,0.046214,0.774276,3.280102,-0.591269,0.627239,3.515469,-0.252578,1.050119,3.282225,-0.367098,1.033923,3.688473
944,-0.418333,0.068510,3.596515,-0.358087,-0.070844,3.615013,-0.247259,-0.273023,3.426631,0.076952,-0.210722,3.073446,0.206859,0.035636,2.960651,0.058738,0.202391,3.003568,-0.264575,0.372333,3.494231,-0.041256,0.427568,3.284720,-0.172375,0.770724,3.264244,-0.590640,0.596733,3.520380,-0.368342,1.017013,3.272160,-0.471757,1.032815,3.662776
945,-0.413125,0.076827,3.594156,-0.353576,-0.067114,3.618542,-0.237101,-0.264776,3.437571,0.082179,-0.206384,3.094374,0.213001,0.041082,2.976189,0.059324,0.197896,3.008891,-0.265029,0.403718,3.488260,-0.033291,0.448173,3.273251,-0.098372,0.812938,3.254795,-0.609549,0.665279,3.474630,-0.331289,1.076108,3.261931,-0.447099,1.055521,3.567791
946,-0.422787,0.071057,3.592237,-0.351452,-0.066991,3.620176,-0.237431,-0.263289,3.436421,0.079071,-0.206460,3.091117,0.207062,0.043069,2.974321,0.058806,0.188785,3.008778,-0.263766,0.394571,3.480758,-0.033969,0.437839,3.273762,-0.126609,0.809709,3.287004,-0.569202,0.658146,3.480849,-0.355828,1.107088,3.277232,-0.559752,1.129369,3.569699
947,-0.418681,0.073372,3.592365,-0.340730,-0.062380,3.620277,-0.240024,-0.257967,3.444381,0.081364,-0.204019,3.096078,0.206416,0.039831,2.978211,0.059322,0.183306,3.007325,-0.256097,0.394444,3.484026,-0.026872,0.434295,3.269293,-0.138743,0.783741,3.209732,-0.573001,0.626739,3.482973,-0.360983,1.095802,3.192442,-0.536010,1.051296,3.546246
948,-0.417185,0.064186,3.595207,-0.339788,-0.087985,3.620725,-0.222185,-0.277058,3.441174,0.082828,-0.208053,3.090687,0.206189,0.036704,2.981726,0.054780,0.179160,3.010469,-0.251085,0.367294,3.481728,-0.025099,0.416381,3.261895,-0.014384,0.757583,3.164052,-0.509806,0.561018,3.549338,-0.302616,1.071759,3.196444,-0.491193,1.009236,3.592153
949,-0.412838,0.061787,3.596311,-0.330700,-0.074505,3.627466,-0.223571,-0.268333,3.446579,0.084217,-0.211126,3.101408,0.208850,0.041175,2.975883,0.051091,0.187243,3.006791,-0.256123,0.385986,3.480086,-0.034968,0.432161,3.265838,-0.166830,0.805653,3.218558,-0.586109,0.640154,3.494291,-0.348514,1.084897,3.230524,-0.502154,1.092525,3.600901
950,-0.424254,0.070995,3.597403,-0.345103,-0.079660,3.628128,-0.228227,-0.259566,3.451126,0.084672,-0.212876,3.100304,0.205978,0.042563,2.972066,0.053105,0.194150,3.008907,-0.258562,0.373757,3.487168,-0.031900,0.422029,3.268336,-0.160500,0.755960,3.179639,-0.559683,0.579445,3.548654,-0.385593,1.087574,3.238855,-0.533408,1.053434,3.610565
951,-0.416113,0.059122,3.598142,-0.342372,-0.083105,3.635456,-0.213217,-0.260836,3.450953,0.100974,-0.212195,3.097379,0.208875,0.042817,2.973639,0.050952,0.198794,3.005189,-0.252230,0.387810,3.494247,-0.019077,0.430234,3.270390,-0.056023,0.788337,3.190465,-0.592164,0.597503,3.535039,-0.309415,1.030058,3.231409,-0.439825,0.998911,3.633699
952,-0.417996,0.057828,3.595163,-0.343073,-0.086598,3.629018,-0.212657,-0.260517,3.450832,0.089319,-0.212378,3.098131,0.211584,0.039287,2.973249,0.052597,0.189242,3.004275,-0.256092,0.385834,3.494354,-0.029941,0.428092,3.270370,-0.148763,0.781611,3.203483,-0.592942,0.595244,3.516151,-0.345729,1.012066,3.231045,-0.518326,1.006019,3.625578
953,-0.411707,0.056613,3.594479,-0.342499,-0.087178,3.625465,-0.212423,-0.261374,3.452751,0.093189,-0.206926,3.098391,0.211264,0.042321,2.974865,0.055657,0.188813,3.003151,-0.253758,0.401733,3.493076,-0.024876,0.437776,3.267428,-0.064698,0.808417,3.216994,-0.584962,0.614579,3.503805,-0.291181,1.046373,3.238226,-0.464996,1.005828,3.589810
954,-0.416937,0.062330,3.593810,-0.335075,-0.079102,3.630326,-0.212490,-0.260284,3.455075,0.095360,-0.204053,3.098201,0.207045,0.045010,2.980814,0.054616,0.187260,3.005066,-0.251537,0.396555,3.480366,-0.026494,0.438348,3.258719,-0.048379,0.797202,3.162189,-0.585602,0.623055,3.495675,-0.309792,1.071759,3.176728,-0.501773,1.029071,3.587468
955,-0.411073,0.058427,3.599764,-0.324347,-0.077030,3.628245,-0.208053,-0.264831,3.453397,0.091206,-0.205984,3.098577,0.209168,0.043776,2.978480,0.055535,0.187589,3.006116,-0.257931,0.385012,3.490488,-0.026138,0.429057,3.269502,-0.053672,0.807157,3.199795,-0.572919,0.639652,3.512317,-0.315054,1.096990,3.222479,-0.503530,1.066588,3.581051
956,-0.407131,0.057906,3.597292,-0.325844,-0.079150,3.629622,-0.210386,-0.264055,3.453888,0.090002,-0.206342,3.100905,0.205907,0.044552,2.982831,0.054445,0.187905,3.008190,-0.255315,0.386342,3.492714,-0.039390,0.434381,3.275001,-0.187072,0.804440,3.216465,-0.596893,0.631900,3.509748,-0.368096,1.021142,3.241905,-0.506968,1.052090,3.611204
957,-0.415039,0.066309,3.600208,-0.331162,-0.076531,3.630257,-0.211813,-0.263240,3.451800,0.087393,-0.207415,3.097824,0.204114,0.045728,2.980824,0.053288,0.189211,3.006027,-0.258659,0.380262,3.493737,-0.048045,0.428544,3.274960,-0.250314,0.764475,3.212252,-0.590515,0.616787,3.512927,-0.460734,1.035836,3.233260,-0.610936,1.037509,3.582132
958,-0.422224,0.071719,3.598305,-0.341948,-0.086193,3.618057,-0.212467,-0.263946,3.451232,0.082210,-0.203281,3.092937,0.204122,0.046886,2.995866,0.053227,0.188978,3.014240,-0.262178,0.388800,3.489174,-0.046673,0.431107,3.270198,-0.205785,0.770448,3.151768,-0.589687,0.615074,3.501765,-0.404681,1.071524,3.171363,-0.536591,1.020786,3.570567
959,-0.425260,0.074624,3.603950,-0.341207,-0.076460,3.625416,-0.219901,-0.261016,3.451584,0.074880,-0.204247,3.091383,0.200858,0.048327,2.996274,0.052113,0.192231,3.010826,-0.267189,0.389989,3.491455,-0.056271,0.432951,3.273073,-0.214976,0.764718,3.187272,-0.592579,0.643633,3.472863,-0.427185,1.055286,3.202965,-0.576266,1.008364,3.488223
960,-0.422662,0.074163,3.606064,-0.335579,-0.069160,3.630979,-0.227994,-0.259163,3.451227,0.067652,-0.209137,3.094606,0.198759,0.047306,3.000350,0.050718,0.186325,3.017193,-0.269830,0.402329,3.490586,-0.056702,0.436868,3.270276,-0.197638,0.754059,3.161341,-0.593936,0.618846,3.476027,-0.406711,1.018828,3.185912,-0.589399,1.011721,3.512769
961,-0.415911,0.060594,3.594522,-0.327074,-0.063292,3.611885,-0.230316,-0.267464,3.439601,0.065463,-0.218139,3.085933,0.195955,0.047673,3.004917,0.047415,0.197125,3.017477,-0.268209,0.380940,3.498584,-0.053760,0.429043,3.282485,-0.237388,0.739428,3.171110,-0.586771,0.592112,3.483437,-0.450761,0.980617,3.210718,-0.620839,0.968879,3.497303
962,-0.423244,0.065345,3.593726,-0.346916,-0.075399,3.614058,-0.244269,-0.277069,3.440366,0.057944,-0.220905,3.086854,0.192604,0.047539,3.005175,0.049866,0.201257,3.018114,-0.278335,0.396636,3.486414,-0.067760,0.435000,3.270884,-0.204502,0.719962,3.151041,-0.590709,0.566126,3.438839,-0.435380,0.961446,3.176900,-0.528474,0.908523,3.449705
963,-0.427971,0.064694,3.591043,-0.350955,-0.062180,3.605495,-0.261952,-0.269433,3.427794,0.053440,-0.221744,3.086065,0.184870,0.044080,3.005090,0.050616,0.191622,3.014127,-0.280534,0.404119,3.476704,-0.063121,0.442908,3.267286,-0.215840,0.772452,3.198288,-0.596926,0.613394,3.440315,-0.396021,1.010238,3.233713,-0.497316,1.011563,3.494457
964,-0.436633,0.068102,3.590735,-0.346943,-0.054019,3.607671,-0.275595,-0.269949,3.437282,0.046013,-0.218847,3.086546,0.182935,0.040296,3.009071,0.049049,0.190312,3.022683,-0.280167,0.404684,3.481485,-0.066250,0.449617,3.263434,-0.179693,0.798967,3.171127,-0.596991,0.615798,3.471256,-0.413924,1.043800,3.164663,-0.557388,1.015319,3.477120
965,-0.425930,0.059541,3.586123,-0.346885,-0.082557,3.614315,-0.277070,-0.284514,3.440465,0.039037,-0.215113,3.059989,0.185355,0.031507,3.014242,0.047569,0.195333,3.023388,-0.285049,0.394789,3.484627,-0.060034,0.445646,3.262948,-0.182354,0.796438,3.165897,-0.605008,0.588233,3.495917,-0.425166,1.051311,3.184326,-0.589534,0.998397,3.575884
966,-0.426361,0.057724,3.586818,-0.345156,-0.088937,3.601154,-0.297851,-0.279192,3.433502,0.033026,-0.213554,3.066258,0.184625,0.024259,3.014479,0.049078,0.203071,3.023236,-0.292810,0.406975,3.477844,-0.081845,0.461328,3.275809,-0.264346,0.820787,3.199924,-0.617023,0.610916,3.464391,-0.471793,1.061432,3.225540,-0.579153,1.054179,3.550525
967,-0.421538,0.057314,3.594998,-0.341350,-0.098146,3.620374,-0.312952,-0.294438,3.430890,0.015375,-0.222260,3.074013,0.185728,0.005355,3.017241,0.044340,0.211317,3.024251,-0.299891,0.402912,3.478046,-0.100177,0.453467,3.271790,-0.334128,0.800116,3.144698,-0.604318,0.624013,3.460705,-0.410516,1.006590,3.200327,-0.448297,1.006298,3.557512
968,-0.432419,0.060509,3.596659,-0.367719,-0.094884,3.620025,-0.329381,-0.295484,3.424649,0.005117,-0.223909,3.066803,0.173497,-0.007736,3.010594,0.046267,0.217391,3.024667,-0.302607,0.386481,3.466509,-0.101561,0.442105,3.272370,-0.303278,0.805482,3.194857,-0.609574,0.608372,3.470772,-0.390393,0.950764,3.258510,-0.321877,0.962722,3.627599
969,-0.433140,0.069778,3.605823,-0.366524,-0.101621,3.646197,-0.342063,-0.307993,3.430803,-0.008570,-0.224328,3.038600,0.180911,-0.014243,2.987389,0.040133,0.211561,3.017705,-0.316356,0.384659,3.474608,-0.121528,0.432269,3.245299,-0.407132,0.770905,3.093974,-0.617925,0.575285,3.478867,-0.363660,0.860818,3.183817,-0.422526,0.871475,3.564321
970,-0.431529,0.080789,3.608616,-0.355851,-0.108152,3.642194,-0.356081,-0.308151,3.448559,-0.012508,-0.216852,3.031012,0.192381,-0.015816,2.988388,0.041237,0.213777,3.031783,-0.316119,0.384090,3.484140,-0.116072,0.426308,3.253696,-0.370071,0.727086,3.076522,-0.625932,0.521901,3.532163,-0.382343,0.865767,3.173440,-0.463308,0.836641,3.563255
971,-0.437899,0.075639,3.600013,-0.365916,-0.105839,3.646839,-0.360153,-0.307672,3.439792,-0.014361,-0.222541,3.033210,0.183650,-0.017663,2.993592,0.034101,0.219748,3.035347,-0.318108,0.377102,3.490432,-0.125497,0.437502,3.262445,-0.437257,0.737742,3.093890,-0.643614,0.573102,3.533452,-0.399968,0.915353,3.221656,-0.488031,0.903879,3.598819
972,-0.439462,0.081765,3.604820,-0.372969,-0.119249,3.661965,-0.391766,-0.315405,3.436432,-0.032206,-0.243244,3.005552,0.166620,-0.038357,2.942930,0.045350,0.217636,3.021498,-0.329298,0.365431,3.477871,-0.119586,0.413775,3.225242,-0.398668,0.704997,3.080947,-0.624063,0.528522,3.438790,-0.381927,0.945090,3.143894,-0.487771,0.881844,3.501751
973,-0.444641,0.084714,3.605673,-0.411766,-0.136566,3.659640,-0.422886,-0.337451,3.423120,-0.059437,-0.261137,3.012040,0.155880,-0.052160,2.945941,0.045237,0.219653,3.017693,-0.331045,0.365735,3.465714,-0.135966,0.409766,3.218186,-0.416701,0.745747,3.125827,-0.664423,0.651269,3.444118,-0.353147,0.871028,3.204933,-0.458931,0.896898,3.569109
974,-0.452325,0.073462,3.600551,-0.426223,-0.165674,3.654112,-0.436349,-0.366041,3.419399,-0.091048,-0.278162,3.007432,0.127496,-0.061616,2.941201,0.044563,0.215756,3.011643,-0.346682,0.352932,3.471532,-0.149759,0.408304,3.221385,-0.403636,0.803419,3.169668,-0.661848,0.718486,3.482109,-0.402480,1.007651,3.252307,-0.528413,1.040622,3.606883
975,-0.451438,0.086294,3.608547,-0.424577,-0.161433,3.655590,-0.441327,-0.391130,3.414089,-0.083680,-0.312204,2.998960,0.126826,-0.058831,2.913998,0.049594,0.216970,2.997687,-0.332590,0.346695,3.469989,-0.125297,0.401849,3.215617,-0.358513,0.812389,3.162958,-0.649406,0.681998,3.461774,-0.361198,0.951373,3.236927,-0.438870,0.968458,3.608704
976,-0.464238,0.084291,3.604894,-0.441414,-0.157756,3.640745,-0.449761,-0.402800,3.416216,-0.103838,-0.343648,2.998222,0.132991,-0.063518,2.922048,0.046281,0.211341,2.999896,-0.340377,0.328014,3.474433,-0.134587,0.391847,3.230278,-0.397048,0.785691,3.132703,-0.659875,0.658755,3.467766,-0.409820,0.901878,3.231345,-0.493034,0.900749,3.585863
977,-0.463719,0.082672,3.594764,-0.431236,-0.150873,3.626801,-0.453747,-0.420251,3.420837,-0.091366,-0.356043,2.994468,0.128044,-0.060771,2.929289,0.040208,0.211344,2.999060,-0.324532,0.340279,3.450897,-0.112375,0.376502,3.196505,-0.266530,0.798264,3.164894,-0.652088,0.680581,3.459436,-0.342352,0.928463,3.209878,-0.401081,0.918128,3.576779
978,-0.459373,0.082966,3.591115,-0.444791,-0.148779,3.624536,-0.455528,-0.452599,3.410930,-0.084576,-0.369209,2.987087,0.098181,-0.054641,2.935118,0.037626,0.210851,3.001051,-0.329399,0.312394,3.465833,-0.107175,0.361947,3.200835,-0.328771,0.778932,3.156203,-0.652969,0.678754,3.484894,-0.340566,0.867542,3.196187,-0.440253,0.866175,3.589989
979,-0.445700,0.064037,3.583863,-0.438860,-0.173224,3.614141,-0.451400,-0.463366,3.409228,-0.080799,-0.372046,2.984822,0.097255,-0.054708,2.928137,0.034942,0.208799,3.002768,-0.336838,0.316213,3.459354,-0.115393,0.368576,3.198736,-0.346665,0.761319,3.149372,-0.636035,0.657507,3.473609,-0.321898,0.874311,3.213020,-0.401924,0.874703,3.593081
980,-0.438463,0.047020,3.577701,-0.438908,-0.196319,3.603722,-0.445416,-0.491539,3.403038,-0.104609,-0.404850,2.976071,0.085788,-0.056871,2.936054,0.034392,0.205786,3.005090,-0.341249,0.298000,3.455532,-0.130369,0.356247,3.193236,-0.407490,0.752671,3.126867,-0.642042,0.661923,3.486691,-0.401655,0.969042,3.221062,-0.509961,0.971777,3.611660
981,-0.448779,0.059119,3.581696,-0.425382,-0.187136,3.581834,-0.440714,-0.519726,3.412915,-0.095757,-0.411381,2.988070,0.084144,-0.037266,2.964027,0.034766,0.217709,3.009991,-0.342140,0.301701,3.473125,-0.134880,0.365060,3.198738,-0.423753,0.845656,3.230998,-0.641644,0.684396,3.489089,-0.376059,1.049310,3.308794,-0.469404,1.039538,3.643145
982,-0.452911,0.049402,3.578948,-0.424740,-0.216260,3.566206,-0.444395,-0.612279,3.394351,-0.095903,-0.483244,2.980188,0.041065,-0.073118,2.975486,0.035343,0.205052,2.994667,-0.344224,0.259745,3.468676,-0.139787,0.318862,3.199471,-0.464345,0.843815,3.202624,-0.584304,0.734797,3.507271,-0.404683,1.037997,3.289123,-0.495754,1.064854,3.630633
983,-0.453545,0.053365,3.577271,-0.418142,-0.190525,3.579876,-0.432666,-0.604229,3.401558,-0.074300,-0.537455,2.970172,0.013430,-0.103965,2.972504,0.039059,0.204011,3.001910,-0.356818,0.247325,3.483740,-0.135510,0.296527,3.209389,-0.321360,0.893632,3.270131,-0.580386,0.741262,3.530541,-0.479034,0.994907,3.338618,-0.525478,1.011413,3.660168
984,-0.430824,0.081783,3.590764,-0.388076,-0.216465,3.513186,-0.416286,-0.651712,3.394609,-0.071530,-0.541189,2.969332,0.022955,-0.107127,3.000058,0.047603,0.217918,3.013269,-0.337092,0.189642,3.465678,-0.146656,0.241290,3.193255,-0.456891,0.800960,3.236183,-0.546357,0.656899,3.476778,-0.364724,0.921185,3.338980,-0.480746,0.837177,3.564114
985,-0.422277,0.101000,3.584036,-0.363032,-0.231935,3.495160,-0.407825,-0.656586,3.384225,-0.082404,-0.551121,2.975430,0.017247,-0.117187,3.015171,0.030712,0.221724,3.024013,-0.332257,0.176404,3.468197,-0.154382,0.234721,3.198435,-0.478908,0.730417,3.242399,-0.536887,0.611403,3.483848,-0.419931,1.010429,3.325401,-0.512311,0.933370,3.551904
986,-0.458263,0.095853,3.589847,-0.379044,-0.260555,3.494527,-0.392264,-0.696577,3.380161,-0.080550,-0.583762,2.970880,0.005986,-0.149555,3.009157,0.028956,0.223874,3.011501,-0.346652,0.171212,3.453845,-0.168536,0.221307,3.177398,-0.407762,0.738860,3.223504,-0.561936,0.594853,3.454421,-0.428122,1.137303,3.316960,-0.550433,1.060842,3.532875
987,-0.440910,0.088408,3.594410,-0.373569,-0.255922,3.500533,-0.381247,-0.678797,3.385296,-0.086520,-0.596460,2.970245,0.010047,-0.158388,3.007811,0.031316,0.213441,3.006279,-0.336612,0.183898,3.449286,-0.171608,0.234490,3.172119,-0.493423,0.694703,3.182469,-0.580938,0.603141,3.431280,-0.454033,1.044704,3.294303,-0.555373,0.981608,3.504944
988,-0.425703,0.082355,3.597276,-0.350977,-0.252689,3.507185,-0.388439,-0.672465,3.389226,-0.078242,-0.584924,2.971487,0.012230,-0.143599,3.001253,0.028848,0.214659,3.018238,-0.332619,0.176478,3.477404,-0.153925,0.237441,3.192873,-0.492967,0.770985,3.250066,-0.554653,0.661950,3.517500,-0.422570,0.939182,3.363804,-0.537876,0.893590,3.604105
989,-0.433809,0.103216,3.604018,-0.359464,-0.242362,3.513314,-0.371840,-0.657239,3.397335,-0.084778,-0.582489,2.977316,-0.000885,-0.154285,3.008905,0.013843,0.214590,3.012144,-0.355037,0.207655,3.463063,-0.180448,0.258115,3.182707,-0.487317,0.794986,3.215369,-0.565273,0.702095,3.461073,-0.437739,1.088176,3.340268,-0.549060,1.074365,3.559764
990,-0.431912,0.102679,3.600645,-0.376975,-0.233241,3.510375,-0.377857,-0.651785,3.397676,-0.074400,-0.577282,2.976311,0.003857,-0.140653,3.006057,0.026125,0.214189,3.013830,-0.361805,0.227461,3.456722,-0.187775,0.275016,3.178057,-0.467455,0.830787,3.211792,-0.553597,0.730766,3.459548,-0.404463,1.078325,3.341238,-0.540833,1.034864,3.563133
991,-0.433186,0.113132,3.604308,-0.346464,-0.226650,3.509300,-0.361586,-0.660041,3.399506,-0.079185,-0.572428,2.974782,0.005862,-0.132253,3.004827,0.026226,0.221826,3.028912,-0.331219,0.217109,3.468873,-0.166950,0.272529,3.189369,-0.475226,0.764603,3.219173,-0.524839,0.672249,3.479599,-0.431199,1.030001,3.335414,-0.511442,0.998752,3.584325
992,-0.370404,0.120515,3.612048,-0.367766,-0.218375,3.512457,-0.352640,-0.647985,3.400260,-0.082844,-0.558896,2.976656,0.008611,-0.116151,3.002820,0.036832,0.237085,3.022044,-0.323783,0.240553,3.472036,-0.162399,0.301973,3.189824,-0.508525,0.776174,3.212911,-0.571251,0.609137,3.506170,-0.407511,1.071965,3.324736,-0.515601,1.002709,3.594275
993,-0.396920,0.093943,3.612566,-0.371690,-0.248134,3.502165,-0.339206,-0.664811,3.395797,-0.085200,-0.551834,2.973173,0.011640,-0.106413,3.000602,0.038386,0.239363,3.022013,-0.319645,0.223941,3.454405,-0.185931,0.302946,3.168518,-0.476305,0.769788,3.184746,-0.543955,0.658938,3.475394,-0.409982,1.006847,3.320982,-0.515297,0.963256,3.603894
994,-0.427882,0.112470,3.614895,-0.406985,-0.228118,3.504503,-0.362764,-0.651744,3.397666,-0.061507,-0.542434,2.975667,0.025615,-0.099165,2.999332,0.048079,0.231767,3.021133,-0.327217,0.223833,3.453686,-0.149962,0.290360,3.176208,-0.418198,0.840683,3.200492,-0.552702,0.717457,3.461932,-0.458272,0.903376,3.314749,-0.572277,0.899073,3.570608
995,-0.400375,0.109757,3.619590,-0.376820,-0.225190,3.505239,-0.354100,-0.654985,3.397366,-0.069075,-0.539414,2.978820,0.029133,-0.100965,3.003294,0.046098,0.226675,3.024309,-0.318282,0.224147,3.456195,-0.162469,0.291499,3.179214,-0.467327,0.822909,3.206054,-0.568523,0.684987,3.466966,-0.459069,0.899140,3.333278,-0.566660,0.876104,3.571935
996,-0.430505,0.107821,3.620959,-0.407044,-0.215642,3.511661,-0.368627,-0.634682,3.401093,-0.062613,-0.534358,2.975057,0.020614,-0.102079,3.002194,0.047802,0.230826,3.026227,-0.325999,0.234404,3.468269,-0.149199,0.295609,3.188130,-0.418715,0.839476,3.239750,-0.549286,0.677463,3.517642,-0.454511,0.930067,3.361463,-0.561278,0.902757,3.608778
997,-0.407541,0.109706,3.610205,-0.380722,-0.196853,3.508673,-0.403830,-0.601779,3.402947,-0.081767,-0.525790,2.974728,0.017964,-0.109575,3.001189,0.041186,0.242919,3.026359,-0.329174,0.232041,3.461177,-0.148980,0.285630,3.179434,-0.430979,0.790314,3.226026,-0.544334,0.645066,3.506207,-0.499315,0.916317,3.351879,-0.549422,0.885674,3.602904
998,-0.439606,0.072803,3.607403,-0.407886,-0.228457,3.501921,-0.397693,-0.605829,3.401833,-0.077941,-0.514145,2.977540,0.038301,-0.089188,3.005483,0.045382,0.243477,3.022038,-0.329060,0.220053,3.457793,-0.148405,0.291462,3.179118,-0.457145,0.785501,3.213558,-0.539973,0.638167,3.508579,-0.445259,0.890669,3.345016,-0.512490,0.862438,3.617076
999,-0.428066,0.069081,3.599999,-0.391975,-0.215670,3.530808,-0.416728,-0.582564,3.400202,-0.069339,-0.501840,2.974955,0.035105,-0.081750,2.990413,0.044804,0.245407,3.019220,-0.337593,0.242497,3.466078,-0.127731,0.296823,3.181829,-0.395103,0.817802,3.215737,-0.568588,0.660499,3.507102,-0.454006,0.931529,3.324698,-0.520110,0.903163,3.612765
1000,-0.442405,0.085933,3.600182,-0.395747,-0.207165,3.527611,-0.412631,-0.578186,3.402762,-0.070336,-0.488932,2.977993,0.045624,-0.063856,2.997362,0.046851,0.258910,3.022427,-0.339671,0.249168,3.463008,-0.141584,0.309508,3.186290,-0.423850,0.826380,3.219022,-0.570263,0.658290,3.488016,-0.423216,0.940267,3.358075,-0.509073,0.886139,3.606375
1001,-0.452788,0.075332,3.605572,-0.403007,-0.184737,3.594251,-0.417877,-0.540709,3.404397,-0.068909,-0.461673,2.971064,0.058481,-0.053928,2.965946,0.044968,0.246039,3.011240,-0.326048,0.265648,3.472643,-0.131259,0.316557,3.197166,-0.432665,0.793705,3.203071,-0.573246,0.684817,3.505055,-0.401307,0.869339,3.282717,-0.495483,0.866584,3.620036
1002,-0.455117,0.053328,3.598353,-0.400905,-0.191320,3.583521,-0.402869,-0.546032,3.400844,-0.065571,-0.443202,2.969744,0.070114,-0.044657,2.964754,0.044621,0.237959,3.002799,-0.322159,0.277439,3.470886,-0.136852,0.340847,3.189587,-0.466963,0.810545,3.203692,-0.596338,0.678999,3.517413,-0.368985,0.996935,3.325883,-0.498061,0.964215,3.657034
1003,-0.444971,0.074487,3.600937,-0.401975,-0.196421,3.587339,-0.426149,-0.515364,3.400722,-0.061624,-0.436540,2.975287,0.068053,-0.032394,2.981777,0.043225,0.248526,3.015621,-0.333307,0.294466,3.471592,-0.142521,0.362360,3.195752,-0.457661,0.870414,3.203755,-0.569007,0.745860,3.514752,-0.433107,0.948295,3.332347,-0.508650,0.924314,3.642549
1004,-0.453148,0.071555,3.602627,-0.397488,-0.171766,3.581891,-0.427277,-0.500148,3.406597,-0.054800,-0.432646,2.978797,0.086073,-0.025274,2.981871,0.041932,0.249367,3.013521,-0.330738,0.294347,3.474388,-0.129971,0.368067,3.197215,-0.439592,0.873841,3.199389,-0.611726,0.668062,3.505320,-0.434186,0.963923,3.318298,-0.513041,0.927009,3.649057
1005,-0.443340,0.065212,3.601293,-0.416908,-0.184648,3.611113,-0.421656,-0.483264,3.407206,-0.061326,-0.413455,2.985991,0.083661,-0.028900,2.942365,0.034226,0.225084,3.004050,-0.323033,0.286985,3.473032,-0.129453,0.367058,3.205449,-0.462170,0.814755,3.161037,-0.621517,0.667940,3.518604,-0.399776,0.939525,3.257399,-0.504185,0.922370,3.646162
1006,-0.455019,0.051640,3.604240,-0.416814,-0.194629,3.632784,-0.420976,-0.431651,3.412792,-0.053462,-0.361733,2.984131,0.089188,-0.042289,2.917614,0.039583,0.218427,2.987638,-0.323306,0.309963,3.472955,-0.123593,0.382987,3.206186,-0.438773,0.791777,3.160997,-0.631152,0.654369,3.546247,-0.367010,0.882862,3.245931,-0.467068,0.889957,3.675051
1007,-0.452605,0.063612,3.602025,-0.432762,-0.168879,3.628387,-0.418404,-0.396395,3.420015,-0.074560,-0.337320,2.994663,0.127472,-0.064620,2.912806,0.038322,0.210400,2.991821,-0.326533,0.340557,3.453408,-0.131373,0.392691,3.204945,-0.459440,0.801888,3.183739,-0.642354,0.641567,3.481337,-0.366771,0.966512,3.262369,-0.490023,0.947470,3.606624
1008,-0.447841,0.072307,3.608329,-0.439284,-0.165087,3.632515,-0.422122,-0.378883,3.421274,-0.061504,-0.327029,2.989494,0.130161,-0.065849,2.914127,0.033476,0.213972,2.989160,-0.326939,0.331968,3.467455,-0.121625,0.396871,3.209452,-0.430587,0.765688,3.151407,-0.669199,0.622774,3.510556,-0.385842,0.921116,3.205400,-0.487778,0.956423,3.643752
1009,-0.445959,0.085045,3.605642,-0.398473,-0.155259,3.643382,-0.416238,-0.351048,3.420372,-0.067469,-0.300622,3.016069,0.138787,-0.064502,2.892914,0.036857,0.207945,2.991487,-0.326501,0.367495,3.456682,-0.123827,0.402672,3.210493,-0.415135,0.778608,3.145466,-0.630653,0.645996,3.481862,-0.327487,0.941562,3.208025,-0.428936,0.980050,3.608005
1010,-0.439220,0.074922,3.606395,-0.421004,-0.155668,3.648802,-0.409596,-0.341822,3.421546,-0.063472,-0.279766,3.017229,0.146104,-0.062755,2.887272,0.032267,0.209889,2.977615,-0.321094,0.349384,3.454433,-0.129232,0.398942,3.204483,-0.427809,0.774006,3.102321,-0.652082,0.644808,3.474443,-0.352820,0.894825,3.168160,-0.489231,0.911528,3.603070
1011,-0.438492,0.071191,3.607726,-0.416660,-0.148731,3.643248,-0.399042,-0.339308,3.413724,-0.061813,-0.282794,3.022201,0.166103,-0.061560,2.894212,0.033214,0.208017,2.985523,-0.307108,0.330684,3.454364,-0.115956,0.388251,3.208951,-0.403277,0.710155,3.057531,-0.633682,0.536774,3.513511,-0.322122,0.840507,3.122711,-0.447164,0.763960,3.563265
1012,-0.437349,0.067839,3.609497,-0.404222,-0.149462,3.648098,-0.401486,-0.343316,3.413944,-0.049999,-0.279255,3.026873,0.166632,-0.060777,2.886610,0.038821,0.207001,2.978842,-0.316883,0.322188,3.464468,-0.109963,0.375667,3.217957,-0.344545,0.688102,3.032750,-0.626998,0.507218,3.568084,-0.357908,0.856451,3.104233,-0.458955,0.876441,3.648686
1013,-0.433858,0.067705,3.601820,-0.424285,-0.139065,3.644284,-0.387856,-0.318223,3.408723,-0.043866,-0.254713,3.028847,0.186659,-0.053927,2.896402,0.050233,0.208298,2.994848,-0.319253,0.330986,3.481916,-0.113991,0.383747,3.231699,-0.394537,0.659057,3.037192,-0.632603,0.508737,3.561762,-0.380172,0.948099,3.128999,-0.519191,0.940595,3.637316
1014,-0.441020,0.073043,3.589841,-0.387346,-0.133353,3.640901,-0.368717,-0.304923,3.402289,-0.025582,-0.224122,3.035583,0.183692,-0.040505,2.902902,0.043244,0.199369,2.989612,-0.321363,0.340674,3.459773,-0.124339,0.392093,3.222663,-0.433982,0.684540,3.099416,-0.622793,0.551575,3.499594,-0.410389,0.966788,3.158783,-0.534842,0.967127,3.609344
1015,-0.433414,0.080241,3.584091,-0.391628,-0.135050,3.641725,-0.328211,-0.268297,3.420847,0.012645,-0.217664,3.039688,0.208169,-0.023003,2.910078,0.053847,0.199594,2.998841,-0.308878,0.359398,3.486698,-0.091657,0.415746,3.243101,-0.363572,0.741926,3.101001,-0.620931,0.556927,3.515555,-0.382162,0.937190,3.162272,-0.509220,0.933128,3.596682
1016,-0.440581,0.077070,3.583598,-0.399807,-0.136707,3.638509,-0.319448,-0.286570,3.413259,0.021248,-0.209542,3.044746,0.205183,-0.015648,2.915176,0.052155,0.201004,3.003109,-0.317761,0.358557,3.485434,-0.115586,0.414753,3.241958,-0.417421,0.727986,3.077075,-0.630258,0.562476,3.526770,-0.343709,0.906926,3.115910,-0.466677,0.917740,3.691334
1017,-0.441188,0.070506,3.589746,-0.396532,-0.129188,3.626586,-0.325536,-0.280215,3.407803,0.018462,-0.194567,3.051937,0.207116,-0.003275,2.902541,0.058141,0.205895,2.977533,-0.319638,0.392213,3.475781,-0.113853,0.438558,3.246422,-0.369014,0.741977,3.078356,-0.624215,0.574224,3.522626,-0.366468,0.994705,3.159075,-0.500970,1.011569,3.653812
1018,-0.433553,0.072736,3.597778,-0.391789,-0.121020,3.627858,-0.330112,-0.272983,3.411128,0.019234,-0.195968,3.056830,0.212233,0.004047,2.913268,0.052884,0.208407,2.994115,-0.309794,0.393563,3.468083,-0.099030,0.436975,3.237820,-0.367973,0.752328,3.078514,-0.619896,0.570508,3.481880,-0.385482,0.986883,3.144414,-0.493255,0.986895,3.598108
1019,-0.430898,0.072571,3.604097,-0.379552,-0.112443,3.634092,-0.309708,-0.271384,3.419041,0.030863,-0.204585,3.051289,0.207415,0.017581,2.911642,0.047800,0.204073,2.993770,-0.296253,0.384509,3.477492,-0.086401,0.427409,3.246401,-0.289430,0.716589,3.116024,-0.657533,0.589992,3.496981,-0.487447,0.978089,3.177436,-0.579196,1.063213,3.589702
1020,-0.427917,0.073005,3.606387,-0.375053,-0.114690,3.640152,-0.276383,-0.273099,3.424133,0.044993,-0.200542,3.052259,0.221594,0.030555,2.900719,0.051384,0.207571,2.996030,-0.287356,0.381910,3.489757,-0.083861,0.430377,3.247506,-0.359648,0.726376,3.127834,-0.623696,0.577763,3.515070,-0.450368,1.009600,3.203576,-0.542315,1.007369,3.605156
1021,-0.423787,0.058038,3.587103,-0.368247,-0.097096,3.616415,-0.263830,-0.260493,3.426265,0.046935,-0.189893,3.073523,0.227702,0.049450,2.926452,0.055872,0.204523,3.000808,-0.286402,0.406860,3.479773,-0.082065,0.440533,3.248095,-0.354846,0.744568,3.066908,-0.624994,0.621668,3.499279,-0.419334,0.990707,3.114708,-0.516211,1.046905,3.624675
1022,-0.436081,0.070287,3.591197,-0.364436,-0.077116,3.624646,-0.253267,-0.254961,3.430089,0.062795,-0.183913,3.076434,0.219207,0.059095,2.925855,0.058062,0.203229,2.999661,-0.275357,0.391876,3.496037,-0.059905,0.431152,3.260148,-0.145761,0.772894,3.150644,-0.603321,0.656681,3.527603,-0.370501,1.071422,3.155179,-0.464048,1.096201,3.639245
1023,-0.436569,0.073408,3.592079,-0.362546,-0.081261,3.621677,-0.243246,-0.261051,3.429960,0.067028,-0.188745,3.077283,0.222994,0.073099,2.935648,0.052259,0.199553,2.998071,-0.269289,0.373258,3.493862,-0.049562,0.424043,3.261455,-0.186752,0.713902,3.120183,-0.593214,0.556350,3.576085,-0.430396,1.055915,3.143240,-0.568477,1.028152,3.657502
1024,-0.430874,0.067758,3.598651,-0.360270,-0.084617,3.627922,-0.235657,-0.267494,3.434847,0.074757,-0.190716,3.078879,0.220888,0.085939,2.934985,0.054441,0.201482,2.998636,-0.266199,0.382100,3.493315,-0.042623,0.439383,3.273510,-0.214325,0.746239,3.195736,-0.604160,0.591788,3.525043,-0.411622,1.014502,3.199260,-0.553303,1.008211,3.623591
1025,-0.430545,0.070378,3.597147,-0.357671,-0.073818,3.631769,-0.235622,-0.255971,3.435699,0.079010,-0.184493,3.081560,0.222629,0.087486,2.950773,0.054635,0.200547,3.003140,-0.261005,0.385827,3.485587,-0.037840,0.435633,3.260646,-0.162095,0.758853,3.165966,-0.595214,0.579071,3.516366,-0.420259,1.049429,3.180215,-0.573246,1.047573,3.601261
1026,-0.416906,0.058909,3.596891,-0.357569,-0.090487,3.629165,-0.223320,-0.257463,3.435990,0.082485,-0.179345,3.085217,0.219979,0.091893,2.957186,0.050660,0.203754,3.003225,-0.243894,0.386426,3.483997,-0.030147,0.448873,3.264745,-0.123045,0.737787,3.132670,-0.593272,0.563375,3.534294,-0.356690,0.991241,3.161552,-0.482107,1.002128,3.648415
1027,-0.423289,0.057065,3.594378,-0.357801,-0.085987,3.630743,-0.221050,-0.257606,3.443119,0.089220,-0.178368,3.087258,0.218963,0.095477,2.950431,0.057072,0.206617,3.005205,-0.250788,0.394946,3.478614,-0.030900,0.436516,3.256855,-0.134401,0.729834,3.095234,-0.570106,0.588802,3.516860,-0.354132,0.988166,3.116484,-0.481216,1.036042,3.630496
1028,-0.418190,0.051901,3.596074,-0.360747,-0.086448,3.630219,-0.223571,-0.262913,3.440951,0.087420,-0.184414,3.083207,0.222769,0.095334,2.950210,0.053933,0.204527,2.999038,-0.247362,0.382300,3.481192,-0.021826,0.421855,3.261570,0.022345,0.687598,3.064898,-0.552014,0.514886,3.588332,-0.276405,1.030858,3.115325,-0.427473,1.009474,3.700112
1029,-0.416145,0.052228,3.596046,-0.359451,-0.095396,3.631205,-0.223253,-0.257589,3.433594,0.093989,-0.183229,3.086493,0.220518,0.092200,2.945599,0.054998,0.203572,2.999316,-0.249980,0.378333,3.474615,-0.014399,0.419650,3.254311,0.032458,0.699030,3.054739,-0.567268,0.499851,3.566621,-0.240873,1.069635,3.135242,-0.442957,1.036856,3.659393
1030,-0.425948,0.066538,3.597287,-0.360242,-0.093601,3.631912,-0.219243,-0.259729,3.435846,0.092767,-0.184448,3.087139,0.222494,0.091581,2.941648,0.054323,0.203222,2.996971,-0.246662,0.381041,3.473533,-0.019237,0.425364,3.249230,0.098987,0.642982,3.050779,-0.559799,0.404518,3.556622,-0.195491,1.014216,3.156319,-0.433892,0.957428,3.657872
1031,-0.424374,0.058370,3.596140,-0.361985,-0.098894,3.634262,-0.211945,-0.261744,3.436519,0.090185,-0.183624,3.090748,0.218648,0.092184,2.940332,0.054427,0.201258,2.997236,-0.245720,0.379813,3.476890,-0.022496,0.426145,3.254668,-0.086722,0.623540,3.001939,-0.580423,0.437782,3.559817,-0.300263,0.899808,3.075330,-0.468645,0.984346,3.674216
1032,-0.424905,0.055635,3.594678,-0.361858,-0.094476,3.629987,-0.222185,-0.254919,3.445135,0.094351,-0.181971,3.097166,0.220693,0.086391,2.939993,0.057652,0.197791,3.000753,-0.248952,0.391071,3.482470,-0.009641,0.430451,3.259411,0.103021,0.621912,3.027849,-0.544460,0.492547,3.566829,-0.165002,1.021475,3.101255,-0.501852,1.033633,3.647470
1033,-0.426245,0.054289,3.593529,-0.359229,-0.094876,3.634156,-0.215584,-0.258025,3.447235,0.093468,-0.184290,3.097254,0.222126,0.082289,2.937752,0.055948,0.199210,2.993988,-0.242271,0.391918,3.487738,-0.020072,0.441122,3.264529,0.013944,0.622426,3.022133,-0.551591,0.483687,3.572979,-0.236304,0.983389,3.092546,-0.429117,0.984398,3.679926
1034,-0.416883,0.063570,3.596102,-0.354557,-0.082859,3.637112,-0.222191,-0.254734,3.444140,0.089775,-0.187023,3.090884,0.220539,0.077244,2.941970,0.055539,0.200258,2.999594,-0.251023,0.383667,3.478076,-0.019749,0.427078,3.262651,-0.018718,0.655720,3.031476,-0.549878,0.504696,3.576505,-0.315351,1.001498,3.096766,-0.514930,1.016772,3.649266
1035,-0.413372,0.049688,3.597816,-0.352074,-0.094882,3.638063,-0.214141,-0.256547,3.443783,0.085896,-0.186683,3.090646,0.223132,0.077502,2.938066,0.053667,0.200072,2.993799,-0.247366,0.392489,3.476035,-0.014763,0.428648,3.250895,-0.019284,0.670428,3.025938,-0.536973,0.534176,3.562204,-0.285089,1.013517,3.108138,-0.467828,1.034878,3.633312
1036,-0.419395,0.059890,3.597533,-0.354450,-0.087100,3.629192,-0.214874,-0.256313,3.441312,0.087501,-0.183742,3.090738,0.219736,0.083248,2.953229,0.053610,0.200020,2.993265,-0.240567,0.404145,3.467468,-0.018277,0.439142,3.250386,-0.075058,0.727851,3.103347,-0.586449,0.580543,3.510168,-0.336060,0.965253,3.124752,-0.483896,1.010776,3.625112
1037,-0.422157,0.063706,3.597133,-0.352977,-0.081895,3.631464,-0.218241,-0.255949,3.440943,0.086400,-0.185447,3.086549,0.216476,0.082561,2.950816,0.057028,0.197863,2.995187,-0.247134,0.389867,3.471234,-0.022204,0.440053,3.251151,-0.005205,0.691862,3.051358,-0.528407,0.569045,3.551905,-0.301694,1.023650,3.117287,-0.513375,1.046891,3.639416
1038,-0.428563,0.068312,3.593363,-0.356230,-0.083415,3.633648,-0.221665,-0.257105,3.441811,0.085356,-0.182326,3.086100,0.213844,0.083785,2.946542,0.055092,0.200723,2.991437,-0.249835,0.393251,3.475009,-0.030385,0.444085,3.254829,-0.044295,0.680997,3.044244,-0.569276,0.543228,3.558229,-0.341547,0.997866,3.124900,-0.532341,1.029123,3.641860
1039,-0.425330,0.063313,3.588560,-0.365171,-0.075852,3.632615,-0.228554,-0.251966,3.437230,0.079333,-0.183657,3.088939,0.216730,0.082509,2.956389,0.054055,0.203124,2.998077,-0.249544,0.403780,3.475922,-0.020222,0.441253,3.250795,-0.000270,0.682433,3.066031,-0.576394,0.541153,3.552479,-0.288803,1.012081,3.128193,-0.522883,0.997607,3.632834
1040,-0.424506,0.062974,3.578833,-0.360403,-0.074240,3.609974,-0.236626,-0.247457,3.440562,0.071524,-0.185320,3.078402,0.213108,0.079653,2.975473,0.053139,0.197474,3.005359,-0.259594,0.394316,3.466873,-0.034842,0.448234,3.251020,-0.020994,0.715899,3.109567,-0.551497,0.511952,3.551131,-0.316989,0.995173,3.100109,-0.546000,0.962089,3.621004
1041,-0.424958,0.064082,3.582960,-0.353193,-0.078363,3.611088,-0.235415,-0.259764,3.437240,0.067128,-0.191131,3.080126,0.212437,0.079859,2.968703,0.050812,0.198883,3.000442,-0.260566,0.388552,3.465481,-0.038731,0.431085,3.246304,-0.035549,0.760643,3.123869,-0.562540,0.570567,3.500090,-0.302831,0.994713,3.117551,-0.478409,1.007687,3.607421
1042,-0.425784,0.062852,3.581721,-0.354009,-0.075469,3.612417,-0.239731,-0.262105,3.436733,0.054789,-0.197846,3.078491,0.212217,0.078445,2.969024,0.053627,0.204287,3.004322,-0.267606,0.394485,3.470093,-0.049544,0.436922,3.252660,-0.119423,0.805260,3.133639,-0.587540,0.600666,3.492260,-0.369511,1.050174,3.146480,-0.533135,1.040028,3.580121
1043,-0.431770,0.068700,3.598321,-0.354324,-0.080797,3.612391,-0.246678,-0.262205,3.438572,0.048105,-0.197149,3.068896,0.209221,0.069827,2.975280,0.049321,0.207946,3.011039,-0.272228,0.400006,3.479046,-0.052984,0.440495,3.256758,-0.131727,0.824022,3.172152,-0.603386,0.646409,3.497576,-0.345278,1.017279,3.194467,-0.410079,1.037609,3.631396
1044,-0.426549,0.064008,3.590608,-0.348392,-0.076734,3.604596,-0.256409,-0.267947,3.439151,0.037273,-0.202299,3.072216,0.200785,0.061094,2.974329,0.050815,0.207045,3.006121,-0.280021,0.390075,3.460202,-0.066357,0.434562,3.242236,-0.218628,0.788327,3.137125,-0.597180,0.611406,3.453527,-0.408629,1.019524,3.188583,-0.512175,1.020812,3.551842
1045,-0.422234,0.067917,3.597142,-0.346542,-0.081406,3.606901,-0.258700,-0.269660,3.441476,0.030269,-0.202111,3.069841,0.197536,0.053245,2.970616,0.047617,0.204889,3.010761,-0.276382,0.391805,3.475113,-0.058674,0.443598,3.252322,-0.132852,0.756032,3.095923,-0.601747,0.612089,3.509053,-0.382103,0.988552,3.161726,-0.477164,0.994246,3.546369
1046,-0.427932,0.077971,3.599804,-0.356666,-0.073852,3.609363,-0.276885,-0.264620,3.443462,0.020909,-0.204105,3.071396,0.193396,0.043049,2.963806,0.047508,0.201179,3.012414,-0.275739,0.390135,3.467118,-0.073908,0.436695,3.250312,-0.186251,0.737715,3.125007,-0.601280,0.592945,3.469792,-0.405994,0.910867,3.151495,-0.528592,0.960434,3.536586
1047,-0.435397,0.064205,3.595048,-0.349761,-0.090115,3.599731,-0.283891,-0.281221,3.440679,0.009869,-0.216542,3.046570,0.187139,0.027362,2.984283,0.043350,0.188922,3.010043,-0.273589,0.355674,3.446203,-0.081977,0.397846,3.223933,-0.225263,0.717674,3.081985,-0.599207,0.551943,3.493655,-0.399369,0.956623,3.093865,-0.543591,0.972127,3.582717
1048,-0.424345,0.072159,3.594206,-0.360530,-0.097592,3.601800,-0.296466,-0.280264,3.442326,0.005039,-0.218287,3.046923,0.179901,0.019738,2.980944,0.040082,0.190663,3.022947,-0.281086,0.372133,3.445468,-0.075674,0.413603,3.228396,-0.244628,0.678187,3.016513,-0.619438,0.552596,3.471307,-0.394731,0.936703,3.043046,-0.574975,0.951782,3.566565
1049,-0.426962,0.071965,3.596425,-0.361370,-0.097279,3.608092,-0.311938,-0.280623,3.432484,-0.002495,-0.218176,3.046858,0.177329,0.010405,2.980749,0.041667,0.197462,3.012207,-0.280361,0.367955,3.453742,-0.083859,0.414262,3.227571,-0.343504,0.696221,3.073463,-0.620607,0.563992,3.484125,-0.405553,0.925939,3.088072,-0.520594,0.941308,3.582682
1050,-0.429181,0.085553,3.604382,-0.362754,-0.089389,3.609757,-0.318787,-0.282767,3.437597,-0.003463,-0.212193,3.045799,0.181379,0.011128,2.988000,0.040866,0.202146,3.022797,-0.294266,0.378987,3.455964,-0.100667,0.430171,3.222851,-0.373025,0.737760,3.119925,-0.631201,0.605724,3.456704,-0.449689,0.943026,3.141253,-0.585217,0.970755,3.526654
1051,-0.432261,0.086371,3.609890,-0.363545,-0.097675,3.637962,-0.334007,-0.299189,3.413776,-0.009925,-0.233149,3.029758,0.175196,-0.005466,2.966188,0.044258,0.203877,3.019561,-0.292193,0.374179,3.453661,-0.097165,0.426342,3.225582,-0.417419,0.759832,3.208767,-0.624185,0.617184,3.464577,-0.493141,1.012307,3.213340,-0.610284,1.001432,3.524107
1052,-0.428785,0.077168,3.624153,-0.367656,-0.136236,3.650704,-0.337701,-0.374155,3.413516,-0.013540,-0.261626,3.009568,0.175494,-0.027200,2.929992,0.036984,0.202199,3.012144,-0.299657,0.316264,3.475159,-0.110672,0.383535,3.213127,-0.439729,0.676394,3.082603,-0.628878,0.541219,3.563224,-0.541627,1.004619,3.073087,-0.679017,1.013061,3.603362
1053,-0.443449,0.076195,3.607246,-0.443095,-0.158985,3.639262,-0.397905,-0.391471,3.383248,-0.028301,-0.311521,2.985636,0.160296,-0.051167,2.929072,0.041526,0.201451,3.008870,-0.331274,0.318857,3.431709,-0.097452,0.358361,3.180568,-0.335726,0.698799,3.063112,-0.633886,0.557065,3.491483,-0.333641,0.877175,3.072376,-0.482964,0.912282,3.598984
1054,-0.431852,0.078395,3.602348,-0.410807,-0.165199,3.625343,-0.395588,-0.386676,3.390059,-0.029714,-0.328273,2.989657,0.147986,-0.057588,2.924255,0.042309,0.200725,3.004870,-0.313613,0.306816,3.447854,-0.090008,0.341075,3.202352,-0.352481,0.665957,3.035526,-0.619888,0.556658,3.533162,-0.354299,0.906792,3.071859,-0.478413,0.956685,3.650739
1055,-0.433700,0.077407,3.617179,-0.402912,-0.170828,3.630794,-0.404527,-0.375213,3.386484,-0.035502,-0.323802,2.987211,0.157408,-0.060188,2.922598,0.043512,0.201172,3.007432,-0.319167,0.301090,3.443711,-0.101498,0.345473,3.191105,-0.386607,0.661981,2.983020,-0.619919,0.554515,3.563546,-0.323895,0.852311,3.049489,-0.457121,0.838373,3.646820
1056,-0.431150,0.079190,3.617453,-0.379948,-0.171511,3.621225,-0.393722,-0.410591,3.394211,-0.028823,-0.339143,2.985546,0.155082,-0.060192,2.918408,0.042174,0.203161,2.997131,-0.313112,0.309026,3.439712,-0.107736,0.347629,3.186855,-0.411684,0.717762,3.103252,-0.629220,0.629083,3.486505,-0.434841,0.962052,3.168280,-0.560305,0.974791,3.590019
1057,-0.436825,0.067867,3.599323,-0.397156,-0.175749,3.619433,-0.399877,-0.424085,3.384972,-0.035170,-0.367695,2.984073,0.155225,-0.064121,2.910603,0.046994,0.205668,2.998531,-0.309720,0.315642,3.448754,-0.100351,0.355546,3.196746,-0.413285,0.788928,3.180977,-0.592221,0.681941,3.476036,-0.364130,1.002099,3.252205,-0.469128,0.988192,3.591773
1058,-0.434006,0.054045,3.603038,-0.396521,-0.195415,3.609795,-0.388649,-0.435124,3.388425,-0.022517,-0.369573,2.979938,0.143805,-0.064923,2.913084,0.046969,0.204466,2.999307,-0.307532,0.330273,3.454676,-0.091996,0.368881,3.197869,-0.383373,0.817607,3.178087,-0.612850,0.707136,3.480120,-0.359377,0.997977,3.244509,-0.454117,1.009460,3.607372
1059,-0.434463,0.056318,3.603662,-0.394241,-0.205951,3.602772,-0.389245,-0.480727,3.397026,-0.012612,-0.386146,2.987364,0.152491,-0.063930,2.920646,0.051141,0.205000,2.994509,-0.300297,0.324791,3.459631,-0.073668,0.361105,3.198966,-0.326679,0.823556,3.167860,-0.539818,0.736224,3.484005,-0.303305,1.035148,3.234342,-0.384368,1.044115,3.610792
1060,-0.438640,0.060260,3.594834,-0.404859,-0.195184,3.603408,-0.395299,-0.489285,3.396831,-0.014607,-0.394886,2.981363,0.135662,-0.058105,2.915538,0.046548,0.205827,2.998840,-0.310559,0.314193,3.461630,-0.078357,0.357343,3.188705,-0.314183,0.812144,3.165960,-0.589823,0.711016,3.483327,-0.398199,0.988681,3.201735,-0.438965,1.005584,3.593242
1061,-0.441586,0.072161,3.605701,-0.404731,-0.189410,3.605303,-0.398715,-0.489114,3.401568,-0.009518,-0.407351,2.981995,0.135555,-0.051428,2.920415,0.046762,0.213358,2.995617,-0.314980,0.332344,3.469312,-0.076516,0.373814,3.196574,-0.331142,0.812017,3.175991,-0.617152,0.715362,3.470290,-0.382444,1.042800,3.231596,-0.412674,1.065883,3.602242
1062,-0.441255,0.080392,3.596578,-0.415352,-0.169391,3.602597,-0.398787,-0.483726,3.394339,-0.000976,-0.407527,2.985735,0.140188,-0.043561,2.921647,0.049313,0.211600,2.994774,-0.307804,0.338576,3.478536,-0.059826,0.380254,3.208099,-0.228418,0.797627,3.216391,-0.586152,0.757621,3.510128,-0.463278,1.045861,3.261955,-0.355805,1.150910,3.668341
1063,-0.439446,0.073684,3.608158,-0.417006,-0.207973,3.573343,-0.394651,-0.535651,3.395648,-0.002404,-0.425198,2.999000,0.132340,-0.048716,2.945937,0.043652,0.213059,2.994812,-0.316814,0.302170,3.471929,-0.071525,0.350590,3.204669,-0.270438,0.848468,3.219837,-0.562273,0.686015,3.473917,-0.389627,0.978012,3.275277,-0.368393,0.998040,3.604280
1064,-0.445674,0.065158,3.597906,-0.411904,-0.210190,3.573939,-0.388316,-0.564914,3.398713,-0.012721,-0.441754,2.997302,0.114535,-0.053664,2.944243,0.044569,0.203669,2.981332,-0.308497,0.281497,3.467883,-0.073939,0.336542,3.199355,-0.357755,0.828898,3.209903,-0.583673,0.641315,3.475511,-0.388784,0.978743,3.251123,-0.501412,1.003991,3.598549
1065,-0.453676,0.070586,3.598264,-0.421185,-0.199744,3.574271,-0.393277,-0.544466,3.400936,-0.016391,-0.453278,2.992488,0.108283,-0.053733,2.939492,0.047557,0.207412,2.986967,-0.322095,0.303338,3.478671,-0.074761,0.347827,3.200020,-0.284626,0.796139,3.208487,-0.591707,0.717994,3.495287,-0.405854,1.047508,3.256042,-0.482484,1.086851,3.619528
1066,-0.458965,0.064390,3.598035,-0.421668,-0.205861,3.577155,-0.393768,-0.558369,3.394754,-0.018973,-0.462721,2.989022,0.094889,-0.058010,2.938013,0.043448,0.211880,2.986027,-0.330016,0.286951,3.477468,-0.093607,0.339322,3.212850,-0.384503,0.807911,3.206152,-0.553904,0.688106,3.489870,-0.399016,0.994086,3.276660,-0.470564,0.975134,3.600858
1067,-0.441013,0.078271,3.603261,-0.419395,-0.189915,3.563046,-0.399019,-0.592842,3.408106,-0.022759,-0.481183,2.997486,0.085211,-0.067269,2.979104,0.048473,0.213428,2.992995,-0.338544,0.265626,3.471658,-0.101852,0.314398,3.201247,-0.321196,0.806849,3.212500,-0.585604,0.699739,3.488001,-0.518064,0.968416,3.253394,-0.556091,0.959874,3.561067
1068,-0.433402,0.075947,3.593765,-0.399177,-0.204049,3.537709,-0.397689,-0.621878,3.404979,-0.027163,-0.496490,3.007814,0.074212,-0.087723,2.999192,0.039245,0.206609,3.002704,-0.335872,0.243437,3.466904,-0.105188,0.286667,3.204122,-0.336513,0.818524,3.241623,-0.547107,0.716859,3.479228,-0.484571,0.933043,3.272171,-0.560910,0.929003,3.570521
1069,-0.419531,0.070182,3.602401,-0.379257,-0.222727,3.544395,-0.402223,-0.630167,3.401740,-0.034250,-0.519267,2.999094,0.069952,-0.089753,2.995766,0.045451,0.209511,2.997583,-0.341505,0.234973,3.451713,-0.109995,0.277453,3.194151,-0.300082,0.797709,3.205953,-0.577449,0.653399,3.486355,-0.476162,0.890394,3.250186,-0.505846,0.889123,3.570338
1070,-0.419315,0.076782,3.603755,-0.390941,-0.218535,3.538455,-0.403652,-0.619951,3.400426,-0.038815,-0.528608,2.997426,0.058749,-0.090951,2.988864,0.036188,0.206086,2.990001,-0.344480,0.245834,3.445795,-0.103972,0.281643,3.189117,-0.330314,0.809791,3.204054,-0.555092,0.720413,3.461361,-0.429753,0.919654,3.258774,-0.523312,0.901591,3.561679
1071,-0.409144,0.061352,3.599042,-0.371644,-0.244232,3.523212,-0.392312,-0.657728,3.404660,-0.047961,-0.549299,3.003116,0.030031,-0.114483,3.025337,0.035997,0.211703,3.025021,-0.342703,0.190493,3.472804,-0.128892,0.247885,3.220936,-0.389144,0.795572,3.239768,-0.547122,0.665143,3.492430,-0.467274,0.881352,3.290294,-0.546275,0.899559,3.574352
1072,-0.429265,0.077085,3.592239,-0.379283,-0.254621,3.515024,-0.391858,-0.657138,3.403183,-0.050473,-0.545255,3.001995,0.035921,-0.113463,3.024522,0.031869,0.215775,3.025733,-0.345773,0.181090,3.452134,-0.142574,0.244331,3.193893,-0.450303,0.765831,3.198132,-0.574296,0.674481,3.472446,-0.394274,0.910611,3.318247,-0.524573,0.888132,3.587593
1073,-0.409717,0.047936,3.599314,-0.406929,-0.273555,3.512082,-0.383889,-0.661970,3.401639,-0.057533,-0.574289,2.999681,0.005956,-0.151759,3.021292,0.028163,0.202191,3.019567,-0.354302,0.185620,3.449418,-0.145706,0.237184,3.196961,-0.397227,0.727172,3.206591,-0.555105,0.640342,3.457812,-0.473204,1.121747,3.284409,-0.594571,1.033961,3.519450
1074,-0.439142,0.078669,3.602714,-0.381282,-0.255924,3.523408,-0.387037,-0.660220,3.403082,-0.051805,-0.566418,2.998340,0.012423,-0.137384,3.019369,0.034061,0.214519,3.023791,-0.352296,0.178395,3.462571,-0.150029,0.239835,3.203746,-0.442323,0.737730,3.216600,-0.603289,0.607553,3.475799,-0.462030,1.171506,3.280274,-0.614803,1.105553,3.544610
1075,-0.401658,0.075462,3.620803,-0.361718,-0.257310,3.524627,-0.386072,-0.657720,3.404811,-0.050416,-0.565585,2.999038,0.012247,-0.132454,3.022712,0.026721,0.214478,3.019735,-0.363756,0.189282,3.459453,-0.156988,0.243430,3.193209,-0.394401,0.777852,3.208392,-0.550162,0.712933,3.481246,-0.513063,0.930072,3.318423,-0.525043,0.956239,3.599913
1076,-0.427024,0.059750,3.618506,-0.381962,-0.262260,3.523810,-0.395616,-0.657817,3.405908,-0.054108,-0.569567,3.002746,0.012381,-0.139371,3.027431,0.032302,0.212959,3.029697,-0.364953,0.190815,3.464574,-0.157007,0.240278,3.195067,-0.408496,0.760477,3.205822,-0.544925,0.716587,3.481138,-0.468131,1.001916,3.319925,-0.547106,0.998917,3.578098
1077,-0.445830,0.097403,3.613191,-0.390666,-0.239889,3.525308,-0.391397,-0.651941,3.407276,-0.055161,-0.570195,3.001042,0.010483,-0.150291,3.025511,0.023665,0.207254,3.017553,-0.357242,0.192301,3.460025,-0.150758,0.239258,3.194189,-0.422993,0.753405,3.218728,-0.556735,0.669454,3.481332,-0.434732,1.068804,3.315778,-0.567222,1.029366,3.571774
1078,-0.437114,0.130342,3.611300,-0.388075,-0.221225,3.524681,-0.396498,-0.648433,3.407752,-0.058808,-0.570904,3.001355,0.014431,-0.145528,3.019915,0.022361,0.204966,3.025542,-0.352899,0.190975,3.469113,-0.147105,0.237159,3.207648,-0.416715,0.776938,3.244870,-0.529417,0.692224,3.486274,-0.403715,1.028850,3.320241,-0.516297,1.008469,3.576922
1079,-0.422484,0.083724,3.613619,-0.379993,-0.246481,3.531818,-0.387096,-0.647222,3.405387,-0.048031,-0.556662,3.009016,0.019283,-0.137396,3.023877,0.028762,0.203537,3.029007,-0.355032,0.186628,3.463758,-0.146723,0.236403,3.203461,-0.439179,0.780933,3.219211,-0.494011,0.702798,3.493026,-0.382623,0.934281,3.318659,-0.486811,0.922184,3.570122
1080,-0.420970,0.079028,3.615041,-0.381351,-0.258465,3.527190,-0.387619,-0.650912,3.405578,-0.050237,-0.555283,3.008259,0.018986,-0.134948,3.023201,0.031976,0.210967,3.020037,-0.361334,0.203235,3.464846,-0.152047,0.255933,3.202426,-0.420306,0.796953,3.215384,-0.522015,0.741813,3.476767,-0.456408,0.990667,3.322191,-0.579055,0.968021,3.551877
1081,-0.424286,0.098664,3.610624,-0.376753,-0.234073,3.527871,-0.383262,-0.645541,3.401231,-0.049199,-0.553257,3.005848,0.023130,-0.127815,3.028259,0.034285,0.214576,3.019191,-0.351205,0.208380,3.463936,-0.154403,0.263521,3.202675,-0.437221,0.784649,3.208367,-0.589019,0.697102,3.467044,-0.461468,1.193624,3.271308,-0.603804,1.121655,3.536453
1082,-0.431198,0.079735,3.607739,-0.382448,-0.243618,3.527097,-0.376396,-0.650237,3.404592,-0.048310,-0.552895,3.004958,0.018956,-0.136446,3.028797,0.031428,0.212593,3.026245,-0.356778,0.186217,3.463959,-0.168293,0.243606,3.203088,-0.454026,0.755765,3.202909,-0.563369,0.657336,3.482542,-0.483031,1.030707,3.298408,-0.627467,1.001510,3.545054
1083,-0.426894,0.074222,3.605681,-0.382566,-0.241972,3.529601,-0.372434,-0.643601,3.406674,-0.056677,-0.539051,3.006708,0.026628,-0.124478,3.015102,0.022692,0.214068,3.018682,-0.341629,0.199202,3.460823,-0.151505,0.248460,3.199467,-0.489696,0.741888,3.198164,-0.569683,0.634489,3.464425,-0.388822,1.050130,3.292640,-0.531856,1.004887,3.548086
1084,-0.419014,0.071682,3.597743,-0.367527,-0.237706,3.529813,-0.368436,-0.632947,3.411477,-0.066756,-0.525449,3.006926,0.022865,-0.129210,3.014142,0.039704,0.212089,3.017995,-0.348038,0.218781,3.456075,-0.174486,0.270437,3.200163,-0.464545,0.763096,3.171442,-0.557890,0.666067,3.455292,-0.475305,1.097378,3.243056,-0.576151,1.094425,3.491791
1085,-0.393801,0.072413,3.613564,-0.374457,-0.239692,3.532828,-0.368882,-0.639633,3.406295,-0.054194,-0.522357,3.008033,0.024080,-0.121484,3.015152,0.033300,0.214086,3.011033,-0.351094,0.213537,3.459941,-0.161479,0.272029,3.203428,-0.484181,0.796691,3.189138,-0.546087,0.732315,3.469938,-0.430106,0.927286,3.298776,-0.533580,0.945148,3.556774
1086,-0.413145,0.085921,3.623482,-0.415143,-0.229511,3.584744,-0.361304,-0.602074,3.415595,-0.074110,-0.484981,2.994713,0.034371,-0.105497,2.955532,0.040990,0.215124,3.004055,-0.335260,0.243381,3.476087,-0.161186,0.303298,3.207572,-0.404516,0.766364,3.183615,-0.566585,0.723641,3.507235,-0.431092,1.194726,3.245995,-0.576062,1.184360,3.579435
1087,-0.430234,0.116308,3.625293,-0.408892,-0.180544,3.581776,-0.391776,-0.555776,3.422445,-0.056523,-0.462909,2.999108,0.043066,-0.095012,2.949565,0.042424,0.221335,3.011366,-0.325012,0.281322,3.488201,-0.119688,0.318306,3.212801,-0.351717,0.798418,3.186894,-0.566045,0.704409,3.539483,-0.287799,1.170425,3.264063,-0.455758,1.098759,3.645108
1088,-0.443794,0.110070,3.634079,-0.393471,-0.162996,3.595849,-0.402286,-0.527862,3.424659,-0.055680,-0.444949,3.002976,0.071450,-0.076644,2.962275,0.034177,0.220085,3.000520,-0.338789,0.288838,3.482212,-0.135608,0.336136,3.216979,-0.391266,0.835533,3.213604,-0.568870,0.722610,3.539650,-0.465603,0.939449,3.302033,-0.541169,0.920800,3.617942
1089,-0.450733,0.072246,3.624313,-0.393198,-0.201117,3.588452,-0.401753,-0.546642,3.418486,-0.061602,-0.435973,3.008110,0.075226,-0.076736,2.954912,0.041758,0.224855,2.999015,-0.332543,0.238419,3.473172,-0.141149,0.320533,3.223173,-0.437419,0.788533,3.172899,-0.580218,0.644439,3.502501,-0.437288,0.918501,3.233502,-0.536892,0.865809,3.610684
1090,-0.455409,0.094367,3.611430,-0.403777,-0.175507,3.611109,-0.405593,-0.503021,3.424573,-0.044892,-0.412439,3.004695,0.084243,-0.070863,2.915814,0.043104,0.225572,3.002842,-0.332601,0.305419,3.478764,-0.143193,0.359869,3.208826,-0.448903,0.816234,3.198196,-0.571481,0.684512,3.499956,-0.469229,1.045278,3.271461,-0.557857,1.030570,3.584710
1091,-0.456875,0.048629,3.611311,-0.405763,-0.189298,3.607015,-0.414144,-0.486507,3.421707,-0.058341,-0.393939,3.005503,0.096105,-0.067965,2.914567,0.035598,0.208357,2.996747,-0.324220,0.305448,3.478335,-0.129325,0.387686,3.212914,-0.367259,0.801548,3.086587,-0.618675,0.641615,3.550591,-0.392449,0.923871,3.142090,-0.494479,0.931637,3.670830
1092,-0.442663,0.037033,3.607065,-0.423953,-0.212602,3.599439,-0.408731,-0.503095,3.415578,-0.065933,-0.388072,3.008739,0.093297,-0.071866,2.926386,0.030941,0.202262,2.994591,-0.337830,0.290770,3.469346,-0.138000,0.364965,3.215642,-0.365115,0.801381,3.160927,-0.629988,0.660110,3.506215,-0.414884,0.919351,3.228199,-0.475303,0.906199,3.644817
1093,-0.462051,0.058722,3.608078,-0.394233,-0.189878,3.603292,-0.411374,-0.476971,3.422373,-0.044152,-0.386833,3.012060,0.081816,-0.071160,2.921955,0.026050,0.200521,2.986331,-0.327803,0.308869,3.475955,-0.113264,0.375555,3.216412,-0.384529,0.800029,3.134744,-0.619720,0.668472,3.502425,-0.378774,0.974291,3.194311,-0.473016,0.959850,3.629350
1094,-0.439342,0.052343,3.611066,-0.385834,-0.176983,3.616119,-0.417370,-0.446860,3.422268,-0.065092,-0.369820,3.014642,0.102161,-0.074606,2.901665,0.031719,0.192352,2.989101,-0.321270,0.318090,3.455663,-0.119277,0.376049,3.199510,-0.406619,0.787707,3.143806,-0.630314,0.681036,3.474746,-0.376948,0.949962,3.243683,-0.517077,0.944237,3.589595
1095,-0.445921,0.037718,3.597027,-0.412011,-0.206344,3.613343,-0.406930,-0.450860,3.418187,-0.061899,-0.358622,3.021980,0.127552,-0.077957,2.902382,0.037965,0.185342,2.984422,-0.315983,0.318968,3.463272,-0.104914,0.382193,3.202497,-0.350646,0.805091,3.187981,-0.627967,0.702806,3.473462,-0.435793,0.994461,3.244681,-0.399086,1.012564,3.616172
1096,-0.445062,0.063825,3.605742,-0.431029,-0.181742,3.613289,-0.419342,-0.424482,3.425486,-0.039358,-0.347446,3.022201,0.110107,-0.076002,2.906184,0.038249,0.181697,2.987996,-0.326963,0.334930,3.469686,-0.098947,0.382640,3.205400,-0.318446,0.828011,3.189133,-0.615441,0.710569,3.491206,-0.401114,1.047800,3.246981,-0.479112,1.058143,3.617639
1097,-0.447902,0.065727,3.605676,-0.427906,-0.178014,3.637455,-0.420390,-0.394761,3.413630,-0.054085,-0.322701,3.028956,0.128005,-0.075080,2.894619,0.033281,0.183943,2.990331,-0.321755,0.334377,3.457149,-0.108456,0.389153,3.213156,-0.347689,0.817329,3.159046,-0.626271,0.681809,3.484718,-0.407860,0.972914,3.245633,-0.474283,1.002691,3.622120
1098,-0.439135,0.070977,3.602731,-0.376697,-0.143875,3.642227,-0.400958,-0.378721,3.413034,-0.053372,-0.309091,3.021397,0.165502,-0.073170,2.894463,0.044027,0.190538,2.990175,-0.308625,0.364104,3.453417,-0.105623,0.404526,3.211119,-0.338843,0.787966,3.160765,-0.636160,0.623565,3.469929,-0.392210,1.072810,3.224478,-0.521410,1.057147,3.581004
1099,-0.433292,0.062256,3.609086,-0.369693,-0.136251,3.635401,-0.387925,-0.371297,3.421357,-0.057243,-0.303603,3.032605,0.170374,-0.071192,2.905721,0.036746,0.191530,2.995269,-0.304961,0.360530,3.466830,-0.104843,0.407432,3.220742,-0.352043,0.786379,3.151837,-0.664099,0.646156,3.460949,-0.377424,1.034803,3.214077,-0.458821,1.058382,3.581481
1100,-0.438986,0.068493,3.593691,-0.369171,-0.124083,3.638259,-0.388737,-0.342762,3.411612,-0.058841,-0.280880,3.039270,0.174198,-0.071231,2.907857,0.036440,0.190102,3.005331,-0.315311,0.376075,3.453716,-0.113115,0.406899,3.217434,-0.293825,0.755855,3.052283,-0.689291,0.608302,3.455956,-0.408154,0.978896,3.094835,-0.512867,1.041770,3.573745
1101,-0.429194,0.071067,3.602152,-0.355578,-0.115206,3.642410,-0.374514,-0.313881,3.413795,-0.056788,-0.261953,3.033518,0.181817,-0.063909,2.910042,0.027920,0.188993,3.000737,-0.306885,0.338832,3.461064,-0.113291,0.396297,3.219306,-0.371142,0.701730,3.023305,-0.655718,0.593352,3.483708,-0.392202,0.928909,3.086940,-0.500585,1.019720,3.618196
1102,-0.429372,0.064253,3.591722,-0.361955,-0.114017,3.630926,-0.365536,-0.303881,3.414343,-0.053875,-0.254972,3.040408,0.179838,-0.061516,2.931030,0.037645,0.193106,2.998527,-0.312625,0.356555,3.453098,-0.117986,0.400522,3.231123,-0.375264,0.666234,3.035143,-0.645711,0.542379,3.462950,-0.344938,0.845968,3.063904,-0.445862,0.866256,3.575692
1103,-0.429119,0.067482,3.593659,-0.350703,-0.108403,3.635905,-0.356373,-0.293358,3.425297,-0.030817,-0.235903,3.048325,0.192762,-0.052471,2.933167,0.041902,0.200075,3.000967,-0.312053,0.374213,3.455267,-0.111385,0.411161,3.219390,-0.343682,0.742618,3.037023,-0.612291,0.569084,3.483742,-0.333732,0.824006,3.078151,-0.433378,0.888211,3.606565
1104,-0.432617,0.083196,3.588316,-0.350460,-0.087127,3.632050,-0.344667,-0.288765,3.425551,-0.015353,-0.227102,3.041816,0.196329,-0.044358,2.927738,0.042631,0.196739,2.995752,-0.296312,0.348266,3.449983,-0.094499,0.400634,3.221294,-0.355333,0.664883,3.016251,-0.614964,0.488737,3.513992,-0.407907,0.908198,3.049166,-0.527719,0.897829,3.609930
1105,-0.430453,0.065869,3.592190,-0.356599,-0.100093,3.632324,-0.338158,-0.299207,3.418701,-0.008006,-0.225172,3.033380,0.197305,-0.040656,2.926913,0.039547,0.196634,2.995785,-0.297161,0.336852,3.455470,-0.094342,0.388276,3.215343,-0.365499,0.639767,3.033045,-0.607470,0.504787,3.503235,-0.458621,0.909049,3.030366,-0.590506,0.894809,3.592709
1106,-0.424421,0.067448,3.591263,-0.357341,-0.100232,3.624425,-0.333895,-0.285199,3.418405,-0.004120,-0.227459,3.048438,0.193215,-0.031753,2.941587,0.043152,0.198726,2.992868,-0.293494,0.340597,3.448275,-0.091291,0.383264,3.219697,-0.313290,0.635711,3.014705,-0.614702,0.477320,3.545377,-0.414946,0.838030,3.011365,-0.520353,0.873576,3.646091
1107,-0.426812,0.067105,3.578415,-0.360796,-0.097349,3.617044,-0.314561,-0.282767,3.423268,0.006588,-0.217778,3.047189,0.195379,-0.019690,2.950197,0.047312,0.194767,2.995497,-0.291904,0.348751,3.449071,-0.091993,0.386776,3.222706,-0.313421,0.615448,3.022616,-0.625048,0.453528,3.494003,-0.378975,0.796586,3.008011,-0.544727,0.828120,3.599375
1108,-0.428020,0.072211,3.589955,-0.369046,-0.091700,3.626028,-0.314471,-0.269520,3.427463,0.015636,-0.216002,3.046219,0.200216,-0.012659,2.949492,0.050523,0.196910,2.996876,-0.292508,0.350981,3.457387,-0.091737,0.389667,3.231120,-0.336021,0.630828,3.068903,-0.618279,0.507690,3.488847,-0.385392,0.886576,3.093426,-0.522337,0.856485,3.564835
1109,-0.425316,0.073747,3.588165,-0.373811,-0.081795,3.623465,-0.313759,-0.267879,3.423173,0.026659,-0.219872,3.055349,0.197014,-0.007969,2.953931,0.052081,0.194413,2.995336,-0.298017,0.344646,3.450655,-0.088120,0.383467,3.223770,-0.287002,0.665913,3.025222,-0.622180,0.489253,3.515542,-0.389651,0.923764,3.032347,-0.493142,0.878894,3.628557
1110,-0.426759,0.070934,3.588008,-0.378491,-0.079658,3.628422,-0.308114,-0.264639,3.432778,0.030410,-0.213634,3.069398,0.198032,0.003679,2.965106,0.051222,0.198672,3.001870,-0.289992,0.362567,3.461754,-0.076140,0.398123,3.244107,-0.258697,0.688681,3.052704,-0.650293,0.559976,3.521830,-0.404652,0.949579,3.112510,-0.528667,0.949564,3.609522
1111,-0.423536,0.065588,3.593401,-0.375523,-0.073507,3.625501,-0.310136,-0.257870,3.433489,0.037921,-0.213637,3.072514,0.197264,0.010268,2.965442,0.053653,0.201013,3.001200,-0.289990,0.376158,3.459114,-0.063088,0.405794,3.241674,-0.114102,0.703066,3.045469,-0.626676,0.573682,3.515840,-0.343299,0.936137,3.037332,-0.475795,0.997013,3.654546
1112,-0.423400,0.066128,3.591037,-0.368480,-0.076210,3.622450,-0.293984,-0.267385,3.432198,0.045590,-0.215506,3.073279,0.197868,0.014670,2.968964,0.052410,0.195906,3.003481,-0.289870,0.377519,3.458670,-0.064443,0.408355,3.247272,-0.145895,0.695271,3.035794,-0.642679,0.574839,3.504603,-0.354290,0.903214,3.037831,-0.484581,0.987521,3.643069
1113,-0.426152,0.068756,3.600723,-0.367844,-0.071865,3.621635,-0.289541,-0.263656,3.443894,0.047399,-0.213051,3.087348,0.203501,0.020748,2.978085,0.055656,0.195916,3.006006,-0.288391,0.391733,3.474099,-0.059920,0.425265,3.261571,-0.122422,0.737576,3.110790,-0.643836,0.592075,3.512559,-0.317488,0.974115,3.155484,-0.489260,1.023379,3.650075
1114,-0.410628,0.059375,3.599753,-0.323535,-0.083711,3.615537,-0.237417,-0.274810,3.451944,0.058288,-0.214036,3.090489,0.196398,0.033087,2.990048,0.056070,0.195304,3.010494,-0.270600,0.381483,3.468269,-0.051628,0.426660,3.259272,-0.143159,0.756069,3.093084,-0.587860,0.606584,3.483241,-0.354806,0.989074,3.118139,-0.465655,1.045869,3.616684
1115,-0.413014,0.064311,3.601783,-0.330312,-0.078839,3.619963,-0.237197,-0.265952,3.457099,0.061916,-0.215140,3.090998,0.193455,0.034711,2.990889,0.054732,0.193439,3.014169,-0.270966,0.383503,3.479383,-0.052734,0.425278,3.263990,-0.228612,0.748030,3.090938,-0.594121,0.609791,3.495228,-0.397480,1.024172,3.115528,-0.499908,1.061566,3.636328
1116,-0.416073,0.060752,3.601104,-0.328955,-0.080343,3.619969,-0.229833,-0.279135,3.449763,0.061116,-0.217412,3.089039,0.201402,0.033959,2.987588,0.050716,0.187242,3.007522,-0.273496,0.362820,3.476833,-0.067494,0.409293,3.264571,-0.252949,0.746100,3.097708,-0.596991,0.595948,3.516090,-0.406862,1.015810,3.112771,-0.523679,1.023826,3.640898
1117,-0.420050,0.072787,3.609266,-0.343160,-0.068312,3.634583,-0.230146,-0.274475,3.464769,0.065176,-0.214476,3.112332,0.201907,0.034583,2.985752,0.048410,0.196986,3.005011,-0.283413,0.369665,3.504468,-0.074237,0.423963,3.278604,-0.247746,0.721559,3.130804,-0.612464,0.574009,3.555796,-0.467685,0.997523,3.176575,-0.582123,1.021835,3.600021
1118,-0.407955,0.064282,3.608145,-0.339276,-0.058787,3.646154,-0.237094,-0.268450,3.469100,0.068725,-0.208131,3.123025,0.205567,0.034604,2.974067,0.049554,0.199230,3.004112,-0.285346,0.373031,3.509290,-0.061845,0.433256,3.291043,-0.182281,0.737480,3.127577,-0.603863,0.543599,3.555350,-0.427148,1.029259,3.193470,-0.542801,1.023205,3.622293
1119,-0.414043,0.074119,3.606778,-0.335814,-0.055494,3.642371,-0.233171,-0.268453,3.468382,0.077637,-0.209591,3.119389,0.208462,0.032496,2.983021,0.064309,0.195196,3.009108,-0.282267,0.387378,3.515277,-0.058188,0.440084,3.301367,-0.160426,0.775821,3.150007,-0.606176,0.585660,3.527281,-0.327499,1.056953,3.200962,-0.439689,1.017121,3.645439
1120,-0.397111,0.065508,3.609594,-0.314837,-0.062710,3.639730,-0.228116,-0.269138,3.470472,0.072794,-0.216012,3.124418,0.201937,0.030995,2.985980,0.057369,0.193382,3.009772,-0.276806,0.373322,3.507937,-0.071930,0.426834,3.291311,-0.309668,0.711769,3.112792,-0.601986,0.564386,3.510755,-0.473917,1.014808,3.159730,-0.575195,1.016196,3.601899
1121,-0.405839,0.066489,3.608981,-0.321236,-0.066116,3.643659,-0.224743,-0.266958,3.468888,0.071823,-0.215531,3.121266,0.202546,0.030246,2.984082,0.055054,0.191709,3.009233,-0.274919,0.372510,3.504565,-0.079970,0.424246,3.291486,-0.371959,0.693269,3.108313,-0.602171,0.556393,3.529066,-0.500499,1.035537,3.135532,-0.617239,1.031982,3.621048
1122,-0.416211,0.065412,3.605026,-0.341599,-0.056147,3.641791,-0.234305,-0.260574,3.468690,0.073028,-0.213645,3.118242,0.206502,0.029990,2.979677,0.054307,0.187720,3.005149,-0.263669,0.374873,3.499840,-0.056800,0.421116,3.284936,-0.245997,0.701987,3.098672,-0.605730,0.516689,3.567837,-0.418757,0.975965,3.159316,-0.524433,0.970751,3.642154
1123,-0.411032,0.066708,3.610709,-0.325725,-0.066269,3.642049,-0.232413,-0.262140,3.467268,0.077051,-0.208968,3.120012,0.207908,0.032597,2.977622,0.049905,0.193492,3.001675,-0.267163,0.380049,3.499050,-0.052640,0.423982,3.283643,-0.145005,0.744832,3.108063,-0.614771,0.540422,3.558892,-0.342633,0.972871,3.169125,-0.419568,0.965152,3.681221
1124,-0.404971,0.067648,3.610753,-0.330077,-0.062212,3.638427,-0.231895,-0.261714,3.465852,0.071951,-0.214554,3.124669,0.205343,0.031492,2.978279,0.055280,0.192398,3.004280,-0.274821,0.368693,3.495076,-0.064792,0.416781,3.279616,-0.229874,0.703632,3.066233,-0.597524,0.525686,3.558244,-0.445586,1.014813,3.113760,-0.566352,1.009494,3.632203
1125,-0.410510,0.068768,3.601484,-0.333656,-0.062071,3.627066,-0.229897,-0.266684,3.467321,0.071455,-0.212539,3.120095,0.203495,0.032776,2.990088,0.051923,0.199860,3.003115,-0.274730,0.366823,3.511375,-0.056558,0.423532,3.287338,-0.167348,0.743807,3.123289,-0.593053,0.542565,3.589713,-0.432003,1.018101,3.192657,-0.538822,1.039684,3.632761
1126,-0.421408,0.076762,3.609399,-0.340833,-0.048481,3.641292,-0.247065,-0.258318,3.467881,0.065408,-0.209171,3.123466,0.198852,0.032357,2.984954,0.048204,0.199274,3.007924,-0.282783,0.385723,3.508084,-0.061624,0.433615,3.283514,-0.214932,0.764891,3.108716,-0.606745,0.564974,3.535253,-0.436911,1.041024,3.132414,-0.559501,1.047541,3.607372
1127,-0.427013,0.071228,3.606679,-0.339179,-0.050040,3.624213,-0.252921,-0.263777,3.456276,0.047322,-0.218666,3.117088,0.185812,0.030846,2.988759,0.049917,0.201139,3.006775,-0.290739,0.373329,3.491890,-0.092439,0.421638,3.278250,-0.342687,0.695045,3.083416,-0.608240,0.596776,3.510648,-0.501786,0.980508,3.104695,-0.631262,1.040988,3.577027
1128,-0.420540,0.069161,3.602792,-0.339153,-0.057256,3.624417,-0.263098,-0.261422,3.458066,0.045891,-0.217400,3.119900,0.184936,0.029336,2.995522,0.055080,0.208681,3.011723,-0.289468,0.383453,3.500553,-0.079078,0.430672,3.281512,-0.247903,0.748026,3.114206,-0.604534,0.594189,3.540467,-0.461760,1.036551,3.142025,-0.596914,1.044818,3.598343
1129,-0.424463,0.060654,3.600985,-0.352598,-0.063861,3.608145,-0.270074,-0.272505,3.451995,0.036117,-0.227757,3.111187,0.181668,0.026152,3.003937,0.053972,0.203745,3.013154,-0.291392,0.371384,3.492519,-0.094125,0.427652,3.283288,-0.363414,0.692882,3.122161,-0.606264,0.602458,3.478471,-0.512720,0.976847,3.123941,-0.620495,1.008988,3.548415
1130,-0.433194,0.062465,3.603882,-0.352144,-0.065579,3.623006,-0.278513,-0.282486,3.448892,0.036950,-0.225235,3.084767,0.180941,0.023512,2.992868,0.055535,0.201766,3.010266,-0.286160,0.374758,3.484658,-0.075683,0.420155,3.261410,-0.224377,0.737489,3.104619,-0.596443,0.586804,3.495125,-0.433468,0.997587,3.131418,-0.619607,1.014659,3.541901
1131,-0.420845,0.050926,3.601489,-0.347197,-0.080515,3.622992,-0.281386,-0.292799,3.442705,0.030785,-0.222144,3.085618,0.179340,0.021669,3.000919,0.051667,0.199918,3.008257,-0.290502,0.369285,3.475070,-0.085086,0.418780,3.258861,-0.353202,0.694377,3.099570,-0.612286,0.596133,3.486647,-0.509903,0.983463,3.135268,-0.608633,1.032161,3.564299
1132,-0.426989,0.058195,3.607663,-0.360214,-0.081558,3.624315,-0.300039,-0.283610,3.449696,0.019261,-0.214135,3.078915,0.178973,0.020158,3.002815,0.045748,0.200894,3.014466,-0.304205,0.380626,3.487409,-0.094899,0.424423,3.268395,-0.355178,0.710815,3.112875,-0.622929,0.624810,3.491499,-0.503546,0.997213,3.139642,-0.629699,1.062970,3.573991
1133,-0.432221,0.067179,3.609187,-0.353245,-0.093517,3.627985,-0.307139,-0.296428,3.447768,0.008231,-0.215256,3.092375,0.182900,0.009879,2.995856,0.047440,0.204522,3.018338,-0.304954,0.377844,3.494586,-0.114742,0.430894,3.275580,-0.417742,0.721195,3.162072,-0.618554,0.614049,3.480061,-0.469336,1.026114,3.218716,-0.562621,1.037682,3.559947
1134,-0.439887,0.074535,3.603218,-0.367271,-0.095577,3.656744,-0.312034,-0.300319,3.445446,0.014334,-0.224281,3.056557,0.181792,-0.009629,2.958524,0.052287,0.203657,3.006980,-0.317075,0.376871,3.488004,-0.105446,0.414814,3.246747,-0.298717,0.741976,3.089794,-0.610928,0.595388,3.481180,-0.416226,0.968927,3.156647,-0.491211,1.023548,3.563494
1135,-0.441823,0.084120,3.603434,-0.381306,-0.082208,3.668567,-0.394117,-0.278978,3.440356,-0.049902,-0.216941,3.047329,0.164118,-0.037678,2.956856,0.052595,0.209319,3.012359,-0.338496,0.391102,3.462018,-0.149224,0.427309,3.222409,-0.419040,0.727824,3.101789,-0.634100,0.596005,3.467811,-0.455596,0.954110,3.122095,-0.547705,1.012559,3.568623
1136,-0.472875,0.089882,3.616626,-0.431060,-0.103533,3.688124,-0.429428,-0.289557,3.459643,-0.077433,-0.239247,3.049873,0.145700,-0.064396,2.918132,0.054077,0.210860,3.013572,-0.325976,0.386194,3.459703,-0.119354,0.416437,3.217416,-0.342792,0.735316,3.106607,-0.613689,0.602319,3.440834,-0.422566,0.958191,3.179849,-0.509647,1.028338,3.529792
1137,-0.452902,0.072846,3.608198,-0.416966,-0.144067,3.672999,-0.428368,-0.321206,3.444215,-0.077924,-0.250792,3.060376,0.156819,-0.070074,2.924754,0.049029,0.204870,3.006885,-0.313857,0.338463,3.465008,-0.117083,0.388959,3.231019,-0.378419,0.645318,3.062701,-0.630825,0.568455,3.461162,-0.496784,0.923503,3.136047,-0.628611,1.013704,3.520942
1138,-0.453387,0.069374,3.607068,-0.414137,-0.165491,3.667447,-0.426594,-0.357356,3.445519,-0.081072,-0.266478,3.030322,0.151711,-0.073286,2.911292,0.054040,0.205107,2.999821,-0.317680,0.312046,3.485119,-0.118411,0.388266,3.224612,-0.411780,0.706147,3.163164,-0.636071,0.564879,3.464323,-0.529871,0.982130,3.171751,-0.646288,1.018529,3.510441
1139,-0.463454,0.092015,3.607996,-0.423555,-0.154672,3.669053,-0.438281,-0.348386,3.439291,-0.093527,-0.280734,3.027552,0.139500,-0.079683,2.910950,0.056200,0.205796,2.995040,-0.331347,0.337941,3.470905,-0.121069,0.397554,3.215631,-0.338568,0.770988,3.188717,-0.633571,0.613583,3.469966,-0.426406,0.993061,3.205716,-0.534682,1.043469,3.567284
1140,-0.468485,0.098703,3.604963,-0.425488,-0.147688,3.662524,-0.448247,-0.343790,3.441862,-0.102859,-0.285662,3.026659,0.121000,-0.080602,2.915964,0.051991,0.211439,2.997835,-0.342388,0.345192,3.485396,-0.134032,0.408554,3.223919,-0.332355,0.794389,3.225013,-0.634290,0.591074,3.481243,-0.400827,0.918419,3.249988,-0.494496,0.955809,3.570246
1141,-0.473171,0.070086,3.596189,-0.454452,-0.176563,3.647495,-0.470562,-0.390860,3.429971,-0.142319,-0.319510,3.009887,0.078198,-0.085721,2.914086,0.053644,0.210849,3.009463,-0.355210,0.298274,3.465311,-0.160709,0.365652,3.197640,-0.422927,0.736879,3.144791,-0.630075,0.648446,3.473918,-0.381193,0.804124,3.191775,-0.477476,0.860419,3.552300
1142,-0.472778,0.060712,3.604871,-0.455564,-0.200002,3.634312,-0.469871,-0.455973,3.420968,-0.133659,-0.368039,3.002614,0.073252,-0.081326,2.919338,0.043236,0.208746,3.001988,-0.349395,0.265501,3.464814,-0.139752,0.342456,3.207220,-0.372852,0.732792,3.189269,-0.621724,0.574147,3.491327,-0.353517,0.807446,3.247584,-0.425153,0.795494,3.610726
1143,-0.469114,0.077734,3.600483,-0.433445,-0.200356,3.628806,-0.480793,-0.445461,3.427450,-0.132948,-0.390537,2.994443,0.057956,-0.083309,2.915564,0.040146,0.200136,2.995725,-0.354988,0.289009,3.467283,-0.141365,0.339125,3.200458,-0.342886,0.737339,3.141383,-0.638777,0.645466,3.491322,-0.353246,0.859226,3.155178,-0.435305,0.856365,3.618016
1144,-0.495812,0.072436,3.589181,-0.432159,-0.201407,3.628190,-0.485153,-0.448422,3.418123,-0.123286,-0.391275,2.991085,0.054407,-0.087379,2.919641,0.028778,0.198563,3.002803,-0.359869,0.303332,3.467421,-0.138439,0.352911,3.209485,-0.367027,0.766579,3.134362,-0.648293,0.694230,3.468406,-0.408371,0.889915,3.210870,-0.507431,0.890142,3.593305
1145,-0.468440,0.076792,3.583561,-0.464479,-0.183288,3.602170,-0.477150,-0.498771,3.416400,-0.135931,-0.433912,2.982306,0.053868,-0.084333,2.944314,0.031980,0.202131,2.999818,-0.353801,0.274141,3.456043,-0.140519,0.321673,3.189054,-0.410053,0.780966,3.157844,-0.625776,0.690404,3.471887,-0.393214,0.921632,3.242869,-0.485216,0.891428,3.598141
1146,-0.491881,0.127050,3.599722,-0.427298,-0.166436,3.568197,-0.488168,-0.524517,3.406263,-0.119340,-0.468861,2.977806,0.058169,-0.083357,3.001648,0.028968,0.202578,3.010102,-0.356782,0.253954,3.458853,-0.127124,0.297746,3.183445,-0.404081,0.836987,3.190120,-0.650861,0.727102,3.475295,-0.414048,1.016850,3.260602,-0.520309,0.950841,3.572963
1147,-0.480303,0.147248,3.602054,-0.432154,-0.149834,3.567386,-0.487835,-0.531201,3.405343,-0.107553,-0.479843,2.974868,0.048875,-0.082266,3.010203,0.035408,0.210818,3.014938,-0.365081,0.256812,3.463657,-0.130951,0.299667,3.194632,-0.414250,0.873365,3.203355,-0.592979,0.795708,3.483893,-0.376312,0.996957,3.305613,-0.505785,0.925021,3.590941
1148,-0.445275,0.046882,3.600621,-0.413485,-0.245167,3.550065,-0.457151,-0.630197,3.395176,-0.085515,-0.516957,2.972258,0.028187,-0.096878,3.006865,0.035265,0.213050,3.004931,-0.372931,0.224426,3.449102,-0.155641,0.288646,3.188351,-0.432433,0.857635,3.186500,-0.572805,0.733090,3.475887,-0.393756,0.912137,3.306251,-0.466936,0.878357,3.595772
1149,-0.450869,0.094416,3.601912,-0.390986,-0.239493,3.511883,-0.443247,-0.627402,3.388260,-0.098825,-0.552224,2.974353,-0.003850,-0.147126,3.032838,0.039864,0.223086,3.026345,-0.385213,0.207555,3.459555,-0.182702,0.266148,3.194243,-0.450661,0.798933,3.207355,-0.592712,0.649431,3.495048,-0.493381,1.016092,3.298241,-0.630196,0.990824,3.554243
1150,-0.440615,0.092498,3.597283,-0.377811,-0.245290,3.511691,-0.408328,-0.655419,3.385375,-0.106171,-0.570235,2.971767,-0.008502,-0.161580,3.028591,0.042946,0.220958,3.017673,-0.381729,0.217100,3.449005,-0.199560,0.276555,3.190767,-0.503858,0.760623,3.203669,-0.588950,0.651656,3.476716,-0.489221,1.008037,3.311307,-0.572358,0.939564,3.565870
1151,-0.441738,0.063161,3.577222,-0.386101,-0.269072,3.466709,-0.407169,-0.687406,3.364781,-0.089847,-0.584859,2.966312,-0.009749,-0.157369,3.015588,0.033321,0.213552,3.008657,-0.370247,0.191903,3.418312,-0.177384,0.253827,3.166487,-0.413330,0.703128,3.162220,-0.574404,0.627083,3.423290,-0.503608,1.105043,3.263719,-0.591771,1.046916,3.501368
1152,-0.373191,0.068101,3.577253,-0.368544,-0.247515,3.470450,-0.407166,-0.671410,3.374970,-0.072388,-0.586573,2.969877,0.010514,-0.155580,3.007398,0.033715,0.205952,3.019475,-0.361565,0.212012,3.444785,-0.145332,0.266742,3.191265,-0.415666,0.757616,3.224817,-0.566171,0.654617,3.469620,-0.473602,0.896916,3.321207,-0.530935,0.860912,3.556359
1153,-0.442600,0.077089,3.568244,-0.376099,-0.240763,3.476841,-0.397477,-0.662263,3.380604,-0.068646,-0.566083,2.971878,0.006148,-0.135784,3.011014,0.034583,0.209597,3.031490,-0.349998,0.223441,3.451984,-0.150652,0.283208,3.196239,-0.434385,0.762645,3.240752,-0.583348,0.634848,3.499722,-0.540317,1.032413,3.332223,-0.566730,0.998092,3.561077
1154,-0.413244,0.069186,3.577879,-0.376493,-0.245004,3.477932,-0.400041,-0.644588,3.381394,-0.066915,-0.549545,2.977368,0.005557,-0.115679,3.011394,0.032220,0.218414,3.030182,-0.363368,0.240249,3.438134,-0.156648,0.299267,3.183130,-0.423579,0.805416,3.196987,-0.583271,0.709982,3.444500,-0.443869,0.954924,3.321435,-0.514106,0.933934,3.550534
1155,-0.356638,0.063410,3.578580,-0.375050,-0.243627,3.480366,-0.371341,-0.645461,3.385164,-0.078327,-0.545571,2.981321,0.008837,-0.116422,3.014676,0.041607,0.225600,3.025066,-0.350132,0.253636,3.445795,-0.183189,0.319566,3.188095,-0.422380,0.791691,3.182674,-0.550388,0.686220,3.449509,-0.536309,0.992406,3.272326,-0.538559,1.009396,3.534633
1156,-0.368274,0.080744,3.581405,-0.387491,-0.228575,3.482247,-0.372612,-0.633991,3.388057,-0.073844,-0.538404,2.977419,0.006408,-0.116848,3.007763,0.037340,0.223316,3.036701,-0.341844,0.239178,3.445512,-0.157802,0.307054,3.183437,-0.452323,0.773735,3.180278,-0.565774,0.687857,3.463300,-0.511284,0.929511,3.289731,-0.571138,0.874610,3.545686
1157,-0.445331,0.057854,3.580197,-0.398230,-0.225687,3.492027,-0.382794,-0.619279,3.390697,-0.083383,-0.525655,2.979641,0.019172,-0.113480,3.011134,0.046589,0.223851,3.023925,-0.323443,0.233123,3.443726,-0.155600,0.306512,3.183161,-0.421384,0.711099,3.190461,-0.570467,0.598280,3.461129,-0.391323,1.162313,3.272290,-0.482603,1.017833,3.538697
1158,-0.434885,0.038584,3.596804,-0.390213,-0.217215,3.497190,-0.384392,-0.607684,3.398257,-0.095347,-0.508554,2.978015,0.019271,-0.103508,3.002554,0.045236,0.227628,3.029948,-0.315233,0.242509,3.471941,-0.146465,0.319686,3.193050,-0.466010,0.751638,3.209586,-0.590005,0.678904,3.502419,-0.383563,1.024227,3.349887,-0.509517,0.929020,3.627965
1159,-0.442213,0.063325,3.586442,-0.363920,-0.195861,3.504630,-0.407273,-0.589319,3.396705,-0.080647,-0.497285,2.976649,0.038730,-0.088963,3.011054,0.044704,0.241495,3.044349,-0.321986,0.241073,3.466672,-0.142619,0.323148,3.198486,-0.410020,0.773685,3.197091,-0.577318,0.650330,3.495300,-0.336179,1.059209,3.301234,-0.456364,1.003744,3.629970
1160,-0.410305,0.066471,3.617134,-0.403083,-0.202507,3.594753,-0.386656,-0.559564,3.407395,-0.094235,-0.453043,2.970788,0.022137,-0.077408,2.961972,0.034290,0.241133,3.011093,-0.317502,0.250729,3.480745,-0.150190,0.331180,3.215132,-0.449473,0.797481,3.207847,-0.605416,0.652123,3.533938,-0.409736,0.952202,3.292540,-0.518178,0.889202,3.647457
1161,-0.443750,0.042584,3.592808,-0.425803,-0.180079,3.580935,-0.401597,-0.521847,3.411553,-0.093798,-0.432859,2.971488,0.048523,-0.060136,2.964988,0.039786,0.238626,2.991571,-0.330661,0.288130,3.471941,-0.152702,0.360590,3.201609,-0.390861,0.772062,3.217305,-0.566432,0.674126,3.510165,-0.414719,1.087137,3.336405,-0.509476,0.995819,3.637633
1162,-0.472811,0.058740,3.613444,-0.395798,-0.129372,3.585564,-0.429113,-0.492791,3.408226,-0.071749,-0.422911,2.974593,0.073461,-0.037639,2.966305,0.032932,0.240144,2.992232,-0.322812,0.309874,3.472413,-0.125203,0.376668,3.213287,-0.422339,0.819321,3.176717,-0.619759,0.640091,3.488834,-0.368246,1.035848,3.259633,-0.476761,0.948573,3.612316
1163,-0.475960,0.034852,3.587905,-0.425120,-0.139365,3.610303,-0.431832,-0.437390,3.420610,-0.075922,-0.370968,2.979453,0.085393,-0.035738,2.941717,0.033433,0.218278,3.005848,-0.339233,0.348082,3.465442,-0.129765,0.409074,3.212760,-0.387041,0.841103,3.172716,-0.642921,0.684951,3.478745,-0.399501,0.980653,3.276167,-0.491006,0.940626,3.599045
1164,-0.472650,0.059575,3.610201,-0.432813,-0.130580,3.633890,-0.434742,-0.364941,3.450988,-0.083198,-0.315998,3.024132,0.088507,-0.047811,2.939110,0.032020,0.205320,3.006275,-0.324311,0.357618,3.482792,-0.125559,0.409564,3.223411,-0.356361,0.741080,3.098709,-0.636654,0.603062,3.468006,-0.440828,0.844902,3.186730,-0.490269,0.869968,3.534434
1165,-0.462786,0.056709,3.608261,-0.407775,-0.130393,3.624548,-0.432359,-0.311074,3.456213,-0.067820,-0.282666,3.012934,0.087763,-0.056268,2.943504,0.037591,0.206217,3.010259,-0.325075,0.363313,3.462014,-0.113887,0.405218,3.207272,-0.265782,0.708408,3.058656,-0.612762,0.567467,3.441175,-0.378640,0.800721,3.108735,-0.438882,0.767985,3.490128
1166,-0.461102,0.066707,3.617292,-0.412979,-0.104644,3.632820,-0.431079,-0.313191,3.454256,-0.093320,-0.278614,3.033076,0.109321,-0.069862,2.937357,0.047392,0.202704,3.004892,-0.324510,0.352262,3.469486,-0.098832,0.391725,3.228304,-0.129451,0.718463,3.086789,-0.624603,0.592590,3.493901,-0.366695,0.889427,3.164849,-0.397149,0.905275,3.640765
1167,-0.466076,0.092056,3.623393,-0.394809,-0.106849,3.629276,-0.426259,-0.300666,3.464255,-0.088280,-0.264524,3.016340,0.138815,-0.062548,2.938891,0.045526,0.209304,3.005448,-0.317216,0.343948,3.439452,-0.109656,0.384090,3.227017,-0.269094,0.672182,3.118973,-0.602555,0.562171,3.465363,-0.348963,0.819189,3.194653,-0.332413,0.829835,3.552619
1168,-0.447333,0.071065,3.616715,-0.417589,-0.117518,3.649692,-0.401664,-0.266055,3.465294,-0.074200,-0.245162,3.044797,0.163620,-0.059854,2.947743,0.057195,0.207217,3.004219,-0.312578,0.349663,3.474026,-0.097254,0.398640,3.235183,-0.286372,0.762113,3.087311,-0.647867,0.582464,3.452658,-0.404394,0.847411,3.198502,-0.482616,0.880448,3.541063
1169,-0.439630,0.058405,3.607999,-0.402971,-0.121837,3.665262,-0.380368,-0.247126,3.443090,-0.083600,-0.201020,3.050073,0.162607,-0.046606,2.964084,0.061560,0.201801,3.006867,-0.305368,0.368975,3.490011,-0.099330,0.420978,3.254994,-0.305567,0.698519,3.056885,-0.667959,0.558773,3.473958,-0.392062,0.859702,3.126006,-0.483458,0.935902,3.596123
1170,-0.439826,0.072252,3.617816,-0.360164,-0.110948,3.670342,-0.364282,-0.264686,3.448099,-0.066972,-0.192322,3.058886,0.164647,-0.037673,2.968110,0.054537,0.198340,3.008039,-0.319815,0.354563,3.487081,-0.123521,0.418341,3.256493,-0.276873,0.695025,3.044355,-0.628993,0.511994,3.523177,-0.383520,0.779947,3.101135,-0.461793,0.839990,3.652110
1171,-0.431737,0.066961,3.613167,-0.391531,-0.113290,3.662996,-0.355469,-0.279526,3.449490,-0.058218,-0.215083,3.057233,0.176798,-0.036548,2.971136,0.055539,0.197697,3.001342,-0.324194,0.355272,3.489913,-0.127604,0.414727,3.252693,-0.337268,0.653365,3.035876,-0.677438,0.522905,3.499179,-0.374042,0.745532,3.066832,-0.455925,0.765221,3.617934
1172,-0.438500,0.083332,3.610527,-0.400799,-0.080691,3.669839,-0.358231,-0.263702,3.445548,-0.027706,-0.221841,3.064514,0.188858,-0.032652,2.969009,0.054590,0.195852,2.999675,-0.324175,0.377491,3.495636,-0.113560,0.415770,3.261190,-0.286667,0.654924,3.081604,-0.668760,0.534662,3.488611,-0.370025,0.800727,3.101793,-0.448015,0.825335,3.591197
1173,-0.425940,0.069101,3.610035,-0.389216,-0.076053,3.645549,-0.338700,-0.273904,3.443017,-0.015349,-0.231459,3.081362,0.181091,-0.024273,2.972066,0.052133,0.195455,2.995313,-0.328342,0.365366,3.494449,-0.123053,0.410200,3.260074,-0.307017,0.522057,3.011531,-0.634213,0.455040,3.588734,-0.380731,0.774069,2.949188,-0.494687,0.883312,3.631803
1174,-0.434899,0.065689,3.612366,-0.405733,-0.065422,3.644935,-0.339119,-0.277401,3.430036,-0.019067,-0.226753,3.079264,0.186935,-0.013694,2.970710,0.057087,0.194833,2.997977,-0.320469,0.341284,3.475244,-0.125385,0.405900,3.255084,-0.384521,0.611405,3.000715,-0.621175,0.450736,3.532684,-0.334188,0.734640,3.013155,-0.421387,0.756740,3.645465
1175,-0.429359,0.074740,3.604637,-0.358547,-0.084931,3.650861,-0.323204,-0.278308,3.435378,-0.005183,-0.227448,3.080320,0.179609,-0.010691,2.967746,0.057982,0.193854,2.991017,-0.314961,0.344250,3.485902,-0.107884,0.401497,3.260123,-0.332434,0.657746,3.054201,-0.629933,0.434568,3.570841,-0.416432,0.832183,3.082695,-0.523749,0.875134,3.667465
1176,-0.437180,0.077055,3.599492,-0.374555,-0.073955,3.606724,-0.321852,-0.266418,3.433391,0.020508,-0.211882,3.100460,0.183204,-0.000845,2.988927,0.049562,0.192859,3.005720,-0.312519,0.360951,3.482859,-0.102505,0.413427,3.285702,-0.252358,0.725537,3.115750,-0.635673,0.499955,3.555957,-0.380187,0.845457,3.135896,-0.453603,0.839721,3.693248
1177,-0.423347,0.052547,3.586481,-0.359073,-0.069078,3.599611,-0.296139,-0.265323,3.425730,0.018667,-0.196188,3.083931,0.181470,0.013248,2.988776,0.052083,0.191819,3.005601,-0.306742,0.360209,3.478700,-0.104645,0.428561,3.279616,-0.307088,0.735334,3.141675,-0.618656,0.526737,3.491575,-0.391876,0.851126,3.137777,-0.480102,0.809535,3.586644
1178,-0.430388,0.039884,3.593281,-0.342303,-0.083452,3.615333,-0.261033,-0.266917,3.443070,0.039948,-0.199011,3.083996,0.177730,0.022570,2.994038,0.044597,0.190603,3.003293,-0.291594,0.370965,3.495044,-0.088304,0.429188,3.279419,-0.357979,0.721498,3.158456,-0.654949,0.597694,3.482514,-0.415878,0.908487,3.152446,-0.545059,0.934277,3.598431
1179,-0.416410,0.051599,3.602280,-0.329799,-0.065015,3.609734,-0.234046,-0.255984,3.448488,0.060730,-0.205097,3.081013,0.186337,0.038345,2.988513,0.053155,0.187950,3.006140,-0.278793,0.364618,3.499202,-0.071453,0.413613,3.292438,-0.240623,0.679780,3.122715,-0.588195,0.563938,3.523796,-0.350099,0.957716,3.134982,-0.491618,0.978044,3.657176
1180,-0.419499,0.056312,3.593882,-0.337415,-0.062841,3.609175,-0.223111,-0.248819,3.452087,0.066427,-0.201821,3.084533,0.192616,0.045642,2.998015,0.050376,0.179889,3.005162,-0.279206,0.365978,3.488233,-0.073470,0.417059,3.268631,-0.294211,0.733882,3.149837,-0.611129,0.612443,3.486708,-0.389537,0.996907,3.158882,-0.506774,1.015605,3.583228
1181,-0.413407,0.050482,3.600444,-0.335952,-0.074381,3.632240,-0.219603,-0.244571,3.453131,0.072852,-0.188661,3.092525,0.199716,0.058695,2.974671,0.052860,0.185882,3.009644,-0.256187,0.375693,3.490322,-0.041571,0.430331,3.270008,-0.181535,0.760325,3.137076,-0.590557,0.570589,3.544040,-0.331736,1.041665,3.235979,-0.439891,0.977496,3.619481
1182,-0.418257,0.060218,3.597280,-0.355797,-0.062788,3.637295,-0.230087,-0.244153,3.452794,0.076385,-0.187752,3.098066,0.210422,0.074138,2.972624,0.051486,0.197727,3.015642,-0.252966,0.377708,3.480994,-0.030567,0.428985,3.257615,-0.097788,0.747607,3.113423,-0.589506,0.482679,3.588063,-0.322257,1.016937,3.225306,-0.455657,0.973205,3.662040
1183,-0.417069,0.053095,3.598387,-0.355399,-0.070199,3.636718,-0.221586,-0.252985,3.454940,0.082401,-0.189274,3.097056,0.214617,0.075994,2.981794,0.051230,0.196896,3.009418,-0.242230,0.370160,3.474226,-0.015963,0.414224,3.259712,-0.002937,0.712850,3.089399,-0.562786,0.472324,3.560679,-0.285197,1.047414,3.172179,-0.556048,0.957774,3.611358
1184,-0.415871,0.048093,3.598823,-0.353308,-0.076398,3.635841,-0.216262,-0.259929,3.452415,0.090361,-0.183549,3.092296,0.219857,0.083227,2.978944,0.053878,0.192259,3.003316,-0.245382,0.384286,3.478610,-0.020267,0.432001,3.258592,0.039237,0.698780,3.068342,-0.555984,0.534860,3.573194,-0.259681,1.051183,3.163536,-0.397444,1.025309,3.664482
1185,-0.416946,0.052129,3.603794,-0.356959,-0.075812,3.642432,-0.215230,-0.258487,3.454793,0.092324,-0.185907,3.098418,0.210624,0.085109,2.974747,0.055446,0.193669,3.003935,-0.250290,0.391774,3.487770,-0.022196,0.426313,3.256365,-0.006374,0.754633,3.139157,-0.567500,0.581168,3.544457,-0.229283,1.093766,3.196118,-0.458463,1.066645,3.601826
1186,-0.412586,0.056498,3.604120,-0.356514,-0.073564,3.639632,-0.214072,-0.259756,3.454407,0.089858,-0.187383,3.093691,0.211326,0.086348,2.978049,0.053451,0.194019,3.010137,-0.252445,0.395082,3.483623,-0.022315,0.435816,3.261479,-0.050705,0.776739,3.139682,-0.550966,0.594633,3.557535,-0.298089,1.063242,3.209329,-0.432891,1.035558,3.633913
1187,-0.419798,0.061041,3.600192,-0.353557,-0.073105,3.633737,-0.219383,-0.260037,3.453503,0.090325,-0.185846,3.095479,0.215180,0.084560,2.974880,0.052233,0.189396,3.009415,-0.259838,0.390111,3.493332,-0.022760,0.437071,3.272674,0.018861,0.802058,3.180909,-0.563733,0.619657,3.569617,-0.280260,1.115079,3.241404,-0.526048,1.084022,3.627429
1188,-0.419521,0.069545,3.602377,-0.351092,-0.055634,3.643945,-0.220895,-0.254534,3.457288,0.091639,-0.183493,3.089682,0.216741,0.084912,2.989607,0.059936,0.189720,3.007210,-0.264536,0.410674,3.494362,-0.031346,0.455673,3.273321,-0.132720,0.860969,3.212166,-0.565040,0.683261,3.518766,-0.369590,1.145510,3.256443,-0.461887,1.109746,3.585369
1189,-0.422619,0.071403,3.602631,-0.352102,-0.055394,3.644923,-0.225555,-0.262914,3.459394,0.083088,-0.185680,3.092465,0.212223,0.084457,2.993473,0.055616,0.188352,3.013957,-0.276885,0.409347,3.507440,-0.058463,0.448387,3.280160,-0.176081,0.751194,3.121803,-0.589143,0.654712,3.535147,-0.407174,1.055398,3.205886,-0.525991,1.094015,3.594671
1190,-0.420952,0.062804,3.604134,-0.353538,-0.056453,3.644399,-0.226454,-0.258112,3.457690,0.076587,-0.184787,3.090779,0.210301,0.088075,2.990140,0.047048,0.190097,3.017408,-0.284815,0.406693,3.507894,-0.059220,0.455912,3.278307,-0.199818,0.805944,3.140744,-0.619021,0.649882,3.535677,-0.374446,1.057349,3.236096,-0.424915,1.058211,3.629585
1191,-0.425087,0.057793,3.592463,-0.358462,-0.054221,3.644264,-0.230919,-0.261160,3.453343,0.075424,-0.191530,3.096186,0.209778,0.086155,2.983876,0.051940,0.188357,3.014137,-0.300859,0.408222,3.522591,-0.065213,0.460077,3.288431,-0.155154,0.751858,3.106485,-0.611517,0.621186,3.563227,-0.361662,1.099809,3.220766,-0.446553,1.093974,3.617878
1192,-0.413402,0.051744,3.596322,-0.335344,-0.056391,3.646569,-0.219553,-0.274452,3.452670,0.076731,-0.182575,3.086889,0.204389,0.087173,2.982598,0.056498,0.189469,3.005572,-0.285737,0.400382,3.534239,-0.099637,0.465044,3.293344,-0.382709,0.762777,3.161942,-0.631209,0.623611,3.526537,-0.455631,1.079730,3.258312,-0.546550,1.071008,3.554928
1193,-0.414653,0.059395,3.599687,-0.339176,-0.059874,3.640266,-0.221626,-0.261866,3.454401,0.080355,-0.178410,3.084913,0.212417,0.089963,2.986788,0.052548,0.189775,3.010184,-0.280482,0.406359,3.533436,-0.096219,0.469320,3.288999,-0.376088,0.755821,3.125188,-0.636184,0.609379,3.558326,-0.451402,1.056766,3.260944,-0.524557,1.033166,3.596394
1194,-0.411631,0.057294,3.591626,-0.341126,-0.060223,3.643147,-0.223688,-0.265022,3.455629,0.081385,-0.180306,3.090245,0.209544,0.090035,2.993071,0.054281,0.193646,3.017725,-0.302472,0.397170,3.536798,-0.101357,0.464137,3.294310,-0.406734,0.724699,3.135165,-0.620426,0.589971,3.556708,-0.495046,1.086431,3.250363,-0.586440,1.047136,3.579628
1195,-0.421235,0.061525,3.597766,-0.344925,-0.051801,3.639599,-0.224874,-0.262315,3.454796,0.083737,-0.177398,3.085975,0.211749,0.093037,2.993441,0.055103,0.198062,3.014441,-0.294606,0.406203,3.528314,-0.110043,0.468486,3.286963,-0.408052,0.765558,3.109644,-0.629057,0.648459,3.517588,-0.443574,1.066385,3.230999,-0.540696,1.078167,3.566399
1196,-0.419626,0.059234,3.600758,-0.342856,-0.050003,3.648328,-0.225743,-0.265782,3.456525,0.085268,-0.177173,3.089805,0.208412,0.092261,2.995306,0.049266,0.199584,3.018551,-0.298261,0.411840,3.538296,-0.105406,0.467189,3.295732,-0.408536,0.748167,3.131597,-0.629942,0.631363,3.536337,-0.477388,1.130787,3.267091,-0.563909,1.110968,3.593777
1197,-0.412650,0.059794,3.591772,-0.341493,-0.048234,3.640278,-0.224548,-0.265880,3.455745,0.080508,-0.180619,3.088978,0.208211,0.092376,2.982569,0.054780,0.198137,3.011040,-0.293147,0.391956,3.532843,-0.114005,0.462697,3.287717,-0.418672,0.730673,3.114675,-0.628892,0.592859,3.514437,-0.438538,1.090259,3.264749,-0.495185,1.063305,3.602285
1198,-0.416206,0.065943,3.600075,-0.335560,-0.052381,3.640218,-0.225706,-0.269191,3.455969,0.079049,-0.184550,3.090605,0.209107,0.091814,2.992835,0.046629,0.198278,3.013363,-0.303772,0.393433,3.541683,-0.121951,0.454808,3.302046,-0.431242,0.757564,3.163732,-0.641886,0.607837,3.529249,-0.395589,1.078560,3.307066,-0.489030,1.042450,3.600392
1199,-0.421509,0.068329,3.597367,-0.339280,-0.048306,3.638975,-0.223609,-0.265270,3.455760,0.078110,-0.182289,3.089654,0.211543,0.094255,2.999510,0.051796,0.203333,3.013301,-0.301375,0.403177,3.531850,-0.116750,0.461784,3.296162,-0.451389,0.756464,3.168743,-0.635765,0.589627,3.517838,-0.454778,1.122781,3.310202,-0.590203,1.074835,3.561579
1200,-0.426715,0.061836,3.596519,-0.349630,-0.053930,3.636751,-0.231512,-0.259400,3.459786,0.084654,-0.179549,3.093529,0.209163,0.094087,2.990310,0.052355,0.204817,3.010219,-0.297408,0.403717,3.530402,-0.090953,0.456108,3.282722,-0.356342,0.755059,3.094308,-0.625749,0.588321,3.570936,-0.390560,1.078717,3.217253,-0.489688,1.042437,3.596108
1201,-0.413712,0.060061,3.596376,-0.332168,-0.037557,3.644679,-0.223261,-0.265260,3.460457,0.087968,-0.180013,3.095914,0.212374,0.086996,2.982098,0.057804,0.196284,3.008465,-0.298806,0.409845,3.533245,-0.095612,0.468250,3.292847,-0.340613,0.751886,3.112514,-0.628777,0.575172,3.553498,-0.428396,1.080595,3.251279,-0.514508,1.046304,3.596568
1202,-0.417002,0.066648,3.600649,-0.332841,-0.056875,3.641253,-0.223491,-0.269822,3.447768,0.079332,-0.183975,3.082809,0.205978,0.082957,2.971105,0.050259,0.192541,3.007058,-0.295565,0.387900,3.516744,-0.111022,0.445348,3.272933,-0.422711,0.697426,3.087574,-0.629441,0.588703,3.523232,-0.502720,1.073839,3.205030,-0.591550,1.030807,3.531749
1203,-0.405048,0.052109,3.595721,-0.327064,-0.064101,3.645932,-0.213705,-0.272403,3.450535,0.080517,-0.185087,3.087140,0.207073,0.085049,2.969399,0.046294,0.187877,3.007210,-0.282944,0.388600,3.528145,-0.108690,0.451160,3.277496,-0.421053,0.729833,3.096500,-0.640503,0.598729,3.551233,-0.398153,1.038018,3.236388,-0.485048,1.012949,3.606594
1204,-0.404045,0.046477,3.599272,-0.326933,-0.065689,3.649805,-0.213129,-0.271215,3.454632,0.077513,-0.182676,3.087404,0.205610,0.084415,2.973706,0.046407,0.186486,3.006556,-0.274220,0.393673,3.525846,-0.107781,0.451402,3.275892,-0.439089,0.718292,3.103262,-0.638492,0.591194,3.541687,-0.412862,1.029916,3.234771,-0.532681,1.008783,3.565267
1205,-0.418272,0.052784,3.595785,-0.337076,-0.059320,3.642211,-0.220914,-0.267042,3.455554,0.081748,-0.180001,3.092007,0.209440,0.085316,2.991289,0.045790,0.188158,3.012151,-0.302926,0.390409,3.522683,-0.108100,0.448803,3.278477,-0.395023,0.741527,3.099696,-0.634233,0.589941,3.530648,-0.419626,1.028016,3.237557,-0.513237,1.027058,3.595399
1206,-0.422475,0.055201,3.603647,-0.342743,-0.051837,3.645578,-0.223093,-0.265760,3.460707,0.083990,-0.177370,3.087927,0.210685,0.090027,2.987126,0.049960,0.193041,3.012855,-0.273579,0.394395,3.528684,-0.093153,0.447128,3.278921,-0.375771,0.735645,3.113315,-0.629568,0.603284,3.551463,-0.454072,1.051822,3.218226,-0.535949,1.069139,3.602853
1207,-0.415589,0.058935,3.603486,-0.339302,-0.056339,3.646146,-0.219986,-0.266813,3.460714,0.081752,-0.184036,3.089210,0.207781,0.088211,2.988225,0.050168,0.193261,3.015129,-0.267734,0.380903,3.525046,-0.088777,0.439960,3.279400,-0.374439,0.737875,3.097929,-0.624753,0.573525,3.578686,-0.422217,0.993130,3.191118,-0.520274,1.008871,3.673535
1208,-0.414155,0.053841,3.603661,-0.341830,-0.065846,3.647108,-0.218258,-0.266200,3.458733,0.081997,-0.183277,3.089088,0.208760,0.086635,2.988902,0.051831,0.189445,3.014209,-0.292863,0.389856,3.516001,-0.089157,0.443937,3.272307,-0.353473,0.774289,3.123819,-0.631326,0.623715,3.527615,-0.427011,1.042545,3.229680,-0.570867,1.053670,3.586481
1209,-0.418298,0.056110,3.600894,-0.341906,-0.065562,3.643530,-0.222610,-0.265007,3.461491,0.084313,-0.180525,3.091398,0.207153,0.086509,2.984286,0.049212,0.186669,3.017111,-0.295214,0.395146,3.527842,-0.080950,0.454021,3.289471,-0.301478,0.795251,3.120414,-0.626657,0.596856,3.587159,-0.382262,1.022830,3.233147,-0.493755,1.031149,3.698519
1210,-0.416668,0.050908,3.604590,-0.337351,-0.063336,3.641742,-0.218522,-0.269335,3.458952,0.076965,-0.187117,3.087538,0.211141,0.086976,2.985729,0.043471,0.186135,3.015421,-0.289987,0.391066,3.516951,-0.087753,0.447579,3.279603,-0.363095,0.731750,3.094211,-0.621210,0.586880,3.580733,-0.388902,1.038107,3.200263,-0.512303,1.034357,3.659544
1211,-0.418008,0.055376,3.605364,-0.338830,-0.064243,3.645700,-0.221450,-0.267365,3.457701,0.080658,-0.183377,3.089948,0.211769,0.086888,2.980444,0.043484,0.185599,3.009509,-0.292925,0.388536,3.524640,-0.077044,0.449306,3.285692,-0.311942,0.752181,3.076967,-0.633054,0.588035,3.583014,-0.402925,1.013497,3.215354,-0.480253,1.008153,3.659580
1212,-0.421200,0.054063,3.600764,-0.347757,-0.073391,3.642052,-0.219556,-0.266368,3.457689,0.085428,-0.178766,3.089073,0.213950,0.087489,2.989716,0.048117,0.186837,3.011745,-0.289100,0.395073,3.525078,-0.078299,0.453508,3.287862,-0.284482,0.762009,3.111235,-0.611533,0.601924,3.581546,-0.412030,1.050721,3.248131,-0.516822,1.053562,3.644693
1213,-0.417899,0.055845,3.601433,-0.344511,-0.065311,3.641404,-0.221011,-0.261116,3.455786,0.085359,-0.172382,3.084874,0.210796,0.090329,2.981727,0.045194,0.186850,3.009702,-0.299858,0.405722,3.525323,-0.082566,0.456164,3.284488,-0.292482,0.764887,3.104992,-0.618748,0.627478,3.572988,-0.353195,1.020067,3.228245,-0.431747,1.050301,3.639764
1214,-0.416145,0.055496,3.600904,-0.334656,-0.053032,3.636480,-0.220695,-0.261427,3.459054,0.084201,-0.171375,3.089380,0.208498,0.091038,2.990296,0.044213,0.189687,3.010526,-0.294299,0.389994,3.523897,-0.104487,0.450301,3.286044,-0.391538,0.724411,3.093126,-0.622916,0.581362,3.543211,-0.450692,1.035121,3.223212,-0.546109,1.017215,3.580661
1215,-0.415683,0.060390,3.599119,-0.333655,-0.046960,3.649484,-0.227471,-0.257837,3.460772,0.083139,-0.175425,3.092867,0.207858,0.093103,2.986626,0.050630,0.190464,3.011011,-0.277058,0.389816,3.531992,-0.096782,0.452074,3.287643,-0.354632,0.740155,3.083466,-0.616571,0.516051,3.574474,-0.404581,0.978564,3.221024,-0.524425,0.981688,3.627728
1216,-0.416992,0.059603,3.598289,-0.339611,-0.056867,3.646073,-0.225754,-0.266955,3.456565,0.083177,-0.177332,3.090832,0.205234,0.091278,2.987811,0.047023,0.191767,3.011897,-0.272869,0.373854,3.538296,-0.094093,0.443225,3.290647,-0.367415,0.729388,3.125025,-0.628522,0.553935,3.601540,-0.413646,1.024519,3.261167,-0.498457,1.004717,3.662898
1217,-0.419065,0.060408,3.596286,-0.346125,-0.057930,3.632700,-0.223693,-0.259644,3.458152,0.087335,-0.173933,3.092715,0.208319,0.090754,2.994761,0.054594,0.191838,3.006691,-0.293009,0.391902,3.525054,-0.091022,0.459999,3.292975,-0.337778,0.776267,3.099651,-0.614892,0.551569,3.555891,-0.399433,1.001169,3.239127,-0.499926,1.017234,3.630311
1218,-0.410952,0.063734,3.599445,-0.327759,-0.047664,3.643108,-0.222752,-0.265523,3.455660,0.083878,-0.175512,3.090692,0.211160,0.089957,2.994419,0.051838,0.190617,3.016099,-0.298488,0.381631,3.530339,-0.108317,0.446375,3.294697,-0.414335,0.700918,3.110410,-0.632742,0.556474,3.596038,-0.453902,1.048797,3.254999,-0.564653,1.025067,3.630216
1219,-0.418064,0.062711,3.599589,-0.343233,-0.057187,3.645210,-0.221124,-0.260689,3.456829,0.085249,-0.179667,3.094862,0.203322,0.087374,2.986921,0.051398,0.192992,3.007360,-0.277423,0.387559,3.528631,-0.098522,0.446957,3.287651,-0.414207,0.734517,3.096021,-0.629864,0.597721,3.567950,-0.421583,1.047296,3.223946,-0.537367,1.032880,3.612820
1220,-0.420229,0.060363,3.591053,-0.344956,-0.051488,3.642277,-0.223484,-0.260373,3.457426,0.083499,-0.177197,3.089640,0.209091,0.088392,2.987952,0.050832,0.191675,3.009435,-0.274670,0.391478,3.530847,-0.093810,0.452922,3.289097,-0.372308,0.747320,3.095789,-0.618856,0.574800,3.549830,-0.384789,1.026520,3.248529,-0.478616,1.023275,3.612922
1221,-0.415403,0.058691,3.598225,-0.340274,-0.058982,3.643428,-0.219345,-0.263467,3.458118,0.080826,-0.174724,3.091596,0.212218,0.088392,3.005824,0.048341,0.190759,3.020137,-0.273090,0.378313,3.536410,-0.101078,0.443963,3.293581,-0.390170,0.714772,3.102597,-0.625031,0.570103,3.591875,-0.418066,1.034855,3.242948,-0.517932,1.038595,3.666965
1222,-0.413389,0.059560,3.587178,-0.334871,-0.052679,3.638283,-0.226255,-0.258717,3.458577,0.089444,-0.174986,3.092939,0.202771,0.088909,2.981486,0.056562,0.193922,3.011659,-0.272380,0.397705,3.531122,-0.089076,0.453340,3.288282,-0.387892,0.710885,3.064042,-0.619933,0.581911,3.550808,-0.430451,1.055639,3.201509,-0.548431,1.070746,3.604647
1223,-0.414344,0.059821,3.595395,-0.337820,-0.057961,3.645836,-0.223254,-0.264830,3.454405,0.079578,-0.178848,3.089774,0.211674,0.088181,2.987710,0.046822,0.190417,3.016978,-0.274035,0.379794,3.534264,-0.108015,0.443361,3.291619,-0.400931,0.716236,3.128863,-0.624250,0.576142,3.566606,-0.438217,1.052240,3.247981,-0.541972,1.045619,3.627390
1224,-0.417884,0.058893,3.597817,-0.336534,-0.058557,3.644031,-0.220681,-0.266415,3.456459,0.083204,-0.176337,3.090595,0.205957,0.087848,2.990611,0.047879,0.191246,3.006613,-0.271660,0.384395,3.530696,-0.093997,0.446545,3.284880,-0.390389,0.739548,3.107034,-0.612204,0.593332,3.565188,-0.457534,1.054073,3.202420,-0.570783,1.056545,3.616549
1225,-0.422586,0.061123,3.593095,-0.341282,-0.053789,3.640098,-0.225263,-0.257363,3.458514,0.080231,-0.175105,3.093628,0.210400,0.088142,2.982003,0.050912,0.187230,3.007903,-0.298656,0.404552,3.531575,-0.101702,0.456296,3.291161,-0.376540,0.740240,3.088924,-0.621456,0.601463,3.567632,-0.381759,1.005078,3.214907,-0.481205,0.999394,3.609096
1226,-0.412941,0.059872,3.591956,-0.336457,-0.057477,3.634025,-0.221012,-0.261953,3.455513,0.083298,-0.178731,3.092908,0.210750,0.086470,2.989471,0.046259,0.190409,3.008461,-0.273151,0.389013,3.531640,-0.097078,0.454571,3.294055,-0.401568,0.723272,3.112103,-0.617955,0.571500,3.549133,-0.468860,1.029695,3.220934,-0.580674,1.026024,3.599028
1227,-0.412203,0.056195,3.594679,-0.328922,-0.056878,3.646369,-0.219063,-0.267371,3.456104,0.079959,-0.182030,3.090874,0.212136,0.085508,2.987832,0.049137,0.188240,3.009364,-0.276929,0.386694,3.527630,-0.107665,0.442590,3.278150,-0.392034,0.729952,3.082712,-0.626103,0.586546,3.572144,-0.414442,1.052572,3.215950,-0.535909,1.034661,3.608966
1228,-0.411654,0.055392,3.592428,-0.331319,-0.049106,3.637016,-0.221185,-0.264843,3.454329,0.084491,-0.177544,3.088332,0.212690,0.087352,2.993529,0.051436,0.188659,3.008115,-0.272724,0.397574,3.525578,-0.091917,0.446844,3.281539,-0.359891,0.719994,3.093204,-0.616449,0.584167,3.542424,-0.433134,1.030589,3.204749,-0.507180,1.020893,3.557225
1229,-0.410095,0.054936,3.599357,-0.328461,-0.055072,3.642442,-0.218600,-0.267090,3.456328,0.082816,-0.176045,3.083873,0.207680,0.090228,2.992262,0.049154,0.194486,3.009364,-0.300541,0.387034,3.526646,-0.101879,0.447639,3.283410,-0.402863,0.728918,3.099635,-0.630953,0.586330,3.554466,-0.453168,1.059437,3.215755,-0.563237,1.047191,3.598191
1230,-0.408822,0.054983,3.609286,-0.331781,-0.055791,3.649980,-0.215528,-0.266398,3.461828,0.084656,-0.177440,3.090763,0.210212,0.092675,2.982610,0.048713,0.195982,3.009870,-0.266759,0.384894,3.541055,-0.099710,0.448753,3.289681,-0.420184,0.706469,3.093018,-0.622880,0.536309,3.643116,-0.490381,1.027088,3.232718,-0.582825,1.008274,3.662298
1231,-0.418060,0.054550,3.599122,-0.338282,-0.061427,3.642065,-0.220018,-0.265606,3.456067,0.082434,-0.177054,3.085776,0.212472,0.091142,2.993317,0.043253,0.194783,3.006785,-0.299716,0.392296,3.531347,-0.109896,0.446732,3.288419,-0.402719,0.694762,3.086941,-0.631179,0.587444,3.547959,-0.437225,1.027770,3.213017,-0.553538,1.007081,3.530822
1232,-0.413720,0.056838,3.587024,-0.334986,-0.053045,3.638445,-0.225639,-0.265652,3.452952,0.084805,-0.176434,3.089686,0.211011,0.091991,2.984423,0.052418,0.192798,3.009882,-0.304675,0.398281,3.524703,-0.098986,0.450680,3.289078,-0.391800,0.744181,3.144296,-0.621283,0.625089,3.512985,-0.402768,1.064006,3.276806,-0.485075,1.056838,3.568539
1233,-0.414258,0.054401,3.590075,-0.331712,-0.060196,3.648980,-0.218594,-0.267892,3.457291,0.082916,-0.178392,3.092398,0.210374,0.093916,2.972786,0.050431,0.190060,3.002639,-0.274148,0.403895,3.530430,-0.094812,0.464297,3.281858,-0.383268,0.741485,3.093640,-0.609101,0.598846,3.574386,-0.422146,1.051854,3.234325,-0.524265,1.038069,3.575086
1234,-0.412135,0.050820,3.595161,-0.333612,-0.056814,3.644086,-0.225154,-0.264446,3.452155,0.081002,-0.179227,3.093301,0.213679,0.088225,2.991519,0.052054,0.187803,3.011488,-0.304572,0.402596,3.526431,-0.111016,0.457807,3.284764,-0.377500,0.725968,3.105623,-0.627233,0.611326,3.518111,-0.456209,1.053587,3.229735,-0.542082,1.032567,3.533746
1235,-0.414288,0.056837,3.585999,-0.341793,-0.056702,3.645035,-0.222743,-0.263418,3.455971,0.085941,-0.179815,3.094499,0.207067,0.083278,2.982541,0.050904,0.187785,3.011009,-0.297547,0.398975,3.534567,-0.089725,0.456380,3.290682,-0.341369,0.750938,3.097485,-0.607233,0.598558,3.571947,-0.423463,1.098398,3.221318,-0.511318,1.069883,3.615221
1236,-0.417592,0.052866,3.588381,-0.342196,-0.061190,3.633009,-0.225665,-0.266531,3.451972,0.083322,-0.183750,3.090445,0.206925,0.079975,2.977488,0.054294,0.185590,3.014182,-0.294926,0.389405,3.522863,-0.086648,0.453746,3.285747,-0.294132,0.739166,3.082580,-0.598228,0.584465,3.592052,-0.414860,1.084304,3.215509,-0.509431,1.075901,3.651288
1237,-0.410547,0.062050,3.605459,-0.327589,-0.063936,3.643698,-0.215929,-0.267456,3.458098,0.083205,-0.185047,3.092052,0.209051,0.085006,2.984362,0.052014,0.183171,3.013689,-0.271386,0.384831,3.532697,-0.101438,0.447977,3.286355,-0.406646,0.689146,3.085934,-0.631253,0.554496,3.601905,-0.470936,1.067203,3.215956,-0.596070,1.029420,3.621549
1238,-0.408264,0.069335,3.606116,-0.322888,-0.044389,3.638660,-0.222985,-0.261689,3.458932,0.084705,-0.185032,3.097718,0.206918,0.087302,2.985825,0.054352,0.182953,3.013261,-0.266687,0.393563,3.531619,-0.090262,0.450961,3.286502,-0.396957,0.709239,3.070775,-0.633105,0.579003,3.570028,-0.450252,1.071586,3.202750,-0.575959,1.052542,3.604809
1239,-0.417050,0.058717,3.592627,-0.331696,-0.039305,3.636421,-0.227562,-0.259212,3.456231,0.084291,-0.177383,3.084443,0.208185,0.089889,2.991095,0.051921,0.183702,3.011928,-0.271139,0.396816,3.531621,-0.085803,0.457760,3.286951,-0.335946,0.765452,3.079893,-0.629996,0.581412,3.600134,-0.415991,1.020853,3.212351,-0.512014,1.027384,3.660752
1240,-0.413319,0.062251,3.595128,-0.331705,-0.048078,3.648723,-0.231267,-0.257178,3.458950,0.082913,-0.176951,3.091988,0.208311,0.090921,2.973661,0.045676,0.182575,3.013124,-0.276376,0.410973,3.539497,-0.091072,0.468876,3.286988,-0.364415,0.753568,3.093989,-0.637878,0.591139,3.582647,-0.439890,1.065425,3.218402,-0.576521,1.054610,3.595457
1241,-0.414080,0.062938,3.600305,-0.334817,-0.053448,3.648575,-0.221697,-0.271422,3.458481,0.083398,-0.181360,3.089941,0.209725,0.090725,2.977075,0.053708,0.184509,3.008846,-0.273681,0.395997,3.536458,-0.098595,0.459288,3.287148,-0.390026,0.699884,3.080492,-0.626793,0.593543,3.579332,-0.475803,1.073795,3.201354,-0.587857,1.040259,3.579759
1242,-0.412014,0.057788,3.591357,-0.336466,-0.061231,3.645397,-0.220070,-0.267577,3.455977,0.081892,-0.179984,3.091660,0.205757,0.089028,2.973235,0.046980,0.184602,3.009746,-0.280634,0.397448,3.529123,-0.102097,0.460345,3.281831,-0.385992,0.739614,3.089348,-0.624595,0.577630,3.547257,-0.441727,1.072969,3.207160,-0.548472,1.044198,3.588171
1243,-0.404660,0.049338,3.600737,-0.336667,-0.057638,3.644971,-0.223039,-0.267907,3.457040,0.082237,-0.179511,3.091723,0.207415,0.086960,2.974477,0.048254,0.184591,3.009928,-0.276928,0.389840,3.532097,-0.100652,0.458596,3.289940,-0.395794,0.726001,3.076254,-0.623701,0.571575,3.578934,-0.439737,1.024414,3.228050,-0.550291,1.015517,3.592484
1244,-0.408865,0.053755,3.588353,-0.338777,-0.047665,3.648880,-0.227102,-0.260669,3.458403,0.082839,-0.174506,3.086512,0.211675,0.087721,2.979210,0.051505,0.186793,3.003098,-0.302063,0.408410,3.525189,-0.089725,0.460775,3.275697,-0.364409,0.748526,3.081186,-0.626250,0.596125,3.571237,-0.415599,1.078288,3.206344,-0.489387,1.070330,3.615384
1245,-0.416001,0.051352,3.599115,-0.338629,-0.056835,3.641052,-0.221169,-0.265711,3.462958,0.081352,-0.176209,3.093323,0.209124,0.088662,2.976608,0.046978,0.188225,3.014463,-0.292731,0.396685,3.527889,-0.081609,0.459148,3.283569,-0.378902,0.748932,3.104940,-0.627960,0.600159,3.577659,-0.435950,1.077035,3.223774,-0.525545,1.039353,3.617549
1246,-0.423036,0.056717,3.592843,-0.341906,-0.051764,3.640548,-0.230143,-0.255453,3.458911,0.085784,-0.173791,3.093121,0.209542,0.087491,2.987293,0.047737,0.188508,3.009259,-0.291091,0.422334,3.525760,-0.074979,0.474107,3.285497,-0.265992,0.752069,3.084495,-0.614611,0.574340,3.569080,-0.394401,1.045802,3.207307,-0.517287,1.017444,3.608221
1247,-0.407894,0.057368,3.591983,-0.338398,-0.051426,3.635588,-0.229775,-0.264333,3.456506,0.081062,-0.185392,3.094760,0.209560,0.080801,2.983407,0.052748,0.183939,3.007197,-0.299518,0.396440,3.523216,-0.079098,0.446670,3.281444,-0.291706,0.741149,3.095347,-0.616581,0.603838,3.552669,-0.364635,1.114505,3.217686,-0.445133,1.066110,3.630828
1248,-0.413050,0.057380,3.597682,-0.341233,-0.050737,3.639618,-0.225734,-0.261550,3.457856,0.089412,-0.176442,3.088908,0.210677,0.083642,2.981706,0.048895,0.183632,3.007469,-0.295968,0.421656,3.523225,-0.077534,0.469650,3.282259,-0.289114,0.753081,3.095524,-0.620178,0.623686,3.569817,-0.437279,1.066906,3.212318,-0.548057,1.080015,3.614914
1249,-0.411994,0.061134,3.598782,-0.337036,-0.052076,3.638288,-0.227538,-0.265158,3.458250,0.082042,-0.180671,3.087530,0.206461,0.082547,2.989239,0.051349,0.184505,3.008414,-0.300093,0.411986,3.528856,-0.072714,0.468592,3.288471,-0.206535,0.750728,3.101870,-0.618164,0.594514,3.617654,-0.342099,1.094378,3.223891,-0.473588,1.082028,3.679612
1250,-0.415662,0.059557,3.594662,-0.340330,-0.049081,3.629287,-0.229268,-0.262547,3.455531,0.083316,-0.175395,3.086259,0.207502,0.085275,2.994765,0.053963,0.188594,3.012166,-0.294418,0.397181,3.522049,-0.072214,0.454835,3.288554,-0.238727,0.746162,3.083643,-0.618437,0.560481,3.575514,-0.387876,1.059476,3.202572,-0.481753,1.047128,3.665306
1251,-0.418424,0.065817,3.599148,-0.344401,-0.053516,3.639317,-0.226106,-0.259554,3.458488,0.089873,-0.172692,3.089702,0.206248,0.090205,2.993628,0.047882,0.194059,3.014053,-0.258210,0.416293,3.515832,-0.069362,0.467983,3.277670,-0.246958,0.772722,3.090648,-0.616917,0.616498,3.548152,-0.385696,1.038064,3.213867,-0.506243,1.059192,3.616738
1252,-0.415999,0.064072,3.596746,-0.349012,-0.065935,3.636591,-0.225354,-0.258337,3.456957,0.082502,-0.178315,3.092312,0.204073,0.089540,2.985289,0.049626,0.191661,3.007685,-0.287348,0.408927,3.505635,-0.059275,0.464003,3.274764,-0.108505,0.785698,3.091313,-0.606209,0.629953,3.551066,-0.312566,1.082159,3.225045,-0.404405,1.054803,3.632128
1253,-0.415305,0.063690,3.595427,-0.344753,-0.059750,3.636351,-0.228643,-0.257491,3.460180,0.081267,-0.180148,3.092642,0.205882,0.086392,2.997377,0.049165,0.183271,3.015013,-0.286742,0.380143,3.506349,-0.073086,0.436985,3.271651,-0.265170,0.739304,3.082730,-0.604329,0.570318,3.555809,-0.408675,1.060324,3.181353,-0.528099,1.053761,3.628793
1254,-0.418308,0.067142,3.601485,-0.343579,-0.062257,3.632896,-0.223463,-0.258946,3.459758,0.083047,-0.181532,3.097407,0.205813,0.084810,2.975956,0.046704,0.183495,3.009682,-0.282224,0.394384,3.503260,-0.060157,0.442165,3.271175,-0.241214,0.750553,3.086737,-0.615539,0.625879,3.519201,-0.437480,1.054448,3.194700,-0.561768,1.055530,3.550396
1255,-0.418939,0.065606,3.599844,-0.346322,-0.056008,3.632708,-0.227558,-0.256062,3.465832,0.081332,-0.182196,3.100054,0.203393,0.081734,2.976962,0.045314,0.184364,3.010631,-0.275137,0.385774,3.499436,-0.058964,0.436613,3.273937,-0.217049,0.697737,3.073550,-0.592381,0.562253,3.544763,-0.415165,1.002802,3.130866,-0.547032,1.020126,3.633943
1256,-0.416109,0.062046,3.595552,-0.339193,-0.061103,3.633864,-0.223990,-0.253662,3.462135,0.081289,-0.181681,3.098251,0.205605,0.082378,2.973987,0.044278,0.181773,3.011591,-0.270581,0.389376,3.500587,-0.058755,0.440452,3.269386,-0.284129,0.701522,3.065959,-0.613045,0.545694,3.567857,-0.452538,0.976171,3.100609,-0.593562,1.015824,3.662920
1257,-0.418937,0.064189,3.604913,-0.348440,-0.063097,3.643133,-0.224582,-0.251117,3.462045,0.082271,-0.179878,3.094844,0.206155,0.086510,2.978817,0.042662,0.186844,3.008427,-0.263470,0.391296,3.497236,-0.046203,0.441057,3.269070,-0.212407,0.736100,3.086475,-0.582005,0.524250,3.575302,-0.421344,1.012241,3.156532,-0.553388,1.004786,3.634645
1258,-0.424329,0.060697,3.594993,-0.353983,-0.055336,3.629173,-0.226534,-0.258008,3.456842,0.077324,-0.179463,3.091910,0.202770,0.087331,2.977854,0.048694,0.183461,3.010676,-0.278947,0.383142,3.504654,-0.067088,0.436333,3.275991,-0.281608,0.738224,3.092930,-0.611141,0.593793,3.570796,-0.430624,1.024448,3.168053,-0.559772,1.052704,3.655717
1259,-0.416983,0.063636,3.601597,-0.344618,-0.062363,3.636848,-0.223489,-0.253311,3.464723,0.083545,-0.179245,3.096137,0.207716,0.085302,2.984721,0.044875,0.184139,3.009858,-0.271989,0.404197,3.510032,-0.053431,0.453918,3.275500,-0.205954,0.764906,3.095787,-0.606817,0.603171,3.555743,-0.425371,1.020091,3.182693,-0.576781,1.045351,3.609612
1260,-0.414748,0.062543,3.597409,-0.347439,-0.054635,3.633191,-0.218492,-0.257397,3.463836,0.076972,-0.183998,3.098254,0.206740,0.079737,2.983283,0.042698,0.184189,3.007524,-0.274585,0.380769,3.509130,-0.058354,0.436561,3.274818,-0.296990,0.692455,3.062073,-0.609643,0.538051,3.565216,-0.461048,1.014863,3.120340,-0.582640,0.994757,3.630621
1261,-0.412571,0.065245,3.592659,-0.345851,-0.054516,3.631154,-0.227841,-0.252349,3.458611,0.083009,-0.178241,3.092349,0.211731,0.079068,2.975501,0.048395,0.181136,3.010984,-0.286679,0.409556,3.512679,-0.062701,0.456484,3.277588,-0.233788,0.731078,3.099579,-0.612307,0.612900,3.560848,-0.446754,1.032366,3.208391,-0.569284,1.043379,3.591281
1262,-0.412166,0.066029,3.592017,-0.353837,-0.049385,3.633485,-0.232918,-0.248012,3.462016,0.084102,-0.181418,3.100675,0.211010,0.080925,2.987267,0.045401,0.178847,3.012652,-0.278695,0.409232,3.515342,-0.046463,0.459019,3.282332,-0.166406,0.782508,3.119177,-0.612138,0.627121,3.541762,-0.408343,1.059508,3.214157,-0.537743,1.060892,3.613106
1263,-0.410621,0.062892,3.593743,-0.345058,-0.054135,3.629841,-0.230849,-0.250368,3.459635,0.083189,-0.180785,3.101297,0.209910,0.078247,2.994247,0.045247,0.177608,3.015857,-0.279971,0.411395,3.511170,-0.047218,0.459525,3.278131,-0.121406,0.782124,3.107974,-0.604026,0.635308,3.511461,-0.345289,1.060046,3.200744,-0.440992,1.057022,3.590044
1264,-0.413332,0.063352,3.595643,-0.338514,-0.063264,3.635630,-0.222603,-0.260530,3.459710,0.073688,-0.188989,3.095305,0.203271,0.077470,2.979120,0.043878,0.177188,3.013267,-0.278799,0.386613,3.513576,-0.064844,0.447789,3.279504,-0.262442,0.751413,3.132498,-0.602596,0.622755,3.559004,-0.436330,1.082407,3.231789,-0.541743,1.047799,3.603492
1265,-0.413780,0.068701,3.596617,-0.347709,-0.063865,3.643414,-0.229027,-0.261658,3.459366,0.077418,-0.186850,3.096070,0.209198,0.077735,2.979017,0.046862,0.181651,3.017114,-0.280495,0.401329,3.520925,-0.056255,0.461963,3.281764,-0.188105,0.806839,3.132488,-0.606696,0.613683,3.574953,-0.407381,1.055974,3.240819,-0.535029,1.058360,3.616587
1266,-0.415304,0.062575,3.592425,-0.343496,-0.068681,3.636055,-0.227388,-0.267566,3.452519,0.081296,-0.185961,3.100276,0.207989,0.079124,2.984938,0.044431,0.180428,3.015117,-0.281108,0.396572,3.505040,-0.051222,0.447422,3.273892,-0.178855,0.754055,3.076584,-0.611532,0.595022,3.534013,-0.390136,1.062498,3.174961,-0.508949,1.040604,3.564024
1267,-0.415797,0.063977,3.596097,-0.346792,-0.066570,3.633773,-0.222689,-0.267203,3.456567,0.079828,-0.184463,3.099850,0.205254,0.079822,2.989289,0.044769,0.182657,3.014908,-0.274590,0.394719,3.510820,-0.060790,0.449782,3.275685,-0.196796,0.725872,3.081515,-0.604581,0.598880,3.556782,-0.409760,1.013179,3.186522,-0.529613,1.021173,3.568231
1268,-0.411355,0.061559,3.597977,-0.337902,-0.069256,3.635663,-0.223346,-0.267220,3.460038,0.082603,-0.181610,3.098047,0.205617,0.082494,2.977893,0.043654,0.186170,3.008642,-0.274510,0.411141,3.513592,-0.050935,0.460217,3.277702,-0.141958,0.795987,3.124168,-0.611632,0.632974,3.542170,-0.362526,1.043307,3.217633,-0.513454,1.034507,3.552951
1269,-0.416879,0.060203,3.598658,-0.337932,-0.065886,3.633467,-0.223298,-0.265385,3.456100,0.079007,-0.183683,3.095624,0.208770,0.083184,2.999686,0.038597,0.180772,3.021664,-0.277575,0.399296,3.509371,-0.069145,0.451976,3.276835,-0.315056,0.739111,3.088497,-0.605338,0.602596,3.528532,-0.445286,1.049596,3.185367,-0.539698,1.030881,3.564014
1270,-0.413416,0.061738,3.598625,-0.339417,-0.067090,3.635880,-0.224414,-0.263708,3.458695,0.085380,-0.181143,3.095042,0.207684,0.081233,2.999108,0.045567,0.180821,3.016274,-0.280331,0.403984,3.510187,-0.053534,0.452403,3.278210,-0.129688,0.745772,3.084446,-0.597554,0.592671,3.514946,-0.376069,0.984308,3.166398,-0.508265,0.983338,3.540647
1271,-0.412012,0.060068,3.598305,-0.342514,-0.061795,3.627802,-0.225980,-0.263868,3.456602,0.085667,-0.181678,3.095473,0.208082,0.080603,2.998166,0.045883,0.179413,3.015814,-0.281714,0.398625,3.502809,-0.059475,0.450892,3.272149,-0.170831,0.732323,3.111265,-0.593755,0.579571,3.498931,-0.427961,0.998693,3.196035,-0.547950,0.997828,3.530714
1272,-0.412435,0.069474,3.594229,-0.346338,-0.062802,3.635679,-0.229795,-0.253936,3.462644,0.084871,-0.179618,3.091967,0.207746,0.083876,2.987999,0.040852,0.182267,3.011077,-0.276565,0.416402,3.509874,-0.050835,0.464955,3.268968,-0.137586,0.793207,3.112624,-0.601180,0.608676,3.540945,-0.378631,1.041203,3.216917,-0.527840,1.024549,3.557115
1273,-0.413056,0.065987,3.594010,-0.340761,-0.052684,3.638991,-0.230728,-0.252100,3.461306,0.081601,-0.183505,3.092921,0.207494,0.085004,2.991090,0.043679,0.187781,3.018107,-0.249314,0.412612,3.510852,-0.061752,0.464804,3.268130,-0.230935,0.757569,3.098300,-0.603503,0.620222,3.530418,-0.407062,1.058551,3.206348,-0.535424,1.058677,3.559196
1274,-0.414556,0.063383,3.596604,-0.342928,-0.057940,3.631288,-0.227916,-0.257727,3.455976,0.078835,-0.181719,3.096579,0.205935,0.085974,2.994273,0.041774,0.186579,3.015893,-0.249184,0.397583,3.514264,-0.052445,0.452781,3.275617,-0.234120,0.776427,3.116128,-0.608989,0.614124,3.567937,-0.396422,1.089445,3.240880,-0.510315,1.055693,3.604467
1275,-0.417998,0.063860,3.595090,-0.334932,-0.066010,3.640447,-0.225134,-0.264894,3.453666,0.079582,-0.180422,3.095011,0.205916,0.086441,2.987701,0.038581,0.178910,3.017776,-0.280156,0.391281,3.516071,-0.063651,0.450843,3.275694,-0.261719,0.742976,3.087493,-0.607274,0.583292,3.551190,-0.434287,1.078247,3.201238,-0.548880,1.018731,3.581770
1276,-0.410056,0.066499,3.597342,-0.337470,-0.071636,3.635018,-0.221886,-0.264816,3.457057,0.082733,-0.181592,3.096061,0.208888,0.083926,2.989000,0.044819,0.182137,3.014832,-0.277408,0.404669,3.512404,-0.055651,0.456933,3.272079,-0.182451,0.767273,3.097118,-0.606436,0.590031,3.551332,-0.390786,1.026892,3.204210,-0.523672,1.026369,3.589136
1277,-0.416658,0.067733,3.590780,-0.351719,-0.057707,3.636508,-0.231209,-0.249386,3.458426,0.079971,-0.182007,3.096966,0.208315,0.081721,3.000668,0.041051,0.178738,3.018224,-0.252428,0.418600,3.520037,-0.054458,0.462767,3.281455,-0.178902,0.734388,3.102756,-0.603440,0.612670,3.562644,-0.394154,1.030679,3.210214,-0.520325,1.047650,3.584661
1278,-0.413312,0.059793,3.592851,-0.347232,-0.052029,3.634427,-0.228216,-0.254167,3.459200,0.082132,-0.179346,3.096084,0.203482,0.081115,2.997203,0.046005,0.181999,3.017407,-0.278707,0.410419,3.509697,-0.049169,0.458399,3.277128,-0.157732,0.763423,3.129638,-0.593716,0.596562,3.502062,-0.353719,1.024471,3.187549,-0.480707,1.044858,3.576674
1279,-0.413129,0.063929,3.590537,-0.344656,-0.062974,3.629853,-0.225321,-0.253685,3.459177,0.075230,-0.186177,3.096713,0.204321,0.081841,2.977766,0.043417,0.177033,3.012485,-0.275236,0.389990,3.510574,-0.058844,0.445830,3.273059,-0.209837,0.744793,3.082550,-0.599469,0.602813,3.571177,-0.401338,1.045333,3.196680,-0.501178,1.037262,3.625976
1280,-0.413892,0.065717,3.595238,-0.349043,-0.053625,3.639777,-0.232643,-0.253377,3.459095,0.076031,-0.184243,3.092266,0.212466,0.080514,2.988240,0.043275,0.176302,3.013509,-0.283974,0.402791,3.505650,-0.058463,0.448968,3.264064,-0.184878,0.759706,3.100079,-0.600334,0.611937,3.538086,-0.392198,1.085092,3.194961,-0.505837,1.062397,3.585780
1281,-0.412032,0.061879,3.597515,-0.347780,-0.057681,3.641078,-0.230715,-0.255463,3.456837,0.075794,-0.183661,3.093650,0.209619,0.082334,2.981878,0.041708,0.175424,3.009565,-0.280895,0.399231,3.510828,-0.063485,0.447745,3.269883,-0.228434,0.725108,3.089451,-0.600085,0.582594,3.567918,-0.448721,1.035899,3.182618,-0.573140,1.045982,3.627805
1282,-0.413611,0.070898,3.594001,-0.347934,-0.056927,3.632348,-0.230814,-0.253605,3.460618,0.080377,-0.179886,3.095000,0.208773,0.081744,2.986078,0.042296,0.179402,3.013999,-0.275418,0.405334,3.509758,-0.053873,0.454429,3.274160,-0.221689,0.777715,3.096381,-0.605793,0.599507,3.543868,-0.427434,1.038433,3.185821,-0.545623,1.033980,3.604457
1283,-0.412289,0.060734,3.593490,-0.348981,-0.051696,3.630678,-0.231398,-0.251461,3.459524,0.084570,-0.175784,3.095156,0.210860,0.083013,2.988180,0.045934,0.181445,3.015121,-0.278042,0.414835,3.510043,-0.051953,0.462912,3.278472,-0.118975,0.757146,3.131788,-0.591780,0.610641,3.504734,-0.362689,1.046528,3.215437,-0.536810,1.034279,3.563041
1284,-0.417154,0.062669,3.595453,-0.347202,-0.063019,3.631010,-0.225070,-0.255085,3.456330,0.074434,-0.188579,3.097516,0.205547,0.079872,2.980780,0.042401,0.177568,3.009532,-0.280466,0.389327,3.504800,-0.059250,0.443607,3.278188,-0.257724,0.761433,3.147274,-0.597845,0.623512,3.494792,-0.464634,1.072621,3.232836,-0.570594,1.047827,3.546478
1285,-0.412236,0.067396,3.598136,-0.345991,-0.065659,3.636582,-0.225291,-0.258890,3.455288,0.078472,-0.187615,3.094920,0.207041,0.076904,2.977616,0.044137,0.178252,3.012106,-0.275805,0.400185,3.511900,-0.056584,0.451854,3.281483,-0.205223,0.784011,3.115820,-0.612243,0.616655,3.540890,-0.401983,1.061677,3.224313,-0.494603,1.037565,3.594538
1286,-0.411318,0.066672,3.598409,-0.343717,-0.073775,3.635707,-0.228316,-0.259801,3.453439,0.082962,-0.183014,3.096026,0.207124,0.077344,2.976692,0.043307,0.178214,3.012847,-0.278396,0.386958,3.514472,-0.053266,0.450581,3.280915,-0.191844,0.759537,3.112009,-0.606152,0.577783,3.558096,-0.418187,1.049360,3.213628,-0.535620,1.037263,3.611037
1287,-0.417781,0.064192,3.600190,-0.347492,-0.069020,3.632845,-0.226947,-0.260834,3.458116,0.083914,-0.186223,3.101238,0.213012,0.075551,2.979456,0.045248,0.178855,3.013427,-0.276527,0.398882,3.507715,-0.052807,0.448836,3.277907,-0.149340,0.764532,3.132522,-0.601796,0.599829,3.508266,-0.392399,1.038971,3.223983,-0.510510,1.032514,3.558260
1288,-0.411242,0.057951,3.596187,-0.345169,-0.065191,3.641102,-0.231549,-0.255604,3.465057,0.083747,-0.183752,3.102998,0.211485,0.074909,2.989255,0.046441,0.179915,3.011822,-0.272885,0.405259,3.512724,-0.042168,0.450164,3.279079,-0.103422,0.780810,3.100073,-0.608140,0.583447,3.557443,-0.345664,1.026323,3.222224,-0.511556,1.013013,3.610920
1289,-0.414695,0.062966,3.598119,-0.346369,-0.069173,3.638017,-0.226837,-0.257947,3.459038,0.081882,-0.180320,3.095254,0.208892,0.076323,2.987746,0.046169,0.184375,3.012126,-0.267804,0.400856,3.500537,-0.050140,0.447950,3.269443,-0.166102,0.761675,3.109378,-0.594697,0.604784,3.517794,-0.386901,1.055292,3.187602,-0.508373,1.052475,3.567523
1290,-0.414259,0.059288,3.595915,-0.346539,-0.058919,3.631459,-0.233953,-0.256277,3.451731,0.081464,-0.190489,3.091151,0.206788,0.078153,2.979995,0.045401,0.181355,3.008002,-0.277260,0.373814,3.498468,-0.053059,0.428119,3.270969,-0.276092,0.720866,3.103763,-0.599465,0.555407,3.545132,-0.456505,1.045291,3.167243,-0.592604,1.015316,3.619928
1291,-0.412668,0.060188,3.592543,-0.344725,-0.066612,3.628652,-0.223649,-0.257794,3.456417,0.080755,-0.187623,3.100441,0.209796,0.082490,2.987947,0.046100,0.181385,3.016144,-0.272925,0.396111,3.508758,-0.050085,0.447465,3.278642,-0.201039,0.761292,3.117855,-0.605964,0.563048,3.540560,-0.404369,1.026864,3.186929,-0.555022,1.023193,3.602420
1292,-0.407295,0.062990,3.596215,-0.336757,-0.061710,3.634625,-0.227698,-0.253406,3.457864,0.084426,-0.182738,3.099229,0.211717,0.081818,2.977285,0.045039,0.178952,3.013822,-0.277454,0.402007,3.499459,-0.054011,0.451676,3.273372,-0.229175,0.794244,3.115511,-0.600291,0.608834,3.508100,-0.412548,1.036883,3.185906,-0.532051,1.050127,3.595453
1293,-0.409589,0.058327,3.598762,-0.346070,-0.064354,3.635440,-0.223018,-0.253992,3.461390,0.079084,-0.188246,3.099035,0.210928,0.077709,2.982328,0.045786,0.178928,3.009642,-0.266907,0.397554,3.495232,-0.048850,0.443571,3.266557,-0.243372,0.768359,3.120958,-0.602058,0.572055,3.516344,-0.438221,1.024238,3.195738,-0.569773,1.015332,3.604687
1294,-0.412205,0.058449,3.598374,-0.349660,-0.063166,3.635652,-0.223862,-0.259159,3.461029,0.076857,-0.190489,3.093774,0.201994,0.079177,2.985265,0.042359,0.188936,3.013549,-0.231300,0.372557,3.496334,-0.050277,0.428422,3.263381,-0.299700,0.684990,3.067946,-0.586838,0.540606,3.562130,-0.461919,1.028474,3.150327,-0.573048,1.001193,3.583940
1295,-0.405496,0.047578,3.593221,-0.337649,-0.076105,3.627371,-0.219479,-0.261600,3.455238,0.072463,-0.196037,3.097115,0.204672,0.079462,2.986247,0.040387,0.189267,3.017850,-0.265290,0.372657,3.492584,-0.057291,0.430668,3.269422,-0.298458,0.702198,3.080751,-0.604735,0.566364,3.542127,-0.440022,0.991666,3.164257,-0.582213,1.008990,3.589651
1296,-0.416043,0.059552,3.603133,-0.343783,-0.068014,3.633047,-0.221454,-0.261646,3.455809,0.072442,-0.194566,3.097396,0.200936,0.076888,2.986114,0.040283,0.186950,3.018630,-0.271069,0.380970,3.500473,-0.066625,0.428509,3.271150,-0.299255,0.680827,3.087220,-0.603683,0.546209,3.568738,-0.471790,0.981915,3.173671,-0.614228,1.001218,3.595536
1297,-0.414534,0.057837,3.592210,-0.344892,-0.066199,3.627028,-0.224736,-0.257310,3.460342,0.079598,-0.194180,3.101747,0.202577,0.077169,2.986911,0.041859,0.187601,3.020040,-0.262136,0.378289,3.495967,-0.050740,0.433882,3.275514,-0.315461,0.727991,3.107720,-0.603131,0.569544,3.507011,-0.464474,1.040208,3.199168,-0.554821,1.015098,3.557348
1298,-0.413859,0.055143,3.594031,-0.343188,-0.069386,3.632081,-0.224002,-0.260092,3.461148,0.081254,-0.189711,3.099550,0.202074,0.081420,2.977264,0.039301,0.193514,3.015083,-0.264042,0.378242,3.498606,-0.054387,0.451260,3.275314,-0.250341,0.723093,3.099816,-0.598520,0.497803,3.595221,-0.454723,0.991697,3.182132,-0.570562,0.988163,3.638776
1299,-0.414820,0.056718,3.599907,-0.345698,-0.069564,3.630804,-0.222330,-0.256150,3.459293,0.082274,-0.183478,3.094121,0.203652,0.080374,2.988948,0.039931,0.188105,3.017551,-0.270363,0.400751,3.498352,-0.055682,0.454638,3.274879,-0.230612,0.791433,3.168870,-0.610274,0.628305,3.490389,-0.446177,1.027878,3.204031,-0.570472,1.060856,3.568434
1300,-0.416838,0.060659,3.597504,-0.348377,-0.064112,3.631100,-0.221380,-0.257143,3.461504,0.074345,-0.190565,3.098326,0.201692,0.077695,2.979611,0.038415,0.179185,3.021524,-0.272476,0.378943,3.503229,-0.059796,0.434889,3.273368,-0.263636,0.719917,3.117048,-0.585425,0.595283,3.530371,-0.451500,1.052529,3.174117,-0.567919,1.025415,3.586256
1301,-0.418215,0.061106,3.601324,-0.348481,-0.063353,3.631115,-0.222648,-0.253382,3.460160,0.077288,-0.187822,3.098949,0.206571,0.077392,2.980322,0.039346,0.177023,3.015636,-0.273864,0.396642,3.511667,-0.066991,0.445246,3.282362,-0.272006,0.760888,3.140474,-0.610889,0.616400,3.506797,-0.455336,1.023128,3.224273,-0.594896,1.038491,3.561641
1302,-0.412820,0.065393,3.591759,-0.343593,-0.064297,3.634546,-0.226252,-0.255861,3.458294,0.076940,-0.185422,3.090129,0.204073,0.081829,2.982064,0.036299,0.176401,3.014711,-0.283953,0.401641,3.509702,-0.063562,0.447237,3.275464,-0.205373,0.760712,3.100555,-0.610809,0.616877,3.501459,-0.402036,1.061303,3.184977,-0.506724,1.040019,3.551455
1303,-0.411390,0.060622,3.593340,-0.348353,-0.062780,3.634096,-0.226592,-0.255200,3.459265,0.076595,-0.188811,3.096871,0.203650,0.081070,2.985249,0.040152,0.175398,3.015733,-0.279400,0.395071,3.513215,-0.059141,0.446339,3.286920,-0.169060,0.753401,3.116457,-0.596820,0.591151,3.516521,-0.394629,1.030398,3.208804,-0.512580,1.028198,3.583007
1304,-0.410165,0.062278,3.588640,-0.337011,-0.064952,3.627907,-0.227626,-0.257235,3.456062,0.080960,-0.185623,3.090880,0.204670,0.079134,2.988334,0.044497,0.175307,3.016969,-0.279172,0.382139,3.511820,-0.068627,0.440493,3.283767,-0.283769,0.732912,3.091633,-0.609748,0.562209,3.560019,-0.430273,1.038973,3.172053,-0.549004,1.033905,3.642725
1305,-0.413169,0.061378,3.602116,-0.339474,-0.072171,3.632450,-0.220208,-0.259317,3.463779,0.086401,-0.179221,3.093803,0.205289,0.084925,2.987551,0.041109,0.180726,3.017313,-0.276343,0.398135,3.514813,-0.062064,0.449679,3.284394,-0.194924,0.752870,3.114119,-0.605820,0.583452,3.537893,-0.397926,1.028566,3.209072,-0.546659,1.024874,3.579496
1306,-0.412557,0.058158,3.591763,-0.348091,-0.069267,3.634624,-0.222640,-0.261577,3.459548,0.082433,-0.178825,3.094532,0.205020,0.083949,2.980006,0.039360,0.180940,3.018555,-0.285284,0.392959,3.521768,-0.069969,0.454185,3.289026,-0.247833,0.760419,3.105508,-0.608799,0.589967,3.558615,-0.402522,1.029014,3.200584,-0.527083,1.035265,3.605585
1307,-0.411763,0.060563,3.593243,-0.339684,-0.067719,3.626823,-0.221753,-0.259723,3.460741,0.086484,-0.180465,3.091307,0.205914,0.082166,3.002871,0.045756,0.183631,3.017238,-0.277883,0.395810,3.510356,-0.058048,0.449834,3.281750,-0.222339,0.744771,3.132795,-0.598183,0.590312,3.500566,-0.387415,1.046858,3.208272,-0.521914,1.041361,3.559493
1308,-0.410287,0.061416,3.594332,-0.341869,-0.066997,3.630340,-0.224770,-0.259228,3.458094,0.082406,-0.177568,3.090363,0.197513,0.084376,2.978035,0.041134,0.181016,3.014498,-0.286722,0.387393,3.514566,-0.068489,0.448584,3.273429,-0.256276,0.731938,3.101502,-0.607457,0.557368,3.595489,-0.423956,1.029040,3.162161,-0.546132,1.041441,3.687967
1309,-0.410663,0.062941,3.600684,-0.346407,-0.066388,3.637418,-0.226426,-0.256086,3.462693,0.081966,-0.176611,3.094094,0.208802,0.083678,2.993450,0.037112,0.181463,3.014640,-0.290508,0.403758,3.523830,-0.076248,0.454813,3.284099,-0.270972,0.742709,3.099039,-0.626508,0.605210,3.555766,-0.394838,1.035336,3.203300,-0.524051,1.036569,3.596800
1310,-0.411895,0.054892,3.592479,-0.337810,-0.074282,3.631584,-0.218337,-0.263303,3.458642,0.083336,-0.180194,3.093949,0.203980,0.082485,2.979177,0.044826,0.180510,3.012429,-0.265212,0.386563,3.526764,-0.086192,0.453166,3.288920,-0.324026,0.761553,3.081238,-0.615620,0.610287,3.553567,-0.425649,1.019182,3.207321,-0.510473,1.018049,3.577127
1311,-0.401809,0.055704,3.593650,-0.323088,-0.066087,3.634436,-0.217243,-0.264751,3.458936,0.083375,-0.178294,3.093096,0.205972,0.085200,2.979686,0.042723,0.181169,3.011569,-0.267405,0.394167,3.527284,-0.087913,0.458548,3.278738,-0.353262,0.754242,3.069815,-0.613732,0.578705,3.567900,-0.411570,1.010039,3.190847,-0.546487,1.013096,3.582615
1312,-0.407710,0.058811,3.594733,-0.326864,-0.069122,3.631358,-0.222828,-0.263502,3.458024,0.082206,-0.181826,3.092804,0.206126,0.081716,2.981426,0.042507,0.182665,3.013190,-0.262650,0.384682,3.523833,-0.082771,0.447691,3.284672,-0.343083,0.757837,3.078949,-0.612266,0.590486,3.551513,-0.412126,1.021496,3.209698,-0.517565,1.027962,3.612960
1313,-0.408741,0.058353,3.596920,-0.331870,-0.067605,3.635218,-0.218246,-0.265008,3.457544,0.080896,-0.180879,3.087885,0.208912,0.081284,2.988290,0.041157,0.184179,3.017514,-0.290310,0.370706,3.525683,-0.093129,0.439093,3.286700,-0.362463,0.721869,3.102937,-0.608950,0.548377,3.601158,-0.431480,1.042410,3.218507,-0.539083,1.025856,3.690018
1314,-0.411184,0.058082,3.596349,-0.337724,-0.073159,3.633573,-0.220755,-0.261423,3.457507,0.085433,-0.177839,3.091275,0.202798,0.078383,2.984796,0.048290,0.185833,3.013629,-0.294684,0.385396,3.518891,-0.071699,0.441553,3.276546,-0.192285,0.760218,3.076978,-0.615582,0.564534,3.619054,-0.337209,1.053336,3.215212,-0.464931,1.044324,3.710865
1315,-0.402745,0.055853,3.594987,-0.337031,-0.073097,3.634569,-0.216681,-0.263555,3.457136,0.082390,-0.178958,3.093383,0.209724,0.080289,2.985163,0.047565,0.184243,3.011820,-0.288664,0.372923,3.526053,-0.072020,0.438437,3.288513,-0.283438,0.734905,3.072603,-0.620842,0.547158,3.607474,-0.422381,1.033066,3.203975,-0.529891,1.011716,3.653769
1316,-0.408557,0.057940,3.590808,-0.341630,-0.069141,3.632752,-0.216938,-0.261105,3.456156,0.083146,-0.176620,3.089264,0.203098,0.081036,2.985439,0.045093,0.186049,3.015678,-0.294347,0.371819,3.524230,-0.092571,0.442422,3.299091,-0.349731,0.732198,3.131718,-0.624827,0.546853,3.612442,-0.460364,1.065448,3.213348,-0.570740,1.040011,3.709947
1317,-0.411887,0.056689,3.591313,-0.339355,-0.070702,3.634783,-0.216529,-0.265360,3.456112,0.084990,-0.177714,3.089710,0.203430,0.084026,2.982677,0.049174,0.188864,3.015285,-0.259650,0.367059,3.525056,-0.084931,0.439691,3.284754,-0.325675,0.742038,3.082952,-0.607026,0.511173,3.609523,-0.416681,1.018409,3.202262,-0.515740,1.005737,3.685384
1318,-0.407630,0.061633,3.595739,-0.341068,-0.064713,3.634484,-0.218334,-0.255287,3.464579,0.085079,-0.177163,3.096099,0.207626,0.085355,2.989278,0.046555,0.191207,3.015952,-0.286439,0.381289,3.525135,-0.068690,0.442839,3.296310,-0.248091,0.728552,3.090837,-0.619013,0.566300,3.602304,-0.359304,1.059645,3.210892,-0.481844,1.047541,3.708423
1319,-0.405843,0.061289,3.597643,-0.337739,-0.061152,3.634526,-0.224260,-0.254993,3.466197,0.087814,-0.176171,3.098183,0.209722,0.084105,2.987341,0.049800,0.187679,3.016482,-0.286928,0.386289,3.526051,-0.068847,0.444469,3.287260,-0.273470,0.732793,3.075525,-0.626159,0.573910,3.628107,-0.405155,1.078158,3.206336,-0.552689,1.063508,3.690917
1320,-0.405677,0.061245,3.596995,-0.333122,-0.064545,3.631935,-0.223611,-0.251125,3.463321,0.084578,-0.181083,3.098366,0.209351,0.082616,2.987092,0.046108,0.180644,3.010543,-0.283620,0.388553,3.513792,-0.069797,0.443423,3.282256,-0.310585,0.729292,3.067880,-0.619516,0.575514,3.583882,-0.422952,1.051731,3.192475,-0.559627,1.055412,3.663265
1321,-0.411162,0.060688,3.599463,-0.340327,-0.062877,3.632815,-0.219983,-0.255302,3.464175,0.082394,-0.183528,3.096651,0.205250,0.082085,2.978915,0.041643,0.177568,3.011246,-0.283828,0.387000,3.512473,-0.070113,0.441881,3.285563,-0.270680,0.741381,3.080185,-0.613309,0.560502,3.558574,-0.396224,1.036705,3.176338,-0.508121,1.018651,3.646504
1322,-0.412847,0.067343,3.602844,-0.341169,-0.059805,3.635273,-0.219010,-0.256029,3.464518,0.082883,-0.184436,3.097701,0.208618,0.080494,2.977262,0.041439,0.176072,3.015240,-0.280921,0.393147,3.513398,-0.068834,0.448255,3.283914,-0.234925,0.752848,3.092401,-0.612129,0.585218,3.549865,-0.416796,1.044052,3.178907,-0.545007,1.029369,3.636133
1323,-0.409023,0.064634,3.599560,-0.337512,-0.059113,3.632329,-0.218879,-0.254918,3.465085,0.082183,-0.181992,3.094355,0.203733,0.080704,2.988552,0.041245,0.175927,3.014719,-0.269487,0.394129,3.503091,-0.060637,0.442699,3.272616,-0.236328,0.703954,3.049398,-0.590961,0.576079,3.516662,-0.432530,0.995766,3.153935,-0.551556,1.026843,3.568562
1324,-0.412006,0.057452,3.596707,-0.343503,-0.075360,3.630963,-0.219827,-0.258551,3.457194,0.077311,-0.190481,3.098700,0.201730,0.081641,2.976752,0.039588,0.180174,3.013712,-0.267112,0.380214,3.494605,-0.053838,0.434911,3.265470,-0.253129,0.701127,3.064644,-0.590560,0.547871,3.552290,-0.438224,0.974571,3.134315,-0.562205,1.008130,3.634591
