frame,joint_16_x,joint_16_y,joint_16_z,joint_14_x,joint_14_y,joint_14_z,joint_12_x,joint_12_y,joint_12_z,joint_11_x,joint_11_y,joint_11_z,joint_13_x,joint_13_y,joint_13_z,joint_15_x,joint_15_y,joint_15_z,joint_24_x,joint_24_y,joint_24_z,joint_23_x,joint_23_y,joint_23_z,joint_25_x,joint_25_y,joint_25_z,joint_26_x,joint_26_y,joint_26_z,joint_27_x,joint_27_y,joint_27_z,joint_28_x,joint_28_y,joint_28_z
0,-0.334008,0.370651,2.557168,-0.256593,0.143720,2.669162,-0.168587,-0.165378,2.644037,0.094360,-0.101903,2.309874,-0.024949,0.216889,2.361526,-0.251304,0.391496,2.451584,-0.134911,0.289232,2.649700,0.006951,0.333200,2.451519,-0.198422,0.559493,2.366135,-0.436130,0.392201,2.677772,-0.308619,0.753906,2.442742,-0.343723,0.718840,2.664228
1,-0.266324,0.415845,2.565202,-0.193253,0.182981,2.679525,-0.140394,-0.126753,2.651948,0.121046,-0.081775,2.313867,0.039742,0.243035,2.362315,-0.188592,0.437588,2.447983,-0.121090,0.342132,2.643095,0.045475,0.348427,2.446717,-0.201614,0.616701,2.358125,-0.336223,0.533370,2.705517,-0.263423,0.850132,2.474385,-0.340253,0.837211,2.672070
2,-0.279770,0.404600,2.562294,-0.213512,0.174589,2.682571,-0.147556,-0.136810,2.655354,0.113004,-0.082616,2.311127,0.013281,0.221818,2.364653,-0.205259,0.424090,2.450714,-0.124232,0.325733,2.653072,0.032110,0.345931,2.447355,-0.213476,0.631353,2.330162,-0.338986,0.624017,2.712889,-0.336959,0.870407,2.443255,-0.370885,0.845758,2.652475
3,-0.295644,0.403565,2.562667,-0.220982,0.168755,2.683085,-0.152365,-0.144252,2.656163,0.112515,-0.084316,2.308875,0.011971,0.227274,2.368160,-0.208285,0.418689,2.458309,-0.116607,0.335388,2.652174,0.036759,0.349191,2.446252,-0.210955,0.606517,2.354276,-0.348334,0.605052,2.717117,-0.315934,0.880899,2.435558,-0.370162,0.895280,2.670263
4,-0.297771,0.384532,2.564131,-0.225795,0.158013,2.681321,-0.151982,-0.147997,2.657333,0.112130,-0.087710,2.311743,0.022725,0.227861,2.373142,-0.209926,0.410534,2.459937,-0.123044,0.316673,2.660191,0.029950,0.348430,2.453994,-0.226051,0.617383,2.335678,-0.367479,0.560340,2.714516,-0.338094,0.884884,2.438048,-0.343070,0.889035,2.661651
5,-0.299948,0.389941,2.563844,-0.223435,0.162382,2.679059,-0.153638,-0.150138,2.656667,0.109100,-0.086930,2.313337,0.007833,0.223511,2.371593,-0.219906,0.408033,2.457972,-0.123418,0.318319,2.660383,0.023533,0.352021,2.454031,-0.230309,0.605671,2.353026,-0.369558,0.505889,2.722411,-0.322922,0.883195,2.458869,-0.368454,0.866915,2.671348
6,-0.306173,0.392329,2.562872,-0.226458,0.163430,2.680099,-0.151867,-0.150990,2.655992,0.108157,-0.087377,2.314267,0.010217,0.223199,2.370062,-0.214035,0.408670,2.456956,-0.117774,0.322713,2.662947,0.022142,0.354321,2.457417,-0.241782,0.659877,2.353647,-0.390883,0.478658,2.717357,-0.312204,0.929430,2.459766,-0.351112,0.856166,2.689296
7,-0.301699,0.390630,2.561103,-0.230755,0.157244,2.682166,-0.151305,-0.154923,2.657141,0.106624,-0.086998,2.314456,-0.001740,0.227042,2.376698,-0.227222,0.412125,2.458421,-0.125530,0.318179,2.667707,0.018036,0.359209,2.463604,-0.254549,0.659408,2.354504,-0.387378,0.445537,2.677401,-0.313137,0.894442,2.481348,-0.369521,0.850199,2.710048
8,-0.295889,0.403860,2.566617,-0.233010,0.165433,2.683000,-0.151867,-0.148387,2.657937,0.106405,-0.085003,2.314114,0.002161,0.232808,2.372104,-0.219902,0.407359,2.459085,-0.128274,0.325240,2.656073,0.017642,0.362815,2.451848,-0.255456,0.646329,2.352333,-0.386049,0.547211,2.696560,-0.323086,0.917572,2.481756,-0.365464,0.907289,2.702685
9,-0.300725,0.400781,2.566422,-0.232075,0.159287,2.681973,-0.156197,-0.151594,2.655164,0.106229,-0.088447,2.314202,0.005299,0.231473,2.370530,-0.222515,0.412168,2.458767,-0.132516,0.315840,2.650889,0.011711,0.361497,2.453831,-0.268197,0.629169,2.344116,-0.397398,0.539691,2.693482,-0.311532,0.905128,2.468122,-0.371310,0.899765,2.691218
10,-0.291728,0.399519,2.564829,-0.232433,0.158481,2.684870,-0.154931,-0.153851,2.656509,0.107685,-0.088448,2.314855,0.008614,0.246698,2.373279,-0.212836,0.400887,2.458991,-0.126700,0.325559,2.656756,0.028643,0.364279,2.452628,-0.216769,0.650734,2.363081,-0.365131,0.576760,2.689447,-0.241937,0.934663,2.500841,-0.331359,0.956930,2.710410
11,-0.307819,0.392662,2.567977,-0.236062,0.160404,2.684045,-0.159193,-0.152288,2.658156,0.106716,-0.091973,2.315343,0.010754,0.230277,2.372882,-0.216850,0.406462,2.454437,-0.128612,0.318530,2.646255,0.014774,0.364442,2.449084,-0.265259,0.632717,2.350502,-0.401545,0.538150,2.694423,-0.355267,0.927365,2.460584,-0.371963,0.911423,2.686929
12,-0.306121,0.388987,2.566738,-0.233859,0.157593,2.684298,-0.154148,-0.152212,2.659480,0.105927,-0.095854,2.316189,0.019003,0.224468,2.370332,-0.209393,0.401917,2.458021,-0.127686,0.323459,2.650620,0.013562,0.364534,2.445735,-0.257861,0.639043,2.358047,-0.394602,0.544472,2.693998,-0.336820,0.937515,2.463812,-0.383075,0.922624,2.683991
13,-0.304447,0.391517,2.563897,-0.237628,0.157229,2.684807,-0.156305,-0.151298,2.658073,0.104794,-0.095819,2.315200,0.013489,0.225464,2.370069,-0.213263,0.404332,2.455863,-0.130787,0.326962,2.644938,0.010185,0.364489,2.444562,-0.261899,0.636568,2.344015,-0.393507,0.565416,2.690476,-0.334711,0.941856,2.447173,-0.381563,0.951251,2.675470
14,-0.300627,0.393472,2.565660,-0.235870,0.154293,2.682793,-0.156206,-0.151585,2.657310,0.105466,-0.092884,2.315420,0.016190,0.228046,2.375000,-0.214491,0.407015,2.462390,-0.125325,0.326631,2.642812,0.017305,0.364524,2.437187,-0.257383,0.624911,2.344641,-0.388812,0.573763,2.684971,-0.315967,0.949684,2.445621,-0.387009,0.966811,2.666010
15,-0.304468,0.396064,2.564813,-0.229854,0.160458,2.682106,-0.153621,-0.152092,2.657443,0.105798,-0.092458,2.314913,0.007268,0.227343,2.376992,-0.220289,0.407567,2.462718,-0.125508,0.320497,2.658082,0.019567,0.356294,2.447340,-0.242957,0.639702,2.361814,-0.383661,0.513445,2.675820,-0.292708,0.930901,2.454993,-0.358080,0.912336,2.671798
16,-0.297327,0.390495,2.567414,-0.233753,0.159105,2.684980,-0.156891,-0.149394,2.655573,0.108192,-0.089393,2.315086,0.015926,0.228787,2.374047,-0.210982,0.406862,2.463416,-0.124943,0.346268,2.650656,0.020441,0.364125,2.438112,-0.224913,0.663629,2.352528,-0.382695,0.605194,2.702160,-0.287348,0.958115,2.447461,-0.353552,0.983355,2.671141
17,-0.297048,0.393779,2.568484,-0.229424,0.159426,2.684157,-0.160409,-0.153417,2.657710,0.108258,-0.091172,2.314390,0.011348,0.228424,2.373432,-0.217157,0.408080,2.461526,-0.123294,0.331662,2.645534,0.021646,0.364655,2.434200,-0.235502,0.655835,2.358057,-0.394517,0.529743,2.699118,-0.274950,0.947494,2.458866,-0.341846,0.915996,2.687152
18,-0.300902,0.390345,2.565158,-0.231217,0.159873,2.683789,-0.158875,-0.152376,2.657302,0.108348,-0.088217,2.316236,0.007721,0.230995,2.370966,-0.219146,0.404555,2.460551,-0.119230,0.337184,2.657673,0.027731,0.367191,2.443307,-0.207051,0.665914,2.368966,-0.383642,0.520914,2.701203,-0.232162,0.959518,2.468505,-0.331057,0.921192,2.694554
19,-0.298040,0.391083,2.564091,-0.229121,0.160835,2.685480,-0.153194,-0.147606,2.656538,0.108500,-0.087945,2.316540,0.005007,0.226883,2.371741,-0.218465,0.403067,2.457171,-0.119076,0.343657,2.659309,0.034565,0.371193,2.446583,-0.199725,0.665332,2.357342,-0.370731,0.549976,2.699032,-0.293367,0.943705,2.456398,-0.350882,0.951681,2.681146
20,-0.296061,0.391530,2.562580,-0.232011,0.162582,2.682652,-0.154524,-0.144661,2.659104,0.107891,-0.084149,2.315012,-0.000077,0.236410,2.372847,-0.218607,0.408488,2.461003,-0.124871,0.344449,2.644275,0.000346,0.387600,2.436768,-0.268539,0.644250,2.361478,-0.409119,0.506994,2.665435,-0.335658,0.933725,2.455465,-0.402997,0.933789,2.675974
21,-0.296561,0.387681,2.563320,-0.231810,0.160277,2.685019,-0.156868,-0.147167,2.659258,0.107526,-0.085386,2.316280,0.011870,0.241083,2.370513,-0.218785,0.403747,2.455254,-0.126963,0.332002,2.643212,0.001345,0.386308,2.440179,-0.261897,0.636042,2.350710,-0.406219,0.546328,2.684517,-0.314373,0.937796,2.441254,-0.361056,0.945273,2.675341
22,-0.297353,0.383843,2.564926,-0.230935,0.162188,2.682026,-0.155126,-0.146478,2.659887,0.109142,-0.087300,2.315633,0.008918,0.234391,2.370641,-0.217891,0.400776,2.453646,-0.120147,0.342167,2.645831,0.021874,0.383977,2.439776,-0.206853,0.652496,2.357581,-0.379806,0.595608,2.716133,-0.272008,0.940445,2.442642,-0.325005,0.953100,2.679979
23,-0.300226,0.388361,2.562973,-0.231016,0.159392,2.685073,-0.155030,-0.145523,2.660865,0.105767,-0.088221,2.316587,0.000572,0.232371,2.368706,-0.219105,0.401154,2.457270,-0.120711,0.332743,2.645556,0.005758,0.380719,2.438107,-0.230235,0.647321,2.364268,-0.383364,0.572760,2.690515,-0.317797,0.939609,2.450176,-0.359792,0.952157,2.672333
24,-0.298170,0.385934,2.563190,-0.228441,0.160331,2.683993,-0.152372,-0.147377,2.657794,0.108616,-0.089365,2.314883,0.012404,0.233366,2.372294,-0.217516,0.398777,2.454740,-0.121542,0.341132,2.638730,0.021102,0.377383,2.426074,-0.224962,0.622788,2.337775,-0.380766,0.542532,2.690303,-0.301549,0.941591,2.427604,-0.345414,0.940108,2.666926
25,-0.302163,0.381820,2.568057,-0.230632,0.154763,2.679014,-0.153210,-0.150604,2.658664,0.108340,-0.089598,2.316679,0.003094,0.230601,2.369475,-0.213477,0.403579,2.461011,-0.120175,0.339297,2.653997,0.023804,0.375771,2.442761,-0.218410,0.645307,2.345323,-0.382948,0.551809,2.701719,-0.264256,0.943467,2.440960,-0.304707,0.933360,2.689485
26,-0.301959,0.388289,2.562916,-0.233600,0.158327,2.684305,-0.157142,-0.149327,2.661221,0.105535,-0.089991,2.317453,0.005568,0.234729,2.373142,-0.220797,0.403623,2.460140,-0.127130,0.337968,2.651349,0.003424,0.377112,2.440352,-0.239954,0.640365,2.350769,-0.399791,0.523345,2.666593,-0.310721,0.945264,2.453591,-0.356007,0.933563,2.684350
27,-0.300146,0.388263,2.564279,-0.231110,0.161066,2.682394,-0.157847,-0.148863,2.659739,0.109099,-0.089501,2.317004,0.012273,0.234423,2.372426,-0.217312,0.408287,2.462798,-0.125860,0.343234,2.651489,0.007475,0.380064,2.437641,-0.220926,0.615188,2.353981,-0.389841,0.492092,2.666497,-0.264663,0.921204,2.452297,-0.317401,0.917044,2.692070
28,-0.298233,0.394269,2.565609,-0.233402,0.160361,2.681004,-0.157069,-0.147893,2.659319,0.108353,-0.088778,2.315520,0.008134,0.235378,2.371435,-0.217818,0.409526,2.462551,-0.125151,0.332701,2.647142,0.019658,0.376366,2.439569,-0.244044,0.613069,2.354789,-0.409089,0.499009,2.666988,-0.275419,0.907862,2.448225,-0.340508,0.900480,2.687130
29,-0.300070,0.389595,2.565704,-0.230199,0.160497,2.682811,-0.153681,-0.148290,2.658902,0.107383,-0.089931,2.315654,0.013515,0.232815,2.370362,-0.218950,0.406675,2.466669,-0.124756,0.331766,2.648483,0.018836,0.368589,2.436296,-0.245267,0.608727,2.349678,-0.396681,0.484895,2.668171,-0.310588,0.907867,2.446588,-0.357169,0.890726,2.678715
30,-0.299644,0.386113,2.564465,-0.230606,0.159947,2.680175,-0.153028,-0.148876,2.658577,0.108185,-0.091743,2.318468,0.012179,0.229137,2.370582,-0.214973,0.396318,2.452714,-0.121272,0.338736,2.653486,0.022801,0.369736,2.441771,-0.212920,0.653449,2.353328,-0.372243,0.538122,2.677444,-0.277841,0.939244,2.451337,-0.330903,0.945287,2.675656
31,-0.301083,0.390291,2.565344,-0.232515,0.158072,2.682503,-0.152907,-0.149073,2.659069,0.106985,-0.092273,2.315756,0.015474,0.230688,2.370385,-0.213912,0.405268,2.464082,-0.124516,0.340420,2.652129,0.017314,0.370532,2.438752,-0.239697,0.668016,2.357088,-0.400580,0.554246,2.707381,-0.298514,0.948181,2.452087,-0.352180,0.937270,2.685986
32,-0.300382,0.391055,2.565139,-0.230351,0.157196,2.682680,-0.151913,-0.148874,2.656389,0.107066,-0.091804,2.315784,0.014242,0.231688,2.372346,-0.217578,0.410576,2.467429,-0.122255,0.329608,2.651148,0.019063,0.367186,2.436999,-0.247381,0.647599,2.355355,-0.407872,0.522570,2.703618,-0.283900,0.909084,2.452087,-0.351365,0.892056,2.688564
33,-0.303838,0.401715,2.561419,-0.232252,0.161466,2.680707,-0.155052,-0.149634,2.659490,0.108427,-0.089317,2.316554,0.002587,0.232650,2.375886,-0.225141,0.402729,2.458018,-0.125830,0.329139,2.647216,0.016411,0.367673,2.440094,-0.247460,0.653897,2.342917,-0.400403,0.518858,2.670699,-0.283032,0.938370,2.452916,-0.357376,0.928797,2.695301
34,-0.304040,0.399477,2.564108,-0.230921,0.152183,2.680046,-0.157402,-0.155097,2.656770,0.108290,-0.090774,2.319081,0.009772,0.229828,2.383161,-0.222926,0.399961,2.467166,-0.129792,0.306047,2.646977,0.016438,0.358893,2.444413,-0.225603,0.627480,2.357938,-0.388329,0.461388,2.673919,-0.280758,0.906983,2.473131,-0.373487,0.876903,2.695149
35,-0.297035,0.386097,2.558078,-0.232944,0.150875,2.676850,-0.152483,-0.154492,2.656574,0.105382,-0.095406,2.319110,0.012141,0.219100,2.381990,-0.211930,0.387739,2.470112,-0.127255,0.318234,2.654584,0.013295,0.359707,2.446651,-0.266942,0.606305,2.353343,-0.400659,0.491906,2.670384,-0.341197,0.907517,2.462296,-0.377101,0.900795,2.677123
36,-0.293173,0.377356,2.552967,-0.232801,0.148042,2.673900,-0.154663,-0.157083,2.655865,0.104785,-0.098296,2.320926,0.010143,0.214005,2.385438,-0.219563,0.372271,2.466906,-0.121849,0.327814,2.643483,0.023913,0.363246,2.445945,-0.233300,0.578647,2.362118,-0.384498,0.430287,2.669047,-0.321547,0.893447,2.462704,-0.392305,0.865310,2.667321
37,-0.289396,0.367415,2.552114,-0.230941,0.140727,2.671221,-0.154083,-0.158943,2.655812,0.104638,-0.099043,2.317863,0.011291,0.211702,2.379745,-0.215763,0.359953,2.470755,-0.125846,0.332320,2.658972,-0.000738,0.368497,2.445606,-0.297673,0.578834,2.360369,-0.410184,0.485516,2.669955,-0.313440,0.913116,2.460127,-0.344549,0.890758,2.669263
38,-0.289622,0.351244,2.545058,-0.229295,0.126338,2.672357,-0.152358,-0.168808,2.651920,0.108563,-0.104502,2.315427,0.015979,0.199431,2.380017,-0.218337,0.351378,2.475700,-0.127257,0.331900,2.667134,0.026834,0.370017,2.454133,-0.189478,0.598417,2.403181,-0.365629,0.518298,2.684427,-0.236745,0.896835,2.497356,-0.314296,0.899029,2.690553
39,-0.298623,0.334165,2.545469,-0.234381,0.117455,2.670278,-0.151895,-0.175405,2.649395,0.108032,-0.112569,2.313859,0.016924,0.189660,2.375890,-0.216451,0.321910,2.458230,-0.133924,0.336528,2.675689,0.021353,0.371974,2.462279,-0.209149,0.572290,2.384699,-0.393418,0.499647,2.671904,-0.257783,0.885409,2.492553,-0.336442,0.875867,2.688015
40,-0.306469,0.311490,2.539327,-0.240756,0.092116,2.667905,-0.148852,-0.190325,2.644371,0.108559,-0.126300,2.314333,0.004968,0.165741,2.365852,-0.225544,0.287716,2.451040,-0.146480,0.305765,2.669635,0.006653,0.353900,2.471768,-0.256421,0.535550,2.390007,-0.426152,0.485111,2.704672,-0.378898,0.831531,2.485801,-0.416803,0.811648,2.662057
41,-0.314708,0.292972,2.529751,-0.249949,0.067204,2.668710,-0.148162,-0.207320,2.636277,0.104010,-0.141594,2.313293,-0.004476,0.155388,2.355217,-0.236005,0.265167,2.452078,-0.152100,0.295469,2.662652,-0.000291,0.341312,2.467500,-0.270531,0.524508,2.386201,-0.423165,0.451716,2.659393,-0.426976,0.812180,2.471682,-0.465505,0.814524,2.644109
42,-0.327412,0.260905,2.540671,-0.265285,0.042046,2.671628,-0.152512,-0.221054,2.635078,0.105359,-0.156766,2.307478,0.007810,0.142494,2.335434,-0.245788,0.246242,2.436505,-0.151491,0.274996,2.649633,0.005297,0.322655,2.452237,-0.245477,0.488793,2.374018,-0.412844,0.445869,2.689335,-0.411887,0.817424,2.449133,-0.386920,0.800491,2.636061
43,-0.327628,0.235336,2.550798,-0.272996,0.025658,2.680279,-0.149598,-0.229150,2.637385,0.099970,-0.174272,2.311613,-0.003262,0.128769,2.323849,-0.252698,0.225641,2.416757,-0.144418,0.283202,2.651889,0.010116,0.317346,2.452501,-0.265557,0.412360,2.341052,-0.417274,0.414505,2.661246,-0.435441,0.766481,2.432168,-0.434374,0.757719,2.607999
44,-0.331608,0.192524,2.563255,-0.292488,-0.013260,2.701169,-0.147955,-0.240828,2.630643,0.101483,-0.184410,2.312082,0.003401,0.109126,2.307250,-0.243892,0.197145,2.401182,-0.144953,0.311461,2.665761,0.010040,0.333988,2.453811,-0.305421,0.408684,2.349329,-0.425173,0.343410,2.659337,-0.482322,0.770020,2.424011,-0.484868,0.724941,2.597795
45,-0.358552,0.158174,2.562043,-0.310665,-0.032689,2.721375,-0.150030,-0.247747,2.621178,0.096458,-0.187782,2.313911,-0.007256,0.098826,2.280960,-0.237689,0.169853,2.363398,-0.146339,0.319251,2.662680,0.003669,0.351174,2.452742,-0.361596,0.417027,2.330935,-0.463828,0.390205,2.679397,-0.519747,0.761168,2.423461,-0.508468,0.749536,2.610332
46,-0.373295,0.120009,2.584020,-0.322838,-0.048400,2.756235,-0.155020,-0.253867,2.617600,0.094969,-0.192573,2.310287,0.018072,0.094307,2.257187,-0.213248,0.150488,2.338605,-0.152057,0.333361,2.662195,0.003771,0.376160,2.447766,-0.381076,0.504406,2.386216,-0.469168,0.407377,2.690960,-0.558333,0.817052,2.454725,-0.520523,0.822897,2.675610
47,-0.384092,0.080891,2.603662,-0.334103,-0.061212,2.776409,-0.155324,-0.252815,2.617089,0.089444,-0.204209,2.300913,0.030073,0.083679,2.219911,-0.198209,0.139732,2.310496,-0.154439,0.344241,2.649928,0.006660,0.389644,2.423456,-0.360781,0.630820,2.401539,-0.509842,0.535251,2.683778,-0.467473,0.942191,2.450845,-0.544408,0.925600,2.672137
48,-0.405325,0.057811,2.625940,-0.352271,-0.075951,2.808330,-0.163990,-0.256618,2.618095,0.091929,-0.210334,2.295412,0.061606,0.083316,2.197711,-0.178052,0.119450,2.289384,-0.161961,0.335661,2.642942,0.010605,0.388927,2.413505,-0.311536,0.643901,2.402779,-0.465411,0.554331,2.685353,-0.482948,0.944568,2.459776,-0.521193,0.974043,2.677333
49,-0.418746,0.062798,2.651717,-0.365572,-0.092314,2.845589,-0.167260,-0.264629,2.622926,0.088006,-0.212130,2.288574,0.071734,0.082631,2.160630,-0.151717,0.107439,2.255432,-0.159631,0.318536,2.634643,0.011249,0.375397,2.404684,-0.286580,0.522454,2.396586,-0.413961,0.523337,2.697701,-0.601158,0.768414,2.446628,-0.382896,1.028254,2.735990
50,-0.424079,0.046325,2.679474,-0.374300,-0.104531,2.857793,-0.175934,-0.271158,2.630098,0.086739,-0.218240,2.283170,0.089258,0.082076,2.156154,-0.125135,0.101820,2.228992,-0.157017,0.316415,2.656040,0.009151,0.369735,2.415474,-0.287491,0.533907,2.405924,-0.408258,0.516745,2.705296,-0.611865,0.774912,2.451957,-0.370458,1.014289,2.753157
51,-0.414813,0.025295,2.712822,-0.374837,-0.115365,2.872829,-0.182001,-0.274827,2.639036,0.085237,-0.221250,2.282870,0.103673,0.092504,2.149913,-0.092858,0.098994,2.226011,-0.166022,0.338599,2.667763,0.006071,0.394584,2.428625,-0.293171,0.671840,2.450360,-0.469499,0.567150,2.658660,-0.534938,0.955809,2.479671,-0.450850,1.065595,2.747065
52,-0.414490,0.010956,2.737209,-0.358235,-0.115833,2.852447,-0.185396,-0.278439,2.641358,0.082511,-0.221550,2.273633,0.138900,0.093109,2.144275,-0.055084,0.115570,2.196749,-0.176571,0.345444,2.674230,-0.000298,0.400408,2.430682,-0.285083,0.751735,2.450970,-0.457314,0.657410,2.648704,-0.454761,1.104168,2.492786,-0.421672,1.162654,2.768416
53,-0.404744,0.017698,2.756904,-0.353622,-0.111080,2.858472,-0.198137,-0.267300,2.648249,0.085717,-0.217344,2.271355,0.171384,0.094818,2.145290,-0.021001,0.129450,2.203918,-0.196857,0.367517,2.678606,-0.005736,0.419081,2.432342,-0.262217,0.737184,2.421396,-0.510975,0.659465,2.632951,-0.416754,1.124330,2.476274,-0.454989,1.154033,2.710045
54,-0.388547,0.019355,2.756992,-0.340074,-0.118388,2.816912,-0.189861,-0.280070,2.640431,0.086578,-0.210037,2.265922,0.188677,0.093866,2.158370,0.010113,0.139737,2.200282,-0.220985,0.370974,2.683079,-0.021687,0.429740,2.442028,-0.301139,0.775732,2.435825,-0.526538,0.624966,2.637417,-0.438070,1.106002,2.459320,-0.522211,1.104035,2.716102
55,-0.375940,0.030163,2.764259,-0.309276,-0.103910,2.805756,-0.198610,-0.276023,2.642322,0.086986,-0.210922,2.267365,0.212634,0.083742,2.167779,0.031146,0.150281,2.208747,-0.223002,0.386979,2.680998,-0.012339,0.446086,2.440794,-0.204248,0.851904,2.449569,-0.535013,0.650002,2.629352,-0.343893,1.238234,2.513715,-0.547191,1.157380,2.737131
56,-0.368397,0.037466,2.767311,-0.287952,-0.087354,2.804665,-0.205784,-0.269794,2.646161,0.081570,-0.206588,2.261766,0.230356,0.070662,2.181683,0.055726,0.163221,2.217514,-0.236446,0.387116,2.686156,-0.040022,0.453883,2.452047,-0.286255,0.780856,2.420562,-0.536862,0.665254,2.635274,-0.458370,1.154897,2.507971,-0.552593,1.165172,2.737422
57,-0.357233,0.027464,2.762991,-0.277003,-0.095413,2.795031,-0.201700,-0.267164,2.642915,0.082156,-0.204374,2.257416,0.223651,0.062805,2.215740,0.057557,0.161892,2.245249,-0.226937,0.396176,2.682399,-0.031428,0.463195,2.442157,-0.231212,0.771342,2.424822,-0.531915,0.660805,2.630044,-0.407831,1.121389,2.472580,-0.509431,1.146227,2.725040
58,-0.331211,0.050936,2.768021,-0.261478,-0.111268,2.786355,-0.192198,-0.292992,2.638742,0.081657,-0.208684,2.263877,0.223291,0.042643,2.222049,0.078408,0.164630,2.253914,-0.218747,0.367960,2.679480,-0.036199,0.443544,2.439226,-0.192003,0.775061,2.440952,-0.530734,0.642217,2.625926,-0.354431,1.098463,2.503727,-0.527594,1.087393,2.716590
59,-0.309147,0.051696,2.761904,-0.245512,-0.107267,2.774308,-0.188039,-0.291023,2.642129,0.074039,-0.213398,2.261821,0.223582,0.026343,2.240789,0.081292,0.169145,2.268868,-0.218960,0.384150,2.681759,-0.052091,0.436190,2.435050,-0.435142,0.731965,2.441754,-0.547313,0.637882,2.618956,-0.461442,1.019752,2.458552,-0.535865,1.079147,2.710835
60,-0.295781,0.051864,2.762688,-0.230846,-0.113610,2.764878,-0.184416,-0.296223,2.643581,0.068909,-0.219789,2.265140,0.213535,0.003824,2.240192,0.086519,0.160025,2.274271,-0.225244,0.359960,2.676943,-0.057195,0.421620,2.430681,-0.372029,0.807435,2.437908,-0.538181,0.632339,2.634700,-0.473127,1.004514,2.471898,-0.552930,1.078832,2.730381
61,-0.281916,0.041343,2.756813,-0.220261,-0.125599,2.756844,-0.181112,-0.297421,2.640393,0.067174,-0.227432,2.260554,0.212862,-0.005956,2.241910,0.091509,0.149578,2.284830,-0.215720,0.352352,2.674106,-0.042057,0.409155,2.423740,-0.357161,0.771784,2.424396,-0.527055,0.611656,2.626035,-0.477670,0.963012,2.437767,-0.537254,1.041370,2.689464
62,-0.286345,0.046333,2.753633,-0.217424,-0.125291,2.752740,-0.184104,-0.302328,2.639456,0.065426,-0.227633,2.263346,0.212136,-0.009944,2.244921,0.084165,0.145765,2.286682,-0.217672,0.362498,2.675628,-0.046827,0.417928,2.423581,-0.342791,0.777434,2.439389,-0.513939,0.630366,2.622458,-0.457481,0.978858,2.437788,-0.529162,1.045368,2.692440
63,-0.282945,0.043258,2.745250,-0.214182,-0.125647,2.746372,-0.184156,-0.303464,2.640567,0.066006,-0.226365,2.256946,0.211806,-0.012862,2.253500,0.083187,0.142299,2.300107,-0.213486,0.363967,2.676895,-0.035973,0.417018,2.417889,-0.327540,0.779468,2.417974,-0.523786,0.622047,2.631743,-0.449756,0.938510,2.410882,-0.527190,1.017846,2.674917
64,-0.282140,0.042470,2.747547,-0.203538,-0.121339,2.745728,-0.176150,-0.304574,2.640517,0.056686,-0.228405,2.260777,0.206815,-0.016707,2.254171,0.079395,0.142171,2.297424,-0.213677,0.360823,2.679101,-0.047544,0.417104,2.421725,-0.373679,0.775661,2.438920,-0.513006,0.620354,2.640397,-0.463924,0.930807,2.430520,-0.528457,1.019612,2.702602
65,-0.285962,0.039893,2.743322,-0.203342,-0.125138,2.742720,-0.177016,-0.306022,2.641787,0.055313,-0.231242,2.264736,0.206612,-0.020114,2.250885,0.080292,0.140909,2.295422,-0.210556,0.358758,2.679687,-0.044699,0.412684,2.422974,-0.367943,0.761972,2.435624,-0.524089,0.613315,2.631574,-0.481873,0.953341,2.452545,-0.544337,1.031737,2.697581
66,-0.282041,0.041561,2.744059,-0.201372,-0.134518,2.739984,-0.190326,-0.312421,2.638585,0.052601,-0.228560,2.258961,0.206211,-0.023607,2.255778,0.084138,0.146388,2.301262,-0.220626,0.352022,2.682243,-0.043937,0.413730,2.427113,-0.346578,0.766860,2.443741,-0.521760,0.612987,2.638519,-0.450413,0.976690,2.469816,-0.549590,1.006071,2.706874
67,-0.277017,0.037654,2.743425,-0.200121,-0.125755,2.742221,-0.192641,-0.309299,2.642236,0.048235,-0.227971,2.256335,0.206773,-0.034577,2.252119,0.090383,0.143981,2.305358,-0.224797,0.366016,2.679332,-0.052704,0.419145,2.425533,-0.332933,0.769449,2.441696,-0.531468,0.640079,2.642435,-0.460994,0.986058,2.446848,-0.569507,1.025608,2.694309
68,-0.278546,0.028323,2.738196,-0.200000,-0.137607,2.737029,-0.191459,-0.311235,2.637919,0.043936,-0.229869,2.258249,0.205185,-0.038989,2.256338,0.084742,0.139828,2.303213,-0.228692,0.364437,2.681319,-0.060918,0.421430,2.430600,-0.375717,0.757162,2.439271,-0.519865,0.643812,2.642216,-0.489395,0.936787,2.450247,-0.568053,1.008370,2.708659
69,-0.272792,0.040335,2.727333,-0.197027,-0.145351,2.729435,-0.193223,-0.306789,2.637501,0.040846,-0.233562,2.258522,0.202678,-0.045134,2.257072,0.091469,0.128002,2.312312,-0.232078,0.338083,2.683930,-0.063887,0.409634,2.434196,-0.368330,0.733828,2.422382,-0.520482,0.605110,2.643708,-0.533313,0.930438,2.460252,-0.580937,1.017252,2.718864
70,-0.259239,0.048204,2.730273,-0.191260,-0.156999,2.728440,-0.201578,-0.317101,2.629960,0.038391,-0.237360,2.258428,0.203097,-0.050623,2.252734,0.087550,0.120460,2.316858,-0.234369,0.340172,2.680705,-0.071373,0.406243,2.431114,-0.366039,0.746535,2.403605,-0.571962,0.614330,2.681680,-0.511317,0.886785,2.402815,-0.599712,0.989450,2.676725
71,-0.255771,0.051477,2.729199,-0.209841,-0.155733,2.735881,-0.199814,-0.314639,2.628354,0.031826,-0.237890,2.256645,0.202194,-0.058259,2.263661,0.082811,0.121988,2.323021,-0.239019,0.344340,2.689431,-0.082624,0.408945,2.439667,-0.400015,0.731216,2.408898,-0.561701,0.655878,2.684784,-0.487332,0.879470,2.431322,-0.592975,0.993320,2.693112
72,-0.253451,0.027739,2.729120,-0.195232,-0.187299,2.726435,-0.201783,-0.323875,2.620839,0.035415,-0.234629,2.258727,0.196528,-0.067088,2.261788,0.079482,0.118432,2.326845,-0.243645,0.333875,2.690389,-0.090483,0.405881,2.443710,-0.412964,0.712539,2.421010,-0.555749,0.604365,2.640052,-0.517186,0.898177,2.454078,-0.592421,1.026146,2.679852
73,-0.247792,0.021589,2.724672,-0.191440,-0.191409,2.724144,-0.202675,-0.328810,2.623657,0.029317,-0.242716,2.261969,0.195982,-0.070104,2.265766,0.078887,0.121270,2.321704,-0.250441,0.327674,2.685523,-0.099650,0.402030,2.436491,-0.417978,0.704287,2.417033,-0.553316,0.654227,2.691163,-0.535241,0.891874,2.476937,-0.620042,1.000234,2.697068
74,-0.240385,0.046029,2.736472,-0.207932,-0.175013,2.739370,-0.204234,-0.317535,2.626169,0.027387,-0.240368,2.262186,0.193195,-0.070756,2.272985,0.076079,0.122015,2.325495,-0.250411,0.331697,2.682540,-0.096980,0.405241,2.437303,-0.369390,0.746796,2.436411,-0.572448,0.660008,2.691215,-0.459218,0.972222,2.505334,-0.618231,1.003529,2.697989
75,-0.237116,0.035571,2.729000,-0.198781,-0.183582,2.728620,-0.207964,-0.317060,2.633716,0.021570,-0.242625,2.262255,0.189114,-0.076545,2.280297,0.080208,0.123147,2.333458,-0.246965,0.330201,2.686122,-0.094438,0.403408,2.437700,-0.397890,0.734912,2.437846,-0.554205,0.663868,2.692895,-0.491064,0.912372,2.512922,-0.602142,1.009450,2.693074
76,-0.241978,0.038664,2.731417,-0.193289,-0.176482,2.721997,-0.212061,-0.315526,2.641228,0.016334,-0.244849,2.263087,0.186819,-0.081356,2.286880,0.078194,0.124253,2.338652,-0.249429,0.329950,2.682869,-0.099156,0.404848,2.431744,-0.440475,0.712581,2.434069,-0.588023,0.641018,2.683203,-0.477925,0.911536,2.510703,-0.600080,0.981244,2.693701
77,-0.247860,0.044698,2.731748,-0.213409,-0.159351,2.734481,-0.219458,-0.309707,2.640756,0.019908,-0.246540,2.267573,0.186014,-0.080560,2.282195,0.076772,0.119907,2.329999,-0.245036,0.333183,2.681773,-0.093146,0.399382,2.430017,-0.396526,0.678314,2.413000,-0.581908,0.640100,2.685585,-0.544099,0.925247,2.465018,-0.614933,1.012877,2.674178
78,-0.255229,0.042905,2.729869,-0.200280,-0.164719,2.725873,-0.226011,-0.315611,2.641731,0.013253,-0.248728,2.272475,0.185184,-0.082178,2.280453,0.075774,0.119787,2.327834,-0.247606,0.332845,2.679092,-0.091109,0.400257,2.427240,-0.445228,0.666716,2.414061,-0.577355,0.631853,2.690302,-0.515620,0.875344,2.450459,-0.578906,0.980264,2.672012
79,-0.269478,0.038036,2.730163,-0.223961,-0.162238,2.731517,-0.226114,-0.315551,2.648458,0.007601,-0.249703,2.276100,0.184591,-0.077932,2.284316,0.072830,0.120810,2.325961,-0.241710,0.326895,2.680418,-0.092951,0.393624,2.426786,-0.424091,0.641654,2.393215,-0.547620,0.658968,2.691005,-0.526819,0.880870,2.475072,-0.580220,0.994371,2.704315
80,-0.270533,0.045475,2.736330,-0.200927,-0.148938,2.734064,-0.235052,-0.312144,2.652647,0.004623,-0.253653,2.275742,0.177635,-0.076981,2.284624,0.071323,0.120762,2.326730,-0.249656,0.333168,2.682570,-0.100652,0.393477,2.430547,-0.464730,0.666772,2.419831,-0.549451,0.659167,2.695699,-0.529821,0.870338,2.471814,-0.567120,0.970724,2.690990
81,-0.268335,0.053596,2.730432,-0.231015,-0.151802,2.736856,-0.238142,-0.318043,2.649765,0.007510,-0.250684,2.276250,0.182489,-0.075616,2.290111,0.071213,0.127548,2.322528,-0.235836,0.329757,2.681856,-0.082164,0.397929,2.428948,-0.457310,0.687573,2.442524,-0.550879,0.676802,2.704131,-0.506044,0.851504,2.482283,-0.548258,0.955131,2.718157
82,-0.275317,0.049887,2.736910,-0.206249,-0.156824,2.733441,-0.238849,-0.311233,2.645982,-0.000385,-0.252898,2.276706,0.174430,-0.075288,2.300321,0.065662,0.131343,2.334821,-0.249551,0.345208,2.682279,-0.091524,0.401937,2.431370,-0.403482,0.691624,2.406367,-0.548319,0.679146,2.690942,-0.538995,0.881890,2.426923,-0.600830,0.972237,2.676094
83,-0.262916,0.047474,2.736695,-0.218730,-0.147581,2.741027,-0.231583,-0.317390,2.644313,0.001325,-0.250847,2.274308,0.176571,-0.069172,2.288298,0.072232,0.132843,2.327637,-0.237288,0.324296,2.684375,-0.086840,0.396191,2.427224,-0.444799,0.639791,2.402264,-0.555874,0.664562,2.706217,-0.449297,0.865255,2.495481,-0.553246,0.909894,2.726953
84,-0.275776,0.041280,2.731267,-0.229721,-0.160315,2.733272,-0.235705,-0.321341,2.644378,-0.002357,-0.251973,2.278174,0.168483,-0.069219,2.286606,0.061400,0.135493,2.326516,-0.245461,0.326438,2.690437,-0.088580,0.393412,2.436522,-0.446119,0.690657,2.418676,-0.550843,0.664149,2.709509,-0.504769,0.853710,2.447831,-0.585809,0.951350,2.705320
85,-0.256838,0.049286,2.731560,-0.224998,-0.152121,2.727483,-0.232491,-0.312699,2.651167,-0.001690,-0.249877,2.272610,0.174147,-0.067031,2.286922,0.068829,0.136603,2.330213,-0.247041,0.337465,2.687441,-0.096023,0.403342,2.427721,-0.438489,0.722276,2.388730,-0.557009,0.644798,2.699123,-0.520466,0.830357,2.437484,-0.587620,0.964390,2.694746
86,-0.278738,0.045619,2.730890,-0.234036,-0.136188,2.735011,-0.237021,-0.311693,2.645577,0.003369,-0.254361,2.275606,0.177586,-0.065957,2.280878,0.072067,0.132106,2.321896,-0.244064,0.333675,2.678804,-0.089688,0.400735,2.424713,-0.448196,0.675607,2.410192,-0.557602,0.658311,2.688053,-0.515076,0.827512,2.428053,-0.569145,0.937367,2.665347
87,-0.259484,0.055139,2.728452,-0.223446,-0.152130,2.729735,-0.232110,-0.320825,2.646115,-0.004449,-0.256914,2.276531,0.172395,-0.067116,2.280613,0.068976,0.132024,2.321244,-0.237499,0.326561,2.680407,-0.084446,0.388809,2.423361,-0.451875,0.687163,2.449388,-0.548939,0.667947,2.703979,-0.505246,0.882190,2.487411,-0.570879,0.934465,2.701796
88,-0.273354,0.039021,2.730831,-0.224319,-0.160080,2.722881,-0.235868,-0.318038,2.647029,-0.005735,-0.258793,2.276865,0.170379,-0.066738,2.275399,0.074222,0.133537,2.315891,-0.242392,0.328035,2.682509,-0.086556,0.389431,2.425595,-0.446113,0.683051,2.430845,-0.544381,0.666991,2.693131,-0.554181,0.857909,2.434223,-0.582264,0.946137,2.671919
89,-0.266433,0.047067,2.731769,-0.225387,-0.157027,2.724067,-0.236736,-0.316484,2.643434,-0.001759,-0.253507,2.275829,0.170602,-0.067127,2.281540,0.066860,0.134875,2.324305,-0.236670,0.333568,2.677897,-0.079385,0.394736,2.424378,-0.445655,0.696093,2.441106,-0.540492,0.668418,2.694828,-0.549467,0.892748,2.453794,-0.583106,0.979121,2.700469
90,-0.276386,0.048625,2.729258,-0.223495,-0.145324,2.722704,-0.231013,-0.313106,2.647282,-0.005281,-0.256826,2.273753,0.169784,-0.066112,2.280277,0.069245,0.135581,2.329142,-0.233376,0.339440,2.677156,-0.075776,0.398764,2.424545,-0.429098,0.690836,2.421849,-0.543826,0.667164,2.698608,-0.524799,0.911773,2.442719,-0.597889,0.952209,2.676859
91,-0.278988,0.064146,2.732670,-0.192715,-0.120929,2.714985,-0.230541,-0.303377,2.648004,-0.000790,-0.259038,2.270966,0.171745,-0.065043,2.290373,0.063513,0.137897,2.325879,-0.230134,0.349055,2.678850,-0.075710,0.401174,2.423537,-0.436252,0.678261,2.420845,-0.542899,0.666593,2.699355,-0.566625,0.890956,2.437382,-0.592153,0.978595,2.673387
92,-0.272300,0.064889,2.723277,-0.200028,-0.131895,2.716838,-0.234360,-0.310963,2.647798,0.003234,-0.255852,2.272785,0.173075,-0.060231,2.295666,0.066628,0.141103,2.328587,-0.228723,0.331962,2.678143,-0.068422,0.395814,2.422321,-0.420980,0.676883,2.421373,-0.509895,0.596123,2.646398,-0.526050,0.875328,2.437244,-0.565242,0.926640,2.684008
93,-0.273417,0.067222,2.725817,-0.231940,-0.130106,2.724258,-0.230786,-0.312335,2.643450,0.002033,-0.254047,2.271338,0.168975,-0.056695,2.293314,0.067512,0.142584,2.329559,-0.225527,0.339851,2.675586,-0.070914,0.396415,2.423190,-0.432158,0.670083,2.420496,-0.530824,0.665002,2.706227,-0.549111,0.878024,2.429969,-0.558496,0.948579,2.683113
94,-0.275946,0.059441,2.722907,-0.241094,-0.123204,2.725158,-0.230167,-0.311823,2.632056,0.008385,-0.250838,2.269172,0.168210,-0.052265,2.291662,0.069448,0.141459,2.326824,-0.222277,0.327093,2.686173,-0.063983,0.388981,2.430414,-0.402653,0.657298,2.416417,-0.500878,0.570555,2.650511,-0.547164,0.831622,2.419836,-0.579885,0.915699,2.680905
95,-0.280673,0.055113,2.722834,-0.237686,-0.118554,2.731072,-0.228073,-0.308665,2.637518,0.017475,-0.252446,2.267992,0.173129,-0.050907,2.289927,0.062907,0.141113,2.324345,-0.227293,0.332310,2.675498,-0.068386,0.394478,2.425383,-0.424475,0.678260,2.421363,-0.504066,0.606783,2.661658,-0.534695,0.855973,2.427278,-0.594484,0.924235,2.679653
96,-0.280043,0.053539,2.717304,-0.208270,-0.134378,2.720101,-0.228422,-0.316045,2.638036,0.018707,-0.256304,2.267604,0.169792,-0.049722,2.282237,0.064676,0.143848,2.313490,-0.223983,0.319190,2.681901,-0.065217,0.383565,2.426489,-0.409134,0.669923,2.428845,-0.496696,0.589310,2.661035,-0.553121,0.859791,2.426784,-0.588513,0.950560,2.680768
97,-0.275191,0.067044,2.727734,-0.241031,-0.128369,2.730530,-0.227464,-0.313032,2.631535,0.021977,-0.258700,2.265649,0.178531,-0.049956,2.277809,0.069768,0.142940,2.318405,-0.216206,0.324810,2.686242,-0.053842,0.380919,2.431426,-0.346374,0.688698,2.437607,-0.496066,0.564708,2.673217,-0.545050,0.899628,2.453279,-0.539452,0.968513,2.708573
98,-0.277115,0.073009,2.727318,-0.211458,-0.116714,2.726568,-0.216487,-0.298541,2.633062,0.033037,-0.264606,2.266320,0.177194,-0.051363,2.268456,0.070274,0.141380,2.314902,-0.197626,0.344244,2.666611,-0.030780,0.395509,2.416292,-0.288440,0.737107,2.433324,-0.511296,0.581684,2.651983,-0.416105,0.830286,2.416201,-0.510415,0.890975,2.679772
99,-0.286215,0.065680,2.724269,-0.197334,-0.105257,2.727367,-0.216846,-0.304084,2.635291,0.027722,-0.265101,2.264715,0.179955,-0.047377,2.261374,0.058608,0.142218,2.310877,-0.201044,0.338402,2.666338,-0.039991,0.392029,2.415078,-0.356738,0.681675,2.417289,-0.508754,0.640296,2.708313,-0.503959,0.847001,2.403823,-0.525845,0.933492,2.675468
100,-0.284929,0.055839,2.723443,-0.191935,-0.106243,2.726068,-0.207044,-0.309210,2.637560,0.031684,-0.267670,2.264027,0.178474,-0.041560,2.261358,0.058307,0.146730,2.312709,-0.204046,0.334908,2.668679,-0.040625,0.389618,2.414245,-0.307048,0.702623,2.400422,-0.494161,0.663749,2.707281,-0.506301,0.813579,2.351344,-0.481889,0.897136,2.644373
101,-0.280344,0.054798,2.722423,-0.188251,-0.105530,2.726172,-0.202274,-0.313664,2.631927,0.034083,-0.270976,2.262480,0.178724,-0.038483,2.263806,0.057950,0.149051,2.314733,-0.205986,0.337497,2.674382,-0.038197,0.387870,2.423321,-0.309711,0.689611,2.412195,-0.467472,0.603024,2.662387,-0.546759,0.807757,2.371441,-0.473346,0.921449,2.659512
102,-0.280108,0.061418,2.731537,-0.188273,-0.104172,2.727477,-0.201481,-0.311391,2.630685,0.038640,-0.270410,2.266626,0.181430,-0.035302,2.269553,0.061528,0.149110,2.314738,-0.193681,0.343486,2.672547,-0.035812,0.391775,2.417879,-0.319995,0.689759,2.413894,-0.477167,0.586790,2.656761,-0.565120,0.833941,2.384764,-0.528915,0.944699,2.667538
103,-0.282747,0.058777,2.729622,-0.188342,-0.103958,2.727881,-0.198494,-0.323612,2.631227,0.042074,-0.271408,2.266176,0.182929,-0.037184,2.268092,0.058834,0.150102,2.315541,-0.194803,0.342909,2.668581,-0.029969,0.398095,2.415617,-0.292993,0.708170,2.438790,-0.501896,0.662853,2.711923,-0.496617,0.863003,2.386912,-0.519045,0.922549,2.648740
104,-0.280058,0.043679,2.724200,-0.189507,-0.111012,2.724535,-0.198208,-0.327870,2.625659,0.038480,-0.275071,2.267937,0.181554,-0.042191,2.265697,0.062001,0.149309,2.312091,-0.207980,0.342939,2.663005,-0.044949,0.397885,2.417325,-0.316511,0.715961,2.437305,-0.483947,0.687514,2.717147,-0.556581,0.866291,2.409461,-0.505277,0.982709,2.682276
105,-0.282512,0.055699,2.727918,-0.190310,-0.109774,2.725847,-0.204186,-0.328611,2.622546,0.042505,-0.277282,2.266034,0.184042,-0.042812,2.267051,0.060417,0.149151,2.315578,-0.206323,0.348014,2.666716,-0.039234,0.397503,2.416354,-0.305574,0.755889,2.434910,-0.527487,0.700687,2.714333,-0.445962,0.857489,2.388960,-0.497075,0.910033,2.656949
106,-0.279881,0.056083,2.727751,-0.191654,-0.112738,2.726620,-0.203606,-0.335493,2.627249,0.043276,-0.281925,2.265975,0.184189,-0.039864,2.263180,0.061614,0.149454,2.309966,-0.199405,0.346060,2.663014,-0.033314,0.393069,2.413237,-0.306566,0.720953,2.428303,-0.488133,0.607133,2.660733,-0.527109,0.829131,2.365395,-0.498263,0.946289,2.663895
107,-0.279810,0.049536,2.726638,-0.191599,-0.114227,2.725473,-0.201653,-0.340266,2.625699,0.041167,-0.285015,2.266776,0.185170,-0.039301,2.269194,0.061264,0.145894,2.313790,-0.196389,0.339347,2.666105,-0.028395,0.393493,2.414676,-0.265022,0.737287,2.472164,-0.513601,0.654244,2.709345,-0.435284,0.821036,2.400366,-0.478860,0.853539,2.651510
108,-0.280905,0.044240,2.729397,-0.192650,-0.118386,2.731373,-0.196674,-0.348561,2.622179,0.040784,-0.295814,2.268730,0.180226,-0.042995,2.252664,0.060305,0.143213,2.307669,-0.187978,0.332889,2.666080,-0.025309,0.386181,2.410601,-0.290502,0.713590,2.447145,-0.491623,0.642843,2.713701,-0.526649,0.837766,2.391419,-0.503961,0.935297,2.682884
109,-0.283925,0.051048,2.735253,-0.197596,-0.122315,2.734446,-0.207346,-0.356339,2.628533,0.042680,-0.299484,2.269183,0.181219,-0.044067,2.255162,0.056465,0.143280,2.306494,-0.190098,0.339877,2.667201,-0.017979,0.390887,2.414454,-0.247634,0.730702,2.471945,-0.507507,0.645467,2.714071,-0.478319,0.897359,2.439455,-0.505915,0.953907,2.682825
110,-0.283528,0.052027,2.733909,-0.198976,-0.119645,2.729246,-0.207635,-0.354568,2.622729,0.042185,-0.302505,2.265794,0.178016,-0.045119,2.254423,0.057828,0.142831,2.312716,-0.191497,0.335853,2.664112,-0.022302,0.389245,2.412643,-0.259356,0.739519,2.470940,-0.512931,0.659477,2.721401,-0.463354,0.865439,2.438982,-0.487922,0.926382,2.678970
111,-0.285829,0.043827,2.737364,-0.200913,-0.123247,2.731932,-0.208861,-0.363125,2.630042,0.036834,-0.308754,2.269912,0.177558,-0.042421,2.250813,0.055165,0.144471,2.310787,-0.195438,0.332715,2.667406,-0.024760,0.386015,2.413423,-0.257063,0.775035,2.465922,-0.521002,0.659956,2.709237,-0.432563,0.892695,2.426140,-0.509080,0.960790,2.692970
112,-0.291422,0.061899,2.740863,-0.206541,-0.116301,2.732733,-0.213381,-0.358182,2.625853,0.035695,-0.310264,2.268214,0.178131,-0.041736,2.255231,0.056394,0.147524,2.316700,-0.197049,0.326553,2.661432,-0.025270,0.375884,2.415334,-0.255750,0.734489,2.486260,-0.498095,0.671747,2.698740,-0.475166,0.929364,2.438818,-0.507569,0.996132,2.689203
113,-0.299016,0.074457,2.743181,-0.202719,-0.108952,2.731660,-0.209861,-0.361901,2.625916,0.033916,-0.317621,2.268831,0.178382,-0.042811,2.260573,0.057340,0.151365,2.319402,-0.196957,0.318048,2.665627,-0.032678,0.368696,2.415414,-0.302439,0.704607,2.494106,-0.495165,0.665703,2.710105,-0.530289,0.873410,2.407309,-0.516567,0.964930,2.682057
114,-0.295895,0.063438,2.736139,-0.208439,-0.113636,2.731066,-0.214346,-0.369921,2.625135,0.034824,-0.322688,2.270337,0.177420,-0.045524,2.260694,0.057513,0.151759,2.318243,-0.200686,0.321672,2.670127,-0.031326,0.371116,2.419573,-0.281024,0.743378,2.468763,-0.501560,0.680172,2.718575,-0.465911,0.915810,2.421259,-0.536000,0.962627,2.683309
115,-0.292708,0.073448,2.736671,-0.208763,-0.111722,2.734972,-0.215004,-0.371956,2.623121,0.037630,-0.323019,2.267100,0.175018,-0.043936,2.265990,0.057046,0.154587,2.319267,-0.201035,0.335890,2.669432,-0.026595,0.382792,2.421553,-0.278757,0.740608,2.473069,-0.513725,0.665717,2.701505,-0.435644,0.904412,2.407893,-0.541747,0.944781,2.664560
116,-0.289014,0.074921,2.736202,-0.207975,-0.115914,2.727889,-0.208864,-0.386910,2.619801,0.038046,-0.328608,2.265498,0.171775,-0.041465,2.260319,0.053922,0.159793,2.313609,-0.209105,0.318992,2.671896,-0.042666,0.371460,2.426304,-0.341679,0.734816,2.440006,-0.525312,0.653551,2.697838,-0.491848,0.865715,2.402884,-0.549493,0.953086,2.686696
117,-0.294450,0.080171,2.737379,-0.206545,-0.115997,2.731509,-0.206012,-0.387341,2.621988,0.033157,-0.336871,2.264277,0.166105,-0.044239,2.261974,0.054949,0.166201,2.319453,-0.210516,0.307821,2.672891,-0.042355,0.359766,2.423942,-0.278451,0.753954,2.453025,-0.510681,0.690171,2.703041,-0.490761,0.903670,2.443202,-0.525633,0.957841,2.710436
118,-0.297072,0.076741,2.741914,-0.200749,-0.115265,2.735482,-0.205992,-0.394496,2.619101,0.038204,-0.338120,2.264172,0.163342,-0.042455,2.268778,0.051536,0.172887,2.323363,-0.211544,0.311416,2.673186,-0.036905,0.360875,2.425678,-0.271870,0.737742,2.477001,-0.494768,0.616174,2.682206,-0.475765,0.868224,2.402465,-0.531125,0.927406,2.671085
119,-0.298418,0.075564,2.740610,-0.211631,-0.117528,2.737070,-0.203361,-0.395528,2.622565,0.038475,-0.337785,2.260000,0.160895,-0.042923,2.267329,0.058073,0.179091,2.329506,-0.210155,0.316860,2.669366,-0.036377,0.363438,2.420021,-0.289107,0.747151,2.468739,-0.510527,0.668050,2.706227,-0.483648,0.878160,2.414509,-0.542357,0.952448,2.700516
120,-0.297150,0.070741,2.739563,-0.219110,-0.140141,2.734060,-0.203677,-0.400882,2.620931,0.039844,-0.339574,2.261776,0.167089,-0.039343,2.269721,0.057563,0.176208,2.321302,-0.207954,0.318391,2.673100,-0.034191,0.366282,2.421138,-0.283967,0.745459,2.478492,-0.513173,0.696063,2.700136,-0.509763,0.904090,2.437694,-0.545540,0.981411,2.702577
121,-0.292673,0.061916,2.740850,-0.216568,-0.142279,2.736367,-0.201757,-0.415043,2.616750,0.042289,-0.344985,2.262578,0.154533,-0.043653,2.268479,0.057904,0.173969,2.317129,-0.213711,0.308648,2.673720,-0.037985,0.364180,2.424503,-0.271118,0.752238,2.479611,-0.485677,0.709822,2.703122,-0.452291,0.949466,2.448844,-0.504891,0.986105,2.702472
122,-0.296266,0.060608,2.742965,-0.219438,-0.149123,2.738206,-0.205077,-0.420861,2.615444,0.043712,-0.347103,2.260454,0.154407,-0.042089,2.266574,0.054989,0.176343,2.328833,-0.210317,0.302356,2.673003,-0.030257,0.354633,2.422460,-0.219534,0.771204,2.488733,-0.475215,0.693212,2.726495,-0.443082,1.013204,2.515849,-0.505044,1.047331,2.747729
123,-0.290493,0.063646,2.745637,-0.212818,-0.156166,2.735691,-0.201331,-0.429743,2.618371,0.040121,-0.359685,2.264267,0.152354,-0.043712,2.269760,0.053404,0.176038,2.326167,-0.206400,0.299574,2.670760,-0.037930,0.349217,2.422561,-0.241174,0.765952,2.490338,-0.450718,0.704325,2.729070,-0.447422,0.977164,2.506771,-0.478011,1.019672,2.747776
124,-0.293343,0.067047,2.745674,-0.218485,-0.162467,2.737098,-0.206320,-0.430085,2.620268,0.038490,-0.365245,2.258560,0.139713,-0.048019,2.263362,0.054337,0.170076,2.318270,-0.210308,0.302554,2.671178,-0.024359,0.344578,2.413826,-0.221941,0.772087,2.497086,-0.459324,0.714451,2.719731,-0.412811,0.979877,2.506164,-0.452326,1.006824,2.735437
125,-0.284117,0.067431,2.739416,-0.206263,-0.155810,2.740101,-0.197659,-0.433692,2.620391,0.038868,-0.368536,2.260381,0.145836,-0.048465,2.249627,0.059413,0.167635,2.311744,-0.200800,0.311913,2.666956,-0.021872,0.348177,2.417768,-0.198734,0.791759,2.484001,-0.453158,0.723937,2.707290,-0.402657,1.026982,2.507003,-0.480126,1.032928,2.718649
126,-0.295058,0.067074,2.745305,-0.220815,-0.159717,2.742985,-0.207367,-0.443313,2.619848,0.040773,-0.376915,2.260521,0.145374,-0.050253,2.252948,0.053927,0.164839,2.314336,-0.207787,0.287726,2.670451,-0.029615,0.335430,2.416216,-0.198682,0.757676,2.485896,-0.431659,0.567682,2.657824,-0.364476,0.990549,2.493282,-0.433640,0.993860,2.731086
127,-0.293055,0.059108,2.744065,-0.226678,-0.173193,2.747006,-0.204747,-0.448072,2.617423,0.042454,-0.380412,2.254555,0.145311,-0.050565,2.248247,0.057374,0.170375,2.315158,-0.203519,0.292896,2.673274,-0.021497,0.333762,2.417656,-0.212217,0.764130,2.468399,-0.445904,0.698184,2.704736,-0.329818,0.979121,2.488239,-0.427338,0.975150,2.732698
128,-0.294161,0.070664,2.743729,-0.230768,-0.165849,2.750025,-0.209047,-0.458956,2.613216,0.043247,-0.388385,2.250891,0.135191,-0.053572,2.248156,0.055019,0.169502,2.315510,-0.211378,0.275808,2.669535,-0.022322,0.321700,2.415433,-0.242288,0.745560,2.469846,-0.431605,0.601750,2.677426,-0.416701,0.932678,2.468996,-0.435888,0.959049,2.741043
129,-0.292045,0.072323,2.745256,-0.241434,-0.185732,2.749273,-0.214182,-0.473569,2.613981,0.042280,-0.410025,2.251643,0.136000,-0.062044,2.241893,0.050592,0.164233,2.317597,-0.212745,0.255211,2.662760,-0.018398,0.303399,2.412049,-0.192284,0.719465,2.478717,-0.416467,0.597781,2.686938,-0.418038,0.841437,2.409132,-0.397563,0.839960,2.684588
130,-0.277082,0.068363,2.748118,-0.235799,-0.197871,2.745357,-0.207940,-0.486197,2.611607,0.042978,-0.418108,2.246887,0.130848,-0.065631,2.242831,0.050508,0.165797,2.313018,-0.207332,0.252769,2.657843,-0.018021,0.296679,2.407855,-0.191946,0.646445,2.473529,-0.412499,0.576886,2.663234,-0.452888,0.705247,2.343235,-0.388325,0.819260,2.651596
131,-0.284162,0.050838,2.745533,-0.232856,-0.203227,2.741967,-0.205173,-0.486637,2.608572,0.042138,-0.419970,2.247426,0.127622,-0.075784,2.244444,0.057758,0.166163,2.306395,-0.210904,0.245465,2.656753,-0.019352,0.291260,2.413519,-0.202189,0.631527,2.461888,-0.401232,0.567352,2.671152,-0.501919,0.655334,2.342706,-0.378275,0.814101,2.659261
132,-0.274486,0.063896,2.748507,-0.233435,-0.198568,2.741713,-0.207960,-0.491229,2.611829,0.043649,-0.424334,2.245956,0.125702,-0.082144,2.232963,0.063549,0.166089,2.307002,-0.212534,0.237516,2.651933,-0.022686,0.286710,2.411106,-0.208967,0.603513,2.419574,-0.394345,0.580288,2.669457,-0.458320,0.684002,2.348671,-0.387612,0.795058,2.649698
133,-0.294383,0.058191,2.740849,-0.242453,-0.200683,2.743720,-0.213641,-0.501383,2.610430,0.045962,-0.432791,2.242753,0.122949,-0.085953,2.232032,0.060833,0.167278,2.309302,-0.210720,0.240915,2.653803,-0.017041,0.288106,2.404455,-0.182733,0.680714,2.481954,-0.401314,0.597343,2.671679,-0.410309,0.688506,2.352851,-0.354421,0.792438,2.652119
134,-0.293691,0.062845,2.750505,-0.248370,-0.198340,2.744741,-0.220936,-0.506003,2.607906,0.047874,-0.443786,2.241759,0.124672,-0.092779,2.229265,0.058648,0.163037,2.309641,-0.216712,0.219552,2.643878,-0.021317,0.272787,2.408058,-0.194686,0.591283,2.403275,-0.389324,0.577615,2.674757,-0.490638,0.547756,2.332834,-0.324180,0.757825,2.641237
135,-0.287722,0.078659,2.752292,-0.242564,-0.205203,2.743043,-0.213557,-0.513333,2.604317,0.045851,-0.452287,2.240117,0.120442,-0.107275,2.224172,0.059834,0.162581,2.306058,-0.217413,0.220398,2.650553,-0.022809,0.269252,2.413917,-0.211804,0.611876,2.423147,-0.419651,0.578071,2.669333,-0.464719,0.646579,2.343864,-0.398127,0.776807,2.658772
136,-0.287373,0.064238,2.743400,-0.239708,-0.216266,2.737463,-0.208372,-0.523084,2.602746,0.048335,-0.452540,2.238048,0.119650,-0.109025,2.230644,0.053136,0.160933,2.302342,-0.218335,0.214999,2.650242,-0.030572,0.268288,2.411626,-0.236139,0.597696,2.423150,-0.421443,0.561734,2.678361,-0.475068,0.558030,2.325914,-0.346590,0.759346,2.647116
137,-0.288336,0.073678,2.745779,-0.230195,-0.200493,2.734123,-0.208675,-0.523368,2.605316,0.050978,-0.453586,2.238504,0.111665,-0.104162,2.230827,0.058207,0.165082,2.307939,-0.216874,0.212703,2.654109,-0.027030,0.263931,2.415148,-0.234913,0.574698,2.418755,-0.385212,0.589392,2.687861,-0.529069,0.507657,2.314344,-0.350754,0.806303,2.630595
138,-0.294708,0.080106,2.750780,-0.235392,-0.204542,2.735784,-0.212706,-0.531702,2.604172,0.056107,-0.457138,2.237498,0.112921,-0.096186,2.240795,0.059228,0.169228,2.314345,-0.221183,0.203020,2.652845,-0.031645,0.255531,2.410073,-0.230327,0.630285,2.417757,-0.421718,0.586331,2.679304,-0.461718,0.668647,2.332228,-0.390098,0.833714,2.658389
139,-0.274542,0.057551,2.748022,-0.227277,-0.229908,2.729100,-0.202638,-0.541995,2.599391,0.051169,-0.466324,2.238821,0.108466,-0.109845,2.241951,0.063811,0.171451,2.308426,-0.226686,0.197114,2.651133,-0.041968,0.247067,2.421700,-0.264755,0.633166,2.434215,-0.435984,0.586698,2.677464,-0.480335,0.721645,2.363716,-0.407151,0.887040,2.697680
140,-0.278377,0.062088,2.745193,-0.246716,-0.236502,2.729356,-0.207036,-0.546157,2.601350,0.052217,-0.471154,2.234549,0.104069,-0.114029,2.236235,0.062130,0.167749,2.315666,-0.220422,0.186749,2.648518,-0.037366,0.234855,2.416606,-0.233330,0.596250,2.429479,-0.396422,0.564192,2.682539,-0.512680,0.763713,2.413515,-0.366058,0.949243,2.735665
141,-0.276204,0.064609,2.745976,-0.249243,-0.236097,2.739088,-0.207265,-0.556421,2.602545,0.056668,-0.478285,2.229976,0.107526,-0.117802,2.234936,0.063227,0.164726,2.312590,-0.226488,0.184698,2.652478,-0.032876,0.230972,2.414893,-0.231013,0.615935,2.444895,-0.414390,0.587762,2.683195,-0.473140,0.860478,2.414757,-0.388603,0.984427,2.721905
142,-0.276483,0.067690,2.749939,-0.241416,-0.241109,2.736157,-0.205116,-0.565183,2.600032,0.057238,-0.484034,2.225583,0.105727,-0.121834,2.230280,0.061923,0.164390,2.313355,-0.224983,0.178037,2.646780,-0.039622,0.230668,2.415586,-0.261067,0.623185,2.451744,-0.412130,0.569711,2.670496,-0.529211,0.906233,2.501390,-0.419443,1.048297,2.750109
143,-0.276541,0.055602,2.751911,-0.253195,-0.242304,2.738251,-0.205970,-0.567704,2.601621,0.059961,-0.483591,2.219982,0.103832,-0.111446,2.229715,0.056357,0.161690,2.312572,-0.225915,0.180290,2.648004,-0.040374,0.227585,2.410270,-0.240608,0.606686,2.441180,-0.393073,0.579165,2.681276,-0.530777,0.858552,2.474458,-0.358686,1.070104,2.754328
144,-0.281026,0.061148,2.749601,-0.255328,-0.231507,2.739924,-0.208535,-0.567258,2.605205,0.062793,-0.490175,2.223108,0.100345,-0.115427,2.231410,0.057848,0.157319,2.306840,-0.227631,0.172221,2.648615,-0.040055,0.223681,2.409435,-0.249338,0.597593,2.438224,-0.402851,0.574779,2.695059,-0.519211,0.805413,2.465631,-0.348962,1.019212,2.744662
145,-0.270432,0.065653,2.752345,-0.252557,-0.226897,2.738271,-0.208302,-0.568515,2.605343,0.060228,-0.495561,2.221564,0.096167,-0.117450,2.226555,0.058500,0.160106,2.308365,-0.227018,0.180148,2.653714,-0.039394,0.226149,2.413233,-0.264988,0.633466,2.505431,-0.401592,0.583663,2.685133,-0.527666,0.827270,2.493726,-0.351006,1.069766,2.770980
146,-0.292686,0.059117,2.754324,-0.266688,-0.240048,2.737515,-0.211091,-0.575760,2.604300,0.063758,-0.498179,2.220490,0.097454,-0.118604,2.228446,0.056817,0.162076,2.306249,-0.229968,0.163419,2.655896,-0.040904,0.218578,2.419748,-0.264649,0.649450,2.516637,-0.408697,0.575025,2.702789,-0.506735,0.823506,2.490429,-0.357235,1.031275,2.758482
147,-0.287571,0.043322,2.748860,-0.253624,-0.241202,2.733624,-0.205560,-0.584739,2.605393,0.062606,-0.499056,2.218149,0.099266,-0.120652,2.232291,0.062535,0.164010,2.312965,-0.229514,0.166779,2.659266,-0.045288,0.222626,2.414497,-0.285005,0.671766,2.515802,-0.433810,0.635320,2.737435,-0.506090,0.827836,2.485408,-0.406857,1.022808,2.756673
148,-0.288665,0.033886,2.749056,-0.248232,-0.255425,2.728806,-0.199029,-0.591876,2.602388,0.063590,-0.502702,2.222400,0.093910,-0.127626,2.238040,0.059562,0.164455,2.311349,-0.234625,0.160931,2.655241,-0.052973,0.210569,2.417774,-0.273153,0.596044,2.434011,-0.434487,0.597257,2.698087,-0.524127,0.859916,2.494257,-0.380468,1.093289,2.786351
149,-0.270128,0.051853,2.751718,-0.238577,-0.248227,2.727979,-0.202370,-0.596441,2.605000,0.061639,-0.510258,2.220871,0.092349,-0.129532,2.240527,0.055086,0.165203,2.318027,-0.231344,0.160879,2.659787,-0.047295,0.205903,2.415278,-0.285252,0.608199,2.448895,-0.424790,0.565501,2.703774,-0.508461,0.933397,2.521805,-0.373776,1.078991,2.797675
150,-0.276828,0.050449,2.753052,-0.239036,-0.254134,2.726049,-0.207588,-0.601463,2.607670,0.061774,-0.514663,2.223557,0.092234,-0.130121,2.244918,0.055253,0.165827,2.312016,-0.234076,0.152207,2.656659,-0.052454,0.201174,2.415719,-0.304553,0.618553,2.442793,-0.445187,0.574534,2.695358,-0.463785,0.935779,2.528541,-0.400572,1.052682,2.787121
151,-0.278761,0.049990,2.755479,-0.248958,-0.248899,2.729962,-0.209324,-0.604141,2.607683,0.062297,-0.518321,2.222573,0.087193,-0.129946,2.239773,0.052264,0.165956,2.313915,-0.235000,0.159139,2.656653,-0.050534,0.205898,2.411732,-0.286824,0.615227,2.446282,-0.426283,0.571204,2.693681,-0.486562,0.919866,2.524629,-0.368743,1.078821,2.795020
152,-0.290889,0.058321,2.757213,-0.258133,-0.254559,2.727797,-0.216074,-0.613041,2.609550,0.064767,-0.520154,2.221903,0.086870,-0.122740,2.243849,0.051623,0.172144,2.319425,-0.240041,0.158624,2.661245,-0.047384,0.205011,2.414824,-0.280409,0.612804,2.432215,-0.441257,0.573915,2.696394,-0.488054,0.932758,2.489372,-0.379129,1.074931,2.775764
153,-0.281437,0.057451,2.752935,-0.263001,-0.247054,2.726077,-0.220061,-0.610530,2.612760,0.063700,-0.523926,2.218594,0.082262,-0.128621,2.240726,0.050751,0.170675,2.312510,-0.246418,0.156357,2.662876,-0.054675,0.207803,2.413239,-0.270753,0.627862,2.433187,-0.440366,0.587599,2.708129,-0.455910,0.983023,2.518747,-0.395646,1.094188,2.793010
154,-0.287189,0.052553,2.750342,-0.274379,-0.250271,2.721077,-0.228197,-0.609275,2.612191,0.065629,-0.521299,2.218473,0.080320,-0.124078,2.243565,0.048307,0.174898,2.314829,-0.246181,0.158552,2.664295,-0.047715,0.209030,2.414813,-0.252766,0.632218,2.440362,-0.460697,0.605189,2.694567,-0.434062,0.992562,2.499650,-0.417631,1.042064,2.758079
155,-0.281905,0.051503,2.756173,-0.269727,-0.249640,2.723910,-0.228625,-0.609128,2.611655,0.062865,-0.525563,2.224347,0.082875,-0.125075,2.242291,0.048636,0.172838,2.315161,-0.249843,0.152889,2.658362,-0.058178,0.206538,2.416858,-0.261280,0.640709,2.430773,-0.470551,0.606425,2.685361,-0.432688,1.020273,2.500985,-0.445186,1.069026,2.765378
156,-0.280850,0.058681,2.749757,-0.265291,-0.240868,2.723441,-0.234326,-0.607250,2.609884,0.061656,-0.528549,2.222771,0.076882,-0.129400,2.244096,0.044267,0.172179,2.309494,-0.245924,0.159960,2.656685,-0.045150,0.202663,2.410898,-0.229932,0.629654,2.420900,-0.462779,0.621365,2.688571,-0.421955,1.009283,2.499271,-0.428389,1.075505,2.773334
157,-0.281992,0.050196,2.748788,-0.265768,-0.244978,2.725431,-0.230022,-0.612526,2.609973,0.060856,-0.532263,2.223449,0.083955,-0.136280,2.237871,0.050480,0.170210,2.301348,-0.242577,0.146875,2.657502,-0.048442,0.194791,2.411614,-0.249853,0.574248,2.431145,-0.438115,0.577079,2.708513,-0.483908,0.934236,2.508504,-0.338565,1.085716,2.806848
158,-0.293211,0.042997,2.745403,-0.285455,-0.245647,2.725651,-0.237747,-0.610047,2.614348,0.062896,-0.528552,2.224296,0.087973,-0.131377,2.238486,0.053598,0.166852,2.303476,-0.250576,0.153780,2.658596,-0.048573,0.201467,2.414059,-0.235114,0.597978,2.436661,-0.429586,0.584027,2.703637,-0.495338,0.907235,2.481566,-0.348675,1.094839,2.775343
159,-0.275261,0.053194,2.745518,-0.262434,-0.245203,2.719562,-0.234158,-0.611374,2.612892,0.058399,-0.527378,2.227806,0.083076,-0.126422,2.241870,0.053291,0.170701,2.315813,-0.248211,0.145629,2.656273,-0.056351,0.194246,2.416558,-0.274843,0.583847,2.436366,-0.435277,0.580684,2.693536,-0.466339,0.958382,2.498525,-0.331539,1.079386,2.787390
160,-0.274388,0.056542,2.746145,-0.266853,-0.243318,2.726832,-0.236502,-0.611878,2.614375,0.058403,-0.524680,2.222955,0.080824,-0.119704,2.244205,0.048839,0.173513,2.312253,-0.259729,0.154744,2.656249,-0.069375,0.207699,2.414067,-0.258218,0.670485,2.435163,-0.465736,0.600493,2.675811,-0.384374,1.068304,2.499914,-0.453382,1.061923,2.737463
161,-0.286569,0.063448,2.747371,-0.280958,-0.237653,2.729589,-0.242971,-0.610170,2.617436,0.059662,-0.524969,2.225952,0.077145,-0.124494,2.242685,0.049054,0.170801,2.311371,-0.257191,0.146887,2.660793,-0.060920,0.202833,2.413855,-0.278316,0.624318,2.439008,-0.453734,0.599582,2.689334,-0.456254,1.004937,2.498969,-0.412696,1.091435,2.780305
162,-0.287039,0.059499,2.747269,-0.279957,-0.238680,2.727387,-0.239162,-0.608999,2.618202,0.058360,-0.525768,2.229209,0.073776,-0.125630,2.243464,0.047874,0.170818,2.313138,-0.255890,0.149571,2.659748,-0.058865,0.198758,2.410494,-0.273377,0.615849,2.426803,-0.453646,0.594940,2.689272,-0.450897,0.990109,2.475781,-0.409992,1.079538,2.756391
163,-0.294745,0.061105,2.746456,-0.284379,-0.246818,2.727745,-0.240913,-0.613316,2.616573,0.057021,-0.525732,2.228385,0.075028,-0.124169,2.240916,0.052791,0.170808,2.314451,-0.261957,0.155351,2.655541,-0.068580,0.206310,2.410498,-0.264121,0.662996,2.436567,-0.469165,0.600602,2.681624,-0.366833,1.070995,2.513497,-0.440850,1.059585,2.745378
164,-0.289524,0.060917,2.750054,-0.281893,-0.245005,2.725633,-0.239277,-0.613682,2.616955,0.059078,-0.524264,2.231434,0.078705,-0.119836,2.240322,0.051475,0.172059,2.314565,-0.257169,0.148629,2.659476,-0.066264,0.202470,2.417131,-0.265944,0.638721,2.436406,-0.457043,0.602935,2.689336,-0.421561,1.011653,2.499075,-0.389412,1.091857,2.781964
165,-0.293456,0.057784,2.757256,-0.282055,-0.242503,2.723168,-0.239760,-0.607470,2.615217,0.059942,-0.525508,2.231734,0.079122,-0.123346,2.243161,0.051352,0.170537,2.311117,-0.256245,0.150883,2.658650,-0.052384,0.204325,2.417351,-0.258622,0.626755,2.433936,-0.455683,0.595565,2.689291,-0.423707,1.006750,2.494742,-0.439024,1.053373,2.744823
166,-0.287503,0.060275,2.747573,-0.278378,-0.240791,2.724272,-0.237264,-0.606755,2.617602,0.058147,-0.523575,2.230318,0.078645,-0.124617,2.236743,0.054134,0.170736,2.310601,-0.254359,0.145516,2.662046,-0.064977,0.197261,2.413153,-0.281874,0.566283,2.426078,-0.445416,0.566059,2.686742,-0.464394,0.954918,2.488684,-0.339255,1.080474,2.797812
167,-0.287892,0.055077,2.748840,-0.282869,-0.252322,2.723916,-0.240003,-0.607063,2.618080,0.060942,-0.522996,2.231719,0.081876,-0.129401,2.240554,0.051179,0.169717,2.308178,-0.258052,0.147533,2.662436,-0.061549,0.201467,2.417711,-0.265778,0.633399,2.430853,-0.461995,0.590289,2.692509,-0.425637,1.020413,2.493167,-0.454506,1.074810,2.767736
168,-0.292591,0.068110,2.756526,-0.287490,-0.242455,2.728182,-0.234731,-0.603871,2.615082,0.061314,-0.524011,2.229393,0.082204,-0.125400,2.237372,0.053336,0.173560,2.310306,-0.253542,0.157947,2.659798,-0.050511,0.210017,2.415986,-0.242068,0.655059,2.426892,-0.467832,0.595200,2.686966,-0.385566,1.020788,2.472218,-0.456811,1.047052,2.746134
169,-0.302377,0.046909,2.749511,-0.275022,-0.253141,2.721223,-0.238668,-0.606959,2.617488,0.060852,-0.526112,2.231304,0.081508,-0.127865,2.243002,0.054462,0.169018,2.307157,-0.251419,0.138562,2.657770,-0.063224,0.189241,2.413020,-0.267441,0.559546,2.419511,-0.439579,0.578383,2.710306,-0.473953,0.916817,2.476032,-0.318859,1.079078,2.776821
170,-0.283815,0.048274,2.751882,-0.273702,-0.257423,2.723352,-0.236857,-0.607493,2.617507,0.060024,-0.527326,2.234339,0.076443,-0.128247,2.240438,0.053740,0.165049,2.303888,-0.253111,0.137347,2.654614,-0.065576,0.186737,2.406595,-0.264062,0.583869,2.424413,-0.431788,0.569005,2.708207,-0.442415,0.953576,2.488195,-0.354677,1.047326,2.787665
171,-0.278428,0.048064,2.755443,-0.271216,-0.254819,2.723190,-0.233687,-0.611327,2.615248,0.061161,-0.529181,2.231306,0.085730,-0.127948,2.244197,0.053081,0.163224,2.310518,-0.249851,0.142418,2.658654,-0.058239,0.192785,2.414809,-0.284418,0.595641,2.425462,-0.464076,0.565156,2.706325,-0.428017,0.984082,2.497206,-0.405486,1.040292,2.771592
172,-0.281814,0.058700,2.754487,-0.269210,-0.245828,2.723219,-0.232529,-0.606845,2.613577,0.061290,-0.528225,2.227768,0.082851,-0.131251,2.241666,0.050134,0.161882,2.319395,-0.248124,0.140667,2.661906,-0.053926,0.190147,2.416062,-0.270542,0.607561,2.433762,-0.458216,0.569412,2.698433,-0.415283,0.995041,2.505979,-0.412543,1.029812,2.765117
173,-0.280956,0.058882,2.754196,-0.267711,-0.244523,2.721923,-0.231011,-0.604196,2.614654,0.061595,-0.524654,2.226460,0.082547,-0.134927,2.243779,0.050601,0.162944,2.311274,-0.249133,0.150152,2.657980,-0.055990,0.199618,2.412015,-0.259974,0.620841,2.424381,-0.453689,0.573837,2.692122,-0.398393,1.012554,2.494873,-0.435167,1.040544,2.749533
174,-0.284597,0.062527,2.751082,-0.270795,-0.243236,2.725625,-0.238072,-0.603495,2.615889,0.064032,-0.521020,2.223810,0.089182,-0.120819,2.243999,0.055427,0.168042,2.312955,-0.252773,0.149504,2.659822,-0.059883,0.200084,2.413324,-0.249368,0.624498,2.435184,-0.444344,0.575095,2.698759,-0.388462,0.985364,2.492010,-0.446459,0.994364,2.735696
175,-0.288168,0.061654,2.754757,-0.277926,-0.241504,2.724980,-0.235124,-0.600517,2.612161,0.064410,-0.519587,2.224414,0.084632,-0.121555,2.242360,0.048986,0.169457,2.316408,-0.251187,0.153188,2.659023,-0.051325,0.202449,2.414048,-0.270766,0.592375,2.425721,-0.455554,0.570032,2.687901,-0.451146,0.944057,2.462967,-0.388016,1.048496,2.759312
176,-0.300777,0.050293,2.752471,-0.270474,-0.247501,2.727276,-0.228298,-0.598897,2.610002,0.064533,-0.516783,2.220678,0.090263,-0.119492,2.238386,0.054859,0.172040,2.314289,-0.249298,0.153014,2.656109,-0.056751,0.205635,2.410357,-0.241403,0.638190,2.430589,-0.460848,0.577230,2.680193,-0.367842,1.000772,2.482313,-0.466114,0.987410,2.727623
177,-0.289438,0.058359,2.749641,-0.270942,-0.234658,2.734661,-0.228081,-0.592124,2.607870,0.066052,-0.512530,2.221333,0.093705,-0.118680,2.229216,0.055765,0.173877,2.316915,-0.247076,0.160940,2.661338,-0.056707,0.215267,2.417696,-0.242732,0.657094,2.446537,-0.469408,0.593395,2.681075,-0.374608,1.003062,2.491681,-0.471924,0.996189,2.748060
178,-0.301916,0.046317,2.746541,-0.288650,-0.245009,2.736455,-0.226750,-0.590228,2.609345,0.064214,-0.506802,2.221548,0.094544,-0.117067,2.227665,0.057577,0.171564,2.311943,-0.247059,0.161564,2.663121,-0.052179,0.212658,2.417680,-0.231332,0.649540,2.438635,-0.458136,0.582346,2.692925,-0.385279,0.985936,2.477214,-0.457762,1.011052,2.760014
179,-0.299229,0.043472,2.747186,-0.288696,-0.242790,2.739687,-0.226697,-0.590862,2.607283,0.066135,-0.499445,2.221506,0.094268,-0.110598,2.233217,0.056336,0.170178,2.316426,-0.248987,0.166363,2.658860,-0.056197,0.217944,2.410026,-0.255531,0.641433,2.446791,-0.451611,0.584752,2.691487,-0.428828,0.978707,2.488945,-0.423404,1.038912,2.767985
180,-0.290979,0.048717,2.751669,-0.281862,-0.241378,2.741575,-0.230812,-0.591507,2.606415,0.068365,-0.496760,2.223652,0.093451,-0.110133,2.226595,0.058875,0.168914,2.320084,-0.249716,0.160958,2.663984,-0.061126,0.216370,2.412111,-0.286229,0.687657,2.528552,-0.480861,0.658909,2.730558,-0.411104,0.951874,2.485642,-0.416241,0.998837,2.751644
181,-0.294289,0.034103,2.750077,-0.271449,-0.235758,2.743496,-0.228795,-0.584749,2.609642,0.063986,-0.489068,2.216760,0.093157,-0.102736,2.216308,0.061300,0.169094,2.318612,-0.250103,0.174277,2.664605,-0.057927,0.227351,2.405979,-0.280337,0.622795,2.458122,-0.468761,0.670563,2.723278,-0.492741,0.909508,2.478051,-0.382564,1.060911,2.771355
182,-0.314483,0.048997,2.756444,-0.289477,-0.236103,2.747112,-0.228834,-0.581593,2.608655,0.067520,-0.488099,2.221172,0.101432,-0.098629,2.218352,0.062840,0.170429,2.318958,-0.249005,0.176775,2.667210,-0.048453,0.236205,2.413074,-0.268135,0.696523,2.519836,-0.447048,0.599084,2.683415,-0.447582,0.969493,2.489462,-0.430970,1.038513,2.771777
183,-0.296804,0.028498,2.748111,-0.280762,-0.243142,2.744838,-0.230535,-0.579291,2.610915,0.065428,-0.486829,2.220746,0.101305,-0.097298,2.214086,0.064005,0.170501,2.312482,-0.251253,0.180555,2.671729,-0.058091,0.241515,2.420232,-0.278449,0.693426,2.538230,-0.473047,0.688740,2.739732,-0.449094,0.831344,2.442853,-0.374532,0.985921,2.745777
184,-0.311625,0.032755,2.742524,-0.298583,-0.255245,2.746652,-0.228230,-0.577313,2.610477,0.063400,-0.480457,2.219137,0.099230,-0.090197,2.213624,0.061948,0.170646,2.318755,-0.251101,0.183741,2.669609,-0.048962,0.243073,2.410197,-0.286162,0.698585,2.514614,-0.457762,0.613688,2.694990,-0.475268,0.870915,2.456809,-0.405270,1.007401,2.758416
185,-0.328397,0.034316,2.747375,-0.305992,-0.244743,2.752310,-0.230344,-0.571516,2.609369,0.063045,-0.479619,2.223489,0.106436,-0.089846,2.209440,0.065681,0.167711,2.306432,-0.255819,0.175532,2.669395,-0.055825,0.236180,2.415645,-0.285893,0.682773,2.514433,-0.473912,0.608122,2.695541,-0.491021,0.913509,2.495166,-0.387585,1.069690,2.772579
186,-0.317959,0.044012,2.746260,-0.319206,-0.241292,2.751929,-0.237600,-0.566608,2.608205,0.063295,-0.476677,2.225055,0.103882,-0.098814,2.206687,0.062128,0.163622,2.301971,-0.255422,0.186422,2.671400,-0.054179,0.247529,2.422108,-0.256486,0.632981,2.462565,-0.455805,0.601834,2.702220,-0.477115,0.944583,2.495330,-0.420323,1.034420,2.776652
187,-0.330637,0.043761,2.741498,-0.317615,-0.229711,2.754364,-0.241261,-0.556915,2.606862,0.060546,-0.466048,2.228152,0.106533,-0.092546,2.202532,0.060865,0.169854,2.305852,-0.255915,0.195627,2.674750,-0.054145,0.258952,2.420338,-0.274790,0.677954,2.524865,-0.461524,0.610513,2.694806,-0.449700,0.842892,2.449685,-0.413334,0.929087,2.713438
188,-0.313660,0.048756,2.740597,-0.312338,-0.220750,2.759031,-0.241815,-0.546645,2.611048,0.056744,-0.457047,2.229764,0.107279,-0.086766,2.200566,0.063267,0.173074,2.311270,-0.251163,0.199186,2.665508,-0.047114,0.264793,2.414082,-0.273733,0.671136,2.511358,-0.452246,0.592268,2.683386,-0.490634,0.916415,2.482537,-0.443308,1.015139,2.753586
189,-0.304214,0.051854,2.738689,-0.312233,-0.209448,2.765194,-0.243021,-0.534357,2.614798,0.059804,-0.453383,2.235722,0.111241,-0.076047,2.202652,0.066657,0.174476,2.305910,-0.249872,0.207596,2.665611,-0.045083,0.270449,2.406479,-0.273753,0.696655,2.497378,-0.476993,0.621664,2.690222,-0.427160,0.986818,2.482507,-0.431529,1.013144,2.751287
190,-0.314483,0.053106,2.741205,-0.315090,-0.204873,2.768201,-0.253905,-0.513737,2.619532,0.055846,-0.442768,2.250748,0.116148,-0.069102,2.203848,0.065797,0.171711,2.302154,-0.231217,0.231927,2.658973,-0.030527,0.289215,2.410034,-0.225610,0.723571,2.487394,-0.457270,0.628065,2.673514,-0.404661,0.958019,2.504130,-0.385426,0.963397,2.776121
191,-0.308886,0.069144,2.749296,-0.312527,-0.186981,2.774272,-0.257457,-0.488744,2.623314,0.048523,-0.433760,2.252365,0.119725,-0.066241,2.201215,0.060026,0.171611,2.298489,-0.239373,0.244106,2.662432,-0.036317,0.297590,2.407214,-0.225156,0.708127,2.495211,-0.451243,0.656738,2.693806,-0.507295,0.972422,2.519435,-0.388603,1.063001,2.776200
192,-0.310987,0.068059,2.755755,-0.306134,-0.189217,2.770319,-0.257655,-0.480817,2.621496,0.049719,-0.425627,2.256239,0.116971,-0.063407,2.205526,0.059266,0.171039,2.303893,-0.236787,0.246258,2.664731,-0.032344,0.305212,2.415405,-0.232108,0.676977,2.492693,-0.430590,0.628910,2.688477,-0.590872,0.875013,2.477332,-0.328927,1.138501,2.770166
193,-0.316564,0.067617,2.749179,-0.301254,-0.179272,2.773631,-0.261299,-0.460821,2.628286,0.045342,-0.404288,2.258278,0.130172,-0.056882,2.209187,0.058939,0.172408,2.303438,-0.237036,0.274513,2.662160,-0.037535,0.327820,2.412874,-0.234161,0.698902,2.499190,-0.449754,0.639385,2.687552,-0.552003,0.909010,2.478291,-0.363833,1.102224,2.760098
194,-0.309818,0.065564,2.744313,-0.301079,-0.175162,2.780617,-0.260588,-0.443742,2.630907,0.040822,-0.386837,2.258521,0.133370,-0.050235,2.206145,0.053901,0.171664,2.303532,-0.238897,0.278948,2.662106,-0.043853,0.326845,2.409766,-0.202816,0.749231,2.502853,-0.464527,0.657263,2.682917,-0.478328,1.008156,2.507560,-0.366802,1.083866,2.767994
195,-0.305027,0.079632,2.743585,-0.293794,-0.150575,2.780926,-0.262304,-0.435340,2.639949,0.039113,-0.380046,2.265871,0.134991,-0.054504,2.218866,0.061813,0.168176,2.301708,-0.242221,0.280902,2.662648,-0.044437,0.331396,2.408282,-0.216366,0.760697,2.498307,-0.463355,0.663364,2.686504,-0.447159,1.012636,2.491939,-0.375439,1.075692,2.751463
196,-0.314400,0.067827,2.748571,-0.298497,-0.171538,2.779037,-0.262230,-0.433099,2.638828,0.035081,-0.366451,2.258046,0.143415,-0.040531,2.211934,0.059436,0.168910,2.308935,-0.242082,0.276970,2.664170,-0.054001,0.334309,2.405354,-0.286695,0.684794,2.483123,-0.462922,0.660853,2.676260,-0.608986,0.832636,2.425297,-0.370417,1.082886,2.731078
197,-0.316857,0.069116,2.748421,-0.285956,-0.138983,2.775085,-0.272799,-0.399858,2.650906,0.035558,-0.336139,2.257667,0.167529,-0.020460,2.207353,0.067600,0.164900,2.310798,-0.217613,0.323536,2.672993,-0.022603,0.366568,2.416070,-0.178828,0.759038,2.505090,-0.468488,0.722220,2.731630,-0.448382,0.953021,2.461971,-0.397517,1.035582,2.732909
198,-0.318688,0.062418,2.747018,-0.295904,-0.160733,2.787826,-0.271015,-0.386687,2.642777,0.032583,-0.327056,2.259554,0.167956,-0.013538,2.206712,0.062471,0.164247,2.304842,-0.214407,0.333420,2.664514,-0.023978,0.374519,2.411764,-0.150070,0.798846,2.503344,-0.472025,0.744689,2.732032,-0.429090,1.000398,2.505249,-0.373770,1.065797,2.760680
199,-0.329588,0.074362,2.740396,-0.284737,-0.122987,2.788671,-0.274444,-0.343698,2.651626,0.029204,-0.296536,2.267518,0.172680,-0.011400,2.209255,0.058115,0.155630,2.303191,-0.226441,0.346609,2.670714,-0.039246,0.391526,2.418531,-0.192480,0.754950,2.479795,-0.489298,0.731120,2.708050,-0.461530,0.969059,2.458519,-0.368326,1.094596,2.751264
200,-0.320389,0.075738,2.746454,-0.274087,-0.106911,2.779797,-0.270315,-0.325272,2.661741,0.032515,-0.276838,2.269149,0.181965,-0.013796,2.228840,0.059942,0.155727,2.318086,-0.206925,0.360869,2.678202,-0.025618,0.403767,2.418600,-0.208142,0.728292,2.480647,-0.485494,0.704180,2.710224,-0.451438,0.919212,2.438708,-0.398486,1.018679,2.717970
201,-0.315680,0.083986,2.733055,-0.261734,-0.093325,2.766855,-0.275826,-0.321985,2.668997,0.035952,-0.270227,2.265083,0.183715,-0.018897,2.253414,0.060938,0.157946,2.321167,-0.208420,0.357293,2.678025,-0.019832,0.400620,2.421643,-0.211795,0.675317,2.478467,-0.468671,0.698953,2.696263,-0.553984,0.853618,2.425991,-0.374862,1.055631,2.712034
202,-0.302496,0.069259,2.732306,-0.253231,-0.114032,2.770051,-0.271403,-0.326248,2.658749,0.033184,-0.270810,2.271239,0.182768,-0.030730,2.258003,0.061680,0.152493,2.317424,-0.222775,0.345617,2.677078,-0.032742,0.390784,2.429599,-0.218072,0.744529,2.489394,-0.479284,0.712319,2.704676,-0.502256,0.965515,2.449898,-0.458035,1.089001,2.717405
203,-0.297591,0.066594,2.730865,-0.247372,-0.115226,2.765319,-0.259549,-0.331557,2.656704,0.036016,-0.273145,2.272251,0.180168,-0.040512,2.257831,0.066435,0.152744,2.313073,-0.214742,0.332505,2.671299,-0.030976,0.377153,2.425539,-0.219803,0.744546,2.491626,-0.472184,0.703832,2.690659,-0.531135,0.958065,2.479904,-0.418151,1.110040,2.719691
204,-0.289187,0.078188,2.729168,-0.232845,-0.107396,2.755593,-0.254841,-0.324776,2.660988,0.033860,-0.270565,2.266489,0.186094,-0.042414,2.254573,0.070205,0.153478,2.322209,-0.214133,0.323462,2.670503,-0.034612,0.368725,2.422688,-0.265401,0.673446,2.492393,-0.480941,0.679705,2.671370,-0.533230,0.845607,2.413359,-0.405791,1.000885,2.673596
205,-0.292016,0.073638,2.733485,-0.263245,-0.104277,2.761704,-0.257717,-0.305387,2.659132,0.038017,-0.264975,2.269526,0.187999,-0.044427,2.252808,0.074683,0.143080,2.311685,-0.205438,0.338980,2.665200,-0.022941,0.382657,2.425248,-0.216781,0.729852,2.491381,-0.486402,0.668227,2.687249,-0.550415,0.896933,2.449311,-0.446496,1.042610,2.710164
206,-0.291636,0.071362,2.731845,-0.235809,-0.127207,2.756647,-0.257265,-0.306954,2.657359,0.036851,-0.258512,2.263022,0.188379,-0.045365,2.255402,0.072918,0.145883,2.332395,-0.212739,0.325571,2.669033,-0.026938,0.383605,2.422034,-0.251452,0.692805,2.491129,-0.480478,0.668287,2.686896,-0.535617,0.896130,2.436544,-0.454425,1.003847,2.690262
207,-0.291168,0.064612,2.729656,-0.225289,-0.121535,2.754422,-0.251828,-0.306422,2.660782,0.041391,-0.261512,2.269822,0.191317,-0.046070,2.254350,0.073742,0.140967,2.316999,-0.205002,0.322517,2.668418,-0.021200,0.379908,2.421365,-0.238212,0.702852,2.485449,-0.482037,0.656703,2.686811,-0.529061,0.892317,2.425156,-0.480310,1.009047,2.687412
208,-0.287668,0.078887,2.734631,-0.224003,-0.110154,2.756011,-0.252389,-0.299167,2.662762,0.045655,-0.257221,2.266490,0.190137,-0.045719,2.264848,0.073933,0.141591,2.318467,-0.203548,0.333866,2.666582,-0.016557,0.382022,2.419680,-0.147306,0.756579,2.508545,-0.513249,0.652379,2.676622,-0.418058,1.004919,2.491149,-0.518521,1.031489,2.691304
209,-0.286917,0.069251,2.727260,-0.222168,-0.103781,2.760997,-0.248735,-0.297762,2.666206,0.048297,-0.253205,2.262581,0.187682,-0.035352,2.262263,0.073744,0.146852,2.330287,-0.188422,0.348108,2.671769,-0.003364,0.398300,2.423532,-0.187604,0.729349,2.498941,-0.492509,0.643264,2.681894,-0.517605,0.913798,2.467040,-0.476616,1.031884,2.692355
210,-0.285638,0.067748,2.725310,-0.255487,-0.101534,2.768770,-0.245191,-0.300360,2.665130,0.049456,-0.251610,2.260581,0.196288,-0.029961,2.265703,0.079397,0.135609,2.323007,-0.192396,0.341803,2.679960,-0.011040,0.392444,2.422791,-0.201423,0.681698,2.473367,-0.494123,0.607457,2.685866,-0.506155,0.863295,2.426033,-0.499746,0.991388,2.683681
211,-0.289027,0.070763,2.732337,-0.269365,-0.092384,2.756169,-0.242740,-0.299090,2.657542,0.048268,-0.255748,2.263016,0.193187,-0.035736,2.255193,0.083765,0.134226,2.313032,-0.209832,0.342384,2.668005,-0.023062,0.385299,2.419435,-0.244951,0.722431,2.492397,-0.505065,0.663705,2.681567,-0.522262,0.933114,2.460912,-0.473728,1.054598,2.700968
212,-0.289992,0.073335,2.723910,-0.263772,-0.082712,2.757601,-0.242720,-0.293413,2.659705,0.046835,-0.258440,2.264998,0.196118,-0.042791,2.266881,0.086141,0.127290,2.314591,-0.214215,0.338705,2.668950,-0.028478,0.385861,2.417641,-0.263393,0.723558,2.489280,-0.486908,0.674924,2.672193,-0.524546,0.952989,2.444269,-0.470223,1.070462,2.687680
213,-0.288668,0.077365,2.724167,-0.226037,-0.080547,2.741332,-0.242254,-0.292571,2.662536,0.049670,-0.255599,2.257303,0.190378,-0.038645,2.267879,0.086401,0.133297,2.321239,-0.193359,0.336177,2.666958,-0.008470,0.380108,2.417751,-0.224305,0.720464,2.481522,-0.480553,0.647537,2.685610,-0.516579,0.935291,2.440000,-0.491484,1.032906,2.685124
214,-0.284545,0.082056,2.723439,-0.214110,-0.073553,2.743894,-0.240122,-0.285675,2.665279,0.056103,-0.251421,2.258439,0.197352,-0.028104,2.267835,0.085701,0.147363,2.325906,-0.189223,0.345176,2.685368,0.001319,0.393273,2.429984,-0.028767,0.782003,2.513229,-0.506273,0.630058,2.687315,-0.325776,0.975561,2.476739,-0.499255,0.983409,2.681769
215,-0.288239,0.084328,2.724541,-0.213545,-0.068548,2.736007,-0.239118,-0.291211,2.665149,0.054450,-0.248747,2.255709,0.199280,-0.025507,2.282892,0.085464,0.148804,2.334406,-0.203565,0.337429,2.671943,-0.017268,0.384504,2.421398,-0.213184,0.732224,2.498596,-0.496090,0.657561,2.672771,-0.478866,0.968988,2.464312,-0.511192,1.032899,2.677108
216,-0.283838,0.072100,2.723753,-0.212993,-0.069405,2.743019,-0.240475,-0.293649,2.659781,0.055393,-0.253990,2.262541,0.194203,-0.025083,2.269521,0.080737,0.144082,2.317602,-0.194305,0.330726,2.671409,-0.008133,0.378787,2.422403,-0.174949,0.717313,2.483736,-0.483661,0.645310,2.683695,-0.461893,0.910775,2.443037,-0.474673,0.992813,2.665433
217,-0.280928,0.070416,2.728062,-0.214172,-0.075680,2.742604,-0.240608,-0.293439,2.653157,0.057335,-0.254908,2.258972,0.194725,-0.023227,2.274613,0.084446,0.146179,2.323095,-0.198851,0.335561,2.674593,-0.003227,0.382059,2.424742,-0.125620,0.732386,2.483935,-0.509450,0.626675,2.676140,-0.429299,0.904858,2.435412,-0.497927,0.965123,2.647909
218,-0.286426,0.077335,2.735812,-0.215626,-0.081506,2.749946,-0.235818,-0.297047,2.653042,0.059224,-0.252525,2.255338,0.194427,-0.021852,2.276872,0.082783,0.143976,2.324414,-0.202093,0.320930,2.675707,-0.016661,0.374948,2.423219,-0.230494,0.707719,2.493792,-0.488325,0.652970,2.682540,-0.500749,0.929633,2.464166,-0.466769,1.007730,2.685461
219,-0.288648,0.087702,2.730710,-0.224450,-0.072847,2.757971,-0.235447,-0.293077,2.654064,0.062260,-0.252716,2.258206,0.191755,-0.024857,2.284991,0.082079,0.140819,2.315888,-0.209300,0.341684,2.669811,-0.012097,0.390960,2.419073,-0.160133,0.732884,2.487664,-0.511136,0.642360,2.671074,-0.441214,0.980203,2.454754,-0.494871,1.020748,2.669928
220,-0.289524,0.078594,2.730326,-0.223294,-0.079828,2.748280,-0.238543,-0.299257,2.655091,0.060346,-0.253298,2.259374,0.192546,-0.031083,2.284444,0.081782,0.136610,2.319233,-0.212149,0.329741,2.675786,-0.024680,0.381951,2.419500,-0.214261,0.697686,2.478739,-0.485032,0.651513,2.684875,-0.480428,0.927144,2.427033,-0.449527,1.006964,2.676199
221,-0.286484,0.074552,2.732389,-0.222366,-0.083377,2.761461,-0.239943,-0.302139,2.655971,0.061417,-0.252987,2.256142,0.188928,-0.029752,2.286995,0.078264,0.142194,2.325010,-0.204983,0.328939,2.674365,-0.008148,0.381084,2.419349,-0.096547,0.712312,2.489282,-0.497348,0.642929,2.688915,-0.355357,0.954979,2.451357,-0.428982,0.972026,2.677846
222,-0.283939,0.069154,2.729230,-0.225421,-0.086277,2.759129,-0.239459,-0.297011,2.653366,0.062499,-0.250983,2.258090,0.191732,-0.028418,2.286261,0.078258,0.143249,2.318695,-0.195258,0.339474,2.678343,-0.004359,0.391347,2.430162,-0.149235,0.721242,2.490705,-0.497297,0.628381,2.680590,-0.402665,0.933952,2.461664,-0.471627,0.982520,2.684816
223,-0.289020,0.067734,2.732698,-0.225665,-0.091427,2.763302,-0.237144,-0.301519,2.652308,0.060753,-0.251398,2.262409,0.192945,-0.028373,2.284226,0.081595,0.140749,2.316141,-0.207307,0.335032,2.674082,-0.024996,0.387033,2.426968,-0.201712,0.728514,2.504131,-0.495721,0.661174,2.674865,-0.411823,0.963560,2.477480,-0.470615,1.002518,2.684159
224,-0.285751,0.075272,2.730356,-0.229560,-0.091409,2.749749,-0.241453,-0.297592,2.657042,0.059418,-0.251167,2.255486,0.187486,-0.030164,2.289819,0.086085,0.146832,2.325121,-0.201926,0.342764,2.672887,-0.005140,0.391776,2.413672,-0.120318,0.746141,2.475389,-0.497374,0.651541,2.685612,-0.350393,0.946232,2.431671,-0.422711,0.956338,2.662165
225,-0.283120,0.069407,2.735785,-0.221898,-0.097969,2.755458,-0.241064,-0.300791,2.650981,0.060732,-0.251995,2.255503,0.177177,-0.025052,2.293974,0.079426,0.151191,2.314868,-0.202583,0.339600,2.673087,-0.000999,0.387336,2.421490,-0.050540,0.746959,2.498384,-0.501183,0.629768,2.680840,-0.330019,0.954382,2.458824,-0.499474,0.961612,2.661685
226,-0.288463,0.075201,2.729163,-0.225913,-0.097996,2.753427,-0.243796,-0.299343,2.656164,0.062700,-0.251537,2.256677,0.176537,-0.021386,2.299203,0.080054,0.152478,2.324825,-0.206427,0.338083,2.676333,-0.005367,0.385066,2.424816,-0.070702,0.745404,2.503893,-0.504082,0.631865,2.675323,-0.356527,0.966432,2.474408,-0.493085,0.981956,2.661813
227,-0.289368,0.068357,2.746979,-0.226562,-0.095157,2.767259,-0.242609,-0.303728,2.652546,0.060213,-0.255351,2.257151,0.175876,-0.021476,2.293514,0.085700,0.142424,2.321505,-0.205802,0.330407,2.671069,-0.007473,0.376600,2.419063,-0.090334,0.753319,2.506760,-0.502344,0.647466,2.680149,-0.314591,0.966570,2.470111,-0.478653,0.954623,2.666038
228,-0.296802,0.080840,2.729867,-0.228440,-0.068992,2.760506,-0.242940,-0.296679,2.655662,0.058186,-0.255335,2.256957,0.181729,-0.021909,2.295416,0.079439,0.143010,2.324601,-0.198975,0.345568,2.673173,-0.009728,0.385094,2.426367,-0.076292,0.745095,2.500904,-0.502898,0.635259,2.670033,-0.338685,0.965739,2.453974,-0.486704,0.992044,2.676638
229,-0.293400,0.076873,2.732771,-0.226223,-0.079918,2.763960,-0.245699,-0.291452,2.652817,0.058805,-0.252054,2.253809,0.179331,-0.023559,2.298350,0.079750,0.148078,2.324545,-0.210206,0.349559,2.674304,-0.020493,0.389947,2.426200,-0.134636,0.782827,2.521618,-0.461905,0.681378,2.690893,-0.373816,1.025025,2.487505,-0.494713,1.056973,2.695004
230,-0.289459,0.076047,2.735347,-0.229249,-0.085298,2.759714,-0.245912,-0.292816,2.655766,0.058216,-0.252584,2.259298,0.181482,-0.024814,2.293424,0.082678,0.138460,2.325284,-0.196466,0.335564,2.681031,-0.011108,0.385991,2.434898,-0.106048,0.742548,2.508822,-0.488757,0.644209,2.682319,-0.359472,0.977128,2.475833,-0.443045,1.021101,2.698959
231,-0.291463,0.084869,2.737657,-0.227643,-0.076482,2.761495,-0.247503,-0.290478,2.659717,0.056023,-0.249722,2.254471,0.180308,-0.024791,2.289590,0.080776,0.141000,2.327114,-0.199930,0.339213,2.678846,-0.004655,0.384111,2.423158,-0.111709,0.749272,2.490273,-0.501491,0.649830,2.676054,-0.292918,1.007241,2.465194,-0.454156,0.985750,2.675665
232,-0.293152,0.090289,2.739281,-0.225884,-0.077370,2.755832,-0.244928,-0.289041,2.662204,0.053798,-0.250059,2.255482,0.183488,-0.023612,2.289656,0.083029,0.144841,2.329740,-0.198268,0.342601,2.681516,-0.011393,0.385941,2.423864,-0.206910,0.717885,2.502456,-0.475344,0.658699,2.696192,-0.509608,0.916895,2.459013,-0.433760,1.036107,2.713932
233,-0.296923,0.086517,2.731503,-0.230178,-0.079799,2.762986,-0.247173,-0.288069,2.654835,0.053782,-0.254103,2.256913,0.185181,-0.026029,2.284506,0.084256,0.141339,2.324695,-0.207340,0.334874,2.679975,-0.013213,0.380227,2.426701,-0.203470,0.708796,2.495162,-0.450982,0.660217,2.699427,-0.492636,0.934572,2.459065,-0.419984,1.055555,2.722044
234,-0.287821,0.081368,2.736748,-0.229323,-0.081523,2.763271,-0.250323,-0.291012,2.647855,0.053303,-0.252035,2.256166,0.185751,-0.028305,2.291579,0.079407,0.142295,2.326135,-0.208714,0.353910,2.675762,-0.012310,0.395678,2.425157,-0.193788,0.755055,2.499379,-0.504186,0.660195,2.680821,-0.447062,0.991671,2.461226,-0.466795,1.060956,2.695521
235,-0.291020,0.083088,2.734845,-0.232513,-0.081864,2.757360,-0.247180,-0.288876,2.647400,0.052154,-0.252192,2.259099,0.184340,-0.028900,2.285060,0.075048,0.140546,2.324686,-0.216276,0.333765,2.676756,-0.030389,0.375410,2.420820,-0.246132,0.684052,2.479241,-0.460713,0.677994,2.695455,-0.499077,0.913971,2.423119,-0.405217,1.021957,2.678500
236,-0.288875,0.083032,2.737154,-0.230625,-0.086136,2.757424,-0.248946,-0.290357,2.652632,0.050655,-0.256005,2.256094,0.185242,-0.031764,2.283885,0.073251,0.144803,2.325716,-0.214873,0.336988,2.684766,-0.030419,0.376997,2.426763,-0.304814,0.662409,2.498982,-0.468719,0.686761,2.693292,-0.562539,0.887540,2.448915,-0.388713,1.054532,2.711614
237,-0.292116,0.078936,2.738961,-0.229239,-0.089747,2.761534,-0.245587,-0.293581,2.653048,0.051240,-0.256504,2.261751,0.189018,-0.039232,2.272651,0.083242,0.142796,2.314797,-0.221692,0.349727,2.678572,-0.037877,0.390145,2.426279,-0.267270,0.702430,2.494091,-0.466029,0.688138,2.684664,-0.546383,0.898439,2.434041,-0.402166,1.096338,2.719216
238,-0.297494,0.083922,2.736353,-0.271288,-0.076723,2.758781,-0.244468,-0.296277,2.644231,0.054284,-0.249658,2.256471,0.195677,-0.044131,2.275636,0.089975,0.132663,2.319095,-0.213920,0.346219,2.681157,-0.022047,0.389216,2.425192,-0.151837,0.725593,2.485355,-0.449839,0.599837,2.641928,-0.397904,0.963106,2.445432,-0.455151,1.010343,2.677187
239,-0.292866,0.084877,2.735919,-0.233319,-0.074681,2.757076,-0.247169,-0.292465,2.645724,0.052332,-0.250070,2.252713,0.184722,-0.040397,2.292237,0.077970,0.133983,2.326818,-0.212019,0.346084,2.681757,-0.022045,0.386589,2.427869,-0.188695,0.722342,2.482655,-0.466202,0.653998,2.686466,-0.416717,0.915543,2.443908,-0.424418,0.970669,2.690458
240,-0.295647,0.081828,2.742276,-0.233573,-0.067886,2.761194,-0.245751,-0.293213,2.644486,0.054226,-0.250876,2.256444,0.181203,-0.043731,2.289329,0.078715,0.131927,2.320693,-0.218556,0.359267,2.678246,-0.027862,0.396749,2.423900,-0.134512,0.776760,2.518648,-0.475751,0.704836,2.701870,-0.352421,1.021443,2.495429,-0.483112,1.053471,2.711267
241,-0.295635,0.093200,2.730965,-0.228379,-0.061992,2.752413,-0.246514,-0.291302,2.660848,0.053228,-0.249439,2.253598,0.183100,-0.038014,2.288473,0.084188,0.137711,2.331146,-0.197667,0.358952,2.682542,-0.009028,0.395873,2.434651,-0.070127,0.775029,2.513370,-0.468556,0.681438,2.690392,-0.299404,1.079067,2.490679,-0.475878,1.047894,2.693684
242,-0.293904,0.086571,2.731962,-0.226487,-0.055064,2.751500,-0.248918,-0.289420,2.657586,0.052344,-0.247946,2.255940,0.183704,-0.033639,2.290721,0.082575,0.130905,2.334047,-0.197204,0.353536,2.686413,-0.012953,0.394343,2.431984,-0.136880,0.740982,2.469087,-0.504031,0.640899,2.689590,-0.372777,0.975543,2.448362,-0.483968,0.993241,2.657488
243,-0.296698,0.086638,2.735163,-0.230758,-0.070480,2.755328,-0.246578,-0.292465,2.650615,0.048040,-0.255377,2.259348,0.181999,-0.038618,2.284869,0.074333,0.132244,2.320311,-0.208860,0.348313,2.683139,-0.019636,0.387868,2.429154,-0.168023,0.715871,2.497563,-0.455240,0.663091,2.710399,-0.438835,0.946968,2.464051,-0.461579,1.026836,2.693065
244,-0.301420,0.090097,2.736433,-0.230037,-0.077409,2.752520,-0.248061,-0.294847,2.654987,0.047592,-0.255032,2.257990,0.180757,-0.042840,2.283085,0.080359,0.132498,2.328406,-0.221867,0.348998,2.678036,-0.031206,0.386113,2.423664,-0.118946,0.753187,2.517050,-0.469769,0.668461,2.686388,-0.347101,1.030691,2.504004,-0.484808,1.043975,2.690012
245,-0.296326,0.066900,2.746434,-0.240451,-0.087235,2.771575,-0.247647,-0.298607,2.648879,0.050370,-0.250284,2.255155,0.181597,-0.036187,2.286524,0.087089,0.133923,2.330140,-0.201802,0.335032,2.675494,-0.008998,0.378871,2.429929,-0.091819,0.786606,2.536350,-0.456772,0.693285,2.700692,-0.357050,1.064184,2.532224,-0.460466,1.091208,2.720050
246,-0.303439,0.085513,2.734446,-0.233458,-0.083953,2.765907,-0.244652,-0.293419,2.654423,0.049818,-0.252940,2.258383,0.180472,-0.035867,2.286423,0.076641,0.132430,2.325325,-0.209404,0.360987,2.679249,-0.026061,0.391274,2.427547,-0.216548,0.756214,2.530273,-0.474797,0.690160,2.685728,-0.457731,1.058602,2.514278,-0.452494,1.096272,2.710343
247,-0.297091,0.090110,2.743803,-0.233422,-0.072989,2.760599,-0.245685,-0.290885,2.650029,0.049630,-0.250011,2.256746,0.180861,-0.034327,2.282294,0.079547,0.141093,2.329042,-0.214600,0.350334,2.684755,-0.029098,0.387825,2.431191,-0.126057,0.749031,2.512121,-0.470570,0.673322,2.692568,-0.340994,1.049533,2.493846,-0.483290,1.027123,2.687726
248,-0.300466,0.089480,2.732996,-0.227640,-0.079059,2.749575,-0.245928,-0.293066,2.652311,0.048830,-0.249944,2.254996,0.184307,-0.035004,2.280751,0.085732,0.142246,2.328310,-0.219326,0.357226,2.681473,-0.030935,0.395513,2.430026,-0.135616,0.717027,2.498487,-0.471441,0.664771,2.694642,-0.378870,0.982448,2.469122,-0.492417,0.967737,2.666583
249,-0.296564,0.079246,2.733551,-0.234570,-0.081252,2.753262,-0.245719,-0.293384,2.649413,0.049280,-0.250617,2.258219,0.179355,-0.038245,2.274877,0.086319,0.142272,2.322429,-0.210409,0.339607,2.677681,-0.027688,0.380081,2.425969,-0.193862,0.691233,2.497808,-0.459373,0.676930,2.683239,-0.502492,0.870647,2.446455,-0.429073,0.980250,2.669271
250,-0.298254,0.078986,2.733911,-0.231228,-0.084574,2.765715,-0.245387,-0.289516,2.651009,0.049054,-0.257240,2.259750,0.183872,-0.044978,2.271267,0.080606,0.140432,2.318906,-0.211068,0.352767,2.669748,-0.018729,0.382437,2.419939,-0.101739,0.693764,2.499614,-0.505405,0.662491,2.672844,-0.315261,1.016475,2.518728,-0.473487,1.027441,2.681975
251,-0.289911,0.069276,2.728399,-0.237537,-0.115611,2.748269,-0.244256,-0.297761,2.654100,0.050867,-0.256111,2.257604,0.185991,-0.044158,2.274704,0.082860,0.137631,2.327652,-0.220401,0.330146,2.678429,-0.035977,0.374360,2.424054,-0.184231,0.696392,2.524149,-0.462826,0.677216,2.691488,-0.430048,0.939017,2.462310,-0.486018,1.000450,2.671063
252,-0.298820,0.086270,2.740320,-0.232347,-0.104243,2.755503,-0.250361,-0.287247,2.651341,0.048208,-0.254763,2.260717,0.183256,-0.042358,2.273655,0.078077,0.143008,2.324389,-0.220528,0.342910,2.678980,-0.037144,0.382283,2.428073,-0.286339,0.680044,2.503188,-0.459653,0.677677,2.695294,-0.534312,0.887322,2.426613,-0.421190,1.025726,2.694373
253,-0.302558,0.081792,2.738310,-0.232929,-0.102688,2.761754,-0.246099,-0.293441,2.654185,0.045821,-0.252712,2.262424,0.184527,-0.046620,2.276719,0.083988,0.132450,2.326587,-0.222728,0.328046,2.684577,-0.046103,0.375485,2.437691,-0.305020,0.653306,2.493705,-0.464921,0.677708,2.701488,-0.574438,0.818480,2.438946,-0.403015,1.037544,2.712654
254,-0.294984,0.068677,2.743499,-0.238446,-0.106775,2.770608,-0.244564,-0.298749,2.652539,0.045871,-0.258814,2.267184,0.186880,-0.055145,2.277773,0.086820,0.128351,2.327560,-0.220595,0.329739,2.688261,-0.041381,0.382475,2.442252,-0.234127,0.712499,2.527606,-0.460221,0.589295,2.659047,-0.538081,0.879928,2.471607,-0.467524,1.004779,2.708235
255,-0.299363,0.070465,2.744070,-0.245154,-0.105658,2.770862,-0.246195,-0.292712,2.648154,0.046684,-0.260427,2.268115,0.188221,-0.060349,2.269243,0.085400,0.131084,2.315338,-0.225334,0.336035,2.686219,-0.044512,0.382387,2.442820,-0.263562,0.659508,2.471912,-0.483503,0.652620,2.688599,-0.536609,0.890776,2.440236,-0.499178,0.992944,2.669038
256,-0.301316,0.073378,2.745544,-0.281389,-0.077981,2.778476,-0.246643,-0.288694,2.657559,0.046460,-0.251052,2.264359,0.190605,-0.053890,2.270000,0.091588,0.132513,2.317089,-0.223943,0.340174,2.690420,-0.045073,0.384874,2.443563,-0.229758,0.659491,2.472789,-0.464715,0.666296,2.690707,-0.513899,0.918891,2.461188,-0.471947,1.026950,2.698428
257,-0.293582,0.067383,2.733003,-0.245888,-0.080900,2.759769,-0.243246,-0.286963,2.661885,0.048830,-0.243772,2.266741,0.194414,-0.048373,2.271859,0.089949,0.129758,2.326951,-0.224076,0.330310,2.688705,-0.049706,0.373338,2.436520,-0.307796,0.633752,2.489568,-0.453237,0.666532,2.706656,-0.585812,0.771278,2.428849,-0.409175,1.066401,2.692870
258,-0.285308,0.076074,2.741889,-0.236473,-0.081658,2.763044,-0.243547,-0.288555,2.656932,0.047498,-0.248120,2.265649,0.185606,-0.048613,2.267901,0.084450,0.124670,2.320840,-0.223811,0.338923,2.687834,-0.044031,0.383900,2.440995,-0.233931,0.707700,2.504815,-0.465716,0.600348,2.653709,-0.542775,0.883173,2.449850,-0.493679,1.032156,2.694925
259,-0.289196,0.067261,2.732876,-0.233420,-0.105555,2.752822,-0.245986,-0.297044,2.656216,0.048095,-0.250462,2.264241,0.190841,-0.047251,2.268111,0.088568,0.132041,2.330501,-0.223396,0.333543,2.684694,-0.043457,0.377008,2.436890,-0.245756,0.700812,2.506503,-0.440537,0.599424,2.661027,-0.558997,0.884841,2.442214,-0.446541,1.039165,2.700780
260,-0.298287,0.095581,2.737934,-0.268627,-0.078379,2.760654,-0.246178,-0.284466,2.663784,0.047298,-0.246869,2.263135,0.193060,-0.041548,2.272400,0.086694,0.135070,2.332593,-0.230449,0.338655,2.689878,-0.045231,0.381859,2.435890,-0.241681,0.685733,2.467400,-0.462704,0.614448,2.655101,-0.495095,0.877842,2.392542,-0.494020,0.979083,2.656930
261,-0.280046,0.076270,2.734807,-0.231193,-0.082041,2.759942,-0.241871,-0.292852,2.654954,0.045461,-0.248126,2.262634,0.187619,-0.038202,2.268970,0.082086,0.143296,2.327749,-0.223855,0.337771,2.687345,-0.045943,0.382844,2.436944,-0.266422,0.654710,2.465265,-0.468195,0.677709,2.703363,-0.511473,0.845318,2.400741,-0.466668,0.972028,2.665461
262,-0.290767,0.070793,2.736931,-0.227093,-0.109802,2.748899,-0.234784,-0.300240,2.656880,0.041663,-0.250160,2.263802,0.190369,-0.037174,2.267493,0.079882,0.142803,2.337898,-0.226022,0.329119,2.692305,-0.052764,0.370355,2.440280,-0.338419,0.647109,2.482334,-0.473515,0.690137,2.699630,-0.580407,0.862940,2.422655,-0.463302,1.027405,2.686012
263,-0.291245,0.071867,2.734946,-0.228865,-0.112380,2.742542,-0.241065,-0.295479,2.656537,0.044634,-0.244872,2.262737,0.188355,-0.033603,2.272389,0.080034,0.140940,2.331055,-0.233651,0.319538,2.694315,-0.054694,0.364600,2.442277,-0.337740,0.655107,2.493048,-0.460974,0.710046,2.712816,-0.615442,0.865627,2.454489,-0.420639,1.134406,2.728905
264,-0.296263,0.081192,2.739747,-0.232758,-0.113881,2.752693,-0.239019,-0.299729,2.655387,0.048628,-0.238502,2.263408,0.184752,-0.027859,2.268895,0.077970,0.150779,2.323576,-0.235981,0.314343,2.690295,-0.056907,0.367815,2.437782,-0.321743,0.659217,2.492935,-0.476369,0.689239,2.710747,-0.627818,0.822377,2.452112,-0.434199,1.108198,2.718748
265,-0.297967,0.080962,2.734988,-0.237545,-0.096159,2.743373,-0.237515,-0.293205,2.654463,0.047093,-0.243254,2.264248,0.187552,-0.024145,2.268987,0.077394,0.151181,2.327320,-0.239486,0.311233,2.687004,-0.061943,0.359676,2.444448,-0.313850,0.660946,2.480640,-0.457877,0.671194,2.702024,-0.590968,0.830038,2.432884,-0.445842,1.078852,2.714388
266,-0.281201,0.055066,2.733905,-0.231297,-0.119925,2.747341,-0.230653,-0.303169,2.652006,0.046366,-0.245448,2.263305,0.191058,-0.024497,2.269135,0.078449,0.145180,2.328615,-0.220143,0.311067,2.691638,-0.047127,0.367453,2.442372,-0.311675,0.648987,2.489304,-0.463319,0.656109,2.700771,-0.597161,0.821765,2.452327,-0.471170,1.024056,2.703836
267,-0.288237,0.065001,2.732910,-0.219821,-0.098456,2.742610,-0.228400,-0.294962,2.659867,0.046704,-0.246390,2.260746,0.192703,-0.021415,2.266887,0.076549,0.146049,2.334484,-0.221920,0.326306,2.689396,-0.041715,0.372456,2.434941,-0.293295,0.682077,2.481783,-0.462400,0.656659,2.712994,-0.530289,0.839498,2.404151,-0.477920,0.993521,2.665897
268,-0.285892,0.079247,2.726213,-0.226350,-0.084425,2.733418,-0.231171,-0.296543,2.659683,0.047545,-0.237552,2.257828,0.189136,-0.005148,2.272637,0.079433,0.163001,2.353528,-0.219562,0.331669,2.689908,-0.042701,0.381188,2.437564,-0.294962,0.689481,2.483427,-0.463391,0.606188,2.659799,-0.474886,0.852438,2.400475,-0.533340,0.920514,2.646999
269,-0.285161,0.081509,2.722697,-0.210665,-0.064331,2.729517,-0.231314,-0.295862,2.658828,0.045348,-0.238595,2.262412,0.191781,-0.000580,2.267617,0.077580,0.168610,2.351141,-0.214923,0.326467,2.685252,-0.045099,0.383855,2.435884,-0.330676,0.690811,2.486783,-0.448374,0.596490,2.659663,-0.578605,0.887800,2.435252,-0.522450,1.011433,2.688320
270,-0.296152,0.082607,2.714248,-0.225863,-0.060303,2.736846,-0.234747,-0.293529,2.660173,0.043794,-0.236249,2.259027,0.189558,-0.000090,2.270235,0.084078,0.163347,2.353534,-0.216395,0.341067,2.686416,-0.042636,0.382660,2.432352,-0.259246,0.730345,2.496304,-0.465958,0.607757,2.653014,-0.512347,0.951994,2.449415,-0.536770,1.038355,2.679891
271,-0.292855,0.088720,2.712545,-0.226310,-0.031588,2.732076,-0.236321,-0.288444,2.662504,0.046612,-0.236450,2.261906,0.192559,-0.004988,2.270704,0.084377,0.148686,2.348934,-0.224551,0.330450,2.687369,-0.042194,0.385882,2.432887,-0.263396,0.730640,2.497965,-0.463116,0.611923,2.658897,-0.509799,0.976131,2.455103,-0.518242,1.047171,2.694333
272,-0.290384,0.075463,2.711324,-0.225049,-0.052523,2.727278,-0.234945,-0.298164,2.659656,0.047572,-0.236337,2.263166,0.195731,-0.010873,2.270673,0.082859,0.150459,2.351977,-0.221596,0.319866,2.689226,-0.041577,0.383568,2.433830,-0.272276,0.727531,2.496855,-0.464848,0.615129,2.660288,-0.492242,0.916030,2.421937,-0.500870,0.981910,2.666309
273,-0.281846,0.076043,2.720146,-0.215589,-0.078812,2.723092,-0.225218,-0.296336,2.658167,0.045150,-0.232414,2.267436,0.197273,-0.006404,2.275126,0.076795,0.149948,2.338924,-0.212472,0.330875,2.687198,-0.043756,0.392559,2.436028,-0.326223,0.679028,2.489971,-0.470364,0.601410,2.653605,-0.541968,0.867250,2.426477,-0.524473,0.970253,2.674449
274,-0.292193,0.094353,2.714217,-0.257266,-0.037245,2.742181,-0.232959,-0.283861,2.658909,0.044490,-0.223094,2.260032,0.191312,0.023274,2.291946,0.084662,0.167185,2.375603,-0.216692,0.341953,2.691104,-0.043690,0.386607,2.435335,-0.314013,0.679744,2.504891,-0.472647,0.707743,2.722589,-0.586467,0.833958,2.437597,-0.443583,1.028452,2.700462
275,-0.286200,0.081023,2.724243,-0.213545,-0.059496,2.721211,-0.225889,-0.295269,2.656566,0.041712,-0.233828,2.265220,0.196168,0.009964,2.273889,0.078907,0.149178,2.339391,-0.201829,0.341457,2.688884,-0.043272,0.378971,2.431823,-0.329256,0.664166,2.490739,-0.439447,0.619100,2.652885,-0.590209,0.851360,2.445919,-0.466336,1.035920,2.693543
276,-0.289480,0.072199,2.736339,-0.209656,-0.069775,2.725930,-0.225002,-0.297359,2.661807,0.043444,-0.241282,2.263855,0.197236,-0.008612,2.268350,0.083360,0.150695,2.339589,-0.200979,0.324962,2.685925,-0.039179,0.366889,2.428583,-0.289404,0.666568,2.480112,-0.464497,0.586943,2.653381,-0.511836,0.847765,2.397451,-0.497466,0.950245,2.658961
277,-0.286681,0.070595,2.732733,-0.211960,-0.058409,2.731466,-0.225175,-0.286211,2.661091,0.048079,-0.228004,2.267745,0.197427,-0.002700,2.275484,0.080484,0.146534,2.341648,-0.211506,0.346734,2.683392,-0.033786,0.392912,2.430902,-0.241407,0.716882,2.485055,-0.497983,0.599063,2.637139,-0.461521,0.869739,2.427680,-0.502223,0.938214,2.663439
278,-0.292121,0.082719,2.730095,-0.212080,-0.058098,2.732366,-0.224215,-0.282302,2.665898,0.045178,-0.223165,2.265665,0.194824,-0.000467,2.272964,0.082751,0.147269,2.335760,-0.186853,0.344401,2.690082,-0.032130,0.390576,2.426348,-0.283383,0.642283,2.482651,-0.424971,0.586263,2.644706,-0.576342,0.779706,2.413712,-0.451302,0.959683,2.682623
279,-0.281603,0.073991,2.725095,-0.243083,-0.056327,2.736233,-0.225524,-0.288624,2.657972,0.045591,-0.229124,2.264344,0.198389,-0.012783,2.268353,0.081210,0.142173,2.333091,-0.198426,0.318557,2.681060,-0.030719,0.381517,2.425301,-0.293283,0.667817,2.458002,-0.479016,0.570165,2.631938,-0.515957,0.838832,2.421449,-0.468296,0.912617,2.674515
280,-0.281667,0.070635,2.724958,-0.240365,-0.054723,2.734248,-0.222053,-0.285573,2.654375,0.049015,-0.231705,2.263591,0.199900,-0.016348,2.260360,0.080946,0.138381,2.332124,-0.197747,0.326725,2.678863,-0.027425,0.380800,2.420262,-0.296179,0.644230,2.460726,-0.435201,0.598806,2.642436,-0.588113,0.788770,2.387496,-0.423295,0.962922,2.677915
281,-0.287822,0.077941,2.740921,-0.251719,-0.060433,2.755866,-0.220836,-0.279698,2.654347,0.048842,-0.227866,2.267335,0.200763,-0.019533,2.268775,0.081091,0.137237,2.323491,-0.200434,0.342204,2.681389,-0.032513,0.388300,2.427351,-0.322356,0.645881,2.472795,-0.425293,0.621883,2.652197,-0.608389,0.774747,2.404884,-0.405787,1.012124,2.700602
282,-0.286893,0.083111,2.730536,-0.250381,-0.034289,2.729298,-0.218521,-0.276614,2.660676,0.048628,-0.225561,2.266974,0.195355,-0.014305,2.269977,0.084667,0.145498,2.341774,-0.207774,0.347318,2.683335,-0.032921,0.394058,2.429133,-0.296219,0.685947,2.475203,-0.449326,0.593449,2.647610,-0.573205,0.869153,2.417666,-0.460746,1.022445,2.694941
283,-0.278290,0.073007,2.735823,-0.234612,-0.049368,2.741890,-0.221701,-0.280965,2.650870,0.049359,-0.228999,2.264471,0.199003,-0.012467,2.260332,0.081322,0.141086,2.332072,-0.197294,0.329060,2.685627,-0.027175,0.387189,2.428380,-0.283593,0.667855,2.456130,-0.447993,0.576459,2.646391,-0.544728,0.859496,2.404691,-0.457847,0.989537,2.678457
284,-0.275232,0.056742,2.736568,-0.209489,-0.092443,2.747859,-0.214668,-0.293710,2.650715,0.049877,-0.227205,2.267447,0.202926,-0.015325,2.256862,0.079933,0.138721,2.325289,-0.194817,0.334154,2.689292,-0.036303,0.376252,2.436054,-0.307043,0.638713,2.483611,-0.422365,0.592431,2.663671,-0.595054,0.761300,2.420927,-0.414417,1.005930,2.707735
285,-0.275764,0.066669,2.743732,-0.234950,-0.061212,2.749613,-0.215561,-0.285720,2.659495,0.052731,-0.219865,2.265028,0.202585,0.005476,2.266419,0.083305,0.154222,2.337189,-0.204404,0.330143,2.694172,-0.039139,0.383340,2.438025,-0.303351,0.649591,2.487175,-0.444852,0.614841,2.731025,-0.546789,0.837113,2.431623,-0.465437,0.939734,2.683609
286,-0.281341,0.070710,2.743425,-0.241280,-0.042908,2.748981,-0.218501,-0.283849,2.661926,0.049873,-0.220465,2.267149,0.203645,0.008887,2.269668,0.084434,0.151589,2.352642,-0.205760,0.319110,2.690977,-0.038498,0.377568,2.432242,-0.278900,0.671640,2.468866,-0.466092,0.621479,2.712216,-0.517856,0.806290,2.405994,-0.453325,0.902542,2.657453
287,-0.279348,0.071765,2.740129,-0.237202,-0.032472,2.736849,-0.220182,-0.288498,2.656566,0.051489,-0.221210,2.267642,0.204117,0.019207,2.273487,0.077349,0.152189,2.343336,-0.202887,0.316535,2.695671,-0.035944,0.378791,2.437580,-0.274203,0.649845,2.461378,-0.456416,0.615531,2.722306,-0.539228,0.755702,2.411442,-0.405452,0.896136,2.686604
288,-0.284640,0.061809,2.741914,-0.216187,-0.073144,2.751242,-0.218070,-0.289701,2.654618,0.049958,-0.225573,2.268250,0.201999,0.008892,2.261442,0.077151,0.155941,2.328801,-0.197450,0.333017,2.690370,-0.032777,0.373491,2.434170,-0.258657,0.617615,2.484551,-0.418566,0.584715,2.668469,-0.586427,0.692179,2.412899,-0.370628,0.927925,2.694169
289,-0.281627,0.061682,2.742187,-0.215831,-0.101440,2.747302,-0.215427,-0.290725,2.656905,0.051024,-0.221880,2.269022,0.201303,-0.003086,2.257267,0.080370,0.148983,2.318591,-0.199820,0.333340,2.690717,-0.040544,0.370311,2.436875,-0.273379,0.622281,2.477029,-0.417444,0.661445,2.724879,-0.611639,0.777870,2.456229,-0.399968,1.019593,2.730814
290,-0.287331,0.068438,2.736052,-0.211435,-0.081820,2.741553,-0.215077,-0.282036,2.656509,0.047538,-0.223874,2.269377,0.199538,-0.007413,2.254765,0.078664,0.148311,2.321865,-0.206403,0.323286,2.691241,-0.038171,0.374688,2.433425,-0.267978,0.625753,2.453003,-0.439887,0.630338,2.717362,-0.556014,0.756352,2.396404,-0.398370,0.963648,2.674221
291,-0.280276,0.060651,2.735626,-0.211265,-0.093778,2.746483,-0.217098,-0.290452,2.655653,0.050133,-0.226245,2.268872,0.204822,-0.008751,2.253160,0.079135,0.148179,2.320133,-0.203260,0.332612,2.691854,-0.035524,0.370229,2.434940,-0.273950,0.598021,2.476843,-0.431613,0.655099,2.718001,-0.579200,0.685797,2.394319,-0.370189,0.962710,2.683661
292,-0.286806,0.073059,2.743251,-0.240759,-0.066188,2.754497,-0.214051,-0.282483,2.659088,0.050181,-0.226695,2.270295,0.204342,-0.008983,2.251955,0.081069,0.142410,2.324602,-0.198904,0.316861,2.692061,-0.029980,0.369678,2.438857,-0.250940,0.624940,2.485478,-0.430622,0.640779,2.723064,-0.575958,0.705990,2.407036,-0.372887,0.955739,2.702139
293,-0.283008,0.068574,2.739166,-0.215685,-0.076522,2.741512,-0.214901,-0.286584,2.658461,0.047315,-0.225606,2.270389,0.203112,-0.008818,2.251066,0.075665,0.150192,2.322757,-0.189521,0.324558,2.696158,-0.028188,0.364696,2.439809,-0.246412,0.573786,2.469444,-0.407629,0.559097,2.665066,-0.581834,0.733402,2.440417,-0.351959,0.970080,2.726735
294,-0.283549,0.058311,2.739642,-0.210267,-0.094570,2.745563,-0.214455,-0.288233,2.653979,0.045843,-0.222623,2.269816,0.200183,-0.007609,2.251509,0.076102,0.152988,2.315728,-0.186606,0.321895,2.687726,-0.031520,0.366550,2.436372,-0.287178,0.620161,2.476258,-0.404445,0.556720,2.678304,-0.577529,0.727504,2.403147,-0.392875,0.939573,2.700747
295,-0.283290,0.058464,2.740124,-0.210966,-0.095520,2.748420,-0.212732,-0.291761,2.655340,0.047474,-0.230506,2.275702,0.201591,-0.011595,2.253073,0.080396,0.145968,2.324944,-0.193037,0.303565,2.691681,-0.034252,0.362985,2.439305,-0.279035,0.568566,2.452759,-0.433272,0.583368,2.726470,-0.572097,0.738976,2.422889,-0.375014,0.921931,2.709897
296,-0.280649,0.059520,2.738715,-0.214514,-0.086015,2.744236,-0.218761,-0.289041,2.664510,0.045624,-0.221809,2.268384,0.203109,-0.010502,2.255863,0.074438,0.141502,2.322926,-0.202949,0.315578,2.693556,-0.042913,0.373123,2.438054,-0.274557,0.615391,2.485248,-0.427996,0.620058,2.718714,-0.576090,0.723491,2.404741,-0.393635,0.949814,2.689675
297,-0.282227,0.066373,2.736108,-0.234562,-0.064757,2.741436,-0.216023,-0.280291,2.662269,0.045121,-0.221322,2.269742,0.200001,-0.010417,2.258309,0.076626,0.136074,2.322385,-0.202027,0.322274,2.689538,-0.037702,0.377203,2.431177,-0.277378,0.642796,2.461751,-0.455906,0.610666,2.715246,-0.531782,0.778992,2.408661,-0.418082,0.904286,2.683212
298,-0.278396,0.061002,2.742986,-0.211940,-0.086632,2.740360,-0.219160,-0.286923,2.666055,0.044235,-0.220025,2.272310,0.201543,-0.011917,2.254938,0.077204,0.135777,2.313817,-0.196289,0.337485,2.689277,-0.036071,0.373872,2.435056,-0.268901,0.598106,2.470217,-0.425187,0.655587,2.721896,-0.580400,0.689720,2.396997,-0.352129,0.958614,2.688521
299,-0.277776,0.061123,2.736615,-0.208756,-0.088966,2.734327,-0.221884,-0.290946,2.660947,0.041382,-0.227441,2.274415,0.202319,-0.016325,2.258495,0.078296,0.130219,2.319530,-0.192717,0.330610,2.689026,-0.036833,0.365421,2.433674,-0.260095,0.601533,2.471651,-0.420117,0.639717,2.717903,-0.570367,0.710683,2.415576,-0.376509,0.950307,2.693409
300,-0.284180,0.054287,2.739638,-0.208652,-0.100987,2.747790,-0.218083,-0.299845,2.656363,0.039381,-0.228828,2.271680,0.202612,-0.017592,2.254705,0.076795,0.138736,2.315311,-0.185496,0.327440,2.691366,-0.031512,0.371554,2.435703,-0.252303,0.615763,2.503440,-0.415539,0.635889,2.727487,-0.536024,0.758136,2.456764,-0.379063,0.988300,2.732696
301,-0.281329,0.055507,2.736840,-0.214207,-0.101552,2.744659,-0.222239,-0.298779,2.658165,0.042776,-0.224693,2.269872,0.198571,-0.013272,2.254876,0.078920,0.150926,2.322359,-0.194628,0.326699,2.697129,-0.036611,0.374021,2.440414,-0.294459,0.630075,2.508832,-0.413018,0.562950,2.667480,-0.597942,0.777015,2.449057,-0.394728,1.003404,2.726762
302,-0.282252,0.068758,2.736783,-0.236601,-0.075011,2.738412,-0.224297,-0.289397,2.663066,0.041714,-0.224427,2.271079,0.197537,-0.009722,2.257123,0.074350,0.151083,2.320940,-0.202739,0.315651,2.693294,-0.034221,0.374901,2.435907,-0.279904,0.651666,2.477380,-0.431813,0.619302,2.726739,-0.580664,0.773613,2.424575,-0.424064,0.981741,2.698994
303,-0.282844,0.056769,2.741508,-0.212080,-0.095287,2.729563,-0.225527,-0.295615,2.660339,0.039996,-0.220910,2.267220,0.201246,0.001385,2.262527,0.075965,0.145198,2.319319,-0.204074,0.324675,2.694547,-0.047191,0.367762,2.434368,-0.285900,0.632153,2.469527,-0.411732,0.572426,2.668024,-0.578724,0.765991,2.420107,-0.358236,0.992171,2.712729
304,-0.281518,0.063853,2.738739,-0.228287,-0.074902,2.737533,-0.219677,-0.290088,2.655475,0.039129,-0.217664,2.267371,0.204766,-0.001693,2.261323,0.077128,0.134080,2.325149,-0.202642,0.328853,2.696759,-0.044582,0.377070,2.434805,-0.298176,0.634674,2.471878,-0.430303,0.630093,2.728319,-0.597423,0.733754,2.403110,-0.382720,0.964614,2.687519
305,-0.287145,0.059163,2.737001,-0.233574,-0.077632,2.749932,-0.218746,-0.287282,2.655035,0.037070,-0.217102,2.269574,0.197592,-0.013211,2.256161,0.074381,0.134708,2.315807,-0.201158,0.336252,2.689848,-0.049262,0.380267,2.437288,-0.311318,0.654663,2.465525,-0.434203,0.558656,2.654898,-0.559760,0.810844,2.415580,-0.430133,0.969131,2.698016
306,-0.283744,0.037265,2.739611,-0.212116,-0.120365,2.745512,-0.220829,-0.299968,2.654627,0.035866,-0.209518,2.269479,0.201407,-0.014062,2.264440,0.077639,0.139321,2.318609,-0.210356,0.336572,2.688577,-0.049770,0.388224,2.440952,-0.330071,0.661450,2.466018,-0.441232,0.667527,2.719043,-0.614048,0.805014,2.424933,-0.396679,1.064515,2.736187
307,-0.281564,0.037667,2.738977,-0.214911,-0.121513,2.743922,-0.229077,-0.299109,2.658329,0.036333,-0.209422,2.272047,0.200148,-0.013416,2.261062,0.074843,0.137664,2.313518,-0.213102,0.333590,2.691653,-0.049213,0.394463,2.443147,-0.382234,0.693913,2.471735,-0.480414,0.647925,2.723901,-0.581269,0.890074,2.447884,-0.481784,1.031134,2.729208
308,-0.283923,0.032836,2.738346,-0.213812,-0.127236,2.746571,-0.224312,-0.295359,2.657256,0.033634,-0.207020,2.272556,0.202201,-0.005961,2.270888,0.079426,0.132907,2.328881,-0.205549,0.330543,2.695932,-0.048513,0.391942,2.446555,-0.324394,0.632016,2.481212,-0.434542,0.648152,2.725281,-0.604835,0.727568,2.401914,-0.412235,0.960500,2.674322
309,-0.282406,0.037206,2.734961,-0.219616,-0.141280,2.739094,-0.229923,-0.300898,2.655304,0.032489,-0.211145,2.273585,0.199921,-0.012522,2.257339,0.075841,0.126811,2.311798,-0.213671,0.326336,2.690085,-0.051844,0.385650,2.444379,-0.375065,0.653199,2.436552,-0.451389,0.635333,2.712410,-0.592988,0.797189,2.405214,-0.428140,0.999761,2.703267
310,-0.286186,0.049189,2.733804,-0.219591,-0.121749,2.736370,-0.232807,-0.295207,2.657290,0.031773,-0.206936,2.268015,0.202142,-0.005148,2.275980,0.074317,0.140761,2.328800,-0.212188,0.331208,2.696550,-0.051135,0.386479,2.446298,-0.378720,0.655625,2.465509,-0.456180,0.638927,2.717828,-0.589983,0.818078,2.420286,-0.439956,0.997467,2.709411
311,-0.286859,0.059849,2.739356,-0.245345,-0.082031,2.747231,-0.233886,-0.283434,2.656711,0.032066,-0.211756,2.267206,0.197923,-0.015749,2.263435,0.074713,0.135242,2.317066,-0.219032,0.341868,2.694556,-0.056035,0.384374,2.438739,-0.300320,0.643918,2.443339,-0.442745,0.652774,2.720622,-0.600787,0.770811,2.409826,-0.383302,1.062366,2.720529
312,-0.285035,0.061038,2.734914,-0.215187,-0.099543,2.742248,-0.230286,-0.291379,2.656166,0.031741,-0.213949,2.264268,0.202032,-0.020688,2.267742,0.074386,0.138997,2.324463,-0.215858,0.327830,2.694521,-0.053912,0.377616,2.436776,-0.385630,0.646238,2.442177,-0.442468,0.572026,2.657483,-0.551921,0.799079,2.375438,-0.414952,0.989990,2.683841
313,-0.283464,0.061527,2.731428,-0.209056,-0.101104,2.735274,-0.227614,-0.287152,2.659511,0.028858,-0.209358,2.262141,0.199111,-0.026105,2.268279,0.076387,0.139606,2.326362,-0.223017,0.328487,2.694792,-0.062276,0.377670,2.443369,-0.383352,0.643007,2.446178,-0.453639,0.573988,2.662076,-0.584221,0.825665,2.451164,-0.432044,1.040891,2.741958
314,-0.282998,0.060428,2.739822,-0.210005,-0.104963,2.742921,-0.229507,-0.285232,2.659594,0.032066,-0.208338,2.265522,0.198348,-0.024903,2.272889,0.075259,0.138546,2.324082,-0.219894,0.329375,2.690505,-0.055071,0.380533,2.437374,-0.333328,0.674487,2.441619,-0.477267,0.576349,2.650137,-0.468777,0.937991,2.411050,-0.503684,0.985036,2.676996
315,-0.286685,0.059772,2.743456,-0.210197,-0.100796,2.744411,-0.231836,-0.284482,2.660174,0.030687,-0.210905,2.266069,0.198762,-0.026874,2.270156,0.077720,0.136840,2.320037,-0.222640,0.335719,2.692871,-0.061404,0.383918,2.438885,-0.385552,0.657346,2.447432,-0.489197,0.639534,2.720482,-0.565009,0.888764,2.442456,-0.465736,1.044153,2.727965
316,-0.285038,0.057706,2.742517,-0.211257,-0.114349,2.745308,-0.229814,-0.288229,2.652686,0.030397,-0.208660,2.264000,0.198259,-0.028458,2.263687,0.078079,0.131927,2.313152,-0.216864,0.336597,2.687381,-0.057331,0.389531,2.432044,-0.381086,0.651145,2.442202,-0.480704,0.643682,2.714647,-0.556522,0.896639,2.420052,-0.492285,1.028165,2.700901
317,-0.282432,0.060798,2.730826,-0.239806,-0.092836,2.742283,-0.228345,-0.286039,2.660868,0.032332,-0.211500,2.266060,0.201567,-0.026201,2.262385,0.081082,0.134838,2.322824,-0.211391,0.335510,2.690046,-0.049152,0.386177,2.436361,-0.352380,0.661950,2.445357,-0.450561,0.578606,2.647681,-0.466082,0.860617,2.388639,-0.506963,0.922381,2.652879
318,-0.279164,0.039525,2.730897,-0.213547,-0.132454,2.731286,-0.228189,-0.295693,2.649260,0.031346,-0.218441,2.269479,0.201709,-0.027683,2.252797,0.079201,0.124983,2.310394,-0.219110,0.318464,2.688128,-0.056115,0.377013,2.438161,-0.359744,0.629152,2.438737,-0.448990,0.587293,2.650824,-0.581239,0.690808,2.383911,-0.397398,0.961376,2.679039
319,-0.280089,0.043591,2.738386,-0.205862,-0.130693,2.739202,-0.225182,-0.295483,2.653588,0.029158,-0.217554,2.267689,0.198557,-0.031108,2.260378,0.079484,0.130275,2.312045,-0.208055,0.333421,2.689284,-0.052768,0.376833,2.436956,-0.340211,0.653211,2.437153,-0.439848,0.591379,2.671445,-0.551527,0.730828,2.357017,-0.425123,0.965260,2.674932
320,-0.279894,0.048913,2.736392,-0.208566,-0.124650,2.739851,-0.226858,-0.290999,2.652899,0.032640,-0.215314,2.264837,0.202376,-0.029291,2.257231,0.079616,0.133912,2.316180,-0.203697,0.338343,2.687757,-0.048749,0.385256,2.437223,-0.323403,0.666509,2.466594,-0.433052,0.576242,2.663891,-0.521943,0.793038,2.413683,-0.450172,0.929926,2.681907
321,-0.279822,0.035255,2.735214,-0.212047,-0.138180,2.735530,-0.230338,-0.296467,2.655587,0.030377,-0.218276,2.270072,0.203464,-0.031567,2.264893,0.081569,0.131495,2.324835,-0.209381,0.329846,2.688003,-0.052177,0.383302,2.438459,-0.375186,0.613216,2.458062,-0.464274,0.572023,2.660885,-0.549254,0.792527,2.408971,-0.452191,0.941336,2.673261
322,-0.280283,0.035322,2.737276,-0.214685,-0.139772,2.738594,-0.232939,-0.294894,2.655367,0.029814,-0.218338,2.267491,0.200640,-0.033746,2.262727,0.078357,0.135209,2.324718,-0.209622,0.325953,2.687962,-0.050539,0.378599,2.438037,-0.373547,0.632791,2.460883,-0.470247,0.562565,2.661362,-0.511031,0.791880,2.383977,-0.476828,0.893443,2.652792
323,-0.282614,0.046144,2.735459,-0.211434,-0.137420,2.734721,-0.228067,-0.295880,2.656727,0.028373,-0.218261,2.268573,0.202134,-0.031192,2.262641,0.077856,0.137608,2.319905,-0.211442,0.332245,2.694074,-0.055458,0.383320,2.439082,-0.376602,0.663912,2.463856,-0.477720,0.645714,2.716796,-0.531413,0.826361,2.412680,-0.503128,0.936556,2.675817
324,-0.284835,0.055453,2.730977,-0.209436,-0.114715,2.738711,-0.228230,-0.290245,2.659477,0.028083,-0.218221,2.265919,0.201549,-0.031874,2.264286,0.075835,0.134889,2.319295,-0.218068,0.332522,2.690824,-0.057814,0.383637,2.437661,-0.383302,0.668745,2.438564,-0.449664,0.587154,2.661020,-0.480210,0.867551,2.401742,-0.498710,0.947085,2.658900
325,-0.282288,0.053992,2.735307,-0.209244,-0.106800,2.734619,-0.230797,-0.289001,2.657668,0.029200,-0.215730,2.266681,0.200724,-0.032027,2.262172,0.076912,0.134489,2.315513,-0.220452,0.332206,2.693202,-0.063573,0.386128,2.439361,-0.380778,0.640741,2.460414,-0.460494,0.646512,2.721931,-0.573227,0.825125,2.443632,-0.485562,0.992528,2.695550
326,-0.280190,0.054988,2.732397,-0.206763,-0.114727,2.731655,-0.225799,-0.290074,2.658884,0.026573,-0.214664,2.262762,0.200990,-0.034902,2.267764,0.077351,0.132451,2.322280,-0.212617,0.331513,2.694684,-0.059039,0.378937,2.436630,-0.352035,0.639404,2.459725,-0.450394,0.672330,2.716937,-0.572745,0.791026,2.430527,-0.428495,1.037073,2.702667
327,-0.278867,0.050609,2.733994,-0.241896,-0.106305,2.749964,-0.222479,-0.292748,2.653329,0.030357,-0.220298,2.270461,0.198545,-0.034623,2.259694,0.078460,0.127849,2.310786,-0.215222,0.323443,2.687726,-0.057446,0.372969,2.438967,-0.384341,0.640367,2.455068,-0.454520,0.586380,2.657677,-0.576936,0.825793,2.421015,-0.444801,1.022081,2.697121
328,-0.289273,0.062400,2.732962,-0.246234,-0.088325,2.735485,-0.223196,-0.287545,2.651668,0.029775,-0.223769,2.270687,0.200556,-0.029558,2.256482,0.076788,0.129683,2.308722,-0.216313,0.325774,2.687515,-0.052536,0.379967,2.439092,-0.354259,0.648118,2.471992,-0.454957,0.674056,2.717129,-0.592396,0.781194,2.415337,-0.412203,1.028675,2.687844
329,-0.282869,0.052777,2.725157,-0.214824,-0.116832,2.723687,-0.228976,-0.290212,2.655436,0.024632,-0.221624,2.268580,0.207538,-0.030056,2.262719,0.074725,0.129253,2.316825,-0.200890,0.346583,2.684681,-0.049219,0.391494,2.430862,-0.377077,0.643137,2.437093,-0.460698,0.556648,2.655240,-0.501673,0.799658,2.373677,-0.459458,0.908052,2.644583
330,-0.281818,0.049589,2.733109,-0.203146,-0.113964,2.724510,-0.220897,-0.292296,2.660439,0.027957,-0.224151,2.270952,0.205262,-0.032284,2.264531,0.082630,0.129285,2.333615,-0.193187,0.334595,2.690429,-0.040048,0.389074,2.437156,-0.328809,0.634499,2.476692,-0.415167,0.600957,2.662596,-0.577507,0.769011,2.412275,-0.423036,0.965562,2.685317
331,-0.279114,0.053331,2.734449,-0.200039,-0.102220,2.731188,-0.222549,-0.291837,2.655306,0.028573,-0.228716,2.271908,0.203655,-0.038844,2.266324,0.077978,0.127440,2.331247,-0.193523,0.339947,2.692734,-0.044943,0.387863,2.442224,-0.342200,0.632884,2.480783,-0.417907,0.605295,2.666114,-0.596082,0.780947,2.430119,-0.428269,1.025028,2.706912
332,-0.280772,0.051473,2.723011,-0.202468,-0.098047,2.720269,-0.227331,-0.289460,2.663730,0.029623,-0.226573,2.270440,0.202854,-0.036585,2.265463,0.078452,0.124002,2.322924,-0.199009,0.329906,2.690884,-0.047185,0.379327,2.440614,-0.370564,0.602770,2.468632,-0.434705,0.595960,2.673471,-0.567307,0.727814,2.388724,-0.437403,0.939009,2.671339
333,-0.284516,0.049082,2.724236,-0.203976,-0.104882,2.722041,-0.229741,-0.291444,2.657934,0.030927,-0.229999,2.275936,0.204727,-0.038585,2.261590,0.079646,0.115945,2.315614,-0.198742,0.336888,2.687711,-0.047852,0.376222,2.435992,-0.288863,0.624865,2.448212,-0.473347,0.623539,2.710507,-0.500090,0.814425,2.428763,-0.485036,0.922441,2.670201
334,-0.284676,0.046279,2.733968,-0.204733,-0.098869,2.732826,-0.229833,-0.283830,2.657292,0.028597,-0.228474,2.274725,0.202116,-0.043052,2.267084,0.077159,0.112981,2.321604,-0.198657,0.346992,2.685508,-0.049226,0.379110,2.437133,-0.308992,0.617405,2.460689,-0.454783,0.572909,2.653825,-0.514424,0.838546,2.409494,-0.454857,0.921139,2.661279
335,-0.286083,0.056594,2.730558,-0.211749,-0.101255,2.727333,-0.229010,-0.286386,2.661340,0.028118,-0.229737,2.269552,0.198573,-0.049834,2.267110,0.078618,0.120642,2.317371,-0.206387,0.329959,2.691075,-0.055948,0.375395,2.438087,-0.324780,0.657450,2.466661,-0.463688,0.574332,2.659161,-0.543048,0.839250,2.444262,-0.489796,0.959655,2.689603
336,-0.277059,0.063568,2.733221,-0.223202,-0.076734,2.737000,-0.225270,-0.279719,2.659608,0.028087,-0.236202,2.274160,0.200981,-0.047674,2.263205,0.079667,0.119376,2.318547,-0.194043,0.353020,2.691533,-0.051592,0.383641,2.433733,-0.375544,0.618009,2.432479,-0.462978,0.645258,2.709352,-0.553037,0.794866,2.398016,-0.461885,0.969149,2.661026
337,-0.281069,0.056518,2.734801,-0.215336,-0.107116,2.735077,-0.230229,-0.288236,2.661956,0.030363,-0.231496,2.272374,0.200617,-0.046279,2.264925,0.078382,0.125825,2.313638,-0.207085,0.333978,2.689613,-0.051948,0.382257,2.437610,-0.368804,0.632212,2.441405,-0.461845,0.592032,2.647254,-0.532402,0.805726,2.415231,-0.489823,0.937848,2.652973
338,-0.290226,0.063746,2.737053,-0.246373,-0.087007,2.741967,-0.239695,-0.281260,2.664453,0.028656,-0.236390,2.272095,0.196454,-0.044571,2.267644,0.076266,0.134420,2.316865,-0.212259,0.329115,2.692307,-0.049644,0.380876,2.438220,-0.370304,0.607374,2.440791,-0.442348,0.586408,2.658604,-0.589354,0.731796,2.384030,-0.428793,0.951687,2.656301
339,-0.291076,0.066113,2.735258,-0.245332,-0.080371,2.743356,-0.241387,-0.286681,2.658570,0.026500,-0.249257,2.276397,0.194745,-0.048032,2.266061,0.077007,0.133203,2.320454,-0.213273,0.322303,2.689020,-0.051247,0.374384,2.440542,-0.329236,0.625221,2.460619,-0.443024,0.591620,2.656273,-0.579600,0.766263,2.404920,-0.463101,0.940855,2.654799
340,-0.278196,0.074529,2.735066,-0.239135,-0.076197,2.731634,-0.237395,-0.285301,2.662548,0.023982,-0.254665,2.277625,0.191202,-0.052399,2.261163,0.074199,0.137077,2.323564,-0.213005,0.317977,2.688986,-0.057012,0.371722,2.441654,-0.371840,0.624687,2.433283,-0.435693,0.608704,2.673586,-0.575720,0.723873,2.365749,-0.439539,0.954048,2.669852
341,-0.280319,0.076705,2.737174,-0.234190,-0.070745,2.743311,-0.244523,-0.279316,2.665384,0.024965,-0.260631,2.279635,0.188687,-0.061727,2.278881,0.072587,0.136993,2.323545,-0.208032,0.322635,2.683615,-0.049612,0.368161,2.433531,-0.376921,0.637316,2.444863,-0.456932,0.564119,2.646155,-0.555529,0.727270,2.380719,-0.453025,0.896267,2.645233
342,-0.281850,0.069361,2.736800,-0.225878,-0.096794,2.732474,-0.248030,-0.284601,2.672793,0.020864,-0.261588,2.278496,0.181476,-0.067262,2.266858,0.072716,0.133663,2.316687,-0.209916,0.322403,2.686232,-0.048850,0.370681,2.435836,-0.377244,0.625535,2.466273,-0.461464,0.578610,2.648110,-0.568507,0.810621,2.442084,-0.478987,0.933173,2.677667
343,-0.287907,0.068956,2.735579,-0.226258,-0.106579,2.735229,-0.252019,-0.291690,2.661700,0.018258,-0.265220,2.274581,0.176266,-0.070054,2.262994,0.073574,0.133457,2.317353,-0.209071,0.317176,2.689432,-0.048242,0.373597,2.438877,-0.374102,0.625969,2.459537,-0.497518,0.638274,2.690533,-0.483541,0.852518,2.427664,-0.489752,0.926203,2.659366
344,-0.286996,0.073141,2.737992,-0.224795,-0.107862,2.734301,-0.253657,-0.297075,2.661304,0.014722,-0.273536,2.277813,0.174151,-0.072589,2.263267,0.071808,0.134122,2.318169,-0.210894,0.303926,2.686019,-0.052806,0.359204,2.434583,-0.368278,0.596901,2.462062,-0.454911,0.666390,2.689793,-0.593240,0.756724,2.440855,-0.409409,0.964873,2.693411
345,-0.284784,0.081057,2.740105,-0.225677,-0.118256,2.744008,-0.265873,-0.307682,2.663095,0.004966,-0.275202,2.263377,0.167095,-0.074087,2.263975,0.072256,0.134916,2.321924,-0.219315,0.314774,2.686032,-0.057552,0.362737,2.435461,-0.379765,0.592377,2.469706,-0.433155,0.635432,2.662375,-0.605383,0.729068,2.434070,-0.401377,0.992601,2.703917
346,-0.285617,0.073657,2.736807,-0.231122,-0.115566,2.749745,-0.266995,-0.311638,2.660567,0.008731,-0.281535,2.262559,0.168508,-0.072822,2.247924,0.072032,0.134560,2.309893,-0.214394,0.305109,2.680004,-0.049772,0.355269,2.434777,-0.359395,0.636550,2.491572,-0.436565,0.606795,2.649884,-0.619339,0.774244,2.465074,-0.394676,1.011635,2.709648
347,-0.293348,0.068374,2.737668,-0.233942,-0.119701,2.755966,-0.272468,-0.322975,2.662420,0.001670,-0.287692,2.263690,0.164427,-0.070480,2.246699,0.073829,0.134800,2.306279,-0.211809,0.295765,2.680385,-0.051960,0.352756,2.435313,-0.378985,0.606058,2.489711,-0.436751,0.602421,2.675786,-0.632741,0.813780,2.503635,-0.407356,1.054051,2.722612
348,-0.299085,0.081637,2.737185,-0.269362,-0.093039,2.759007,-0.279035,-0.306883,2.665706,0.012856,-0.285727,2.265060,0.167414,-0.060661,2.249033,0.070913,0.135316,2.310885,-0.215592,0.325879,2.679675,-0.042058,0.375014,2.433465,-0.313797,0.649484,2.502810,-0.460092,0.686983,2.697469,-0.599464,0.771917,2.472543,-0.379364,1.062216,2.715905
349,-0.298515,0.084172,2.737876,-0.239554,-0.099040,2.749458,-0.279142,-0.317461,2.666778,0.003886,-0.289613,2.265435,0.169910,-0.061621,2.243352,0.072034,0.135692,2.312949,-0.217486,0.317082,2.689397,-0.048845,0.369331,2.435640,-0.334518,0.649240,2.497461,-0.441187,0.635173,2.673617,-0.625088,0.787848,2.449447,-0.392009,1.046003,2.714693
350,-0.300454,0.082969,2.736520,-0.274915,-0.103357,2.763033,-0.288554,-0.327831,2.669289,0.000661,-0.291202,2.258551,0.169936,-0.059774,2.249443,0.072975,0.136784,2.327144,-0.220762,0.304893,2.680915,-0.048557,0.360466,2.429768,-0.329361,0.629586,2.489276,-0.442941,0.612051,2.665815,-0.622571,0.738847,2.429909,-0.353842,1.022885,2.698064
351,-0.308775,0.079941,2.739024,-0.274783,-0.103892,2.751948,-0.287960,-0.334543,2.663967,-0.002466,-0.297517,2.270912,0.158354,-0.054288,2.246011,0.070803,0.140134,2.319864,-0.213288,0.314474,2.683695,-0.038105,0.367568,2.428828,-0.320723,0.656679,2.507508,-0.469415,0.689342,2.694481,-0.594936,0.784709,2.438484,-0.369570,1.015187,2.697469
352,-0.306001,0.069218,2.737303,-0.248513,-0.122560,2.743717,-0.292005,-0.348618,2.663545,-0.007942,-0.305456,2.271302,0.159332,-0.058160,2.253732,0.066469,0.138213,2.324864,-0.217806,0.291424,2.674095,-0.046849,0.353117,2.425817,-0.341272,0.647402,2.510575,-0.432719,0.610559,2.664187,-0.607858,0.778060,2.467215,-0.378504,1.006674,2.705531
353,-0.308305,0.073485,2.740537,-0.279267,-0.119810,2.752605,-0.291307,-0.345530,2.657180,-0.008403,-0.308292,2.269530,0.156249,-0.065104,2.266080,0.064108,0.140759,2.324523,-0.216620,0.294170,2.667077,-0.041449,0.353230,2.420866,-0.314452,0.607698,2.470300,-0.420161,0.628031,2.673402,-0.592879,0.723634,2.428143,-0.354234,0.953965,2.676910
354,-0.317752,0.066399,2.731755,-0.252559,-0.121667,2.743629,-0.289492,-0.345722,2.660297,-0.013428,-0.318794,2.268862,0.150953,-0.071066,2.261297,0.067184,0.145027,2.324008,-0.218586,0.289410,2.667298,-0.043587,0.343947,2.421781,-0.328851,0.623899,2.475163,-0.446623,0.614862,2.659051,-0.593656,0.672082,2.374092,-0.341323,0.886623,2.664884
355,-0.311459,0.065045,2.732907,-0.255170,-0.129043,2.741254,-0.295769,-0.353467,2.656566,-0.012101,-0.324904,2.271381,0.149527,-0.075601,2.264154,0.062817,0.143841,2.324221,-0.214597,0.285150,2.666141,-0.041333,0.342553,2.421849,-0.315629,0.602169,2.476439,-0.452171,0.654911,2.687505,-0.605298,0.688540,2.412818,-0.318825,0.922732,2.714582
356,-0.311849,0.067011,2.733443,-0.254341,-0.135863,2.742100,-0.293776,-0.359856,2.654719,-0.012832,-0.327284,2.270964,0.143734,-0.074589,2.268655,0.064799,0.143776,2.329098,-0.221859,0.284494,2.669214,-0.044033,0.341054,2.428589,-0.302551,0.628050,2.495151,-0.408239,0.630137,2.668300,-0.588024,0.682666,2.398309,-0.316983,0.933133,2.697871
357,-0.311011,0.070523,2.735009,-0.260283,-0.133507,2.744554,-0.297643,-0.353569,2.657625,-0.007268,-0.325451,2.265300,0.144735,-0.073660,2.259279,0.061274,0.147470,2.326723,-0.227754,0.295945,2.670287,-0.037662,0.352747,2.428016,-0.270273,0.655313,2.512245,-0.455914,0.686400,2.718590,-0.569515,0.684093,2.397186,-0.346575,0.937384,2.701545
358,-0.310394,0.069512,2.735258,-0.264293,-0.136530,2.746259,-0.295594,-0.359232,2.654177,-0.010718,-0.328645,2.270945,0.140219,-0.081063,2.268879,0.061981,0.150198,2.335240,-0.219924,0.296287,2.665679,-0.035610,0.352363,2.423801,-0.279621,0.649221,2.518875,-0.443943,0.607934,2.675467,-0.569116,0.689798,2.402621,-0.348722,0.924732,2.686338
359,-0.319841,0.050652,2.741239,-0.268808,-0.153737,2.764334,-0.297856,-0.377384,2.655269,-0.016173,-0.340821,2.269254,0.135102,-0.084649,2.253632,0.060697,0.149488,2.321594,-0.229032,0.290994,2.667822,-0.044968,0.342012,2.436703,-0.288769,0.665374,2.542126,-0.453448,0.699323,2.709215,-0.608020,0.790305,2.485898,-0.337982,1.016551,2.726297
360,-0.307421,0.056833,2.744052,-0.267755,-0.143833,2.759993,-0.289654,-0.366907,2.659063,-0.012955,-0.338872,2.260836,0.136470,-0.076440,2.258605,0.061640,0.150094,2.328854,-0.235250,0.288282,2.673559,-0.048809,0.345830,2.431993,-0.295058,0.634269,2.523342,-0.442187,0.605952,2.661306,-0.533724,0.670259,2.387895,-0.363115,0.994390,2.678109
361,-0.314312,0.051556,2.747275,-0.262954,-0.129456,2.754973,-0.288329,-0.369291,2.645179,-0.008439,-0.332443,2.254575,0.137578,-0.068317,2.248255,0.060742,0.152709,2.327470,-0.231052,0.288179,2.676142,-0.043572,0.342227,2.437925,-0.289919,0.609110,2.480752,-0.444182,0.604081,2.664540,-0.581200,0.699816,2.420348,-0.377831,1.010354,2.708584
362,-0.313493,0.064403,2.737318,-0.267683,-0.140323,2.754345,-0.295053,-0.368383,2.650059,-0.013171,-0.337340,2.249108,0.135016,-0.066666,2.252804,0.060097,0.155567,2.324742,-0.248312,0.287616,2.671533,-0.061018,0.336643,2.433451,-0.278783,0.651051,2.534622,-0.463006,0.688487,2.711041,-0.543895,0.675071,2.387445,-0.392704,0.944455,2.670802
363,-0.306796,0.063460,2.738912,-0.281256,-0.123520,2.765595,-0.290351,-0.374726,2.642383,-0.011517,-0.348310,2.252350,0.131265,-0.067144,2.252411,0.059739,0.159108,2.321994,-0.240864,0.283659,2.672172,-0.053743,0.335368,2.435913,-0.282102,0.628731,2.500624,-0.451471,0.645333,2.672152,-0.545036,0.665053,2.438257,-0.427967,0.961956,2.698154
364,-0.311988,0.053650,2.745045,-0.266587,-0.155853,2.755300,-0.290680,-0.383854,2.643869,-0.015271,-0.348664,2.250831,0.127520,-0.068102,2.252855,0.059757,0.158000,2.325859,-0.240541,0.287373,2.670066,-0.054582,0.340512,2.433150,-0.277553,0.633230,2.494447,-0.442450,0.610991,2.667623,-0.557069,0.672874,2.367501,-0.398752,0.901999,2.647088
365,-0.311970,0.057746,2.747638,-0.262509,-0.160452,2.756006,-0.289408,-0.387232,2.645471,-0.018015,-0.346296,2.251168,0.130418,-0.057668,2.248906,0.062923,0.162796,2.333397,-0.239724,0.287406,2.670856,-0.058198,0.335741,2.431560,-0.287449,0.616003,2.489949,-0.468448,0.710659,2.716758,-0.522096,0.625466,2.355126,-0.352066,0.903587,2.636992
366,-0.315310,0.053138,2.743292,-0.297518,-0.139301,2.753896,-0.299648,-0.383457,2.641005,-0.009628,-0.352733,2.260056,0.126438,-0.053382,2.251491,0.061115,0.165114,2.326181,-0.236565,0.283354,2.667517,-0.046348,0.332112,2.426982,-0.265717,0.609589,2.501874,-0.464758,0.706896,2.724065,-0.538297,0.649150,2.428534,-0.356451,0.954072,2.713904
367,-0.316019,0.048666,2.738851,-0.273274,-0.156193,2.752563,-0.291076,-0.394184,2.640257,-0.016007,-0.363670,2.251150,0.124083,-0.061902,2.240851,0.057253,0.162892,2.326509,-0.237656,0.286544,2.664857,-0.049104,0.335964,2.425251,-0.258283,0.669541,2.548203,-0.464550,0.713455,2.708433,-0.530665,0.636409,2.393205,-0.378594,0.948459,2.683968
368,-0.315581,0.040019,2.739976,-0.271091,-0.168653,2.747825,-0.283839,-0.408578,2.637684,-0.012588,-0.369185,2.255035,0.123002,-0.067288,2.250836,0.059280,0.158636,2.331259,-0.233889,0.283130,2.665114,-0.048325,0.330511,2.419018,-0.262758,0.677792,2.530149,-0.438447,0.606025,2.656941,-0.519713,0.623133,2.354753,-0.374774,0.927937,2.652975
369,-0.317306,0.048272,2.753301,-0.272294,-0.172452,2.750360,-0.285824,-0.412305,2.638232,-0.014469,-0.374417,2.258046,0.118272,-0.072444,2.252565,0.056913,0.156919,2.326449,-0.233561,0.283591,2.667723,-0.049830,0.332854,2.427322,-0.279462,0.682602,2.567797,-0.438147,0.641453,2.690797,-0.562638,0.665288,2.428262,-0.341330,0.963421,2.715370
370,-0.311644,0.030877,2.740863,-0.273450,-0.182793,2.745648,-0.281416,-0.417389,2.636786,-0.012654,-0.374323,2.255559,0.121314,-0.072497,2.254074,0.056883,0.155774,2.323406,-0.237104,0.281198,2.668226,-0.055871,0.333848,2.426292,-0.273227,0.667064,2.557460,-0.437668,0.636223,2.683657,-0.531562,0.638326,2.395444,-0.338873,0.932151,2.683572
371,-0.311637,0.041334,2.742045,-0.276611,-0.183338,2.750528,-0.289036,-0.419136,2.633533,-0.009962,-0.382330,2.253390,0.115482,-0.074554,2.252036,0.059224,0.154545,2.331370,-0.237102,0.266021,2.663234,-0.045585,0.317252,2.419223,-0.241728,0.663688,2.538134,-0.434070,0.629772,2.686498,-0.531412,0.619284,2.384027,-0.338341,0.903826,2.668016
372,-0.309025,0.049713,2.744789,-0.277837,-0.186658,2.753606,-0.283429,-0.437381,2.633879,-0.012280,-0.392701,2.255614,0.103031,-0.080518,2.256527,0.054226,0.152556,2.338905,-0.246948,0.256809,2.670718,-0.063287,0.300437,2.424954,-0.298039,0.653343,2.554706,-0.452888,0.637389,2.692459,-0.545751,0.668250,2.421367,-0.351851,0.985083,2.714908
373,-0.300074,0.053998,2.739599,-0.271812,-0.182896,2.747256,-0.277600,-0.439735,2.632464,-0.010940,-0.395955,2.252568,0.115633,-0.075468,2.252108,0.058547,0.156977,2.336050,-0.245474,0.260770,2.675642,-0.054652,0.312734,2.426986,-0.287124,0.642370,2.543031,-0.444798,0.622553,2.702097,-0.568878,0.683013,2.388601,-0.381094,0.929893,2.678243
374,-0.300835,0.042583,2.749771,-0.269996,-0.191932,2.744461,-0.270821,-0.440682,2.634768,-0.011511,-0.393697,2.248893,0.110222,-0.065292,2.245167,0.059819,0.160378,2.332160,-0.248965,0.258939,2.680553,-0.072230,0.313311,2.428231,-0.297008,0.623487,2.461262,-0.455154,0.630475,2.683018,-0.586757,0.731570,2.406565,-0.356977,0.984105,2.705406
375,-0.305430,0.044981,2.756628,-0.274311,-0.194848,2.752123,-0.281777,-0.460839,2.625305,-0.004369,-0.407403,2.246936,0.105548,-0.067351,2.244452,0.055415,0.167482,2.326581,-0.250986,0.240002,2.675293,-0.064371,0.301841,2.425432,-0.298350,0.620962,2.460943,-0.461340,0.613427,2.689957,-0.569967,0.720083,2.377236,-0.381012,0.949954,2.695138
376,-0.304642,0.052443,2.757076,-0.275953,-0.194267,2.753170,-0.281211,-0.465372,2.629584,-0.004858,-0.418493,2.247083,0.098713,-0.071520,2.245701,0.061154,0.170573,2.331751,-0.253712,0.243748,2.679117,-0.060603,0.296897,2.426643,-0.282353,0.626083,2.467768,-0.464490,0.623246,2.684141,-0.555097,0.753155,2.418095,-0.419987,0.941879,2.696353
377,-0.308439,0.045159,2.753686,-0.281002,-0.196958,2.751640,-0.278639,-0.485060,2.626648,-0.003487,-0.427004,2.245556,0.100242,-0.070755,2.244765,0.056578,0.171895,2.334090,-0.247695,0.236718,2.667001,-0.062023,0.294183,2.420426,-0.290820,0.620041,2.471137,-0.445661,0.608364,2.693568,-0.558814,0.661561,2.371342,-0.402327,0.867120,2.669255
378,-0.311509,0.047430,2.747089,-0.294872,-0.196668,2.754598,-0.287395,-0.495541,2.622750,-0.001187,-0.434016,2.245282,0.102063,-0.068770,2.250409,0.058784,0.173914,2.341374,-0.251995,0.232353,2.664646,-0.065007,0.288789,2.420520,-0.292902,0.627745,2.461792,-0.453189,0.633561,2.681980,-0.566536,0.644485,2.391289,-0.378305,0.879873,2.684716
379,-0.312122,0.042213,2.754997,-0.285889,-0.193850,2.753893,-0.284573,-0.502281,2.621171,-0.000037,-0.439800,2.240190,0.099112,-0.072078,2.252285,0.056491,0.176040,2.344618,-0.253328,0.232751,2.669049,-0.066618,0.293935,2.422437,-0.312768,0.671710,2.528848,-0.467030,0.643299,2.683199,-0.576710,0.716118,2.424510,-0.393688,0.927132,2.712953
380,-0.309499,0.031781,2.752238,-0.286265,-0.201770,2.756805,-0.285423,-0.514649,2.621769,0.004145,-0.453040,2.240735,0.091884,-0.082116,2.255881,0.056918,0.179094,2.342540,-0.256746,0.228690,2.665703,-0.059983,0.290384,2.421042,-0.285712,0.670328,2.545503,-0.448610,0.649660,2.687736,-0.541557,0.711120,2.428369,-0.410867,0.923571,2.703605
381,-0.312942,0.034043,2.753495,-0.290966,-0.204338,2.754793,-0.281868,-0.524186,2.622173,0.000278,-0.460383,2.237052,0.090743,-0.080742,2.252997,0.057085,0.188312,2.347990,-0.259772,0.233011,2.670232,-0.061165,0.292111,2.419023,-0.273348,0.681256,2.543642,-0.466516,0.721923,2.727894,-0.529339,0.741636,2.413972,-0.421614,0.921673,2.691463
382,-0.313173,0.048678,2.759732,-0.300108,-0.205772,2.751281,-0.287447,-0.531838,2.618140,0.006961,-0.472712,2.240701,0.090605,-0.092788,2.249099,0.058033,0.187782,2.327852,-0.258721,0.229479,2.665076,-0.056213,0.288158,2.419605,-0.239381,0.678294,2.537369,-0.445646,0.641469,2.687153,-0.481238,0.786173,2.439724,-0.434931,0.912737,2.697071
383,-0.312876,0.049827,2.755304,-0.292563,-0.201335,2.753430,-0.288524,-0.533679,2.618023,0.008343,-0.480153,2.239066,0.084556,-0.101675,2.249246,0.057553,0.182433,2.339092,-0.263660,0.223692,2.671437,-0.069431,0.284244,2.418405,-0.287365,0.656175,2.509973,-0.444261,0.627491,2.684837,-0.543323,0.738552,2.424245,-0.399826,0.933796,2.707680
384,-0.307577,0.016229,2.751689,-0.291148,-0.215186,2.753212,-0.286519,-0.550101,2.613005,0.008104,-0.488049,2.236350,0.084152,-0.108748,2.229733,0.055185,0.179787,2.327367,-0.258488,0.219084,2.668403,-0.059521,0.278914,2.420900,-0.211099,0.666249,2.484239,-0.453620,0.631616,2.678534,-0.336447,0.844656,2.448603,-0.451233,0.855679,2.681323
385,-0.318519,0.011118,2.750673,-0.301525,-0.213465,2.750989,-0.286293,-0.558142,2.610904,0.010588,-0.488553,2.231630,0.079502,-0.113688,2.227007,0.055842,0.179224,2.328589,-0.264538,0.217658,2.665758,-0.063742,0.275862,2.411084,-0.220540,0.686187,2.491370,-0.463055,0.641352,2.691095,-0.349262,0.855986,2.439588,-0.439872,0.870970,2.682343
386,-0.319983,-0.009935,2.756801,-0.297322,-0.224893,2.739091,-0.282148,-0.551366,2.608704,0.014831,-0.490048,2.234397,0.083752,-0.114937,2.237693,0.054108,0.178898,2.321544,-0.259357,0.219456,2.660080,-0.052070,0.276206,2.408317,-0.188117,0.701641,2.519281,-0.462196,0.640339,2.696301,-0.280482,0.903095,2.442219,-0.430663,0.882035,2.674590
387,-0.300516,0.030408,2.758514,-0.289442,-0.222472,2.740969,-0.280187,-0.562008,2.606027,0.015037,-0.496940,2.228753,0.081215,-0.121848,2.234057,0.052725,0.174257,2.331743,-0.259781,0.217160,2.663899,-0.055167,0.266461,2.406049,-0.171579,0.678219,2.509750,-0.425252,0.625705,2.683686,-0.246658,0.833514,2.414713,-0.427713,0.827765,2.646473
388,-0.317856,0.021513,2.743031,-0.288299,-0.227320,2.736369,-0.282863,-0.564199,2.605336,0.015252,-0.499867,2.226688,0.081052,-0.123494,2.241755,0.051940,0.170433,2.336691,-0.265694,0.212117,2.664277,-0.065751,0.268198,2.408765,-0.257122,0.663606,2.489640,-0.454656,0.641825,2.670653,-0.428317,0.812192,2.423364,-0.462896,0.851074,2.682001
389,-0.307557,0.042738,2.748166,-0.277347,-0.243227,2.726350,-0.273060,-0.567566,2.601818,0.015571,-0.493570,2.225333,0.077140,-0.119253,2.233717,0.052214,0.178392,2.325771,-0.258564,0.218897,2.658736,-0.061638,0.274946,2.406860,-0.257948,0.679197,2.511919,-0.445873,0.647113,2.691199,-0.445613,0.855025,2.429863,-0.426193,0.931822,2.700932
390,-0.316684,0.047166,2.752183,-0.281696,-0.237659,2.732030,-0.274089,-0.566741,2.597191,0.018022,-0.492692,2.220884,0.083352,-0.117264,2.237347,0.057628,0.175832,2.333195,-0.259507,0.208832,2.653819,-0.055607,0.264751,2.398498,-0.239435,0.668099,2.485277,-0.454642,0.625904,2.691333,-0.378179,0.798459,2.359757,-0.450494,0.829342,2.619656
391,-0.318788,0.024654,2.741023,-0.294293,-0.250792,2.725840,-0.271148,-0.585580,2.591209,0.025312,-0.496498,2.217585,0.079838,-0.111660,2.231869,0.060276,0.175486,2.334271,-0.260367,0.201825,2.662347,-0.053616,0.257818,2.405161,-0.234900,0.677915,2.495308,-0.456713,0.638402,2.674461,-0.387651,0.838900,2.410964,-0.473287,0.837458,2.646587
392,-0.295635,-0.048635,2.741595,-0.282779,-0.262238,2.722656,-0.265944,-0.585518,2.593819,0.026112,-0.503298,2.216181,0.078738,-0.118328,2.234004,0.058701,0.173354,2.320903,-0.260720,0.207238,2.661083,-0.052962,0.260516,2.404794,-0.244456,0.699843,2.480670,-0.473104,0.734854,2.721260,-0.471148,0.924232,2.448812,-0.468717,1.013044,2.736841
393,-0.314677,0.027976,2.750110,-0.276977,-0.256940,2.724012,-0.258443,-0.590058,2.596640,0.028816,-0.504391,2.210915,0.077369,-0.114306,2.239012,0.061132,0.171134,2.333888,-0.261780,0.208728,2.658936,-0.068571,0.261305,2.396529,-0.263932,0.688749,2.470974,-0.437046,0.661264,2.679968,-0.493541,0.969855,2.464089,-0.412361,1.086615,2.740259
394,-0.306857,0.033605,2.742407,-0.273813,-0.260033,2.718379,-0.255987,-0.591854,2.592065,0.036454,-0.501713,2.208603,0.081841,-0.111197,2.225015,0.062200,0.169858,2.332392,-0.261560,0.199417,2.652910,-0.060304,0.257634,2.396284,-0.267342,0.700810,2.477735,-0.460677,0.648512,2.672361,-0.454584,0.963555,2.432904,-0.468348,1.023176,2.705683
395,-0.322071,0.028716,2.749542,-0.287335,-0.267005,2.716930,-0.255025,-0.596698,2.593334,0.035311,-0.504177,2.208114,0.076117,-0.116736,2.215597,0.062816,0.167835,2.318463,-0.264863,0.195182,2.647906,-0.066628,0.248154,2.390511,-0.245642,0.685368,2.481899,-0.454264,0.643568,2.662969,-0.468970,0.860829,2.402692,-0.438385,0.995096,2.669655
396,-0.317318,0.001760,2.747145,-0.280780,-0.266263,2.716963,-0.251909,-0.603849,2.595678,0.035938,-0.508768,2.211499,0.069519,-0.114556,2.225048,0.059798,0.176416,2.302305,-0.256232,0.194557,2.651574,-0.060942,0.250372,2.396391,-0.206484,0.667434,2.429788,-0.438713,0.640126,2.671075,-0.415018,0.951241,2.459933,-0.468252,1.027939,2.737254
397,-0.300195,-0.025934,2.743027,-0.274228,-0.272579,2.717449,-0.248931,-0.612776,2.593297,0.037342,-0.516749,2.211265,0.077035,-0.127446,2.227518,0.064463,0.172456,2.299255,-0.255303,0.183049,2.654015,-0.057389,0.235701,2.393944,-0.225314,0.629823,2.431194,-0.446797,0.615289,2.681971,-0.484393,0.819816,2.404697,-0.406449,0.989225,2.694078
398,-0.310437,-0.020058,2.738622,-0.269311,-0.281902,2.718815,-0.250294,-0.614712,2.594723,0.037862,-0.514323,2.211211,0.063124,-0.124564,2.231479,0.059703,0.175412,2.314380,-0.262016,0.180449,2.651038,-0.065349,0.228951,2.391876,-0.248514,0.632663,2.411520,-0.455916,0.631285,2.659708,-0.468488,0.875912,2.421116,-0.447443,0.987567,2.722389
399,-0.299550,-0.037202,2.736897,-0.266918,-0.282513,2.719570,-0.247455,-0.615788,2.600508,0.037547,-0.516451,2.207020,0.065969,-0.121521,2.228724,0.058727,0.177866,2.322337,-0.260709,0.183069,2.654832,-0.062017,0.234408,2.394883,-0.225201,0.652547,2.417320,-0.459372,0.627338,2.652671,-0.372819,0.927233,2.415453,-0.487607,0.958861,2.677154
400,-0.309800,-0.198396,2.721672,-0.288009,-0.311070,2.717217,-0.258274,-0.622243,2.600853,0.042862,-0.521652,2.210275,0.067070,-0.124047,2.224453,0.059201,0.171426,2.312015,-0.267970,0.177121,2.655962,-0.064546,0.230495,2.392292,-0.223002,0.663807,2.415518,-0.478948,0.631403,2.660839,-0.363948,0.945029,2.416245,-0.482523,0.976164,2.687048
401,-0.315915,0.005586,2.746562,-0.287953,-0.273550,2.721437,-0.253244,-0.617697,2.600743,0.042881,-0.527643,2.210143,0.071524,-0.128370,2.228931,0.064397,0.166446,2.305121,-0.266613,0.176376,2.656277,-0.068936,0.232307,2.394427,-0.235248,0.651719,2.421078,-0.479300,0.626643,2.658452,-0.428097,0.879124,2.407604,-0.475021,0.975820,2.681267
402,-0.315855,-0.003322,2.734997,-0.284499,-0.273306,2.719771,-0.255235,-0.615443,2.604583,0.041172,-0.521203,2.204057,0.069329,-0.112073,2.226889,0.061943,0.180106,2.316455,-0.273509,0.171148,2.650373,-0.077708,0.228475,2.389526,-0.280933,0.671032,2.414048,-0.499814,0.636557,2.645716,-0.362345,0.984541,2.450950,-0.515575,0.985127,2.681911
403,-0.334403,0.046730,2.742297,-0.293915,-0.258348,2.722630,-0.255203,-0.616548,2.609935,0.046118,-0.522283,2.203002,0.069891,-0.107271,2.232087,0.056345,0.195903,2.315835,-0.270572,0.171174,2.658381,-0.077464,0.230561,2.392445,-0.243758,0.648451,2.415294,-0.498436,0.690377,2.699210,-0.427498,0.959139,2.454281,-0.514739,0.983118,2.716991
404,-0.327455,0.013346,2.739016,-0.291558,-0.263196,2.721507,-0.253792,-0.618047,2.609523,0.045867,-0.527507,2.205191,0.066778,-0.112346,2.232281,0.056708,0.196926,2.318405,-0.270920,0.172343,2.654831,-0.082180,0.227709,2.392547,-0.233356,0.639496,2.411055,-0.476512,0.611782,2.659349,-0.398084,0.978240,2.466209,-0.477263,1.000378,2.721354
405,-0.317781,-0.020594,2.735296,-0.289784,-0.271777,2.720657,-0.253579,-0.624100,2.608288,0.048448,-0.530777,2.209406,0.068645,-0.115030,2.231887,0.057629,0.190631,2.316804,-0.274229,0.161395,2.651519,-0.075735,0.218852,2.392845,-0.223014,0.658212,2.410203,-0.482566,0.603743,2.661945,-0.344802,1.021369,2.457841,-0.489878,1.023731,2.719822
406,-0.321989,0.016215,2.744163,-0.287993,-0.266444,2.722882,-0.252645,-0.617890,2.606670,0.050647,-0.527559,2.207546,0.069774,-0.112690,2.229897,0.053063,0.190793,2.315090,-0.275039,0.166655,2.657369,-0.075377,0.225142,2.394249,-0.243461,0.654786,2.415906,-0.480526,0.602811,2.659675,-0.326102,1.061287,2.491891,-0.496851,1.041399,2.752977
407,-0.306891,0.005755,2.746001,-0.284148,-0.257759,2.722185,-0.248736,-0.614853,2.602364,0.050638,-0.524691,2.207043,0.068941,-0.111109,2.232494,0.051923,0.190395,2.311804,-0.274953,0.160354,2.650671,-0.077218,0.224074,2.392061,-0.254445,0.632837,2.417437,-0.445174,0.600680,2.663042,-0.504254,0.956784,2.466349,-0.432839,1.089138,2.766754
408,-0.306189,0.008369,2.741958,-0.279281,-0.252890,2.725947,-0.247656,-0.613214,2.612890,0.053086,-0.529910,2.209247,0.069455,-0.121627,2.234229,0.055910,0.175894,2.310264,-0.269079,0.156132,2.660613,-0.076756,0.214352,2.392864,-0.269467,0.632986,2.473743,-0.428767,0.577169,2.683264,-0.520214,0.794685,2.448154,-0.344728,1.091277,2.782968
409,-0.283568,-0.000174,2.749713,-0.275321,-0.271405,2.725701,-0.247088,-0.610423,2.615620,0.052001,-0.526970,2.212019,0.073342,-0.121170,2.232994,0.057753,0.177788,2.311614,-0.275770,0.158941,2.655921,-0.081797,0.217395,2.395860,-0.269558,0.619659,2.418693,-0.450509,0.577540,2.676649,-0.479793,0.929622,2.456811,-0.427589,1.045860,2.763873
410,-0.324953,0.023420,2.749877,-0.280304,-0.256835,2.732710,-0.254939,-0.602166,2.616742,0.051467,-0.520854,2.210940,0.079489,-0.118802,2.233349,0.057771,0.183444,2.313023,-0.282582,0.160573,2.658675,-0.082498,0.215848,2.398246,-0.237201,0.659062,2.420098,-0.472243,0.596493,2.666425,-0.365721,1.063895,2.495018,-0.507232,1.036157,2.736299
411,-0.309822,0.017710,2.744720,-0.281787,-0.252472,2.732905,-0.253268,-0.606015,2.616799,0.052958,-0.517339,2.212226,0.076451,-0.108365,2.234988,0.059046,0.181277,2.308604,-0.270094,0.159651,2.660050,-0.067306,0.216054,2.396384,-0.267460,0.654849,2.498063,-0.475405,0.656710,2.717767,-0.464225,0.922557,2.456509,-0.405093,1.028454,2.753051
412,-0.302035,0.021048,2.747334,-0.275755,-0.274147,2.733613,-0.249533,-0.609874,2.613078,0.050458,-0.518328,2.217372,0.077736,-0.116724,2.232546,0.063470,0.179586,2.311016,-0.266408,0.152253,2.660867,-0.072688,0.212325,2.396979,-0.274819,0.604188,2.431427,-0.478957,0.671533,2.737334,-0.439734,0.865520,2.406664,-0.404632,0.914329,2.691909
413,-0.308951,0.034334,2.750262,-0.278942,-0.246899,2.741566,-0.246871,-0.602060,2.615992,0.048645,-0.510288,2.217480,0.085756,-0.103038,2.231641,0.065440,0.178420,2.320501,-0.270768,0.162157,2.663767,-0.075905,0.217720,2.399114,-0.260405,0.638155,2.426325,-0.477589,0.617192,2.674678,-0.394863,0.956226,2.446636,-0.487242,0.985182,2.729834
414,-0.305682,0.038733,2.747283,-0.289383,-0.246199,2.746201,-0.250116,-0.592878,2.615618,0.050479,-0.498802,2.214052,0.084053,-0.096997,2.227126,0.061131,0.174846,2.321497,-0.269783,0.176035,2.665203,-0.073713,0.233337,2.402480,-0.246260,0.651194,2.434767,-0.492485,0.686132,2.710907,-0.391889,0.963772,2.458368,-0.481524,0.995912,2.730660
415,-0.282555,0.028181,2.747754,-0.273379,-0.247655,2.745467,-0.242888,-0.587701,2.614837,0.040419,-0.491448,2.212662,0.088160,-0.084948,2.212437,0.061114,0.173692,2.316253,-0.265588,0.187864,2.660856,-0.075795,0.253204,2.399743,-0.290189,0.621789,2.453892,-0.469224,0.678352,2.729083,-0.482960,0.838275,2.409226,-0.443505,0.964222,2.695421
416,-0.290518,-0.000274,2.749965,-0.289238,-0.262960,2.752552,-0.245941,-0.582792,2.614247,0.041290,-0.487806,2.216348,0.098537,-0.095609,2.199572,0.066225,0.168491,2.309029,-0.262256,0.186312,2.661468,-0.071680,0.257210,2.402516,-0.278624,0.694630,2.502234,-0.466324,0.590299,2.672591,-0.433950,0.937611,2.465273,-0.490302,0.985956,2.719604
417,-0.283283,-0.061475,2.742810,-0.274680,-0.261497,2.752509,-0.237973,-0.562827,2.611756,0.036689,-0.476439,2.213709,0.098910,-0.088912,2.196014,0.061765,0.159729,2.318534,-0.261360,0.200257,2.667520,-0.076893,0.269166,2.406049,-0.286213,0.716709,2.498538,-0.475466,0.588084,2.669335,-0.425065,0.938752,2.444160,-0.492265,0.945258,2.692110
418,-0.280538,0.000797,2.743171,-0.261946,-0.219899,2.752716,-0.238989,-0.545798,2.615299,0.034071,-0.466185,2.217822,0.104302,-0.083839,2.197882,0.065311,0.156986,2.316615,-0.258451,0.214385,2.664431,-0.067108,0.282922,2.404799,-0.296121,0.709738,2.494391,-0.496892,0.665164,2.692451,-0.459705,0.945628,2.454886,-0.469533,0.995806,2.707272
419,-0.303260,-0.020983,2.742223,-0.286162,-0.224749,2.756545,-0.247853,-0.551093,2.616165,0.035088,-0.461837,2.219254,0.104246,-0.085702,2.193793,0.068041,0.158120,2.303350,-0.255908,0.211730,2.665443,-0.071531,0.281666,2.401776,-0.332524,0.643824,2.485842,-0.495088,0.703074,2.692681,-0.534595,0.786477,2.411555,-0.387621,1.026392,2.693445
420,-0.319993,-0.113827,2.731906,-0.291047,-0.244911,2.753038,-0.247545,-0.541939,2.614389,0.028459,-0.455345,2.221363,0.100392,-0.085755,2.187612,0.073218,0.152351,2.303345,-0.263166,0.218475,2.667900,-0.073401,0.290766,2.404046,-0.275021,0.684381,2.504333,-0.459895,0.580765,2.649376,-0.485293,0.872132,2.431635,-0.463342,0.962599,2.705106
421,-0.301374,-0.078479,2.739703,-0.286020,-0.235837,2.759962,-0.247387,-0.531453,2.613571,0.030887,-0.450673,2.228656,0.105765,-0.087533,2.196074,0.074364,0.149356,2.300915,-0.255774,0.219177,2.657593,-0.067176,0.291751,2.400071,-0.262770,0.693163,2.476432,-0.470794,0.572375,2.648261,-0.411368,0.914657,2.408144,-0.474988,0.922492,2.672954
422,-0.327179,-0.021498,2.738341,-0.275261,-0.221967,2.760389,-0.244339,-0.510449,2.611518,0.022318,-0.428238,2.231564,0.112438,-0.067836,2.196137,0.067601,0.154556,2.307166,-0.246639,0.247647,2.662594,-0.062629,0.319055,2.405714,-0.270575,0.741786,2.476197,-0.488255,0.615036,2.639684,-0.371507,1.034873,2.495586,-0.479691,1.011511,2.701105
423,-0.333423,0.000318,2.737889,-0.264432,-0.218697,2.760871,-0.242430,-0.500036,2.611428,0.021626,-0.411654,2.231884,0.118698,-0.056023,2.192108,0.064417,0.154664,2.319767,-0.247526,0.241009,2.657625,-0.067970,0.308570,2.399398,-0.284653,0.706498,2.473729,-0.489176,0.688266,2.692210,-0.531018,0.876060,2.451589,-0.392219,1.034077,2.726795
424,-0.313808,0.034011,2.741482,-0.270582,-0.203385,2.763265,-0.247158,-0.476321,2.612312,0.024447,-0.387432,2.229950,0.132136,-0.032035,2.202685,0.065265,0.156021,2.318409,-0.243708,0.255962,2.660246,-0.064032,0.323877,2.401453,-0.360434,0.669335,2.475011,-0.465354,0.621791,2.633323,-0.588288,0.825771,2.432629,-0.398046,1.076866,2.720019
425,-0.309895,0.057436,2.744656,-0.253439,-0.179087,2.760861,-0.239710,-0.447421,2.618372,0.019423,-0.374971,2.233897,0.136086,-0.038220,2.213369,0.064116,0.157430,2.310711,-0.243438,0.273688,2.660815,-0.077553,0.339955,2.402704,-0.344773,0.713711,2.459569,-0.496707,0.694581,2.680387,-0.553751,0.899609,2.423032,-0.479091,1.063558,2.706279
426,-0.326076,0.012321,2.730358,-0.254389,-0.200050,2.753370,-0.237719,-0.435059,2.619793,0.017437,-0.370722,2.237227,0.132015,-0.058440,2.229352,0.059212,0.156836,2.305006,-0.248079,0.284341,2.655054,-0.079006,0.350187,2.398087,-0.316368,0.709790,2.454459,-0.490514,0.706226,2.690633,-0.548692,0.849680,2.407217,-0.424109,1.033136,2.700377
427,-0.313302,0.074181,2.742221,-0.234158,-0.123933,2.762997,-0.231812,-0.384636,2.632488,0.012479,-0.344847,2.237382,0.150396,-0.052373,2.214590,0.060588,0.158560,2.307911,-0.236354,0.310538,2.665001,-0.071816,0.368350,2.405135,-0.395411,0.678907,2.447345,-0.507883,0.714272,2.695213,-0.582794,0.836030,2.402173,-0.458130,1.053802,2.682735
428,-0.314145,0.080326,2.746009,-0.231718,-0.111964,2.757482,-0.237640,-0.355536,2.633494,0.010901,-0.325199,2.248682,0.166514,-0.048859,2.226254,0.059953,0.161414,2.305408,-0.238557,0.329361,2.663170,-0.068767,0.383820,2.407116,-0.394021,0.698407,2.437307,-0.509311,0.705864,2.689126,-0.508220,0.976075,2.434868,-0.504532,1.057018,2.690547
429,-0.311316,0.067131,2.739472,-0.232711,-0.119920,2.759557,-0.237498,-0.356984,2.643805,0.010110,-0.303659,2.253874,0.157924,-0.046110,2.233258,0.062504,0.162266,2.315156,-0.235925,0.330503,2.666868,-0.065163,0.390591,2.406602,-0.306444,0.723894,2.435310,-0.499393,0.679444,2.669321,-0.486427,0.922253,2.402755,-0.450578,1.002738,2.664311
430,-0.317633,0.066287,2.734886,-0.229446,-0.097243,2.757780,-0.235638,-0.334119,2.649970,0.007919,-0.288753,2.254611,0.174939,-0.039416,2.227689,0.060207,0.154746,2.317776,-0.228617,0.348069,2.671830,-0.059501,0.407036,2.408995,-0.295762,0.760194,2.455716,-0.500219,0.696071,2.673634,-0.419514,1.006398,2.450144,-0.471638,1.035237,2.691628
431,-0.321108,0.054721,2.729329,-0.231698,-0.121060,2.750427,-0.240791,-0.351425,2.650272,0.006522,-0.290247,2.258307,0.171176,-0.037189,2.231547,0.058469,0.150597,2.320332,-0.237319,0.333779,2.679364,-0.075493,0.399473,2.417290,-0.378929,0.686733,2.446600,-0.498361,0.682658,2.684335,-0.509495,0.943998,2.431606,-0.449543,1.042210,2.716537
432,-0.312683,0.050887,2.727404,-0.230480,-0.116511,2.748056,-0.248436,-0.347166,2.647333,0.013721,-0.281181,2.259845,0.179036,-0.038645,2.255183,0.066444,0.146560,2.319745,-0.234736,0.324843,2.688189,-0.064739,0.395459,2.423558,-0.301663,0.723313,2.472100,-0.472454,0.621933,2.668004,-0.509334,0.910311,2.440605,-0.422012,1.025802,2.725695
433,-0.308064,0.043275,2.727623,-0.232078,-0.141145,2.748024,-0.248937,-0.335826,2.650226,0.011675,-0.270059,2.265854,0.177090,-0.043041,2.268211,0.074203,0.146056,2.326528,-0.232244,0.325373,2.690099,-0.061106,0.399852,2.432578,-0.290966,0.719340,2.488030,-0.491712,0.669538,2.709819,-0.479949,0.867198,2.418632,-0.434803,0.963988,2.703514
434,-0.312608,0.055478,2.725798,-0.230158,-0.110395,2.736314,-0.244982,-0.331186,2.663374,0.012507,-0.271918,2.261752,0.173396,-0.043096,2.279760,0.070714,0.148424,2.333644,-0.235974,0.326569,2.691120,-0.066232,0.394926,2.425680,-0.297154,0.703772,2.486746,-0.479167,0.695685,2.714971,-0.566381,0.878836,2.431417,-0.453202,1.031295,2.706396
435,-0.305561,0.068204,2.716457,-0.223084,-0.085014,2.736815,-0.239092,-0.327150,2.657136,0.013713,-0.273828,2.269645,0.173352,-0.043708,2.289453,0.072873,0.150069,2.336713,-0.220199,0.327807,2.689689,-0.055580,0.392292,2.427318,-0.316933,0.652129,2.471249,-0.461031,0.648923,2.723529,-0.572383,0.800067,2.376587,-0.447330,0.952535,2.681942
436,-0.294758,0.073460,2.719158,-0.245477,-0.085985,2.732779,-0.237517,-0.325883,2.660578,0.014013,-0.273550,2.267489,0.174171,-0.048109,2.285807,0.076975,0.151943,2.333308,-0.214243,0.321648,2.689080,-0.053032,0.383900,2.427732,-0.365348,0.647943,2.445662,-0.463266,0.571754,2.667557,-0.477452,0.789919,2.387673,-0.491756,0.875106,2.648714
437,-0.296123,0.055243,2.718626,-0.242978,-0.111985,2.733903,-0.235628,-0.335174,2.656329,0.014545,-0.268895,2.271300,0.173947,-0.050425,2.299422,0.075750,0.155584,2.339156,-0.210267,0.326020,2.679232,-0.043997,0.388426,2.427108,-0.286853,0.684645,2.428293,-0.504103,0.616722,2.705722,-0.455093,0.748339,2.328550,-0.476972,0.856841,2.641054
438,-0.297002,0.060471,2.723833,-0.243360,-0.100085,2.738185,-0.233256,-0.322500,2.661654,0.015953,-0.269949,2.274155,0.166670,-0.050411,2.285870,0.073904,0.155287,2.336940,-0.203458,0.324542,2.681956,-0.040976,0.384190,2.427883,-0.295451,0.686674,2.455884,-0.498330,0.649639,2.715139,-0.491943,0.798437,2.389031,-0.500093,0.897056,2.654442
439,-0.296367,0.053782,2.722862,-0.237103,-0.100652,2.747565,-0.223339,-0.331037,2.658977,0.019445,-0.271575,2.276647,0.170344,-0.049066,2.285692,0.072337,0.150552,2.335359,-0.206348,0.323141,2.682193,-0.043173,0.383395,2.421364,-0.374255,0.663248,2.449996,-0.500885,0.655172,2.716773,-0.501415,0.820004,2.358583,-0.495455,0.908050,2.635853
440,-0.301909,0.051054,2.734694,-0.246073,-0.100260,2.761210,-0.227585,-0.333855,2.659268,0.020403,-0.277755,2.278970,0.171439,-0.047092,2.280406,0.070257,0.149513,2.332470,-0.219102,0.322969,2.690848,-0.053743,0.386967,2.434757,-0.409926,0.661035,2.485401,-0.489578,0.686975,2.716225,-0.545134,0.803911,2.369990,-0.474862,0.920766,2.668672
441,-0.291734,0.048634,2.721911,-0.242905,-0.102747,2.743616,-0.230988,-0.332379,2.660170,0.026371,-0.281645,2.278827,0.172645,-0.046914,2.282677,0.083185,0.151765,2.333203,-0.211467,0.338176,2.690824,-0.043229,0.395416,2.430876,-0.262236,0.727134,2.495145,-0.514111,0.672577,2.706084,-0.436179,0.860142,2.401583,-0.517989,0.922052,2.638369
442,-0.305441,0.056353,2.733164,-0.260022,-0.104995,2.743116,-0.236028,-0.339708,2.654844,0.023768,-0.290581,2.280751,0.166258,-0.043632,2.283262,0.080266,0.150052,2.329823,-0.222168,0.325238,2.686757,-0.043934,0.385906,2.429351,-0.235900,0.737514,2.500539,-0.490723,0.697692,2.720098,-0.406645,0.847130,2.384329,-0.500762,0.883013,2.636107
443,-0.303967,0.059607,2.736182,-0.245259,-0.110869,2.746491,-0.234422,-0.346344,2.650448,0.026496,-0.297592,2.284927,0.164568,-0.043671,2.281172,0.079534,0.148397,2.335748,-0.204684,0.316866,2.680268,-0.034756,0.376761,2.428069,-0.249242,0.617643,2.473371,-0.458558,0.647329,2.711102,-0.502254,0.761575,2.397351,-0.424415,0.853569,2.642451
444,-0.302811,0.055534,2.739157,-0.247040,-0.121628,2.757364,-0.227536,-0.355743,2.653658,0.025879,-0.305590,2.281518,0.170303,-0.042715,2.271664,0.078976,0.148473,2.325495,-0.209201,0.314701,2.670829,-0.040919,0.367572,2.416849,-0.257080,0.633155,2.451551,-0.451075,0.627286,2.708936,-0.517344,0.706625,2.330523,-0.386484,0.841559,2.643209
445,-0.300625,0.068361,2.741650,-0.227177,-0.111762,2.762995,-0.223744,-0.369855,2.647764,0.027377,-0.318862,2.275558,0.169575,-0.042234,2.263777,0.069737,0.150908,2.330145,-0.203687,0.301121,2.676381,-0.037521,0.352185,2.417979,-0.305084,0.646497,2.457576,-0.455957,0.642314,2.716696,-0.527665,0.690892,2.328413,-0.382732,0.853933,2.650055
446,-0.289583,0.068375,2.744408,-0.225575,-0.097473,2.764911,-0.231488,-0.363801,2.646605,0.033968,-0.321097,2.277263,0.172725,-0.041351,2.261214,0.071860,0.151194,2.325889,-0.210249,0.323152,2.666238,-0.033118,0.363487,2.411393,-0.250789,0.712201,2.499118,-0.483382,0.579108,2.656745,-0.469867,0.796442,2.352367,-0.485762,0.865835,2.626316
447,-0.300047,0.072149,2.748237,-0.228538,-0.115140,2.766499,-0.228228,-0.371904,2.641958,0.029813,-0.324701,2.273998,0.174609,-0.039446,2.248501,0.074995,0.151620,2.326497,-0.205794,0.309787,2.670850,-0.031714,0.356943,2.413250,-0.247011,0.683582,2.462815,-0.460285,0.564564,2.647836,-0.469940,0.778868,2.357236,-0.439549,0.867717,2.634606
448,-0.294767,0.044304,2.751931,-0.230131,-0.120721,2.766845,-0.221933,-0.378813,2.639506,0.029886,-0.325973,2.273654,0.173009,-0.039378,2.247392,0.067575,0.148464,2.328129,-0.201347,0.308397,2.667383,-0.032702,0.362144,2.411366,-0.270424,0.684501,2.472213,-0.443365,0.564074,2.651899,-0.514857,0.802028,2.365477,-0.425494,0.922632,2.665816
449,-0.290679,0.045730,2.751511,-0.236018,-0.122711,2.766329,-0.227812,-0.385908,2.636734,0.036201,-0.322697,2.272520,0.171990,-0.039337,2.254441,0.067225,0.145866,2.331377,-0.197155,0.307987,2.666538,-0.022382,0.355864,2.407150,-0.260743,0.656673,2.461866,-0.422127,0.567804,2.670102,-0.544694,0.745430,2.346472,-0.376759,0.931465,2.661819
450,-0.289163,0.048875,2.751655,-0.240687,-0.130316,2.764410,-0.229329,-0.386548,2.634624,0.033440,-0.321027,2.270193,0.170294,-0.038940,2.253144,0.063491,0.147920,2.334815,-0.203589,0.309324,2.666839,-0.020971,0.358943,2.410257,-0.199268,0.704942,2.491743,-0.487552,0.656428,2.726956,-0.414230,0.784967,2.363303,-0.451818,0.871509,2.633517
451,-0.285183,0.045852,2.748431,-0.238681,-0.129651,2.762991,-0.229018,-0.384362,2.636706,0.036230,-0.324039,2.266736,0.170385,-0.037025,2.246698,0.066532,0.154445,2.331394,-0.199325,0.307557,2.664083,-0.021193,0.352994,2.404666,-0.184120,0.705699,2.479525,-0.474891,0.659295,2.725346,-0.384686,0.784824,2.359732,-0.445697,0.846333,2.626354
452,-0.294816,0.055736,2.750282,-0.242641,-0.140670,2.761792,-0.234118,-0.385552,2.635354,0.037755,-0.326670,2.270432,0.165581,-0.040890,2.259851,0.065769,0.157541,2.333129,-0.209349,0.308146,2.667200,-0.020619,0.354174,2.407553,-0.144359,0.729925,2.485816,-0.467720,0.586984,2.651827,-0.309872,0.809904,2.360095,-0.448670,0.838207,2.638423
453,-0.289367,0.056193,2.740789,-0.241591,-0.131198,2.758390,-0.228812,-0.386642,2.636334,0.039175,-0.329712,2.274752,0.167864,-0.044865,2.257949,0.062475,0.154868,2.329355,-0.205562,0.303428,2.666480,-0.025421,0.353574,2.409056,-0.234444,0.662152,2.492968,-0.424774,0.596479,2.681197,-0.547908,0.734727,2.362092,-0.408614,0.910388,2.658682
454,-0.283651,0.056980,2.747468,-0.235309,-0.132259,2.764579,-0.229962,-0.383725,2.637211,0.037997,-0.326135,2.278027,0.166308,-0.053241,2.263279,0.073177,0.150456,2.329620,-0.208974,0.307226,2.674006,-0.029904,0.357988,2.420125,-0.233317,0.680346,2.480209,-0.438661,0.685069,2.721067,-0.539952,0.777817,2.371190,-0.399544,0.955939,2.671721
455,-0.288631,0.050515,2.748667,-0.232729,-0.136694,2.759180,-0.223452,-0.390147,2.628972,0.037875,-0.325061,2.274747,0.170611,-0.052170,2.261361,0.068484,0.149786,2.328157,-0.199959,0.303690,2.670923,-0.024468,0.363443,2.417055,-0.193735,0.709819,2.494135,-0.449591,0.578986,2.663535,-0.436274,0.819385,2.378883,-0.465385,0.873340,2.630704
456,-0.284239,0.064799,2.744309,-0.225307,-0.112551,2.764270,-0.223623,-0.388354,2.633069,0.043016,-0.325662,2.274967,0.171949,-0.044071,2.252692,0.070755,0.150444,2.319850,-0.204121,0.306055,2.663921,-0.027433,0.360361,2.415247,-0.243984,0.684658,2.477034,-0.430332,0.603630,2.670261,-0.543901,0.793373,2.375981,-0.447637,0.926435,2.646429
457,-0.285810,0.069136,2.747388,-0.226404,-0.108630,2.765760,-0.219500,-0.393102,2.634401,0.043242,-0.324272,2.269890,0.173307,-0.041221,2.253725,0.068522,0.150348,2.323251,-0.204219,0.309777,2.671222,-0.028770,0.361633,2.413877,-0.247957,0.705600,2.477280,-0.435828,0.608735,2.675196,-0.540180,0.831047,2.384762,-0.432162,0.973635,2.675202
458,-0.291008,0.060785,2.749239,-0.235280,-0.128780,2.764776,-0.226294,-0.399145,2.630134,0.038109,-0.333577,2.270979,0.164157,-0.042592,2.256363,0.068360,0.150513,2.321071,-0.209174,0.301520,2.672855,-0.034441,0.352450,2.417268,-0.216382,0.706849,2.475970,-0.444540,0.566578,2.673022,-0.503243,0.859445,2.405328,-0.441592,0.985499,2.703871
459,-0.289349,0.051884,2.747685,-0.241017,-0.140734,2.767681,-0.224848,-0.402199,2.637778,0.040161,-0.335801,2.266899,0.167069,-0.039347,2.247369,0.064747,0.154897,2.326873,-0.205122,0.296854,2.674877,-0.028914,0.352166,2.415269,-0.193264,0.754795,2.482936,-0.461448,0.599914,2.671430,-0.404335,0.917690,2.394410,-0.472819,0.951901,2.669632
460,-0.288912,0.054367,2.750195,-0.242016,-0.142009,2.766428,-0.231487,-0.406209,2.631639,0.040146,-0.341596,2.274697,0.163201,-0.040059,2.252783,0.069546,0.155990,2.327157,-0.206746,0.286814,2.668079,-0.029268,0.340738,2.414097,-0.226860,0.713396,2.486387,-0.444266,0.601834,2.695432,-0.491757,0.864127,2.393350,-0.455387,0.981712,2.706139
461,-0.291412,0.057204,2.748245,-0.248253,-0.148233,2.768199,-0.231385,-0.416466,2.629309,0.037572,-0.348917,2.268409,0.157151,-0.040104,2.249361,0.064772,0.158160,2.329560,-0.211459,0.286643,2.672612,-0.037209,0.337579,2.417026,-0.255037,0.726380,2.472978,-0.447479,0.626652,2.677051,-0.504544,0.895222,2.410469,-0.486195,0.984471,2.705461
462,-0.295594,0.058874,2.750587,-0.246033,-0.135019,2.773668,-0.232159,-0.414658,2.630221,0.031546,-0.363592,2.267533,0.148080,-0.043201,2.248549,0.059461,0.160201,2.332499,-0.217148,0.287222,2.680484,-0.038125,0.334082,2.420558,-0.227390,0.718538,2.508631,-0.454238,0.629977,2.697247,-0.461690,0.834816,2.387536,-0.464317,0.912455,2.668592
463,-0.294727,0.060240,2.746485,-0.251556,-0.131351,2.768075,-0.234628,-0.418611,2.632874,0.032119,-0.368259,2.263743,0.148134,-0.044629,2.251560,0.059502,0.163476,2.336317,-0.222639,0.279784,2.682417,-0.045292,0.329291,2.422080,-0.252794,0.638176,2.470989,-0.439294,0.577981,2.681834,-0.522551,0.701438,2.358226,-0.425409,0.910227,2.674630
464,-0.296304,0.056712,2.747927,-0.253983,-0.144096,2.768406,-0.234897,-0.435277,2.616847,0.031405,-0.375092,2.267061,0.143707,-0.049593,2.249193,0.059162,0.170696,2.332877,-0.233352,0.268289,2.676083,-0.054534,0.325628,2.431776,-0.289623,0.695625,2.464793,-0.451531,0.622937,2.696682,-0.604318,0.882215,2.460756,-0.459736,1.072276,2.775829
465,-0.295703,0.043425,2.745975,-0.248320,-0.178023,2.755043,-0.226016,-0.450046,2.613467,0.026970,-0.384342,2.266620,0.137394,-0.055308,2.256852,0.057977,0.173606,2.326505,-0.235635,0.267070,2.671067,-0.063509,0.327604,2.431326,-0.277364,0.736846,2.458925,-0.463265,0.674101,2.722748,-0.506436,0.965729,2.471087,-0.445240,1.039556,2.753926
466,-0.283786,0.033280,2.744635,-0.243011,-0.187090,2.756497,-0.221458,-0.453089,2.616102,0.027836,-0.391552,2.263808,0.132969,-0.069127,2.253865,0.053214,0.171470,2.331144,-0.235290,0.259705,2.666089,-0.058594,0.324639,2.427144,-0.302284,0.700108,2.459781,-0.465439,0.577687,2.661088,-0.549885,0.891021,2.459159,-0.455777,1.018296,2.736334
467,-0.286376,0.036405,2.748988,-0.243656,-0.179109,2.757136,-0.224489,-0.456011,2.623073,0.030228,-0.393746,2.267013,0.135761,-0.063578,2.249681,0.052267,0.178291,2.329345,-0.227810,0.262306,2.672982,-0.050699,0.320611,2.431637,-0.268893,0.645924,2.431551,-0.460494,0.588665,2.666632,-0.454256,0.933629,2.463020,-0.463031,0.963859,2.738500
468,-0.281348,0.044219,2.750428,-0.236149,-0.184896,2.753377,-0.215593,-0.471203,2.618005,0.028740,-0.404444,2.264701,0.129075,-0.074179,2.255481,0.054523,0.181637,2.328812,-0.227086,0.263735,2.668949,-0.051629,0.318425,2.424353,-0.296700,0.727575,2.464767,-0.475575,0.697702,2.726649,-0.466352,0.959520,2.494256,-0.447607,1.008278,2.758812
469,-0.288682,0.049743,2.746873,-0.240269,-0.185439,2.750434,-0.223304,-0.477017,2.617282,0.032756,-0.406810,2.264282,0.124907,-0.074595,2.254922,0.054574,0.183421,2.327204,-0.221590,0.253040,2.672352,-0.046204,0.303853,2.419315,-0.275349,0.671275,2.458411,-0.460366,0.662854,2.735839,-0.464740,0.725863,2.377923,-0.378237,0.883792,2.696152
470,-0.297158,0.048942,2.748441,-0.242997,-0.194884,2.754059,-0.221009,-0.485111,2.613820,0.033598,-0.419790,2.263112,0.117201,-0.087257,2.247548,0.056863,0.179428,2.326606,-0.224613,0.246094,2.663457,-0.053875,0.289874,2.422951,-0.291466,0.655443,2.464028,-0.473784,0.641343,2.728423,-0.471440,0.703497,2.383045,-0.378435,0.842222,2.672983
471,-0.296172,0.068436,2.748345,-0.237272,-0.167754,2.755280,-0.225135,-0.484461,2.615963,0.034463,-0.420626,2.259680,0.125998,-0.085702,2.246511,0.060092,0.173457,2.320811,-0.223798,0.255034,2.661670,-0.049234,0.296048,2.416705,-0.280376,0.677839,2.434194,-0.477439,0.657364,2.708630,-0.535351,0.801462,2.418824,-0.424571,0.936372,2.698116
472,-0.291472,0.045955,2.746709,-0.252215,-0.200284,2.751577,-0.217840,-0.495583,2.610407,0.033806,-0.426028,2.255481,0.116672,-0.086834,2.239551,0.055792,0.170962,2.321068,-0.227043,0.240949,2.659255,-0.059146,0.288994,2.413181,-0.275947,0.662125,2.445877,-0.450739,0.647128,2.714340,-0.524858,0.795216,2.421751,-0.374393,0.925899,2.697621
473,-0.293638,0.057682,2.749243,-0.239266,-0.191107,2.748031,-0.219804,-0.503499,2.611282,0.040733,-0.437890,2.261130,0.119580,-0.092175,2.249182,0.058803,0.170309,2.320639,-0.224718,0.249885,2.662549,-0.053129,0.293425,2.416346,-0.290289,0.696454,2.449798,-0.448138,0.614022,2.661062,-0.488947,0.800123,2.408348,-0.388370,0.920271,2.674882
474,-0.299115,0.049212,2.751214,-0.256550,-0.211871,2.747879,-0.221785,-0.525658,2.605629,0.043714,-0.441031,2.253175,0.116208,-0.095053,2.241469,0.054689,0.171571,2.323208,-0.227326,0.232831,2.660565,-0.058503,0.284916,2.416561,-0.270931,0.687750,2.457303,-0.438911,0.603162,2.657171,-0.499434,0.792830,2.424097,-0.343235,0.934017,2.701295
475,-0.282777,0.060620,2.747326,-0.251390,-0.205206,2.748245,-0.211721,-0.523734,2.609746,0.041920,-0.449493,2.252854,0.111189,-0.110480,2.248115,0.057813,0.171378,2.321655,-0.232092,0.244352,2.663855,-0.059788,0.295088,2.417463,-0.273596,0.729632,2.452496,-0.458394,0.629292,2.647973,-0.444741,0.830104,2.433146,-0.381333,0.917751,2.704288
476,-0.282282,0.052250,2.749435,-0.260076,-0.224814,2.744466,-0.215467,-0.527423,2.612102,0.042289,-0.459125,2.251409,0.107463,-0.111248,2.245831,0.057480,0.173517,2.321599,-0.235045,0.238622,2.663262,-0.049814,0.287492,2.417557,-0.258224,0.685607,2.450141,-0.430748,0.620465,2.653291,-0.507818,0.779965,2.413201,-0.344039,0.937571,2.706745
477,-0.295883,0.043631,2.746935,-0.268185,-0.236251,2.738214,-0.223914,-0.540537,2.614246,0.041756,-0.470595,2.249785,0.109638,-0.113536,2.252550,0.059847,0.170057,2.322778,-0.237930,0.235203,2.662732,-0.059096,0.282874,2.412079,-0.244068,0.726874,2.471950,-0.432858,0.637551,2.656862,-0.467347,0.936122,2.459356,-0.419852,1.016192,2.736832
478,-0.287799,0.039391,2.744432,-0.258023,-0.242564,2.737104,-0.214699,-0.546657,2.613251,0.042333,-0.474582,2.245215,0.101341,-0.110723,2.252527,0.060377,0.174858,2.317243,-0.232567,0.233124,2.663703,-0.051536,0.278226,2.417040,-0.284622,0.715120,2.456442,-0.435093,0.610781,2.662289,-0.501085,0.908425,2.469137,-0.390340,1.071367,2.743652
479,-0.296953,0.045953,2.748975,-0.263946,-0.226975,2.745393,-0.218115,-0.551967,2.615985,0.047184,-0.478221,2.241520,0.102557,-0.124135,2.244673,0.055548,0.172718,2.316297,-0.237158,0.217165,2.665040,-0.056769,0.267281,2.417901,-0.274775,0.669405,2.424484,-0.452742,0.606452,2.667481,-0.501115,0.893971,2.464452,-0.393277,1.045588,2.760733
480,-0.308168,0.039304,2.744596,-0.276615,-0.228164,2.744895,-0.225113,-0.562000,2.612488,0.057870,-0.474466,2.241259,0.106367,-0.104716,2.245369,0.061597,0.170711,2.311255,-0.232957,0.214723,2.662877,-0.049954,0.264398,2.418497,-0.279775,0.706856,2.493790,-0.434977,0.621489,2.670558,-0.476822,0.857658,2.442147,-0.422947,0.979957,2.704156
481,-0.319315,0.040753,2.743367,-0.284896,-0.230234,2.743365,-0.226035,-0.570129,2.616534,0.053544,-0.485115,2.241421,0.106342,-0.112914,2.248837,0.063295,0.175650,2.315975,-0.245118,0.203073,2.660987,-0.052984,0.255613,2.423423,-0.293799,0.723917,2.487324,-0.459138,0.623742,2.661772,-0.479986,0.894155,2.485730,-0.445414,0.982933,2.738886
482,-0.302429,0.032927,2.744200,-0.267496,-0.236148,2.737107,-0.221189,-0.575548,2.614057,0.052034,-0.489806,2.236880,0.100730,-0.118459,2.247341,0.062724,0.176381,2.314576,-0.245127,0.201712,2.663569,-0.064707,0.254530,2.422842,-0.314282,0.692256,2.487982,-0.447470,0.619719,2.678416,-0.502357,0.842938,2.487836,-0.416916,1.030968,2.741698
483,-0.310329,0.061304,2.750029,-0.269446,-0.237249,2.733144,-0.219971,-0.580534,2.615734,0.052838,-0.496011,2.231872,0.096874,-0.116914,2.243777,0.061980,0.180468,2.317578,-0.244431,0.204926,2.667065,-0.060241,0.255319,2.423117,-0.266924,0.694326,2.495453,-0.430028,0.611937,2.668263,-0.495603,0.799780,2.433126,-0.364028,1.036600,2.735357
484,-0.307649,0.034019,2.747658,-0.274079,-0.246495,2.730541,-0.221767,-0.590754,2.615095,0.054921,-0.501886,2.229028,0.093088,-0.120121,2.244447,0.061516,0.178044,2.315300,-0.250473,0.197329,2.666716,-0.063826,0.246909,2.423137,-0.280371,0.698140,2.496978,-0.442941,0.612686,2.661049,-0.509114,0.917422,2.471833,-0.404493,1.060629,2.748377
485,-0.304047,0.055180,2.750040,-0.268068,-0.243578,2.726945,-0.220206,-0.590912,2.613143,0.057139,-0.500782,2.225689,0.093556,-0.122720,2.242980,0.061819,0.177964,2.313789,-0.250712,0.196419,2.664981,-0.065495,0.244945,2.420059,-0.284746,0.696537,2.488287,-0.443746,0.613279,2.655518,-0.487547,0.919046,2.477322,-0.421809,1.070724,2.741067
486,-0.304703,0.044487,2.743941,-0.271719,-0.253600,2.722419,-0.215176,-0.597781,2.609177,0.058382,-0.503890,2.226711,0.090034,-0.123823,2.245521,0.062079,0.173119,2.310691,-0.249265,0.185624,2.660993,-0.069393,0.237491,2.419987,-0.264195,0.619657,2.427789,-0.448479,0.696472,2.709185,-0.498729,0.868656,2.497605,-0.377176,1.080759,2.764442
487,-0.311059,0.049755,2.744744,-0.282463,-0.256021,2.723758,-0.218223,-0.606116,2.608070,0.058954,-0.512080,2.225225,0.092516,-0.123176,2.250867,0.061500,0.175141,2.318525,-0.244507,0.183054,2.662156,-0.067137,0.233008,2.422152,-0.276012,0.687788,2.505637,-0.414281,0.587083,2.669352,-0.512886,0.850028,2.496517,-0.376775,1.065936,2.764154
488,-0.310751,0.041466,2.746859,-0.277543,-0.253278,2.722006,-0.225292,-0.608338,2.608324,0.060183,-0.517237,2.222598,0.088881,-0.124370,2.245461,0.058235,0.174985,2.314764,-0.248823,0.183405,2.662573,-0.070114,0.229759,2.419109,-0.265454,0.720803,2.496199,-0.431791,0.607442,2.673707,-0.444680,0.976973,2.528553,-0.379329,1.069541,2.787747
489,-0.317932,0.051441,2.753907,-0.281142,-0.256750,2.718458,-0.231674,-0.615225,2.608742,0.058475,-0.520525,2.216042,0.080169,-0.118782,2.247425,0.053448,0.177496,2.311308,-0.251627,0.175343,2.665273,-0.069122,0.221996,2.417023,-0.271780,0.704054,2.495250,-0.432418,0.607903,2.679396,-0.424670,1.019500,2.517656,-0.404431,1.065227,2.762006
490,-0.316624,0.052515,2.753186,-0.279892,-0.251880,2.727645,-0.233636,-0.616319,2.609180,0.062759,-0.525687,2.214647,0.083212,-0.124161,2.247561,0.057564,0.182756,2.318203,-0.244201,0.169210,2.658534,-0.054982,0.216996,2.414225,-0.236401,0.647343,2.435748,-0.444823,0.679385,2.710110,-0.452112,0.929621,2.509912,-0.371637,1.058547,2.773247
491,-0.318475,0.047911,2.749724,-0.296778,-0.257056,2.724278,-0.239999,-0.611942,2.607554,0.066087,-0.524462,2.210397,0.077500,-0.126817,2.243320,0.059929,0.173754,2.316198,-0.242766,0.168973,2.653879,-0.055819,0.218207,2.409114,-0.259563,0.680711,2.502291,-0.413807,0.586941,2.680834,-0.490547,0.949088,2.515466,-0.344569,1.111264,2.800148
492,-0.317478,0.056852,2.748847,-0.296396,-0.246780,2.722327,-0.241660,-0.611376,2.608968,0.062836,-0.529017,2.212510,0.084524,-0.130057,2.226775,0.055674,0.167436,2.314989,-0.238130,0.159271,2.652103,-0.038822,0.208403,2.405051,-0.250133,0.694070,2.503144,-0.439075,0.578133,2.679180,-0.442104,0.971320,2.524848,-0.366146,1.023401,2.793043
493,-0.324206,0.059056,2.754090,-0.282204,-0.250358,2.722182,-0.239776,-0.612677,2.606913,0.063102,-0.527057,2.216195,0.083653,-0.130714,2.229853,0.054079,0.167148,2.311450,-0.242259,0.164241,2.652349,-0.047206,0.216121,2.406441,-0.238807,0.668356,2.426806,-0.442838,0.577874,2.689953,-0.397117,1.019095,2.533422,-0.441596,1.042380,2.803473
494,-0.322207,0.037119,2.745320,-0.292562,-0.258392,2.725199,-0.243641,-0.615348,2.608172,0.062743,-0.527345,2.216262,0.087072,-0.130107,2.227419,0.058911,0.167227,2.314397,-0.244251,0.162055,2.651734,-0.044198,0.214741,2.402105,-0.252577,0.713202,2.489956,-0.443736,0.599137,2.681061,-0.390277,1.011423,2.546808,-0.439094,1.025821,2.784769
495,-0.329227,0.039981,2.747089,-0.301252,-0.250250,2.719513,-0.246144,-0.613870,2.608052,0.061403,-0.525360,2.215790,0.085417,-0.121856,2.239079,0.056125,0.179397,2.320932,-0.246207,0.172760,2.654240,-0.050327,0.220544,2.408654,-0.277536,0.696660,2.494755,-0.431508,0.593291,2.687690,-0.424138,0.990780,2.521475,-0.375841,1.054888,2.805106
496,-0.341474,0.044033,2.743175,-0.309078,-0.264732,2.722383,-0.248531,-0.619007,2.608981,0.060893,-0.524176,2.208709,0.083437,-0.120829,2.238063,0.058593,0.179102,2.307408,-0.254914,0.167938,2.656824,-0.064434,0.220641,2.405833,-0.265220,0.727648,2.491095,-0.439997,0.631822,2.670917,-0.445017,0.947183,2.516020,-0.390810,1.035315,2.778807
497,-0.339256,0.027926,2.739688,-0.294902,-0.287597,2.718122,-0.245213,-0.624296,2.602772,0.059029,-0.528478,2.214105,0.079204,-0.127761,2.239159,0.060972,0.175429,2.308428,-0.253329,0.155756,2.653293,-0.064806,0.211861,2.401453,-0.254221,0.637197,2.413660,-0.426148,0.604049,2.657688,-0.492171,0.881256,2.485240,-0.351893,1.063752,2.767069
498,-0.335078,0.034372,2.739434,-0.285924,-0.278962,2.719567,-0.243387,-0.620038,2.603707,0.058394,-0.526697,2.216004,0.084337,-0.126453,2.239638,0.057664,0.180507,2.315387,-0.254109,0.166114,2.656696,-0.067680,0.211873,2.399733,-0.253104,0.639855,2.416591,-0.431213,0.596027,2.668488,-0.439464,0.948724,2.481939,-0.377756,1.030410,2.778952
499,-0.335075,0.023860,2.739642,-0.282554,-0.280906,2.722089,-0.246496,-0.618945,2.605604,0.056506,-0.524730,2.219318,0.078873,-0.124381,2.241875,0.058931,0.176455,2.315495,-0.255627,0.164845,2.658272,-0.067604,0.212579,2.404072,-0.270269,0.692955,2.507233,-0.424825,0.574953,2.674028,-0.448191,0.933798,2.484748,-0.362890,1.058690,2.784122
500,-0.333772,0.035973,2.742820,-0.287940,-0.282287,2.721490,-0.246754,-0.617601,2.607156,0.056560,-0.523165,2.218211,0.079917,-0.121936,2.241557,0.057554,0.178505,2.311455,-0.253447,0.166984,2.658195,-0.061008,0.217201,2.402742,-0.233971,0.655202,2.419049,-0.409790,0.598080,2.671209,-0.459477,0.914129,2.494191,-0.348248,1.064593,2.781592
501,-0.313424,0.017889,2.742436,-0.267143,-0.280816,2.723476,-0.245052,-0.614483,2.605388,0.053478,-0.521844,2.211840,0.075550,-0.122623,2.246973,0.057450,0.176491,2.319821,-0.252874,0.171594,2.661592,-0.071880,0.217602,2.408718,-0.272232,0.629252,2.426858,-0.411997,0.587150,2.673640,-0.472362,0.874933,2.496399,-0.321996,1.061732,2.782206
502,-0.343422,0.017308,2.739914,-0.288175,-0.270699,2.727329,-0.245436,-0.611556,2.614129,0.056347,-0.525442,2.213302,0.078890,-0.129411,2.239786,0.054635,0.182600,2.315226,-0.251197,0.175700,2.660019,-0.066990,0.224147,2.404014,-0.237858,0.674940,2.430552,-0.428968,0.612255,2.673316,-0.422459,0.943571,2.506812,-0.356055,1.019004,2.779141
503,-0.346991,0.012309,2.740705,-0.298744,-0.268488,2.732784,-0.251337,-0.612471,2.614380,0.054187,-0.521305,2.212691,0.081673,-0.122297,2.237252,0.060807,0.179605,2.316339,-0.255875,0.183038,2.666146,-0.068102,0.232605,2.408108,-0.257562,0.667740,2.432412,-0.442512,0.629164,2.685709,-0.437691,0.900612,2.480180,-0.356361,1.004878,2.765388
504,-0.313550,-0.030099,2.739370,-0.285023,-0.284890,2.733043,-0.248525,-0.606254,2.615729,0.051707,-0.511150,2.214536,0.074865,-0.112495,2.231536,0.050286,0.183666,2.310770,-0.255297,0.179466,2.662005,-0.068356,0.233301,2.410861,-0.258228,0.732004,2.516898,-0.447674,0.613318,2.672412,-0.333950,0.928495,2.466507,-0.348265,0.959281,2.752051
505,-0.328649,-0.019009,2.739774,-0.285751,-0.283264,2.733446,-0.247732,-0.600283,2.613620,0.054013,-0.510927,2.212407,0.080684,-0.123200,2.232260,0.059019,0.176640,2.314139,-0.261447,0.180368,2.656713,-0.073524,0.233456,2.401798,-0.255306,0.725313,2.480428,-0.441626,0.628475,2.669367,-0.363996,0.974373,2.478569,-0.409494,0.983768,2.736027
506,-0.281627,0.014787,2.741518,-0.265471,-0.273801,2.733215,-0.241428,-0.602213,2.613679,0.052091,-0.499700,2.219323,0.080153,-0.106711,2.230363,0.053161,0.176350,2.312313,-0.254486,0.188509,2.663490,-0.069198,0.240043,2.414930,-0.280688,0.730220,2.516389,-0.424577,0.606861,2.678185,-0.383033,0.890495,2.466588,-0.290332,1.016969,2.769370
507,-0.308262,0.040861,2.747652,-0.279516,-0.254197,2.744593,-0.252535,-0.594248,2.612287,0.049337,-0.504400,2.217068,0.091671,-0.111714,2.221487,0.062292,0.178397,2.304043,-0.252479,0.189358,2.661354,-0.066561,0.243882,2.410671,-0.278870,0.690500,2.494371,-0.418100,0.594223,2.667705,-0.410936,0.795387,2.437878,-0.312786,0.959002,2.739023
508,-0.316694,-0.003507,2.742859,-0.299990,-0.280563,2.740492,-0.246598,-0.594817,2.611377,0.044238,-0.495265,2.214178,0.093415,-0.108311,2.221076,0.065880,0.170053,2.310105,-0.255301,0.188609,2.661813,-0.069318,0.241090,2.406452,-0.257875,0.659806,2.502889,-0.420419,0.622620,2.667540,-0.490773,0.738786,2.445356,-0.287908,0.982945,2.742672
509,-0.302869,0.002799,2.731777,-0.285167,-0.272879,2.743953,-0.251037,-0.591788,2.612369,0.045996,-0.489203,2.217036,0.092293,-0.105166,2.219048,0.064625,0.166842,2.318770,-0.264526,0.191730,2.662938,-0.078921,0.248181,2.409748,-0.298322,0.658137,2.484722,-0.443447,0.624322,2.655771,-0.491554,0.791354,2.444075,-0.329041,0.981711,2.709088
510,-0.327384,0.019268,2.734530,-0.302233,-0.267267,2.748637,-0.250323,-0.590629,2.611814,0.047221,-0.481706,2.215609,0.096652,-0.095004,2.206252,0.063209,0.166056,2.318387,-0.259411,0.195993,2.665000,-0.077046,0.252083,2.406017,-0.270314,0.665633,2.487553,-0.436731,0.615130,2.667984,-0.415220,0.737085,2.386177,-0.322946,0.830243,2.645266
511,-0.317894,-0.004237,2.733128,-0.298638,-0.264944,2.749533,-0.249348,-0.577099,2.610823,0.045976,-0.474520,2.221538,0.095252,-0.095231,2.208512,0.062919,0.164697,2.313199,-0.260284,0.204373,2.668337,-0.075473,0.261287,2.411091,-0.278001,0.696468,2.502529,-0.453801,0.630669,2.691294,-0.400429,0.795318,2.430523,-0.347523,0.876683,2.703761
512,-0.312351,0.056246,2.739160,-0.300845,-0.236789,2.757693,-0.251124,-0.563890,2.614822,0.042605,-0.471089,2.223571,0.093795,-0.093590,2.203707,0.063520,0.165212,2.320352,-0.262389,0.209558,2.671108,-0.074365,0.268084,2.410282,-0.277572,0.701425,2.486145,-0.475217,0.634824,2.674167,-0.368298,0.829565,2.418793,-0.426545,0.827595,2.655407
513,-0.330217,0.033248,2.740310,-0.312341,-0.235747,2.769804,-0.257131,-0.542375,2.614532,0.041661,-0.452503,2.233194,0.100804,-0.076957,2.216740,0.056289,0.170335,2.310741,-0.266486,0.231472,2.666901,-0.067873,0.290093,2.413881,-0.261817,0.654110,2.435573,-0.496628,0.628400,2.670888,-0.350417,0.821134,2.401743,-0.427979,0.817367,2.662282
514,-0.330151,0.024863,2.748023,-0.320306,-0.229116,2.780223,-0.262283,-0.519949,2.618082,0.036996,-0.434299,2.232028,0.106385,-0.065953,2.223525,0.063395,0.173475,2.310961,-0.270525,0.248763,2.670125,-0.070711,0.309253,2.414900,-0.264093,0.718351,2.487112,-0.508990,0.653042,2.681593,-0.363539,0.978396,2.445750,-0.478505,0.956677,2.705973
515,-0.319468,0.043730,2.749447,-0.314761,-0.212814,2.778402,-0.266331,-0.498177,2.622122,0.037449,-0.413394,2.236288,0.114261,-0.058686,2.215782,0.058938,0.176091,2.316767,-0.268575,0.261398,2.672998,-0.068777,0.323095,2.412135,-0.240204,0.765394,2.483140,-0.507631,0.666025,2.682544,-0.373605,1.066325,2.497560,-0.467561,1.119200,2.754163
516,-0.332235,0.021336,2.743230,-0.308920,-0.210090,2.775964,-0.262785,-0.475474,2.620549,0.036281,-0.394743,2.241171,0.122787,-0.040492,2.218999,0.063842,0.173116,2.315974,-0.258824,0.268137,2.673735,-0.060825,0.332938,2.421720,-0.318286,0.773078,2.490345,-0.513702,0.648548,2.685814,-0.450473,1.102707,2.519808,-0.453184,1.152796,2.772856
517,-0.330677,0.061030,2.740408,-0.288585,-0.168757,2.783958,-0.261033,-0.454404,2.626209,0.034156,-0.364591,2.240361,0.140488,-0.026347,2.222502,0.058501,0.173068,2.322596,-0.263389,0.271791,2.675738,-0.087307,0.345896,2.418117,-0.282091,0.771045,2.477124,-0.504531,0.638710,2.687759,-0.400857,1.103918,2.497071,-0.514651,1.074339,2.755587
518,-0.320444,0.068261,2.747080,-0.305041,-0.177454,2.775493,-0.260350,-0.450094,2.630537,0.035734,-0.368326,2.238124,0.130160,-0.033873,2.228358,0.058279,0.163211,2.320797,-0.256283,0.285055,2.668829,-0.059158,0.346395,2.415317,-0.275839,0.790292,2.482128,-0.502430,0.659887,2.690876,-0.460532,1.106392,2.514920,-0.452961,1.158630,2.774758
519,-0.327015,0.086458,2.748279,-0.284560,-0.148439,2.773649,-0.260928,-0.430126,2.631372,0.035111,-0.346933,2.243771,0.148702,-0.019675,2.218577,0.056575,0.165214,2.310807,-0.252682,0.310832,2.673748,-0.060326,0.369847,2.421121,-0.237970,0.830195,2.494050,-0.519272,0.733232,2.707700,-0.349729,1.163934,2.539468,-0.471024,1.144185,2.742286
520,-0.320226,0.072303,2.739449,-0.270924,-0.154428,2.772651,-0.258350,-0.378810,2.641698,0.021559,-0.308732,2.253350,0.159932,-0.014079,2.225863,0.064530,0.161196,2.306870,-0.240497,0.330502,2.677159,-0.055468,0.389163,2.417743,-0.252126,0.788070,2.478804,-0.518058,0.734631,2.707533,-0.429395,1.057466,2.489951,-0.474724,1.078115,2.736234
521,-0.324164,0.062591,2.734108,-0.277964,-0.144689,2.766571,-0.266762,-0.372581,2.647858,0.027798,-0.297222,2.253615,0.163735,-0.015981,2.230089,0.060356,0.158671,2.317358,-0.242155,0.329425,2.680698,-0.058698,0.390755,2.419164,-0.292726,0.758830,2.481935,-0.520892,0.730732,2.717625,-0.578116,0.968516,2.492980,-0.394642,1.135319,2.773491
522,-0.322590,0.068337,2.731590,-0.274929,-0.130993,2.757038,-0.263625,-0.350875,2.653115,0.020781,-0.284294,2.264663,0.165449,-0.020436,2.253381,0.057718,0.157137,2.323399,-0.242098,0.338455,2.677303,-0.059943,0.399097,2.416806,-0.338456,0.721991,2.480375,-0.512594,0.717259,2.708903,-0.661878,0.947934,2.479695,-0.420184,1.193104,2.777910
523,-0.324099,0.058387,2.736138,-0.262596,-0.141198,2.758216,-0.261616,-0.348248,2.649480,0.018342,-0.273100,2.262011,0.174254,-0.031012,2.269381,0.068953,0.152953,2.327970,-0.247741,0.337154,2.687177,-0.068277,0.401063,2.426056,-0.334662,0.732860,2.489906,-0.499257,0.663089,2.685513,-0.633989,0.922954,2.490673,-0.398321,1.134142,2.774913
524,-0.312953,0.050523,2.725052,-0.260755,-0.143610,2.751302,-0.262472,-0.355533,2.653339,0.019542,-0.272826,2.256833,0.168690,-0.036767,2.282189,0.069941,0.156735,2.322963,-0.248124,0.319113,2.683240,-0.072884,0.390143,2.430700,-0.408189,0.693802,2.489059,-0.503324,0.637520,2.685242,-0.545693,0.951781,2.503890,-0.484944,1.049004,2.762431
525,-0.316360,0.071877,2.729631,-0.259039,-0.116521,2.748454,-0.263539,-0.335447,2.652107,0.023822,-0.277695,2.262637,0.170268,-0.052300,2.279073,0.068497,0.156236,2.320768,-0.245615,0.335429,2.673662,-0.064364,0.395805,2.431850,-0.306415,0.757905,2.490589,-0.500399,0.645460,2.687960,-0.473209,1.017903,2.496979,-0.511218,1.066621,2.728035
526,-0.298776,0.071037,2.717744,-0.235354,-0.105687,2.736808,-0.259777,-0.332534,2.654507,0.031450,-0.275576,2.257693,0.172443,-0.062031,2.270871,0.074761,0.154296,2.323786,-0.236046,0.332446,2.676607,-0.049621,0.394018,2.422442,-0.279992,0.734822,2.503918,-0.478524,0.623956,2.669511,-0.544279,0.944711,2.471469,-0.505048,1.075958,2.727368
527,-0.292020,0.078929,2.719220,-0.224716,-0.090469,2.738267,-0.250564,-0.329534,2.656627,0.034332,-0.273514,2.254107,0.172678,-0.053231,2.264622,0.082019,0.157366,2.329647,-0.226909,0.341866,2.678113,-0.045988,0.399123,2.420494,-0.364199,0.672489,2.473214,-0.493281,0.702700,2.703300,-0.611424,0.874510,2.433952,-0.468979,1.091435,2.722927
528,-0.290829,0.071542,2.731659,-0.217137,-0.088482,2.734704,-0.245983,-0.335599,2.656809,0.032182,-0.280298,2.259725,0.178979,-0.049143,2.263816,0.082052,0.151661,2.328508,-0.218288,0.331374,2.675342,-0.040076,0.383041,2.420748,-0.271051,0.720430,2.496669,-0.479857,0.706486,2.708498,-0.548229,0.921537,2.468932,-0.479231,1.081663,2.721280
529,-0.293509,0.059494,2.728959,-0.222965,-0.101539,2.743189,-0.249936,-0.333610,2.662328,0.038688,-0.279681,2.262369,0.180057,-0.048409,2.274692,0.083924,0.140611,2.333508,-0.214852,0.337438,2.681177,-0.032172,0.383340,2.422529,-0.234220,0.687547,2.477698,-0.465908,0.688013,2.712417,-0.530168,0.844596,2.419248,-0.430537,1.015822,2.686296
530,-0.292523,0.056551,2.734179,-0.224576,-0.105196,2.743916,-0.247344,-0.336627,2.657584,0.039127,-0.278167,2.263310,0.177227,-0.044895,2.274252,0.083004,0.141799,2.325658,-0.210712,0.337872,2.677785,-0.027310,0.382686,2.423930,-0.216086,0.721424,2.506042,-0.461555,0.700460,2.710413,-0.522297,0.923798,2.482499,-0.441726,1.060026,2.723292
531,-0.286579,0.064852,2.734554,-0.224608,-0.112877,2.744565,-0.243378,-0.339160,2.656546,0.037461,-0.286692,2.265556,0.177995,-0.044014,2.263547,0.088027,0.140079,2.334862,-0.216793,0.335629,2.679155,-0.037899,0.379301,2.420663,-0.255241,0.691082,2.486841,-0.465956,0.695506,2.704044,-0.512807,0.866842,2.390007,-0.428116,1.007949,2.678927
532,-0.289951,0.071308,2.736755,-0.229006,-0.116543,2.747536,-0.244388,-0.341045,2.656078,0.039107,-0.285353,2.262787,0.178025,-0.045700,2.266755,0.088321,0.138649,2.325620,-0.214340,0.331038,2.682416,-0.037911,0.383646,2.425854,-0.227760,0.697550,2.491780,-0.463882,0.688099,2.712863,-0.480027,0.843055,2.383345,-0.433616,0.948177,2.678355
533,-0.289691,0.088002,2.733016,-0.226796,-0.086465,2.740031,-0.240541,-0.328151,2.658599,0.041741,-0.280621,2.258452,0.177999,-0.039474,2.275143,0.088565,0.149019,2.334473,-0.219362,0.345617,2.686383,-0.033978,0.394905,2.429199,-0.231921,0.744100,2.505291,-0.521012,0.665254,2.696293,-0.489570,0.943216,2.454622,-0.531711,1.034790,2.702724
534,-0.291888,0.080475,2.726717,-0.225791,-0.087102,2.736580,-0.240400,-0.329943,2.653939,0.041750,-0.288942,2.260607,0.175812,-0.038185,2.281373,0.094494,0.141636,2.330186,-0.216712,0.348961,2.676207,-0.028675,0.395816,2.419784,-0.136126,0.755812,2.494716,-0.523506,0.665631,2.691757,-0.357073,0.948445,2.395161,-0.505636,0.945855,2.649025
535,-0.296651,0.075318,2.736956,-0.230492,-0.094137,2.747024,-0.242984,-0.337477,2.656306,0.040705,-0.289111,2.259018,0.175409,-0.038673,2.289716,0.094078,0.149163,2.338815,-0.212552,0.340054,2.686678,-0.025538,0.389514,2.430047,-0.147382,0.751937,2.499998,-0.496658,0.678432,2.704984,-0.391918,0.889599,2.415638,-0.427305,0.967586,2.687286
536,-0.293148,0.074479,2.733896,-0.226123,-0.076490,2.746277,-0.238714,-0.337204,2.661326,0.043183,-0.290218,2.261642,0.172564,-0.037738,2.298707,0.092255,0.152132,2.340161,-0.205485,0.345344,2.684422,-0.030048,0.390511,2.427179,-0.186170,0.729238,2.502317,-0.507267,0.673687,2.706832,-0.419685,0.893897,2.451319,-0.473716,0.951373,2.681416
537,-0.291423,0.075887,2.734669,-0.224944,-0.090234,2.751192,-0.237763,-0.339704,2.656285,0.042310,-0.286128,2.257633,0.174026,-0.035467,2.277849,0.092135,0.151313,2.333972,-0.193507,0.349106,2.686214,-0.016759,0.395141,2.431735,-0.096326,0.779407,2.495347,-0.495071,0.672238,2.697300,-0.297653,0.939943,2.460640,-0.439962,0.991595,2.702542
538,-0.286791,0.073690,2.732783,-0.228707,-0.099241,2.750318,-0.236994,-0.350266,2.655663,0.044379,-0.292821,2.268689,0.177606,-0.036206,2.284539,0.085458,0.145748,2.334757,-0.213208,0.333471,2.686505,-0.031571,0.388405,2.433346,-0.201773,0.732246,2.524183,-0.502044,0.678111,2.708276,-0.443671,0.937707,2.477516,-0.506020,0.989589,2.696514
539,-0.290978,0.088250,2.728295,-0.223969,-0.081057,2.746749,-0.238161,-0.346083,2.658193,0.045817,-0.293152,2.265793,0.183899,-0.034114,2.290890,0.088408,0.149698,2.338996,-0.208843,0.345493,2.686225,-0.027420,0.395500,2.429268,-0.192354,0.778349,2.520896,-0.500063,0.701806,2.710747,-0.389357,0.952242,2.448624,-0.491839,0.959132,2.674226
540,-0.287829,0.090658,2.731026,-0.230719,-0.084347,2.742262,-0.242945,-0.347823,2.659771,0.045779,-0.295491,2.265586,0.178830,-0.033899,2.293028,0.083535,0.144913,2.337475,-0.215092,0.340554,2.686601,-0.030388,0.396688,2.431652,-0.192734,0.782618,2.537387,-0.488933,0.714797,2.707885,-0.429917,0.991966,2.499875,-0.502164,1.041932,2.726053
541,-0.294439,0.077918,2.747920,-0.229187,-0.079495,2.762856,-0.249935,-0.346489,2.656647,0.044100,-0.303277,2.264652,0.172367,-0.036176,2.288070,0.078087,0.147733,2.339775,-0.220673,0.333240,2.689571,-0.035262,0.389944,2.434908,-0.245753,0.749177,2.520578,-0.518480,0.674712,2.697928,-0.457088,0.963984,2.473181,-0.493464,1.017882,2.708426
542,-0.301631,0.073066,2.745995,-0.239146,-0.097781,2.757281,-0.247328,-0.356493,2.653248,0.038722,-0.310253,2.271798,0.170687,-0.042810,2.283108,0.077010,0.148378,2.340362,-0.232385,0.327351,2.693699,-0.048956,0.390954,2.439173,-0.227519,0.757069,2.512875,-0.499996,0.702683,2.713964,-0.401397,0.937748,2.452618,-0.503030,0.951477,2.693544
543,-0.306323,0.067180,2.747765,-0.239089,-0.106905,2.764821,-0.250955,-0.359420,2.645652,0.039346,-0.310253,2.274605,0.173216,-0.047561,2.282341,0.071649,0.147139,2.330572,-0.235195,0.328229,2.687342,-0.047722,0.394051,2.438443,-0.253248,0.752115,2.520857,-0.497254,0.706846,2.717861,-0.494258,0.936992,2.490314,-0.474169,1.012526,2.730049
544,-0.307749,0.061476,2.753090,-0.244558,-0.103572,2.774995,-0.251777,-0.358636,2.645370,0.034639,-0.313640,2.277285,0.170583,-0.051073,2.283218,0.070340,0.146571,2.338670,-0.237878,0.328010,2.697643,-0.054487,0.392457,2.451485,-0.243996,0.788992,2.534475,-0.504023,0.707631,2.716699,-0.461346,1.016770,2.524673,-0.503768,1.076966,2.747233
545,-0.312729,0.056208,2.753852,-0.255979,-0.112651,2.779431,-0.258704,-0.361249,2.646098,0.035949,-0.315212,2.274482,0.165458,-0.048764,2.281325,0.065961,0.144737,2.336075,-0.237358,0.341740,2.693334,-0.041962,0.402888,2.442943,-0.192468,0.838275,2.531611,-0.504640,0.733286,2.717501,-0.367615,1.080496,2.539519,-0.496165,1.089094,2.758923
546,-0.317897,0.051676,2.747170,-0.256671,-0.108995,2.772337,-0.256932,-0.362354,2.644278,0.030899,-0.322012,2.274003,0.161962,-0.049238,2.269304,0.067091,0.145656,2.327492,-0.242646,0.324841,2.696399,-0.051631,0.387390,2.442661,-0.200287,0.781750,2.522712,-0.503539,0.699476,2.709676,-0.398652,1.032572,2.497461,-0.519055,1.073506,2.745782
547,-0.314093,0.059579,2.738700,-0.257329,-0.114284,2.774107,-0.260655,-0.370209,2.647122,0.027036,-0.327133,2.272333,0.162972,-0.059741,2.276094,0.071356,0.145749,2.324098,-0.243865,0.319433,2.695950,-0.054331,0.387100,2.441746,-0.224194,0.756880,2.518792,-0.501883,0.705715,2.706604,-0.425463,0.949342,2.482977,-0.495809,0.990982,2.720089
548,-0.316793,0.063372,2.745494,-0.263794,-0.134270,2.781917,-0.264695,-0.386517,2.644701,0.028110,-0.331098,2.269337,0.162885,-0.057413,2.257021,0.067502,0.145114,2.332836,-0.247266,0.301946,2.690732,-0.064061,0.371691,2.444512,-0.292953,0.746227,2.507378,-0.500962,0.700318,2.704605,-0.502480,0.911523,2.499082,-0.490068,0.963091,2.765868
549,-0.319777,0.070268,2.753287,-0.262710,-0.121102,2.768744,-0.265265,-0.384329,2.643095,0.028477,-0.336494,2.272247,0.157819,-0.041775,2.255595,0.066930,0.145259,2.325259,-0.242252,0.317225,2.689484,-0.055792,0.376783,2.447414,-0.259267,0.735270,2.517801,-0.476194,0.690262,2.710961,-0.522703,0.882585,2.471175,-0.468800,1.010232,2.734221
550,-0.325607,0.066109,2.744838,-0.266528,-0.127135,2.773241,-0.262930,-0.406185,2.636341,0.017467,-0.350280,2.275523,0.149332,-0.045474,2.266041,0.060370,0.148507,2.331284,-0.246537,0.289275,2.688009,-0.067074,0.347788,2.447635,-0.287743,0.745089,2.499070,-0.496257,0.695543,2.702222,-0.508918,0.903247,2.475065,-0.461594,1.000447,2.752501
551,-0.311630,0.058096,2.739621,-0.266064,-0.151502,2.760821,-0.262465,-0.415437,2.634292,0.018525,-0.357299,2.267457,0.147603,-0.053546,2.266572,0.058732,0.154903,2.331492,-0.249817,0.284899,2.687557,-0.062178,0.347617,2.442204,-0.292746,0.679397,2.492605,-0.473775,0.673969,2.729019,-0.573975,0.775683,2.424708,-0.447469,1.042855,2.731782
552,-0.315751,0.055161,2.748856,-0.269267,-0.168189,2.761466,-0.265975,-0.430919,2.628695,0.019084,-0.362612,2.265077,0.145030,-0.062038,2.266468,0.062635,0.155665,2.331306,-0.252506,0.279452,2.679824,-0.067643,0.345170,2.440540,-0.296898,0.705466,2.499568,-0.482732,0.699059,2.735506,-0.616929,0.863390,2.472471,-0.442862,1.106714,2.776812
553,-0.312470,0.053244,2.752332,-0.269461,-0.163494,2.761251,-0.262234,-0.448284,2.623001,0.016799,-0.370031,2.265319,0.137015,-0.064877,2.274828,0.059558,0.155110,2.338346,-0.253070,0.277231,2.668862,-0.069093,0.344193,2.435613,-0.308504,0.708546,2.493234,-0.500896,0.678230,2.732315,-0.634880,0.880015,2.479326,-0.423987,1.132075,2.784797
554,-0.313842,0.051000,2.750041,-0.266759,-0.180631,2.756302,-0.254218,-0.459762,2.620389,0.013269,-0.384455,2.258967,0.124360,-0.064985,2.270374,0.055900,0.159433,2.329896,-0.249850,0.270475,2.674349,-0.074803,0.333752,2.434019,-0.314298,0.724718,2.480488,-0.443241,0.559151,2.657755,-0.611378,0.890221,2.472965,-0.444420,1.112526,2.770358
555,-0.313061,0.039540,2.747741,-0.265697,-0.203423,2.745488,-0.250901,-0.477674,2.616916,0.014201,-0.396847,2.256803,0.122658,-0.066890,2.271949,0.054683,0.165558,2.331020,-0.253348,0.259692,2.679079,-0.078195,0.323096,2.435236,-0.304432,0.703434,2.494064,-0.481609,0.563105,2.690502,-0.632047,0.863559,2.489710,-0.423259,1.093910,2.797385
556,-0.317013,0.030740,2.745268,-0.274735,-0.212873,2.749814,-0.250700,-0.478116,2.617409,0.015674,-0.402136,2.251196,0.121527,-0.073764,2.266449,0.058582,0.165254,2.337700,-0.249459,0.254977,2.677561,-0.076119,0.314884,2.429096,-0.320295,0.678143,2.483890,-0.459617,0.597911,2.689635,-0.599463,0.867791,2.472804,-0.454255,1.084504,2.775333
557,-0.312875,0.035185,2.746116,-0.269220,-0.211572,2.749890,-0.247416,-0.483341,2.611819,0.016609,-0.423333,2.249862,0.112730,-0.083040,2.265261,0.056843,0.166814,2.335739,-0.252902,0.247300,2.670388,-0.084890,0.305591,2.425567,-0.310838,0.691233,2.476985,-0.474306,0.698539,2.718937,-0.565599,0.845217,2.467999,-0.419158,1.065879,2.773099
558,-0.304424,0.033626,2.745425,-0.257062,-0.208969,2.749093,-0.244705,-0.490763,2.612243,0.019270,-0.435001,2.245060,0.111047,-0.088022,2.258192,0.058264,0.165070,2.333813,-0.253739,0.251146,2.674627,-0.074008,0.311799,2.426544,-0.303019,0.708559,2.482442,-0.471953,0.627829,2.684803,-0.536132,0.871682,2.475203,-0.427343,1.019717,2.754087
559,-0.322068,0.045625,2.751444,-0.282962,-0.222224,2.751991,-0.251581,-0.497847,2.612810,0.021775,-0.439158,2.241926,0.108731,-0.087912,2.253404,0.055287,0.167502,2.333710,-0.254444,0.240720,2.671571,-0.067914,0.299478,2.425712,-0.281219,0.663807,2.492842,-0.480776,0.693526,2.730368,-0.516554,0.747990,2.442534,-0.377307,0.984772,2.724661
560,-0.307362,0.033897,2.750634,-0.280866,-0.234017,2.744057,-0.248833,-0.519194,2.607138,0.024171,-0.444544,2.235819,0.110678,-0.091453,2.258278,0.060171,0.167510,2.320179,-0.256455,0.235869,2.671655,-0.071142,0.295268,2.419127,-0.286137,0.643590,2.483691,-0.452923,0.619787,2.673136,-0.547298,0.707287,2.412189,-0.353358,0.954806,2.692785
561,-0.311274,0.045545,2.748865,-0.263781,-0.226814,2.735391,-0.246180,-0.531591,2.599725,0.024511,-0.450702,2.232497,0.099530,-0.097395,2.242609,0.058319,0.167035,2.321232,-0.253267,0.234451,2.657003,-0.064224,0.289914,2.405197,-0.279041,0.675302,2.441643,-0.459496,0.603868,2.666110,-0.490751,0.814632,2.440532,-0.389656,0.948270,2.712702
562,-0.305699,0.045606,2.749445,-0.273893,-0.239475,2.743244,-0.250285,-0.552359,2.602762,0.033803,-0.463483,2.228239,0.102658,-0.091992,2.244574,0.056570,0.169947,2.311983,-0.255648,0.231919,2.657231,-0.062055,0.285251,2.404231,-0.289026,0.717601,2.444948,-0.486777,0.699128,2.702570,-0.440950,0.944123,2.477136,-0.422526,1.008980,2.756551
563,-0.303351,0.022266,2.740776,-0.262825,-0.232395,2.735051,-0.242997,-0.559514,2.599719,0.033238,-0.477717,2.226104,0.098821,-0.103678,2.249204,0.059769,0.173257,2.328794,-0.245846,0.224750,2.655497,-0.055478,0.275003,2.405378,-0.285328,0.682813,2.456200,-0.452056,0.623889,2.674223,-0.502030,0.862973,2.458298,-0.389296,1.011638,2.750526
564,-0.305507,0.039064,2.744096,-0.264869,-0.249245,2.733626,-0.240965,-0.559893,2.600143,0.033361,-0.475399,2.228554,0.097780,-0.101637,2.240905,0.057811,0.178652,2.317335,-0.247618,0.229142,2.652353,-0.059054,0.279264,2.401861,-0.293528,0.718624,2.470622,-0.469978,0.634980,2.681394,-0.415758,0.939538,2.468301,-0.481670,0.948326,2.722747
565,-0.314539,0.043640,2.742561,-0.291383,-0.257952,2.732327,-0.246135,-0.575243,2.600065,0.039533,-0.476644,2.222314,0.096890,-0.105601,2.225520,0.062934,0.184576,2.314942,-0.251634,0.211097,2.652970,-0.061252,0.267214,2.401224,-0.270479,0.688165,2.489246,-0.478676,0.715617,2.706012,-0.424188,0.847079,2.441630,-0.428845,0.858414,2.684349
566,-0.309303,0.040826,2.748536,-0.278578,-0.267956,2.721606,-0.240009,-0.581140,2.596690,0.040807,-0.481024,2.221100,0.096502,-0.103636,2.231077,0.063422,0.185433,2.316132,-0.257189,0.208465,2.658985,-0.064817,0.261055,2.404126,-0.298239,0.699954,2.480905,-0.479237,0.723485,2.705938,-0.482546,0.896262,2.465709,-0.449905,0.969454,2.712929
567,-0.310521,0.059774,2.761750,-0.274961,-0.250365,2.727450,-0.235548,-0.591094,2.594022,0.045035,-0.487030,2.222416,0.091766,-0.102848,2.238931,0.061376,0.191242,2.314350,-0.253164,0.199438,2.655824,-0.068967,0.253902,2.405504,-0.294658,0.707792,2.491090,-0.450515,0.641362,2.673861,-0.525247,0.908389,2.532383,-0.426894,1.107609,2.760644
568,-0.311071,0.029167,2.757364,-0.273406,-0.271186,2.719773,-0.229688,-0.597789,2.598516,0.048565,-0.497433,2.222153,0.093301,-0.107926,2.229575,0.057950,0.196053,2.311347,-0.254974,0.204330,2.651776,-0.062883,0.263841,2.398633,-0.276392,0.739320,2.508685,-0.477751,0.638270,2.656927,-0.412410,0.980230,2.496516,-0.465238,1.013463,2.728269
569,-0.312097,0.031369,2.756085,-0.271876,-0.260533,2.718634,-0.237490,-0.593800,2.601369,0.050671,-0.501279,2.222226,0.087137,-0.110288,2.237766,0.064434,0.189792,2.309867,-0.254271,0.204170,2.655959,-0.055440,0.261173,2.403750,-0.271046,0.702150,2.506227,-0.452349,0.633920,2.663393,-0.494444,0.753849,2.445582,-0.386615,1.048253,2.707525
570,-0.305306,-0.000126,2.752670,-0.277038,-0.269789,2.719957,-0.229966,-0.597380,2.597194,0.050644,-0.499152,2.219678,0.090639,-0.112388,2.227659,0.066224,0.185885,2.313943,-0.253298,0.197337,2.659637,-0.060524,0.258069,2.407351,-0.279383,0.687748,2.513213,-0.433676,0.637909,2.671820,-0.538740,0.752070,2.424718,-0.338665,1.034499,2.726594
571,-0.295391,0.022593,2.752192,-0.263337,-0.277393,2.716323,-0.226776,-0.605269,2.600609,0.053893,-0.500135,2.218181,0.089225,-0.112832,2.231255,0.065765,0.182587,2.313330,-0.254269,0.186213,2.655332,-0.064065,0.245989,2.401260,-0.261017,0.601928,2.438286,-0.424093,0.637443,2.665638,-0.504143,0.750403,2.456811,-0.345096,1.051957,2.729507
572,-0.298859,0.011020,2.754122,-0.269586,-0.276196,2.720946,-0.231359,-0.602396,2.605164,0.054459,-0.502509,2.212162,0.085039,-0.111417,2.232046,0.064628,0.178376,2.311808,-0.256230,0.194032,2.663944,-0.062090,0.252648,2.408161,-0.257426,0.618290,2.455671,-0.455432,0.632075,2.659731,-0.440229,0.905533,2.460162,-0.441499,1.014321,2.723885
573,-0.314332,0.040189,2.757124,-0.260214,-0.268454,2.726507,-0.228353,-0.607970,2.607254,0.054650,-0.511032,2.211998,0.081273,-0.109844,2.234657,0.061801,0.183437,2.312712,-0.253383,0.194387,2.660665,-0.060491,0.254526,2.410157,-0.247564,0.646919,2.460051,-0.428099,0.644038,2.669037,-0.465679,0.911448,2.478481,-0.384599,1.052402,2.748226
574,-0.326005,0.058652,2.763059,-0.269631,-0.252858,2.730520,-0.241994,-0.616451,2.614645,0.054660,-0.521399,2.216074,0.085304,-0.117165,2.235862,0.062210,0.181884,2.316376,-0.257848,0.183501,2.664064,-0.060074,0.247596,2.410260,-0.218549,0.681872,2.464052,-0.473958,0.722031,2.712148,-0.438980,0.909343,2.466341,-0.423088,0.990017,2.734737
575,-0.332016,0.046178,2.759024,-0.301984,-0.261184,2.729496,-0.241868,-0.614838,2.614150,0.057906,-0.518679,2.214569,0.089979,-0.115574,2.240303,0.063452,0.188368,2.318228,-0.260992,0.186361,2.659656,-0.051825,0.249360,2.408843,-0.209231,0.693970,2.443663,-0.466189,0.668072,2.658960,-0.363209,0.994518,2.464000,-0.462697,1.027431,2.719311
576,-0.331841,0.040364,2.749354,-0.284196,-0.256841,2.724843,-0.239849,-0.611421,2.613538,0.056970,-0.519937,2.216831,0.086867,-0.119641,2.237441,0.062308,0.181798,2.319325,-0.256515,0.182007,2.657753,-0.049270,0.243376,2.407404,-0.212189,0.668653,2.446703,-0.469877,0.648165,2.667559,-0.422026,0.978642,2.486851,-0.463100,1.023330,2.727839
577,-0.323936,0.039848,2.746151,-0.281420,-0.248184,2.726348,-0.251762,-0.608605,2.612082,0.056692,-0.521984,2.215721,0.089316,-0.109277,2.242678,0.062792,0.180485,2.318953,-0.259856,0.181642,2.658520,-0.052902,0.232649,2.405811,-0.255133,0.653345,2.442506,-0.461713,0.619087,2.662225,-0.467935,0.952030,2.457726,-0.388934,1.071778,2.739057
578,-0.331377,0.024054,2.743997,-0.299159,-0.261939,2.727178,-0.256999,-0.607691,2.613350,0.055028,-0.523497,2.214434,0.079142,-0.115167,2.239189,0.060209,0.182864,2.323958,-0.265781,0.173222,2.656589,-0.062736,0.224031,2.401980,-0.254422,0.657808,2.448399,-0.465896,0.623065,2.665658,-0.494792,0.980330,2.503679,-0.400417,1.116387,2.769426
579,-0.340368,0.013234,2.746036,-0.310135,-0.265085,2.725672,-0.256526,-0.613755,2.615957,0.053624,-0.523517,2.214020,0.079227,-0.121201,2.239329,0.062805,0.183570,2.316236,-0.269071,0.165080,2.659549,-0.066301,0.221538,2.403337,-0.261813,0.642173,2.444299,-0.464992,0.625496,2.665405,-0.466155,0.965209,2.477096,-0.428873,1.062637,2.736324
580,-0.325416,-0.030367,2.738770,-0.309013,-0.278964,2.721224,-0.249985,-0.617806,2.614126,0.053158,-0.524175,2.212663,0.073679,-0.123440,2.245674,0.058924,0.190756,2.326612,-0.267131,0.160656,2.664203,-0.069725,0.215078,2.401913,-0.257908,0.623918,2.451897,-0.440138,0.596390,2.674996,-0.495566,0.795637,2.477945,-0.374544,1.033753,2.748474
581,-0.332320,0.014971,2.743556,-0.298869,-0.284445,2.718935,-0.251989,-0.618198,2.612995,0.050134,-0.528846,2.216771,0.075661,-0.127529,2.244630,0.054555,0.192644,2.323672,-0.267425,0.145514,2.660120,-0.071196,0.199750,2.395992,-0.256089,0.632589,2.442799,-0.447992,0.581279,2.670050,-0.417240,0.997470,2.510521,-0.450711,1.026538,2.757700
582,-0.330689,0.044080,2.743914,-0.303305,-0.263630,2.725894,-0.254971,-0.612975,2.615500,0.048200,-0.533004,2.217052,0.078365,-0.132210,2.240707,0.052279,0.188100,2.314281,-0.267272,0.155470,2.661613,-0.064521,0.205901,2.396657,-0.236474,0.637140,2.436604,-0.453781,0.618009,2.675766,-0.410888,0.990368,2.495866,-0.445621,1.021332,2.736060
583,-0.326635,0.042019,2.745349,-0.309341,-0.263728,2.723576,-0.259074,-0.613699,2.614042,0.048650,-0.529799,2.217409,0.079927,-0.128502,2.243647,0.054511,0.186404,2.318891,-0.270639,0.150826,2.661664,-0.066748,0.201452,2.400992,-0.255607,0.620119,2.438797,-0.460711,0.600335,2.676243,-0.452345,0.945920,2.489840,-0.435830,1.016709,2.734029
584,-0.328552,0.028997,2.744843,-0.317436,-0.271001,2.727337,-0.259983,-0.616662,2.616028,0.050329,-0.527280,2.223789,0.076147,-0.126392,2.248707,0.048334,0.179961,2.310559,-0.270833,0.146891,2.656711,-0.073656,0.201024,2.398665,-0.262717,0.631308,2.425507,-0.451969,0.620552,2.673021,-0.426823,1.017997,2.516336,-0.456118,1.064687,2.743376
585,-0.323286,-0.003539,2.736682,-0.314142,-0.271403,2.726308,-0.260449,-0.616268,2.611794,0.045089,-0.529543,2.215605,0.072031,-0.126980,2.243053,0.048509,0.175696,2.313929,-0.275725,0.150338,2.657748,-0.077559,0.200383,2.399038,-0.272851,0.694443,2.479957,-0.478238,0.676036,2.689277,-0.379786,1.060856,2.509814,-0.464573,1.075282,2.736629
586,-0.345618,0.029027,2.742301,-0.314966,-0.269276,2.729863,-0.263925,-0.617109,2.612539,0.047897,-0.527851,2.215002,0.077771,-0.120932,2.241103,0.050223,0.180875,2.315096,-0.278261,0.153712,2.657391,-0.071048,0.208933,2.401700,-0.263949,0.681471,2.425863,-0.491070,0.692019,2.684924,-0.306728,1.125250,2.511755,-0.507880,1.020798,2.721873
587,-0.316473,-0.014513,2.739017,-0.297229,-0.277463,2.731358,-0.261266,-0.616359,2.614387,0.048706,-0.525004,2.216632,0.072764,-0.123318,2.241820,0.050421,0.179991,2.314405,-0.274720,0.157189,2.662628,-0.078448,0.211670,2.404062,-0.267112,0.652129,2.427167,-0.472204,0.699175,2.699510,-0.353742,1.063307,2.500368,-0.492397,1.041497,2.730965
588,-0.306725,-0.126272,2.728191,-0.314984,-0.288837,2.727098,-0.263219,-0.615607,2.614015,0.048465,-0.522077,2.215125,0.076446,-0.116336,2.237435,0.051192,0.187410,2.324732,-0.271954,0.153169,2.662772,-0.069677,0.208859,2.400119,-0.279038,0.687914,2.499198,-0.456826,0.596683,2.675434,-0.381305,1.013922,2.474362,-0.495718,1.023091,2.725281
589,-0.330516,-0.016391,2.740253,-0.315816,-0.273107,2.728111,-0.263081,-0.610455,2.613234,0.047974,-0.521471,2.218052,0.074657,-0.113808,2.243165,0.048675,0.191938,2.322787,-0.281096,0.162244,2.661001,-0.076876,0.219014,2.403459,-0.262774,0.663721,2.423525,-0.470660,0.598387,2.668438,-0.350802,1.044186,2.486442,-0.521047,1.028070,2.718485
590,-0.320184,-0.041559,2.736534,-0.310968,-0.264161,2.730291,-0.261566,-0.606377,2.617373,0.046108,-0.518179,2.218321,0.069920,-0.111167,2.240183,0.052415,0.183765,2.325346,-0.273982,0.164265,2.659981,-0.071751,0.224067,2.405051,-0.260836,0.654946,2.437876,-0.471277,0.597803,2.670616,-0.333173,1.023014,2.483923,-0.500213,0.993032,2.714051
591,-0.316667,-0.001701,2.739228,-0.313223,-0.254741,2.739357,-0.267289,-0.603531,2.618390,0.042699,-0.514187,2.218896,0.071945,-0.104861,2.240189,0.051371,0.186358,2.320671,-0.281161,0.178295,2.661901,-0.076226,0.239305,2.405902,-0.262111,0.661161,2.445412,-0.473181,0.614614,2.675500,-0.358918,0.992014,2.470527,-0.490302,0.972265,2.697965
592,-0.317381,-0.118238,2.732317,-0.299076,-0.266416,2.728414,-0.260105,-0.599483,2.618593,0.040915,-0.510238,2.216170,0.075291,-0.112154,2.228213,0.055842,0.185911,2.323298,-0.273829,0.188249,2.666274,-0.070744,0.241372,2.407828,-0.235838,0.752581,2.513274,-0.492721,0.702280,2.703360,-0.328160,1.023234,2.477206,-0.472715,1.031302,2.725198
593,-0.328088,0.008686,2.746592,-0.296171,-0.267688,2.737357,-0.259860,-0.600999,2.617854,0.040490,-0.506619,2.214409,0.086785,-0.099488,2.225792,0.057789,0.191408,2.326737,-0.271221,0.182796,2.659979,-0.081080,0.242901,2.402075,-0.295237,0.737386,2.509459,-0.480511,0.637872,2.675672,-0.349543,0.999662,2.486877,-0.467550,0.988892,2.717685
594,-0.324069,0.059122,2.751737,-0.288464,-0.256617,2.737450,-0.260386,-0.599255,2.613472,0.038232,-0.507772,2.214665,0.084582,-0.105794,2.226052,0.062299,0.190277,2.312033,-0.269064,0.184505,2.665034,-0.079400,0.242877,2.404240,-0.295513,0.720459,2.506380,-0.487795,0.621134,2.671448,-0.314876,0.975817,2.466985,-0.455385,0.978571,2.705804
595,-0.326019,0.058830,2.759129,-0.278415,-0.247636,2.743818,-0.258434,-0.586175,2.615658,0.035566,-0.506458,2.212998,0.086351,-0.118258,2.211670,0.059429,0.189534,2.311486,-0.266415,0.197654,2.662436,-0.064783,0.254149,2.404041,-0.221006,0.696812,2.439081,-0.480233,0.624926,2.645969,-0.336769,0.977472,2.444084,-0.465254,0.972675,2.682981
596,-0.309830,-0.043460,2.748818,-0.294859,-0.278208,2.743317,-0.260051,-0.595240,2.615905,0.035379,-0.500302,2.213946,0.082334,-0.108042,2.213045,0.064523,0.185037,2.316210,-0.265244,0.196061,2.661612,-0.070774,0.252150,2.401640,-0.246686,0.714873,2.491237,-0.500297,0.705895,2.689659,-0.368900,0.948182,2.435578,-0.446087,0.984937,2.692760
597,-0.266107,-0.272342,2.717055,-0.293449,-0.281723,2.739305,-0.264073,-0.590048,2.617806,0.034388,-0.492363,2.209429,0.083161,-0.095804,2.214326,0.064560,0.185823,2.313815,-0.257214,0.200448,2.665309,-0.054241,0.257647,2.399242,-0.220975,0.752841,2.520643,-0.480531,0.648215,2.673633,-0.338283,1.001957,2.479872,-0.431570,1.013597,2.707593
598,-0.297776,0.003000,2.745121,-0.278433,-0.271508,2.738275,-0.256378,-0.584309,2.619556,0.028424,-0.490356,2.214732,0.091620,-0.101595,2.218159,0.066414,0.181505,2.311519,-0.261520,0.199736,2.667423,-0.060673,0.257677,2.405729,-0.251625,0.721170,2.523772,-0.502807,0.696499,2.709936,-0.372733,0.981340,2.475313,-0.459683,0.976744,2.696134
599,-0.333156,-0.180327,2.726306,-0.301558,-0.281012,2.735940,-0.261335,-0.584212,2.613944,0.032156,-0.489984,2.211994,0.089732,-0.099187,2.216180,0.067175,0.181479,2.313119,-0.259168,0.202232,2.668983,-0.057642,0.261272,2.404735,-0.201437,0.686832,2.456511,-0.485602,0.625326,2.666365,-0.308960,0.969339,2.446924,-0.450063,0.925985,2.653507
600,-0.345679,-0.087647,2.733891,-0.305045,-0.254032,2.743888,-0.265001,-0.577679,2.617592,0.034316,-0.481599,2.211846,0.084899,-0.089330,2.222885,0.065813,0.185847,2.320843,-0.264220,0.206741,2.667936,-0.057340,0.263685,2.403137,-0.224813,0.720470,2.529613,-0.482634,0.623685,2.672917,-0.345153,0.946680,2.453165,-0.446799,0.938529,2.666850
601,-0.344114,-0.142884,2.727603,-0.307302,-0.268706,2.743507,-0.266142,-0.571595,2.619449,0.037280,-0.478326,2.209503,0.080443,-0.077275,2.213914,0.064350,0.187870,2.312765,-0.267104,0.202047,2.659935,-0.061832,0.264476,2.398477,-0.256387,0.706707,2.537656,-0.478176,0.615076,2.659610,-0.394232,0.920394,2.427694,-0.465261,0.935131,2.662209
602,-0.283677,-0.280332,2.723439,-0.315829,-0.315105,2.738181,-0.259976,-0.560507,2.622626,0.029198,-0.468275,2.218656,0.081080,-0.072652,2.221632,0.063777,0.188382,2.318962,-0.266317,0.220794,2.664045,-0.068822,0.279197,2.403777,-0.268438,0.696708,2.529071,-0.483521,0.621247,2.665511,-0.384351,0.888494,2.400744,-0.417742,0.914180,2.645888
603,-0.347893,-0.174377,2.729035,-0.298726,-0.250725,2.749728,-0.265641,-0.547897,2.622439,0.031528,-0.461159,2.222263,0.085248,-0.069135,2.215432,0.064460,0.189246,2.327237,-0.264146,0.223185,2.665743,-0.062576,0.285347,2.404179,-0.221549,0.745208,2.531024,-0.496962,0.642316,2.665464,-0.292299,0.925438,2.409957,-0.429874,0.917354,2.653696
604,-0.353115,-0.123132,2.724990,-0.300099,-0.247691,2.752532,-0.262400,-0.539639,2.622371,0.024236,-0.443487,2.221101,0.087792,-0.067844,2.213767,0.066301,0.187004,2.312284,-0.260989,0.230761,2.667125,-0.067039,0.288383,2.403524,-0.256893,0.733044,2.525201,-0.495772,0.642551,2.662615,-0.349608,0.887368,2.421716,-0.427703,0.932567,2.669909
605,-0.344751,-0.059623,2.717390,-0.299443,-0.230597,2.760015,-0.267826,-0.522965,2.625704,0.028294,-0.427732,2.220452,0.096348,-0.040443,2.220886,0.064047,0.188352,2.328065,-0.263853,0.245839,2.668568,-0.071924,0.300652,2.404397,-0.330270,0.720625,2.502483,-0.504683,0.643856,2.672709,-0.419195,0.922006,2.432358,-0.440177,1.005172,2.710070
606,-0.315384,0.067253,2.735065,-0.293048,-0.191529,2.766726,-0.267768,-0.509661,2.621295,0.024806,-0.418014,2.224794,0.103471,-0.044053,2.219366,0.059449,0.187692,2.322652,-0.262153,0.251004,2.667538,-0.067322,0.314234,2.402918,-0.287744,0.747291,2.481653,-0.505538,0.626915,2.666228,-0.403267,1.026428,2.454377,-0.487717,1.050409,2.742230
607,-0.348664,-0.042046,2.718580,-0.298113,-0.194880,2.763937,-0.264983,-0.485437,2.618615,0.019278,-0.402033,2.225611,0.105540,-0.048389,2.227684,0.062015,0.186197,2.318208,-0.265591,0.262123,2.662374,-0.070330,0.322188,2.403839,-0.294431,0.730103,2.477774,-0.493494,0.632909,2.669082,-0.457634,0.977726,2.422000,-0.424710,1.072728,2.749930
608,-0.329677,-0.013225,2.732323,-0.283188,-0.182265,2.772045,-0.262124,-0.468224,2.622284,0.016894,-0.378542,2.236155,0.104272,-0.040433,2.238572,0.063860,0.176294,2.325156,-0.267856,0.273458,2.665885,-0.076046,0.332463,2.412427,-0.280800,0.742756,2.467348,-0.512813,0.649019,2.689739,-0.404903,1.033586,2.462832,-0.480863,1.030618,2.743530
609,-0.312845,-0.000090,2.733892,-0.269737,-0.175563,2.772860,-0.256548,-0.439309,2.626235,0.014871,-0.354698,2.238720,0.111959,-0.032079,2.233531,0.061696,0.166219,2.316554,-0.262107,0.299893,2.676947,-0.073980,0.361399,2.424370,-0.256436,0.799555,2.488518,-0.507585,0.661328,2.682773,-0.384690,1.112320,2.512757,-0.495457,1.111372,2.755804
610,-0.325413,0.033584,2.737297,-0.281902,-0.169968,2.777322,-0.260921,-0.379787,2.637180,0.003005,-0.303754,2.244415,0.134850,-0.020796,2.228612,0.060704,0.160094,2.308241,-0.268450,0.314481,2.686574,-0.089023,0.379478,2.432603,-0.377700,0.735602,2.482971,-0.516677,0.660097,2.693137,-0.522893,1.028748,2.511573,-0.503920,1.117027,2.753211
611,-0.326665,0.070240,2.734015,-0.277239,-0.143711,2.772685,-0.261880,-0.350123,2.647099,-0.001531,-0.278284,2.253260,0.165389,-0.017542,2.224241,0.058307,0.158674,2.322311,-0.266549,0.322337,2.694281,-0.091928,0.389757,2.435478,-0.413535,0.694919,2.470032,-0.513862,0.635889,2.678154,-0.554445,0.904671,2.451886,-0.445957,1.096731,2.748551
612,-0.312741,0.052332,2.737797,-0.274466,-0.160085,2.775187,-0.255808,-0.348266,2.653769,0.001362,-0.272456,2.257610,0.161672,-0.030430,2.259331,0.056426,0.155633,2.326433,-0.271559,0.327505,2.696287,-0.096420,0.387489,2.435378,-0.411595,0.693239,2.455912,-0.516251,0.647875,2.678638,-0.540943,0.877960,2.438946,-0.454221,1.056641,2.730060
613,-0.317917,0.068854,2.738089,-0.254063,-0.131457,2.762642,-0.255751,-0.324079,2.663201,0.004969,-0.253532,2.254311,0.166032,-0.029464,2.276394,0.057209,0.153318,2.346760,-0.264821,0.321568,2.703282,-0.089069,0.378694,2.442482,-0.410479,0.660157,2.449351,-0.508116,0.696193,2.693581,-0.586773,0.828561,2.436423,-0.420614,1.059081,2.738563
614,-0.311137,0.075107,2.736881,-0.239227,-0.121288,2.759976,-0.259930,-0.318033,2.664623,0.012642,-0.243755,2.256014,0.174737,-0.025183,2.271310,0.059475,0.154406,2.337018,-0.257038,0.317488,2.695150,-0.081701,0.373001,2.437654,-0.397666,0.669625,2.445476,-0.510013,0.676286,2.684525,-0.554803,0.902349,2.436259,-0.492580,1.013342,2.706722
615,-0.305546,0.079881,2.737407,-0.242150,-0.110437,2.761730,-0.268313,-0.302745,2.662214,0.017107,-0.239560,2.264454,0.179652,-0.029211,2.279881,0.065708,0.156899,2.325848,-0.256865,0.325533,2.692995,-0.079740,0.372727,2.438895,-0.365912,0.666469,2.422395,-0.510127,0.685140,2.678891,-0.583420,0.871747,2.410349,-0.507946,1.016792,2.681996
616,-0.302091,0.084489,2.734986,-0.237465,-0.099032,2.758008,-0.272612,-0.298895,2.661808,0.021872,-0.231520,2.263733,0.180327,-0.028964,2.279555,0.075074,0.154523,2.320355,-0.245545,0.322623,2.685093,-0.065401,0.373354,2.436867,-0.302644,0.689226,2.447961,-0.492193,0.672720,2.681927,-0.551836,0.916884,2.430064,-0.518262,1.040754,2.689752
617,-0.288000,0.073980,2.731144,-0.234458,-0.102099,2.745382,-0.261577,-0.297430,2.659651,0.022429,-0.235820,2.263330,0.171835,-0.017220,2.290933,0.079625,0.154351,2.338718,-0.227319,0.323780,2.682484,-0.048923,0.372555,2.424266,-0.267538,0.671103,2.465380,-0.477778,0.602287,2.642847,-0.487668,0.892589,2.426546,-0.532695,0.969738,2.639454
618,-0.280762,0.047639,2.734735,-0.230317,-0.140620,2.747325,-0.256579,-0.314718,2.657173,0.024487,-0.242084,2.272826,0.169802,-0.036380,2.293466,0.080376,0.151051,2.333439,-0.208033,0.344825,2.675057,-0.040333,0.382547,2.425875,-0.277214,0.662174,2.434657,-0.484056,0.646285,2.682489,-0.513774,0.772727,2.356077,-0.466837,0.887486,2.624656
619,-0.298754,0.051074,2.740793,-0.261565,-0.127192,2.762681,-0.248138,-0.313876,2.664274,0.028137,-0.245515,2.266863,0.169438,-0.050547,2.295496,0.081110,0.142380,2.328414,-0.200911,0.340549,2.680540,-0.031751,0.377014,2.419672,-0.260973,0.706700,2.477958,-0.503808,0.674873,2.693249,-0.437865,0.941624,2.486285,-0.527864,0.972272,2.684058
620,-0.303476,0.054981,2.737298,-0.269051,-0.111623,2.761090,-0.247518,-0.315800,2.663627,0.032568,-0.249452,2.260310,0.166230,-0.042717,2.288954,0.070296,0.146783,2.335485,-0.206580,0.335413,2.681093,-0.024935,0.377756,2.419856,-0.226889,0.722720,2.480298,-0.504467,0.680467,2.686899,-0.377079,0.993254,2.479684,-0.508694,1.008441,2.670679
621,-0.298121,0.047764,2.738986,-0.242868,-0.147580,2.759191,-0.250769,-0.332598,2.658461,0.037906,-0.253282,2.263242,0.167508,-0.037144,2.279496,0.067223,0.149354,2.338652,-0.218320,0.320716,2.679903,-0.040681,0.376642,2.419275,-0.296020,0.665239,2.456921,-0.477449,0.593832,2.631299,-0.450767,0.903150,2.406578,-0.504532,0.954530,2.654409
622,-0.283421,0.050848,2.744565,-0.233692,-0.161140,2.758229,-0.246783,-0.332608,2.653517,0.037543,-0.253045,2.264436,0.167410,-0.039448,2.271598,0.082891,0.144641,2.322518,-0.200714,0.327774,2.674636,-0.037564,0.371732,2.417158,-0.312416,0.657418,2.454839,-0.463195,0.591331,2.639184,-0.516263,0.849242,2.408936,-0.486882,0.961080,2.664905
623,-0.295343,0.050168,2.740451,-0.240882,-0.157852,2.758583,-0.245802,-0.331397,2.652003,0.038544,-0.256933,2.264202,0.172714,-0.043896,2.270894,0.084050,0.134646,2.324670,-0.198144,0.330996,2.676609,-0.033748,0.377311,2.419718,-0.283642,0.654700,2.462919,-0.460366,0.664857,2.683577,-0.550519,0.819176,2.403807,-0.435535,0.978633,2.678532
624,-0.304820,0.060412,2.748092,-0.244120,-0.134415,2.769208,-0.246679,-0.333460,2.656198,0.040039,-0.262850,2.261258,0.175668,-0.042802,2.266714,0.081459,0.133927,2.328439,-0.206541,0.332070,2.682485,-0.033106,0.376710,2.422066,-0.259914,0.667188,2.439667,-0.462776,0.670554,2.690516,-0.487194,0.800643,2.349695,-0.462120,0.934770,2.666193
625,-0.304420,0.059942,2.747833,-0.246766,-0.131232,2.767256,-0.246762,-0.337032,2.652658,0.037157,-0.260994,2.267198,0.182574,-0.042972,2.273700,0.078215,0.133948,2.328384,-0.216548,0.312739,2.686599,-0.042658,0.375880,2.434171,-0.247737,0.729377,2.485512,-0.507486,0.657797,2.686151,-0.456404,0.950131,2.465302,-0.527735,1.009217,2.712059
626,-0.298215,0.065139,2.740185,-0.247086,-0.134975,2.762057,-0.246027,-0.331501,2.652700,0.040835,-0.260042,2.265857,0.180215,-0.037282,2.271645,0.080089,0.136085,2.336790,-0.227322,0.320956,2.691173,-0.035076,0.384287,2.440434,-0.147244,0.797031,2.493328,-0.479924,0.614098,2.648386,-0.287772,1.010978,2.433049,-0.538074,0.964102,2.672490
627,-0.296458,0.051368,2.739661,-0.245362,-0.132625,2.755047,-0.249973,-0.330895,2.652412,0.040907,-0.258869,2.264019,0.176764,-0.031600,2.271705,0.089399,0.128056,2.331735,-0.231272,0.308487,2.700353,-0.047840,0.379970,2.451594,-0.210683,0.713617,2.457001,-0.502216,0.552977,2.661409,-0.436583,0.890507,2.423326,-0.561429,0.962502,2.684278
628,-0.302409,0.071797,2.740983,-0.239655,-0.121463,2.764615,-0.245775,-0.329466,2.649206,0.042484,-0.262272,2.266377,0.180022,-0.028172,2.271198,0.076338,0.129981,2.326528,-0.240531,0.324788,2.703271,-0.055669,0.391551,2.451014,-0.238133,0.755513,2.460065,-0.510346,0.661376,2.696309,-0.376020,0.989801,2.447293,-0.552877,1.008203,2.702159
629,-0.304643,0.065571,2.735482,-0.247529,-0.122237,2.768717,-0.252711,-0.331364,2.643673,0.036144,-0.269936,2.264783,0.179948,-0.040454,2.259735,0.077113,0.134390,2.327190,-0.249231,0.322168,2.703795,-0.066120,0.385134,2.451162,-0.273805,0.760568,2.443719,-0.500619,0.683885,2.712978,-0.424289,0.998604,2.454204,-0.519884,1.067127,2.745809
630,-0.301682,0.060347,2.735055,-0.246307,-0.127939,2.764460,-0.243352,-0.340843,2.649773,0.033780,-0.275827,2.261107,0.176028,-0.046255,2.265090,0.076065,0.139479,2.332117,-0.252231,0.312492,2.711359,-0.080133,0.379125,2.454560,-0.328897,0.686967,2.431744,-0.496177,0.661237,2.699887,-0.543903,0.852488,2.441455,-0.481464,1.072909,2.722119
631,-0.307919,0.055970,2.727371,-0.256201,-0.128539,2.756924,-0.251218,-0.345321,2.653329,0.035782,-0.276289,2.266383,0.170566,-0.038642,2.267333,0.076676,0.143609,2.334217,-0.254775,0.313385,2.710452,-0.067769,0.378131,2.453322,-0.246304,0.732508,2.450792,-0.511818,0.664608,2.703173,-0.421835,0.960826,2.475497,-0.498859,1.017892,2.740230
632,-0.295404,0.059470,2.731140,-0.249937,-0.128926,2.756627,-0.248880,-0.345759,2.650345,0.034308,-0.279377,2.267361,0.170351,-0.031290,2.264380,0.078471,0.143757,2.333328,-0.251144,0.313904,2.702523,-0.070245,0.379876,2.448616,-0.287147,0.733207,2.461364,-0.512643,0.669584,2.700342,-0.453534,0.959044,2.459875,-0.522001,1.038730,2.734849
633,-0.303678,0.066127,2.729208,-0.250281,-0.116062,2.756373,-0.252986,-0.347327,2.654453,0.033749,-0.283488,2.272477,0.169972,-0.028451,2.261961,0.073812,0.143816,2.328007,-0.254229,0.310572,2.701521,-0.072254,0.374717,2.450269,-0.265099,0.731228,2.484276,-0.506646,0.671268,2.699053,-0.445454,0.994603,2.490082,-0.513818,1.065800,2.752779
634,-0.304928,0.064653,2.735354,-0.245407,-0.122331,2.767622,-0.254438,-0.351104,2.654166,0.027133,-0.292894,2.275521,0.171576,-0.035250,2.263341,0.074023,0.144262,2.329375,-0.252458,0.307993,2.703403,-0.075160,0.369193,2.448489,-0.319040,0.658826,2.426034,-0.499526,0.653978,2.699599,-0.541557,0.817470,2.424730,-0.473605,1.067896,2.737935
635,-0.310798,0.063809,2.749687,-0.252778,-0.120519,2.782335,-0.262801,-0.359347,2.649182,0.026755,-0.297897,2.275501,0.173362,-0.041006,2.256500,0.068567,0.144411,2.327715,-0.252008,0.312830,2.697657,-0.067289,0.369378,2.449223,-0.283259,0.706587,2.469549,-0.494275,0.674893,2.716569,-0.558458,0.923149,2.461957,-0.473938,1.112153,2.767828
636,-0.314372,0.058765,2.753558,-0.265365,-0.125955,2.784162,-0.261016,-0.358216,2.644510,0.027996,-0.299090,2.271666,0.167822,-0.037831,2.243375,0.076050,0.144561,2.323632,-0.245538,0.313973,2.690663,-0.060506,0.377472,2.441852,-0.238707,0.791111,2.493457,-0.513589,0.709611,2.720223,-0.448042,1.075027,2.519031,-0.534272,1.112158,2.759493
637,-0.311632,0.069144,2.742556,-0.260090,-0.110577,2.782297,-0.262229,-0.354029,2.652023,0.028873,-0.301558,2.273846,0.173835,-0.032645,2.249820,0.071625,0.142811,2.331406,-0.246372,0.317671,2.690391,-0.057683,0.375871,2.446594,-0.245572,0.737734,2.506593,-0.485065,0.615296,2.673646,-0.451392,0.997756,2.473927,-0.536514,1.056039,2.724833
638,-0.308481,0.066966,2.754050,-0.252808,-0.106295,2.784023,-0.264904,-0.359513,2.655638,0.025350,-0.304888,2.272726,0.168639,-0.033923,2.249225,0.065989,0.141581,2.342597,-0.244187,0.313903,2.699363,-0.061653,0.374002,2.445326,-0.371170,0.698377,2.484912,-0.485419,0.613322,2.692225,-0.570025,0.966773,2.485303,-0.487615,1.137187,2.768657
639,-0.313090,0.063248,2.747941,-0.261715,-0.107877,2.785969,-0.278471,-0.366441,2.652881,0.023530,-0.307955,2.272531,0.164259,-0.031513,2.260675,0.069272,0.142304,2.349243,-0.254388,0.311572,2.696362,-0.061113,0.368208,2.451072,-0.207482,0.778382,2.517002,-0.512188,0.708220,2.726185,-0.442233,1.031992,2.501063,-0.534038,1.084668,2.747445
640,-0.323495,0.072186,2.756070,-0.273367,-0.117943,2.792434,-0.283471,-0.380663,2.645573,0.014130,-0.318337,2.276096,0.155206,-0.033817,2.255057,0.057923,0.145567,2.333420,-0.265528,0.301720,2.699175,-0.079895,0.365809,2.455470,-0.306482,0.735962,2.502730,-0.511832,0.717122,2.733938,-0.581960,0.972404,2.502676,-0.493141,1.155183,2.792846
641,-0.313197,0.052477,2.751247,-0.272853,-0.141608,2.784886,-0.281724,-0.388704,2.647752,0.012767,-0.325041,2.281141,0.160606,-0.034017,2.278735,0.061487,0.151277,2.348221,-0.246087,0.295444,2.682331,-0.066354,0.362769,2.442850,-0.307346,0.714645,2.499974,-0.480443,0.628944,2.676505,-0.558862,0.960504,2.486881,-0.480051,1.109722,2.765871
642,-0.310294,0.063986,2.752170,-0.275883,-0.148641,2.773858,-0.285970,-0.393680,2.651001,0.010158,-0.332396,2.277539,0.154279,-0.040589,2.270320,0.061587,0.156067,2.343276,-0.243637,0.288121,2.681124,-0.061456,0.352703,2.445736,-0.263710,0.685863,2.502601,-0.475929,0.604056,2.666108,-0.464207,0.947235,2.472253,-0.512042,0.999718,2.726156
643,-0.311470,0.060520,2.753274,-0.276619,-0.161764,2.764914,-0.293132,-0.398686,2.650534,0.006894,-0.339921,2.276303,0.144502,-0.053479,2.267064,0.061303,0.157696,2.341441,-0.246536,0.280210,2.679444,-0.053660,0.341830,2.440610,-0.246704,0.669494,2.499821,-0.499359,0.688478,2.705798,-0.440287,0.870498,2.429522,-0.505711,0.925304,2.692796
644,-0.316824,0.039509,2.746593,-0.271801,-0.158574,2.758800,-0.291262,-0.410311,2.649321,-0.000194,-0.353146,2.272060,0.135866,-0.052396,2.266581,0.059692,0.159901,2.345485,-0.243785,0.267260,2.680355,-0.057574,0.329900,2.433184,-0.273230,0.689208,2.487360,-0.505104,0.680599,2.723693,-0.440741,0.776538,2.372612,-0.499366,0.847560,2.646297
645,-0.304235,0.050791,2.750081,-0.263860,-0.179462,2.750634,-0.286425,-0.421395,2.645117,-0.001888,-0.366508,2.271716,0.122571,-0.053040,2.264312,0.054145,0.163158,2.341240,-0.247913,0.251416,2.682174,-0.058196,0.306661,2.438165,-0.301825,0.628808,2.465000,-0.467490,0.580594,2.668530,-0.523900,0.754351,2.386884,-0.462901,0.900082,2.706344
646,-0.310787,0.044820,2.757158,-0.272568,-0.183141,2.758291,-0.286385,-0.434546,2.640837,-0.000605,-0.381362,2.276833,0.114470,-0.061606,2.267514,0.056461,0.164491,2.342520,-0.251413,0.249268,2.681576,-0.061235,0.306433,2.442875,-0.279214,0.684402,2.463270,-0.477404,0.598771,2.677679,-0.535096,0.869401,2.438734,-0.469604,1.029223,2.747887
647,-0.307286,0.039985,2.755322,-0.266763,-0.172507,2.756937,-0.278588,-0.445387,2.641547,-0.000169,-0.391396,2.267639,0.117404,-0.062017,2.253463,0.055808,0.171212,2.344260,-0.247896,0.238060,2.685209,-0.061156,0.304814,2.435828,-0.276808,0.697473,2.469553,-0.481895,0.574289,2.679928,-0.434186,0.887093,2.408593,-0.507956,0.923445,2.685770
648,-0.311998,0.045862,2.762859,-0.273394,-0.190752,2.755900,-0.279185,-0.471486,2.635691,-0.000263,-0.405858,2.265483,0.102285,-0.068364,2.260956,0.051462,0.173700,2.333450,-0.256276,0.233378,2.675699,-0.077493,0.289177,2.435009,-0.326915,0.661096,2.455440,-0.478155,0.612300,2.689817,-0.561068,0.835469,2.436416,-0.430756,1.031864,2.765053
649,-0.311185,0.045205,2.754382,-0.286892,-0.200943,2.758427,-0.281121,-0.497339,2.628667,0.001334,-0.423470,2.256457,0.096359,-0.070056,2.249547,0.047000,0.181470,2.340977,-0.251771,0.227257,2.673849,-0.066067,0.278946,2.425490,-0.218553,0.711354,2.456162,-0.459775,0.610027,2.676517,-0.328362,0.956468,2.466651,-0.444890,0.945322,2.731580
650,-0.306529,0.036192,2.759536,-0.284133,-0.206262,2.752869,-0.287267,-0.504634,2.630988,0.008591,-0.428823,2.256484,0.097794,-0.075113,2.256643,0.049827,0.185451,2.349732,-0.254125,0.217506,2.669457,-0.057269,0.277220,2.425814,-0.237896,0.681858,2.472084,-0.481907,0.623071,2.677862,-0.393733,0.823586,2.406046,-0.456157,0.846776,2.681508
651,-0.310110,0.038019,2.758969,-0.280594,-0.195584,2.753577,-0.279192,-0.502746,2.628034,-0.000841,-0.447492,2.257241,0.086449,-0.093855,2.257707,0.051729,0.186920,2.343683,-0.252034,0.224198,2.666929,-0.056090,0.277351,2.425253,-0.263078,0.697290,2.464339,-0.481614,0.641099,2.689809,-0.469352,0.766377,2.382629,-0.467977,0.874301,2.692511
652,-0.310953,0.046779,2.757594,-0.288614,-0.203078,2.745974,-0.283749,-0.516311,2.623283,0.009595,-0.455707,2.249309,0.086570,-0.093277,2.255173,0.052299,0.187189,2.341196,-0.255320,0.219482,2.655529,-0.050862,0.275151,2.413786,-0.214845,0.704379,2.470236,-0.485596,0.644768,2.684238,-0.332109,0.884549,2.436314,-0.473660,0.912790,2.690354
653,-0.305192,0.050476,2.757171,-0.277647,-0.212290,2.743813,-0.273166,-0.522724,2.614294,0.006221,-0.472621,2.247573,0.084218,-0.105946,2.264492,0.047986,0.186124,2.336112,-0.252526,0.216614,2.655979,-0.061835,0.274155,2.417809,-0.296124,0.699145,2.483353,-0.484706,0.637087,2.676127,-0.515557,0.908245,2.478784,-0.455630,1.012646,2.740070
654,-0.328582,0.039918,2.749199,-0.294798,-0.230049,2.743757,-0.275519,-0.544536,2.613911,0.012634,-0.484850,2.242882,0.076211,-0.104045,2.263868,0.049411,0.190998,2.343119,-0.255220,0.212767,2.670103,-0.062719,0.268843,2.423321,-0.276417,0.706505,2.494789,-0.480938,0.654333,2.696170,-0.432457,1.014443,2.474327,-0.505247,1.006145,2.726506
655,-0.315283,0.039319,2.749821,-0.289409,-0.218517,2.740541,-0.269760,-0.552911,2.612065,0.015644,-0.494014,2.232274,0.072789,-0.098733,2.271457,0.048399,0.199355,2.333719,-0.258687,0.201015,2.672287,-0.069466,0.261376,2.417768,-0.278088,0.691676,2.480255,-0.463619,0.639471,2.668679,-0.488772,0.924853,2.483145,-0.445211,1.010448,2.740511
656,-0.316836,0.030490,2.750609,-0.291871,-0.232145,2.738889,-0.270572,-0.571689,2.609720,0.020241,-0.498072,2.220484,0.066873,-0.098382,2.253163,0.051456,0.195431,2.331697,-0.260785,0.195050,2.663900,-0.068324,0.253746,2.409015,-0.272135,0.598112,2.430747,-0.459864,0.621592,2.672276,-0.570973,0.846137,2.482125,-0.427842,1.049537,2.747424
657,-0.315699,0.019689,2.744533,-0.285161,-0.249279,2.734224,-0.259687,-0.591456,2.599188,0.030323,-0.511927,2.220219,0.070276,-0.118640,2.242411,0.046983,0.189382,2.321629,-0.260863,0.189263,2.654920,-0.063406,0.249641,2.411826,-0.234988,0.699468,2.487256,-0.478384,0.626881,2.662390,-0.372434,1.034689,2.521822,-0.486001,0.986913,2.722984
658,-0.320809,0.043864,2.744556,-0.283601,-0.255423,2.727482,-0.250910,-0.604446,2.600976,0.036796,-0.516314,2.211456,0.076417,-0.120480,2.230376,0.051020,0.175549,2.319234,-0.261070,0.181421,2.653704,-0.066893,0.247509,2.405269,-0.261666,0.682082,2.486515,-0.470842,0.628747,2.671664,-0.539983,0.892008,2.497059,-0.485551,1.012445,2.733696
659,-0.321351,0.054419,2.742795,-0.269549,-0.251596,2.725508,-0.243521,-0.606630,2.603866,0.036615,-0.512744,2.209859,0.073299,-0.113466,2.230974,0.053725,0.173576,2.332320,-0.259438,0.194655,2.658691,-0.057215,0.253982,2.400731,-0.228677,0.670848,2.458487,-0.468482,0.651080,2.662140,-0.418174,0.988676,2.512787,-0.494214,0.978181,2.722846
660,-0.335654,0.052230,2.739885,-0.288038,-0.260400,2.725595,-0.255015,-0.612677,2.605476,0.040598,-0.520452,2.208091,0.078246,-0.117196,2.226403,0.054071,0.175018,2.316216,-0.263528,0.182332,2.654044,-0.065558,0.241313,2.399530,-0.243731,0.722199,2.489397,-0.457917,0.627219,2.657711,-0.372299,1.073392,2.518700,-0.504625,1.027927,2.715721
661,-0.331827,-0.013801,2.744965,-0.287845,-0.265199,2.726982,-0.246020,-0.616608,2.604304,0.043201,-0.522250,2.209777,0.075770,-0.118977,2.233619,0.056919,0.181913,2.321506,-0.253910,0.185452,2.662557,-0.053623,0.246137,2.405719,-0.230392,0.710032,2.538647,-0.456551,0.622906,2.667986,-0.352235,0.932291,2.459755,-0.453269,0.909390,2.663246
662,-0.331376,0.003111,2.742029,-0.295902,-0.271494,2.722647,-0.247026,-0.616620,2.605139,0.045439,-0.523569,2.201844,0.072678,-0.113892,2.226368,0.055968,0.191996,2.319851,-0.262358,0.185938,2.659137,-0.072072,0.249367,2.400107,-0.279910,0.714721,2.500651,-0.458071,0.643721,2.665974,-0.493673,0.923969,2.484010,-0.454274,1.012952,2.713294
663,-0.336653,0.017629,2.744341,-0.292892,-0.271732,2.719440,-0.244553,-0.613407,2.603704,0.048328,-0.532477,2.202965,0.081953,-0.125123,2.229136,0.058829,0.193183,2.306640,-0.261340,0.180639,2.658319,-0.067989,0.245895,2.395597,-0.268737,0.700595,2.485051,-0.459406,0.630551,2.662099,-0.406258,0.993951,2.503629,-0.475824,0.995677,2.709465
664,-0.316389,-0.040316,2.740035,-0.298916,-0.285365,2.718050,-0.254101,-0.618299,2.593837,0.050536,-0.531508,2.196482,0.070549,-0.117745,2.225504,0.056580,0.188051,2.306208,-0.272977,0.169227,2.649204,-0.081195,0.230804,2.388201,-0.309057,0.702940,2.464743,-0.458676,0.647539,2.654888,-0.408950,1.051351,2.502072,-0.456708,1.061544,2.712693
665,-0.324813,-0.002735,2.744030,-0.300018,-0.276047,2.722405,-0.246032,-0.613538,2.598429,0.050967,-0.533085,2.201318,0.069188,-0.127384,2.234977,0.056638,0.182351,2.310046,-0.269243,0.177639,2.650259,-0.073015,0.235138,2.394955,-0.283932,0.720088,2.474150,-0.464015,0.652522,2.653363,-0.412402,1.086658,2.512394,-0.485464,1.081388,2.703336
666,-0.313990,0.046044,2.750212,-0.282584,-0.271734,2.716019,-0.244184,-0.608140,2.602221,0.054019,-0.533471,2.198685,0.074139,-0.127041,2.227943,0.060406,0.193550,2.315586,-0.266187,0.177948,2.653233,-0.057759,0.234665,2.393254,-0.251814,0.673779,2.415667,-0.476009,0.646826,2.653301,-0.364488,1.106201,2.502125,-0.517520,1.090115,2.705609
667,-0.315390,-0.008619,2.750461,-0.279554,-0.285925,2.719240,-0.247602,-0.619197,2.601652,0.056313,-0.535215,2.195280,0.067884,-0.120064,2.226306,0.058349,0.187376,2.311586,-0.273115,0.160482,2.656153,-0.074378,0.218686,2.392159,-0.284322,0.616867,2.405002,-0.455547,0.627680,2.658120,-0.419895,1.041688,2.502292,-0.494313,1.083923,2.733315
668,-0.303371,0.033926,2.756873,-0.274624,-0.265589,2.716686,-0.250321,-0.617012,2.594336,0.050502,-0.532689,2.194499,0.051342,-0.126839,2.228335,0.048441,0.186973,2.303156,-0.274832,0.167568,2.644003,-0.085536,0.219678,2.385215,-0.273100,0.714553,2.479826,-0.452626,0.630654,2.651833,-0.438849,1.088039,2.504532,-0.501521,1.132250,2.710272
669,-0.317127,0.021467,2.753624,-0.272432,-0.255876,2.718394,-0.246141,-0.610824,2.597009,0.053695,-0.535300,2.197723,0.065618,-0.122127,2.227529,0.051921,0.195323,2.303107,-0.267358,0.172110,2.649724,-0.074223,0.229929,2.391109,-0.277418,0.734980,2.470195,-0.461347,0.636714,2.656792,-0.378670,1.135978,2.516515,-0.504707,1.135705,2.725814
670,-0.294089,-0.047850,2.748414,-0.268561,-0.291169,2.714519,-0.239506,-0.614116,2.600342,0.054782,-0.533173,2.196557,0.069331,-0.117429,2.229700,0.049328,0.198919,2.304433,-0.269348,0.168831,2.647068,-0.075017,0.227223,2.388949,-0.269525,0.731734,2.470115,-0.476600,0.628387,2.648542,-0.340166,1.157553,2.518667,-0.505493,1.123651,2.721287
671,-0.324045,0.007557,2.748985,-0.274570,-0.281704,2.715578,-0.237729,-0.616309,2.602318,0.059012,-0.531800,2.193037,0.073685,-0.113448,2.226744,0.050549,0.199400,2.303509,-0.266480,0.173309,2.650955,-0.072046,0.228370,2.393386,-0.260045,0.675214,2.401310,-0.470760,0.627701,2.655938,-0.343061,1.140330,2.506230,-0.504028,1.121847,2.714958
672,-0.328541,0.039329,2.751579,-0.276645,-0.273850,2.719733,-0.240385,-0.614269,2.601294,0.061644,-0.530328,2.195323,0.072902,-0.111865,2.219002,0.053875,0.196687,2.310790,-0.264107,0.168706,2.655230,-0.071166,0.228670,2.397132,-0.253467,0.711096,2.486614,-0.450415,0.606879,2.675308,-0.395753,1.043918,2.486076,-0.488841,1.086982,2.733276
673,-0.323777,0.020981,2.749551,-0.275824,-0.277442,2.725187,-0.240687,-0.616007,2.601139,0.063231,-0.530308,2.196275,0.074666,-0.114825,2.217234,0.052504,0.189959,2.303504,-0.264718,0.166305,2.654000,-0.072191,0.230669,2.395165,-0.293179,0.707960,2.481605,-0.449151,0.610728,2.672731,-0.392118,1.044480,2.493410,-0.492149,1.075445,2.724081
674,-0.332565,0.040500,2.750334,-0.282479,-0.260993,2.730482,-0.246757,-0.612849,2.604097,0.064055,-0.530413,2.197492,0.076990,-0.115230,2.215306,0.052842,0.185368,2.305506,-0.267101,0.168440,2.656091,-0.068302,0.232639,2.400436,-0.265814,0.705985,2.489640,-0.448131,0.612557,2.671868,-0.398936,1.037035,2.493507,-0.492901,1.076064,2.722267
675,-0.317771,0.054025,2.753784,-0.271747,-0.251464,2.729582,-0.239214,-0.606497,2.605097,0.057231,-0.530538,2.197160,0.069684,-0.113477,2.220609,0.053281,0.193615,2.313552,-0.264501,0.178213,2.649910,-0.075493,0.235626,2.395492,-0.265029,0.726755,2.479811,-0.457569,0.631005,2.665365,-0.347556,1.111423,2.519819,-0.499034,1.117508,2.725610
676,-0.282214,-0.073532,2.745975,-0.288707,-0.292276,2.727898,-0.245886,-0.616391,2.604694,0.061291,-0.531743,2.199364,0.075690,-0.121544,2.211339,0.057080,0.188551,2.308973,-0.267767,0.167996,2.653248,-0.062996,0.233436,2.397556,-0.245606,0.711483,2.483125,-0.441520,0.611040,2.661725,-0.466677,0.986296,2.471025,-0.447223,1.103829,2.732951
677,-0.302679,0.012692,2.751621,-0.279271,-0.280954,2.727951,-0.244435,-0.606697,2.606423,0.057399,-0.526003,2.197788,0.065599,-0.117150,2.220598,0.052681,0.193133,2.311958,-0.269027,0.176765,2.656001,-0.071156,0.238298,2.395030,-0.257302,0.716482,2.483586,-0.447924,0.614981,2.670517,-0.423933,1.022515,2.483796,-0.477603,1.084976,2.728732
678,-0.311798,0.032422,2.754213,-0.273737,-0.255893,2.733493,-0.247196,-0.601626,2.611566,0.060136,-0.521893,2.199180,0.071796,-0.111329,2.218922,0.056600,0.189853,2.306173,-0.261680,0.180245,2.654573,-0.059389,0.237606,2.393592,-0.249274,0.652538,2.406428,-0.465390,0.619238,2.662937,-0.334261,1.049200,2.483977,-0.479842,1.061669,2.721039
679,-0.319109,0.027884,2.750290,-0.282302,-0.275116,2.731259,-0.250297,-0.605436,2.607515,0.058202,-0.515704,2.197444,0.070408,-0.103683,2.226380,0.057116,0.195545,2.313988,-0.271923,0.177153,2.656297,-0.070478,0.232714,2.396370,-0.243526,0.719652,2.476979,-0.462537,0.637388,2.662268,-0.373860,1.065727,2.492519,-0.481829,1.087303,2.726582
680,-0.320300,0.004937,2.754421,-0.279427,-0.269556,2.729902,-0.252282,-0.604787,2.606834,0.058544,-0.520335,2.200348,0.074136,-0.108101,2.225421,0.057878,0.195647,2.317124,-0.271371,0.173019,2.651529,-0.075322,0.227723,2.390373,-0.307874,0.703187,2.478507,-0.456800,0.624224,2.664297,-0.408306,1.042397,2.485961,-0.487582,1.082315,2.729017
681,-0.313443,-0.171915,2.743412,-0.295011,-0.311738,2.728778,-0.251182,-0.607559,2.604793,0.057545,-0.510447,2.198931,0.077465,-0.095931,2.226031,0.059270,0.197233,2.317624,-0.278852,0.177669,2.653969,-0.075911,0.237780,2.390917,-0.285005,0.730568,2.482085,-0.478472,0.622784,2.664089,-0.347882,1.090217,2.497044,-0.502190,1.067873,2.725279
682,-0.328734,0.037779,2.745844,-0.275571,-0.269296,2.734231,-0.247381,-0.597190,2.609153,0.049372,-0.502614,2.198538,0.073043,-0.096207,2.219386,0.055512,0.199406,2.319494,-0.270654,0.187644,2.662683,-0.073152,0.243582,2.396663,-0.304752,0.697682,2.468251,-0.467387,0.615975,2.645066,-0.396940,1.024544,2.461487,-0.465492,1.053052,2.718601
683,-0.328330,0.024797,2.756095,-0.281013,-0.261696,2.743992,-0.251313,-0.598336,2.603954,0.050248,-0.499157,2.200547,0.079019,-0.090669,2.218532,0.062174,0.203189,2.321789,-0.276524,0.185909,2.657478,-0.073630,0.245401,2.396753,-0.296007,0.730502,2.484719,-0.494828,0.625946,2.664356,-0.350539,1.074861,2.480846,-0.509589,1.050244,2.718550
684,-0.310099,0.039342,2.750654,-0.277491,-0.244599,2.743098,-0.249287,-0.586335,2.599312,0.051298,-0.494701,2.202322,0.083377,-0.094043,2.207502,0.065862,0.189069,2.314213,-0.274319,0.186389,2.664967,-0.078322,0.245610,2.403867,-0.310338,0.730391,2.473743,-0.498875,0.647824,2.667273,-0.386035,1.021898,2.454943,-0.498229,1.035689,2.703843
685,-0.316323,0.048724,2.748457,-0.274195,-0.228346,2.745273,-0.243806,-0.566044,2.604605,0.042144,-0.485267,2.209410,0.083576,-0.096860,2.208972,0.056653,0.163126,2.303313,-0.274314,0.202940,2.658693,-0.092877,0.262257,2.402934,-0.285781,0.704649,2.461581,-0.444960,0.639330,2.675204,-0.447885,1.003064,2.479696,-0.420626,1.095159,2.762789
686,-0.313658,0.024189,2.732131,-0.287597,-0.222436,2.752743,-0.250952,-0.560160,2.605770,0.043772,-0.477429,2.209940,0.085646,-0.091465,2.197962,0.061461,0.150073,2.304614,-0.272751,0.194996,2.657455,-0.083201,0.262935,2.397230,-0.283224,0.683860,2.448772,-0.469097,0.607030,2.659763,-0.431419,0.926783,2.405208,-0.397992,0.953219,2.708696
687,-0.309290,0.055721,2.737199,-0.283730,-0.208686,2.753890,-0.245346,-0.548131,2.605323,0.042668,-0.474631,2.213539,0.086200,-0.088509,2.200948,0.053886,0.139477,2.303919,-0.260101,0.205988,2.658366,-0.081601,0.266760,2.399619,-0.281018,0.673447,2.458838,-0.459953,0.606575,2.670496,-0.455883,0.849764,2.416983,-0.353991,0.967385,2.736685
688,-0.306244,0.019699,2.733022,-0.297317,-0.206361,2.762043,-0.252952,-0.544842,2.608868,0.047159,-0.469843,2.220236,0.092429,-0.085059,2.207530,0.064533,0.138920,2.309282,-0.266032,0.210292,2.656616,-0.068588,0.268258,2.402764,-0.269776,0.662078,2.439551,-0.500769,0.616429,2.659768,-0.384755,0.916025,2.409789,-0.452814,0.924643,2.684908
689,-0.307445,0.010357,2.729763,-0.301049,-0.207698,2.759135,-0.255269,-0.526466,2.600643,0.047010,-0.455027,2.222140,0.091417,-0.073216,2.208077,0.058814,0.157439,2.311105,-0.259913,0.231694,2.649259,-0.063039,0.289859,2.401969,-0.277333,0.697333,2.487031,-0.485287,0.647289,2.670151,-0.432515,0.831946,2.376136,-0.361755,0.885749,2.683288
690,-0.343764,-0.076771,2.726702,-0.307026,-0.206337,2.768996,-0.255671,-0.512360,2.608649,0.047544,-0.437238,2.218634,0.101861,-0.063548,2.210715,0.063150,0.160455,2.307044,-0.265737,0.240997,2.652111,-0.063390,0.305725,2.399814,-0.271728,0.752908,2.467348,-0.517758,0.643670,2.667524,-0.392030,0.946588,2.403480,-0.513952,0.928877,2.678106
691,-0.319364,0.072996,2.742619,-0.292145,-0.182637,2.767135,-0.251295,-0.485562,2.617011,0.047856,-0.418783,2.223099,0.107430,-0.053665,2.213098,0.063874,0.167775,2.313071,-0.258399,0.254503,2.657405,-0.057890,0.316902,2.401359,-0.265729,0.740337,2.464679,-0.488816,0.637257,2.672039,-0.483240,0.949328,2.416126,-0.464435,1.058204,2.731910
692,-0.319647,0.059379,2.742189,-0.294316,-0.164041,2.765573,-0.254976,-0.458791,2.622889,0.043204,-0.397119,2.229389,0.109226,-0.052283,2.216617,0.061251,0.175127,2.312731,-0.253418,0.272072,2.665956,-0.050209,0.334452,2.407269,-0.216479,0.783619,2.479390,-0.492364,0.642541,2.670874,-0.349643,1.104770,2.469328,-0.554414,1.048398,2.717248
693,-0.317167,0.086737,2.743810,-0.276523,-0.143499,2.772367,-0.263161,-0.426614,2.627986,0.037359,-0.376659,2.235658,0.115951,-0.055691,2.224721,0.057882,0.174909,2.315440,-0.254045,0.295757,2.670877,-0.054348,0.350001,2.412426,-0.203957,0.791059,2.487323,-0.490098,0.663826,2.689721,-0.332699,1.105903,2.469225,-0.509218,1.057083,2.715527
694,-0.322511,0.081611,2.744054,-0.265861,-0.127053,2.776012,-0.257755,-0.358478,2.641394,0.026904,-0.328231,2.245101,0.139685,-0.051651,2.226266,0.057752,0.169049,2.310603,-0.251026,0.341983,2.671008,-0.061369,0.392273,2.414609,-0.284234,0.824648,2.479628,-0.527081,0.747266,2.699051,-0.460645,1.108669,2.502627,-0.504398,1.131770,2.720187
695,-0.309629,0.070376,2.742877,-0.264740,-0.121561,2.770514,-0.256498,-0.320683,2.645126,0.028593,-0.287700,2.250824,0.158913,-0.033744,2.215705,0.054980,0.167158,2.313062,-0.242698,0.353115,2.681302,-0.043727,0.408533,2.417883,-0.240096,0.778563,2.479597,-0.488171,0.659629,2.670570,-0.482060,0.953989,2.414685,-0.397315,1.110280,2.735376
696,-0.309277,0.067019,2.737583,-0.257917,-0.108990,2.763186,-0.263333,-0.321256,2.649295,0.026169,-0.259864,2.254886,0.173846,-0.024827,2.236019,0.062026,0.165182,2.333871,-0.245305,0.343237,2.682230,-0.057073,0.410179,2.427295,-0.325715,0.736956,2.482984,-0.511451,0.715866,2.701123,-0.655764,0.875150,2.434416,-0.361987,1.135216,2.761672
697,-0.318116,0.051624,2.744172,-0.260658,-0.128861,2.774792,-0.264442,-0.314245,2.645258,0.023997,-0.257153,2.258475,0.180872,-0.023562,2.239397,0.073115,0.158544,2.326631,-0.241730,0.338929,2.677217,-0.049948,0.405336,2.429672,-0.337197,0.726674,2.469892,-0.513655,0.709570,2.688472,-0.668719,0.906318,2.433817,-0.407219,1.137624,2.738452
698,-0.318088,0.067995,2.737278,-0.254630,-0.106863,2.769855,-0.253339,-0.301544,2.653398,0.026127,-0.253410,2.260830,0.186592,-0.024675,2.276457,0.073528,0.153175,2.334122,-0.226836,0.348774,2.686485,-0.037475,0.407167,2.432673,-0.274058,0.644254,2.475805,-0.471028,0.637454,2.660492,-0.631720,0.801470,2.413226,-0.389551,1.125190,2.723868
699,-0.319335,0.077505,2.742047,-0.289080,-0.090758,2.768720,-0.254351,-0.286780,2.659089,0.030181,-0.250525,2.269195,0.176864,-0.026199,2.287459,0.074324,0.152946,2.325480,-0.225614,0.357746,2.679665,-0.031450,0.410900,2.431838,-0.211829,0.714159,2.506003,-0.462133,0.635453,2.671321,-0.580406,0.887626,2.480422,-0.445144,1.100467,2.721734
700,-0.295178,0.061238,2.743367,-0.289394,-0.097496,2.767937,-0.250571,-0.302986,2.659848,0.030373,-0.253282,2.272381,0.173628,-0.031192,2.293840,0.066444,0.148840,2.333190,-0.207853,0.341299,2.676335,-0.020246,0.395845,2.428740,-0.195797,0.700761,2.459508,-0.481271,0.662278,2.689087,-0.438667,0.935846,2.416026,-0.494925,0.966110,2.670867
701,-0.295825,0.061422,2.733302,-0.290953,-0.102564,2.757698,-0.248798,-0.308222,2.659869,0.028070,-0.263954,2.269428,0.169423,-0.035099,2.299155,0.069793,0.146577,2.333502,-0.209605,0.328635,2.685473,-0.023484,0.377472,2.432781,-0.191972,0.717874,2.480852,-0.512609,0.684552,2.687348,-0.373007,0.974652,2.451132,-0.532816,0.988867,2.672157
702,-0.289686,0.060517,2.735301,-0.257289,-0.105628,2.744852,-0.236294,-0.314653,2.654640,0.029699,-0.260768,2.267770,0.168492,-0.029881,2.298042,0.069009,0.149189,2.345584,-0.205155,0.341084,2.681676,-0.031668,0.391773,2.433473,-0.290157,0.711397,2.500461,-0.458932,0.714722,2.716113,-0.577760,0.914390,2.468500,-0.452908,1.080497,2.710139
703,-0.279738,0.071984,2.732037,-0.245846,-0.100679,2.744138,-0.228564,-0.315811,2.659493,0.031201,-0.260339,2.265817,0.168110,-0.027630,2.283753,0.066725,0.151997,2.337198,-0.198383,0.328911,2.684896,-0.025110,0.385876,2.433534,-0.270676,0.690123,2.458160,-0.453771,0.693582,2.709019,-0.539273,0.832076,2.431048,-0.453291,1.006728,2.684131
704,-0.291579,0.068674,2.727529,-0.251122,-0.100082,2.755554,-0.234196,-0.323879,2.659439,0.030309,-0.265543,2.274250,0.167135,-0.030581,2.276369,0.067681,0.150167,2.333221,-0.203579,0.329911,2.684859,-0.034605,0.378842,2.430829,-0.295975,0.628092,2.456624,-0.432556,0.689732,2.724109,-0.596342,0.757576,2.398708,-0.439843,0.988812,2.675199
705,-0.292677,0.051277,2.740289,-0.265719,-0.121812,2.756546,-0.237391,-0.331100,2.652790,0.028579,-0.267079,2.276881,0.172659,-0.030305,2.268192,0.071864,0.146750,2.330399,-0.213378,0.318227,2.689375,-0.040860,0.376348,2.434782,-0.316384,0.642611,2.465118,-0.433950,0.693237,2.717731,-0.604316,0.780035,2.410425,-0.414690,0.996985,2.697163
706,-0.286419,0.032056,2.735870,-0.231422,-0.152271,2.746084,-0.231487,-0.343307,2.649440,0.025684,-0.265720,2.281671,0.173342,-0.029766,2.271881,0.068574,0.148564,2.335186,-0.218947,0.315230,2.682477,-0.048026,0.385021,2.439255,-0.326316,0.664533,2.476399,-0.445556,0.609966,2.669994,-0.603535,0.757994,2.380952,-0.465194,0.970490,2.675262
707,-0.293321,0.039991,2.739943,-0.229089,-0.136464,2.750066,-0.237607,-0.333155,2.651636,0.027846,-0.272058,2.275025,0.172357,-0.033334,2.268515,0.080125,0.146043,2.325958,-0.216810,0.321443,2.683811,-0.037626,0.384304,2.434058,-0.237080,0.700180,2.473063,-0.499848,0.655512,2.706042,-0.483051,0.856134,2.414907,-0.530125,0.931531,2.662774
708,-0.293931,0.048722,2.741832,-0.270280,-0.122485,2.754787,-0.240322,-0.330044,2.650802,0.030425,-0.271464,2.275439,0.175357,-0.035330,2.268188,0.079623,0.140686,2.326623,-0.219132,0.327363,2.679953,-0.040498,0.387829,2.437638,-0.265022,0.703382,2.485361,-0.467210,0.614540,2.664426,-0.519522,0.822926,2.385997,-0.475353,0.941746,2.666827
709,-0.293986,0.051065,2.737951,-0.236797,-0.112758,2.750174,-0.239429,-0.331803,2.650222,0.030234,-0.273001,2.273799,0.175884,-0.038335,2.283495,0.081338,0.138390,2.338462,-0.221867,0.325528,2.686651,-0.047369,0.388345,2.442107,-0.242063,0.731581,2.489889,-0.487902,0.613947,2.665940,-0.464704,0.855482,2.394735,-0.517281,0.937236,2.666612
710,-0.292824,0.050594,2.733646,-0.231894,-0.108341,2.748458,-0.238564,-0.328780,2.644691,0.030066,-0.274918,2.269178,0.171213,-0.039185,2.283550,0.080254,0.136027,2.337147,-0.227672,0.322250,2.694852,-0.044142,0.385084,2.445835,-0.250221,0.695606,2.496946,-0.450941,0.640582,2.688059,-0.572504,0.826230,2.428526,-0.476498,1.022673,2.709611
711,-0.287190,0.049114,2.732450,-0.226705,-0.119056,2.746585,-0.225871,-0.333540,2.649861,0.031642,-0.275794,2.272530,0.172201,-0.044572,2.278658,0.078621,0.139813,2.334687,-0.225552,0.324978,2.694953,-0.047004,0.388896,2.449710,-0.276869,0.701690,2.504226,-0.469675,0.604568,2.690266,-0.588625,0.877742,2.454941,-0.507427,1.038311,2.720372
712,-0.290357,0.055405,2.734912,-0.225744,-0.115198,2.748443,-0.232365,-0.329269,2.651331,0.030052,-0.283618,2.274773,0.170946,-0.066773,2.264163,0.076232,0.128197,2.326292,-0.235872,0.321970,2.688526,-0.058496,0.381390,2.444295,-0.261056,0.719792,2.482570,-0.492751,0.671236,2.715104,-0.521582,0.920650,2.461061,-0.544261,1.004335,2.695428
713,-0.293443,0.067732,2.727372,-0.228336,-0.099077,2.748832,-0.230580,-0.331075,2.656059,0.030931,-0.279823,2.269983,0.179871,-0.065960,2.268730,0.075594,0.134317,2.341418,-0.231121,0.318637,2.697578,-0.048680,0.378160,2.442786,-0.244961,0.727062,2.484973,-0.489082,0.680591,2.710578,-0.473051,0.960337,2.466668,-0.539518,1.006699,2.687053
714,-0.290025,0.064307,2.731199,-0.224385,-0.107657,2.755064,-0.227149,-0.331404,2.654225,0.028419,-0.280532,2.273446,0.175474,-0.061447,2.268386,0.072187,0.134636,2.332752,-0.234009,0.327149,2.693395,-0.063632,0.382008,2.450618,-0.310955,0.702965,2.482950,-0.474846,0.635938,2.690794,-0.555372,0.905382,2.452826,-0.502410,1.044199,2.716612
715,-0.288325,0.059574,2.737953,-0.227797,-0.111463,2.756820,-0.230377,-0.331779,2.655065,0.031575,-0.283645,2.268327,0.171046,-0.056841,2.262671,0.074808,0.127668,2.321174,-0.233480,0.320126,2.697344,-0.064496,0.382809,2.444892,-0.304946,0.686821,2.447971,-0.487890,0.681667,2.712998,-0.593718,0.847175,2.447576,-0.497823,1.066339,2.714070
716,-0.287890,0.045695,2.740265,-0.228923,-0.113825,2.757955,-0.227161,-0.335288,2.653664,0.031855,-0.282418,2.268258,0.172997,-0.053284,2.265351,0.074415,0.127425,2.330043,-0.232439,0.322754,2.700120,-0.056784,0.388656,2.451063,-0.297113,0.723447,2.508180,-0.497057,0.689609,2.719716,-0.578050,0.894511,2.474890,-0.538643,1.037207,2.714204
717,-0.288523,0.052956,2.735404,-0.228482,-0.107954,2.759914,-0.229310,-0.330559,2.656195,0.030307,-0.286967,2.266723,0.171185,-0.056296,2.266895,0.075610,0.134146,2.326189,-0.236210,0.326219,2.695724,-0.061390,0.384454,2.444146,-0.294835,0.707380,2.456788,-0.495675,0.680552,2.711547,-0.552565,0.896049,2.447288,-0.537309,1.013576,2.687004
718,-0.288295,0.056451,2.731921,-0.250203,-0.106356,2.762361,-0.231628,-0.334098,2.657277,0.027711,-0.292042,2.270200,0.165889,-0.054692,2.268721,0.072831,0.138436,2.331863,-0.233745,0.318859,2.693938,-0.060877,0.378600,2.439356,-0.290070,0.676069,2.443332,-0.490992,0.664521,2.697208,-0.552347,0.855528,2.425194,-0.530267,0.985211,2.678857
719,-0.290652,0.068150,2.732769,-0.234879,-0.090014,2.756470,-0.237023,-0.327081,2.660633,0.025094,-0.295625,2.274046,0.170714,-0.054761,2.274441,0.069741,0.143118,2.330767,-0.236412,0.325118,2.689433,-0.061723,0.377912,2.439942,-0.385398,0.651914,2.440603,-0.491590,0.669869,2.688750,-0.570518,0.873810,2.438917,-0.498041,1.054995,2.701674
720,-0.296308,0.076420,2.728937,-0.233245,-0.067526,2.756117,-0.247678,-0.322938,2.671046,0.024634,-0.299531,2.274502,0.169386,-0.056357,2.285021,0.068667,0.145615,2.343151,-0.236110,0.326027,2.697492,-0.065252,0.376893,2.446222,-0.317843,0.688474,2.452157,-0.501025,0.689642,2.714518,-0.544784,0.843305,2.416913,-0.501447,1.002189,2.669094
721,-0.303285,0.073941,2.737527,-0.234363,-0.078001,2.765284,-0.251410,-0.332377,2.657634,0.022168,-0.301938,2.278263,0.162654,-0.056011,2.279427,0.070788,0.147053,2.341024,-0.246431,0.323859,2.694059,-0.070094,0.380193,2.448907,-0.335133,0.708709,2.461972,-0.507638,0.678835,2.687246,-0.526084,0.905866,2.434678,-0.572019,1.014606,2.673977
722,-0.304485,0.065469,2.725215,-0.240666,-0.078871,2.759969,-0.251328,-0.331996,2.660871,0.021982,-0.304307,2.277965,0.168643,-0.053730,2.260363,0.073028,0.146093,2.326617,-0.241002,0.326504,2.695844,-0.066129,0.387394,2.450326,-0.308554,0.729191,2.457254,-0.506824,0.674505,2.690846,-0.528980,0.925903,2.442534,-0.553201,1.036281,2.690178
723,-0.315565,0.069382,2.734603,-0.244181,-0.090509,2.773460,-0.253137,-0.337685,2.659754,0.016307,-0.308721,2.274181,0.163003,-0.058473,2.262959,0.072932,0.145574,2.325200,-0.243105,0.325675,2.697330,-0.067666,0.386698,2.448308,-0.359381,0.684491,2.446613,-0.510607,0.684103,2.691167,-0.536663,0.910741,2.437813,-0.571863,1.048298,2.680608
724,-0.309979,0.070450,2.737428,-0.247420,-0.095961,2.781247,-0.254623,-0.339755,2.661155,0.017207,-0.308476,2.271990,0.159577,-0.055348,2.253508,0.073741,0.145056,2.326007,-0.241211,0.326152,2.698330,-0.065299,0.385811,2.447005,-0.364672,0.701335,2.464721,-0.511600,0.688767,2.694075,-0.552779,0.921300,2.453619,-0.572764,1.075868,2.695597
725,-0.314388,0.059614,2.741825,-0.253437,-0.122092,2.779817,-0.262149,-0.355680,2.659394,0.007902,-0.313139,2.271602,0.157654,-0.053590,2.253412,0.070627,0.143577,2.327693,-0.252608,0.328502,2.701144,-0.078419,0.382310,2.450966,-0.327100,0.714041,2.473231,-0.511290,0.685790,2.697504,-0.538004,0.922421,2.443479,-0.559996,1.038360,2.682425
726,-0.301961,0.064607,2.730344,-0.281607,-0.118589,2.782314,-0.260881,-0.357003,2.660234,0.008491,-0.317744,2.271767,0.164997,-0.050806,2.255780,0.070666,0.142894,2.335351,-0.253545,0.320474,2.702428,-0.080269,0.377922,2.444678,-0.357309,0.636118,2.428906,-0.494859,0.670864,2.682355,-0.595394,0.753950,2.380871,-0.454993,1.081523,2.689899
727,-0.311614,0.050883,2.728570,-0.264423,-0.123905,2.773885,-0.265674,-0.370675,2.655454,0.007067,-0.322617,2.272470,0.159708,-0.049494,2.258094,0.069827,0.144542,2.336366,-0.258546,0.313711,2.696353,-0.077410,0.379143,2.442048,-0.297100,0.690221,2.460185,-0.510346,0.674791,2.699848,-0.546339,0.819546,2.401003,-0.495575,1.014416,2.685287
728,-0.319529,0.064885,2.739380,-0.262165,-0.120541,2.778936,-0.275717,-0.379621,2.651630,0.006746,-0.331747,2.276373,0.154785,-0.052882,2.265137,0.066704,0.149896,2.325749,-0.259462,0.312780,2.697259,-0.077310,0.373695,2.443245,-0.311911,0.644436,2.431627,-0.519545,0.684355,2.699808,-0.559312,0.870093,2.422185,-0.496102,1.035545,2.708264
729,-0.304259,0.059783,2.735043,-0.272181,-0.138478,2.774102,-0.274028,-0.385906,2.650470,0.003618,-0.341157,2.270401,0.152359,-0.056168,2.258301,0.063122,0.147772,2.337890,-0.266070,0.309060,2.697418,-0.087795,0.371647,2.445755,-0.374014,0.672692,2.467246,-0.500258,0.696318,2.712146,-0.635403,0.855685,2.433285,-0.463614,1.106399,2.740473
730,-0.307365,0.050889,2.739539,-0.273816,-0.139250,2.765000,-0.265825,-0.398736,2.646894,0.004027,-0.341617,2.272165,0.157254,-0.058440,2.263212,0.056642,0.149891,2.340553,-0.257112,0.310100,2.695056,-0.088924,0.365177,2.446371,-0.379371,0.691425,2.464884,-0.506902,0.709010,2.708732,-0.576477,0.925995,2.443408,-0.469112,1.111791,2.745838
731,-0.311805,0.059154,2.748459,-0.246740,-0.133631,2.765602,-0.267729,-0.392759,2.643005,0.003901,-0.346854,2.274085,0.143668,-0.070421,2.258510,0.053998,0.157636,2.332798,-0.251324,0.301317,2.695591,-0.079005,0.357315,2.446103,-0.385480,0.696254,2.463489,-0.483696,0.612044,2.668603,-0.608230,0.914566,2.463527,-0.467609,1.136160,2.769913
732,-0.316242,0.064667,2.753207,-0.258639,-0.150254,2.766944,-0.275354,-0.395557,2.643547,0.004659,-0.353515,2.271399,0.143901,-0.073121,2.273855,0.058944,0.162376,2.344152,-0.246243,0.287588,2.678139,-0.069809,0.348711,2.435047,-0.324469,0.694373,2.480837,-0.467247,0.637382,2.672711,-0.608409,0.855582,2.433276,-0.435870,1.099626,2.759111
733,-0.319185,0.052876,2.745665,-0.269033,-0.153642,2.756141,-0.278252,-0.418658,2.643561,0.002141,-0.362383,2.263824,0.124226,-0.071469,2.268874,0.054575,0.162222,2.340978,-0.251073,0.276507,2.688007,-0.059136,0.333743,2.436153,-0.274320,0.678817,2.482092,-0.465263,0.614709,2.680061,-0.571694,0.784090,2.419999,-0.454466,1.019086,2.721610
734,-0.310789,0.058817,2.746974,-0.256688,-0.142433,2.759329,-0.268939,-0.422197,2.638739,0.001315,-0.372138,2.267007,0.134986,-0.068499,2.268768,0.059158,0.163741,2.341604,-0.248815,0.276288,2.680846,-0.063771,0.334316,2.432840,-0.302693,0.715439,2.474793,-0.501627,0.711917,2.736042,-0.534670,0.871272,2.446191,-0.491076,0.990967,2.733257
735,-0.305174,0.056793,2.755207,-0.250621,-0.152212,2.754390,-0.265167,-0.434298,2.636397,0.001300,-0.382521,2.267070,0.120663,-0.073633,2.272669,0.051358,0.163878,2.337312,-0.249748,0.266888,2.677416,-0.067628,0.324795,2.425282,-0.298535,0.664454,2.459203,-0.471199,0.627575,2.692988,-0.543197,0.796813,2.403986,-0.467589,0.972016,2.710327
736,-0.309990,0.049804,2.750054,-0.271827,-0.172714,2.755007,-0.273716,-0.450762,2.635688,0.004925,-0.388806,2.263849,0.114091,-0.080123,2.273896,0.056262,0.163756,2.346223,-0.254282,0.256492,2.679775,-0.064365,0.312393,2.422813,-0.275995,0.641345,2.457972,-0.457626,0.607492,2.693983,-0.573494,0.732165,2.397715,-0.408418,0.984621,2.716656
737,-0.309752,0.057672,2.745673,-0.276915,-0.177023,2.757319,-0.274214,-0.457533,2.632368,0.005448,-0.400931,2.262018,0.109273,-0.083657,2.270705,0.052756,0.162819,2.353331,-0.252546,0.249272,2.683043,-0.052489,0.304596,2.431350,-0.269789,0.659238,2.443447,-0.471977,0.609080,2.690130,-0.534686,0.792171,2.418052,-0.523700,0.920728,2.693805
738,-0.307834,0.037943,2.747547,-0.275614,-0.206241,2.748808,-0.269633,-0.482629,2.622326,0.005579,-0.408712,2.260871,0.102494,-0.081063,2.260734,0.053011,0.167178,2.346000,-0.251898,0.240698,2.671104,-0.069457,0.294393,2.423181,-0.296817,0.611668,2.429462,-0.445580,0.579797,2.669361,-0.566488,0.711840,2.384761,-0.420947,0.964933,2.694490
739,-0.305342,0.037900,2.752594,-0.278287,-0.213658,2.751625,-0.267541,-0.491779,2.620816,0.007018,-0.420742,2.256382,0.100619,-0.080321,2.254875,0.053727,0.171020,2.344378,-0.243938,0.223641,2.666589,-0.060012,0.277830,2.419286,-0.276302,0.622926,2.430075,-0.463117,0.669897,2.709312,-0.509325,0.765858,2.391271,-0.467623,0.910931,2.677591
740,-0.312758,0.054411,2.749984,-0.269230,-0.198274,2.742229,-0.265607,-0.499349,2.621594,0.009012,-0.432684,2.252708,0.101922,-0.080278,2.245132,0.053848,0.173980,2.335013,-0.244448,0.223528,2.669825,-0.064478,0.276694,2.421788,-0.298265,0.658285,2.436102,-0.468354,0.690691,2.701289,-0.487455,0.782345,2.392377,-0.501848,0.900333,2.668652
741,-0.301675,0.026675,2.759025,-0.273095,-0.230364,2.743332,-0.265054,-0.505622,2.620816,0.010269,-0.441671,2.248763,0.095444,-0.084013,2.253847,0.052234,0.176210,2.331592,-0.250146,0.228458,2.660837,-0.068840,0.288702,2.418783,-0.277413,0.655038,2.438946,-0.471450,0.696143,2.695131,-0.489517,0.750967,2.396685,-0.417805,0.883509,2.670024
742,-0.309526,0.023025,2.755083,-0.279849,-0.234699,2.739350,-0.262577,-0.525689,2.609257,0.014530,-0.469117,2.241576,0.090954,-0.105878,2.253139,0.053073,0.178495,2.330398,-0.250616,0.208699,2.656689,-0.064284,0.261557,2.413080,-0.274361,0.620569,2.433573,-0.460479,0.673442,2.703646,-0.502019,0.666231,2.385535,-0.392270,0.908289,2.689347
743,-0.309834,0.035621,2.751800,-0.272684,-0.233083,2.732040,-0.268377,-0.543126,2.604831,0.021539,-0.477707,2.234820,0.080750,-0.101309,2.243110,0.050847,0.181537,2.336681,-0.254142,0.208212,2.651209,-0.061072,0.263277,2.410068,-0.268659,0.630656,2.429786,-0.438251,0.592019,2.664709,-0.522303,0.729775,2.401391,-0.427038,0.920884,2.691895
744,-0.301336,0.032200,2.742029,-0.279431,-0.239661,2.730499,-0.264942,-0.546316,2.610556,0.020897,-0.484848,2.234205,0.086500,-0.107914,2.236377,0.054205,0.183419,2.329467,-0.243543,0.224768,2.656189,-0.045203,0.277554,2.416947,-0.239999,0.694508,2.492715,-0.447348,0.705128,2.722328,-0.417212,0.930224,2.483630,-0.479965,0.948234,2.733788
745,-0.315114,0.038662,2.748304,-0.282367,-0.251108,2.728815,-0.257355,-0.575095,2.600839,0.025722,-0.502991,2.228079,0.081086,-0.103680,2.232134,0.051127,0.184279,2.326671,-0.248848,0.214878,2.650135,-0.057080,0.269074,2.407627,-0.271878,0.694002,2.469096,-0.444971,0.649794,2.690757,-0.542257,0.849847,2.445239,-0.466194,1.013727,2.710052
746,-0.329432,0.032888,2.740200,-0.296902,-0.246533,2.732876,-0.262051,-0.599407,2.599732,0.029804,-0.504799,2.227441,0.080253,-0.112951,2.226279,0.051710,0.185040,2.324530,-0.261983,0.201781,2.657043,-0.068534,0.257347,2.403146,-0.288705,0.673869,2.464214,-0.459907,0.698017,2.708331,-0.588394,0.846703,2.451189,-0.486506,1.043906,2.717785
747,-0.324228,0.036180,2.749020,-0.290112,-0.252574,2.731209,-0.262736,-0.604751,2.600435,0.028464,-0.502689,2.224579,0.083433,-0.113276,2.241667,0.057088,0.187059,2.335675,-0.260501,0.213761,2.665956,-0.060497,0.269147,2.406235,-0.258392,0.683206,2.485372,-0.454767,0.637415,2.679423,-0.498003,0.829014,2.426934,-0.436472,0.958103,2.695012
748,-0.315157,0.042419,2.754369,-0.290337,-0.258404,2.728749,-0.256167,-0.613323,2.602039,0.032584,-0.510292,2.219196,0.077870,-0.113728,2.242027,0.056510,0.189466,2.330528,-0.253538,0.206638,2.667749,-0.055425,0.258698,2.403097,-0.267284,0.652751,2.490220,-0.422807,0.635886,2.671391,-0.546601,0.769847,2.420728,-0.434888,0.958967,2.672217
749,-0.317854,0.029586,2.749701,-0.293234,-0.272602,2.726203,-0.254986,-0.615036,2.603018,0.035435,-0.509797,2.216816,0.081770,-0.115400,2.223189,0.058237,0.194757,2.336486,-0.261062,0.207960,2.668542,-0.057695,0.260682,2.399556,-0.272240,0.682596,2.486640,-0.453989,0.641992,2.681008,-0.539017,0.817903,2.429727,-0.444653,0.987587,2.692915
750,-0.317830,0.013250,2.748761,-0.270202,-0.287242,2.722242,-0.242611,-0.621462,2.605172,0.038503,-0.507481,2.212583,0.080940,-0.105185,2.222971,0.056048,0.201389,2.325267,-0.264973,0.211383,2.666405,-0.065758,0.267365,2.401541,-0.277117,0.723102,2.514347,-0.481852,0.760992,2.712456,-0.529970,0.889003,2.445735,-0.480598,1.018906,2.708578
751,-0.316195,-0.009893,2.744007,-0.268216,-0.286589,2.718519,-0.233167,-0.621324,2.603658,0.038930,-0.518604,2.209756,0.081981,-0.107260,2.232698,0.057759,0.198265,2.334881,-0.254373,0.201821,2.662689,-0.059894,0.263855,2.397893,-0.271052,0.733455,2.520715,-0.457327,0.664098,2.675658,-0.447570,1.012404,2.496408,-0.497974,1.033316,2.727514
752,-0.310864,0.012838,2.743956,-0.263526,-0.287982,2.721273,-0.238862,-0.631985,2.607995,0.040450,-0.528186,2.210891,0.073335,-0.116496,2.242490,0.059165,0.194854,2.327273,-0.261194,0.198013,2.668713,-0.060733,0.261107,2.400464,-0.246051,0.743097,2.522052,-0.472716,0.676568,2.679154,-0.396312,1.014922,2.484629,-0.468015,1.019475,2.714006
753,-0.326206,-0.033267,2.738134,-0.283973,-0.279429,2.724589,-0.233691,-0.623401,2.612958,0.044029,-0.534805,2.207034,0.074146,-0.124636,2.236621,0.056429,0.186391,2.311957,-0.272907,0.197439,2.666474,-0.076335,0.261901,2.401362,-0.279903,0.743386,2.506591,-0.474518,0.666526,2.674897,-0.428015,1.000247,2.478103,-0.487941,1.020070,2.707523
754,-0.322676,0.030582,2.751236,-0.271909,-0.259486,2.724442,-0.239288,-0.611238,2.615871,0.045987,-0.533160,2.203809,0.072672,-0.118726,2.240385,0.059395,0.186955,2.326077,-0.272760,0.192223,2.669779,-0.068252,0.256330,2.397517,-0.230177,0.762639,2.508372,-0.488129,0.651741,2.667282,-0.334380,1.069359,2.491835,-0.492741,1.058658,2.705635
755,-0.338989,0.036353,2.752258,-0.291975,-0.259399,2.723675,-0.246570,-0.605232,2.614859,0.045463,-0.530453,2.203095,0.071897,-0.121925,2.232686,0.058362,0.177817,2.314182,-0.276214,0.181368,2.661890,-0.069640,0.244550,2.393167,-0.226627,0.755764,2.496141,-0.503874,0.722980,2.689163,-0.328347,1.084582,2.502117,-0.491953,1.065675,2.701280
756,-0.314114,0.045920,2.751680,-0.272235,-0.257743,2.726266,-0.237823,-0.598604,2.611528,0.045632,-0.527033,2.200892,0.061167,-0.118159,2.236841,0.053108,0.186830,2.314729,-0.275124,0.184864,2.670587,-0.066145,0.244795,2.395766,-0.229805,0.747486,2.488890,-0.488097,0.648228,2.677114,-0.352161,1.076507,2.492494,-0.504030,1.068679,2.718483
757,-0.308081,-0.042698,2.746296,-0.297497,-0.287733,2.725112,-0.245703,-0.610716,2.610559,0.051921,-0.526131,2.199766,0.068848,-0.109000,2.232563,0.054907,0.193158,2.321327,-0.281023,0.176937,2.661062,-0.072373,0.238862,2.391697,-0.235140,0.743422,2.481366,-0.483351,0.622428,2.666186,-0.348932,1.101715,2.497379,-0.513574,1.082252,2.733469
758,-0.285506,-0.209136,2.735553,-0.304704,-0.308175,2.719688,-0.249202,-0.607859,2.612521,0.044446,-0.526724,2.202913,0.062476,-0.108762,2.229867,0.052511,0.199905,2.318508,-0.286897,0.182682,2.660184,-0.078396,0.242221,2.394351,-0.258565,0.737789,2.474857,-0.486403,0.628207,2.677904,-0.330268,1.114504,2.495581,-0.506827,1.088076,2.722139
759,-0.284935,-0.253308,2.737617,-0.312380,-0.319544,2.716442,-0.253157,-0.611766,2.613011,0.051406,-0.525156,2.205031,0.068358,-0.111306,2.228925,0.058106,0.194119,2.315476,-0.284338,0.178960,2.665973,-0.071202,0.241664,2.396203,-0.255698,0.737689,2.472770,-0.489157,0.628862,2.674657,-0.351584,1.135332,2.518337,-0.522187,1.108669,2.737634
760,-0.314012,-0.052673,2.752187,-0.287834,-0.279814,2.726854,-0.248154,-0.607405,2.613499,0.050267,-0.527584,2.204782,0.065129,-0.118824,2.223108,0.057002,0.187068,2.310735,-0.281079,0.174783,2.663841,-0.074345,0.234157,2.394922,-0.255878,0.743695,2.478154,-0.483903,0.636610,2.664988,-0.340082,1.151027,2.506192,-0.510195,1.127582,2.737801
761,-0.322977,0.016370,2.755738,-0.291079,-0.276511,2.730713,-0.247849,-0.603106,2.612991,0.050659,-0.526764,2.204897,0.067356,-0.117905,2.228966,0.054663,0.193106,2.315986,-0.286865,0.173809,2.656836,-0.079667,0.233123,2.390898,-0.266467,0.733776,2.480114,-0.499334,0.626124,2.665126,-0.324094,1.129855,2.496819,-0.516760,1.064304,2.700441
762,-0.337336,0.038451,2.757589,-0.295262,-0.264625,2.727740,-0.252075,-0.606310,2.614453,0.050889,-0.525567,2.204277,0.066689,-0.117968,2.231906,0.055387,0.194209,2.314804,-0.287557,0.172789,2.659724,-0.079735,0.229238,2.394398,-0.263874,0.720904,2.477760,-0.488393,0.629568,2.674733,-0.350385,1.073726,2.493436,-0.511824,1.019469,2.693098
763,-0.345103,0.036830,2.753020,-0.298982,-0.264760,2.734028,-0.254781,-0.610966,2.613276,0.050501,-0.529366,2.205095,0.064996,-0.117087,2.234252,0.053843,0.187843,2.309446,-0.291758,0.179959,2.659098,-0.086921,0.233772,2.391967,-0.279511,0.729814,2.462404,-0.487780,0.644232,2.668618,-0.370610,1.117600,2.508592,-0.527075,1.098136,2.725045
764,-0.299611,-0.211546,2.732189,-0.316361,-0.296885,2.728075,-0.247461,-0.621814,2.612499,0.052397,-0.528101,2.200787,0.064174,-0.109752,2.226406,0.056456,0.196409,2.312731,-0.292257,0.171476,2.657156,-0.082522,0.233954,2.388040,-0.272511,0.721355,2.457662,-0.511750,0.633042,2.661530,-0.327731,1.127542,2.478076,-0.522881,1.055514,2.689518
765,-0.332527,0.038999,2.753769,-0.302848,-0.271799,2.729061,-0.259230,-0.618238,2.612840,0.053627,-0.525791,2.199898,0.067504,-0.111671,2.228989,0.056687,0.198291,2.319741,-0.293312,0.176441,2.656184,-0.077973,0.238914,2.390286,-0.258440,0.686795,2.414201,-0.507169,0.634870,2.674799,-0.354488,1.079061,2.477947,-0.524786,1.033257,2.700064
766,-0.315015,-0.002764,2.754483,-0.298855,-0.274718,2.726387,-0.255162,-0.611096,2.613600,0.051065,-0.524598,2.203109,0.063920,-0.119916,2.229955,0.056607,0.189111,2.316406,-0.290193,0.183053,2.664441,-0.076858,0.241915,2.394192,-0.250813,0.714024,2.484114,-0.501782,0.712303,2.708323,-0.360377,1.064530,2.477111,-0.541997,1.041511,2.701907
767,-0.314062,0.008802,2.752501,-0.287442,-0.271626,2.731118,-0.261064,-0.608965,2.610141,0.047321,-0.524488,2.199249,0.057469,-0.114268,2.228239,0.055116,0.189235,2.325519,-0.291253,0.191685,2.664728,-0.077899,0.247139,2.395502,-0.248969,0.746210,2.478473,-0.489497,0.654690,2.680563,-0.371601,1.043483,2.450960,-0.526068,1.047655,2.696208
768,-0.340319,0.055536,2.756041,-0.287792,-0.257858,2.734624,-0.255894,-0.602401,2.612293,0.050089,-0.521103,2.201582,0.067690,-0.114310,2.227525,0.060974,0.192611,2.319979,-0.288476,0.189896,2.664789,-0.077387,0.246008,2.392994,-0.307777,0.726581,2.458540,-0.492527,0.638831,2.689770,-0.400006,1.079052,2.464550,-0.540457,1.094266,2.717779
769,-0.310236,0.026931,2.753735,-0.266106,-0.249171,2.739661,-0.250890,-0.603563,2.608956,0.049955,-0.518064,2.199279,0.071050,-0.104341,2.221874,0.061320,0.193478,2.335637,-0.275166,0.191810,2.662288,-0.060406,0.249474,2.393880,-0.277664,0.747562,2.501300,-0.491024,0.653241,2.689835,-0.368949,1.099583,2.468497,-0.497651,1.126048,2.723100
770,-0.325063,0.019573,2.743254,-0.288530,-0.276166,2.735750,-0.259387,-0.608833,2.613573,0.050381,-0.512864,2.194350,0.074302,-0.092494,2.222435,0.057617,0.195220,2.333863,-0.284938,0.191414,2.662606,-0.068800,0.252757,2.389566,-0.285969,0.760331,2.483842,-0.521834,0.724180,2.704453,-0.380630,1.100559,2.472320,-0.548735,1.082160,2.714118
771,-0.293013,-0.179660,2.727991,-0.297706,-0.276789,2.737713,-0.253317,-0.593155,2.611433,0.046049,-0.516393,2.191270,0.077134,-0.101295,2.210171,0.062288,0.190335,2.330204,-0.281583,0.201382,2.660264,-0.064610,0.264604,2.388533,-0.270426,0.764127,2.493490,-0.507164,0.657045,2.682098,-0.339495,1.118886,2.477343,-0.513812,1.067674,2.713404
772,-0.287171,0.092075,2.751351,-0.252739,-0.221175,2.740135,-0.241150,-0.577682,2.610136,0.037122,-0.506641,2.189872,0.078686,-0.087210,2.208011,0.060883,0.187895,2.328149,-0.265521,0.216417,2.658731,-0.078511,0.271474,2.389242,-0.280484,0.762618,2.495143,-0.486866,0.658200,2.688430,-0.347100,1.157707,2.515579,-0.487107,1.162676,2.734238
773,-0.270485,0.042587,2.745470,-0.237528,-0.236390,2.740731,-0.241217,-0.573981,2.614057,0.035640,-0.493305,2.190724,0.079965,-0.076779,2.206743,0.062296,0.191037,2.340192,-0.275416,0.221758,2.669391,-0.082356,0.276000,2.392726,-0.277319,0.763017,2.490334,-0.516563,0.730330,2.703893,-0.329878,1.186851,2.512632,-0.489624,1.157863,2.736843
774,-0.290827,0.058729,2.748527,-0.255442,-0.239755,2.742848,-0.250383,-0.572301,2.613639,0.028131,-0.482011,2.197374,0.083039,-0.063359,2.203809,0.062027,0.193119,2.323052,-0.281547,0.219844,2.658491,-0.092160,0.280059,2.389497,-0.284450,0.753315,2.473756,-0.490168,0.659036,2.671123,-0.367455,1.146122,2.496391,-0.504476,1.146639,2.713752
775,-0.312077,0.021787,2.737117,-0.274939,-0.235468,2.749048,-0.255747,-0.569923,2.613516,0.030783,-0.478620,2.193986,0.086411,-0.068011,2.195858,0.071034,0.193025,2.320892,-0.275181,0.215716,2.666221,-0.083365,0.283502,2.387559,-0.282627,0.755071,2.475741,-0.501300,0.725136,2.702176,-0.383896,1.148105,2.519695,-0.486723,1.143917,2.745278
776,-0.297271,0.065653,2.736755,-0.283027,-0.227491,2.754417,-0.260642,-0.557466,2.620539,0.030263,-0.468860,2.194118,0.083222,-0.064142,2.194308,0.070764,0.189007,2.329733,-0.278834,0.225392,2.667184,-0.076808,0.286579,2.385519,-0.235237,0.780022,2.465995,-0.520454,0.731936,2.685708,-0.340016,1.146941,2.477362,-0.478852,1.118515,2.712354
777,-0.313354,-0.072787,2.721646,-0.295464,-0.239181,2.750611,-0.265094,-0.547186,2.616559,0.028845,-0.458005,2.197568,0.084295,-0.065769,2.196003,0.068782,0.171714,2.315539,-0.277370,0.233473,2.669649,-0.088628,0.295359,2.387614,-0.303994,0.720207,2.454628,-0.511332,0.719001,2.692607,-0.390771,1.019644,2.457076,-0.456168,1.066896,2.722266
778,-0.327140,-0.000509,2.726591,-0.299799,-0.239689,2.754466,-0.265708,-0.532928,2.618737,0.030997,-0.438570,2.199747,0.109917,-0.061183,2.204663,0.061236,0.155183,2.334702,-0.275025,0.235480,2.663580,-0.074560,0.307153,2.388962,-0.270684,0.744082,2.485310,-0.523774,0.736073,2.692115,-0.405739,0.928524,2.419340,-0.459055,1.003330,2.717178
779,-0.316089,0.001115,2.731895,-0.294937,-0.229498,2.751161,-0.265743,-0.523098,2.614309,0.028091,-0.434820,2.200404,0.105114,-0.066984,2.202213,0.058458,0.156844,2.321561,-0.273993,0.243121,2.662855,-0.068982,0.310381,2.393614,-0.260541,0.749434,2.478586,-0.514966,0.731082,2.691284,-0.405613,0.965139,2.434807,-0.427209,1.045818,2.735605
780,-0.330005,0.021591,2.723403,-0.293261,-0.205345,2.753558,-0.267929,-0.507867,2.615967,0.033486,-0.417050,2.213415,0.114590,-0.057169,2.205705,0.054667,0.155429,2.328596,-0.266795,0.256339,2.660267,-0.070652,0.325640,2.394573,-0.238509,0.775309,2.486046,-0.495605,0.639745,2.665931,-0.384729,1.078602,2.482938,-0.504539,1.095852,2.753134
781,-0.339806,0.033477,2.739040,-0.309548,-0.188387,2.770613,-0.275418,-0.490606,2.619481,0.033464,-0.401725,2.219035,0.114871,-0.039389,2.205511,0.057448,0.176029,2.321730,-0.262974,0.271435,2.660918,-0.055078,0.335315,2.397208,-0.213102,0.801711,2.488618,-0.524159,0.720109,2.692135,-0.338631,1.090907,2.491197,-0.470750,1.058989,2.746354
782,-0.323215,0.065715,2.749828,-0.300760,-0.175475,2.780117,-0.270226,-0.477463,2.622649,0.030633,-0.393255,2.220569,0.106324,-0.050101,2.217984,0.057817,0.179953,2.317516,-0.281731,0.286547,2.668904,-0.073923,0.351842,2.405429,-0.238375,0.800135,2.482406,-0.521855,0.721396,2.699220,-0.374794,1.116078,2.483566,-0.558902,1.091914,2.735274
783,-0.332044,0.016125,2.738075,-0.299033,-0.188505,2.770314,-0.269572,-0.433493,2.623014,0.022782,-0.358902,2.226014,0.122232,-0.046465,2.212329,0.058693,0.166454,2.318478,-0.270883,0.306162,2.667001,-0.071191,0.370799,2.410396,-0.252671,0.811599,2.476984,-0.544638,0.729375,2.690426,-0.418117,1.126733,2.502427,-0.518531,1.126143,2.755742
784,-0.328210,0.041861,2.731952,-0.283704,-0.174667,2.767379,-0.264389,-0.409677,2.634001,0.019834,-0.321693,2.233556,0.146051,-0.031135,2.212031,0.055318,0.160674,2.318234,-0.265201,0.324423,2.680965,-0.076210,0.392458,2.417954,-0.256337,0.816967,2.479095,-0.538400,0.715471,2.700338,-0.403633,1.096030,2.478286,-0.504721,1.112623,2.763484
785,-0.331253,0.045607,2.739763,-0.280158,-0.159169,2.778435,-0.262137,-0.365556,2.645435,0.002367,-0.294465,2.252388,0.152874,-0.025222,2.206018,0.059448,0.155326,2.309165,-0.271721,0.351810,2.693242,-0.097779,0.416025,2.428670,-0.339229,0.803514,2.477974,-0.548667,0.713143,2.709900,-0.550659,1.019020,2.482865,-0.511686,1.125988,2.769133
786,-0.336742,0.039627,2.734222,-0.266057,-0.142512,2.770885,-0.248824,-0.335922,2.658469,-0.001163,-0.249200,2.245667,0.174158,-0.019291,2.218248,0.063292,0.150346,2.342551,-0.271550,0.362206,2.711421,-0.104687,0.433999,2.444869,-0.428613,0.755571,2.490748,-0.547027,0.730060,2.723103,-0.516846,1.026043,2.511786,-0.505986,1.116719,2.810987
787,-0.329625,0.033252,2.724400,-0.283338,-0.164284,2.764926,-0.260287,-0.326217,2.668360,0.007023,-0.235372,2.241328,0.187771,-0.016615,2.236891,0.068191,0.147803,2.323642,-0.275162,0.343101,2.712536,-0.105792,0.412984,2.445740,-0.328119,0.712688,2.449116,-0.506258,0.690497,2.704659,-0.576828,0.776253,2.408426,-0.436771,1.132339,2.769859
788,-0.317645,0.028533,2.726268,-0.263125,-0.171255,2.758960,-0.252128,-0.332284,2.657031,0.004792,-0.237629,2.244319,0.178995,-0.026452,2.257631,0.072464,0.149720,2.327365,-0.277719,0.344935,2.708158,-0.114342,0.411292,2.448931,-0.433725,0.686502,2.437083,-0.521795,0.621835,2.673928,-0.609814,0.790747,2.395086,-0.500942,1.104186,2.745358
789,-0.315145,0.044315,2.719967,-0.251465,-0.138302,2.751824,-0.255618,-0.323133,2.654474,0.012968,-0.226613,2.248358,0.186585,-0.028008,2.265835,0.076648,0.147189,2.335285,-0.279153,0.337163,2.707131,-0.118706,0.394567,2.450831,-0.421373,0.648587,2.451871,-0.483626,0.708191,2.725073,-0.633053,0.860135,2.448452,-0.435407,1.200229,2.784999
790,-0.323036,0.045267,2.722155,-0.301047,-0.116500,2.752577,-0.268595,-0.300027,2.663198,0.025936,-0.228133,2.254965,0.184825,-0.028200,2.267798,0.077509,0.137553,2.331212,-0.257307,0.348320,2.708561,-0.072368,0.408344,2.442760,-0.266773,0.720631,2.466677,-0.515005,0.697997,2.713367,-0.563054,0.804965,2.398476,-0.453404,1.141540,2.744262
791,-0.295421,0.065980,2.733711,-0.240147,-0.128056,2.744313,-0.259130,-0.318399,2.663867,0.020408,-0.236169,2.257191,0.185578,-0.029688,2.264157,0.077831,0.140783,2.315581,-0.258249,0.356394,2.706722,-0.078007,0.418805,2.451938,-0.329334,0.741425,2.490906,-0.513667,0.653983,2.696526,-0.624170,0.924089,2.458750,-0.486966,1.169907,2.763322
792,-0.306812,0.048480,2.719582,-0.241016,-0.133363,2.738553,-0.265481,-0.320852,2.660329,0.021912,-0.234353,2.257826,0.186521,-0.029966,2.275384,0.080448,0.140014,2.314792,-0.260117,0.340479,2.703231,-0.081999,0.406113,2.443587,-0.370169,0.693242,2.472293,-0.521489,0.696618,2.707848,-0.567245,0.903879,2.423521,-0.506311,1.086711,2.691992
793,-0.301876,0.049552,2.721150,-0.234152,-0.133434,2.740871,-0.258689,-0.320191,2.659443,0.022320,-0.239175,2.261095,0.175013,-0.031047,2.281536,0.080957,0.141396,2.308470,-0.255896,0.346192,2.697032,-0.076068,0.406018,2.444390,-0.316701,0.747327,2.473173,-0.518782,0.693919,2.697477,-0.524550,0.911111,2.407343,-0.511133,1.066086,2.700478
794,-0.291455,0.027752,2.718432,-0.227612,-0.130288,2.746097,-0.252109,-0.335984,2.651337,0.026338,-0.241366,2.264382,0.169762,-0.028307,2.292879,0.081907,0.129634,2.319252,-0.245178,0.323165,2.697713,-0.068080,0.388044,2.443265,-0.315434,0.725385,2.500419,-0.498596,0.719660,2.713087,-0.617607,0.876547,2.461064,-0.455586,1.142261,2.752514
795,-0.292827,0.038791,2.730847,-0.239697,-0.136286,2.748578,-0.252238,-0.332526,2.652529,0.026807,-0.246865,2.262480,0.175394,-0.031304,2.288055,0.075041,0.137167,2.318482,-0.245169,0.338977,2.688286,-0.065442,0.396898,2.442008,-0.320789,0.749790,2.498634,-0.483179,0.722404,2.719258,-0.639049,0.968603,2.494317,-0.478834,1.178129,2.772233
796,-0.310186,0.017146,2.722589,-0.252660,-0.158176,2.744761,-0.245507,-0.350595,2.646756,0.027128,-0.250130,2.267489,0.172063,-0.026044,2.298781,0.082543,0.146768,2.325394,-0.234185,0.329539,2.688069,-0.062992,0.384692,2.443208,-0.331684,0.702824,2.505252,-0.403752,0.670512,2.700747,-0.675036,0.899638,2.493593,-0.432824,1.175854,2.766288
797,-0.305253,0.028188,2.730783,-0.232137,-0.148575,2.747763,-0.238673,-0.352037,2.650349,0.024202,-0.252870,2.268044,0.172837,-0.027414,2.300532,0.087098,0.149989,2.322703,-0.233266,0.316559,2.689260,-0.064194,0.381422,2.442515,-0.341912,0.705846,2.507656,-0.443122,0.647041,2.697191,-0.642344,0.919319,2.495649,-0.488208,1.107828,2.743137
798,-0.306294,0.040131,2.723521,-0.230404,-0.136390,2.737514,-0.239424,-0.348627,2.645348,0.029462,-0.250507,2.267251,0.168404,-0.022413,2.301816,0.078408,0.162713,2.325447,-0.248127,0.327686,2.688373,-0.061995,0.392384,2.442417,-0.289416,0.768241,2.498132,-0.510288,0.627735,2.680719,-0.536997,1.034424,2.509348,-0.569561,1.091404,2.729533
799,-0.292360,0.051024,2.716619,-0.225434,-0.127219,2.735368,-0.239007,-0.335082,2.657825,0.031158,-0.257609,2.268034,0.166902,-0.021323,2.302773,0.077912,0.151612,2.332322,-0.262136,0.329949,2.696312,-0.078626,0.387015,2.431362,-0.336837,0.715098,2.419083,-0.521730,0.674259,2.700715,-0.513265,0.931236,2.403167,-0.562419,1.025739,2.664215
800,-0.284884,0.041853,2.731709,-0.206769,-0.148016,2.739840,-0.229559,-0.338381,2.647665,0.028455,-0.257750,2.267601,0.172130,-0.034109,2.294660,0.077016,0.137834,2.331169,-0.251101,0.314741,2.698354,-0.087022,0.380202,2.439680,-0.365860,0.701050,2.431529,-0.519724,0.678542,2.706232,-0.559829,0.844246,2.398419,-0.513822,1.024388,2.685049
801,-0.294317,0.043563,2.732572,-0.226173,-0.139847,2.740578,-0.228551,-0.340019,2.644143,0.033246,-0.261861,2.263190,0.170499,-0.043237,2.285707,0.062756,0.137888,2.327964,-0.261503,0.329180,2.701684,-0.089154,0.388946,2.443252,-0.352856,0.700014,2.467305,-0.506633,0.696613,2.727375,-0.623162,0.871797,2.456201,-0.446486,1.143170,2.751393
802,-0.299419,0.059840,2.735136,-0.232505,-0.115692,2.753634,-0.230214,-0.338123,2.645915,0.040909,-0.267545,2.262134,0.176409,-0.044068,2.288637,0.075337,0.143163,2.331278,-0.263241,0.320658,2.697407,-0.078224,0.387807,2.439497,-0.272674,0.712768,2.465447,-0.493296,0.678423,2.719862,-0.617641,0.850478,2.453233,-0.474354,1.102137,2.733041
803,-0.290574,0.044008,2.737689,-0.230252,-0.140150,2.751254,-0.222481,-0.344366,2.648316,0.036236,-0.267786,2.262870,0.176485,-0.045816,2.288408,0.076190,0.139574,2.335923,-0.261157,0.315697,2.701465,-0.087929,0.387788,2.445612,-0.322332,0.717041,2.444660,-0.505622,0.674267,2.720222,-0.576516,0.863925,2.445149,-0.496974,1.097461,2.729627
804,-0.295609,0.046327,2.751110,-0.250505,-0.115180,2.756133,-0.221251,-0.339513,2.649005,0.035604,-0.264514,2.263523,0.178523,-0.038858,2.293142,0.067528,0.143212,2.340109,-0.259249,0.331571,2.705317,-0.086643,0.401634,2.451614,-0.322462,0.773499,2.479865,-0.521002,0.691011,2.716808,-0.500805,1.009735,2.481307,-0.551163,1.094682,2.748223
805,-0.295101,0.048136,2.743244,-0.222631,-0.137968,2.742033,-0.219473,-0.354005,2.648199,0.039674,-0.262120,2.266573,0.174097,-0.039574,2.289945,0.080130,0.134088,2.324226,-0.252555,0.325404,2.697201,-0.085741,0.388679,2.445487,-0.333420,0.716137,2.482293,-0.503312,0.690279,2.726897,-0.599451,0.922613,2.476320,-0.548292,1.086244,2.734512
806,-0.291697,0.042868,2.732610,-0.212442,-0.144440,2.734838,-0.217728,-0.355057,2.645590,0.033914,-0.263007,2.263398,0.175661,-0.040216,2.289213,0.079514,0.136905,2.330854,-0.250730,0.329242,2.704573,-0.083164,0.389799,2.448434,-0.320012,0.744853,2.482857,-0.503743,0.698432,2.732177,-0.568573,0.887828,2.432833,-0.504365,1.079000,2.713935
807,-0.292471,0.040256,2.732930,-0.228235,-0.126012,2.748667,-0.213259,-0.348422,2.647128,0.029256,-0.263174,2.263326,0.173107,-0.039793,2.291817,0.078893,0.138580,2.337554,-0.249887,0.334269,2.706369,-0.088134,0.390912,2.448742,-0.333944,0.716537,2.475670,-0.509312,0.705086,2.735098,-0.572112,0.862522,2.422467,-0.491535,1.049408,2.707594
808,-0.294815,0.036660,2.738570,-0.235886,-0.124463,2.758707,-0.217321,-0.351641,2.645348,0.032495,-0.263641,2.264741,0.175104,-0.041052,2.288354,0.071757,0.141221,2.341188,-0.248159,0.324285,2.708050,-0.086229,0.389514,2.450358,-0.327114,0.714735,2.475926,-0.512922,0.710717,2.728671,-0.576007,0.901416,2.454188,-0.486228,1.088695,2.734808
809,-0.296914,0.047698,2.735646,-0.244710,-0.124970,2.755812,-0.224044,-0.353554,2.644158,0.033878,-0.264220,2.266301,0.176959,-0.042140,2.291076,0.079955,0.134353,2.333462,-0.252787,0.324937,2.710678,-0.084023,0.385670,2.450814,-0.309308,0.701496,2.491165,-0.486222,0.685471,2.727574,-0.600754,0.831157,2.437502,-0.442725,1.074496,2.730420
810,-0.294844,0.040401,2.741377,-0.247198,-0.130048,2.761649,-0.226015,-0.349150,2.648927,0.031001,-0.264820,2.264303,0.174564,-0.040868,2.292290,0.077438,0.133448,2.332490,-0.255271,0.319177,2.717241,-0.083021,0.381785,2.455379,-0.319300,0.716730,2.490260,-0.498033,0.682022,2.731973,-0.577309,0.896546,2.469704,-0.510982,1.071536,2.741260
811,-0.294547,0.043726,2.736592,-0.230301,-0.134762,2.749943,-0.228415,-0.344376,2.655806,0.026826,-0.263919,2.260352,0.176843,-0.043588,2.293168,0.082794,0.132669,2.345251,-0.248145,0.328760,2.709705,-0.069789,0.389995,2.447373,-0.271527,0.743743,2.494877,-0.490350,0.683746,2.722663,-0.531998,0.859376,2.453166,-0.472225,1.037516,2.734859
812,-0.296830,0.036679,2.724560,-0.251577,-0.134972,2.756596,-0.232065,-0.345383,2.647684,0.029532,-0.265862,2.258237,0.172792,-0.047180,2.291544,0.078961,0.129348,2.342754,-0.251854,0.322095,2.714271,-0.078612,0.383639,2.450895,-0.297328,0.680626,2.491471,-0.483455,0.696035,2.729546,-0.605194,0.778997,2.418507,-0.422497,1.084436,2.738852
813,-0.297504,0.029576,2.729193,-0.250564,-0.154490,2.746031,-0.230647,-0.345008,2.647158,0.026562,-0.269989,2.257899,0.176260,-0.054652,2.270346,0.076684,0.129043,2.323041,-0.258925,0.327104,2.705230,-0.088609,0.392237,2.448235,-0.305268,0.715950,2.478919,-0.463722,0.572306,2.665668,-0.591187,0.805108,2.417194,-0.459334,1.057568,2.720105
814,-0.300168,0.041696,2.722374,-0.247343,-0.127506,2.743803,-0.235573,-0.341355,2.657014,0.023797,-0.271331,2.254664,0.178733,-0.057613,2.269966,0.080928,0.130193,2.336949,-0.264760,0.325375,2.711531,-0.092742,0.379562,2.445959,-0.296172,0.719371,2.418736,-0.501675,0.650112,2.711954,-0.544136,0.806166,2.404794,-0.505482,0.988563,2.678696
815,-0.287093,0.031439,2.732218,-0.234215,-0.125693,2.751482,-0.234577,-0.338720,2.648834,0.024918,-0.274052,2.257661,0.177739,-0.062446,2.289728,0.084249,0.132637,2.339430,-0.247514,0.324262,2.706752,-0.072683,0.389363,2.449116,-0.288350,0.692157,2.487167,-0.462188,0.693829,2.731859,-0.615530,0.785135,2.434824,-0.440884,1.071099,2.735672
816,-0.298774,0.035814,2.728874,-0.249243,-0.127757,2.743128,-0.237020,-0.344493,2.649481,0.024382,-0.276036,2.254339,0.170212,-0.064330,2.287131,0.077412,0.125493,2.340563,-0.259514,0.313426,2.707596,-0.094198,0.372877,2.448527,-0.320497,0.669041,2.446906,-0.456609,0.658556,2.728698,-0.614398,0.787070,2.429674,-0.423435,1.057078,2.735074
817,-0.302977,0.028345,2.717669,-0.230665,-0.149556,2.737539,-0.248023,-0.354994,2.649945,0.023939,-0.275793,2.255095,0.172249,-0.062663,2.287504,0.081123,0.130296,2.360161,-0.272679,0.316820,2.703325,-0.100322,0.385450,2.447898,-0.306684,0.721337,2.441533,-0.496279,0.658449,2.707237,-0.560979,0.786136,2.423354,-0.485125,1.020193,2.737946
818,-0.299980,0.022016,2.725824,-0.237734,-0.167403,2.737128,-0.250520,-0.353007,2.644759,0.021785,-0.281008,2.260926,0.165986,-0.072499,2.294398,0.078190,0.133663,2.343777,-0.262393,0.326596,2.700498,-0.081201,0.392270,2.442292,-0.264806,0.696858,2.469291,-0.468731,0.593289,2.685059,-0.568699,0.793249,2.423006,-0.439130,1.046228,2.739734
819,-0.303489,0.021983,2.728190,-0.233038,-0.166153,2.740949,-0.247340,-0.360789,2.648179,0.016149,-0.285385,2.256355,0.164538,-0.074301,2.281669,0.081123,0.138598,2.335351,-0.270914,0.308071,2.706423,-0.100336,0.380496,2.448450,-0.315917,0.678052,2.443653,-0.482354,0.659376,2.714365,-0.644194,0.812741,2.469484,-0.463390,1.066005,2.753317
820,-0.309133,0.026103,2.736154,-0.239914,-0.158879,2.744754,-0.257183,-0.355866,2.647861,0.014938,-0.286462,2.261264,0.164885,-0.070251,2.271989,0.079104,0.138685,2.328103,-0.271854,0.326086,2.703605,-0.093208,0.388786,2.449886,-0.278421,0.726355,2.450491,-0.489051,0.621207,2.699058,-0.578682,0.836262,2.458978,-0.463926,1.042217,2.756127
821,-0.313464,0.031696,2.721064,-0.232898,-0.154397,2.748393,-0.254936,-0.353452,2.652192,0.012133,-0.286134,2.255581,0.164749,-0.062950,2.266049,0.081903,0.138063,2.334549,-0.273212,0.323768,2.709064,-0.097905,0.384187,2.449707,-0.291728,0.693040,2.422099,-0.483012,0.625499,2.689741,-0.585161,0.757653,2.410816,-0.440151,1.016204,2.725816
822,-0.293072,0.026037,2.720438,-0.259190,-0.166528,2.750952,-0.256041,-0.356207,2.645319,0.009734,-0.282800,2.254406,0.165884,-0.065346,2.262862,0.073978,0.133652,2.336490,-0.275708,0.318843,2.697353,-0.109418,0.385173,2.444610,-0.327813,0.701122,2.416920,-0.496930,0.659819,2.708866,-0.576189,0.782208,2.405555,-0.461459,1.030710,2.722384
823,-0.294374,0.030564,2.716674,-0.249428,-0.163231,2.744934,-0.261675,-0.348073,2.648662,0.008325,-0.283818,2.254336,0.175396,-0.069837,2.261852,0.075544,0.131141,2.337160,-0.280752,0.318295,2.698917,-0.111597,0.382386,2.440611,-0.331486,0.694303,2.416198,-0.501433,0.669927,2.713731,-0.571592,0.766921,2.394586,-0.451996,1.011573,2.705405
824,-0.300286,0.029570,2.721083,-0.249528,-0.166572,2.741097,-0.262976,-0.348702,2.645843,0.009530,-0.284348,2.255135,0.175525,-0.065299,2.260168,0.076275,0.132407,2.330833,-0.279921,0.315322,2.701446,-0.109756,0.382852,2.443488,-0.323074,0.696975,2.414701,-0.498472,0.669770,2.715945,-0.575073,0.781938,2.411533,-0.446503,1.027499,2.735329
825,-0.294836,0.019472,2.723470,-0.247695,-0.182157,2.747799,-0.260791,-0.356924,2.642082,0.006209,-0.283166,2.249272,0.176164,-0.063370,2.251247,0.075530,0.132668,2.332060,-0.279803,0.309542,2.696766,-0.116125,0.384438,2.436919,-0.354215,0.694216,2.431304,-0.500971,0.660639,2.723338,-0.595004,0.780315,2.397289,-0.447938,1.030995,2.720579
826,-0.314775,0.022911,2.722532,-0.248971,-0.163267,2.747118,-0.264459,-0.359183,2.640311,0.005593,-0.284336,2.247469,0.175980,-0.058887,2.250727,0.073944,0.134346,2.332400,-0.280543,0.307304,2.686829,-0.115882,0.384108,2.430944,-0.349863,0.714355,2.426345,-0.494529,0.654911,2.717150,-0.579443,0.738212,2.376298,-0.453785,0.984585,2.692325
827,-0.291981,0.041880,2.727389,-0.240802,-0.147772,2.749111,-0.267805,-0.353629,2.645216,0.005689,-0.290649,2.250587,0.170423,-0.074154,2.269869,0.077002,0.123572,2.339253,-0.272617,0.314165,2.705029,-0.097884,0.380644,2.444245,-0.325731,0.659841,2.406811,-0.497155,0.663419,2.743465,-0.595970,0.694709,2.359517,-0.440669,0.989393,2.707783
828,-0.308016,0.023043,2.728457,-0.245414,-0.168484,2.749093,-0.257458,-0.362802,2.643947,-0.005485,-0.293342,2.249061,0.165377,-0.075691,2.251389,0.074822,0.126079,2.328439,-0.269275,0.319111,2.700194,-0.106266,0.383203,2.441336,-0.327434,0.705343,2.428213,-0.492800,0.647798,2.721926,-0.615550,0.759535,2.395485,-0.472483,1.057982,2.723121
829,-0.316786,0.019694,2.729539,-0.249499,-0.170763,2.751541,-0.261325,-0.372187,2.638502,-0.004763,-0.294532,2.245020,0.164014,-0.074592,2.254477,0.071010,0.129750,2.332906,-0.270342,0.308244,2.697797,-0.110898,0.381463,2.442013,-0.346651,0.707741,2.425651,-0.494704,0.673830,2.734111,-0.616366,0.780784,2.397393,-0.450852,1.093141,2.742637
830,-0.314019,0.024708,2.726391,-0.248254,-0.167021,2.755544,-0.262029,-0.368749,2.644228,-0.010961,-0.298546,2.254694,0.165690,-0.070918,2.250256,0.068345,0.131695,2.343540,-0.271380,0.315138,2.695329,-0.117833,0.383546,2.438953,-0.350203,0.711722,2.434459,-0.491419,0.682959,2.733906,-0.613874,0.779241,2.394114,-0.449175,1.094662,2.729927
831,-0.309434,0.023884,2.726835,-0.250866,-0.161702,2.752520,-0.264783,-0.375294,2.644421,-0.009507,-0.301248,2.246475,0.159975,-0.065025,2.256406,0.070237,0.135891,2.327153,-0.272132,0.293126,2.692204,-0.111052,0.367559,2.430881,-0.346670,0.694423,2.428112,-0.499893,0.674858,2.729395,-0.616697,0.802285,2.410339,-0.447114,1.071130,2.731910
832,-0.307877,0.030546,2.730382,-0.243628,-0.163290,2.748339,-0.259177,-0.372918,2.636699,-0.008183,-0.308193,2.248459,0.156355,-0.056508,2.245499,0.073048,0.139639,2.317831,-0.264961,0.306565,2.693263,-0.107729,0.375593,2.437217,-0.359928,0.697832,2.442660,-0.494866,0.675456,2.728707,-0.632492,0.842099,2.433845,-0.452782,1.105485,2.758917
833,-0.310555,0.026311,2.722993,-0.231152,-0.165075,2.742534,-0.258067,-0.384768,2.634949,-0.012746,-0.319428,2.249446,0.154088,-0.055705,2.246306,0.071705,0.137241,2.329858,-0.267304,0.306625,2.687326,-0.114346,0.373665,2.432315,-0.410272,0.683159,2.445992,-0.492009,0.689329,2.724028,-0.636264,0.849502,2.432343,-0.468171,1.123670,2.753361
834,-0.303035,0.014987,2.736197,-0.229472,-0.181925,2.741124,-0.251001,-0.400055,2.631084,-0.012168,-0.322896,2.247111,0.153523,-0.054521,2.250905,0.066358,0.139498,2.314042,-0.261851,0.293886,2.686246,-0.106624,0.365026,2.433330,-0.353332,0.675250,2.444719,-0.481986,0.692855,2.725276,-0.631870,0.821031,2.438159,-0.452277,1.081272,2.747082
835,-0.315412,0.028051,2.742125,-0.233368,-0.170804,2.745099,-0.252901,-0.400084,2.636208,-0.011412,-0.329583,2.253687,0.152245,-0.054556,2.244975,0.069288,0.145815,2.316481,-0.262907,0.298617,2.689551,-0.111776,0.361340,2.438369,-0.395974,0.693371,2.450777,-0.475770,0.726303,2.739063,-0.647566,0.873722,2.457227,-0.451763,1.152303,2.760787
836,-0.298920,0.040605,2.741841,-0.232874,-0.171683,2.746089,-0.246507,-0.408460,2.628198,-0.008587,-0.339711,2.252287,0.139243,-0.056509,2.252455,0.065238,0.150621,2.323903,-0.259028,0.295183,2.688157,-0.096206,0.354938,2.438786,-0.318145,0.700182,2.450494,-0.483217,0.691535,2.725330,-0.596672,0.832672,2.463098,-0.489644,1.063189,2.766277
837,-0.302900,0.029939,2.755803,-0.239289,-0.184004,2.746275,-0.253087,-0.426774,2.628335,-0.004772,-0.345373,2.251758,0.130469,-0.057014,2.250724,0.062835,0.155424,2.320071,-0.262121,0.289474,2.681280,-0.098547,0.355177,2.435405,-0.326466,0.754030,2.467309,-0.504020,0.699879,2.730201,-0.555481,0.943415,2.510364,-0.508562,1.044884,2.787777
838,-0.320911,0.042271,2.762426,-0.238937,-0.166520,2.745919,-0.252585,-0.439512,2.625883,-0.004588,-0.354292,2.244156,0.126830,-0.058106,2.255403,0.060766,0.156099,2.327637,-0.264988,0.281885,2.681809,-0.100072,0.346217,2.429676,-0.332653,0.771819,2.464319,-0.505154,0.713267,2.739896,-0.534800,0.934460,2.515269,-0.472270,1.001280,2.787448
839,-0.302988,0.029428,2.757025,-0.250765,-0.167877,2.750507,-0.246363,-0.434285,2.627846,-0.005869,-0.362965,2.248842,0.131142,-0.060883,2.251645,0.065824,0.156702,2.326268,-0.265206,0.282916,2.676047,-0.099818,0.343546,2.431158,-0.335107,0.766094,2.478416,-0.511306,0.712248,2.721870,-0.555477,0.957867,2.514889,-0.515873,1.067239,2.773934
840,-0.306587,0.025376,2.755752,-0.241063,-0.187206,2.747055,-0.245982,-0.440019,2.624928,-0.003046,-0.373136,2.247022,0.126682,-0.063740,2.260216,0.056894,0.155787,2.328297,-0.260689,0.273294,2.681638,-0.094367,0.337527,2.432097,-0.325367,0.747948,2.467557,-0.503920,0.695160,2.738964,-0.551545,0.913881,2.530657,-0.452101,1.050550,2.797544
841,-0.308252,0.019100,2.761276,-0.244538,-0.211771,2.744706,-0.250395,-0.472782,2.617273,0.004671,-0.389512,2.246996,0.112203,-0.071041,2.262843,0.054141,0.156204,2.331225,-0.261021,0.263248,2.681122,-0.087320,0.326964,2.434277,-0.304191,0.768880,2.465920,-0.517401,0.708967,2.721203,-0.406844,0.956161,2.523019,-0.473194,0.955700,2.767392
842,-0.302847,0.024537,2.761461,-0.257913,-0.226017,2.746224,-0.258227,-0.491823,2.615785,0.007147,-0.400338,2.244934,0.103427,-0.072903,2.256137,0.052229,0.159329,2.325459,-0.263553,0.251555,2.676307,-0.079586,0.311145,2.426203,-0.260806,0.717183,2.430460,-0.508245,0.678811,2.691726,-0.394002,0.887167,2.455257,-0.500703,0.915062,2.717931
843,-0.296632,0.001424,2.751952,-0.253829,-0.226506,2.741833,-0.246933,-0.503378,2.610795,0.007423,-0.415384,2.232491,0.103687,-0.072670,2.236448,0.048594,0.170429,2.322341,-0.253824,0.244910,2.670522,-0.076798,0.301689,2.416992,-0.285945,0.667235,2.425303,-0.477580,0.676428,2.698504,-0.538214,0.777641,2.440566,-0.451251,0.974626,2.727954
844,-0.318967,0.034615,2.752506,-0.279691,-0.216390,2.754136,-0.262766,-0.517377,2.612499,0.016346,-0.423308,2.230136,0.107591,-0.071907,2.233961,0.048516,0.169817,2.330229,-0.258621,0.238384,2.668740,-0.068154,0.297243,2.410310,-0.280468,0.677846,2.437190,-0.495774,0.681671,2.695038,-0.471289,0.832062,2.424987,-0.460141,0.897199,2.686685
845,-0.311318,0.035837,2.744838,-0.266336,-0.218899,2.744361,-0.249519,-0.514650,2.607199,0.012561,-0.438302,2.226096,0.100876,-0.075578,2.238778,0.048560,0.161085,2.338503,-0.257566,0.231692,2.664321,-0.071047,0.289063,2.404569,-0.314451,0.679077,2.447849,-0.492870,0.686112,2.701673,-0.491122,0.725120,2.389599,-0.399210,0.873658,2.677279
846,-0.302821,0.044752,2.746211,-0.272450,-0.219600,2.738877,-0.254994,-0.522882,2.604074,0.017932,-0.438973,2.223223,0.103919,-0.069422,2.220479,0.048438,0.167696,2.325141,-0.262550,0.231532,2.655328,-0.074174,0.294582,2.400503,-0.306951,0.671366,2.430058,-0.474019,0.585783,2.660855,-0.524330,0.685146,2.380760,-0.424793,0.897778,2.690897
847,-0.305114,0.024325,2.745585,-0.266587,-0.232034,2.736709,-0.247199,-0.530565,2.604070,0.015616,-0.446592,2.220181,0.101694,-0.079756,2.235259,0.048017,0.147905,2.315898,-0.259775,0.230915,2.658836,-0.079212,0.290816,2.403878,-0.294755,0.686247,2.435948,-0.489277,0.680446,2.676545,-0.491543,0.687344,2.368871,-0.392500,0.872272,2.663774
848,-0.310745,0.019708,2.744680,-0.263489,-0.250626,2.727334,-0.250659,-0.550384,2.598176,0.021080,-0.459518,2.210661,0.096143,-0.087338,2.225734,0.051251,0.158779,2.322115,-0.261883,0.230880,2.666836,-0.078157,0.291713,2.402921,-0.280924,0.679941,2.445265,-0.482421,0.698362,2.694829,-0.418685,0.768490,2.388393,-0.465709,0.831075,2.651585
849,-0.292636,0.010639,2.742569,-0.237457,-0.228933,2.720649,-0.242257,-0.554559,2.600837,0.021885,-0.469700,2.201282,0.087694,-0.081029,2.224257,0.052138,0.174745,2.337009,-0.264592,0.218172,2.655977,-0.080136,0.285997,2.398507,-0.296577,0.688470,2.456099,-0.471106,0.688924,2.686286,-0.527486,0.845266,2.440233,-0.443842,0.972135,2.709987
850,-0.306140,-0.074726,2.729762,-0.255802,-0.250301,2.716987,-0.238181,-0.563957,2.594972,0.021835,-0.485236,2.205425,0.093606,-0.093790,2.211980,0.050978,0.178148,2.309604,-0.267263,0.214733,2.654304,-0.091894,0.278098,2.397608,-0.318258,0.699056,2.448239,-0.456215,0.601968,2.659167,-0.538012,0.898867,2.454169,-0.434203,1.043115,2.720680
851,-0.295801,0.004039,2.739615,-0.232745,-0.246545,2.710239,-0.238996,-0.577605,2.592794,0.029421,-0.490667,2.201638,0.090313,-0.102789,2.225014,0.051978,0.179586,2.311542,-0.265533,0.213389,2.645558,-0.078267,0.278145,2.391268,-0.298747,0.733267,2.458622,-0.496326,0.694297,2.678542,-0.503167,1.013801,2.509608,-0.486859,1.065562,2.755086
852,-0.302834,0.001615,2.741669,-0.239501,-0.269144,2.712481,-0.239924,-0.587038,2.588210,0.029020,-0.488700,2.200920,0.098153,-0.090381,2.229385,0.056242,0.183326,2.310441,-0.263673,0.208684,2.647355,-0.082720,0.268757,2.390074,-0.279906,0.729205,2.451767,-0.499440,0.701254,2.671247,-0.427087,1.083766,2.484971,-0.540384,1.055567,2.712538
853,-0.309193,0.054648,2.744661,-0.266630,-0.248631,2.726023,-0.244146,-0.583590,2.589006,0.034652,-0.492660,2.196418,0.090537,-0.095527,2.214680,0.057321,0.184813,2.321256,-0.260073,0.212618,2.648525,-0.063375,0.271877,2.383255,-0.244219,0.725227,2.453981,-0.476065,0.627760,2.660975,-0.401463,1.004804,2.474089,-0.487321,0.999077,2.714138
854,-0.297914,-0.001785,2.739640,-0.240893,-0.249949,2.717277,-0.241736,-0.584110,2.588974,0.035870,-0.508096,2.196795,0.085696,-0.109722,2.212396,0.058864,0.181668,2.319471,-0.267336,0.202361,2.642203,-0.072793,0.259235,2.378492,-0.283152,0.694392,2.449537,-0.492220,0.694007,2.679125,-0.472926,0.979938,2.466625,-0.505713,1.015726,2.709077
855,-0.288956,-0.082289,2.732948,-0.253494,-0.281936,2.714445,-0.243313,-0.593011,2.593933,0.038454,-0.510894,2.193514,0.084592,-0.106486,2.214780,0.057816,0.178769,2.315229,-0.269873,0.209039,2.646058,-0.070625,0.263355,2.378501,-0.267527,0.701001,2.463124,-0.481378,0.659872,2.668473,-0.484869,0.937312,2.452407,-0.480309,1.002091,2.716118
856,-0.267880,-0.005087,2.744231,-0.248669,-0.250286,2.723406,-0.247983,-0.597947,2.595677,0.042658,-0.506292,2.190192,0.079034,-0.095372,2.218868,0.058772,0.194561,2.317943,-0.269861,0.205056,2.657604,-0.066860,0.262683,2.379838,-0.264995,0.715481,2.474715,-0.472068,0.651749,2.669948,-0.489547,0.934930,2.452645,-0.492702,0.991880,2.700910
857,-0.282320,0.008563,2.745762,-0.267805,-0.244429,2.726016,-0.251663,-0.600424,2.595363,0.044279,-0.505765,2.188756,0.072257,-0.091504,2.219917,0.059186,0.199693,2.330959,-0.270167,0.209049,2.658174,-0.061991,0.265945,2.381750,-0.252119,0.736101,2.496304,-0.485554,0.659640,2.667528,-0.454072,0.870788,2.404669,-0.508752,0.919193,2.640728
858,-0.299218,0.044826,2.752143,-0.269309,-0.247530,2.726650,-0.245033,-0.599714,2.598305,0.046698,-0.506326,2.193980,0.079562,-0.090629,2.224685,0.059559,0.201170,2.327292,-0.272723,0.209396,2.661258,-0.073940,0.266980,2.386446,-0.258048,0.731575,2.483211,-0.501348,0.730203,2.690828,-0.455466,0.885274,2.424219,-0.507499,0.922656,2.653513
859,-0.300741,0.043280,2.752518,-0.266535,-0.248417,2.722958,-0.243320,-0.602759,2.598684,0.047311,-0.516942,2.200838,0.074250,-0.103763,2.218641,0.062475,0.198289,2.316102,-0.268913,0.199220,2.660486,-0.067189,0.262070,2.388420,-0.264929,0.713699,2.462919,-0.473807,0.645994,2.658907,-0.427347,0.917582,2.441359,-0.506083,0.963384,2.687891
860,-0.303995,0.064343,2.757992,-0.271690,-0.247542,2.723372,-0.250629,-0.600889,2.605152,0.051052,-0.519945,2.194042,0.079893,-0.110403,2.222427,0.064251,0.196700,2.320273,-0.276860,0.199462,2.659102,-0.057579,0.258898,2.385206,-0.215282,0.783512,2.489982,-0.498626,0.638448,2.652898,-0.308024,1.067133,2.480510,-0.522763,1.044813,2.683555
861,-0.325296,0.059507,2.750999,-0.266970,-0.247564,2.727705,-0.248106,-0.605802,2.608108,0.052440,-0.524812,2.194584,0.079092,-0.113059,2.228211,0.059643,0.200503,2.325663,-0.277270,0.188291,2.664190,-0.071180,0.250082,2.389006,-0.239305,0.749704,2.480224,-0.509680,0.714033,2.682033,-0.355584,1.032735,2.456613,-0.517717,1.037987,2.673078
862,-0.326882,0.026953,2.745446,-0.285341,-0.251017,2.731678,-0.254844,-0.605672,2.611638,0.055043,-0.522532,2.192260,0.081005,-0.106040,2.226201,0.064997,0.204496,2.338620,-0.282329,0.188704,2.671335,-0.062923,0.249201,2.391889,-0.261305,0.729900,2.468681,-0.510520,0.737503,2.685193,-0.348046,1.040343,2.468381,-0.520001,1.028609,2.676133
863,-0.339122,0.058069,2.745871,-0.300674,-0.244010,2.728946,-0.257475,-0.609899,2.612498,0.058459,-0.521650,2.193999,0.077203,-0.103529,2.226013,0.060953,0.205742,2.332836,-0.282278,0.183634,2.664325,-0.066479,0.245875,2.386939,-0.252516,0.734777,2.478245,-0.488701,0.643170,2.662051,-0.370720,1.079537,2.500153,-0.555715,1.072528,2.718516
864,-0.336865,0.045180,2.742333,-0.294633,-0.249101,2.726943,-0.255381,-0.609669,2.610408,0.056166,-0.524978,2.198521,0.076869,-0.111693,2.229572,0.061472,0.203826,2.328194,-0.282662,0.184542,2.662312,-0.065761,0.244399,2.389404,-0.253540,0.725787,2.470831,-0.507450,0.700458,2.681090,-0.360855,1.088772,2.477970,-0.523228,1.085823,2.702837
865,-0.334077,0.037252,2.747699,-0.290994,-0.250532,2.723633,-0.257890,-0.607355,2.608596,0.051016,-0.532182,2.206691,0.069625,-0.119994,2.240505,0.060105,0.187813,2.317890,-0.288219,0.183280,2.659224,-0.078347,0.238645,2.387002,-0.292210,0.715874,2.454783,-0.487298,0.640558,2.673457,-0.435341,1.106252,2.517663,-0.550876,1.111565,2.715541
866,-0.316584,0.063696,2.749158,-0.278160,-0.245561,2.728105,-0.256411,-0.610989,2.606852,0.050043,-0.531466,2.200693,0.062299,-0.116692,2.230323,0.051875,0.192555,2.325969,-0.283727,0.185860,2.663646,-0.071429,0.245297,2.393529,-0.250267,0.746786,2.478529,-0.487807,0.620433,2.657874,-0.383119,1.103290,2.492054,-0.538610,1.101444,2.709601
867,-0.327923,0.062402,2.746644,-0.282745,-0.242565,2.727455,-0.250481,-0.611387,2.608734,0.053110,-0.525483,2.198383,0.067793,-0.111133,2.232100,0.055942,0.191765,2.336599,-0.282478,0.186766,2.662705,-0.064618,0.245165,2.392647,-0.242264,0.752544,2.478154,-0.493716,0.628469,2.678025,-0.379004,1.125782,2.515918,-0.542849,1.118990,2.712789
868,-0.336626,0.010264,2.739384,-0.294119,-0.271528,2.723749,-0.253268,-0.610915,2.606896,0.055223,-0.526122,2.197696,0.072357,-0.108839,2.226320,0.060438,0.195684,2.330091,-0.292143,0.179415,2.664013,-0.072624,0.243152,2.389519,-0.286177,0.707816,2.460456,-0.513201,0.689121,2.694724,-0.409458,1.092031,2.496216,-0.555275,1.091670,2.710622
869,-0.327223,0.063586,2.748083,-0.291420,-0.247179,2.727981,-0.259468,-0.604754,2.611372,0.054500,-0.526708,2.195452,0.069610,-0.114797,2.225970,0.059025,0.196505,2.325766,-0.289350,0.181466,2.661088,-0.071123,0.243256,2.388126,-0.239871,0.738097,2.479995,-0.490447,0.647525,2.675711,-0.367969,1.086202,2.499753,-0.529899,1.079865,2.714899
870,-0.324048,0.000616,2.741581,-0.294425,-0.276428,2.724162,-0.257570,-0.608006,2.611178,0.054401,-0.528358,2.197830,0.067731,-0.116489,2.229451,0.063421,0.192992,2.325307,-0.292552,0.178868,2.657047,-0.074890,0.238587,2.381509,-0.286379,0.706372,2.454159,-0.495150,0.628880,2.678875,-0.412401,1.073737,2.491783,-0.555213,1.065486,2.705372
871,-0.342622,0.021796,2.745991,-0.306697,-0.277482,2.721572,-0.259747,-0.612664,2.612826,0.053200,-0.530960,2.198202,0.066663,-0.124548,2.235403,0.061805,0.187166,2.316442,-0.290729,0.178940,2.659371,-0.075503,0.238256,2.389935,-0.281639,0.709208,2.456923,-0.500715,0.630876,2.688586,-0.405947,1.069789,2.478849,-0.557650,1.069468,2.707592
872,-0.351096,0.047249,2.743717,-0.311874,-0.252135,2.733310,-0.262946,-0.609924,2.614042,0.054170,-0.528366,2.196635,0.069850,-0.111176,2.230648,0.056812,0.181572,2.325455,-0.290892,0.183349,2.662412,-0.077548,0.239603,2.387325,-0.280708,0.722136,2.446375,-0.514670,0.705262,2.696437,-0.388395,1.078935,2.471893,-0.552280,1.075378,2.707273
873,-0.338355,0.065117,2.741083,-0.306642,-0.235917,2.739207,-0.263809,-0.598973,2.615244,0.043001,-0.520493,2.200445,0.061789,-0.111730,2.229351,0.055782,0.202032,2.327854,-0.292331,0.184370,2.660953,-0.082678,0.237832,2.387423,-0.288057,0.721089,2.443588,-0.495110,0.646542,2.667679,-0.388220,1.093562,2.478299,-0.549970,1.094134,2.709848
874,-0.335944,0.034449,2.741372,-0.305961,-0.255583,2.736214,-0.263100,-0.601173,2.618536,0.048356,-0.514175,2.196439,0.076184,-0.107578,2.214665,0.062045,0.198246,2.333724,-0.287728,0.183854,2.661389,-0.072106,0.245104,2.387151,-0.284904,0.705030,2.453650,-0.496834,0.623222,2.671746,-0.365638,1.047945,2.440288,-0.526137,1.026936,2.688121
875,-0.323775,0.064046,2.741997,-0.270075,-0.221500,2.740708,-0.257483,-0.581171,2.626207,0.038918,-0.506518,2.199279,0.068571,-0.098409,2.213429,0.056200,0.188446,2.335840,-0.282201,0.209897,2.661827,-0.078743,0.268806,2.386586,-0.252317,0.748289,2.449070,-0.500652,0.632006,2.671824,-0.340845,1.105199,2.467618,-0.507733,1.096885,2.724418
876,-0.319832,0.088233,2.748839,-0.283438,-0.211524,2.746104,-0.264613,-0.578897,2.621926,0.041345,-0.498669,2.191007,0.074540,-0.082930,2.213245,0.062372,0.194535,2.336046,-0.278762,0.204988,2.660021,-0.068815,0.271167,2.388606,-0.245262,0.754381,2.449368,-0.495487,0.624230,2.678390,-0.323068,1.140290,2.475863,-0.515487,1.107954,2.731204
877,-0.308082,0.046881,2.742157,-0.265094,-0.209596,2.754385,-0.259685,-0.575964,2.620936,0.037452,-0.492294,2.190531,0.079134,-0.079052,2.202154,0.060840,0.189876,2.338001,-0.274764,0.210333,2.662511,-0.067546,0.270248,2.387595,-0.194469,0.770745,2.452121,-0.487041,0.633658,2.681176,-0.269091,1.127122,2.448339,-0.465149,1.079154,2.720143
878,-0.305303,-0.065678,2.732961,-0.293106,-0.253248,2.746418,-0.266887,-0.571772,2.621288,0.028800,-0.477831,2.189935,0.090020,-0.081615,2.198060,0.065227,0.182197,2.322227,-0.284704,0.221014,2.667846,-0.074410,0.281370,2.390677,-0.224846,0.765818,2.449570,-0.513712,0.643185,2.692960,-0.307725,1.121716,2.482881,-0.522894,1.079098,2.730618
879,-0.319403,0.042112,2.742193,-0.290763,-0.231374,2.754319,-0.266452,-0.570220,2.615397,0.032730,-0.473653,2.191222,0.084321,-0.073657,2.200386,0.064198,0.174847,2.326605,-0.286775,0.219468,2.662373,-0.082625,0.284420,2.389078,-0.275203,0.741265,2.448155,-0.525547,0.721878,2.694069,-0.353441,1.099289,2.470980,-0.516663,1.087194,2.726232
880,-0.301096,0.020676,2.739971,-0.266462,-0.222332,2.754914,-0.258918,-0.558603,2.622034,0.023704,-0.464120,2.195767,0.091951,-0.064085,2.205512,0.066199,0.170081,2.336751,-0.280101,0.222273,2.667104,-0.082571,0.283358,2.389637,-0.308599,0.721097,2.430146,-0.530448,0.736419,2.697278,-0.390685,1.079654,2.449446,-0.536996,1.063929,2.708829
881,-0.283884,0.017087,2.743429,-0.257053,-0.203386,2.762541,-0.256528,-0.541356,2.625175,0.023685,-0.447818,2.195030,0.090428,-0.055456,2.201708,0.061999,0.174103,2.345604,-0.279750,0.227929,2.679862,-0.087942,0.288493,2.398084,-0.297262,0.683522,2.423277,-0.502486,0.643392,2.668239,-0.388785,1.004577,2.434937,-0.492113,0.960221,2.677289
882,-0.295975,-0.035244,2.729790,-0.291920,-0.208823,2.767982,-0.263513,-0.527952,2.626676,0.023055,-0.441126,2.202403,0.100992,-0.053750,2.196913,0.061603,0.162793,2.330234,-0.286412,0.227793,2.668449,-0.091127,0.295641,2.395026,-0.288348,0.701983,2.427467,-0.533027,0.690230,2.690266,-0.352958,0.989768,2.419940,-0.486048,0.912959,2.653797
883,-0.320426,0.042564,2.738130,-0.283537,-0.179077,2.767810,-0.265490,-0.507989,2.627484,0.022310,-0.424802,2.200712,0.109174,-0.038861,2.203107,0.060601,0.166360,2.327871,-0.284817,0.248835,2.678745,-0.088025,0.319911,2.401143,-0.247997,0.764009,2.442770,-0.540335,0.713498,2.691534,-0.338373,0.997147,2.416810,-0.530581,0.979548,2.674351
884,-0.327747,-0.011288,2.725116,-0.302882,-0.202266,2.757434,-0.278550,-0.487680,2.620622,0.013110,-0.409539,2.210680,0.114022,-0.056117,2.203020,0.060455,0.162617,2.321460,-0.277527,0.265512,2.670125,-0.080120,0.335671,2.396109,-0.240866,0.754899,2.424051,-0.554141,0.714459,2.693914,-0.328274,0.928322,2.356891,-0.522719,0.961462,2.669331
885,-0.354963,-0.033686,2.726194,-0.314251,-0.214138,2.773943,-0.282743,-0.467326,2.622434,0.014332,-0.382512,2.214991,0.113132,-0.059693,2.200780,0.060714,0.154634,2.322453,-0.280210,0.286291,2.672725,-0.081096,0.348587,2.401511,-0.258141,0.744585,2.428895,-0.532022,0.697134,2.686490,-0.450332,0.986770,2.428997,-0.536116,1.071014,2.728425
886,-0.328333,0.036931,2.736108,-0.298114,-0.193009,2.769764,-0.280268,-0.442655,2.621042,0.019811,-0.350846,2.221069,0.117401,-0.046660,2.201053,0.057650,0.156301,2.308863,-0.282124,0.312480,2.673549,-0.083432,0.375431,2.405439,-0.273303,0.800862,2.442957,-0.536501,0.732144,2.689073,-0.438657,1.136265,2.486988,-0.571328,1.148397,2.730567
887,-0.334325,0.033583,2.741057,-0.297046,-0.199519,2.764261,-0.279679,-0.409823,2.627216,0.015558,-0.318238,2.230588,0.127637,-0.037195,2.207604,0.059023,0.156445,2.296295,-0.280472,0.334900,2.677462,-0.089316,0.399873,2.408386,-0.311735,0.812705,2.426686,-0.564317,0.718831,2.675682,-0.446835,1.086838,2.459119,-0.529805,1.104724,2.738961
888,-0.332426,0.052406,2.740304,-0.295886,-0.184926,2.764787,-0.285582,-0.378589,2.635622,0.010331,-0.293143,2.238910,0.141547,-0.028568,2.203089,0.057814,0.161587,2.309905,-0.282312,0.335153,2.682326,-0.095433,0.397796,2.413262,-0.293813,0.776638,2.404560,-0.562581,0.692567,2.671653,-0.434036,1.035032,2.427571,-0.513091,1.076370,2.715102
889,-0.325016,0.062615,2.743859,-0.286050,-0.163460,2.776937,-0.270184,-0.353392,2.646778,0.001931,-0.257702,2.231219,0.161639,-0.028015,2.230799,0.054060,0.159678,2.322938,-0.278488,0.350817,2.689487,-0.106822,0.415704,2.419336,-0.387593,0.648325,2.393476,-0.556811,0.694627,2.688396,-0.545612,0.946809,2.418612,-0.487263,1.079855,2.753597
890,-0.334426,0.053330,2.741202,-0.281882,-0.158553,2.773438,-0.270279,-0.352194,2.646138,0.003769,-0.268875,2.229993,0.158888,-0.032745,2.243364,0.064439,0.163329,2.327716,-0.282784,0.345126,2.693745,-0.110312,0.408088,2.424366,-0.404459,0.686663,2.356196,-0.562845,0.662709,2.679876,-0.498485,0.952155,2.400244,-0.574623,1.053601,2.698126
891,-0.314926,0.046555,2.736302,-0.265913,-0.167062,2.764585,-0.269937,-0.320017,2.655174,0.000778,-0.252442,2.236252,0.179118,-0.038831,2.239519,0.069425,0.161989,2.308456,-0.291927,0.352717,2.693461,-0.117714,0.420271,2.431801,-0.357148,0.774131,2.433622,-0.578382,0.694536,2.684913,-0.519370,1.032809,2.465864,-0.615021,1.064301,2.727704
892,-0.374125,-0.009309,2.725312,-0.345212,-0.172810,2.774805,-0.282802,-0.313436,2.653566,0.014055,-0.241541,2.229593,0.175899,-0.038338,2.246886,0.069837,0.163499,2.314349,-0.286187,0.350625,2.695488,-0.102867,0.417662,2.429060,-0.288300,0.795203,2.403486,-0.565442,0.658912,2.669754,-0.454480,1.009808,2.428931,-0.575838,1.019963,2.695615
893,-0.357869,0.008040,2.717766,-0.352131,-0.184749,2.751858,-0.292385,-0.323218,2.653861,0.018989,-0.237621,2.233352,0.180626,-0.044570,2.254382,0.082174,0.157433,2.323175,-0.282805,0.344862,2.695872,-0.099610,0.416725,2.426225,-0.274966,0.771556,2.359539,-0.558450,0.664065,2.682323,-0.473255,0.890060,2.387566,-0.538373,0.972626,2.687879
894,-0.315877,0.059801,2.728016,-0.309809,-0.160229,2.754696,-0.282145,-0.325222,2.650790,0.020187,-0.235856,2.236964,0.183627,-0.050374,2.247660,0.079484,0.150438,2.312633,-0.267442,0.342559,2.692411,-0.087924,0.410470,2.429125,-0.282214,0.732093,2.388999,-0.551287,0.611008,2.679311,-0.500455,0.936134,2.420360,-0.577837,1.026822,2.720098
895,-0.303523,0.054902,2.727378,-0.245840,-0.149868,2.746461,-0.261596,-0.336407,2.649404,0.022842,-0.239855,2.239505,0.186045,-0.053385,2.263477,0.075099,0.147977,2.330359,-0.262056,0.333025,2.704252,-0.089529,0.402162,2.431801,-0.299218,0.744675,2.410210,-0.554927,0.655931,2.696310,-0.465898,0.937317,2.420183,-0.563388,1.008470,2.697584
896,-0.300957,0.037348,2.727128,-0.224012,-0.163301,2.741047,-0.260614,-0.345014,2.645745,0.020648,-0.236296,2.243453,0.177956,-0.048792,2.259370,0.076356,0.148346,2.320894,-0.269101,0.324879,2.699026,-0.102845,0.400608,2.437295,-0.283687,0.756753,2.432511,-0.550867,0.674040,2.685562,-0.449714,1.015110,2.477729,-0.609571,1.000210,2.704186
897,-0.299609,0.040554,2.722619,-0.221294,-0.157132,2.738536,-0.250265,-0.339431,2.647227,0.021433,-0.239955,2.247530,0.184278,-0.047728,2.267814,0.083564,0.141351,2.327994,-0.266555,0.329978,2.695124,-0.105574,0.400249,2.434466,-0.416146,0.681365,2.408845,-0.552350,0.660892,2.688790,-0.536051,0.965044,2.464251,-0.618249,1.021723,2.701796
898,-0.303318,0.048376,2.727626,-0.230142,-0.142995,2.741630,-0.254957,-0.334777,2.647409,0.020648,-0.248234,2.255513,0.174145,-0.049464,2.272871,0.077570,0.135587,2.327632,-0.267563,0.336318,2.693591,-0.095483,0.400711,2.442688,-0.321037,0.737474,2.418064,-0.551432,0.679599,2.703563,-0.480550,1.027413,2.466782,-0.611752,1.042659,2.716810
899,-0.305681,0.048340,2.725056,-0.229190,-0.137741,2.739373,-0.255818,-0.333853,2.649560,0.024684,-0.247720,2.256538,0.181538,-0.052187,2.272395,0.077256,0.133715,2.333045,-0.267209,0.331402,2.697440,-0.093339,0.398081,2.439557,-0.339395,0.708138,2.387500,-0.551268,0.656930,2.687328,-0.482316,0.945509,2.422673,-0.603876,1.039640,2.673833
900,-0.302608,0.037678,2.723653,-0.231659,-0.161318,2.738231,-0.257045,-0.343706,2.646618,0.023977,-0.252897,2.255648,0.183065,-0.060183,2.267004,0.081148,0.135330,2.339045,-0.271726,0.313979,2.691612,-0.103762,0.392219,2.434900,-0.345813,0.727899,2.419420,-0.535110,0.600600,2.664963,-0.517865,0.946825,2.465752,-0.607383,1.026844,2.709041
901,-0.294003,0.031786,2.727597,-0.229244,-0.172135,2.739254,-0.248726,-0.344340,2.643901,0.019819,-0.264398,2.260685,0.175875,-0.063299,2.269718,0.075968,0.135322,2.332231,-0.270425,0.317686,2.690165,-0.097983,0.388466,2.435123,-0.323392,0.736960,2.420794,-0.528939,0.607389,2.684881,-0.471850,1.019119,2.474473,-0.589008,1.043155,2.725436
902,-0.294125,0.029849,2.720256,-0.218607,-0.149221,2.732500,-0.241629,-0.347008,2.650244,0.023169,-0.267658,2.260700,0.178880,-0.053036,2.280651,0.077791,0.140755,2.356606,-0.267273,0.312561,2.696773,-0.100283,0.384703,2.436335,-0.346657,0.710957,2.413929,-0.530242,0.605319,2.688606,-0.509099,0.959957,2.461403,-0.574640,1.030602,2.710013
903,-0.297640,0.038543,2.728587,-0.227844,-0.143887,2.752535,-0.242798,-0.347665,2.653862,0.025477,-0.274838,2.261188,0.176113,-0.051621,2.275456,0.073868,0.140575,2.347653,-0.264106,0.315967,2.704275,-0.095892,0.382776,2.441479,-0.352280,0.710561,2.407146,-0.528116,0.647173,2.710098,-0.538894,0.880940,2.438672,-0.565161,0.992390,2.710734
904,-0.300201,0.045819,2.738401,-0.229030,-0.132079,2.763900,-0.248086,-0.346448,2.640144,0.024788,-0.279712,2.264415,0.171039,-0.046632,2.278306,0.073847,0.142922,2.335028,-0.263230,0.322795,2.702384,-0.086625,0.390620,2.444550,-0.339666,0.730238,2.426576,-0.534052,0.691460,2.723199,-0.533285,0.951880,2.459343,-0.579569,1.047691,2.732219
905,-0.300680,0.033717,2.734248,-0.229244,-0.138697,2.761409,-0.240248,-0.344959,2.638339,0.025070,-0.281814,2.260602,0.173000,-0.045706,2.273305,0.075006,0.140540,2.327417,-0.257571,0.325977,2.696465,-0.088241,0.396344,2.440641,-0.349315,0.718803,2.410635,-0.526481,0.669155,2.720368,-0.552461,0.895380,2.435396,-0.567393,1.038834,2.728705
906,-0.305221,0.058989,2.730242,-0.229887,-0.112900,2.750329,-0.242723,-0.341673,2.646052,0.025740,-0.283022,2.262702,0.170807,-0.044088,2.283533,0.074777,0.142955,2.338859,-0.258697,0.327363,2.699241,-0.080260,0.393667,2.439005,-0.305536,0.773313,2.444496,-0.540463,0.678675,2.708678,-0.510834,0.945359,2.474732,-0.568702,1.038382,2.721762
907,-0.298298,0.033800,2.731509,-0.237986,-0.150303,2.764591,-0.243564,-0.350781,2.635740,0.025067,-0.289308,2.263821,0.168687,-0.042321,2.273714,0.070690,0.143540,2.326124,-0.267550,0.324489,2.697634,-0.090519,0.393669,2.445018,-0.314352,0.762006,2.450784,-0.526760,0.632158,2.690978,-0.479732,0.994850,2.475784,-0.567901,1.049302,2.719450
908,-0.305257,0.052432,2.725576,-0.234814,-0.117985,2.755722,-0.241193,-0.347380,2.639317,0.026587,-0.292637,2.266376,0.168234,-0.040326,2.275097,0.074190,0.144604,2.331014,-0.257275,0.327281,2.699360,-0.078392,0.394108,2.442153,-0.311481,0.743865,2.438796,-0.513242,0.605740,2.682953,-0.533717,0.922639,2.454697,-0.557199,1.048245,2.718504
909,-0.304831,0.050329,2.727722,-0.242710,-0.126322,2.764532,-0.244484,-0.354449,2.634606,0.028058,-0.300502,2.263434,0.168584,-0.040127,2.271420,0.072368,0.146035,2.326374,-0.266959,0.315415,2.700372,-0.079888,0.379814,2.443361,-0.275872,0.728736,2.439576,-0.520877,0.652817,2.705931,-0.484054,0.873005,2.440721,-0.500598,0.976342,2.712364
910,-0.307273,0.046059,2.733974,-0.245584,-0.141455,2.767289,-0.244839,-0.370951,2.627581,0.027049,-0.304230,2.265728,0.168007,-0.034612,2.254372,0.068732,0.149150,2.321018,-0.264803,0.294781,2.707781,-0.090506,0.369846,2.453682,-0.317586,0.730038,2.448919,-0.514442,0.596695,2.702183,-0.519674,0.916683,2.471155,-0.531377,1.014972,2.762233
911,-0.302661,0.043720,2.727050,-0.250268,-0.142913,2.772090,-0.244330,-0.369726,2.633786,0.027689,-0.304928,2.259485,0.174508,-0.022606,2.254008,0.071561,0.156015,2.325484,-0.270556,0.297278,2.695847,-0.089945,0.371387,2.442923,-0.296093,0.750121,2.442893,-0.533264,0.656354,2.710058,-0.445706,0.975608,2.485552,-0.527703,1.012259,2.752715
912,-0.308406,0.046700,2.740483,-0.252150,-0.148922,2.771883,-0.244118,-0.372293,2.627640,0.025598,-0.308136,2.263766,0.168457,-0.026865,2.251945,0.069379,0.155874,2.323805,-0.262318,0.293249,2.688466,-0.087146,0.366896,2.444519,-0.313453,0.755135,2.472883,-0.524104,0.686111,2.709018,-0.475537,1.001979,2.499835,-0.546293,1.044911,2.757294
913,-0.313175,0.048712,2.740023,-0.252719,-0.151860,2.770109,-0.239243,-0.376114,2.628376,0.025304,-0.314454,2.262069,0.166499,-0.029181,2.244651,0.072656,0.157075,2.321539,-0.265244,0.301330,2.685819,-0.094545,0.371160,2.440430,-0.329585,0.763763,2.475156,-0.528586,0.698665,2.719686,-0.522361,0.993860,2.501431,-0.576697,1.047331,2.743297
914,-0.315519,0.060098,2.737628,-0.250622,-0.130118,2.764497,-0.241016,-0.374546,2.637535,0.023688,-0.322740,2.258319,0.167324,-0.034689,2.251084,0.068896,0.156507,2.326715,-0.258658,0.298399,2.683900,-0.085395,0.364052,2.433644,-0.326746,0.738832,2.441306,-0.528830,0.681839,2.718868,-0.491250,0.954908,2.468323,-0.568757,1.017758,2.715610
915,-0.305043,0.038742,2.733571,-0.249600,-0.163911,2.761717,-0.233308,-0.386011,2.630849,0.019982,-0.328713,2.258566,0.164544,-0.038807,2.252890,0.063856,0.155768,2.325816,-0.255596,0.293718,2.681573,-0.099250,0.358906,2.432574,-0.366858,0.700636,2.429240,-0.492625,0.664509,2.704998,-0.568427,0.856045,2.440360,-0.494712,1.052141,2.716763
916,-0.313981,0.062325,2.740787,-0.250266,-0.134449,2.760934,-0.240849,-0.389082,2.635427,0.024469,-0.334339,2.256078,0.168515,-0.035167,2.250061,0.059813,0.162487,2.325005,-0.258373,0.297964,2.680999,-0.089553,0.365717,2.432744,-0.358308,0.726703,2.441323,-0.516553,0.670484,2.717274,-0.557478,0.912753,2.461783,-0.505541,1.047607,2.723282
917,-0.312570,0.057021,2.738488,-0.251498,-0.158157,2.755893,-0.242029,-0.413944,2.627835,0.021592,-0.336735,2.262306,0.161131,-0.038150,2.263925,0.062882,0.162343,2.326994,-0.252103,0.282877,2.676073,-0.092352,0.349491,2.432455,-0.325670,0.693605,2.455545,-0.499078,0.682591,2.713508,-0.606825,0.835417,2.467528,-0.431381,1.025806,2.750655
918,-0.309159,0.053522,2.745317,-0.251373,-0.166267,2.757672,-0.244786,-0.420957,2.629876,0.016455,-0.345653,2.261671,0.158933,-0.040203,2.257465,0.065075,0.162286,2.318440,-0.253416,0.270540,2.670962,-0.094441,0.337628,2.425538,-0.331923,0.696492,2.450435,-0.499718,0.682683,2.704720,-0.538451,0.903321,2.457911,-0.471891,1.000079,2.726244
919,-0.306132,0.053362,2.743129,-0.253977,-0.171255,2.751851,-0.242793,-0.432502,2.621332,0.016471,-0.353085,2.262780,0.150716,-0.044302,2.270162,0.062068,0.158546,2.328546,-0.252530,0.271648,2.667008,-0.089890,0.329677,2.426811,-0.337605,0.689474,2.438016,-0.490042,0.672758,2.720830,-0.597310,0.857614,2.462646,-0.443937,1.065751,2.747365
920,-0.311811,0.054767,2.742402,-0.249625,-0.166572,2.754703,-0.240449,-0.435211,2.620012,0.015213,-0.361723,2.265021,0.145568,-0.055939,2.279246,0.059786,0.157652,2.332112,-0.247521,0.269140,2.669287,-0.083106,0.324601,2.425533,-0.309547,0.669147,2.447094,-0.504329,0.689985,2.707571,-0.553918,0.828480,2.440512,-0.467999,0.991970,2.723800
921,-0.310873,0.059172,2.753990,-0.232404,-0.140470,2.759035,-0.230091,-0.430360,2.632135,0.014733,-0.376909,2.254956,0.124779,-0.063439,2.274653,0.048885,0.166308,2.344376,-0.240829,0.289493,2.678547,-0.075941,0.331786,2.427208,-0.301634,0.695547,2.440251,-0.467815,0.593353,2.668915,-0.534541,0.897175,2.437931,-0.472786,1.047686,2.734463
922,-0.303659,0.047696,2.751201,-0.234706,-0.178991,2.751879,-0.232035,-0.456022,2.626638,0.016357,-0.388569,2.254952,0.122684,-0.066440,2.270478,0.049571,0.170813,2.336948,-0.239484,0.278111,2.676869,-0.074872,0.323226,2.426928,-0.278894,0.711994,2.443218,-0.453762,0.571442,2.670724,-0.519004,0.915567,2.450590,-0.463769,1.031437,2.737309
923,-0.311764,0.052950,2.746794,-0.235653,-0.182927,2.752451,-0.234687,-0.472971,2.616915,0.019160,-0.402653,2.247438,0.124251,-0.064372,2.266566,0.050143,0.174931,2.345993,-0.247246,0.267889,2.678429,-0.081010,0.319541,2.429905,-0.309345,0.698928,2.442470,-0.475620,0.681166,2.724717,-0.547918,0.916753,2.444487,-0.455992,1.074430,2.756016
924,-0.289731,0.028992,2.745830,-0.238935,-0.221629,2.744035,-0.230073,-0.488989,2.608560,0.020284,-0.412944,2.243617,0.114068,-0.069590,2.264314,0.052102,0.168703,2.339834,-0.259789,0.248008,2.666849,-0.101505,0.313208,2.423076,-0.300767,0.731142,2.456961,-0.506169,0.696932,2.698094,-0.429587,0.993260,2.513795,-0.489476,1.004021,2.745072
925,-0.300143,0.034703,2.748405,-0.241093,-0.194069,2.749549,-0.224894,-0.494742,2.612893,0.019489,-0.424158,2.238074,0.113170,-0.076217,2.255715,0.055357,0.166712,2.326366,-0.246591,0.244067,2.665691,-0.088027,0.305483,2.413648,-0.275460,0.712798,2.449580,-0.486834,0.679334,2.708029,-0.413993,0.950465,2.480693,-0.491184,0.946129,2.719227
926,-0.303343,0.040206,2.751544,-0.238430,-0.199897,2.747219,-0.225996,-0.503577,2.611971,0.026920,-0.427916,2.234622,0.107540,-0.082592,2.257719,0.051969,0.157724,2.330456,-0.254380,0.242756,2.668100,-0.086450,0.298556,2.412647,-0.280642,0.692369,2.452455,-0.490400,0.686795,2.701933,-0.429173,0.920400,2.458331,-0.473311,0.947818,2.702919
927,-0.301678,0.062135,2.754461,-0.239910,-0.203142,2.751205,-0.229646,-0.513895,2.610052,0.030485,-0.440592,2.232012,0.107899,-0.081945,2.243516,0.053306,0.162209,2.332709,-0.252714,0.241751,2.664143,-0.077805,0.300139,2.413726,-0.298766,0.692389,2.451743,-0.467525,0.600964,2.655107,-0.466635,0.791518,2.400522,-0.407574,0.910947,2.681037
928,-0.299593,0.037745,2.753409,-0.241482,-0.216142,2.747880,-0.222734,-0.523346,2.606319,0.032839,-0.448772,2.233369,0.105700,-0.087048,2.232835,0.055925,0.168623,2.328444,-0.252457,0.240337,2.663851,-0.076286,0.297094,2.410494,-0.294113,0.684900,2.445700,-0.485137,0.670020,2.693008,-0.510529,0.831425,2.434078,-0.445943,0.968238,2.709603
929,-0.302977,0.040995,2.750779,-0.247499,-0.222255,2.746577,-0.225925,-0.530067,2.601035,0.035160,-0.455901,2.229698,0.108823,-0.096014,2.225651,0.058689,0.168748,2.314739,-0.250877,0.241277,2.658930,-0.075353,0.300000,2.407129,-0.283186,0.716614,2.458037,-0.474083,0.693427,2.706550,-0.489158,0.888698,2.460168,-0.432607,0.981027,2.727731
930,-0.311282,0.051423,2.752192,-0.261557,-0.225936,2.745863,-0.230894,-0.537462,2.601735,0.037270,-0.458321,2.224600,0.105722,-0.098206,2.223664,0.053202,0.160271,2.307521,-0.255323,0.236400,2.657842,-0.078042,0.297170,2.401936,-0.284915,0.707266,2.453107,-0.463639,0.616904,2.660497,-0.495785,0.887579,2.446306,-0.450585,0.982978,2.710948
931,-0.304329,0.031300,2.746930,-0.264444,-0.239654,2.738618,-0.227013,-0.536342,2.597260,0.038727,-0.452964,2.222252,0.110930,-0.102206,2.220667,0.055487,0.151772,2.311404,-0.258231,0.240348,2.655221,-0.080227,0.303649,2.403708,-0.291318,0.724960,2.457898,-0.487340,0.693992,2.698928,-0.516253,0.935674,2.468164,-0.497960,1.013584,2.720267
932,-0.307629,0.051332,2.747218,-0.257971,-0.228157,2.745329,-0.231051,-0.537433,2.601866,0.041418,-0.456118,2.222957,0.106625,-0.094908,2.219981,0.058036,0.161846,2.304093,-0.256230,0.234930,2.660071,-0.077488,0.294641,2.404279,-0.318163,0.709474,2.467441,-0.487199,0.710553,2.700432,-0.497762,0.876192,2.438518,-0.447982,0.982215,2.690574
933,-0.310875,0.027138,2.742038,-0.272148,-0.249485,2.734664,-0.235762,-0.547098,2.599268,0.043887,-0.462696,2.216957,0.103210,-0.091245,2.208415,0.058351,0.168685,2.309095,-0.265265,0.238759,2.654744,-0.076228,0.294163,2.398654,-0.307543,0.717406,2.452799,-0.486362,0.721547,2.688612,-0.542253,0.887645,2.452913,-0.444195,1.027372,2.708781
934,-0.315126,0.025359,2.741744,-0.261562,-0.244305,2.725755,-0.229461,-0.551194,2.601483,0.046615,-0.465955,2.218809,0.105039,-0.092193,2.216758,0.058127,0.177023,2.315749,-0.264874,0.240161,2.654255,-0.074590,0.298878,2.399524,-0.296834,0.695714,2.451546,-0.478168,0.709201,2.687719,-0.507653,0.862479,2.427394,-0.436924,0.998372,2.681774
935,-0.309462,0.043510,2.743243,-0.255338,-0.232965,2.727041,-0.220598,-0.558871,2.600148,0.044342,-0.469394,2.214825,0.108822,-0.098041,2.216051,0.058826,0.183977,2.311535,-0.263765,0.239279,2.660090,-0.077308,0.298601,2.402118,-0.305155,0.719395,2.462049,-0.500205,0.729468,2.703534,-0.488846,0.866683,2.411717,-0.457625,0.966149,2.692566
936,-0.317802,0.057238,2.745552,-0.277700,-0.235166,2.731363,-0.230536,-0.564727,2.606220,0.049162,-0.477846,2.208923,0.093817,-0.097194,2.212632,0.056458,0.182203,2.313414,-0.260792,0.228085,2.655579,-0.072484,0.286035,2.391932,-0.269540,0.659355,2.416596,-0.436098,0.646453,2.660983,-0.547159,0.899914,2.462557,-0.385700,1.104053,2.746326
937,-0.324256,0.045593,2.750606,-0.275994,-0.247121,2.727161,-0.238970,-0.576032,2.601774,0.053344,-0.487158,2.209584,0.096026,-0.102951,2.214402,0.063062,0.184449,2.316287,-0.258208,0.225184,2.657748,-0.068570,0.281303,2.394009,-0.298343,0.722560,2.481184,-0.435185,0.633272,2.681010,-0.540150,0.942277,2.485734,-0.403698,1.145623,2.760941
938,-0.316087,0.040187,2.746403,-0.268546,-0.251747,2.728960,-0.235145,-0.588580,2.595891,0.050863,-0.487702,2.204918,0.092089,-0.102301,2.215539,0.059802,0.185615,2.322274,-0.261096,0.217138,2.659374,-0.075874,0.275818,2.387676,-0.314359,0.709515,2.478345,-0.438448,0.658200,2.692559,-0.567119,0.908508,2.465310,-0.379281,1.158224,2.767918
939,-0.315654,0.043142,2.747359,-0.260125,-0.249334,2.724017,-0.232944,-0.590206,2.596045,0.051205,-0.485259,2.207259,0.089173,-0.100892,2.211156,0.066853,0.187235,2.313242,-0.258993,0.210040,2.659110,-0.075271,0.269891,2.387789,-0.297432,0.700639,2.469563,-0.453657,0.641750,2.673331,-0.505872,0.896755,2.454384,-0.445280,1.081048,2.738945
940,-0.326221,0.060354,2.755879,-0.271009,-0.251193,2.726020,-0.234563,-0.589755,2.600701,0.054417,-0.493351,2.209434,0.088996,-0.102334,2.220228,0.060319,0.182834,2.311742,-0.255771,0.209390,2.656306,-0.063998,0.267043,2.387359,-0.282546,0.698541,2.477922,-0.435729,0.650287,2.682298,-0.534454,0.814802,2.419613,-0.385284,1.083953,2.726921
941,-0.323931,0.032968,2.756397,-0.281945,-0.265924,2.725738,-0.237603,-0.594725,2.599919,0.052487,-0.492793,2.205765,0.086879,-0.101323,2.218742,0.061285,0.181490,2.307631,-0.263122,0.213796,2.657601,-0.079286,0.263829,2.385580,-0.338939,0.691062,2.460046,-0.440650,0.664966,2.680722,-0.589077,0.899765,2.466141,-0.390044,1.142357,2.757141
942,-0.339953,0.064636,2.759801,-0.273357,-0.250565,2.730728,-0.236270,-0.598449,2.600403,0.054360,-0.496117,2.206914,0.090450,-0.105298,2.220367,0.064336,0.183818,2.310223,-0.263393,0.209660,2.659831,-0.073990,0.264058,2.388375,-0.279467,0.714573,2.463071,-0.453427,0.753354,2.707182,-0.519946,0.930656,2.454851,-0.430350,1.109983,2.733874
943,-0.327650,0.066548,2.761936,-0.266500,-0.252388,2.729472,-0.227562,-0.601178,2.597441,0.050275,-0.496133,2.207056,0.086013,-0.106731,2.223203,0.065073,0.179930,2.307798,-0.263155,0.210747,2.660697,-0.075885,0.266278,2.389309,-0.287698,0.716922,2.481260,-0.456965,0.675567,2.670197,-0.540696,0.889659,2.487199,-0.449320,1.099004,2.745161
944,-0.326584,0.057685,2.759125,-0.267979,-0.254444,2.728933,-0.228520,-0.600534,2.597433,0.054178,-0.493440,2.205415,0.086556,-0.101843,2.221551,0.064068,0.190883,2.318609,-0.263423,0.208638,2.660388,-0.070994,0.266756,2.389167,-0.259297,0.728925,2.473186,-0.464019,0.657442,2.671130,-0.473402,0.965487,2.454974,-0.494824,1.028464,2.716188
945,-0.324671,0.061633,2.760808,-0.263567,-0.252007,2.726476,-0.229920,-0.605158,2.595016,0.050257,-0.504758,2.205311,0.078859,-0.104126,2.235132,0.062658,0.199767,2.318794,-0.259421,0.202671,2.659129,-0.070621,0.256011,2.391120,-0.253014,0.730027,2.482218,-0.467682,0.656052,2.680422,-0.488121,0.921699,2.491976,-0.507272,1.050209,2.717766
946,-0.321105,0.043224,2.750221,-0.270494,-0.270569,2.722822,-0.227495,-0.604997,2.596804,0.049923,-0.500647,2.198776,0.076190,-0.101749,2.227968,0.057783,0.195748,2.318476,-0.266032,0.199169,2.655293,-0.087879,0.249275,2.387355,-0.351349,0.693081,2.454125,-0.439336,0.653753,2.665883,-0.521992,0.887437,2.489022,-0.371213,1.120313,2.744350
947,-0.324583,0.039076,2.749348,-0.275758,-0.271707,2.721802,-0.226690,-0.607086,2.600437,0.054485,-0.505710,2.201766,0.079594,-0.095881,2.230241,0.060520,0.201796,2.323064,-0.266425,0.203388,2.658817,-0.086778,0.255242,2.388833,-0.284410,0.704099,2.463440,-0.451558,0.735355,2.694295,-0.525288,0.899362,2.480002,-0.395812,1.134462,2.748366
948,-0.324781,0.032677,2.744546,-0.290853,-0.271664,2.726019,-0.227561,-0.605098,2.600982,0.058116,-0.501186,2.196618,0.082447,-0.083599,2.237124,0.060172,0.221208,2.332266,-0.266100,0.202931,2.663935,-0.080993,0.256880,2.389242,-0.289843,0.711423,2.468375,-0.433800,0.668299,2.669668,-0.536449,0.911281,2.500242,-0.377638,1.167176,2.761328
949,-0.339956,0.054432,2.744147,-0.275981,-0.255231,2.726240,-0.229576,-0.606855,2.607065,0.056378,-0.504207,2.195529,0.079239,-0.085971,2.234895,0.060337,0.224880,2.324959,-0.271812,0.203741,2.658987,-0.081025,0.261545,2.390774,-0.307853,0.741609,2.472008,-0.483343,0.651019,2.665550,-0.415894,1.115125,2.515709,-0.536858,1.077611,2.733648
950,-0.341508,0.059670,2.745862,-0.288525,-0.262941,2.724478,-0.235992,-0.604671,2.608406,0.060765,-0.504215,2.194571,0.080979,-0.089239,2.232492,0.054714,0.224847,2.324394,-0.276215,0.206410,2.658088,-0.083438,0.267984,2.388570,-0.305761,0.736591,2.464307,-0.496425,0.725498,2.678744,-0.434238,1.085420,2.494073,-0.536953,1.065842,2.704762
951,-0.318741,0.061616,2.755832,-0.264001,-0.247511,2.725435,-0.233684,-0.603682,2.605265,0.058541,-0.509180,2.198889,0.076852,-0.095113,2.229334,0.057543,0.210733,2.311361,-0.268902,0.203977,2.659196,-0.077536,0.259458,2.387896,-0.320613,0.726742,2.464544,-0.466216,0.653384,2.659728,-0.502355,0.942734,2.522009,-0.483065,1.112654,2.740119
952,-0.337845,0.057533,2.746387,-0.293691,-0.263771,2.731129,-0.238611,-0.605671,2.608568,0.058449,-0.512797,2.197763,0.081556,-0.104055,2.226922,0.062982,0.194278,2.314478,-0.278002,0.191424,2.658874,-0.085294,0.250798,2.388525,-0.297464,0.731625,2.466405,-0.492514,0.724935,2.691907,-0.436212,1.059845,2.497774,-0.529995,1.061431,2.715963
953,-0.347801,0.071300,2.752536,-0.292577,-0.281233,2.727263,-0.239946,-0.609009,2.604349,0.064001,-0.511204,2.196702,0.074679,-0.097859,2.226460,0.059077,0.194470,2.313892,-0.275948,0.193163,2.656873,-0.077352,0.262100,2.389194,-0.293819,0.740992,2.477269,-0.498757,0.752625,2.692878,-0.411331,1.038815,2.491932,-0.535392,1.027751,2.706707
954,-0.347613,0.055741,2.747937,-0.302228,-0.277566,2.728268,-0.240222,-0.606293,2.607270,0.063681,-0.510588,2.197550,0.075488,-0.096510,2.228446,0.057443,0.191226,2.314806,-0.279047,0.197118,2.657607,-0.077706,0.262514,2.393054,-0.263826,0.744417,2.472868,-0.481110,0.669968,2.672777,-0.391364,1.073271,2.498533,-0.528262,1.070106,2.717867
955,-0.350509,0.059202,2.744800,-0.295388,-0.272045,2.728554,-0.240637,-0.604278,2.607028,0.062030,-0.507572,2.193384,0.071021,-0.087890,2.220907,0.054301,0.207313,2.322641,-0.282439,0.203771,2.653330,-0.084248,0.269485,2.384117,-0.303887,0.746722,2.467677,-0.504764,0.726468,2.683654,-0.415468,1.087420,2.498456,-0.547878,1.074335,2.709449
956,-0.343809,0.085641,2.755367,-0.287034,-0.261217,2.726264,-0.239761,-0.602789,2.607939,0.060698,-0.509112,2.196332,0.085277,-0.093727,2.222022,0.062272,0.195387,2.320126,-0.275143,0.201658,2.661788,-0.071068,0.266851,2.388978,-0.258295,0.762734,2.476783,-0.483993,0.673440,2.668376,-0.370658,1.114681,2.503956,-0.531928,1.095235,2.729008
957,-0.342165,0.085854,2.758241,-0.273609,-0.252259,2.725427,-0.238287,-0.603787,2.606004,0.060302,-0.511681,2.196689,0.083623,-0.102064,2.220576,0.064769,0.182803,2.312683,-0.274744,0.199708,2.660913,-0.071459,0.262802,2.388597,-0.285209,0.754933,2.476347,-0.491690,0.659364,2.671885,-0.385413,1.095852,2.505822,-0.546923,1.077156,2.718053
958,-0.340300,0.078824,2.759465,-0.282475,-0.254447,2.736951,-0.242485,-0.602341,2.608780,0.059535,-0.513398,2.194234,0.087004,-0.102143,2.215790,0.068736,0.177050,2.308335,-0.269850,0.193350,2.660253,-0.069757,0.252776,2.388436,-0.291266,0.747891,2.487789,-0.484832,0.658472,2.685443,-0.388949,0.983102,2.443768,-0.518371,1.009371,2.690578
959,-0.344159,0.051416,2.743462,-0.303980,-0.265257,2.725960,-0.249695,-0.605315,2.606632,0.056409,-0.511646,2.196103,0.080811,-0.104502,2.217018,0.060209,0.188370,2.327311,-0.275808,0.193151,2.660423,-0.078476,0.251345,2.387575,-0.296692,0.724460,2.474781,-0.467419,0.648123,2.673368,-0.455704,0.998142,2.487302,-0.519545,1.031114,2.729855
960,-0.344205,0.069236,2.753745,-0.297266,-0.259988,2.732795,-0.246111,-0.601447,2.604438,0.053657,-0.507033,2.197783,0.075631,-0.098365,2.217255,0.052684,0.197811,2.313724,-0.282387,0.205610,2.658384,-0.085499,0.268507,2.388110,-0.303259,0.753579,2.471287,-0.496575,0.723008,2.684538,-0.395376,1.154825,2.513477,-0.548526,1.152745,2.719000
961,-0.340856,0.061540,2.754507,-0.284280,-0.260337,2.726618,-0.242037,-0.606266,2.610642,0.056299,-0.503116,2.198965,0.081444,-0.092744,2.223068,0.058396,0.203846,2.329685,-0.276027,0.202792,2.663627,-0.074250,0.266329,2.389536,-0.303897,0.744956,2.471031,-0.469410,0.667544,2.670561,-0.429526,1.059719,2.491009,-0.512620,1.098654,2.731591
962,-0.325284,0.062784,2.756508,-0.283736,-0.262574,2.735116,-0.243731,-0.602740,2.612290,0.055138,-0.499113,2.203340,0.085156,-0.095133,2.219061,0.058190,0.202561,2.317773,-0.276046,0.209448,2.664352,-0.074228,0.271281,2.396385,-0.273522,0.751122,2.465981,-0.487826,0.641515,2.667809,-0.361370,1.089017,2.469597,-0.515857,1.102271,2.711158
963,-0.320891,0.043157,2.756172,-0.287076,-0.268863,2.737269,-0.251877,-0.599759,2.606078,0.048025,-0.492299,2.207415,0.080842,-0.099024,2.214380,0.065318,0.195564,2.312875,-0.274566,0.208549,2.659437,-0.081244,0.263879,2.390154,-0.307227,0.725068,2.433477,-0.496627,0.730759,2.687283,-0.427392,0.961431,2.459640,-0.501529,1.000169,2.706701
964,-0.324125,0.049427,2.752131,-0.273063,-0.244544,2.741930,-0.242487,-0.584822,2.611996,0.036827,-0.485653,2.206038,0.083059,-0.099495,2.210420,0.064731,0.193520,2.318983,-0.275510,0.225871,2.665074,-0.086871,0.279308,2.394184,-0.311854,0.733168,2.449597,-0.498065,0.739760,2.689851,-0.459092,1.031422,2.478250,-0.528250,1.049837,2.710386
965,-0.324650,0.055066,2.752060,-0.275400,-0.235079,2.747344,-0.248757,-0.577764,2.611736,0.039623,-0.480916,2.207474,0.083646,-0.096551,2.210846,0.064799,0.192296,2.318244,-0.273899,0.231983,2.667201,-0.073046,0.285707,2.395722,-0.238664,0.755403,2.449711,-0.490536,0.737723,2.692084,-0.375041,1.081680,2.482954,-0.505042,1.081520,2.719163
966,-0.320096,0.040737,2.745512,-0.280779,-0.247559,2.753371,-0.244552,-0.565215,2.615752,0.039150,-0.472384,2.207538,0.083961,-0.091646,2.207911,0.063744,0.186980,2.314017,-0.278553,0.239633,2.670619,-0.081784,0.295160,2.402664,-0.299571,0.728461,2.432761,-0.502040,0.747345,2.693567,-0.400154,1.064424,2.464792,-0.519642,1.059539,2.695107
967,-0.295562,0.002345,2.740108,-0.281388,-0.247416,2.746376,-0.250229,-0.555947,2.614430,0.029246,-0.456057,2.216773,0.079741,-0.088762,2.206536,0.062715,0.182292,2.317100,-0.276062,0.251903,2.667486,-0.080494,0.310463,2.397184,-0.215793,0.704170,2.409623,-0.507129,0.723706,2.682077,-0.340028,1.067469,2.458246,-0.499798,1.068186,2.699471
968,-0.298396,-0.087476,2.740215,-0.294582,-0.253519,2.747903,-0.254101,-0.537818,2.614733,0.031365,-0.458944,2.224077,0.093046,-0.096344,2.202572,0.060300,0.181075,2.304925,-0.267327,0.259342,2.671857,-0.052635,0.312787,2.399354,-0.186423,0.799944,2.463822,-0.492031,0.653953,2.656855,-0.286171,1.159824,2.487679,-0.467297,1.136210,2.715378
969,-0.315446,0.024668,2.745407,-0.283639,-0.228953,2.750589,-0.251928,-0.527720,2.615431,0.026188,-0.450174,2.227361,0.099217,-0.091930,2.198255,0.060513,0.173077,2.305869,-0.264517,0.261161,2.668043,-0.062585,0.308579,2.401451,-0.237012,0.793070,2.467586,-0.479153,0.637745,2.691283,-0.391331,1.113985,2.500512,-0.449780,1.142080,2.754281
970,-0.331785,0.022893,2.742974,-0.297574,-0.220979,2.764672,-0.260804,-0.525574,2.613509,0.029428,-0.430610,2.233341,0.099640,-0.081009,2.207607,0.060153,0.171695,2.308394,-0.271302,0.261190,2.669689,-0.073826,0.317206,2.401222,-0.273857,0.775790,2.455018,-0.496707,0.646859,2.669912,-0.441622,1.057977,2.507006,-0.456722,1.116483,2.748904
971,-0.340810,0.023854,2.746820,-0.308374,-0.214626,2.765946,-0.266377,-0.495492,2.618080,0.026119,-0.412898,2.237660,0.106487,-0.072968,2.203231,0.054140,0.169286,2.310996,-0.263469,0.281780,2.668840,-0.070899,0.331506,2.407743,-0.318931,0.785307,2.445038,-0.498947,0.650628,2.689088,-0.506433,1.049338,2.473969,-0.438673,1.169263,2.779187
972,-0.339585,0.015631,2.739033,-0.284049,-0.203275,2.771944,-0.265310,-0.465368,2.625971,0.013573,-0.367332,2.236523,0.118465,-0.046339,2.202286,0.047416,0.166837,2.320311,-0.276445,0.293239,2.682765,-0.106391,0.351031,2.415588,-0.276934,0.755905,2.433293,-0.520533,0.647397,2.680982,-0.398630,1.036814,2.430586,-0.527938,1.062972,2.718499
973,-0.336125,-0.016765,2.733843,-0.286833,-0.219772,2.769289,-0.263347,-0.445868,2.630391,0.011261,-0.344186,2.240713,0.133227,-0.024609,2.194236,0.056848,0.164720,2.315522,-0.268491,0.294204,2.681777,-0.107677,0.352178,2.414395,-0.389215,0.695042,2.422254,-0.494721,0.648516,2.683882,-0.481521,0.963852,2.436755,-0.445277,1.104311,2.744693
974,-0.329631,0.044962,2.732161,-0.276667,-0.169278,2.772259,-0.267733,-0.384466,2.648424,0.003978,-0.307893,2.249900,0.157692,-0.017215,2.210725,0.044443,0.160993,2.306053,-0.278744,0.323366,2.693216,-0.114671,0.372785,2.422837,-0.384080,0.671327,2.413021,-0.500854,0.688159,2.676217,-0.532177,0.942965,2.418391,-0.429716,1.118658,2.731591
975,-0.342023,0.060392,2.735376,-0.275765,-0.124657,2.788309,-0.277221,-0.353563,2.657251,0.003273,-0.281632,2.256125,0.157350,-0.008470,2.222919,0.050579,0.151450,2.307322,-0.290936,0.337982,2.697840,-0.114132,0.395049,2.431019,-0.304281,0.779570,2.433789,-0.547631,0.695775,2.681670,-0.426858,1.008415,2.443604,-0.507387,1.086174,2.729408
976,-0.334530,0.037847,2.738167,-0.271562,-0.129429,2.784164,-0.259950,-0.326888,2.659178,-0.004473,-0.275222,2.258517,0.169471,-0.011761,2.225012,0.056979,0.145430,2.317999,-0.275661,0.359466,2.702033,-0.114963,0.417747,2.438817,-0.442872,0.715404,2.414637,-0.518860,0.738875,2.717978,-0.547083,1.022046,2.452958,-0.469703,1.188551,2.777495
977,-0.325347,0.041796,2.738821,-0.270134,-0.133662,2.754413,-0.265376,-0.350503,2.664952,-0.007550,-0.280424,2.262808,0.155172,-0.023882,2.254560,0.054606,0.146534,2.317208,-0.281872,0.342847,2.703605,-0.118085,0.401823,2.438884,-0.434049,0.664312,2.420701,-0.491165,0.668495,2.691204,-0.601731,0.880894,2.436468,-0.389084,1.179797,2.796958
978,-0.332513,0.040513,2.730959,-0.288696,-0.132860,2.746648,-0.266012,-0.344625,2.661346,-0.001233,-0.265892,2.260591,0.166505,-0.031774,2.263655,0.062418,0.151281,2.328072,-0.272860,0.330991,2.698122,-0.113695,0.393654,2.432846,-0.423642,0.667364,2.394542,-0.509651,0.680111,2.693736,-0.545848,0.826295,2.411286,-0.419331,1.124720,2.759508
979,-0.333332,0.049160,2.734338,-0.252386,-0.112703,2.750197,-0.269263,-0.335049,2.669299,0.004882,-0.260595,2.258272,0.172730,-0.036416,2.271610,0.069223,0.150222,2.330945,-0.259978,0.327109,2.701267,-0.088829,0.394054,2.430798,-0.384004,0.702336,2.436626,-0.529051,0.697600,2.702979,-0.547076,0.902649,2.445367,-0.424659,1.125477,2.770473
980,-0.317853,0.053621,2.724604,-0.269567,-0.123243,2.730586,-0.281734,-0.326505,2.657871,0.005679,-0.266721,2.262441,0.163753,-0.052145,2.283725,0.062055,0.142973,2.314540,-0.264092,0.339923,2.699995,-0.077588,0.394705,2.441514,-0.375846,0.727078,2.467143,-0.545251,0.709499,2.710868,-0.493406,1.012509,2.463793,-0.521243,1.086515,2.730726
981,-0.305762,0.044281,2.721881,-0.254516,-0.137796,2.725586,-0.272236,-0.338380,2.651439,0.010114,-0.262016,2.264492,0.168576,-0.061313,2.289045,0.070971,0.139138,2.324866,-0.260062,0.340137,2.699488,-0.077055,0.399575,2.444139,-0.371101,0.726381,2.466110,-0.529437,0.715623,2.701527,-0.522890,1.003458,2.455632,-0.502366,1.103066,2.736721
982,-0.305449,0.042299,2.723526,-0.236049,-0.141030,2.730056,-0.262563,-0.331717,2.655501,0.008613,-0.270217,2.267399,0.162757,-0.070538,2.276546,0.072009,0.133069,2.319061,-0.252778,0.342098,2.700290,-0.081422,0.400042,2.444562,-0.409534,0.692149,2.447537,-0.525658,0.683109,2.695086,-0.547218,0.941629,2.437982,-0.500100,1.055817,2.724396
983,-0.308335,0.059477,2.728806,-0.266699,-0.109367,2.741235,-0.261627,-0.324206,2.656729,0.017734,-0.267012,2.262224,0.160560,-0.067025,2.270460,0.076467,0.129777,2.316514,-0.251983,0.342455,2.704117,-0.074500,0.396242,2.446351,-0.364180,0.706671,2.451528,-0.522463,0.697713,2.702172,-0.519816,0.960485,2.445302,-0.518885,1.064646,2.705730
984,-0.302898,0.048531,2.724555,-0.229714,-0.118138,2.738545,-0.252347,-0.327241,2.656171,0.017260,-0.267669,2.266187,0.163835,-0.071116,2.276030,0.072410,0.131793,2.319105,-0.251302,0.334952,2.695257,-0.080983,0.394517,2.443845,-0.402626,0.691350,2.434453,-0.516935,0.684707,2.696712,-0.537919,0.963621,2.441885,-0.530029,1.069884,2.725511
985,-0.301065,0.054531,2.726483,-0.223034,-0.114064,2.730058,-0.254138,-0.333152,2.650461,0.019432,-0.268299,2.262339,0.158206,-0.075139,2.284055,0.075641,0.136366,2.329683,-0.256703,0.319831,2.703924,-0.088408,0.384979,2.445218,-0.315549,0.737210,2.415454,-0.526735,0.660719,2.701259,-0.450796,0.921056,2.426442,-0.557488,1.002474,2.692025
986,-0.293693,0.026958,2.733675,-0.207858,-0.152319,2.730797,-0.244968,-0.336804,2.648062,0.016913,-0.272109,2.261580,0.176208,-0.082281,2.267657,0.078580,0.133258,2.322841,-0.262495,0.322101,2.694719,-0.092923,0.388792,2.446063,-0.317242,0.765900,2.461112,-0.532504,0.679597,2.704829,-0.533828,0.930924,2.462090,-0.527319,1.044991,2.718821
987,-0.284232,0.038354,2.728536,-0.225068,-0.152051,2.721314,-0.251188,-0.334898,2.648832,0.013628,-0.275284,2.258808,0.178173,-0.087918,2.269953,0.083784,0.132630,2.329070,-0.266619,0.312787,2.692615,-0.095749,0.374160,2.441385,-0.350620,0.602209,2.418958,-0.497128,0.654823,2.701764,-0.621252,0.784472,2.407753,-0.461783,1.053281,2.713743
988,-0.288986,0.047302,2.737961,-0.212215,-0.137101,2.729332,-0.248559,-0.331199,2.653460,0.018227,-0.276427,2.264333,0.170516,-0.084318,2.277389,0.081061,0.130326,2.322784,-0.261856,0.322566,2.692727,-0.087132,0.379423,2.440987,-0.325158,0.687523,2.418829,-0.522865,0.680966,2.703551,-0.549949,0.825402,2.408411,-0.472619,0.996104,2.693889
989,-0.293416,0.044415,2.728485,-0.206750,-0.134224,2.724996,-0.238250,-0.331085,2.651706,0.013914,-0.277419,2.263271,0.161219,-0.087143,2.292185,0.079120,0.126453,2.329168,-0.254288,0.321460,2.691339,-0.090748,0.376351,2.437867,-0.363485,0.671863,2.414232,-0.495509,0.675014,2.722377,-0.604926,0.763035,2.388755,-0.438466,1.007599,2.689565
990,-0.293657,0.041963,2.730090,-0.202805,-0.129896,2.723188,-0.240453,-0.335403,2.653803,0.017672,-0.275003,2.262881,0.164974,-0.079461,2.289556,0.070711,0.125779,2.335924,-0.258670,0.321890,2.693861,-0.090157,0.381032,2.441438,-0.397799,0.668321,2.414705,-0.514352,0.665220,2.700979,-0.578969,0.783601,2.396926,-0.493182,0.977965,2.665205
991,-0.296757,0.041343,2.728474,-0.201695,-0.123397,2.726511,-0.237083,-0.340771,2.654543,0.017348,-0.280644,2.269406,0.159074,-0.078028,2.303277,0.078490,0.123461,2.337471,-0.251693,0.303946,2.701758,-0.087631,0.362861,2.445346,-0.346259,0.660788,2.406420,-0.499370,0.657697,2.715408,-0.581045,0.796335,2.417333,-0.473312,1.007376,2.704602
992,-0.301223,0.040010,2.727681,-0.209608,-0.128099,2.730459,-0.243349,-0.335625,2.655997,0.019366,-0.275272,2.261315,0.160777,-0.073128,2.300668,0.075400,0.125595,2.334719,-0.258361,0.314258,2.697488,-0.083273,0.373593,2.447374,-0.305212,0.648618,2.432591,-0.501424,0.663828,2.716294,-0.568969,0.806447,2.424326,-0.474440,1.007874,2.709567
993,-0.296926,0.040066,2.727758,-0.206635,-0.128436,2.727828,-0.236340,-0.339715,2.654524,0.014901,-0.270391,2.265977,0.150872,-0.070915,2.315764,0.079855,0.129155,2.345677,-0.247045,0.313466,2.697928,-0.082452,0.374091,2.445277,-0.323374,0.664730,2.442745,-0.476568,0.587451,2.666414,-0.626990,0.806565,2.439091,-0.456846,1.043132,2.727024
994,-0.275994,0.024489,2.717972,-0.244331,-0.162696,2.731345,-0.237068,-0.342391,2.656348,0.014807,-0.265116,2.259608,0.143580,-0.070501,2.305928,0.076247,0.133582,2.345307,-0.257099,0.317568,2.701857,-0.084772,0.381563,2.450989,-0.337819,0.683577,2.417774,-0.482112,0.617831,2.682738,-0.586733,0.744577,2.376102,-0.461225,0.998361,2.697249
995,-0.296945,0.038437,2.726342,-0.268663,-0.149026,2.734402,-0.248130,-0.334580,2.655245,0.018331,-0.269167,2.260342,0.142563,-0.059278,2.297419,0.070646,0.136922,2.340114,-0.258944,0.317442,2.705225,-0.084348,0.373653,2.452771,-0.305940,0.611910,2.432094,-0.497312,0.654295,2.714280,-0.605806,0.734997,2.409053,-0.422908,0.979972,2.706604
996,-0.293253,0.016540,2.726536,-0.254910,-0.157805,2.735361,-0.246955,-0.339094,2.650061,0.015473,-0.269760,2.265651,0.158955,-0.080520,2.281910,0.075193,0.135080,2.341197,-0.261969,0.315335,2.708409,-0.095055,0.372232,2.462102,-0.366787,0.670178,2.420197,-0.492607,0.682847,2.718648,-0.613922,0.831066,2.443690,-0.444611,1.059913,2.742075
997,-0.295772,0.022693,2.727138,-0.255754,-0.141420,2.726119,-0.242035,-0.337605,2.651190,0.015875,-0.261788,2.265860,0.160986,-0.054674,2.289495,0.069415,0.135592,2.344415,-0.256206,0.312729,2.707008,-0.091924,0.373435,2.458778,-0.334599,0.677694,2.422557,-0.538954,0.621203,2.706824,-0.480371,0.924286,2.447863,-0.496741,0.973700,2.716621
998,-0.287321,0.014379,2.726304,-0.262720,-0.175131,2.732037,-0.244733,-0.344949,2.650153,0.015098,-0.262362,2.263670,0.161053,-0.049553,2.283208,0.069144,0.137310,2.345936,-0.261962,0.299147,2.696198,-0.099871,0.361029,2.455498,-0.334518,0.647181,2.389233,-0.513783,0.616234,2.693279,-0.503342,0.858290,2.415681,-0.495953,0.950089,2.679147
999,-0.288130,0.026392,2.728980,-0.260903,-0.163721,2.733314,-0.247828,-0.329326,2.656551,0.014012,-0.266958,2.263978,0.142445,-0.068474,2.290687,0.067465,0.136276,2.337772,-0.258615,0.317015,2.698291,-0.083223,0.376027,2.453607,-0.310589,0.706118,2.430465,-0.515387,0.656309,2.698123,-0.482209,0.878598,2.440765,-0.496132,0.976544,2.700218
1000,-0.300853,0.033154,2.732784,-0.215522,-0.146257,2.729070,-0.244320,-0.340779,2.646646,0.011649,-0.269604,2.265546,0.134341,-0.073094,2.290785,0.066997,0.136071,2.345179,-0.264448,0.313849,2.700835,-0.091580,0.379672,2.461241,-0.323675,0.738379,2.445901,-0.521662,0.670992,2.714430,-0.487641,0.941766,2.458865,-0.543682,1.018283,2.719858
1001,-0.289824,0.001638,2.725027,-0.209289,-0.162063,2.721367,-0.239481,-0.346554,2.648627,0.010077,-0.268378,2.264149,0.147788,-0.073418,2.286678,0.067086,0.133506,2.345009,-0.266260,0.305352,2.701802,-0.096667,0.374781,2.455824,-0.313093,0.715608,2.411009,-0.520504,0.638989,2.701234,-0.463760,0.962983,2.450370,-0.535690,0.997552,2.704238
1002,-0.256178,-0.007303,2.723585,-0.233536,-0.152219,2.726217,-0.243517,-0.343547,2.652599,0.009393,-0.267521,2.261631,0.139407,-0.063494,2.292082,0.065534,0.138120,2.346890,-0.264830,0.305855,2.706157,-0.094719,0.375882,2.456705,-0.340353,0.673428,2.401702,-0.536122,0.606918,2.692631,-0.490693,0.892283,2.427894,-0.478577,0.919986,2.679821
1003,-0.285405,-0.004608,2.719762,-0.213347,-0.154803,2.722483,-0.246525,-0.348860,2.651759,0.004629,-0.269350,2.263427,0.139300,-0.062366,2.289685,0.068928,0.134517,2.346807,-0.269972,0.298802,2.698197,-0.102837,0.371570,2.456351,-0.345617,0.674811,2.431843,-0.511992,0.619696,2.690204,-0.562074,0.851813,2.437944,-0.481120,1.000439,2.719118
1004,-0.245210,0.018544,2.717152,-0.197263,-0.130224,2.713524,-0.246410,-0.334903,2.656780,0.006509,-0.269443,2.266742,0.138468,-0.064164,2.301841,0.062530,0.133451,2.353306,-0.265344,0.314891,2.700371,-0.096507,0.376477,2.453244,-0.338210,0.671572,2.385002,-0.493621,0.645919,2.700662,-0.520800,0.839450,2.401335,-0.478105,0.978955,2.678842
1005,-0.300378,0.022665,2.722223,-0.242216,-0.123354,2.716155,-0.253174,-0.335810,2.658598,-0.003995,-0.273411,2.269190,0.132922,-0.054094,2.296896,0.062776,0.137055,2.350883,-0.263530,0.307383,2.696960,-0.104511,0.372465,2.455384,-0.404628,0.688694,2.418292,-0.499028,0.642539,2.713085,-0.545361,0.840924,2.426407,-0.526454,0.979261,2.701912
1006,-0.283980,0.058838,2.725469,-0.216345,-0.126036,2.717213,-0.256593,-0.340347,2.663020,-0.002805,-0.272676,2.264403,0.138426,-0.047665,2.310290,0.065204,0.136681,2.361336,-0.266575,0.301265,2.696743,-0.102435,0.368313,2.447710,-0.397775,0.654493,2.409907,-0.480880,0.588256,2.661645,-0.638120,0.778320,2.402480,-0.463021,1.003822,2.710270
1007,-0.290408,0.064325,2.725211,-0.231397,-0.106929,2.742020,-0.260569,-0.329370,2.662333,-0.004109,-0.276464,2.264901,0.134940,-0.050321,2.293059,0.065285,0.138282,2.345091,-0.273728,0.310240,2.692548,-0.102591,0.370866,2.450162,-0.403726,0.668973,2.416541,-0.495897,0.661782,2.714323,-0.639966,0.789940,2.414559,-0.435975,1.067674,2.734168
1008,-0.289289,0.074273,2.722815,-0.279766,-0.116724,2.717235,-0.263408,-0.334375,2.656977,-0.003258,-0.276874,2.264992,0.137031,-0.063375,2.291258,0.064566,0.137195,2.347641,-0.268294,0.298405,2.690776,-0.103519,0.364916,2.444380,-0.364423,0.620916,2.400765,-0.476643,0.642595,2.707524,-0.605337,0.725573,2.366800,-0.419665,0.960853,2.685210
1009,-0.292985,0.075341,2.718201,-0.233314,-0.107306,2.708371,-0.265877,-0.328220,2.660214,0.001443,-0.273946,2.260845,0.143210,-0.056538,2.300602,0.064654,0.105833,2.386868,-0.267105,0.306002,2.702717,-0.095775,0.371773,2.458838,-0.333310,0.691704,2.452175,-0.494717,0.650689,2.707883,-0.569066,0.838893,2.440149,-0.473498,1.020131,2.713246
1010,-0.330248,0.004283,2.712732,-0.208794,-0.136528,2.702915,-0.262243,-0.330058,2.657453,-0.005303,-0.271726,2.262760,0.145053,-0.062491,2.296553,0.059683,0.115780,2.353439,-0.262180,0.301044,2.694366,-0.101692,0.374028,2.450072,-0.401347,0.660375,2.411975,-0.482393,0.572770,2.649817,-0.548874,0.810941,2.372886,-0.473280,0.959247,2.667138
1011,-0.284609,0.029071,2.728644,-0.209609,-0.143584,2.709548,-0.268402,-0.335444,2.653099,-0.002387,-0.271401,2.262571,0.146516,-0.066912,2.291850,0.066827,0.131813,2.342278,-0.270924,0.295745,2.676621,-0.101422,0.371840,2.440180,-0.392460,0.648726,2.424257,-0.484136,0.654654,2.693559,-0.602058,0.718433,2.346210,-0.431013,0.964327,2.695626
1012,-0.299534,0.031954,2.721538,-0.227480,-0.151355,2.706063,-0.269688,-0.335987,2.652740,-0.002436,-0.267531,2.260474,0.146916,-0.076067,2.296650,0.067494,0.068104,2.392613,-0.270548,0.300983,2.687036,-0.105993,0.369195,2.444432,-0.336300,0.675113,2.417670,-0.475088,0.671707,2.704978,-0.587840,0.697382,2.343337,-0.422559,1.004372,2.701946
1013,-0.304738,0.036061,2.719324,-0.229646,-0.136845,2.718575,-0.262527,-0.326336,2.651273,-0.001554,-0.266479,2.260864,0.150350,-0.075531,2.292223,0.062814,0.082508,2.361888,-0.269557,0.319102,2.693119,-0.111338,0.381437,2.447694,-0.344442,0.699779,2.430175,-0.462249,0.694939,2.713957,-0.610575,0.777855,2.387534,-0.435041,1.063971,2.730676
1014,-0.303132,0.034617,2.713605,-0.240535,-0.152286,2.721361,-0.273806,-0.322268,2.657028,-0.002225,-0.265440,2.258526,0.136300,-0.046071,2.293510,0.060627,0.126621,2.367399,-0.274774,0.305185,2.685791,-0.105323,0.375299,2.442089,-0.323962,0.656359,2.411272,-0.466769,0.644507,2.704590,-0.602104,0.729698,2.360018,-0.406563,0.989398,2.679424
1015,-0.307611,0.037180,2.723479,-0.240799,-0.139416,2.730621,-0.275528,-0.321192,2.652180,-0.001515,-0.268386,2.259381,0.139151,-0.067591,2.289738,0.063940,0.116154,2.351277,-0.273623,0.308390,2.689987,-0.100796,0.376373,2.449658,-0.310486,0.694301,2.433917,-0.456086,0.670493,2.709402,-0.610221,0.776793,2.398076,-0.401767,1.063259,2.723983
1016,-0.303778,0.030662,2.722864,-0.289097,-0.152061,2.726701,-0.272914,-0.325234,2.653239,-0.007116,-0.265067,2.252000,0.129122,-0.076344,2.295614,0.067535,0.114548,2.354044,-0.272838,0.305110,2.685867,-0.102976,0.374918,2.443893,-0.317298,0.666129,2.423429,-0.466632,0.673948,2.699539,-0.617028,0.727954,2.371288,-0.378140,1.058511,2.709224
1017,-0.349724,-0.007635,2.719478,-0.297356,-0.161397,2.722287,-0.272482,-0.326221,2.658784,-0.017791,-0.265654,2.253884,0.123600,-0.070313,2.291852,0.070938,0.130247,2.337588,-0.269044,0.310705,2.693839,-0.108954,0.381752,2.450215,-0.373501,0.652977,2.447825,-0.453836,0.660832,2.717497,-0.649646,0.728493,2.398514,-0.379016,1.028762,2.737933
1018,-0.306646,0.026495,2.717656,-0.247704,-0.154743,2.720064,-0.273944,-0.320679,2.660666,-0.015092,-0.267971,2.249825,0.133741,-0.051410,2.301026,0.070327,0.127159,2.376240,-0.263796,0.314882,2.699454,-0.106057,0.389305,2.452050,-0.330886,0.684979,2.458250,-0.455893,0.670925,2.723954,-0.616010,0.748613,2.403021,-0.380780,1.069157,2.745881
1019,-0.306415,0.046420,2.722154,-0.239867,-0.129328,2.732657,-0.273770,-0.321980,2.664169,-0.011912,-0.270490,2.248443,0.114659,-0.032640,2.290230,0.060292,0.132075,2.341005,-0.269109,0.308911,2.685051,-0.104972,0.371802,2.435302,-0.320745,0.648460,2.422940,-0.435658,0.691273,2.699687,-0.604191,0.695859,2.362592,-0.353732,1.045384,2.713425
1020,-0.319358,0.037778,2.719098,-0.254365,-0.141270,2.749410,-0.286507,-0.328893,2.666867,-0.010297,-0.269600,2.254445,0.136262,-0.049631,2.307205,0.078660,0.117442,2.442446,-0.261066,0.304606,2.696560,-0.091655,0.379111,2.457869,-0.323593,0.688588,2.508162,-0.472030,0.672847,2.713643,-0.647950,0.855829,2.494512,-0.448035,1.088659,2.756999
1021,-0.316953,0.052835,2.719385,-0.253673,-0.116043,2.743325,-0.294337,-0.322951,2.676025,-0.013399,-0.266614,2.247821,0.129926,-0.049874,2.302634,0.062150,0.121762,2.386067,-0.270490,0.316937,2.694849,-0.104931,0.381866,2.442426,-0.383194,0.670482,2.449486,-0.487805,0.692631,2.718219,-0.618635,0.793252,2.408541,-0.411329,1.055638,2.689922
1022,-0.301417,0.042764,2.713190,-0.296724,-0.131756,2.755380,-0.303907,-0.329293,2.669726,-0.014719,-0.270780,2.248996,0.128806,-0.048686,2.303376,0.070391,0.136612,2.383245,-0.268628,0.316749,2.701853,-0.096665,0.387450,2.455060,-0.371290,0.649781,2.434569,-0.491774,0.679802,2.727309,-0.608486,0.730388,2.375406,-0.408730,1.019778,2.705283
1023,-0.298192,0.039421,2.713207,-0.290556,-0.134955,2.738072,-0.295251,-0.338667,2.670129,-0.021176,-0.279800,2.251458,0.122839,-0.045467,2.307631,0.071677,0.135145,2.392918,-0.277473,0.303305,2.690890,-0.110230,0.365152,2.440190,-0.384978,0.642492,2.457611,-0.472659,0.702611,2.704327,-0.629553,0.758851,2.417282,-0.394507,1.052153,2.712731
1024,-0.316243,0.038659,2.717335,-0.304563,-0.134248,2.737326,-0.299006,-0.335421,2.664785,-0.020693,-0.280625,2.245406,0.123539,-0.031758,2.300959,0.064251,0.139759,2.368105,-0.271168,0.303134,2.692229,-0.101412,0.363911,2.447780,-0.309304,0.643631,2.466813,-0.463846,0.701805,2.716479,-0.608539,0.706292,2.399296,-0.367041,1.024452,2.750298
1025,-0.266011,0.032856,2.700632,-0.232254,-0.143200,2.724857,-0.279082,-0.338954,2.664304,-0.022355,-0.278265,2.249834,0.128596,-0.027355,2.307700,0.066845,0.140742,2.406906,-0.270515,0.310462,2.688344,-0.107936,0.369698,2.437382,-0.369161,0.665422,2.441801,-0.481283,0.680274,2.709368,-0.597041,0.717163,2.389546,-0.408414,1.022475,2.723917
1026,-0.300821,0.033319,2.696614,-0.247402,-0.124523,2.734364,-0.288217,-0.337387,2.663095,-0.024350,-0.283709,2.246810,0.125021,-0.021921,2.299577,0.063504,0.141550,2.399154,-0.269757,0.306561,2.703429,-0.100241,0.364345,2.448085,-0.318712,0.661018,2.441334,-0.471670,0.688430,2.739923,-0.602833,0.709009,2.352656,-0.365426,1.034522,2.747929
1027,-0.288276,0.050350,2.704648,-0.276445,-0.137530,2.732785,-0.289501,-0.350056,2.656394,-0.022451,-0.294114,2.248139,0.129057,-0.034578,2.295183,0.065592,0.142206,2.404747,-0.271692,0.301387,2.687880,-0.102752,0.359072,2.444744,-0.328100,0.649978,2.453481,-0.476958,0.688981,2.719369,-0.598766,0.691330,2.363329,-0.387736,0.988458,2.730275
1028,-0.268813,0.038806,2.702209,-0.270359,-0.159087,2.727571,-0.295290,-0.363130,2.650775,-0.025240,-0.301853,2.246761,0.120789,-0.033459,2.294609,0.062666,0.141202,2.400930,-0.275594,0.296474,2.683653,-0.107663,0.359702,2.437335,-0.312486,0.655392,2.462496,-0.446886,0.589233,2.648263,-0.583416,0.680975,2.340911,-0.399722,0.969080,2.710941
1029,-0.313559,-0.005536,2.703419,-0.243694,-0.173066,2.734812,-0.277675,-0.373644,2.654019,-0.029525,-0.311839,2.255883,0.118663,-0.040784,2.279451,0.065115,0.145966,2.368597,-0.268713,0.290910,2.695702,-0.104084,0.362048,2.445086,-0.363589,0.643240,2.429814,-0.472748,0.679853,2.741799,-0.586645,0.675681,2.317147,-0.414508,0.973015,2.744533
1030,-0.293391,0.029410,2.720824,-0.245636,-0.163862,2.731809,-0.286971,-0.379342,2.648409,-0.033324,-0.319714,2.253252,0.117589,-0.063864,2.278622,0.064474,0.146603,2.332428,-0.272830,0.285903,2.683172,-0.108608,0.348274,2.441936,-0.311262,0.620432,2.437019,-0.476747,0.692006,2.719940,-0.568212,0.648173,2.329671,-0.395990,0.914428,2.708102
1031,-0.290558,0.036282,2.731635,-0.274263,-0.181097,2.740880,-0.286842,-0.376679,2.638138,-0.033607,-0.319497,2.249264,0.113060,-0.064480,2.266684,0.064557,0.142368,2.327625,-0.264209,0.261639,2.692103,-0.105097,0.339431,2.451287,-0.357743,0.609287,2.421718,-0.468849,0.676084,2.736047,-0.588575,0.660528,2.356914,-0.385192,0.950061,2.758239
1032,-0.297036,0.012892,2.720508,-0.246579,-0.210530,2.710283,-0.281218,-0.386827,2.639702,-0.032919,-0.327955,2.247601,0.105071,-0.062517,2.281469,0.064727,0.137138,2.322726,-0.275240,0.258292,2.686894,-0.110970,0.327996,2.445755,-0.372417,0.636739,2.447456,-0.455186,0.575991,2.662967,-0.549461,0.676278,2.378771,-0.427187,0.944295,2.717477
1033,-0.268800,-0.001110,2.716160,-0.239706,-0.185130,2.734058,-0.268570,-0.393119,2.640049,-0.035091,-0.340391,2.246763,0.098264,-0.070431,2.285074,0.061413,0.134808,2.340764,-0.268579,0.259673,2.683224,-0.115120,0.325037,2.443766,-0.404229,0.667218,2.462413,-0.447931,0.587415,2.664909,-0.555962,0.676733,2.362642,-0.410610,0.950614,2.729001
1034,-0.319496,-0.017795,2.717379,-0.265248,-0.182981,2.748630,-0.263115,-0.403443,2.639206,-0.038660,-0.346542,2.246324,0.095000,-0.058333,2.279341,0.051888,0.139530,2.343290,-0.267211,0.250271,2.682347,-0.117669,0.324045,2.446889,-0.376527,0.651050,2.449743,-0.434360,0.570843,2.678627,-0.540968,0.632847,2.362602,-0.383387,0.873316,2.705214
1035,-0.302315,-0.026028,2.720134,-0.258206,-0.190594,2.740969,-0.257547,-0.417670,2.633552,-0.034607,-0.352909,2.251942,0.092266,-0.062709,2.281847,0.052591,0.141664,2.353158,-0.259284,0.250332,2.681092,-0.101293,0.323665,2.438912,-0.314988,0.703349,2.454365,-0.460339,0.584641,2.671684,-0.488904,0.621226,2.357475,-0.404134,0.803061,2.705747
1036,-0.323439,-0.000646,2.728451,-0.264262,-0.197279,2.737399,-0.275709,-0.422573,2.636240,-0.033833,-0.361929,2.244626,0.084548,-0.069002,2.265392,0.053110,0.140876,2.377002,-0.266940,0.228489,2.676481,-0.105493,0.302815,2.439128,-0.319474,0.615694,2.433634,-0.472203,0.652182,2.733074,-0.534063,0.607805,2.344731,-0.418993,0.800514,2.696525
1037,-0.306936,0.016184,2.735693,-0.253792,-0.182975,2.738546,-0.273450,-0.431571,2.632934,-0.027445,-0.371529,2.243807,0.094432,-0.036204,2.274046,0.052065,0.153673,2.378749,-0.263109,0.229664,2.681325,-0.097042,0.303085,2.443342,-0.327899,0.661188,2.478151,-0.471800,0.662210,2.709945,-0.551129,0.686545,2.415604,-0.440697,0.846123,2.751655
1038,-0.303840,0.014526,2.738360,-0.253972,-0.207317,2.740111,-0.273577,-0.445771,2.627559,-0.028754,-0.381548,2.248223,0.088075,-0.048177,2.270692,0.049492,0.158673,2.363435,-0.258746,0.214884,2.676664,-0.105511,0.285384,2.438496,-0.353452,0.640545,2.460754,-0.459172,0.651343,2.703903,-0.539766,0.682726,2.421590,-0.393031,0.829767,2.738829
1039,-0.298931,-0.017565,2.719522,-0.254811,-0.192661,2.739519,-0.259990,-0.460741,2.623269,-0.029805,-0.391070,2.247785,0.075376,-0.055744,2.270303,0.041958,0.166743,2.374566,-0.247983,0.216922,2.671722,-0.102217,0.280154,2.427703,-0.410651,0.621164,2.437468,-0.415913,0.648020,2.715433,-0.524635,0.646024,2.380934,-0.321492,0.799568,2.737064
1040,-0.321936,-0.015832,2.735852,-0.270828,-0.226764,2.729761,-0.276375,-0.465871,2.619520,-0.024396,-0.392134,2.247902,0.083018,-0.054165,2.277789,0.042960,0.173341,2.342090,-0.261052,0.228264,2.666098,-0.090460,0.283741,2.424204,-0.322897,0.671886,2.495887,-0.470521,0.669690,2.718865,-0.599770,0.829409,2.515623,-0.384073,0.989690,2.837160
1041,-0.308097,0.002522,2.734622,-0.261882,-0.213847,2.717004,-0.274190,-0.473222,2.622931,-0.015855,-0.408016,2.243328,0.078889,-0.065175,2.263466,0.045739,0.173578,2.347621,-0.258100,0.231817,2.669273,-0.077509,0.289102,2.421489,-0.314482,0.627665,2.447661,-0.472070,0.675605,2.696825,-0.532335,0.769744,2.443097,-0.367049,1.001885,2.763889
1042,-0.303787,-0.037608,2.734712,-0.248190,-0.231670,2.722784,-0.264142,-0.478177,2.621422,-0.013871,-0.418573,2.240285,0.081069,-0.068068,2.250429,0.045278,0.172196,2.339512,-0.253978,0.231140,2.663646,-0.081842,0.287363,2.414732,-0.371274,0.637270,2.458591,-0.447233,0.653375,2.720331,-0.550621,0.805740,2.455330,-0.367490,1.073664,2.790259
1043,-0.285138,-0.041709,2.735431,-0.247020,-0.240771,2.716871,-0.261404,-0.492495,2.619500,-0.011477,-0.427986,2.244468,0.080738,-0.080966,2.233656,0.041020,0.171538,2.326435,-0.257796,0.232347,2.671853,-0.078812,0.291035,2.422037,-0.369630,0.679858,2.477434,-0.460758,0.688578,2.722511,-0.575074,0.855703,2.486244,-0.415973,1.105802,2.787030
1044,-0.278655,0.004007,2.745284,-0.246284,-0.240765,2.721222,-0.262909,-0.501913,2.622928,-0.009403,-0.437015,2.246235,0.076050,-0.094867,2.244173,0.038537,0.175095,2.327050,-0.260707,0.215718,2.671975,-0.085978,0.275406,2.421076,-0.308665,0.604461,2.422591,-0.459844,0.669209,2.709170,-0.578445,0.839470,2.479000,-0.435081,1.002472,2.771765
1045,-0.221658,0.006662,2.732641,-0.212971,-0.218064,2.715146,-0.252291,-0.514555,2.617601,-0.005014,-0.446835,2.248396,0.071903,-0.098817,2.239470,0.050176,0.166626,2.346310,-0.257926,0.219652,2.670148,-0.086882,0.273627,2.420066,-0.302495,0.623580,2.430692,-0.426240,0.679431,2.716762,-0.531492,0.818655,2.477922,-0.401939,1.033504,2.758449
1046,-0.248626,-0.033664,2.731584,-0.231407,-0.239697,2.719409,-0.245966,-0.522680,2.614409,-0.003226,-0.455425,2.246346,0.070823,-0.100333,2.243153,0.037197,0.164952,2.337797,-0.257698,0.223111,2.664492,-0.089792,0.281981,2.414758,-0.309395,0.678067,2.459777,-0.459337,0.691421,2.708469,-0.522222,0.796942,2.472657,-0.367017,0.961317,2.741152
1047,-0.234281,-0.023281,2.732532,-0.231522,-0.251857,2.719800,-0.246258,-0.541556,2.608211,-0.001149,-0.466268,2.239210,0.067869,-0.102687,2.251196,0.037816,0.167813,2.326932,-0.265559,0.220220,2.663408,-0.098773,0.279702,2.410058,-0.366934,0.676585,2.467896,-0.457984,0.696935,2.703296,-0.559761,0.821566,2.472786,-0.413121,0.992118,2.717704
1048,-0.244776,-0.067912,2.732014,-0.219554,-0.271010,2.714243,-0.242686,-0.544461,2.611498,-0.009308,-0.472821,2.236991,0.063491,-0.116695,2.243478,0.042439,0.168135,2.330828,-0.270680,0.219167,2.662759,-0.118924,0.276043,2.411407,-0.380533,0.698557,2.474615,-0.437668,0.586362,2.682478,-0.552106,0.883482,2.510874,-0.429285,1.044394,2.753860
1049,-0.251119,-0.022224,2.738670,-0.237017,-0.262504,2.705890,-0.255667,-0.568238,2.604013,0.004100,-0.491009,2.225714,0.067669,-0.114999,2.256646,0.029373,0.168504,2.355433,-0.279680,0.213110,2.663546,-0.103957,0.279210,2.408985,-0.281600,0.740727,2.478809,-0.466107,0.687988,2.714065,-0.502908,0.951472,2.539748,-0.456575,1.062692,2.776358
1050,-0.257860,-0.087107,2.729059,-0.231375,-0.289069,2.701944,-0.251248,-0.573942,2.605501,-0.003375,-0.499371,2.226189,0.055721,-0.111010,2.249279,0.036520,0.169795,2.333564,-0.275761,0.209677,2.656142,-0.097161,0.270090,2.405017,-0.274835,0.708658,2.473760,-0.427086,0.603726,2.686042,-0.512600,0.895301,2.484981,-0.409247,1.058110,2.752401
1051,-0.290865,-0.160069,2.727314,-0.251735,-0.324439,2.701762,-0.253316,-0.592210,2.607235,0.004392,-0.501343,2.223814,0.065623,-0.110367,2.255534,0.036818,0.170678,2.321368,-0.279301,0.212308,2.663073,-0.105970,0.272740,2.405182,-0.284218,0.725380,2.477657,-0.463589,0.619817,2.688763,-0.490291,0.920068,2.519490,-0.413398,1.050066,2.765534
1052,-0.273541,-0.056732,2.732350,-0.253000,-0.274415,2.709006,-0.258953,-0.597909,2.606629,0.008538,-0.498480,2.222178,0.062355,-0.101004,2.258183,0.033579,0.171334,2.328718,-0.283515,0.214912,2.659691,-0.098482,0.276433,2.406118,-0.264768,0.732950,2.473064,-0.463725,0.637162,2.677182,-0.470415,0.971901,2.495787,-0.443743,1.062655,2.765492
1053,-0.283913,-0.095486,2.735139,-0.254616,-0.299497,2.705439,-0.263370,-0.613047,2.604618,0.014341,-0.501564,2.218309,0.063377,-0.104702,2.247984,0.040831,0.167940,2.324280,-0.285366,0.206520,2.659585,-0.090951,0.266337,2.402096,-0.258741,0.722129,2.469499,-0.477418,0.718652,2.705127,-0.512002,0.933986,2.485119,-0.433626,1.078814,2.762092
1054,-0.302904,-0.111158,2.736811,-0.269318,-0.286839,2.715375,-0.262539,-0.610411,2.608470,0.011383,-0.503216,2.212522,0.060921,-0.099393,2.251434,0.037168,0.178843,2.320123,-0.291721,0.208075,2.661346,-0.107625,0.262003,2.399312,-0.263912,0.743037,2.478164,-0.475743,0.734795,2.708667,-0.444489,1.005616,2.474612,-0.495850,1.050013,2.739127
1055,-0.287422,-0.030345,2.750662,-0.269342,-0.268414,2.726886,-0.266680,-0.623551,2.607082,0.023247,-0.513003,2.216928,0.067852,-0.096700,2.254514,0.035318,0.183435,2.338431,-0.295979,0.188432,2.662040,-0.099895,0.247609,2.398679,-0.263803,0.750992,2.485167,-0.495679,0.740480,2.705835,-0.433762,0.955013,2.455339,-0.509256,1.017712,2.725273
1056,-0.283461,0.002801,2.746185,-0.263028,-0.258514,2.727318,-0.251579,-0.627912,2.608450,0.024031,-0.519020,2.216494,0.062499,-0.095101,2.250756,0.043045,0.181580,2.330205,-0.291534,0.193945,2.664982,-0.109692,0.248967,2.401720,-0.252139,0.738207,2.473347,-0.492835,0.729078,2.706278,-0.372932,1.016812,2.470960,-0.514447,1.039705,2.742716
1057,-0.291939,0.057545,2.748242,-0.283646,-0.250165,2.735427,-0.253985,-0.623076,2.611880,0.026391,-0.514537,2.216976,0.058448,-0.093711,2.257239,0.038304,0.189250,2.320598,-0.306894,0.206188,2.665771,-0.117533,0.261210,2.407405,-0.243776,0.791986,2.477733,-0.512332,0.739277,2.703401,-0.333141,1.148588,2.516376,-0.544531,1.134600,2.735102
1058,-0.301564,-0.010918,2.737699,-0.279794,-0.270069,2.729239,-0.259188,-0.623361,2.613529,0.029581,-0.516684,2.216031,0.063629,-0.091632,2.252515,0.041477,0.189870,2.319248,-0.305460,0.196077,2.666755,-0.118150,0.258092,2.401773,-0.238054,0.786915,2.497127,-0.504927,0.744019,2.711599,-0.338129,1.184885,2.549748,-0.524272,1.143786,2.742026
1059,-0.280529,0.071222,2.751679,-0.255851,-0.231288,2.724238,-0.246173,-0.613212,2.614864,0.021670,-0.522392,2.213238,0.060600,-0.105330,2.249279,0.039221,0.196250,2.328786,-0.310243,0.201850,2.665682,-0.123928,0.257713,2.402228,-0.246073,0.790559,2.487351,-0.508251,0.740382,2.708286,-0.340427,1.187774,2.528328,-0.530685,1.155568,2.735652
1060,-0.314907,0.060868,2.741634,-0.274072,-0.231043,2.706932,-0.258067,-0.610905,2.616450,0.028506,-0.518254,2.214307,0.055473,-0.093954,2.266889,0.036625,0.205353,2.331305,-0.320554,0.206915,2.664456,-0.129265,0.266603,2.403466,-0.254328,0.802483,2.491051,-0.509677,0.731739,2.705672,-0.347118,1.226386,2.560544,-0.530320,1.193137,2.739513
1061,-0.289334,0.087752,2.749104,-0.286930,-0.221169,2.732448,-0.260765,-0.607293,2.614614,0.032660,-0.517934,2.213095,0.053244,-0.094463,2.245837,0.032670,0.207764,2.315028,-0.316370,0.209605,2.662631,-0.117836,0.269213,2.398918,-0.248203,0.812329,2.477050,-0.519693,0.740969,2.708348,-0.339006,1.238503,2.541395,-0.535688,1.199657,2.748577
1062,-0.309183,0.053786,2.741147,-0.275739,-0.244818,2.729845,-0.259312,-0.608711,2.615017,0.032733,-0.518771,2.211925,0.063458,-0.091087,2.244457,0.036045,0.205954,2.334789,-0.312225,0.207430,2.663972,-0.115418,0.267879,2.398068,-0.249309,0.787917,2.462307,-0.521804,0.742569,2.710253,-0.331054,1.189077,2.511138,-0.513672,1.186523,2.762937
1063,-0.337865,0.004956,2.742851,-0.275255,-0.250343,2.717389,-0.259797,-0.612995,2.617494,0.038329,-0.517055,2.207936,0.064075,-0.084618,2.245534,0.045775,0.210444,2.333443,-0.310896,0.188086,2.657225,-0.105252,0.250233,2.390871,-0.270889,0.756150,2.460477,-0.514627,0.716126,2.703385,-0.341993,1.196059,2.517313,-0.535083,1.182275,2.751553
1064,-0.324587,0.026064,2.741282,-0.261687,-0.257574,2.728394,-0.258909,-0.616881,2.610314,0.035676,-0.524029,2.213313,0.057848,-0.095962,2.239254,0.039100,0.204743,2.319999,-0.304586,0.190438,2.655011,-0.105064,0.246091,2.387403,-0.254883,0.768255,2.465820,-0.512759,0.721956,2.703849,-0.370957,1.177297,2.534795,-0.533089,1.172697,2.732412
1065,-0.333523,0.013893,2.740752,-0.289679,-0.268672,2.731964,-0.259037,-0.620859,2.611601,0.036559,-0.525514,2.211393,0.055170,-0.103738,2.238106,0.048798,0.192936,2.317521,-0.302348,0.192635,2.657255,-0.102169,0.247276,2.389745,-0.263873,0.752211,2.459408,-0.514296,0.728898,2.700305,-0.400849,1.128768,2.515365,-0.558053,1.126787,2.722194
1066,-0.317947,0.032272,2.741681,-0.297984,-0.259339,2.735425,-0.262180,-0.619791,2.606917,0.034671,-0.528048,2.210948,0.057086,-0.107898,2.238147,0.044221,0.180442,2.316294,-0.307279,0.199223,2.652734,-0.104624,0.252370,2.388594,-0.266321,0.768292,2.452215,-0.524123,0.732633,2.697229,-0.376199,1.166346,2.513644,-0.546018,1.158060,2.718215
1067,-0.288359,0.035017,2.744727,-0.299504,-0.241529,2.736920,-0.267423,-0.618806,2.611546,0.030506,-0.523919,2.213611,0.045694,-0.099080,2.242759,0.033241,0.177572,2.316241,-0.305966,0.201981,2.654186,-0.106939,0.258054,2.390566,-0.267103,0.761457,2.449796,-0.510005,0.726435,2.698573,-0.400397,1.127874,2.500498,-0.539839,1.127076,2.724579
1068,-0.303539,0.006164,2.745116,-0.310527,-0.248451,2.728266,-0.259557,-0.611235,2.615224,0.028215,-0.524069,2.211908,0.053230,-0.106751,2.243687,0.043417,0.187953,2.326576,-0.298575,0.203647,2.655082,-0.102824,0.257120,2.386237,-0.279389,0.736578,2.447601,-0.463664,0.629215,2.664597,-0.471398,1.081984,2.494808,-0.518767,1.128715,2.725993
1069,-0.302314,0.031113,2.732307,-0.294178,-0.250540,2.726915,-0.263941,-0.608780,2.616681,0.030879,-0.519108,2.210076,0.057366,-0.103030,2.245046,0.046564,0.188605,2.346803,-0.295278,0.205643,2.654955,-0.099051,0.261216,2.385004,-0.308160,0.736230,2.448617,-0.511334,0.739011,2.695731,-0.368189,1.104559,2.454305,-0.528674,1.126725,2.715242
1070,-0.298341,-0.052260,2.731156,-0.296589,-0.274695,2.717526,-0.273472,-0.609557,2.617081,0.031004,-0.513862,2.209658,0.060807,-0.105774,2.244723,0.035833,0.191018,2.336268,-0.293414,0.205894,2.660814,-0.091802,0.261378,2.389140,-0.297069,0.714352,2.445697,-0.484728,0.746168,2.705062,-0.416172,1.077592,2.467947,-0.514865,1.116615,2.730543
1071,-0.304733,-0.017514,2.736197,-0.281874,-0.264714,2.727206,-0.264047,-0.600580,2.620435,0.029643,-0.508265,2.202992,0.057441,-0.092559,2.243009,0.033384,0.196246,2.347126,-0.293294,0.215330,2.663716,-0.094100,0.265363,2.387598,-0.286130,0.729983,2.457612,-0.467645,0.647811,2.675169,-0.467135,1.060641,2.471986,-0.466329,1.134296,2.743326
1072,-0.312009,0.031227,2.739789,-0.276945,-0.240131,2.731414,-0.258255,-0.599468,2.618243,0.023687,-0.503241,2.204972,0.052094,-0.082887,2.240171,0.032382,0.196061,2.352518,-0.283991,0.220647,2.668587,-0.097885,0.269566,2.389429,-0.260201,0.728857,2.458234,-0.487675,0.739861,2.720053,-0.473288,1.012008,2.461003,-0.430552,1.141328,2.748558
1073,-0.281774,0.000428,2.742742,-0.268754,-0.226878,2.740054,-0.261924,-0.591855,2.624150,0.018327,-0.495652,2.203231,0.063349,-0.078243,2.228739,0.047757,0.189349,2.351326,-0.274273,0.229652,2.671567,-0.083455,0.279338,2.391222,-0.235204,0.710973,2.465682,-0.448602,0.660768,2.691309,-0.521902,0.907124,2.434732,-0.377412,1.143129,2.745478
1074,-0.271247,-0.026431,2.730494,-0.251715,-0.272684,2.731641,-0.259339,-0.597054,2.621203,0.012252,-0.487128,2.204201,0.065816,-0.065564,2.222406,0.041892,0.188650,2.338518,-0.283850,0.231185,2.668602,-0.099122,0.286727,2.390392,-0.263046,0.745865,2.445377,-0.493194,0.731944,2.718294,-0.391191,1.094937,2.473267,-0.512176,1.096303,2.719056
1075,-0.260363,-0.009985,2.733343,-0.241934,-0.248102,2.733553,-0.263774,-0.589894,2.620484,0.012319,-0.483281,2.204116,0.065851,-0.077275,2.221322,0.054449,0.180555,2.329937,-0.285351,0.238776,2.667376,-0.098373,0.293098,2.390912,-0.239020,0.788935,2.447435,-0.516000,0.736175,2.688080,-0.343753,1.172688,2.490593,-0.506092,1.139956,2.716543
1076,-0.279165,-0.000104,2.741746,-0.259187,-0.251060,2.738222,-0.276267,-0.589983,2.616097,0.012792,-0.482124,2.206501,0.059382,-0.078364,2.222857,0.049433,0.171024,2.325124,-0.298400,0.230889,2.667969,-0.106572,0.291230,2.393745,-0.269852,0.771113,2.433174,-0.523766,0.736873,2.689496,-0.382087,1.133559,2.467088,-0.526249,1.127507,2.694886
1077,-0.275732,-0.027624,2.731877,-0.265186,-0.283620,2.733003,-0.265325,-0.586286,2.617413,0.012247,-0.470130,2.202614,0.074419,-0.072981,2.212444,0.051840,0.172873,2.330484,-0.292583,0.226228,2.664703,-0.103093,0.290908,2.390304,-0.257926,0.744502,2.428977,-0.527706,0.722361,2.681308,-0.376231,1.085009,2.441155,-0.491102,1.055594,2.698590
1078,-0.311283,-0.172751,2.715438,-0.281321,-0.288239,2.729730,-0.267380,-0.551786,2.618510,0.015570,-0.451947,2.202930,0.085159,-0.059608,2.217618,0.052462,0.180482,2.318106,-0.289415,0.242421,2.666436,-0.098579,0.301043,2.393148,-0.268551,0.718773,2.415113,-0.518245,0.701911,2.686122,-0.426538,1.034080,2.448461,-0.495643,1.061491,2.703633
1079,-0.290643,-0.062608,2.722513,-0.264763,-0.250202,2.729961,-0.254568,-0.544976,2.621735,0.006919,-0.452201,2.205639,0.075618,-0.083471,2.222329,0.058280,0.171474,2.319632,-0.296025,0.241029,2.667641,-0.118284,0.298724,2.400049,-0.281753,0.703451,2.387349,-0.514667,0.684926,2.683503,-0.396197,1.033636,2.433177,-0.512394,1.069974,2.705848
1080,-0.312709,-0.126996,2.712766,-0.291604,-0.278388,2.730836,-0.262077,-0.547813,2.618188,0.010782,-0.442247,2.204145,0.079901,-0.078177,2.220816,0.051268,0.163453,2.332310,-0.293666,0.242435,2.664177,-0.116545,0.302114,2.399778,-0.279861,0.704157,2.391340,-0.517463,0.677673,2.680770,-0.422768,1.019243,2.454905,-0.498341,1.068754,2.709447
1081,-0.334105,-0.223445,2.703173,-0.315269,-0.259486,2.738349,-0.270018,-0.520800,2.621404,0.013170,-0.425095,2.205438,0.089878,-0.065454,2.220750,0.052536,0.168281,2.341297,-0.293415,0.269507,2.666083,-0.103290,0.324091,2.398889,-0.231870,0.765402,2.395628,-0.545645,0.692134,2.665522,-0.311691,1.112426,2.425963,-0.518304,1.085696,2.696254
1082,-0.310503,-0.118779,2.714869,-0.297629,-0.246226,2.740025,-0.265312,-0.503084,2.620980,0.013791,-0.417498,2.204524,0.090796,-0.071096,2.218910,0.054068,0.172180,2.328242,-0.290992,0.277079,2.669723,-0.107753,0.329755,2.401189,-0.266926,0.664627,2.396646,-0.522422,0.714259,2.681781,-0.424773,1.005758,2.440663,-0.475088,1.054111,2.714611
1083,-0.316454,-0.064558,2.721215,-0.287143,-0.238914,2.745737,-0.267467,-0.485059,2.617216,0.010950,-0.400676,2.208586,0.093013,-0.068719,2.216907,0.050685,0.161493,2.327672,-0.289034,0.286333,2.666603,-0.115214,0.344305,2.403955,-0.286379,0.730369,2.415712,-0.522440,0.694324,2.672464,-0.402489,1.051337,2.437884,-0.524380,1.097128,2.713918
1084,-0.316873,-0.028066,2.698232,-0.291873,-0.202541,2.750367,-0.278742,-0.463264,2.621480,0.007586,-0.375033,2.214434,0.087360,-0.061639,2.229717,0.055450,0.151809,2.334296,-0.288644,0.298150,2.673705,-0.113886,0.359640,2.407996,-0.286128,0.751096,2.421531,-0.542535,0.685361,2.675482,-0.394629,1.051597,2.435918,-0.554877,1.085185,2.708562
1085,-0.320945,-0.036886,2.701636,-0.277707,-0.202072,2.747880,-0.272464,-0.401486,2.636783,-0.022256,-0.327309,2.227940,0.103167,-0.051619,2.238456,0.050825,0.150621,2.338814,-0.278289,0.334492,2.680807,-0.126165,0.378472,2.411294,-0.408950,0.721836,2.415208,-0.541078,0.699343,2.684754,-0.496390,1.034571,2.431799,-0.548557,1.104749,2.720753
1086,-0.316727,0.023638,2.717604,-0.302854,-0.180025,2.751076,-0.281883,-0.387765,2.648561,-0.009053,-0.292554,2.235610,0.102979,-0.029341,2.245847,0.049615,0.135273,2.328976,-0.295263,0.358697,2.684460,-0.120764,0.414092,2.415067,-0.323229,0.780495,2.452347,-0.566945,0.722663,2.692997,-0.485995,1.088722,2.470250,-0.565032,1.135920,2.741995
1087,-0.334439,0.020610,2.703080,-0.282797,-0.174531,2.739880,-0.276410,-0.366444,2.658151,-0.025333,-0.258726,2.234321,0.107368,-0.023030,2.252859,0.042777,0.138073,2.347029,-0.296273,0.355760,2.686091,-0.126979,0.417127,2.419704,-0.426489,0.709169,2.416332,-0.575437,0.688620,2.675909,-0.541067,0.995391,2.437412,-0.531163,1.081976,2.745542
1088,-0.324909,0.020536,2.694916,-0.293918,-0.180789,2.733072,-0.284879,-0.338941,2.667913,-0.023672,-0.249235,2.223945,0.128150,-0.029324,2.261385,0.047112,0.149171,2.381642,-0.289544,0.352315,2.684659,-0.113840,0.409599,2.412594,-0.394751,0.696492,2.399985,-0.560937,0.669252,2.667797,-0.516655,0.931467,2.386038,-0.548888,1.055990,2.690757
1089,-0.324543,0.045925,2.705407,-0.298878,-0.177457,2.730061,-0.291287,-0.327858,2.665879,-0.020321,-0.253031,2.226290,0.149689,-0.048374,2.273164,0.051589,0.131203,2.379896,-0.288894,0.343979,2.690581,-0.117148,0.406810,2.423910,-0.426788,0.693360,2.393245,-0.546871,0.674909,2.679245,-0.528342,0.878231,2.379138,-0.539268,1.059815,2.678815
1090,-0.330264,0.034264,2.707839,-0.330797,-0.168615,2.726296,-0.296358,-0.328923,2.665008,-0.018073,-0.246101,2.227017,0.158025,-0.051809,2.287626,0.062963,0.123979,2.370918,-0.282296,0.327037,2.697774,-0.117557,0.395805,2.418468,-0.388081,0.669581,2.368994,-0.541018,0.674740,2.715179,-0.566697,0.751567,2.353055,-0.455888,0.960569,2.677167
1091,-0.348702,0.017653,2.719775,-0.328301,-0.166824,2.715101,-0.301995,-0.333463,2.665047,-0.019877,-0.238547,2.237350,0.149272,-0.055990,2.284866,0.061843,0.143377,2.334553,-0.287495,0.333823,2.704157,-0.116607,0.407343,2.444834,-0.412811,0.710662,2.431162,-0.557685,0.678110,2.705337,-0.533940,0.930197,2.481753,-0.555392,1.047381,2.742709
1092,-0.326802,0.007684,2.715488,-0.311237,-0.172626,2.717185,-0.292404,-0.354274,2.661285,-0.023543,-0.240743,2.249630,0.163362,-0.070133,2.286609,0.071166,0.137122,2.357716,-0.279332,0.316889,2.701648,-0.114164,0.405521,2.449703,-0.309179,0.743844,2.400960,-0.542726,0.662138,2.702620,-0.441557,0.826232,2.395433,-0.485788,0.928500,2.700452
1093,-0.326137,-0.012404,2.713908,-0.301389,-0.198037,2.707809,-0.274312,-0.362850,2.662926,-0.025967,-0.240376,2.253435,0.155599,-0.071102,2.338851,0.070454,0.122217,2.380031,-0.283419,0.312772,2.698239,-0.123973,0.393783,2.444501,-0.314081,0.668993,2.398348,-0.537131,0.653268,2.723532,-0.498121,0.788858,2.375310,-0.533398,0.912914,2.661244
1094,-0.283898,0.002749,2.723777,-0.279881,-0.181223,2.712614,-0.278332,-0.356285,2.666635,-0.020665,-0.236966,2.255113,0.147492,-0.058703,2.334573,0.064682,0.129652,2.351013,-0.275962,0.320007,2.698810,-0.119551,0.395630,2.446549,-0.326069,0.706170,2.407713,-0.540726,0.674973,2.704275,-0.467507,0.804871,2.379343,-0.544408,0.954017,2.669047
1095,-0.345293,0.005417,2.709556,-0.266039,-0.172922,2.710909,-0.281850,-0.349497,2.665527,-0.016454,-0.242939,2.261397,0.145111,-0.048981,2.335348,0.068119,0.143036,2.360358,-0.276708,0.320107,2.694021,-0.114575,0.387101,2.443439,-0.410553,0.623436,2.366366,-0.522060,0.672456,2.717358,-0.543268,0.722189,2.339797,-0.507309,0.961123,2.668407
1096,-0.328574,0.019418,2.722186,-0.302082,-0.150949,2.715539,-0.277046,-0.353022,2.668329,-0.016541,-0.235077,2.267212,0.131204,-0.033861,2.374597,0.069246,0.148559,2.356387,-0.274723,0.301291,2.685366,-0.116340,0.387203,2.436060,-0.421836,0.661749,2.400721,-0.522705,0.626675,2.688808,-0.534568,0.775310,2.396676,-0.524261,0.892323,2.670830
1097,-0.335607,-0.016733,2.721215,-0.261717,-0.185747,2.719330,-0.272933,-0.349893,2.666317,-0.018615,-0.238827,2.267552,0.127731,-0.037406,2.365681,0.079805,0.124650,2.345941,-0.269584,0.308422,2.683144,-0.112252,0.381993,2.441324,-0.399690,0.631278,2.393061,-0.522221,0.637236,2.706285,-0.548620,0.747234,2.341664,-0.525699,0.907217,2.643120
1098,-0.342999,0.017033,2.716221,-0.306047,-0.165913,2.719316,-0.275912,-0.353173,2.668586,-0.021199,-0.245522,2.276722,0.138365,-0.035710,2.367143,0.079751,0.122780,2.354803,-0.270469,0.303027,2.685090,-0.115364,0.377276,2.440783,-0.406559,0.639463,2.395412,-0.500635,0.531880,2.654956,-0.513843,0.661310,2.331897,-0.504079,0.779607,2.592836
1099,-0.315850,-0.021692,2.714724,-0.281875,-0.177389,2.718632,-0.268421,-0.350450,2.669311,-0.019865,-0.248449,2.280520,0.138870,-0.047144,2.335235,0.085162,0.132154,2.351727,-0.267809,0.316393,2.688534,-0.115153,0.384068,2.440627,-0.375854,0.646492,2.390227,-0.529043,0.647743,2.712821,-0.557898,0.666562,2.329529,-0.528534,0.863493,2.604589
1100,-0.317635,-0.005062,2.726606,-0.273382,-0.166527,2.722885,-0.263906,-0.350512,2.669508,-0.015861,-0.248560,2.277257,0.144989,-0.055767,2.340049,0.087978,0.124554,2.370303,-0.265656,0.318438,2.684073,-0.108162,0.387535,2.437458,-0.427712,0.639096,2.397450,-0.541682,0.656289,2.699721,-0.517804,0.736402,2.342186,-0.557894,0.842401,2.604452
1101,-0.259941,-0.014422,2.728522,-0.249974,-0.173025,2.721569,-0.263301,-0.356970,2.658596,-0.018196,-0.245900,2.274886,0.152086,-0.061365,2.344015,0.084717,0.107948,2.388231,-0.259364,0.311568,2.686943,-0.109923,0.383592,2.444514,-0.373720,0.653907,2.410500,-0.531145,0.670713,2.716545,-0.542449,0.708590,2.339849,-0.551169,0.892283,2.612541
1102,-0.262678,-0.000378,2.725824,-0.238277,-0.162358,2.720842,-0.249886,-0.350447,2.658731,-0.019368,-0.246079,2.277112,0.149005,-0.073502,2.336030,0.090384,0.097992,2.429215,-0.259037,0.323930,2.699831,-0.113190,0.379439,2.446750,-0.411922,0.635754,2.407350,-0.524272,0.689860,2.726521,-0.593896,0.690536,2.339646,-0.561650,0.954974,2.618966
1103,-0.218692,0.018532,2.715449,-0.224463,-0.157346,2.730683,-0.259484,-0.348793,2.657740,-0.012379,-0.244049,2.272901,0.137189,-0.070034,2.359359,0.084366,0.077209,2.443166,-0.271259,0.316588,2.689939,-0.122376,0.374784,2.441461,-0.447844,0.646587,2.398272,-0.530848,0.680977,2.712720,-0.521938,0.733661,2.342934,-0.565043,0.947419,2.635253
1104,-0.240316,0.013736,2.718048,-0.236576,-0.152206,2.720284,-0.255141,-0.349340,2.654563,-0.009890,-0.248759,2.282764,0.126171,-0.068576,2.340240,0.079675,0.097661,2.431185,-0.272382,0.312271,2.684128,-0.118261,0.373344,2.439629,-0.436447,0.630536,2.373243,-0.525368,0.654049,2.699742,-0.543082,0.737972,2.362036,-0.578839,0.924982,2.630196
1105,-0.209082,0.038001,2.741023,-0.224778,-0.137809,2.728961,-0.246528,-0.355263,2.657721,-0.008707,-0.248578,2.287699,0.125965,-0.064009,2.357805,0.086502,0.036855,2.452338,-0.255049,0.306614,2.698293,-0.102458,0.369759,2.453580,-0.368599,0.677263,2.414233,-0.524657,0.639928,2.708319,-0.487590,0.841054,2.372238,-0.565989,0.917093,2.616531
1106,-0.202596,0.033500,2.726887,-0.207570,-0.137556,2.721106,-0.242610,-0.356050,2.651123,-0.012482,-0.245253,2.285798,0.125150,-0.035506,2.383807,0.075895,0.067114,2.474151,-0.255064,0.318604,2.697548,-0.104166,0.385860,2.452143,-0.436478,0.644075,2.415398,-0.522729,0.652116,2.722713,-0.532946,0.768087,2.371098,-0.562967,0.897756,2.626196
1107,-0.264818,-0.006232,2.714235,-0.238221,-0.153737,2.718892,-0.244442,-0.346871,2.652684,-0.005719,-0.247885,2.275439,0.122977,-0.053602,2.379203,0.068362,0.109669,2.497213,-0.257472,0.316701,2.706159,-0.106226,0.384199,2.449946,-0.438525,0.638246,2.401852,-0.506328,0.666045,2.715942,-0.551847,0.708597,2.342695,-0.508660,0.905077,2.646647
1108,-0.250531,0.009210,2.711604,-0.238004,-0.158473,2.717091,-0.244852,-0.352227,2.650882,0.000799,-0.247575,2.278520,0.123521,-0.056439,2.374542,0.060689,0.078402,2.489661,-0.260077,0.314621,2.702706,-0.101870,0.388309,2.452315,-0.420304,0.650839,2.414768,-0.525201,0.638531,2.712280,-0.480219,0.770513,2.362565,-0.567328,0.853814,2.637033
1109,-0.278113,0.020665,2.715628,-0.250828,-0.130996,2.713111,-0.246634,-0.345135,2.652747,0.002186,-0.251163,2.275648,0.108869,-0.045495,2.366591,0.055199,0.104360,2.492418,-0.267148,0.319316,2.714789,-0.103591,0.389371,2.459780,-0.442878,0.657815,2.416535,-0.542396,0.635432,2.735550,-0.477932,0.737433,2.352314,-0.556633,0.811185,2.620538
1110,-0.273057,-0.026054,2.714124,-0.218592,-0.173355,2.705831,-0.247080,-0.352010,2.653740,0.004583,-0.255278,2.278354,0.111821,-0.033154,2.340879,0.055670,0.128291,2.406055,-0.274365,0.316725,2.695667,-0.109620,0.379267,2.450635,-0.381184,0.643644,2.373509,-0.532420,0.633969,2.709097,-0.453462,0.724687,2.345466,-0.549408,0.836170,2.629770
1111,-0.260391,0.002572,2.686407,-0.229396,-0.136972,2.701873,-0.238998,-0.352194,2.647067,0.004562,-0.252502,2.271272,0.107002,-0.020834,2.370136,0.073163,0.136170,2.492003,-0.266452,0.302883,2.692250,-0.114135,0.367068,2.444579,-0.444520,0.637818,2.396711,-0.520013,0.612076,2.695979,-0.492536,0.704849,2.368646,-0.555063,0.857490,2.625402
1112,-0.246750,0.005946,2.706768,-0.203395,-0.146872,2.698865,-0.245998,-0.353228,2.646196,0.009103,-0.254547,2.273557,0.126801,-0.018114,2.352093,0.060051,0.129532,2.444831,-0.270416,0.306238,2.691853,-0.110483,0.372110,2.445870,-0.325882,0.698737,2.405149,-0.542113,0.626613,2.696632,-0.390588,0.780295,2.388141,-0.546578,0.859475,2.639461
1113,-0.249476,0.010627,2.696654,-0.199928,-0.137794,2.696416,-0.244097,-0.353909,2.646513,0.009362,-0.252914,2.273604,0.134913,-0.014287,2.353896,0.068673,0.134477,2.457069,-0.271445,0.305936,2.693264,-0.119252,0.372883,2.449403,-0.350405,0.700135,2.407407,-0.544529,0.629445,2.704864,-0.433418,0.788297,2.392301,-0.568875,0.839903,2.615624
1114,-0.257545,0.004620,2.696819,-0.239790,-0.147890,2.696254,-0.244896,-0.358203,2.645490,0.012114,-0.251047,2.270409,0.133822,-0.010695,2.363154,0.069989,0.138158,2.462947,-0.269604,0.300585,2.688200,-0.115311,0.374631,2.447237,-0.323321,0.713543,2.411641,-0.546599,0.639157,2.705665,-0.436301,0.750989,2.377421,-0.573580,0.824602,2.623868
1115,-0.240105,0.011626,2.726951,-0.215845,-0.140598,2.703116,-0.233104,-0.349444,2.648737,0.007480,-0.250765,2.273175,0.126519,0.004657,2.353653,0.057943,0.150282,2.383103,-0.264912,0.314148,2.693033,-0.115259,0.381697,2.450595,-0.348553,0.692801,2.383744,-0.545887,0.653112,2.707679,-0.418795,0.738733,2.369429,-0.585933,0.849256,2.625279
1116,-0.254545,-0.002895,2.713044,-0.229799,-0.139486,2.699903,-0.236742,-0.347318,2.649783,0.011333,-0.249134,2.275221,0.126842,0.012352,2.347839,0.064746,0.157458,2.383022,-0.265918,0.316166,2.696895,-0.106690,0.384824,2.452610,-0.304585,0.706496,2.404377,-0.540886,0.641433,2.709771,-0.369306,0.765080,2.397900,-0.542230,0.825950,2.641302
1117,-0.284134,-0.005322,2.717071,-0.209874,-0.177604,2.701286,-0.250665,-0.355454,2.647525,0.010944,-0.252735,2.276420,0.110140,-0.021919,2.360693,0.077494,0.149844,2.416598,-0.271182,0.306136,2.680798,-0.113857,0.378706,2.442138,-0.383793,0.660852,2.386408,-0.537470,0.635927,2.688392,-0.511445,0.723325,2.381104,-0.567810,0.865710,2.625645
1118,-0.287414,0.009739,2.714611,-0.246323,-0.150454,2.705825,-0.250539,-0.344622,2.650161,0.007383,-0.253306,2.274068,0.109361,-0.053606,2.368358,0.074103,0.117986,2.445040,-0.264470,0.308898,2.690835,-0.109922,0.377117,2.447054,-0.381173,0.658796,2.395876,-0.541101,0.662758,2.703150,-0.519111,0.727865,2.399159,-0.570500,0.940090,2.658106
1119,-0.290000,-0.002280,2.719656,-0.251079,-0.139908,2.710946,-0.253521,-0.341064,2.654968,0.007763,-0.253475,2.278623,0.104020,-0.046750,2.388022,0.065186,0.119742,2.448355,-0.270274,0.316008,2.692257,-0.107943,0.384197,2.449887,-0.388185,0.683611,2.421924,-0.551020,0.680705,2.709517,-0.489938,0.793449,2.411915,-0.574670,0.969163,2.647312
1120,-0.265349,0.014551,2.724711,-0.246585,-0.136051,2.712921,-0.253634,-0.341098,2.656482,0.007962,-0.253265,2.282287,0.098380,-0.013257,2.345958,0.061272,0.150712,2.358111,-0.271881,0.321832,2.685684,-0.111981,0.384260,2.443582,-0.404775,0.667544,2.372331,-0.543651,0.670942,2.693227,-0.518525,0.726388,2.379711,-0.563665,0.943749,2.630702
1121,-0.290938,0.020235,2.723045,-0.254389,-0.120615,2.721354,-0.251498,-0.340350,2.657795,0.006689,-0.252508,2.276935,0.127895,0.007627,2.338868,0.064151,0.159576,2.362758,-0.261168,0.326350,2.702691,-0.100913,0.389139,2.452962,-0.381847,0.679875,2.396340,-0.537505,0.667490,2.695655,-0.557874,0.805152,2.422789,-0.553711,0.982943,2.671932
1122,-0.273039,0.039857,2.726535,-0.278122,-0.153854,2.713856,-0.265747,-0.345819,2.656491,0.013219,-0.249576,2.280579,0.092108,0.003057,2.375490,0.067351,0.165966,2.365317,-0.276090,0.316323,2.691610,-0.110290,0.380431,2.450519,-0.415707,0.673496,2.383030,-0.534642,0.683084,2.696496,-0.517798,0.825064,2.400093,-0.561784,0.987520,2.639763
1123,-0.283843,0.027236,2.720653,-0.282861,-0.161400,2.723589,-0.271058,-0.350513,2.658475,0.006279,-0.257445,2.278504,0.089214,-0.002357,2.410078,0.070889,0.163054,2.426075,-0.269396,0.310845,2.693459,-0.099681,0.377911,2.451800,-0.406463,0.661519,2.380627,-0.543063,0.666189,2.706360,-0.495031,0.813381,2.388961,-0.580903,0.948094,2.658992
1124,-0.268872,0.027097,2.715207,-0.262227,-0.153667,2.730148,-0.267824,-0.356847,2.655240,0.003862,-0.260250,2.284182,0.075877,-0.003825,2.402992,0.063811,0.168355,2.413954,-0.271907,0.313629,2.696129,-0.107681,0.376275,2.454120,-0.408466,0.663352,2.391985,-0.534734,0.665269,2.702947,-0.496967,0.829852,2.402452,-0.594866,0.948180,2.654810
1125,-0.253778,0.029324,2.718037,-0.252404,-0.137398,2.735816,-0.266495,-0.358057,2.661713,-0.010224,-0.266531,2.278601,0.071629,-0.005592,2.389903,0.063828,0.174928,2.415370,-0.275443,0.302937,2.688444,-0.119652,0.366548,2.444855,-0.351539,0.683476,2.425573,-0.539929,0.680800,2.715051,-0.472586,0.793283,2.377209,-0.566712,0.911968,2.651323
1126,-0.288595,0.039495,2.722855,-0.277933,-0.125607,2.735383,-0.276208,-0.353062,2.662174,-0.008131,-0.273039,2.281394,0.070426,-0.004192,2.358027,0.056019,0.182085,2.410468,-0.279301,0.304134,2.690839,-0.113854,0.369474,2.445470,-0.327305,0.720904,2.416876,-0.554039,0.668852,2.710186,-0.449285,0.849423,2.398757,-0.569167,0.902688,2.656106
1127,-0.278136,0.059633,2.729391,-0.252090,-0.142762,2.734010,-0.284001,-0.347765,2.664412,-0.009401,-0.281434,2.278909,0.075809,-0.003730,2.351527,0.056580,0.179426,2.379841,-0.280930,0.317923,2.685915,-0.103819,0.372487,2.439991,-0.312459,0.727453,2.427632,-0.553184,0.684169,2.707211,-0.390975,0.871391,2.376083,-0.565055,0.913390,2.649515
1128,-0.278356,0.063805,2.731266,-0.246863,-0.144341,2.732855,-0.281646,-0.354662,2.665423,-0.018703,-0.290778,2.285528,0.085829,-0.014759,2.343013,0.064536,0.177002,2.380725,-0.279675,0.314813,2.686347,-0.117281,0.373612,2.443792,-0.446220,0.686807,2.407408,-0.535757,0.611880,2.666797,-0.479961,0.854885,2.386443,-0.579742,0.980298,2.678601
1129,-0.314115,0.037056,2.707748,-0.261836,-0.149157,2.739655,-0.284102,-0.357320,2.665439,-0.021957,-0.290890,2.275062,0.087047,-0.016808,2.345690,0.063530,0.171325,2.400618,-0.278068,0.313164,2.692668,-0.114926,0.369208,2.446269,-0.436185,0.639342,2.401220,-0.555394,0.682710,2.724278,-0.501700,0.780683,2.372846,-0.536649,0.955759,2.664478
1130,-0.301752,0.028775,2.703724,-0.270096,-0.151692,2.740527,-0.285804,-0.346289,2.668998,-0.024840,-0.303422,2.274424,0.092842,-0.036691,2.347692,0.063240,0.161431,2.406924,-0.279522,0.320799,2.688324,-0.109800,0.367683,2.442544,-0.329227,0.716341,2.427032,-0.540745,0.626432,2.661980,-0.410482,0.833911,2.379418,-0.566395,0.917979,2.668606
1131,-0.289561,0.034146,2.699884,-0.285930,-0.143406,2.740818,-0.286070,-0.350856,2.661198,-0.032735,-0.308531,2.271242,0.095901,-0.052092,2.327552,0.062213,0.158062,2.388381,-0.280944,0.315453,2.679637,-0.121300,0.358368,2.434965,-0.368173,0.720438,2.412052,-0.557911,0.686091,2.715849,-0.453444,0.859361,2.377353,-0.568824,0.962227,2.663781
1132,-0.296405,0.052756,2.701723,-0.270361,-0.163421,2.728647,-0.289205,-0.356603,2.662100,-0.033263,-0.317065,2.265699,0.107096,-0.059710,2.318310,0.067340,0.154085,2.377681,-0.280041,0.310960,2.685809,-0.110861,0.359971,2.434111,-0.340876,0.685708,2.399847,-0.533238,0.590415,2.660683,-0.430626,0.737118,2.338949,-0.536078,0.837512,2.629934
1133,-0.300607,0.031440,2.688125,-0.271669,-0.166459,2.731854,-0.296982,-0.377261,2.654918,-0.033239,-0.320466,2.264824,0.111985,-0.063310,2.322043,0.070078,0.149461,2.413743,-0.279668,0.290809,2.684524,-0.107543,0.348736,2.426014,-0.339972,0.650001,2.384289,-0.532988,0.551535,2.668049,-0.477944,0.714141,2.334930,-0.564035,0.769980,2.656098
1134,-0.298933,0.056640,2.684630,-0.263696,-0.161131,2.729692,-0.293621,-0.387790,2.653848,-0.035171,-0.320637,2.254515,0.101165,-0.051725,2.302197,0.065844,0.147492,2.424404,-0.280321,0.287819,2.687434,-0.108661,0.344883,2.425225,-0.295455,0.678132,2.389989,-0.534903,0.571910,2.672376,-0.386851,0.744514,2.350503,-0.568136,0.763354,2.646952
1135,-0.296740,0.042544,2.703206,-0.262473,-0.171721,2.729601,-0.294505,-0.399001,2.644030,-0.035790,-0.331043,2.248995,0.103986,-0.061384,2.293741,0.065004,0.149277,2.367597,-0.275632,0.285647,2.689012,-0.110543,0.335314,2.429372,-0.351432,0.656355,2.382495,-0.530689,0.587355,2.680604,-0.485257,0.686925,2.328838,-0.544873,0.770268,2.601972
1136,-0.294290,0.027067,2.690761,-0.265292,-0.179890,2.726195,-0.285049,-0.403389,2.641042,-0.035915,-0.338370,2.242248,0.106118,-0.052248,2.287590,0.074206,0.147328,2.407702,-0.279931,0.276079,2.680877,-0.117366,0.329206,2.427860,-0.373015,0.671231,2.403193,-0.552382,0.650163,2.732962,-0.501589,0.688606,2.332318,-0.536046,0.803720,2.602939
1137,-0.282219,0.023595,2.693035,-0.255320,-0.169580,2.729828,-0.289327,-0.422725,2.634731,-0.037169,-0.350781,2.238541,0.090935,-0.060763,2.296150,0.065737,0.145856,2.373061,-0.274378,0.271551,2.685820,-0.124660,0.323256,2.437747,-0.375897,0.659795,2.390200,-0.549779,0.668671,2.736366,-0.517923,0.689342,2.362782,-0.564959,0.821608,2.625110
1138,-0.303128,0.028336,2.708340,-0.269688,-0.177711,2.740245,-0.290302,-0.434263,2.626892,-0.032094,-0.362040,2.234726,0.091701,-0.068613,2.278950,0.064425,0.144847,2.358251,-0.275293,0.268600,2.675943,-0.114370,0.309992,2.422457,-0.361312,0.665575,2.416734,-0.518334,0.595326,2.659669,-0.463868,0.727800,2.357655,-0.529684,0.812165,2.625539
1139,-0.263870,0.016345,2.714578,-0.246439,-0.183062,2.728597,-0.280011,-0.451671,2.628660,-0.033427,-0.365256,2.239294,0.091237,-0.066655,2.281510,0.053077,0.148399,2.338152,-0.274512,0.255442,2.670663,-0.116756,0.307937,2.420655,-0.333493,0.691077,2.410058,-0.532510,0.646079,2.727347,-0.487528,0.684485,2.344135,-0.510093,0.760184,2.586672
1140,-0.293372,0.001189,2.713390,-0.261947,-0.194847,2.730872,-0.279327,-0.460556,2.624503,-0.033056,-0.376770,2.239109,0.089340,-0.069613,2.275526,0.051097,0.152285,2.356081,-0.269387,0.257004,2.675871,-0.105641,0.317157,2.429678,-0.311694,0.725610,2.409942,-0.547982,0.674814,2.700284,-0.409456,0.771918,2.375656,-0.541748,0.797399,2.655493
1141,-0.293338,-0.026740,2.708699,-0.259285,-0.207535,2.730621,-0.271221,-0.462215,2.620635,-0.030064,-0.385926,2.230433,0.085127,-0.068731,2.261553,0.046500,0.158415,2.352548,-0.263000,0.266550,2.669670,-0.091794,0.320108,2.418897,-0.292829,0.741367,2.407302,-0.527038,0.681549,2.702913,-0.353298,0.790389,2.365674,-0.500887,0.834087,2.655495
1142,-0.303539,0.032482,2.697495,-0.270433,-0.201003,2.718753,-0.272076,-0.477566,2.620054,-0.028811,-0.388982,2.234982,0.084230,-0.060574,2.262568,0.043139,0.172534,2.381201,-0.265261,0.245650,2.664522,-0.107704,0.308387,2.413495,-0.359798,0.693924,2.411881,-0.502414,0.593443,2.660083,-0.472789,0.777544,2.372215,-0.530691,0.867885,2.659347
1143,-0.292194,0.053286,2.734178,-0.247556,-0.183529,2.729818,-0.261919,-0.487974,2.622538,-0.020265,-0.401084,2.231730,0.083461,-0.068110,2.246884,0.042786,0.175678,2.338049,-0.260987,0.240170,2.658958,-0.095150,0.301326,2.412003,-0.299390,0.708064,2.410266,-0.528328,0.676810,2.671951,-0.388899,0.834873,2.399814,-0.512335,0.904206,2.673455
1144,-0.306494,0.030296,2.731386,-0.270020,-0.211952,2.720989,-0.276046,-0.508935,2.617224,-0.011784,-0.415081,2.226278,0.082726,-0.075975,2.235041,0.050629,0.168865,2.339347,-0.268227,0.226185,2.652236,-0.105474,0.290007,2.399427,-0.317325,0.718349,2.424545,-0.523949,0.697104,2.673046,-0.452644,0.849262,2.391801,-0.489624,0.969218,2.700756
1145,-0.303650,0.018554,2.739374,-0.269848,-0.221480,2.720864,-0.270127,-0.528545,2.613512,-0.004599,-0.427703,2.235665,0.080745,-0.090066,2.255228,0.059536,0.159188,2.347497,-0.266946,0.220214,2.654625,-0.097060,0.281369,2.401305,-0.285101,0.699282,2.412928,-0.517631,0.704630,2.676642,-0.437208,0.855657,2.382009,-0.489248,0.937928,2.675510
1146,-0.279566,-0.125913,2.719338,-0.248252,-0.257013,2.707932,-0.255030,-0.530527,2.608479,-0.005497,-0.441193,2.228406,0.077840,-0.102167,2.255911,0.047692,0.159957,2.346815,-0.268765,0.224038,2.655142,-0.101021,0.279872,2.396168,-0.302878,0.688399,2.424197,-0.492497,0.603336,2.647086,-0.472169,0.881925,2.417091,-0.491118,0.980499,2.670317
1147,-0.305520,-0.214849,2.708923,-0.268786,-0.300295,2.710115,-0.252755,-0.547610,2.603342,-0.000484,-0.452866,2.222461,0.076134,-0.105694,2.247041,0.042800,0.159295,2.332919,-0.272687,0.224276,2.644959,-0.105760,0.280909,2.391382,-0.300304,0.712173,2.458844,-0.507713,0.671583,2.657833,-0.406956,0.956939,2.451351,-0.512609,0.983431,2.672772
1148,-0.277716,-0.161095,2.712832,-0.267305,-0.275288,2.712937,-0.249829,-0.559086,2.607251,0.005270,-0.467901,2.216094,0.071692,-0.107511,2.234183,0.043011,0.153716,2.311934,-0.273930,0.239227,2.651973,-0.101434,0.288086,2.393963,-0.251043,0.748478,2.457295,-0.497475,0.643452,2.652280,-0.340176,1.065681,2.495150,-0.512110,1.062609,2.693180
1149,-0.283482,-0.214671,2.706701,-0.281628,-0.332224,2.700405,-0.258584,-0.584027,2.603272,0.007703,-0.480118,2.214449,0.068562,-0.101992,2.238764,0.042204,0.156081,2.326936,-0.282246,0.228412,2.654768,-0.110643,0.285925,2.399929,-0.313571,0.730985,2.456153,-0.503465,0.706580,2.684894,-0.411508,1.077397,2.495555,-0.512325,1.060075,2.716516
1150,-0.261116,-0.145953,2.717090,-0.255727,-0.294328,2.707221,-0.247214,-0.593035,2.599571,0.007329,-0.494585,2.216446,0.066478,-0.111476,2.238592,0.040097,0.160225,2.333787,-0.275698,0.222209,2.650576,-0.114802,0.274544,2.396856,-0.317660,0.703689,2.454640,-0.457692,0.711418,2.692718,-0.553943,0.959227,2.490132,-0.410565,1.142256,2.760443
1151,-0.272139,-0.158841,2.706173,-0.259274,-0.292302,2.701352,-0.244544,-0.594489,2.600420,0.012868,-0.496822,2.215578,0.074970,-0.102396,2.239606,0.042335,0.168338,2.319496,-0.280706,0.228157,2.649702,-0.111204,0.283328,2.398865,-0.260721,0.762031,2.464484,-0.485610,0.726512,2.682996,-0.433259,1.057946,2.505872,-0.475534,1.111750,2.746800
1152,-0.272367,-0.333551,2.696627,-0.260289,-0.379534,2.693704,-0.236832,-0.594198,2.598187,0.013364,-0.494444,2.214620,0.069048,-0.097046,2.239273,0.037128,0.168483,2.321955,-0.278400,0.223134,2.651948,-0.107970,0.278101,2.401916,-0.279189,0.717119,2.448087,-0.468817,0.727822,2.693963,-0.536375,0.889202,2.495322,-0.441866,1.128451,2.752808
1153,-0.287677,-0.106691,2.713969,-0.260795,-0.291459,2.702830,-0.255670,-0.611639,2.595156,0.021843,-0.502035,2.206603,0.067839,-0.095786,2.237079,0.039875,0.172733,2.266894,-0.283362,0.203551,2.651699,-0.098788,0.264268,2.399894,-0.258469,0.725418,2.450223,-0.468387,0.630845,2.657923,-0.393486,1.043284,2.507971,-0.490581,1.079108,2.751158
1154,-0.279716,-0.034713,2.726617,-0.258857,-0.260604,2.713827,-0.254195,-0.610212,2.593627,0.026394,-0.505603,2.204426,0.072141,-0.107371,2.229771,0.040538,0.172014,2.316681,-0.288092,0.209682,2.648745,-0.094792,0.268303,2.397115,-0.218899,0.772951,2.469069,-0.482965,0.633150,2.658870,-0.324359,1.148774,2.529290,-0.529104,1.105384,2.751701
1155,-0.293460,0.007661,2.731184,-0.271763,-0.269110,2.711841,-0.260515,-0.614189,2.593435,0.032107,-0.510286,2.210504,0.069292,-0.108039,2.239680,0.041471,0.165638,2.331603,-0.291702,0.201920,2.653257,-0.088350,0.265771,2.400881,-0.226097,0.772844,2.474622,-0.485825,0.718507,2.690135,-0.350108,1.122850,2.507791,-0.515780,1.116802,2.744565
1156,-0.282862,0.066741,2.740222,-0.278477,-0.239438,2.717513,-0.264050,-0.612714,2.601721,0.036995,-0.511977,2.209982,0.070336,-0.101001,2.238957,0.042039,0.167902,2.318671,-0.291670,0.201968,2.656872,-0.086689,0.263752,2.400602,-0.250313,0.755544,2.472155,-0.496114,0.724167,2.690414,-0.386003,1.093353,2.506925,-0.537006,1.085811,2.737889
1157,-0.318397,0.032155,2.734463,-0.288688,-0.248908,2.716675,-0.267674,-0.617717,2.597327,0.036419,-0.509561,2.203634,0.067357,-0.083656,2.234359,0.041665,0.197228,2.335651,-0.287239,0.195125,2.653277,-0.089478,0.253727,2.392874,-0.272692,0.722369,2.486887,-0.464872,0.652264,2.667363,-0.460228,0.992118,2.471149,-0.492220,1.059763,2.728574
1158,-0.317296,0.053111,2.736437,-0.293835,-0.252364,2.718780,-0.266781,-0.611401,2.604907,0.040953,-0.518370,2.207253,0.075383,-0.099214,2.238743,0.045502,0.213391,2.346062,-0.286859,0.195801,2.654908,-0.075554,0.250756,2.390027,-0.240743,0.747690,2.495034,-0.483339,0.736804,2.686778,-0.422321,1.011473,2.502238,-0.515224,1.053387,2.725532
1159,-0.311885,0.047472,2.734718,-0.288419,-0.238581,2.714653,-0.263704,-0.603612,2.602489,0.044778,-0.523459,2.201423,0.077734,-0.105571,2.238686,0.048662,0.206251,2.340065,-0.292026,0.197118,2.655755,-0.088494,0.252870,2.391338,-0.274818,0.750790,2.481477,-0.501581,0.740652,2.684885,-0.384846,1.123974,2.521614,-0.553951,1.116676,2.719196
1160,-0.316701,0.019542,2.727160,-0.290692,-0.261689,2.701435,-0.261896,-0.615610,2.600478,0.052483,-0.519571,2.203253,0.074005,-0.103413,2.243591,0.047157,0.200700,2.338768,-0.296322,0.190643,2.650267,-0.090100,0.250659,2.389903,-0.272876,0.746385,2.474120,-0.495836,0.738899,2.684994,-0.384387,1.146294,2.513571,-0.537769,1.148716,2.713243
1161,-0.331111,0.036289,2.727823,-0.297492,-0.246579,2.705597,-0.260639,-0.614982,2.599625,0.054038,-0.515964,2.202685,0.073085,-0.097729,2.236272,0.050560,0.201156,2.337836,-0.299372,0.190560,2.653131,-0.089979,0.252834,2.386262,-0.271856,0.767055,2.476231,-0.508017,0.738078,2.691922,-0.368970,1.182293,2.539751,-0.546611,1.146339,2.723842
1162,-0.316036,0.010633,2.719843,-0.305669,-0.264576,2.699811,-0.263207,-0.613769,2.596736,0.055658,-0.511822,2.202310,0.073065,-0.096765,2.235607,0.051624,0.198330,2.350584,-0.303133,0.193177,2.650840,-0.092623,0.255777,2.389894,-0.271751,0.753337,2.472808,-0.497567,0.734026,2.689065,-0.413300,1.114070,2.521090,-0.567372,1.111393,2.716156
1163,-0.297146,-0.019607,2.723225,-0.303842,-0.279633,2.701273,-0.263844,-0.612822,2.597993,0.055146,-0.514678,2.197144,0.073070,-0.099787,2.228808,0.049976,0.188958,2.330137,-0.303238,0.199366,2.652325,-0.091579,0.261344,2.384200,-0.260114,0.765061,2.473062,-0.506496,0.749018,2.701717,-0.342877,1.170427,2.523563,-0.553352,1.136557,2.732932
1164,-0.269928,0.032564,2.731456,-0.275256,-0.273881,2.711155,-0.257229,-0.611284,2.597012,0.055616,-0.512268,2.197576,0.064855,-0.095793,2.234394,0.045614,0.184626,2.341080,-0.293524,0.209221,2.652812,-0.090542,0.271105,2.383667,-0.267781,0.758667,2.469462,-0.491714,0.739111,2.696618,-0.416859,1.123059,2.509800,-0.543337,1.139761,2.731138
1165,-0.262789,0.042642,2.732754,-0.271948,-0.268126,2.714691,-0.260671,-0.611818,2.600810,0.053776,-0.510195,2.198555,0.062900,-0.089034,2.236742,0.046063,0.188716,2.343679,-0.290154,0.214269,2.654182,-0.092147,0.271807,2.382827,-0.280885,0.768102,2.483571,-0.461387,0.647823,2.675245,-0.414466,1.175502,2.543498,-0.538570,1.187261,2.747863
1166,-0.259344,0.046068,2.734441,-0.269659,-0.270480,2.717986,-0.257264,-0.614019,2.605677,0.054535,-0.508106,2.198510,0.057875,-0.084151,2.238642,0.043277,0.181574,2.368632,-0.288452,0.211519,2.656686,-0.088634,0.266057,2.386271,-0.306234,0.747025,2.467842,-0.464410,0.644344,2.671307,-0.423634,1.150965,2.522493,-0.528425,1.176110,2.740369
1167,-0.287013,0.041100,2.740590,-0.286776,-0.266779,2.713063,-0.259104,-0.608325,2.600258,0.052356,-0.511935,2.200965,0.068114,-0.093405,2.237423,0.048908,0.186499,2.338230,-0.293024,0.204906,2.651353,-0.086242,0.255498,2.386831,-0.259717,0.767407,2.468165,-0.481430,0.644549,2.662158,-0.402683,1.161910,2.529725,-0.554038,1.162496,2.724963
1168,-0.287061,0.016759,2.736595,-0.282348,-0.254182,2.721622,-0.257077,-0.612223,2.601295,0.049760,-0.517004,2.201340,0.062637,-0.096751,2.242552,0.052557,0.191286,2.336877,-0.292661,0.212028,2.655986,-0.096342,0.262362,2.387511,-0.300710,0.763587,2.474418,-0.496657,0.737199,2.703105,-0.404732,1.178343,2.531835,-0.543291,1.188189,2.742097
1169,-0.288956,0.024007,2.726448,-0.283736,-0.240721,2.724444,-0.258777,-0.609954,2.607567,0.049433,-0.510953,2.200092,0.063902,-0.092229,2.242543,0.049807,0.190779,2.380895,-0.285482,0.199429,2.663473,-0.079572,0.249360,2.393299,-0.249278,0.752050,2.463096,-0.483760,0.747914,2.715103,-0.396779,1.108625,2.489496,-0.517432,1.140254,2.738087
1170,-0.300402,0.047435,2.729433,-0.287722,-0.241303,2.724004,-0.265853,-0.608274,2.605376,0.048138,-0.510355,2.199680,0.064707,-0.097284,2.234716,0.046322,0.195334,2.349699,-0.296409,0.210668,2.656355,-0.086831,0.261070,2.387900,-0.249974,0.763568,2.474351,-0.506536,0.751197,2.687052,-0.340589,1.139158,2.501152,-0.518314,1.142350,2.726807
1171,-0.313279,0.035261,2.731473,-0.279274,-0.260085,2.718909,-0.265817,-0.609544,2.601704,0.044771,-0.505977,2.200382,0.062148,-0.092794,2.235641,0.051782,0.195364,2.341028,-0.291483,0.209013,2.653394,-0.091636,0.265110,2.388606,-0.279590,0.754389,2.467827,-0.506060,0.757720,2.699731,-0.379457,1.137388,2.497489,-0.523217,1.153746,2.739773
1172,-0.316948,0.032371,2.723597,-0.291639,-0.279478,2.714293,-0.265416,-0.608394,2.598640,0.044507,-0.500406,2.198130,0.066377,-0.086850,2.236888,0.052368,0.192854,2.341945,-0.290686,0.209966,2.649719,-0.092846,0.267954,2.384020,-0.271462,0.752493,2.456534,-0.502743,0.738992,2.692634,-0.366366,1.135100,2.480772,-0.535123,1.140142,2.719592
1173,-0.307293,-0.005623,2.714738,-0.290555,-0.261020,2.726335,-0.262412,-0.600360,2.604630,0.044086,-0.501308,2.200239,0.070527,-0.089684,2.219209,0.052498,0.196958,2.342809,-0.283728,0.208062,2.652657,-0.081243,0.266970,2.384309,-0.275612,0.734673,2.456185,-0.481503,0.725477,2.697887,-0.427958,1.141831,2.515630,-0.518187,1.171270,2.722188
1174,-0.295970,0.014018,2.702575,-0.295979,-0.268349,2.718531,-0.268427,-0.596596,2.602877,0.037676,-0.487836,2.193926,0.061052,-0.079952,2.220389,0.045047,0.204847,2.346443,-0.293661,0.217671,2.651723,-0.093053,0.275790,2.380739,-0.306671,0.741593,2.453156,-0.499626,0.739147,2.680802,-0.408745,1.154600,2.475340,-0.548181,1.161822,2.692458
1175,-0.300772,0.017024,2.709490,-0.290700,-0.262345,2.721356,-0.264547,-0.593174,2.609793,0.033923,-0.488520,2.196731,0.066844,-0.082468,2.218845,0.046000,0.199273,2.354382,-0.295086,0.224828,2.652436,-0.091694,0.280739,2.381600,-0.307394,0.750721,2.450859,-0.499440,0.731057,2.687574,-0.416285,1.149409,2.489093,-0.528888,1.179237,2.712632
1176,-0.300481,-0.020554,2.710541,-0.298996,-0.265541,2.720424,-0.269387,-0.590648,2.604659,0.029936,-0.485242,2.198610,0.074568,-0.090543,2.208819,0.058779,0.183251,2.329246,-0.300715,0.225386,2.646785,-0.087837,0.286054,2.381578,-0.272372,0.755249,2.434017,-0.497283,0.631534,2.657044,-0.366201,1.153931,2.478012,-0.537963,1.145088,2.686046
1177,-0.272974,-0.055247,2.714528,-0.271123,-0.269937,2.715600,-0.266179,-0.577337,2.600312,0.016234,-0.462479,2.201249,0.074164,-0.077475,2.212261,0.057158,0.169048,2.331864,-0.294273,0.239754,2.651688,-0.100321,0.299494,2.381913,-0.223254,0.758999,2.425267,-0.467001,0.619660,2.655196,-0.318368,1.092542,2.449525,-0.489777,1.102363,2.695421
1178,-0.276600,-0.062231,2.707888,-0.277011,-0.276184,2.724176,-0.259393,-0.562457,2.601410,0.018432,-0.442672,2.199630,0.080397,-0.066534,2.211371,0.057946,0.158580,2.327948,-0.289112,0.246361,2.657757,-0.106157,0.310108,2.385169,-0.286869,0.725237,2.431009,-0.484091,0.612512,2.650990,-0.360726,1.025242,2.445476,-0.498806,1.035481,2.682656
1179,-0.289508,-0.104883,2.703283,-0.272988,-0.286563,2.722209,-0.249424,-0.567745,2.602103,0.014651,-0.441414,2.197390,0.074622,-0.067934,2.208376,0.052915,0.158044,2.326530,-0.282301,0.236966,2.657080,-0.106955,0.303676,2.383742,-0.280709,0.714114,2.431821,-0.465952,0.623355,2.665040,-0.438720,0.997921,2.441056,-0.493465,1.041384,2.703633
1180,-0.303715,-0.125103,2.702307,-0.267985,-0.244647,2.726998,-0.250883,-0.518334,2.611405,0.008117,-0.414385,2.205418,0.090048,-0.060987,2.211938,0.059944,0.169021,2.332914,-0.280251,0.265022,2.668831,-0.109258,0.320700,2.397598,-0.254281,0.732077,2.403088,-0.489900,0.720674,2.694162,-0.358824,1.040392,2.424946,-0.471542,1.076052,2.714391
1181,-0.285031,-0.024196,2.719995,-0.266624,-0.226086,2.737050,-0.251870,-0.496996,2.610463,0.008618,-0.407169,2.206910,0.091686,-0.057684,2.217806,0.056909,0.170405,2.333886,-0.287340,0.266347,2.669358,-0.112468,0.324644,2.400968,-0.291972,0.705626,2.405369,-0.503600,0.705714,2.692324,-0.429436,0.927575,2.416975,-0.437999,1.034411,2.739547
1182,-0.292130,-0.034735,2.715864,-0.262045,-0.191787,2.754637,-0.256065,-0.477905,2.610771,0.004949,-0.388616,2.209419,0.097321,-0.050978,2.213733,0.050553,0.170772,2.329015,-0.281964,0.284067,2.672255,-0.120677,0.342605,2.406813,-0.290817,0.698742,2.399574,-0.478233,0.648881,2.674200,-0.427917,0.921566,2.415133,-0.432685,1.053495,2.734754
1183,-0.296841,-0.060534,2.709281,-0.264713,-0.216806,2.767660,-0.256022,-0.462248,2.618391,-0.002193,-0.363017,2.218237,0.098231,-0.057619,2.214495,0.065284,0.157172,2.330915,-0.281857,0.285274,2.686341,-0.130614,0.339182,2.419757,-0.356395,0.670139,2.389809,-0.482832,0.666745,2.697135,-0.474568,0.925803,2.419246,-0.451105,1.048707,2.745278
1184,-0.318538,-0.057422,2.697967,-0.271041,-0.222736,2.756488,-0.255790,-0.425789,2.629857,-0.003663,-0.318550,2.225891,0.120940,-0.032903,2.215544,0.057786,0.142363,2.318034,-0.287892,0.310985,2.692928,-0.125862,0.372710,2.424533,-0.308996,0.719685,2.419345,-0.501075,0.673171,2.690840,-0.483573,0.928604,2.437265,-0.467848,1.044941,2.727714
1185,-0.343070,-0.010408,2.711847,-0.277138,-0.179121,2.770691,-0.269701,-0.356712,2.652371,-0.000617,-0.265559,2.232226,0.141090,-0.020797,2.243654,0.058951,0.137506,2.378180,-0.293775,0.341404,2.699938,-0.119671,0.398883,2.437241,-0.324655,0.754106,2.441957,-0.508995,0.676436,2.696794,-0.527407,0.814888,2.396831,-0.430149,1.114662,2.741705
1186,-0.322623,0.001467,2.683486,-0.312252,-0.187191,2.743572,-0.269540,-0.322759,2.652371,-0.004093,-0.237892,2.226638,0.160209,-0.026535,2.267535,0.063455,0.135086,2.388791,-0.287365,0.338534,2.704792,-0.120158,0.415942,2.444313,-0.306823,0.778989,2.442970,-0.516539,0.671100,2.712411,-0.476446,0.802869,2.387083,-0.469193,1.081823,2.764915
1187,-0.287193,0.065503,2.703682,-0.244848,-0.156797,2.738671,-0.261730,-0.302614,2.650146,0.003914,-0.225653,2.231073,0.171051,-0.031992,2.279495,0.076782,0.132177,2.354183,-0.285056,0.335067,2.701299,-0.122617,0.411049,2.451030,-0.365370,0.704335,2.427227,-0.509761,0.663640,2.681855,-0.558090,0.780416,2.367202,-0.456988,1.099413,2.721459
1188,-0.301545,0.009949,2.697586,-0.238455,-0.168814,2.735806,-0.255806,-0.313055,2.649024,0.005928,-0.211956,2.228103,0.172844,-0.033102,2.286358,0.078468,0.125195,2.373772,-0.283638,0.326600,2.697442,-0.122302,0.399231,2.436892,-0.335896,0.729364,2.444431,-0.481889,0.680919,2.700642,-0.525158,0.831872,2.386033,-0.425427,1.095820,2.730575
1189,-0.302407,0.032985,2.704397,-0.288245,-0.159831,2.736367,-0.264801,-0.295926,2.649382,0.014534,-0.213116,2.236142,0.155789,-0.025398,2.297559,0.079409,0.107826,2.358333,-0.274276,0.328432,2.692456,-0.098571,0.408985,2.441166,-0.320208,0.692747,2.428225,-0.471957,0.672527,2.696533,-0.581260,0.750094,2.361340,-0.400742,1.057205,2.708908
1190,-0.303411,0.030212,2.710371,-0.307266,-0.155128,2.733949,-0.275291,-0.297598,2.646709,0.019633,-0.215363,2.236151,0.154607,-0.036678,2.279885,0.075352,0.103858,2.337642,-0.275358,0.324728,2.691871,-0.094217,0.408347,2.445696,-0.313018,0.667095,2.431386,-0.466728,0.679597,2.694176,-0.613551,0.686431,2.340276,-0.407702,1.023160,2.691281
1191,-0.320585,-0.019367,2.696632,-0.298098,-0.187235,2.731706,-0.251557,-0.315138,2.645682,0.009193,-0.220583,2.236341,0.154935,-0.052785,2.280400,0.075824,0.109241,2.353725,-0.260024,0.318416,2.697163,-0.094606,0.403490,2.438577,-0.305534,0.686695,2.412404,-0.471583,0.655491,2.713881,-0.554397,0.685602,2.340827,-0.423013,0.928694,2.675836
1192,-0.283607,0.021745,2.701864,-0.265371,-0.160227,2.731683,-0.249870,-0.310131,2.645217,0.009963,-0.228562,2.241185,0.151512,-0.075943,2.270988,0.080281,0.108167,2.335947,-0.255827,0.321614,2.696212,-0.099046,0.394983,2.439987,-0.387926,0.649246,2.399578,-0.470757,0.653844,2.707363,-0.616101,0.708370,2.358442,-0.421094,1.002041,2.691739
1193,-0.283621,0.060932,2.702051,-0.270850,-0.132596,2.739462,-0.251900,-0.310336,2.647032,0.022164,-0.235617,2.237459,0.143378,-0.070052,2.284467,0.081805,0.113059,2.356176,-0.252631,0.323802,2.687079,-0.086395,0.389362,2.431516,-0.384266,0.655129,2.404159,-0.469347,0.652441,2.712501,-0.581447,0.757754,2.348126,-0.462878,1.022037,2.665537
1194,-0.257961,0.045058,2.714857,-0.242479,-0.112029,2.729002,-0.241897,-0.313754,2.640989,0.018589,-0.237202,2.237846,0.131422,-0.058479,2.278490,0.069210,0.111106,2.355611,-0.246275,0.319387,2.686848,-0.086980,0.389133,2.435521,-0.343270,0.650725,2.407483,-0.439884,0.595987,2.658829,-0.598409,0.756200,2.360558,-0.445488,0.995639,2.670273
1195,-0.320112,0.028351,2.695917,-0.215826,-0.140637,2.728335,-0.245569,-0.319188,2.641273,0.023741,-0.238194,2.235279,0.153368,-0.064511,2.256614,0.068138,0.113491,2.348904,-0.252197,0.320213,2.685897,-0.084420,0.385279,2.429173,-0.367217,0.661891,2.399602,-0.478507,0.657951,2.704574,-0.596252,0.778157,2.343854,-0.448020,1.033061,2.662164
1196,-0.290637,0.056028,2.710905,-0.234347,-0.149935,2.745581,-0.246647,-0.329332,2.641129,0.026894,-0.238785,2.240227,0.167199,-0.051445,2.264295,0.074024,0.114698,2.358621,-0.243878,0.322281,2.695640,-0.077752,0.388914,2.440811,-0.359588,0.674323,2.410321,-0.475269,0.578835,2.661533,-0.597903,0.817895,2.387370,-0.473150,0.992971,2.689858
1197,-0.292909,0.055108,2.697309,-0.247922,-0.143116,2.754621,-0.251714,-0.332638,2.640812,0.022388,-0.251217,2.244979,0.178022,-0.037102,2.247052,0.072659,0.129119,2.348209,-0.257262,0.320627,2.702435,-0.087191,0.391253,2.447584,-0.351117,0.701025,2.408419,-0.485471,0.609256,2.670782,-0.568820,0.813314,2.364353,-0.522486,1.030905,2.709848
1198,-0.302815,0.015917,2.696273,-0.265364,-0.159531,2.751137,-0.256440,-0.347721,2.643380,0.019826,-0.269478,2.249671,0.179026,-0.036034,2.255013,0.079081,0.135218,2.367761,-0.262275,0.303375,2.702373,-0.092328,0.376741,2.448868,-0.299896,0.704332,2.422803,-0.479553,0.613543,2.667556,-0.508048,0.778570,2.380588,-0.423938,0.928906,2.682498
1199,-0.291329,0.047295,2.702478,-0.239342,-0.120263,2.763477,-0.254250,-0.335662,2.647127,0.015090,-0.285984,2.251922,0.181519,-0.035043,2.250752,0.072234,0.131257,2.357732,-0.264626,0.320812,2.702038,-0.087332,0.385315,2.452090,-0.323102,0.697853,2.433095,-0.487240,0.643734,2.739485,-0.598863,0.763616,2.398895,-0.402651,1.020962,2.722531
1200,-0.305668,0.048544,2.702805,-0.266014,-0.120255,2.768145,-0.263902,-0.335860,2.647594,0.016433,-0.284572,2.256145,0.173568,-0.032487,2.257982,0.074107,0.130551,2.365760,-0.266134,0.318561,2.697501,-0.083428,0.381746,2.450475,-0.280990,0.687336,2.433024,-0.464255,0.671200,2.736918,-0.592987,0.734022,2.394634,-0.352198,1.021711,2.732406
1201,-0.302789,0.034139,2.701730,-0.251189,-0.141085,2.755655,-0.265187,-0.351278,2.645865,0.011529,-0.292737,2.252052,0.170527,-0.032342,2.263930,0.074349,0.129583,2.370236,-0.272971,0.304558,2.702005,-0.093720,0.369211,2.450072,-0.310882,0.700401,2.429575,-0.479908,0.675619,2.730963,-0.579004,0.713565,2.386292,-0.362052,0.996896,2.736227
1202,-0.300254,0.032266,2.700342,-0.239615,-0.140610,2.756737,-0.249899,-0.359369,2.647951,0.009338,-0.296180,2.252765,0.172644,-0.037617,2.265825,0.064317,0.140745,2.370201,-0.266293,0.292008,2.693513,-0.105947,0.365386,2.447866,-0.351169,0.717605,2.431573,-0.474596,0.608326,2.647961,-0.531724,0.725538,2.386086,-0.407191,0.951560,2.735448
1203,-0.285562,0.030079,2.692475,-0.236406,-0.138457,2.754778,-0.248879,-0.365151,2.646496,0.003291,-0.300443,2.253447,0.169465,-0.042641,2.263840,0.062627,0.142601,2.365487,-0.267697,0.291894,2.689955,-0.101808,0.363895,2.439692,-0.354875,0.721716,2.427811,-0.484380,0.613587,2.651003,-0.503326,0.751496,2.368104,-0.447743,0.936409,2.701287
1204,-0.281347,0.029202,2.682090,-0.238430,-0.160393,2.752192,-0.254949,-0.379806,2.649416,-0.004522,-0.315122,2.253752,0.153344,-0.049765,2.264916,0.070997,0.139938,2.379044,-0.271022,0.279434,2.687843,-0.116076,0.345157,2.431046,-0.352790,0.662115,2.416818,-0.477977,0.617190,2.663943,-0.550389,0.670712,2.359115,-0.435287,0.927890,2.696528
1205,-0.305178,0.041360,2.692281,-0.244161,-0.145098,2.753762,-0.260036,-0.377137,2.650164,-0.002747,-0.323081,2.253034,0.144419,-0.046780,2.262819,0.065171,0.142507,2.369301,-0.269178,0.283251,2.682663,-0.099786,0.339793,2.428438,-0.349629,0.696325,2.423227,-0.485454,0.627206,2.656755,-0.514520,0.734383,2.355325,-0.462537,0.921666,2.683434
1206,-0.304981,0.031500,2.715891,-0.242453,-0.155347,2.758457,-0.254392,-0.384887,2.652988,-0.013562,-0.332234,2.258164,0.144046,-0.043238,2.260007,0.067284,0.139338,2.368820,-0.264754,0.289669,2.681923,-0.098937,0.336292,2.427814,-0.318932,0.677961,2.433891,-0.455503,0.631276,2.663202,-0.558335,0.702313,2.350738,-0.392752,0.968484,2.689414
1207,-0.306376,0.025573,2.697069,-0.245602,-0.159115,2.757385,-0.252881,-0.394350,2.650048,-0.018174,-0.337426,2.255275,0.139822,-0.044646,2.262379,0.066584,0.131882,2.379461,-0.264977,0.275777,2.680587,-0.104649,0.332456,2.426074,-0.352189,0.662061,2.414403,-0.475595,0.666090,2.736864,-0.583722,0.696286,2.359942,-0.414382,0.990970,2.680573
1208,-0.301536,0.019179,2.700506,-0.242803,-0.162472,2.756637,-0.244467,-0.400607,2.651451,-0.025070,-0.345147,2.251912,0.121280,-0.049968,2.256873,0.066436,0.133474,2.381566,-0.264249,0.268220,2.679706,-0.119370,0.324079,2.428797,-0.394504,0.654811,2.434146,-0.454012,0.641609,2.660820,-0.570156,0.687405,2.356592,-0.409575,0.984402,2.692863
1209,-0.291679,0.012624,2.731241,-0.235293,-0.172146,2.754300,-0.249971,-0.407692,2.640834,-0.021778,-0.348675,2.250424,0.127831,-0.044129,2.253379,0.066182,0.140548,2.368285,-0.267801,0.274883,2.685379,-0.103229,0.333918,2.433171,-0.330024,0.681238,2.452125,-0.483281,0.683701,2.737708,-0.564660,0.689400,2.359423,-0.410874,0.974135,2.691032
1210,-0.289490,0.031624,2.703012,-0.254107,-0.179486,2.752969,-0.265022,-0.424954,2.642143,-0.018150,-0.354242,2.239433,0.116907,-0.037828,2.255535,0.059463,0.143632,2.398553,-0.272198,0.255659,2.679276,-0.109607,0.314481,2.428322,-0.356802,0.666146,2.439500,-0.452216,0.633044,2.672624,-0.559264,0.649751,2.340242,-0.397272,0.944205,2.678890
1211,-0.292861,0.019646,2.705052,-0.256269,-0.178115,2.750782,-0.264095,-0.427831,2.638355,-0.025215,-0.361200,2.236773,0.118826,-0.035339,2.242957,0.046749,0.159906,2.381360,-0.271510,0.249485,2.674662,-0.106537,0.302754,2.415856,-0.362461,0.638436,2.418459,-0.483804,0.656410,2.738253,-0.558331,0.646067,2.354467,-0.383400,0.903981,2.671631
1212,-0.275646,0.044873,2.721044,-0.240584,-0.148857,2.747825,-0.262924,-0.429303,2.635026,-0.025088,-0.372167,2.240286,0.115494,-0.036462,2.243613,0.046051,0.165203,2.372643,-0.268935,0.261106,2.683480,-0.102052,0.313720,2.435563,-0.363475,0.640391,2.433801,-0.478894,0.685686,2.720165,-0.557348,0.650878,2.342556,-0.388844,0.888892,2.684215
1213,-0.287279,0.015351,2.712428,-0.240107,-0.185192,2.744046,-0.259649,-0.446243,2.637389,-0.027078,-0.374490,2.243248,0.099696,-0.047413,2.236406,0.049132,0.163517,2.380351,-0.266654,0.248344,2.676624,-0.111924,0.302599,2.424870,-0.373722,0.630173,2.423973,-0.464436,0.647233,2.740826,-0.556959,0.634559,2.341003,-0.402453,0.850154,2.646879
1214,-0.264436,0.019895,2.719035,-0.239717,-0.186994,2.737433,-0.255564,-0.441764,2.634559,-0.031459,-0.377938,2.239489,0.105979,-0.048411,2.240507,0.042125,0.165636,2.377605,-0.266134,0.259507,2.680178,-0.103271,0.311667,2.433966,-0.387305,0.573699,2.425571,-0.470637,0.682483,2.723676,-0.557385,0.672004,2.372407,-0.395007,0.935316,2.694154
1215,-0.274168,-0.013349,2.714453,-0.245585,-0.190839,2.735696,-0.262488,-0.444662,2.629898,-0.023798,-0.389463,2.238442,0.095855,-0.057706,2.238160,0.041700,0.167252,2.373942,-0.270976,0.254088,2.677806,-0.097697,0.308778,2.429396,-0.363591,0.580099,2.423740,-0.450066,0.537984,2.656947,-0.502451,0.664837,2.342942,-0.402475,0.828228,2.634047
1216,-0.249863,-0.017775,2.718204,-0.244502,-0.207599,2.744532,-0.258049,-0.465804,2.624022,-0.027354,-0.398523,2.234892,0.089952,-0.066712,2.234565,0.041057,0.169621,2.365135,-0.263648,0.241592,2.670705,-0.093185,0.299354,2.418631,-0.373616,0.639419,2.429157,-0.476877,0.643589,2.736810,-0.525713,0.622500,2.332959,-0.413923,0.784420,2.661225
1217,-0.243326,-0.008365,2.722100,-0.248397,-0.214519,2.741120,-0.263173,-0.481827,2.621389,-0.023025,-0.400907,2.239546,0.085345,-0.073037,2.238284,0.042972,0.169464,2.351026,-0.267461,0.236249,2.669138,-0.111469,0.294469,2.418968,-0.404090,0.644569,2.438019,-0.464326,0.687897,2.711244,-0.549422,0.659008,2.356430,-0.422762,0.913490,2.702231
1218,-0.296143,-0.009048,2.733807,-0.257058,-0.214566,2.735418,-0.262228,-0.488173,2.617769,-0.017353,-0.410768,2.234172,0.087195,-0.069241,2.233860,0.046532,0.166886,2.338602,-0.272158,0.221808,2.662637,-0.109434,0.281511,2.414429,-0.376035,0.656718,2.436979,-0.468650,0.670961,2.699086,-0.533066,0.672126,2.360564,-0.413152,0.919719,2.691100
1219,-0.260416,-0.006675,2.727383,-0.255021,-0.236846,2.730908,-0.265074,-0.503923,2.617382,-0.008578,-0.417894,2.231853,0.088589,-0.076378,2.230549,0.041219,0.159335,2.339292,-0.262518,0.224292,2.660119,-0.078049,0.281358,2.404549,-0.286317,0.619247,2.425360,-0.474411,0.678232,2.703445,-0.484924,0.640880,2.352961,-0.347117,0.793595,2.659041
1220,-0.267152,-0.042936,2.724764,-0.257134,-0.235581,2.721881,-0.260328,-0.513288,2.611259,-0.004415,-0.422903,2.223034,0.085921,-0.068397,2.223702,0.036878,0.161253,2.343514,-0.261647,0.224165,2.659872,-0.078658,0.285578,2.405669,-0.314020,0.645031,2.433674,-0.465321,0.676141,2.698493,-0.552509,0.667409,2.377484,-0.410932,0.847084,2.668947
1221,-0.275479,-0.063702,2.734409,-0.261482,-0.253088,2.716028,-0.261363,-0.528617,2.607616,-0.004514,-0.440314,2.223791,0.084292,-0.085089,2.225283,0.042377,0.167070,2.328830,-0.264598,0.206546,2.654905,-0.090110,0.264974,2.400215,-0.314672,0.621733,2.429915,-0.451095,0.675472,2.709585,-0.544829,0.748994,2.407314,-0.346750,0.952730,2.716274
1222,-0.256589,0.009761,2.743514,-0.241580,-0.238327,2.711178,-0.263291,-0.536143,2.599706,-0.002441,-0.450728,2.224140,0.070685,-0.088822,2.238135,0.042771,0.162946,2.331234,-0.269201,0.213196,2.647129,-0.112545,0.263123,2.398966,-0.412645,0.664140,2.449821,-0.392420,0.626160,2.684263,-0.587935,0.874309,2.462214,-0.346837,1.102330,2.764908
1223,-0.244572,-0.048055,2.732390,-0.239336,-0.263534,2.707560,-0.264577,-0.547461,2.596793,0.000789,-0.461760,2.217286,0.068865,-0.098137,2.233889,0.044163,0.163928,2.324298,-0.274201,0.222181,2.647350,-0.105963,0.275878,2.397484,-0.385541,0.704292,2.446919,-0.443681,0.650984,2.680676,-0.526478,0.968965,2.466804,-0.367985,1.165161,2.776182
1224,-0.260991,-0.017691,2.739172,-0.246910,-0.258625,2.706635,-0.259801,-0.555350,2.593222,0.002279,-0.474108,2.212650,0.071567,-0.098726,2.238982,0.026969,0.178913,2.321169,-0.279789,0.216824,2.641299,-0.117909,0.275981,2.395297,-0.351953,0.704083,2.455505,-0.445124,0.713537,2.682518,-0.563390,0.927152,2.476341,-0.389277,1.138298,2.747338
1225,-0.272638,-0.046250,2.731200,-0.248979,-0.260468,2.705141,-0.251030,-0.580321,2.590215,0.001339,-0.491929,2.209069,0.066421,-0.109074,2.249427,0.032762,0.176295,2.332916,-0.280480,0.222637,2.639022,-0.125898,0.280011,2.395558,-0.325190,0.718772,2.467268,-0.462332,0.709026,2.684201,-0.511935,1.022841,2.521680,-0.466578,1.116704,2.742823
1226,-0.293451,-0.204996,2.711009,-0.270306,-0.317991,2.695440,-0.242382,-0.580353,2.589329,0.007856,-0.496298,2.201050,0.068241,-0.106169,2.228798,0.034389,0.178035,2.330362,-0.278212,0.232835,2.645696,-0.111603,0.290861,2.395289,-0.311061,0.763509,2.468960,-0.478860,0.721800,2.682364,-0.442554,1.102817,2.538348,-0.516998,1.100256,2.750631
1227,-0.299163,-0.243101,2.705113,-0.277434,-0.339291,2.691477,-0.249819,-0.584753,2.591048,0.015468,-0.497409,2.202810,0.076100,-0.113954,2.229123,0.040300,0.176732,2.327321,-0.287860,0.226794,2.643035,-0.113681,0.291308,2.393793,-0.286483,0.757684,2.474124,-0.480674,0.730524,2.688266,-0.459807,1.102058,2.542615,-0.535616,1.111883,2.745328
1228,-0.299822,-0.325536,2.693719,-0.280704,-0.366682,2.678408,-0.242561,-0.594550,2.587540,0.020522,-0.497140,2.197652,0.077409,-0.108191,2.244454,0.039429,0.175349,2.331283,-0.285918,0.220671,2.644531,-0.116839,0.286017,2.392639,-0.285316,0.778686,2.474457,-0.486184,0.732399,2.690351,-0.411278,1.159686,2.549817,-0.513561,1.150498,2.751118
1229,-0.287009,-0.006450,2.723349,-0.249554,-0.237718,2.700683,-0.245531,-0.593622,2.588601,0.025357,-0.499519,2.198719,0.076938,-0.108550,2.233527,0.037847,0.166250,2.318348,-0.295510,0.212734,2.647497,-0.113113,0.282689,2.394020,-0.296155,0.774361,2.460871,-0.499703,0.718021,2.693733,-0.390802,1.166996,2.544348,-0.563213,1.144717,2.758778
1230,-0.272368,-0.024792,2.722811,-0.246463,-0.253277,2.689156,-0.245285,-0.599377,2.585217,0.029670,-0.499486,2.193883,0.076177,-0.102598,2.227000,0.041386,0.158244,2.325798,-0.286843,0.223574,2.649049,-0.094788,0.283887,2.388716,-0.275939,0.765555,2.464154,-0.486916,0.731420,2.687051,-0.386340,1.094513,2.527219,-0.507356,1.087025,2.721774
1231,-0.268629,-0.082819,2.712811,-0.253383,-0.271896,2.689384,-0.252211,-0.600690,2.586356,0.030100,-0.500622,2.192629,0.072095,-0.103301,2.230278,0.040029,0.156623,2.324667,-0.292995,0.216243,2.643809,-0.094098,0.281990,2.383922,-0.256294,0.762681,2.465330,-0.483554,0.635708,2.652826,-0.374683,1.082958,2.501442,-0.532270,1.074479,2.710593
1232,-0.272006,-0.107541,2.716496,-0.263679,-0.289354,2.693276,-0.255852,-0.607628,2.585961,0.031215,-0.505255,2.194991,0.075356,-0.098065,2.228778,0.046274,0.155150,2.309106,-0.288655,0.199310,2.641100,-0.095181,0.267465,2.383640,-0.304183,0.718851,2.464962,-0.478552,0.697111,2.683990,-0.441553,1.028661,2.482351,-0.536199,1.059781,2.716343
1233,-0.295471,-0.008004,2.732391,-0.277342,-0.277535,2.698978,-0.260800,-0.614055,2.585263,0.038246,-0.509633,2.195131,0.078227,-0.095965,2.230298,0.044975,0.167510,2.316620,-0.292679,0.201145,2.643451,-0.098785,0.264837,2.387881,-0.296045,0.729612,2.457265,-0.493434,0.722388,2.681569,-0.420986,1.065012,2.489354,-0.550432,1.073152,2.711227
1234,-0.269500,0.041759,2.742820,-0.280688,-0.250475,2.702950,-0.262306,-0.614757,2.582186,0.040186,-0.510107,2.195780,0.071693,-0.094381,2.234560,0.043229,0.172130,2.321039,-0.288559,0.201820,2.647491,-0.089008,0.263146,2.384008,-0.271904,0.737289,2.463539,-0.487010,0.730284,2.688549,-0.367573,1.033975,2.447583,-0.517641,1.055191,2.694039
1235,-0.292275,0.005486,2.739621,-0.282726,-0.267629,2.699541,-0.263570,-0.614908,2.586504,0.038380,-0.510198,2.197845,0.060320,-0.096426,2.233587,0.044928,0.173982,2.320327,-0.298319,0.209199,2.650079,-0.091097,0.265145,2.386685,-0.272811,0.742541,2.452298,-0.503560,0.727663,2.684077,-0.348770,1.071807,2.480072,-0.529412,1.066255,2.698803
1236,-0.311329,0.059636,2.737723,-0.282175,-0.249895,2.705962,-0.260355,-0.608499,2.588709,0.039150,-0.513814,2.195675,0.054839,-0.104103,2.235281,0.041454,0.176212,2.326826,-0.299472,0.207035,2.649003,-0.091279,0.269217,2.386004,-0.250536,0.690660,2.414414,-0.486338,0.650977,2.662275,-0.366461,1.068564,2.443119,-0.540670,1.092292,2.704088
1237,-0.290476,0.057929,2.738341,-0.278995,-0.248679,2.710382,-0.257435,-0.603025,2.593580,0.040751,-0.513838,2.197160,0.058726,-0.102974,2.227760,0.039497,0.177595,2.326384,-0.295156,0.210161,2.652871,-0.089274,0.274806,2.391938,-0.271028,0.742724,2.472880,-0.483678,0.641506,2.664228,-0.393308,1.076432,2.479629,-0.541385,1.103400,2.717040
1238,-0.305158,0.068809,2.726589,-0.271603,-0.239261,2.713889,-0.260594,-0.607289,2.597350,0.042316,-0.516281,2.198133,0.059010,-0.102253,2.233901,0.036479,0.179235,2.342300,-0.286944,0.203936,2.657951,-0.089722,0.267187,2.388009,-0.246634,0.763528,2.453852,-0.476235,0.638341,2.680234,-0.350534,1.072788,2.462140,-0.505508,1.088737,2.707593
1239,-0.280706,0.008298,2.721387,-0.280411,-0.253348,2.719392,-0.262394,-0.612197,2.596853,0.044979,-0.513799,2.198048,0.067101,-0.100529,2.234242,0.048093,0.179741,2.339650,-0.290448,0.201616,2.653716,-0.090258,0.269038,2.386026,-0.275049,0.741718,2.449388,-0.499261,0.642639,2.668967,-0.372658,1.097009,2.480917,-0.537706,1.106504,2.713575
1240,-0.286339,0.026947,2.732110,-0.286228,-0.255941,2.713770,-0.262267,-0.612415,2.597176,0.045622,-0.513285,2.199463,0.065517,-0.099742,2.238338,0.040799,0.177350,2.339472,-0.290330,0.201394,2.656425,-0.089118,0.269066,2.386680,-0.300128,0.730173,2.448804,-0.492133,0.647337,2.662378,-0.391319,1.107535,2.477611,-0.558748,1.112594,2.710538
1241,-0.288031,0.001711,2.734714,-0.284845,-0.260950,2.720015,-0.257526,-0.610528,2.599164,0.047582,-0.511903,2.197067,0.066339,-0.099649,2.244434,0.043551,0.179263,2.336078,-0.286770,0.203482,2.656550,-0.084940,0.266785,2.388180,-0.279265,0.746522,2.458357,-0.513974,0.720531,2.700301,-0.388640,1.127075,2.504817,-0.551705,1.129076,2.736803
1242,-0.302696,0.051404,2.733572,-0.297587,-0.246621,2.710800,-0.261497,-0.608552,2.600029,0.047450,-0.514976,2.197962,0.071723,-0.105815,2.244206,0.032732,0.184250,2.334945,-0.297598,0.210250,2.659117,-0.099577,0.273724,2.388619,-0.263330,0.751978,2.456745,-0.499110,0.664492,2.680964,-0.366061,1.129219,2.500535,-0.555271,1.115936,2.716732
1243,-0.308603,0.025200,2.733571,-0.283099,-0.280579,2.706903,-0.258357,-0.613751,2.597693,0.047894,-0.517668,2.198587,0.065359,-0.114608,2.242975,0.035698,0.176480,2.323917,-0.298207,0.208348,2.658276,-0.093211,0.275250,2.390562,-0.276270,0.766047,2.462889,-0.510085,0.660081,2.676197,-0.385490,1.158193,2.508500,-0.559061,1.155782,2.735295
1244,-0.299594,0.022787,2.726220,-0.281007,-0.258317,2.726218,-0.250888,-0.608341,2.607220,0.043785,-0.518200,2.196463,0.061372,-0.098942,2.241646,0.045272,0.173408,2.336564,-0.293938,0.217818,2.662966,-0.089893,0.276394,2.392539,-0.240505,0.762062,2.446903,-0.507903,0.738508,2.704004,-0.333929,1.157467,2.483472,-0.513334,1.151607,2.731756
1245,-0.283611,0.002509,2.732642,-0.287257,-0.260386,2.725785,-0.262361,-0.613256,2.604863,0.047437,-0.518070,2.193495,0.060614,-0.095178,2.238317,0.046853,0.175071,2.337224,-0.297144,0.216988,2.662423,-0.085102,0.278237,2.390447,-0.251710,0.755827,2.438217,-0.496898,0.671324,2.666751,-0.353929,1.129140,2.463269,-0.533560,1.136381,2.714223
1246,-0.291523,-0.036950,2.727263,-0.316716,-0.298408,2.718937,-0.261512,-0.611036,2.602465,0.043624,-0.517036,2.192363,0.051869,-0.097195,2.240538,0.042214,0.177558,2.331813,-0.293755,0.223176,2.657452,-0.088148,0.283025,2.388275,-0.237555,0.787654,2.455653,-0.499350,0.743869,2.700370,-0.335236,1.151151,2.485742,-0.513984,1.165010,2.723014
1247,-0.302212,0.019867,2.734601,-0.298318,-0.282080,2.720880,-0.259772,-0.606358,2.605000,0.044946,-0.515822,2.193487,0.065749,-0.092803,2.238666,0.046635,0.184465,2.331107,-0.291271,0.213877,2.658986,-0.085201,0.274379,2.390371,-0.238846,0.757080,2.438442,-0.506140,0.733023,2.694738,-0.357272,1.118492,2.468193,-0.530147,1.140040,2.714836
1248,-0.286510,0.027425,2.730206,-0.302847,-0.261827,2.727289,-0.254649,-0.605514,2.607651,0.043673,-0.511644,2.194986,0.058241,-0.091177,2.242685,0.040004,0.194906,2.347043,-0.290390,0.212101,2.658227,-0.088562,0.271412,2.392562,-0.246371,0.751578,2.456511,-0.496269,0.729662,2.692314,-0.342216,1.138069,2.485626,-0.514799,1.150507,2.713749
1249,-0.294909,0.027689,2.736021,-0.302905,-0.261656,2.725010,-0.255359,-0.608214,2.609467,0.043756,-0.508919,2.194024,0.056474,-0.089411,2.244999,0.040661,0.207230,2.351501,-0.292498,0.213246,2.657285,-0.088328,0.269925,2.391291,-0.234797,0.703300,2.424573,-0.506140,0.729697,2.691826,-0.345668,1.135940,2.486001,-0.521734,1.142419,2.705950
1250,-0.286789,0.033163,2.733051,-0.299103,-0.240906,2.715078,-0.269738,-0.616537,2.603846,0.042218,-0.505187,2.191950,0.059554,-0.074688,2.250218,0.036145,0.209782,2.359752,-0.298234,0.209849,2.653948,-0.085382,0.264718,2.385044,-0.257442,0.741951,2.448905,-0.496095,0.654656,2.664540,-0.356106,1.138838,2.475406,-0.525116,1.138017,2.695704
1251,-0.293123,0.073620,2.731199,-0.286537,-0.229586,2.714665,-0.268001,-0.609801,2.601437,0.035065,-0.507286,2.196216,0.055403,-0.080188,2.256813,0.026812,0.203581,2.371473,-0.290933,0.219380,2.661593,-0.085872,0.270326,2.385050,-0.237445,0.778395,2.458139,-0.493268,0.644030,2.686661,-0.328683,1.163862,2.498502,-0.495535,1.143315,2.720876
1252,-0.311029,0.111433,2.729229,-0.270815,-0.215744,2.717286,-0.262227,-0.603730,2.607722,0.030934,-0.508602,2.195241,0.058370,-0.080002,2.254047,0.025065,0.200769,2.356295,-0.291698,0.220396,2.661038,-0.090700,0.276012,2.388031,-0.242916,0.780602,2.450832,-0.494323,0.655589,2.674220,-0.340299,1.164144,2.497817,-0.508714,1.145343,2.714387
1253,-0.288767,0.028525,2.723716,-0.267839,-0.245290,2.716296,-0.270736,-0.610513,2.609930,0.026314,-0.501719,2.198761,0.049492,-0.082766,2.238818,0.024149,0.197138,2.344367,-0.294884,0.212371,2.657098,-0.104054,0.270742,2.387118,-0.285436,0.747664,2.448861,-0.506734,0.728315,2.702794,-0.340464,1.150532,2.478446,-0.517546,1.135147,2.725882
1254,-0.325086,-0.038312,2.726655,-0.299748,-0.298751,2.711743,-0.275192,-0.608796,2.603468,0.020127,-0.502406,2.200984,0.052005,-0.094385,2.237648,0.036884,0.191409,2.338587,-0.304682,0.215709,2.659515,-0.102207,0.271858,2.390585,-0.276136,0.751238,2.438370,-0.491841,0.670107,2.666816,-0.351380,1.162102,2.489424,-0.520827,1.159615,2.708358
1255,-0.329679,0.042403,2.731115,-0.279777,-0.256575,2.723895,-0.270199,-0.598914,2.606625,0.021083,-0.502863,2.203294,0.056939,-0.084171,2.232860,0.040876,0.202890,2.335316,-0.303202,0.217998,2.655836,-0.105620,0.272138,2.393530,-0.282192,0.752522,2.433894,-0.504257,0.649795,2.661322,-0.342772,1.135319,2.443766,-0.516670,1.141028,2.698556
1256,-0.314380,0.016010,2.730549,-0.291512,-0.257431,2.716963,-0.275461,-0.606017,2.603132,0.021073,-0.504748,2.201794,0.053328,-0.090645,2.228017,0.041124,0.196078,2.332978,-0.306423,0.220886,2.652365,-0.104196,0.278258,2.388795,-0.247979,0.749663,2.409759,-0.496525,0.663177,2.666952,-0.337687,1.139255,2.460515,-0.510326,1.158004,2.710078
1257,-0.288741,0.032971,2.741852,-0.267141,-0.238857,2.727350,-0.263571,-0.595754,2.610532,0.016249,-0.498463,2.202310,0.055697,-0.081661,2.232359,0.026737,0.196082,2.333370,-0.305164,0.233158,2.659005,-0.120654,0.286041,2.394192,-0.314735,0.703866,2.410463,-0.523712,0.729052,2.696057,-0.355864,1.147758,2.468168,-0.520775,1.145997,2.709080
1258,-0.276131,-0.038450,2.729500,-0.268862,-0.259747,2.724133,-0.272539,-0.602840,2.606143,0.015043,-0.495873,2.200943,0.044426,-0.089668,2.226385,0.041580,0.194606,2.335511,-0.298432,0.224169,2.655822,-0.108035,0.280889,2.388821,-0.294849,0.748555,2.446406,-0.499522,0.734134,2.698812,-0.375527,1.141122,2.480192,-0.487850,1.164342,2.737568
1259,-0.226983,0.055390,2.739815,-0.221312,-0.225255,2.727232,-0.224441,-0.589001,2.613444,0.002517,-0.487363,2.198429,0.052213,-0.073969,2.233008,0.020657,0.196522,2.332788,-0.285211,0.242523,2.666516,-0.124787,0.294641,2.393030,-0.328579,0.770248,2.442197,-0.514459,0.724608,2.696891,-0.381615,1.159424,2.494168,-0.518861,1.139734,2.716348
1260,-0.257547,0.022163,2.732587,-0.246987,-0.230776,2.734218,-0.255835,-0.578653,2.613015,0.005737,-0.488242,2.206754,0.058534,-0.085849,2.219184,0.031150,0.174859,2.333560,-0.294123,0.232659,2.658288,-0.120981,0.289912,2.393170,-0.291455,0.756129,2.437229,-0.509586,0.712890,2.687621,-0.344394,1.106518,2.462989,-0.498244,1.094561,2.717483
1261,-0.254727,0.029893,2.734588,-0.245104,-0.222345,2.732244,-0.250333,-0.570423,2.614870,-0.005785,-0.480039,2.202312,0.049815,-0.094544,2.212639,0.028199,0.153692,2.324269,-0.299125,0.248590,2.657628,-0.133660,0.298632,2.390266,-0.326112,0.739968,2.410117,-0.523111,0.720802,2.705933,-0.359717,1.123151,2.474060,-0.517253,1.111908,2.723229
1262,-0.300263,0.001615,2.720693,-0.246556,-0.246020,2.718912,-0.252159,-0.573692,2.609238,-0.001295,-0.481055,2.205426,0.059913,-0.099789,2.214483,0.042019,0.149961,2.324944,-0.299658,0.235816,2.656374,-0.129781,0.293147,2.392294,-0.297898,0.750575,2.418236,-0.538244,0.706268,2.699762,-0.350923,1.132114,2.479205,-0.530659,1.110890,2.725515
1263,-0.287836,-0.079074,2.713505,-0.251855,-0.253284,2.719003,-0.256051,-0.563236,2.610753,-0.004465,-0.471355,2.210222,0.062145,-0.094264,2.207376,0.053366,0.152741,2.323061,-0.296558,0.230492,2.657776,-0.122565,0.290241,2.394929,-0.319662,0.719987,2.387623,-0.527225,0.622708,2.678482,-0.384644,1.078394,2.434309,-0.539764,1.075483,2.715697
1264,-0.292507,-0.106059,2.710549,-0.294654,-0.256584,2.728148,-0.271645,-0.549086,2.613442,-0.006001,-0.452457,2.212146,0.064321,-0.079946,2.203009,0.047127,0.154661,2.316272,-0.309661,0.253066,2.661717,-0.130330,0.309075,2.399849,-0.314136,0.743744,2.397257,-0.576695,0.682475,2.712334,-0.385559,1.150323,2.509612,-0.604119,1.082353,2.755017
1265,-0.277631,-0.048458,2.730239,-0.281089,-0.219500,2.724066,-0.266204,-0.527070,2.618811,-0.009111,-0.447669,2.215384,0.076570,-0.073421,2.207197,0.037598,0.163036,2.312827,-0.315607,0.263344,2.661362,-0.133458,0.320787,2.404149,-0.303658,0.705096,2.396862,-0.578145,0.688647,2.698690,-0.329692,1.164981,2.488946,-0.589545,1.071297,2.743227
1266,-0.291569,-0.060300,2.731780,-0.289979,-0.252935,2.723615,-0.278087,-0.534033,2.613575,-0.007562,-0.450305,2.219761,0.073787,-0.088198,2.214780,0.051408,0.151870,2.318749,-0.312084,0.256775,2.657063,-0.127448,0.318334,2.404716,-0.342243,0.738294,2.394950,-0.582815,0.681286,2.697947,-0.337946,1.185255,2.498147,-0.595112,1.093929,2.752653
1267,-0.289323,-0.051784,2.732408,-0.283111,-0.248294,2.729318,-0.272240,-0.515966,2.613020,-0.012779,-0.440618,2.221353,0.077291,-0.091297,2.211155,0.048169,0.149100,2.308750,-0.309714,0.270362,2.660854,-0.124938,0.326642,2.401747,-0.321759,0.750294,2.388404,-0.587200,0.675747,2.674505,-0.332726,1.182749,2.475441,-0.611146,1.075099,2.718447
1268,-0.294342,-0.092311,2.723523,-0.280031,-0.234021,2.736429,-0.272383,-0.510525,2.616341,-0.010049,-0.428651,2.220523,0.075250,-0.079030,2.205980,0.051501,0.159383,2.326501,-0.312553,0.281831,2.661006,-0.128525,0.334645,2.399790,-0.331511,0.766670,2.415431,-0.581132,0.686517,2.667100,-0.335379,1.205346,2.488386,-0.586837,1.101541,2.707961
1269,-0.310406,-0.091396,2.717611,-0.292399,-0.200515,2.784376,-0.272996,-0.465192,2.629414,-0.011822,-0.395943,2.222065,0.072974,-0.071270,2.210856,0.044041,0.156713,2.331523,-0.307656,0.315606,2.684436,-0.120626,0.363217,2.415368,-0.293727,0.794214,2.410961,-0.574501,0.629191,2.669353,-0.351064,1.156420,2.452672,-0.555859,1.109618,2.715042
1270,-0.281467,0.090376,2.731480,-0.284340,-0.162143,2.778412,-0.279600,-0.443305,2.639394,-0.010232,-0.352496,2.226234,0.081499,-0.054689,2.212553,0.049611,0.159890,2.310841,-0.318385,0.332051,2.688408,-0.132497,0.394710,2.416224,-0.298650,0.811812,2.461910,-0.596166,0.704429,2.689941,-0.356978,1.166713,2.513175,-0.584560,1.122930,2.744026
1271,-0.292005,0.012574,2.736783,-0.280826,-0.177814,2.780990,-0.277116,-0.415146,2.649324,-0.022267,-0.319229,2.237340,0.083722,-0.040619,2.217676,0.059606,0.143769,2.298928,-0.317278,0.350705,2.688844,-0.141362,0.406353,2.418849,-0.336370,0.769889,2.431314,-0.583654,0.709499,2.675074,-0.431249,1.085597,2.456987,-0.555814,1.119615,2.721011
1272,-0.307524,-0.018046,2.719209,-0.302625,-0.196779,2.781967,-0.280405,-0.378631,2.658421,-0.023297,-0.297742,2.234691,0.089989,-0.028191,2.214983,0.054672,0.145686,2.361581,-0.302558,0.353612,2.695143,-0.126882,0.411364,2.422296,-0.340376,0.759834,2.425849,-0.603066,0.699304,2.693001,-0.432593,1.085566,2.472245,-0.622411,1.112180,2.739222
1273,-0.289285,0.059511,2.696849,-0.291414,-0.165821,2.759281,-0.291024,-0.358840,2.661026,-0.021071,-0.274955,2.221923,0.113167,-0.028146,2.220672,0.045190,0.156045,2.356880,-0.304814,0.339158,2.696231,-0.124893,0.403243,2.426615,-0.317712,0.742348,2.438593,-0.590664,0.673966,2.679662,-0.413846,1.068175,2.471939,-0.624831,1.046739,2.701624
1274,-0.318281,0.018750,2.719077,-0.279576,-0.186550,2.772160,-0.280946,-0.351911,2.667121,-0.029569,-0.263567,2.226524,0.122373,-0.043021,2.240692,0.051757,0.152565,2.356693,-0.299888,0.338823,2.693738,-0.132764,0.395203,2.426635,-0.427393,0.652609,2.375223,-0.579655,0.630458,2.667918,-0.528926,0.952597,2.419368,-0.592531,1.018173,2.672622
1275,-0.326766,0.062462,2.699268,-0.295012,-0.151653,2.743026,-0.294243,-0.322071,2.663600,-0.029802,-0.254404,2.228165,0.146085,-0.051247,2.240912,0.052131,0.140484,2.336601,-0.296089,0.337082,2.681415,-0.129322,0.391141,2.408333,-0.353079,0.693231,2.373323,-0.582784,0.637770,2.674402,-0.516976,0.891769,2.369569,-0.605228,0.979328,2.644834
1276,-0.330357,0.031568,2.682673,-0.326704,-0.155391,2.733130,-0.294171,-0.318448,2.658072,-0.032457,-0.241539,2.228148,0.161907,-0.053104,2.245486,0.064607,0.131591,2.337030,-0.296040,0.334027,2.686978,-0.127125,0.396065,2.416591,-0.348581,0.706263,2.358374,-0.582948,0.589663,2.668403,-0.486158,0.819212,2.335217,-0.601795,0.940738,2.643187
1277,-0.313325,0.022239,2.692383,-0.315224,-0.186920,2.718743,-0.294556,-0.321157,2.652205,-0.024494,-0.240782,2.231929,0.167246,-0.063569,2.264019,0.061301,0.119567,2.336398,-0.295994,0.319143,2.684539,-0.124546,0.392276,2.417642,-0.412863,0.652643,2.357647,-0.585220,0.641835,2.690177,-0.504215,0.772875,2.335969,-0.602946,0.885993,2.637715
1278,-0.337599,-0.026108,2.690924,-0.311752,-0.205586,2.714368,-0.280395,-0.328302,2.651262,-0.020743,-0.234280,2.228408,0.175501,-0.067193,2.275456,0.071494,0.130884,2.365934,-0.280718,0.319745,2.690903,-0.118108,0.395098,2.426400,-0.330656,0.695598,2.399951,-0.578273,0.637805,2.702969,-0.481395,0.700023,2.323288,-0.571488,0.825682,2.598414
1279,-0.315623,0.003468,2.688094,-0.261964,-0.180403,2.713960,-0.264249,-0.330838,2.658475,-0.010058,-0.237405,2.230835,0.173961,-0.068170,2.268420,0.073375,0.134893,2.372258,-0.269334,0.312779,2.698901,-0.115930,0.394503,2.420896,-0.410666,0.653127,2.381938,-0.554103,0.632901,2.713235,-0.508365,0.647906,2.313443,-0.565898,0.812195,2.607115
1280,-0.311594,-0.005752,2.703988,-0.257558,-0.180707,2.721322,-0.253099,-0.332818,2.654716,-0.013953,-0.233931,2.233273,0.168997,-0.069324,2.293092,0.067829,0.129746,2.348927,-0.269550,0.326449,2.699180,-0.118391,0.397512,2.434658,-0.359963,0.662611,2.401042,-0.562616,0.656789,2.708762,-0.517841,0.737172,2.328566,-0.598574,0.815983,2.609257
1281,-0.317773,-0.022984,2.701546,-0.234089,-0.222237,2.714908,-0.254494,-0.336556,2.648051,-0.014339,-0.231321,2.240337,0.170189,-0.075074,2.266509,0.083513,0.112141,2.344864,-0.273890,0.319609,2.694995,-0.131685,0.398277,2.433199,-0.438463,0.646022,2.377899,-0.561161,0.647961,2.705839,-0.532057,0.695740,2.327375,-0.583020,0.872260,2.630913
1282,-0.311188,-0.016130,2.700636,-0.247312,-0.213768,2.714338,-0.245802,-0.339216,2.650202,-0.016125,-0.229421,2.245062,0.177146,-0.084433,2.257566,0.082206,0.105071,2.346873,-0.274585,0.322221,2.695434,-0.126657,0.401405,2.437052,-0.441060,0.650852,2.385534,-0.538696,0.557449,2.663529,-0.502609,0.717812,2.338468,-0.586412,0.868298,2.603496
1283,-0.300450,-0.016174,2.712688,-0.248060,-0.212142,2.725371,-0.246671,-0.339495,2.646872,-0.016186,-0.232437,2.248071,0.176886,-0.091615,2.273301,0.079618,0.095768,2.356538,-0.270937,0.319450,2.695621,-0.125830,0.399523,2.440556,-0.363144,0.664762,2.399489,-0.560557,0.634246,2.704626,-0.498103,0.754803,2.334165,-0.599480,0.875497,2.628707
1284,-0.287086,-0.014636,2.685347,-0.231411,-0.207950,2.722665,-0.236874,-0.343732,2.658717,-0.022981,-0.230033,2.246886,0.171057,-0.088722,2.274814,0.076832,0.098734,2.379392,-0.272853,0.316367,2.692065,-0.139334,0.391962,2.432369,-0.447002,0.610047,2.365334,-0.548539,0.605335,2.705223,-0.528427,0.734340,2.341895,-0.589440,0.869484,2.633103
1285,-0.241649,0.002954,2.688601,-0.205977,-0.183750,2.718029,-0.236902,-0.340745,2.661577,-0.018215,-0.234388,2.249814,0.169320,-0.077063,2.299052,0.076805,0.097186,2.406133,-0.270966,0.328091,2.694297,-0.132299,0.395589,2.436267,-0.452956,0.643453,2.395787,-0.553337,0.621759,2.717779,-0.489172,0.728916,2.333421,-0.568623,0.807787,2.599421
1286,-0.314590,-0.005692,2.676604,-0.248490,-0.171733,2.730621,-0.247247,-0.333697,2.664221,-0.015927,-0.235064,2.249533,0.166824,-0.073026,2.284289,0.071290,0.101100,2.421638,-0.265227,0.326644,2.701488,-0.132784,0.398084,2.437539,-0.448397,0.622874,2.368419,-0.528434,0.629613,2.734097,-0.539513,0.674552,2.316313,-0.553771,0.867486,2.644802
1287,-0.234701,0.005194,2.687703,-0.224719,-0.182332,2.725289,-0.253141,-0.336847,2.657048,-0.017875,-0.239944,2.244185,0.164275,-0.078109,2.273798,0.077736,0.103749,2.398471,-0.272949,0.313996,2.693144,-0.129155,0.381311,2.432565,-0.420421,0.632276,2.393636,-0.532376,0.608899,2.718421,-0.518478,0.762279,2.340583,-0.583474,0.825119,2.625670
1288,-0.234321,0.040398,2.704722,-0.219442,-0.162443,2.730287,-0.255589,-0.331272,2.664041,-0.008005,-0.242983,2.251063,0.157193,-0.078840,2.273701,0.073224,0.103300,2.371565,-0.275945,0.319548,2.695958,-0.125405,0.380318,2.435698,-0.442219,0.626359,2.378549,-0.530541,0.635550,2.724576,-0.528833,0.666864,2.318853,-0.569400,0.862563,2.627924
1289,-0.280325,0.017236,2.700351,-0.239440,-0.182484,2.730061,-0.254181,-0.337405,2.655658,-0.008090,-0.240578,2.251372,0.161017,-0.071807,2.275681,0.075555,0.103781,2.378525,-0.274734,0.315693,2.694618,-0.129024,0.383318,2.438187,-0.463903,0.623581,2.378198,-0.524681,0.635078,2.715720,-0.555249,0.640901,2.329238,-0.557411,0.893743,2.643857
1290,-0.313609,-0.012078,2.698003,-0.244650,-0.184676,2.722042,-0.238771,-0.339413,2.650722,-0.010237,-0.240264,2.252707,0.176303,-0.074307,2.282509,0.079089,0.100291,2.412167,-0.271739,0.316921,2.685934,-0.127191,0.388228,2.432626,-0.459722,0.631425,2.375808,-0.540613,0.620176,2.703969,-0.518655,0.674542,2.340863,-0.584097,0.864321,2.643024
1291,-0.318425,-0.016188,2.695240,-0.243490,-0.193011,2.719744,-0.242063,-0.340450,2.657822,-0.012370,-0.241409,2.255425,0.170978,-0.077775,2.266715,0.077186,0.076076,2.387830,-0.268318,0.320747,2.693026,-0.133325,0.385091,2.437328,-0.462162,0.622769,2.377176,-0.521746,0.628174,2.718850,-0.542323,0.689551,2.327747,-0.538954,0.895776,2.650170
1292,-0.281457,0.023003,2.690959,-0.248317,-0.175615,2.722612,-0.250736,-0.336053,2.657375,-0.006113,-0.237446,2.251845,0.170436,-0.076859,2.283312,0.070038,0.089312,2.412301,-0.270590,0.315033,2.690158,-0.123196,0.381726,2.434438,-0.470237,0.621619,2.376796,-0.527420,0.637783,2.714247,-0.512158,0.635098,2.338006,-0.556295,0.914100,2.656247
1293,-0.296036,0.025761,2.683131,-0.254461,-0.160840,2.720130,-0.248005,-0.335743,2.658104,-0.004190,-0.236676,2.248297,0.170761,-0.065478,2.284871,0.070381,0.111984,2.407367,-0.268758,0.321294,2.695344,-0.120186,0.387157,2.432851,-0.451396,0.635144,2.377561,-0.542411,0.620264,2.721909,-0.498166,0.716237,2.338017,-0.588116,0.847576,2.621650
1294,-0.306940,0.013513,2.686429,-0.254078,-0.161978,2.719998,-0.247670,-0.333256,2.657138,-0.007902,-0.236655,2.249661,0.167486,-0.063596,2.298078,0.070652,0.118375,2.400851,-0.263955,0.331161,2.703640,-0.118868,0.393891,2.443821,-0.457624,0.624210,2.383981,-0.523768,0.645063,2.713680,-0.542316,0.682210,2.337720,-0.539617,0.897003,2.628686
1295,-0.287304,0.025441,2.698222,-0.245108,-0.158834,2.712799,-0.250943,-0.345663,2.662373,-0.011776,-0.236662,2.249958,0.161381,-0.064798,2.288559,0.074680,0.125463,2.372855,-0.270333,0.314092,2.693063,-0.125791,0.388420,2.431990,-0.438787,0.635906,2.382978,-0.531739,0.611371,2.723281,-0.474815,0.677460,2.330535,-0.576688,0.794601,2.606818
1296,-0.270662,0.040096,2.715289,-0.243512,-0.148692,2.728770,-0.251196,-0.339890,2.658611,-0.010608,-0.235111,2.255352,0.161028,-0.062014,2.302778,0.067229,0.110239,2.369541,-0.264052,0.319128,2.702266,-0.121209,0.391043,2.441807,-0.444039,0.632921,2.370937,-0.528898,0.635163,2.729314,-0.514621,0.740305,2.335868,-0.565597,0.909870,2.652709
1297,-0.254548,0.042530,2.711143,-0.225173,-0.136287,2.713793,-0.245465,-0.338540,2.659867,-0.010782,-0.237841,2.254271,0.159942,-0.060746,2.303603,0.071903,0.099553,2.396241,-0.264082,0.311715,2.700892,-0.117950,0.384596,2.436270,-0.458348,0.632606,2.374074,-0.544058,0.626392,2.717951,-0.485828,0.697796,2.327268,-0.580926,0.894279,2.647694
1298,-0.279090,0.048231,2.690456,-0.258188,-0.141817,2.725692,-0.258932,-0.333446,2.660281,-0.005461,-0.235347,2.250371,0.161167,-0.051432,2.313152,0.072608,0.116549,2.417927,-0.268566,0.305701,2.699226,-0.119205,0.376352,2.434556,-0.456299,0.610331,2.379620,-0.509107,0.656485,2.720976,-0.576421,0.632786,2.316422,-0.510493,0.916228,2.648012
1299,-0.312172,0.002730,2.706420,-0.249701,-0.148822,2.719040,-0.241801,-0.338870,2.656548,-0.005884,-0.234057,2.247124,0.155856,-0.034638,2.299168,0.067249,0.121310,2.368919,-0.263348,0.318036,2.697305,-0.119124,0.381675,2.431588,-0.450990,0.641697,2.374113,-0.521194,0.644428,2.724847,-0.532949,0.697253,2.326406,-0.553033,0.886344,2.621223
1300,-0.312102,-0.000528,2.680734,-0.251385,-0.162932,2.709057,-0.244083,-0.344058,2.657271,-0.007818,-0.236043,2.247201,0.157781,-0.038762,2.288731,0.070662,0.132754,2.385871,-0.265710,0.320297,2.696110,-0.127959,0.385300,2.434760,-0.452950,0.636566,2.386597,-0.534937,0.634853,2.715941,-0.523660,0.655209,2.330195,-0.557394,0.813409,2.601438
1301,-0.320138,-0.004808,2.676105,-0.259667,-0.172541,2.718816,-0.245812,-0.346376,2.656318,-0.008552,-0.233354,2.246640,0.161088,-0.045209,2.287093,0.072202,0.138392,2.389298,-0.264332,0.306603,2.694253,-0.122678,0.382849,2.431633,-0.456443,0.622377,2.379631,-0.509615,0.619520,2.710906,-0.516195,0.630383,2.326571,-0.546215,0.792885,2.593798
1302,-0.272596,-0.012142,2.678736,-0.242174,-0.179977,2.714527,-0.243063,-0.345965,2.656507,-0.010793,-0.233325,2.247057,0.157129,-0.053685,2.302913,0.075919,0.130353,2.385675,-0.265177,0.306749,2.700062,-0.125447,0.382212,2.434886,-0.436061,0.630633,2.387255,-0.525002,0.628557,2.716753,-0.571293,0.620886,2.322009,-0.531735,0.843441,2.632824
1303,-0.312600,-0.011539,2.678431,-0.260536,-0.180609,2.714625,-0.246350,-0.342841,2.653898,-0.007407,-0.233883,2.245636,0.152516,-0.059221,2.303857,0.077117,0.078357,2.388295,-0.262900,0.310597,2.706056,-0.115230,0.381089,2.441471,-0.437821,0.640092,2.388333,-0.515727,0.622335,2.720167,-0.531651,0.745663,2.369509,-0.561323,0.837433,2.608462
1304,-0.267411,0.006420,2.681756,-0.213336,-0.171487,2.697111,-0.246393,-0.335508,2.657701,-0.010392,-0.238346,2.252038,0.147431,-0.057935,2.300591,0.071891,0.105633,2.371642,-0.266757,0.321081,2.694242,-0.121670,0.381167,2.433047,-0.391281,0.643571,2.379740,-0.510792,0.619124,2.717349,-0.562472,0.657765,2.325696,-0.526949,0.838674,2.608117
1305,-0.321555,0.010054,2.685053,-0.262534,-0.172910,2.706925,-0.257716,-0.339958,2.658202,-0.011930,-0.235771,2.246436,0.156165,-0.057000,2.313372,0.078610,0.121451,2.404854,-0.267607,0.308143,2.693256,-0.130004,0.380390,2.435305,-0.440591,0.639722,2.392500,-0.517217,0.633541,2.719567,-0.556475,0.645413,2.324955,-0.532955,0.815116,2.600498
1306,-0.303218,0.000767,2.684614,-0.250848,-0.177538,2.707733,-0.251316,-0.338863,2.663876,-0.018866,-0.234007,2.250305,0.147066,-0.053374,2.311606,0.068254,0.137887,2.385035,-0.269244,0.313945,2.692934,-0.136943,0.386861,2.433246,-0.435711,0.623497,2.385937,-0.513173,0.620025,2.715285,-0.572426,0.620097,2.324326,-0.539010,0.805529,2.602226
1307,-0.292263,-0.011784,2.684206,-0.252871,-0.186896,2.719554,-0.249510,-0.341596,2.661470,-0.019930,-0.229236,2.248770,0.146475,-0.043146,2.315697,0.069571,0.138509,2.384833,-0.267394,0.310831,2.693629,-0.127947,0.390748,2.432404,-0.388082,0.636571,2.388662,-0.518581,0.639521,2.721874,-0.536040,0.630203,2.314994,-0.547793,0.821650,2.604756
1308,-0.283296,-0.025780,2.707753,-0.243825,-0.187347,2.716983,-0.249581,-0.338625,2.658250,-0.018726,-0.228555,2.249104,0.130058,-0.042796,2.324790,0.067554,0.136233,2.382296,-0.265352,0.319142,2.697269,-0.126877,0.395101,2.434689,-0.408722,0.612986,2.379956,-0.517990,0.617756,2.726348,-0.488489,0.700728,2.327219,-0.559279,0.825626,2.635904
1309,-0.252319,-0.013751,2.709651,-0.211186,-0.205865,2.711576,-0.237911,-0.339897,2.662958,-0.025000,-0.229198,2.259187,0.147828,-0.054719,2.280843,0.072877,0.131262,2.353422,-0.263697,0.318095,2.693475,-0.132827,0.392551,2.432881,-0.451371,0.589524,2.364313,-0.522761,0.623470,2.724747,-0.498336,0.667314,2.316090,-0.571043,0.846533,2.646320
1310,-0.227438,-0.012445,2.697969,-0.197794,-0.216634,2.711913,-0.240296,-0.344016,2.661467,-0.031955,-0.232228,2.256593,0.163554,-0.071265,2.269708,0.070131,0.113745,2.356226,-0.266487,0.317213,2.687240,-0.140215,0.391264,2.430989,-0.461473,0.604946,2.372302,-0.538202,0.598820,2.710177,-0.536363,0.688124,2.325989,-0.553038,0.811900,2.569257
1311,-0.253701,-0.034998,2.717840,-0.220933,-0.245398,2.722960,-0.249440,-0.342408,2.662920,-0.029331,-0.237446,2.261030,0.161364,-0.093116,2.268790,0.074150,0.099661,2.347040,-0.268698,0.318288,2.690596,-0.137800,0.393507,2.437663,-0.441179,0.617353,2.377437,-0.544997,0.609179,2.707397,-0.513283,0.751390,2.329707,-0.571251,0.855636,2.599467
1312,-0.186866,-0.012088,2.720411,-0.204106,-0.256655,2.717045,-0.252833,-0.347665,2.653874,-0.037225,-0.229937,2.256436,0.163179,-0.113708,2.250435,0.082466,0.086587,2.322524,-0.266845,0.296926,2.679827,-0.144225,0.385511,2.426732,-0.436777,0.622485,2.368004,-0.531651,0.621285,2.709851,-0.548399,0.673450,2.317563,-0.553590,0.899553,2.635016
1313,-0.279883,-0.028010,2.752629,-0.228272,-0.260430,2.731986,-0.242275,-0.353785,2.652505,-0.038544,-0.226930,2.260825,0.157432,-0.117784,2.261598,0.090060,0.082371,2.314167,-0.258869,0.297267,2.678692,-0.141262,0.387260,2.430115,-0.462333,0.653363,2.400370,-0.510576,0.583441,2.675107,-0.502739,0.703844,2.316531,-0.551912,0.812760,2.601701
1314,-0.298265,-0.033732,2.755671,-0.234059,-0.250739,2.732654,-0.250946,-0.339821,2.660446,-0.030463,-0.234484,2.251028,0.171548,-0.127519,2.260180,0.090487,0.070258,2.314026,-0.270605,0.312735,2.677137,-0.136937,0.388233,2.428982,-0.377211,0.689961,2.430303,-0.531554,0.581523,2.669833,-0.505972,0.696777,2.325282,-0.549955,0.792748,2.569381
1315,-0.259362,-0.067195,2.750617,-0.221100,-0.267797,2.726906,-0.255228,-0.346474,2.649980,-0.027773,-0.237816,2.255102,0.186485,-0.139610,2.246630,0.091879,0.069573,2.310032,-0.264944,0.290384,2.672944,-0.130930,0.376335,2.426540,-0.434868,0.658716,2.418577,-0.527144,0.641771,2.723849,-0.549801,0.623485,2.324089,-0.541919,0.754214,2.602036
1316,-0.264089,-0.074658,2.740456,-0.216720,-0.265149,2.718194,-0.255566,-0.347511,2.658633,-0.034067,-0.238111,2.258193,0.184475,-0.143135,2.252361,0.093543,0.064069,2.307842,-0.275476,0.296782,2.678661,-0.138039,0.373660,2.433254,-0.370968,0.689279,2.439356,-0.547923,0.642764,2.711337,-0.492776,0.719688,2.350954,-0.551201,0.738648,2.571476
1317,-0.248742,-0.074354,2.732980,-0.214790,-0.259145,2.710474,-0.260605,-0.338602,2.654135,-0.030737,-0.242096,2.256407,0.182676,-0.146396,2.258917,0.089632,0.051068,2.308488,-0.271932,0.310737,2.676898,-0.130435,0.378386,2.428979,-0.361106,0.690280,2.437003,-0.515820,0.609892,2.656151,-0.528775,0.756719,2.371957,-0.552330,0.856057,2.608231
1318,-0.243318,-0.074397,2.731838,-0.205165,-0.259223,2.707240,-0.256922,-0.344086,2.650594,-0.032067,-0.242212,2.261622,0.184269,-0.145688,2.251869,0.090104,0.051349,2.301194,-0.263135,0.296942,2.678093,-0.126258,0.378012,2.433285,-0.411078,0.657883,2.423340,-0.527250,0.640293,2.717805,-0.473649,0.777492,2.362334,-0.550365,0.816572,2.634609
1319,-0.227024,-0.062235,2.733930,-0.197492,-0.253888,2.712261,-0.260993,-0.335552,2.649621,-0.027817,-0.244707,2.257169,0.183640,-0.145156,2.258415,0.090796,0.056137,2.311350,-0.269805,0.302926,2.675642,-0.127209,0.375049,2.429002,-0.353891,0.695986,2.448946,-0.525775,0.610912,2.655944,-0.514142,0.693703,2.338137,-0.540198,0.815733,2.602961
1320,-0.230101,-0.056400,2.730486,-0.198439,-0.252644,2.712176,-0.259648,-0.332452,2.658365,-0.021824,-0.245877,2.253561,0.181004,-0.151036,2.253826,0.089979,0.055322,2.313733,-0.272816,0.312667,2.675050,-0.127566,0.378218,2.427772,-0.347315,0.731863,2.432688,-0.546615,0.663211,2.719250,-0.462324,0.720806,2.342638,-0.548192,0.764432,2.573949
1321,-0.266109,-0.068289,2.736436,-0.216541,-0.268698,2.711519,-0.257357,-0.336082,2.649436,-0.015170,-0.245331,2.260824,0.182576,-0.151169,2.250944,0.092288,0.053784,2.306951,-0.267336,0.293624,2.675499,-0.120953,0.370193,2.431343,-0.347216,0.691254,2.417112,-0.542919,0.650126,2.703444,-0.469293,0.768402,2.356140,-0.567819,0.804901,2.615755
1322,-0.234108,-0.073589,2.732510,-0.202564,-0.278935,2.707109,-0.255282,-0.336388,2.645105,-0.016974,-0.246913,2.256454,0.182240,-0.156705,2.259459,0.092422,0.054294,2.305562,-0.270973,0.309101,2.673417,-0.123963,0.377112,2.429677,-0.353363,0.692736,2.425630,-0.539744,0.642501,2.693935,-0.472250,0.860982,2.391091,-0.575583,0.845404,2.619669
1323,-0.276960,-0.068808,2.730612,-0.217503,-0.258436,2.702756,-0.248756,-0.334664,2.651600,-0.011985,-0.250974,2.264570,0.182814,-0.157266,2.242600,0.086837,0.054808,2.301059,-0.265991,0.308288,2.663629,-0.118147,0.375904,2.424462,-0.351887,0.690423,2.411838,-0.530880,0.630201,2.678640,-0.500571,0.831862,2.391481,-0.563258,0.863047,2.614696
1324,-0.285243,-0.101878,2.735610,-0.220172,-0.262439,2.707308,-0.251093,-0.334609,2.653513,-0.006587,-0.250213,2.261169,0.188344,-0.157316,2.246747,0.089040,0.052337,2.299223,-0.257120,0.314765,2.672283,-0.106968,0.379661,2.427884,-0.309973,0.715385,2.414045,-0.542695,0.641789,2.692502,-0.428658,0.899895,2.392276,-0.583565,0.898332,2.643209
1325,-0.310398,-0.111641,2.743538,-0.223639,-0.258278,2.712786,-0.254639,-0.334378,2.653728,-0.007758,-0.250873,2.261631,0.189397,-0.161175,2.246578,0.087365,0.047729,2.303081,-0.258137,0.309893,2.668401,-0.116647,0.377116,2.427093,-0.372012,0.700424,2.417693,-0.534393,0.636101,2.688772,-0.510068,0.856716,2.389429,-0.577858,0.961402,2.665440
1326,-0.310433,-0.111941,2.762524,-0.227736,-0.268041,2.738103,-0.254881,-0.334096,2.661012,-0.007550,-0.251254,2.260197,0.185415,-0.163737,2.231728,0.086901,0.044426,2.296421,-0.258267,0.309445,2.676066,-0.116128,0.380248,2.430413,-0.351585,0.719005,2.429244,-0.537339,0.644677,2.690376,-0.478438,0.903941,2.401754,-0.581125,0.979558,2.674816
1327,-0.295845,-0.077841,2.774864,-0.248150,-0.277057,2.743311,-0.254850,-0.339509,2.654604,-0.008022,-0.249374,2.259091,0.187691,-0.162004,2.231860,0.093455,0.044993,2.295072,-0.260708,0.307056,2.673138,-0.107694,0.379259,2.426352,-0.348009,0.709325,2.440216,-0.530765,0.642711,2.691684,-0.509201,0.913146,2.409322,-0.574497,0.997668,2.671028
1328,-0.283203,-0.085226,2.766675,-0.236546,-0.277968,2.743085,-0.252801,-0.337087,2.657780,-0.006879,-0.249275,2.263014,0.188953,-0.157764,2.224499,0.091865,0.043189,2.286147,-0.255395,0.309554,2.672820,-0.107801,0.377015,2.431160,-0.330589,0.710309,2.445559,-0.537689,0.656624,2.693647,-0.458183,0.895566,2.396968,-0.565050,0.939271,2.649486
1329,-0.271893,-0.067623,2.763446,-0.234151,-0.269605,2.743205,-0.251865,-0.332616,2.661837,-0.009202,-0.249488,2.258091,0.189200,-0.153917,2.228543,0.093975,0.042542,2.288414,-0.257087,0.319121,2.672080,-0.109150,0.379971,2.426941,-0.318132,0.714660,2.428709,-0.539640,0.652235,2.693367,-0.438820,0.865300,2.384507,-0.563893,0.905738,2.621986
1330,-0.276669,-0.060691,2.762126,-0.229960,-0.261802,2.737279,-0.251930,-0.334079,2.654801,0.000407,-0.246907,2.246832,0.195828,-0.147051,2.213815,0.096989,0.043655,2.286474,-0.251291,0.310471,2.676650,-0.103108,0.375072,2.427376,-0.345413,0.704624,2.453020,-0.517938,0.645527,2.710531,-0.487246,0.861485,2.394797,-0.544891,0.892592,2.616417
1331,-0.267366,-0.050604,2.763742,-0.226691,-0.255374,2.742397,-0.250203,-0.334671,2.660084,0.000435,-0.249422,2.254810,0.200525,-0.145915,2.210625,0.098701,0.050711,2.276699,-0.255375,0.320848,2.680342,-0.103963,0.381545,2.425081,-0.339672,0.710434,2.429351,-0.523958,0.601343,2.658994,-0.469589,0.887000,2.400990,-0.559007,0.939895,2.626650
1332,-0.275491,-0.071966,2.759407,-0.228390,-0.263019,2.739692,-0.251233,-0.342754,2.653406,-0.004292,-0.247322,2.256153,0.198095,-0.144285,2.220442,0.099354,0.051063,2.279559,-0.259194,0.318896,2.677799,-0.108042,0.385965,2.423375,-0.322442,0.735281,2.454720,-0.523129,0.598873,2.673288,-0.457039,0.912926,2.410697,-0.566392,0.942341,2.646439
1333,-0.289555,-0.054336,2.762414,-0.227799,-0.257227,2.737526,-0.252128,-0.341075,2.651685,0.003280,-0.243524,2.247442,0.198362,-0.139119,2.213453,0.101679,0.049723,2.278492,-0.254460,0.315839,2.681639,-0.090734,0.381213,2.431294,-0.317537,0.735145,2.463882,-0.518325,0.594951,2.659117,-0.498543,0.971865,2.456809,-0.586789,0.983002,2.667778
1334,-0.297109,-0.057715,2.762470,-0.226616,-0.258649,2.742777,-0.252731,-0.330816,2.659396,0.005719,-0.243391,2.251915,0.199834,-0.138764,2.217819,0.101369,0.052662,2.272048,-0.253680,0.332021,2.681180,-0.090877,0.388550,2.429423,-0.319618,0.733880,2.449696,-0.527129,0.618478,2.673622,-0.497304,0.930664,2.411414,-0.562925,1.017970,2.671999
1335,-0.292837,-0.060371,2.768538,-0.227148,-0.263382,2.739160,-0.250991,-0.344157,2.656347,0.002437,-0.240130,2.249782,0.202282,-0.133846,2.212796,0.110857,0.056082,2.276436,-0.256368,0.313255,2.684373,-0.103825,0.387694,2.430274,-0.333673,0.733378,2.443794,-0.512693,0.610255,2.684327,-0.500408,0.882254,2.394116,-0.579427,0.947855,2.649521
1336,-0.252438,-0.026749,2.771335,-0.215508,-0.240692,2.739397,-0.252554,-0.334858,2.656909,0.009823,-0.241811,2.251658,0.200915,-0.132104,2.214617,0.109317,0.065525,2.265177,-0.259459,0.324842,2.683870,-0.089960,0.399328,2.434999,-0.308727,0.762094,2.462776,-0.533308,0.608715,2.668874,-0.486045,0.977294,2.447955,-0.596973,1.002695,2.682981
1337,-0.239121,-0.043684,2.769094,-0.212904,-0.259079,2.731537,-0.251598,-0.340641,2.655302,0.002334,-0.241212,2.248894,0.200764,-0.136355,2.220403,0.115550,0.070124,2.278468,-0.261861,0.317097,2.673476,-0.107912,0.389734,2.421168,-0.304671,0.731469,2.425904,-0.536071,0.661534,2.709698,-0.464404,0.877751,2.378021,-0.561892,0.912785,2.598961
1338,-0.259058,-0.045220,2.772728,-0.216892,-0.256653,2.735016,-0.249022,-0.344038,2.664709,0.008401,-0.242321,2.251402,0.200591,-0.136033,2.211184,0.117651,0.065043,2.274251,-0.256122,0.312220,2.678076,-0.101012,0.383225,2.422517,-0.313459,0.722469,2.405916,-0.530360,0.591087,2.659702,-0.471329,0.859586,2.388721,-0.566849,0.928601,2.623497
1339,-0.267962,-0.053744,2.765253,-0.213014,-0.254260,2.731861,-0.247561,-0.339542,2.661201,0.006334,-0.248716,2.248433,0.203598,-0.145473,2.214778,0.116334,0.052920,2.295775,-0.252793,0.312567,2.683936,-0.099822,0.378450,2.430796,-0.318935,0.739600,2.440123,-0.542526,0.663820,2.707901,-0.466688,0.901548,2.401321,-0.569318,0.948440,2.636662
1340,-0.288612,-0.055739,2.740621,-0.218858,-0.253132,2.722443,-0.248137,-0.330670,2.658256,0.003991,-0.245854,2.245415,0.204167,-0.137588,2.239505,0.109582,0.051673,2.318775,-0.253774,0.333224,2.685339,-0.101353,0.388991,2.428109,-0.300141,0.720537,2.411572,-0.526051,0.619762,2.664934,-0.468809,0.849952,2.366071,-0.574157,0.958875,2.630491
1341,-0.286100,-0.063280,2.732590,-0.211266,-0.246147,2.718538,-0.237855,-0.334231,2.648164,0.009134,-0.243360,2.246795,0.202962,-0.123886,2.238872,0.110041,0.069398,2.309717,-0.249066,0.317499,2.687559,-0.094688,0.385303,2.427890,-0.337151,0.712380,2.445229,-0.529907,0.605008,2.669282,-0.526094,0.899414,2.447669,-0.585039,0.979919,2.671376
1342,-0.292670,-0.058106,2.705229,-0.210338,-0.238975,2.710238,-0.242463,-0.343095,2.650043,-0.006070,-0.235281,2.244527,0.196846,-0.104819,2.272017,0.102950,0.084741,2.366787,-0.255962,0.308848,2.700178,-0.099965,0.384429,2.430172,-0.344951,0.683789,2.413187,-0.511271,0.606711,2.672192,-0.574742,0.771342,2.379611,-0.518094,1.013331,2.657316
1343,-0.233337,-0.023454,2.693629,-0.217290,-0.197008,2.703043,-0.250177,-0.334105,2.643135,-0.000738,-0.231190,2.248824,0.183543,-0.089338,2.294221,0.087272,0.097988,2.354766,-0.260647,0.312563,2.689867,-0.099978,0.389804,2.423728,-0.292921,0.697834,2.380780,-0.525551,0.595612,2.663045,-0.455215,0.770037,2.325798,-0.543999,0.908210,2.615989
1344,-0.221025,-0.014142,2.712104,-0.217936,-0.184352,2.693070,-0.246660,-0.337905,2.636983,0.000936,-0.232296,2.246956,0.168052,-0.076067,2.281074,0.081220,0.114389,2.332064,-0.262907,0.312911,2.686115,-0.100651,0.388575,2.430550,-0.327626,0.675126,2.390545,-0.525448,0.609326,2.655272,-0.525314,0.728410,2.341798,-0.571487,0.931433,2.628535
1345,-0.252011,0.017451,2.702497,-0.235172,-0.162178,2.689976,-0.251683,-0.348409,2.635792,-0.001834,-0.230340,2.246282,0.149151,-0.057108,2.304284,0.084955,0.144039,2.383844,-0.268822,0.291753,2.690788,-0.117150,0.375918,2.430877,-0.374023,0.652348,2.393589,-0.523553,0.646908,2.693947,-0.555856,0.709399,2.335881,-0.569683,0.942646,2.637584
1346,-0.311201,0.012096,2.700638,-0.269216,-0.154486,2.688266,-0.250484,-0.346502,2.635842,0.005980,-0.230563,2.248182,0.146993,-0.045778,2.297493,0.077411,0.146156,2.376735,-0.270385,0.300622,2.683757,-0.112214,0.373272,2.431736,-0.303435,0.707563,2.409014,-0.540739,0.652704,2.687480,-0.423268,0.758441,2.344381,-0.552894,0.873081,2.634433
1347,-0.313941,0.014559,2.688581,-0.215139,-0.149614,2.686356,-0.242456,-0.328309,2.636821,0.008680,-0.232047,2.241519,0.138881,-0.043393,2.292981,0.076284,0.136086,2.380342,-0.267619,0.311933,2.686032,-0.104672,0.380892,2.426476,-0.342123,0.692360,2.392455,-0.542576,0.638114,2.703859,-0.458556,0.839987,2.374172,-0.583090,0.897249,2.627042
1348,-0.332037,0.010573,2.691271,-0.280362,-0.144210,2.689677,-0.246957,-0.339543,2.632566,-0.005009,-0.232713,2.247510,0.102004,-0.026253,2.334510,0.076777,0.151981,2.402512,-0.269299,0.301231,2.687946,-0.115064,0.385964,2.433817,-0.415108,0.682032,2.407319,-0.549365,0.655556,2.712193,-0.503188,0.893282,2.391113,-0.594062,0.905636,2.623540
1349,-0.332550,-0.026058,2.703096,-0.287992,-0.177813,2.686576,-0.251352,-0.347586,2.638256,-0.014288,-0.232934,2.249707,0.099702,-0.030671,2.309462,0.071131,0.140590,2.363353,-0.264428,0.300619,2.693316,-0.116961,0.382703,2.435444,-0.416439,0.670732,2.407021,-0.524986,0.651759,2.711549,-0.498013,0.812730,2.354930,-0.568961,0.851574,2.611774
1350,-0.325680,-0.013999,2.699983,-0.220705,-0.177111,2.690890,-0.241021,-0.346201,2.634549,-0.010610,-0.234315,2.251271,0.123868,-0.001765,2.304918,0.071223,0.128517,2.346545,-0.268299,0.313165,2.684620,-0.124514,0.389454,2.432235,-0.371328,0.683243,2.388775,-0.540204,0.664504,2.698778,-0.521540,0.740591,2.342934,-0.580894,0.872733,2.629792
1351,-0.340472,0.002897,2.704505,-0.277998,-0.161117,2.696718,-0.250748,-0.340510,2.636597,-0.014753,-0.239349,2.256516,0.109913,-0.027250,2.309819,0.071785,0.121915,2.363519,-0.267134,0.309404,2.686385,-0.118911,0.386881,2.434752,-0.430546,0.646600,2.367323,-0.540908,0.647566,2.693627,-0.521514,0.754453,2.329145,-0.589468,0.881725,2.626198
1352,-0.301576,0.035668,2.702235,-0.297038,-0.151507,2.693484,-0.268338,-0.338631,2.639706,-0.005006,-0.247706,2.254329,0.091749,-0.033932,2.306991,0.061529,0.143546,2.373361,-0.270436,0.294347,2.688247,-0.109983,0.374952,2.434263,-0.399334,0.669323,2.389500,-0.541710,0.641955,2.704437,-0.516173,0.747793,2.349901,-0.582227,0.877430,2.624714
1353,-0.355396,0.011867,2.707643,-0.300863,-0.147646,2.712106,-0.272101,-0.333745,2.640371,-0.006936,-0.253638,2.257331,0.088880,-0.018706,2.306593,0.062783,0.148187,2.372735,-0.271786,0.303375,2.687546,-0.111876,0.375674,2.430410,-0.333190,0.705157,2.396602,-0.548293,0.649482,2.704811,-0.483682,0.791977,2.350586,-0.586302,0.875526,2.636027
1354,-0.311959,0.038899,2.707960,-0.301056,-0.133112,2.715257,-0.274939,-0.332242,2.650272,-0.008820,-0.262511,2.256212,0.106130,-0.024891,2.298723,0.062666,0.143368,2.372794,-0.274510,0.313194,2.689452,-0.109278,0.380599,2.428890,-0.348962,0.708658,2.400228,-0.550278,0.677282,2.706740,-0.489721,0.825545,2.354046,-0.580000,0.900095,2.633245
1355,-0.302022,0.035061,2.716874,-0.314828,-0.141157,2.722921,-0.292748,-0.333979,2.653575,-0.011369,-0.277781,2.259355,0.099142,-0.031405,2.320676,0.060969,0.147827,2.371727,-0.273874,0.316763,2.689150,-0.099814,0.382313,2.428674,-0.312401,0.708030,2.404608,-0.549912,0.688432,2.719593,-0.461444,0.844877,2.362244,-0.552435,0.914211,2.658105
1356,-0.305268,0.042266,2.699650,-0.278940,-0.151402,2.713512,-0.298045,-0.341123,2.656227,-0.017790,-0.283697,2.254922,0.100237,-0.038748,2.311463,0.059041,0.153286,2.352270,-0.269625,0.318258,2.675738,-0.106045,0.380871,2.415882,-0.355962,0.704342,2.414711,-0.550952,0.708212,2.712172,-0.529374,0.777014,2.330540,-0.572785,0.913226,2.638749
1357,-0.315343,0.036823,2.698475,-0.285264,-0.163252,2.720191,-0.307123,-0.349499,2.656448,-0.019947,-0.286682,2.259949,0.111324,-0.036861,2.319380,0.060745,0.143934,2.396695,-0.268524,0.306074,2.691036,-0.098362,0.378187,2.432403,-0.348198,0.717944,2.435685,-0.543081,0.693381,2.715287,-0.567561,0.757619,2.351631,-0.502985,0.953049,2.667299
1358,-0.310070,0.050025,2.686664,-0.258647,-0.157700,2.714006,-0.300206,-0.368402,2.650609,-0.030577,-0.299983,2.251575,0.109403,-0.041284,2.287614,0.061240,0.138972,2.384893,-0.270549,0.296923,2.677221,-0.102929,0.358815,2.419605,-0.362308,0.699770,2.406976,-0.552130,0.674593,2.714915,-0.534645,0.742499,2.336799,-0.560001,0.908203,2.649695
1359,-0.294467,0.058778,2.701192,-0.304565,-0.140501,2.721315,-0.300783,-0.372534,2.645470,-0.026609,-0.310525,2.250720,0.099773,-0.038273,2.307532,0.057001,0.141640,2.386041,-0.274422,0.302273,2.678563,-0.098353,0.364457,2.423803,-0.367905,0.696152,2.407582,-0.560092,0.685892,2.714309,-0.471602,0.771927,2.342457,-0.586312,0.863539,2.640974
1360,-0.283638,0.032740,2.689593,-0.243476,-0.146784,2.719426,-0.287571,-0.392671,2.645544,-0.026536,-0.313299,2.249272,0.090593,-0.038693,2.277122,0.059779,0.152304,2.384619,-0.266118,0.297134,2.676704,-0.103651,0.362020,2.422318,-0.368550,0.717894,2.426266,-0.561007,0.689657,2.707107,-0.492049,0.768175,2.348945,-0.593958,0.870516,2.661992
1361,-0.296462,0.045388,2.702249,-0.261596,-0.156308,2.722990,-0.289805,-0.398830,2.639816,-0.037897,-0.334765,2.246832,0.096491,-0.057843,2.276900,0.057562,0.152173,2.358020,-0.271326,0.285341,2.674351,-0.102920,0.340807,2.422124,-0.417407,0.659645,2.393261,-0.549118,0.683929,2.714191,-0.518839,0.749713,2.339173,-0.580547,0.892465,2.659262
1362,-0.320289,0.046795,2.710516,-0.273026,-0.168007,2.727118,-0.291024,-0.401092,2.635456,-0.028715,-0.334784,2.244365,0.096077,-0.061995,2.270997,0.060367,0.151709,2.329515,-0.274979,0.282510,2.672281,-0.109718,0.342656,2.416277,-0.370865,0.685015,2.395545,-0.534115,0.610821,2.663993,-0.553002,0.695633,2.313125,-0.564072,0.895978,2.653920
1363,-0.303805,0.047498,2.708837,-0.264878,-0.172622,2.731116,-0.282144,-0.406527,2.626258,-0.030956,-0.346549,2.243252,0.089681,-0.065868,2.258785,0.058848,0.151357,2.339001,-0.267789,0.271061,2.668883,-0.107353,0.331392,2.420388,-0.364456,0.690196,2.412480,-0.547222,0.675324,2.711603,-0.474467,0.791091,2.349090,-0.573102,0.870197,2.669879
1364,-0.294958,0.004127,2.699218,-0.255782,-0.189558,2.720024,-0.273404,-0.426063,2.625438,-0.030249,-0.356235,2.240834,0.097288,-0.067580,2.252490,0.056017,0.148580,2.356532,-0.264987,0.254343,2.670705,-0.114280,0.321080,2.414643,-0.363703,0.677696,2.409780,-0.519719,0.566842,2.639121,-0.488389,0.744286,2.335140,-0.555045,0.865312,2.665619
1365,-0.306107,0.027272,2.712739,-0.259274,-0.175936,2.726746,-0.274711,-0.429282,2.626036,-0.028273,-0.367362,2.242745,0.092783,-0.061746,2.245685,0.052351,0.151844,2.353961,-0.270028,0.263369,2.666931,-0.112607,0.319905,2.413550,-0.362275,0.702184,2.425356,-0.549566,0.669247,2.722328,-0.517727,0.736330,2.347778,-0.556397,0.896582,2.679729
1366,-0.308203,0.006107,2.718467,-0.254659,-0.194220,2.730944,-0.267983,-0.438459,2.616645,-0.034663,-0.374267,2.241659,0.090016,-0.058258,2.245169,0.049837,0.159395,2.335552,-0.268875,0.251855,2.663573,-0.116411,0.312321,2.414775,-0.388295,0.669763,2.414813,-0.511485,0.575461,2.664027,-0.517085,0.736919,2.345688,-0.521287,0.914422,2.701850
1367,-0.306696,0.037233,2.722474,-0.259274,-0.175038,2.737124,-0.268239,-0.441738,2.624045,-0.027839,-0.378416,2.233315,0.086825,-0.043669,2.247561,0.057182,0.170085,2.354483,-0.270314,0.255879,2.663686,-0.104707,0.317372,2.406085,-0.327966,0.720507,2.422143,-0.518332,0.598863,2.662177,-0.408517,0.723470,2.339941,-0.533354,0.828636,2.663754
1368,-0.308613,0.040883,2.714552,-0.259733,-0.169346,2.730589,-0.265656,-0.455646,2.619538,-0.020154,-0.395261,2.229995,0.083341,-0.041738,2.236389,0.052606,0.179241,2.348179,-0.262579,0.243508,2.658626,-0.098637,0.309444,2.404234,-0.353307,0.695014,2.407483,-0.514162,0.667685,2.704319,-0.482923,0.752241,2.365116,-0.541977,0.819963,2.679563
1369,-0.311873,0.044401,2.716930,-0.250076,-0.181978,2.728651,-0.255736,-0.475771,2.616103,-0.015488,-0.411528,2.229105,0.087734,-0.056042,2.237179,0.047700,0.185902,2.370993,-0.256558,0.242335,2.664458,-0.095038,0.303222,2.408185,-0.354081,0.677977,2.406601,-0.492055,0.684151,2.698238,-0.535978,0.733387,2.331619,-0.444490,0.910397,2.687104
1370,-0.291085,0.045504,2.712601,-0.245942,-0.208493,2.721086,-0.253610,-0.486616,2.611458,-0.013349,-0.420734,2.227046,0.088895,-0.078094,2.234183,0.046357,0.187890,2.345639,-0.264133,0.235087,2.657472,-0.105705,0.302267,2.407011,-0.349802,0.703989,2.428400,-0.516118,0.680299,2.695533,-0.466991,0.830434,2.404552,-0.527116,0.926002,2.693476
1371,-0.290127,0.032249,2.733257,-0.248092,-0.221276,2.717757,-0.258136,-0.508037,2.607449,-0.007804,-0.433650,2.228607,0.082142,-0.085564,2.242177,0.050441,0.178700,2.340579,-0.260469,0.228406,2.662149,-0.097096,0.289924,2.405882,-0.301264,0.689579,2.437258,-0.490819,0.608388,2.640039,-0.380322,0.872092,2.401883,-0.493551,0.928774,2.659919
1372,-0.281558,-0.038147,2.726357,-0.241717,-0.219734,2.712474,-0.245898,-0.513861,2.608157,-0.013887,-0.437818,2.223546,0.081159,-0.088240,2.233392,0.052630,0.166950,2.330639,-0.264993,0.229261,2.655336,-0.119381,0.288651,2.404383,-0.344136,0.675375,2.447833,-0.471373,0.593521,2.652807,-0.492127,0.852337,2.400267,-0.442532,0.984303,2.707054
1373,-0.255690,-0.027564,2.725795,-0.229337,-0.224537,2.712856,-0.243465,-0.526056,2.607714,-0.015120,-0.445521,2.223095,0.070745,-0.099850,2.240376,0.049966,0.158912,2.343349,-0.263468,0.228584,2.657718,-0.114844,0.288649,2.399105,-0.319982,0.667346,2.441364,-0.484489,0.665919,2.686470,-0.441413,0.900386,2.418320,-0.492077,0.947647,2.665562
1374,-0.287484,-0.128432,2.722463,-0.245577,-0.279777,2.716340,-0.246291,-0.540936,2.602617,-0.005145,-0.455597,2.220194,0.080983,-0.100839,2.231159,0.048802,0.148297,2.326052,-0.269916,0.229067,2.656455,-0.122417,0.285644,2.401016,-0.388108,0.665147,2.444407,-0.473598,0.692565,2.700384,-0.531329,0.852040,2.421211,-0.462997,0.993067,2.692568
1375,-0.291734,-0.086133,2.728227,-0.253199,-0.272172,2.710238,-0.243725,-0.548037,2.592359,0.000673,-0.465200,2.215885,0.077494,-0.102272,2.231936,0.047943,0.151724,2.324311,-0.267114,0.228394,2.655672,-0.112305,0.286614,2.401035,-0.328449,0.674865,2.431725,-0.475120,0.685056,2.688659,-0.479498,0.942910,2.474831,-0.484478,1.029155,2.737095
1376,-0.281468,-0.086549,2.731114,-0.247530,-0.265159,2.713585,-0.242742,-0.567114,2.594127,0.002514,-0.480705,2.210712,0.070497,-0.112139,2.231065,0.042558,0.151109,2.322464,-0.270883,0.221433,2.651304,-0.115982,0.276397,2.399871,-0.368576,0.686906,2.442685,-0.455798,0.692416,2.697481,-0.543336,0.899732,2.478689,-0.386370,1.105125,2.764513
1377,-0.289481,-0.129780,2.724540,-0.255391,-0.277742,2.711399,-0.249044,-0.576372,2.592418,0.011233,-0.487313,2.207199,0.072022,-0.104057,2.233770,0.046276,0.161538,2.324164,-0.275015,0.217228,2.655047,-0.108574,0.272835,2.399355,-0.306532,0.674527,2.434446,-0.456429,0.702298,2.698149,-0.532495,0.881955,2.450220,-0.386857,1.097513,2.742627
1378,-0.314969,-0.251972,2.703993,-0.279777,-0.334811,2.702075,-0.247916,-0.594667,2.592009,0.023145,-0.492172,2.204289,0.071891,-0.099663,2.234007,0.039103,0.171238,2.309542,-0.277428,0.209770,2.653630,-0.097678,0.266672,2.398435,-0.297332,0.698005,2.451980,-0.469421,0.718446,2.702553,-0.492132,0.978586,2.481852,-0.422039,1.119909,2.746393
1379,-0.295201,-0.320502,2.704112,-0.276370,-0.369039,2.700111,-0.238187,-0.602852,2.592020,0.026695,-0.495079,2.203973,0.073253,-0.086351,2.236780,0.050501,0.178994,2.322891,-0.273910,0.209267,2.656750,-0.092080,0.258736,2.396725,-0.285567,0.657133,2.404962,-0.467361,0.725043,2.689493,-0.444545,0.987514,2.448810,-0.411660,1.105761,2.721902
1380,-0.299320,-0.316160,2.703666,-0.295420,-0.364583,2.703892,-0.237214,-0.603567,2.589255,0.025027,-0.490175,2.206604,0.064715,-0.077841,2.231373,0.037804,0.191785,2.314960,-0.276815,0.215750,2.650403,-0.103006,0.266216,2.397442,-0.245349,0.712929,2.453766,-0.456128,0.715885,2.690906,-0.355391,1.032853,2.471991,-0.429860,1.083165,2.731926
1381,-0.279577,-0.328981,2.706874,-0.259360,-0.375719,2.700644,-0.227664,-0.598359,2.592963,0.025536,-0.499953,2.206495,0.070837,-0.096804,2.233459,0.040067,0.191092,2.310744,-0.276880,0.206691,2.653784,-0.105925,0.254060,2.396918,-0.278986,0.728621,2.449439,-0.457387,0.728006,2.693532,-0.422167,1.015323,2.448800,-0.423706,1.101726,2.720480
1382,-0.277048,0.024139,2.745859,-0.258359,-0.257138,2.720803,-0.249209,-0.614349,2.590890,0.041098,-0.506064,2.199597,0.069833,-0.098146,2.230273,0.043369,0.186093,2.312043,-0.279510,0.192294,2.649804,-0.085706,0.248981,2.391245,-0.264732,0.665220,2.406046,-0.453964,0.619428,2.657210,-0.369256,0.999725,2.437217,-0.481494,1.037146,2.709579
1383,-0.280011,0.059611,2.748558,-0.273271,-0.260583,2.724651,-0.254023,-0.615726,2.594729,0.040568,-0.507209,2.203761,0.071252,-0.097162,2.227412,0.045441,0.174902,2.312127,-0.287465,0.192260,2.652614,-0.101045,0.252925,2.394481,-0.290434,0.727284,2.463588,-0.476492,0.704435,2.704272,-0.397143,0.986549,2.435758,-0.470368,1.054259,2.727509
1384,-0.297310,0.017456,2.733508,-0.283739,-0.267626,2.719646,-0.257901,-0.612784,2.593159,0.044464,-0.509328,2.207793,0.073223,-0.102199,2.237426,0.048097,0.172233,2.310001,-0.291697,0.193774,2.651575,-0.097660,0.250355,2.394648,-0.248900,0.701561,2.412076,-0.470292,0.641862,2.651222,-0.312816,1.045047,2.450625,-0.495756,1.055015,2.713384
1385,-0.301695,-0.025225,2.729799,-0.270220,-0.279187,2.710568,-0.251822,-0.606767,2.587697,0.044292,-0.508927,2.207445,0.071261,-0.104104,2.227984,0.047453,0.175604,2.309175,-0.286056,0.192248,2.647799,-0.099031,0.249455,2.393149,-0.288872,0.723011,2.463875,-0.460784,0.633108,2.663568,-0.357459,1.043522,2.466752,-0.470308,1.080130,2.731100
1386,-0.300042,0.058182,2.736337,-0.279315,-0.250167,2.718200,-0.251471,-0.602394,2.595345,0.041348,-0.511822,2.206160,0.065314,-0.107112,2.229686,0.046382,0.182011,2.311047,-0.291614,0.187582,2.647071,-0.102498,0.246026,2.392673,-0.282038,0.727476,2.455235,-0.487582,0.706876,2.686715,-0.339966,1.078309,2.473534,-0.520385,1.071323,2.722608
1387,-0.322225,0.021052,2.736580,-0.286487,-0.250925,2.719067,-0.255488,-0.604033,2.602894,0.040911,-0.510242,2.209635,0.066181,-0.107758,2.231131,0.045578,0.185303,2.315379,-0.297766,0.194263,2.652222,-0.103913,0.250756,2.396600,-0.247933,0.691876,2.413564,-0.497746,0.714719,2.683968,-0.331895,1.091311,2.468853,-0.536371,1.078333,2.707507
1388,-0.311579,0.014197,2.729308,-0.285049,-0.253371,2.725458,-0.251984,-0.605940,2.607990,0.045483,-0.510427,2.212263,0.064265,-0.089355,2.250685,0.045807,0.196606,2.321281,-0.292383,0.187512,2.652684,-0.101094,0.244417,2.394445,-0.256985,0.736566,2.465841,-0.479343,0.643119,2.661546,-0.334821,1.115156,2.505959,-0.514032,1.087629,2.731853
1389,-0.310435,-0.000029,2.732291,-0.291325,-0.274909,2.724615,-0.257659,-0.608683,2.605252,0.043357,-0.512628,2.212842,0.061396,-0.094596,2.250258,0.047095,0.188427,2.321247,-0.297781,0.181663,2.652640,-0.104831,0.237308,2.398212,-0.265353,0.733330,2.459968,-0.454545,0.643917,2.666745,-0.434192,1.035531,2.476131,-0.493568,1.107549,2.724150
1390,-0.306105,0.024571,2.738444,-0.291491,-0.254308,2.732456,-0.254015,-0.606357,2.610312,0.042526,-0.517028,2.215783,0.063683,-0.098933,2.244231,0.044326,0.189738,2.311684,-0.292931,0.182008,2.654463,-0.099172,0.235315,2.396042,-0.251766,0.702688,2.413532,-0.496347,0.716173,2.691228,-0.318731,1.122525,2.493089,-0.541528,1.092185,2.711712
1391,-0.320125,0.047303,2.746408,-0.294868,-0.260328,2.726549,-0.260070,-0.608754,2.607848,0.039498,-0.522258,2.216040,0.060268,-0.107574,2.239076,0.041709,0.194007,2.321336,-0.294247,0.183304,2.652397,-0.094234,0.233986,2.394310,-0.275773,0.664250,2.414193,-0.476094,0.658744,2.658944,-0.344351,1.099844,2.465358,-0.529948,1.059015,2.674673
1392,-0.310634,0.069821,2.745238,-0.284325,-0.257492,2.725180,-0.254152,-0.606995,2.608019,0.039950,-0.523247,2.216544,0.061623,-0.110574,2.235335,0.039152,0.193587,2.325559,-0.291405,0.189792,2.651149,-0.098882,0.241483,2.396804,-0.254982,0.649946,2.396496,-0.478848,0.640765,2.682426,-0.366104,1.104753,2.489873,-0.539761,1.099497,2.706893
1393,-0.348103,0.026571,2.733815,-0.300449,-0.275553,2.725998,-0.262827,-0.611124,2.609546,0.041111,-0.523902,2.217118,0.061180,-0.112001,2.242334,0.043150,0.187717,2.324758,-0.303395,0.182810,2.654875,-0.103188,0.237996,2.399132,-0.258291,0.650546,2.404834,-0.499068,0.710054,2.698075,-0.376265,1.089360,2.470801,-0.545769,1.088243,2.708176
1394,-0.322284,0.021932,2.739370,-0.298728,-0.262691,2.734579,-0.260682,-0.613851,2.616722,0.040365,-0.525428,2.213761,0.061884,-0.103182,2.236521,0.040641,0.196522,2.329266,-0.289760,0.184777,2.658834,-0.091797,0.238461,2.394127,-0.254330,0.651684,2.406392,-0.472020,0.643619,2.675247,-0.348754,1.106877,2.478822,-0.528927,1.111473,2.710232
1395,-0.315593,-0.047891,2.738081,-0.304686,-0.282182,2.724134,-0.269263,-0.613190,2.614520,0.038392,-0.524889,2.213674,0.054803,-0.111532,2.236917,0.037204,0.193786,2.327541,-0.300687,0.187697,2.658572,-0.096367,0.239818,2.392190,-0.288469,0.714268,2.449338,-0.479110,0.639472,2.668386,-0.436924,1.078089,2.478764,-0.546517,1.110278,2.700926
1396,-0.337544,-0.001167,2.731284,-0.302977,-0.281762,2.731223,-0.267048,-0.617497,2.613388,0.039567,-0.524824,2.217651,0.053709,-0.120442,2.236421,0.044441,0.190842,2.327289,-0.289308,0.177864,2.657898,-0.089521,0.228507,2.391392,-0.274525,0.707877,2.451766,-0.460302,0.627882,2.670671,-0.441414,1.033859,2.471751,-0.484679,1.099080,2.724114
1397,-0.310403,-0.069886,2.730230,-0.307317,-0.286379,2.722876,-0.266093,-0.618048,2.605287,0.034718,-0.525872,2.217766,0.054920,-0.120879,2.233648,0.035014,0.197324,2.324653,-0.300307,0.188233,2.655480,-0.093961,0.239567,2.395468,-0.254668,0.682806,2.406044,-0.487643,0.635659,2.674881,-0.397034,1.073936,2.481519,-0.545965,1.078643,2.704912
1398,-0.308468,-0.078009,2.728233,-0.301903,-0.295415,2.730103,-0.258046,-0.614842,2.616062,0.034788,-0.523565,2.210429,0.054097,-0.112658,2.240927,0.038520,0.202717,2.326324,-0.289981,0.192098,2.661032,-0.090290,0.241042,2.389947,-0.303334,0.700206,2.439868,-0.500100,0.706447,2.689332,-0.383209,1.073506,2.475061,-0.514288,1.078780,2.704469
1399,-0.326910,0.019029,2.739493,-0.306422,-0.271899,2.732523,-0.270659,-0.611129,2.616253,0.034958,-0.522684,2.213214,0.057537,-0.113530,2.237437,0.035164,0.199863,2.320084,-0.292126,0.191917,2.661583,-0.090139,0.240230,2.391271,-0.301227,0.723433,2.445012,-0.490072,0.650275,2.655973,-0.353845,1.140907,2.498662,-0.512576,1.117914,2.714402
1400,-0.327217,0.007101,2.735553,-0.311025,-0.275044,2.729549,-0.272857,-0.609730,2.609653,0.032445,-0.526263,2.213457,0.062202,-0.117687,2.237591,0.040139,0.194475,2.317627,-0.293531,0.188760,2.659833,-0.089144,0.240482,2.392532,-0.305443,0.729150,2.443845,-0.498865,0.633406,2.661757,-0.367251,1.138335,2.499965,-0.528167,1.113172,2.716013
1401,-0.329512,0.043170,2.736597,-0.298529,-0.271801,2.730185,-0.268751,-0.605152,2.608293,0.030468,-0.517861,2.207394,0.058397,-0.105414,2.233106,0.036919,0.196493,2.322937,-0.291521,0.195947,2.662018,-0.091020,0.246424,2.389453,-0.314174,0.722398,2.434529,-0.496179,0.633218,2.658759,-0.360322,1.111109,2.462682,-0.517208,1.089843,2.721859
1402,-0.312550,-0.000112,2.733500,-0.298495,-0.275949,2.722995,-0.268280,-0.610121,2.603504,0.024230,-0.507558,2.208392,0.058219,-0.096269,2.221884,0.045461,0.190757,2.327304,-0.300896,0.203394,2.657710,-0.102874,0.257756,2.392305,-0.304635,0.668984,2.384855,-0.506146,0.708309,2.677961,-0.380783,1.040229,2.425350,-0.507166,1.068099,2.692823
1403,-0.311283,0.006931,2.731932,-0.303381,-0.256573,2.734444,-0.271589,-0.606917,2.608827,0.025296,-0.502665,2.209188,0.054441,-0.099391,2.220337,0.050530,0.191955,2.319255,-0.303139,0.209315,2.655579,-0.100405,0.266710,2.390676,-0.294139,0.666013,2.388807,-0.490339,0.667123,2.665567,-0.382637,1.054728,2.443456,-0.515210,1.089997,2.704069
1404,-0.316436,0.061016,2.723964,-0.300516,-0.251394,2.734810,-0.262969,-0.595452,2.617516,0.021719,-0.491837,2.200344,0.062567,-0.079824,2.220208,0.038651,0.202217,2.344293,-0.297062,0.228940,2.669993,-0.097755,0.283167,2.386343,-0.264120,0.673550,2.397332,-0.521829,0.732052,2.686356,-0.331063,1.135680,2.465723,-0.503633,1.118039,2.694517
1405,-0.274630,0.023266,2.731227,-0.265978,-0.235423,2.734461,-0.255744,-0.579729,2.615081,0.014550,-0.486132,2.198982,0.058955,-0.087732,2.198889,0.043915,0.192052,2.318063,-0.291960,0.240338,2.661675,-0.097963,0.294932,2.384001,-0.248743,0.752742,2.439946,-0.512569,0.752396,2.684767,-0.339347,1.149606,2.472114,-0.496737,1.133330,2.696800
1406,-0.276086,-0.026284,2.715702,-0.257931,-0.236004,2.741774,-0.262158,-0.574767,2.617432,0.013358,-0.472299,2.198638,0.072828,-0.070999,2.202586,0.042485,0.178211,2.331943,-0.290061,0.226680,2.662833,-0.094607,0.289022,2.383226,-0.227860,0.785377,2.437962,-0.515373,0.720744,2.675589,-0.315325,1.127612,2.453121,-0.489989,1.113827,2.689239
1407,-0.250800,-0.006993,2.717824,-0.256241,-0.234523,2.737797,-0.246761,-0.556556,2.612662,0.008553,-0.460108,2.198570,0.072964,-0.066657,2.201584,0.046557,0.168288,2.317815,-0.281929,0.231619,2.659974,-0.106778,0.293080,2.382164,-0.255646,0.744994,2.407827,-0.490277,0.621550,2.640636,-0.351706,1.052703,2.415833,-0.486681,1.025400,2.665023
1408,-0.269992,-0.084763,2.699410,-0.262524,-0.239004,2.730291,-0.255440,-0.537618,2.619449,0.004075,-0.442555,2.201982,0.076054,-0.063733,2.200262,0.046527,0.164929,2.327469,-0.290620,0.235861,2.658731,-0.111108,0.291461,2.384302,-0.312831,0.639333,2.383293,-0.491266,0.692385,2.681210,-0.513536,0.951939,2.396519,-0.402613,1.094287,2.703511
1409,-0.256848,-0.067414,2.715693,-0.253694,-0.229019,2.732308,-0.250616,-0.515632,2.616929,-0.002213,-0.423564,2.210742,0.079510,-0.054450,2.203524,0.049397,0.166558,2.319645,-0.293402,0.256600,2.662602,-0.118436,0.314998,2.393427,-0.311037,0.718986,2.417416,-0.513065,0.616823,2.654020,-0.424601,1.004965,2.420095,-0.526956,1.043174,2.679704
1410,-0.306084,-0.098940,2.712106,-0.264234,-0.221510,2.744933,-0.241875,-0.493406,2.617186,-0.003076,-0.403070,2.210479,0.087374,-0.049053,2.213025,0.053866,0.169859,2.328804,-0.275920,0.282098,2.667389,-0.116827,0.341541,2.397481,-0.340866,0.708613,2.438259,-0.490986,0.612243,2.676278,-0.523093,0.908590,2.422840,-0.407636,1.108757,2.736269
1411,-0.293460,0.004111,2.717119,-0.268727,-0.210140,2.745318,-0.270832,-0.476423,2.623537,-0.003190,-0.381477,2.215808,0.090668,-0.049849,2.217404,0.052925,0.168924,2.329525,-0.290440,0.285966,2.678084,-0.115328,0.355741,2.406897,-0.314154,0.735582,2.420301,-0.543099,0.684799,2.698788,-0.472081,0.989570,2.426494,-0.549120,1.081064,2.723865
1412,-0.283391,0.011991,2.725262,-0.264503,-0.211255,2.749367,-0.257992,-0.472125,2.623837,-0.010616,-0.372875,2.217498,0.095389,-0.066901,2.217719,0.041016,0.156530,2.323533,-0.295342,0.302539,2.683151,-0.134764,0.370025,2.413382,-0.323693,0.742332,2.395043,-0.529153,0.648582,2.668797,-0.421503,0.969181,2.419435,-0.529170,1.056575,2.714195
1413,-0.271524,0.004007,2.703790,-0.259217,-0.182430,2.756107,-0.253737,-0.427117,2.641160,-0.012930,-0.337216,2.218805,0.096265,-0.063722,2.218164,0.056515,0.156668,2.323269,-0.290563,0.332666,2.691386,-0.121180,0.400723,2.421187,-0.327856,0.760584,2.399712,-0.548362,0.668858,2.685321,-0.407415,0.998903,2.435163,-0.545415,1.064850,2.710972
1414,-0.311512,0.000009,2.704236,-0.277901,-0.200545,2.755618,-0.280914,-0.393646,2.647609,-0.008812,-0.293701,2.231299,0.104510,-0.051246,2.222108,0.054517,0.148497,2.344665,-0.293804,0.345738,2.691226,-0.123385,0.416784,2.427806,-0.321331,0.731885,2.424556,-0.542523,0.685549,2.682931,-0.452025,1.013225,2.452828,-0.545792,1.066167,2.723516
1415,-0.325946,-0.052794,2.697759,-0.299235,-0.226079,2.758131,-0.263433,-0.382392,2.648521,-0.023112,-0.259906,2.232066,0.113335,-0.048477,2.230945,0.046590,0.136301,2.362320,-0.286321,0.337738,2.700890,-0.126465,0.404157,2.436875,-0.411280,0.709925,2.398976,-0.537170,0.663941,2.688667,-0.439272,0.933267,2.411775,-0.528519,1.056468,2.718370
1416,-0.330708,0.027481,2.712843,-0.293616,-0.174964,2.762358,-0.278765,-0.332816,2.660206,-0.014645,-0.233675,2.221703,0.133809,-0.040231,2.238712,0.036118,0.147807,2.359460,-0.297055,0.356276,2.688511,-0.125723,0.418949,2.420926,-0.315695,0.777494,2.421057,-0.546947,0.673531,2.672000,-0.425707,0.912253,2.411646,-0.512511,1.024258,2.713871
1417,-0.343392,0.016458,2.712808,-0.315716,-0.167318,2.743732,-0.282947,-0.323390,2.659621,-0.019818,-0.221619,2.226882,0.156214,-0.044636,2.253579,0.058641,0.129123,2.344318,-0.297090,0.349383,2.686766,-0.132308,0.411776,2.421542,-0.426176,0.709009,2.423764,-0.539898,0.673002,2.668898,-0.505275,0.964814,2.430773,-0.558187,1.057701,2.700735
1418,-0.352044,-0.009021,2.715057,-0.294901,-0.184359,2.730084,-0.283194,-0.310599,2.655910,-0.016997,-0.221516,2.235026,0.181620,-0.056262,2.256581,0.072145,0.097473,2.332826,-0.299215,0.352697,2.673714,-0.142845,0.413561,2.417561,-0.453681,0.685445,2.413305,-0.532429,0.691936,2.670159,-0.575314,0.858451,2.388577,-0.480367,1.088815,2.668765
1419,-0.323209,0.017774,2.678467,-0.297211,-0.171041,2.729643,-0.283370,-0.314342,2.660616,-0.009922,-0.225882,2.238853,0.178372,-0.050183,2.274353,0.077753,0.100334,2.372748,-0.290047,0.337697,2.687211,-0.124517,0.412246,2.423622,-0.445789,0.654562,2.374513,-0.524461,0.661347,2.701548,-0.580254,0.735412,2.332333,-0.497834,1.028633,2.670605
1420,-0.286484,-0.035037,2.683230,-0.256992,-0.199795,2.717491,-0.247823,-0.320710,2.652710,-0.018228,-0.228307,2.242089,0.186441,-0.058974,2.263981,0.079489,0.100887,2.370226,-0.270927,0.336436,2.688760,-0.133260,0.413078,2.429652,-0.422582,0.649737,2.403242,-0.534942,0.588707,2.650459,-0.560385,0.743336,2.374298,-0.513526,0.975206,2.658504
1421,-0.289286,-0.018580,2.704436,-0.248380,-0.193073,2.726552,-0.243670,-0.322446,2.643806,-0.014445,-0.229373,2.244176,0.181547,-0.074435,2.252375,0.076318,0.103213,2.333754,-0.269320,0.343427,2.690583,-0.129837,0.416822,2.432216,-0.440016,0.664885,2.381739,-0.546772,0.644431,2.687813,-0.518052,0.757708,2.351628,-0.572462,0.969434,2.659353
1422,-0.301604,-0.005328,2.712635,-0.246488,-0.168147,2.730417,-0.237603,-0.326457,2.648968,-0.019368,-0.230354,2.243604,0.165349,-0.062647,2.268888,0.081679,0.116062,2.345122,-0.261517,0.334257,2.689930,-0.127645,0.411921,2.434394,-0.441442,0.660169,2.406945,-0.533135,0.645759,2.691993,-0.568036,0.737675,2.350222,-0.522401,0.910198,2.651077
1423,-0.303818,-0.011870,2.706651,-0.251392,-0.158313,2.726906,-0.245494,-0.315944,2.652488,-0.007052,-0.230644,2.245919,0.150386,-0.062076,2.264523,0.077035,0.116863,2.343883,-0.263884,0.346937,2.691428,-0.121018,0.413649,2.437342,-0.409744,0.686070,2.382667,-0.553429,0.659434,2.690723,-0.509419,0.787172,2.346896,-0.581624,0.938042,2.661163
1424,-0.269910,0.013505,2.706182,-0.239843,-0.185437,2.725471,-0.241926,-0.318497,2.649193,-0.006962,-0.228983,2.245497,0.167663,-0.073785,2.254991,0.084573,0.109989,2.346885,-0.270410,0.344720,2.686038,-0.126911,0.413135,2.435560,-0.364978,0.666662,2.394134,-0.545741,0.634506,2.674360,-0.508664,0.777097,2.340019,-0.573282,0.902886,2.626872
1425,-0.243142,-0.004696,2.700008,-0.229323,-0.202335,2.732522,-0.240328,-0.320340,2.653198,-0.004954,-0.226184,2.246969,0.175790,-0.078996,2.244185,0.087905,0.110611,2.359436,-0.272729,0.342056,2.683047,-0.131053,0.412796,2.430838,-0.417810,0.661677,2.411756,-0.539325,0.634343,2.665934,-0.528161,0.787752,2.370555,-0.567851,0.874851,2.627610
1426,-0.249090,0.024689,2.711925,-0.247818,-0.177755,2.738150,-0.252451,-0.317436,2.657179,0.000740,-0.222999,2.242901,0.173378,-0.079140,2.258697,0.085650,0.111313,2.363655,-0.278075,0.337753,2.684029,-0.131353,0.409994,2.427704,-0.437994,0.660944,2.390256,-0.546406,0.647006,2.690338,-0.524082,0.757755,2.344145,-0.580348,0.896168,2.626467
1427,-0.291399,0.009354,2.718383,-0.260585,-0.180541,2.731140,-0.234742,-0.328896,2.646042,-0.000867,-0.220512,2.243646,0.173817,-0.078334,2.261388,0.085558,0.113434,2.357738,-0.265430,0.339123,2.685688,-0.130772,0.407272,2.431643,-0.445427,0.649526,2.377810,-0.511708,0.676717,2.697106,-0.565761,0.691001,2.330034,-0.506806,0.968951,2.664375
1428,-0.298430,-0.023500,2.728586,-0.263414,-0.207752,2.727790,-0.234418,-0.332183,2.645162,0.001075,-0.217792,2.247657,0.173460,-0.069828,2.265843,0.084629,0.121783,2.322771,-0.267224,0.328794,2.679618,-0.132675,0.397217,2.428958,-0.435998,0.657813,2.368526,-0.508734,0.677118,2.692240,-0.581376,0.666149,2.348247,-0.518643,1.017118,2.654847
1429,-0.310259,0.006766,2.723935,-0.249746,-0.171075,2.722617,-0.228782,-0.335467,2.639712,0.007113,-0.220502,2.249577,0.180482,-0.065258,2.270636,0.093800,0.123118,2.348433,-0.256218,0.315634,2.683945,-0.113329,0.378236,2.429518,-0.405202,0.643809,2.387150,-0.489459,0.649516,2.710608,-0.581808,0.674589,2.360730,-0.483787,1.014744,2.673424
1430,-0.268147,0.042236,2.726966,-0.233795,-0.157336,2.721564,-0.229697,-0.331217,2.639747,0.016969,-0.225687,2.243770,0.179837,-0.061351,2.265091,0.090675,0.120833,2.344502,-0.261958,0.330004,2.691339,-0.104484,0.383001,2.434236,-0.389524,0.647043,2.400226,-0.474651,0.651977,2.699678,-0.599988,0.720692,2.384094,-0.484827,1.057517,2.688859
1431,-0.276715,-0.002013,2.728332,-0.235349,-0.169158,2.721787,-0.234913,-0.330381,2.639234,0.021484,-0.228885,2.249963,0.172129,-0.051506,2.263935,0.093099,0.123541,2.330208,-0.265576,0.319518,2.683378,-0.111416,0.385972,2.431603,-0.340931,0.664901,2.411934,-0.483126,0.639247,2.682853,-0.581532,0.765868,2.392125,-0.486623,1.057141,2.681809
1432,-0.312672,0.018340,2.723644,-0.248529,-0.145995,2.724345,-0.231165,-0.324869,2.640353,0.020496,-0.228543,2.248774,0.168518,-0.053301,2.280426,0.087335,0.125525,2.340463,-0.251803,0.335693,2.695090,-0.094810,0.398443,2.445353,-0.337289,0.677034,2.444605,-0.473695,0.658828,2.713148,-0.606659,0.772137,2.397646,-0.460349,1.066587,2.717793
1433,-0.286543,0.050271,2.718224,-0.247480,-0.143500,2.715891,-0.239895,-0.325370,2.642306,0.023647,-0.227047,2.250104,0.157961,-0.066556,2.319104,0.086867,0.086694,2.415978,-0.264089,0.332083,2.694228,-0.103707,0.392159,2.442264,-0.328880,0.682287,2.425312,-0.470112,0.681630,2.712914,-0.590327,0.733820,2.368205,-0.432343,1.055044,2.687684
1434,-0.320198,0.026633,2.717972,-0.259420,-0.142210,2.715680,-0.240969,-0.332202,2.642667,0.016607,-0.227758,2.252800,0.138121,-0.049970,2.312281,0.067662,0.119412,2.365929,-0.265315,0.328301,2.688720,-0.102639,0.393220,2.444128,-0.344505,0.685312,2.419199,-0.492333,0.674218,2.721271,-0.573134,0.719771,2.372847,-0.486582,1.033940,2.702181
1435,-0.293635,0.054266,2.722494,-0.256600,-0.124454,2.724324,-0.239864,-0.325184,2.643789,0.024229,-0.226124,2.253515,0.129226,-0.044873,2.296507,0.066482,0.134187,2.355976,-0.258778,0.329780,2.701408,-0.094693,0.397612,2.450247,-0.299861,0.693349,2.418974,-0.484704,0.646611,2.727556,-0.533392,0.738861,2.353540,-0.486591,1.008324,2.691613
1436,-0.292880,0.048341,2.724452,-0.262120,-0.135167,2.722026,-0.236305,-0.323100,2.646662,0.018738,-0.223630,2.255572,0.140602,-0.046686,2.288013,0.077405,0.129391,2.347692,-0.254169,0.326538,2.697806,-0.100683,0.394673,2.446204,-0.368562,0.664541,2.396957,-0.479345,0.678595,2.732079,-0.563702,0.718543,2.343223,-0.453764,1.027439,2.688288
1437,-0.295076,0.053960,2.726804,-0.277653,-0.133612,2.725571,-0.248805,-0.325648,2.652865,0.018939,-0.225984,2.262400,0.144035,-0.052755,2.279958,0.077989,0.133732,2.345405,-0.256128,0.322148,2.691861,-0.100381,0.387491,2.437112,-0.365118,0.648659,2.384647,-0.474188,0.661231,2.714540,-0.594271,0.643578,2.328863,-0.421619,1.026348,2.670433
1438,-0.302360,0.043586,2.718631,-0.235653,-0.153868,2.715591,-0.247091,-0.325618,2.652112,0.016049,-0.236823,2.263674,0.144848,-0.059906,2.292272,0.077320,0.113669,2.354180,-0.261737,0.329892,2.687610,-0.094331,0.387162,2.439494,-0.314434,0.669424,2.403754,-0.467218,0.663528,2.722234,-0.563806,0.670764,2.341011,-0.421695,1.018341,2.675792
1439,-0.314724,0.022131,2.708937,-0.262212,-0.136338,2.722471,-0.236468,-0.337244,2.647742,0.014298,-0.235274,2.262644,0.138977,-0.024663,2.311169,0.065549,0.116438,2.377607,-0.253355,0.324370,2.705758,-0.093643,0.389923,2.451129,-0.396676,0.662823,2.404357,-0.483629,0.673506,2.736732,-0.553521,0.714491,2.342758,-0.486330,0.951912,2.673134
1440,-0.299627,0.038529,2.714617,-0.286900,-0.167081,2.730823,-0.249524,-0.345526,2.641443,0.011778,-0.239350,2.263278,0.133208,-0.023814,2.299213,0.064429,0.137978,2.370841,-0.265048,0.309073,2.694602,-0.111069,0.381785,2.443206,-0.391984,0.643472,2.379723,-0.472487,0.675039,2.705534,-0.614159,0.692379,2.359643,-0.431971,0.982833,2.707778
1441,-0.300072,0.027242,2.726675,-0.285813,-0.185588,2.740705,-0.249412,-0.345660,2.634053,0.010715,-0.245733,2.266013,0.144950,-0.037472,2.291075,0.070103,0.131162,2.346536,-0.270023,0.317506,2.693558,-0.108074,0.384312,2.443696,-0.412892,0.683144,2.414628,-0.478202,0.676992,2.712156,-0.589687,0.783943,2.392573,-0.413944,1.083312,2.731232
1442,-0.328011,-0.000403,2.724476,-0.277359,-0.186012,2.746021,-0.250146,-0.347676,2.638378,0.008624,-0.257568,2.267997,0.151813,-0.063810,2.278607,0.070252,0.133096,2.331196,-0.273029,0.308154,2.688721,-0.112379,0.380201,2.443938,-0.405085,0.673738,2.417778,-0.477215,0.652214,2.699744,-0.570097,0.844919,2.394076,-0.427521,1.039660,2.720532
1443,-0.307262,0.031898,2.727245,-0.282978,-0.159537,2.752734,-0.256167,-0.344314,2.640537,0.009678,-0.266917,2.271693,0.144947,-0.071685,2.283364,0.067864,0.140113,2.343996,-0.276003,0.306372,2.696468,-0.109826,0.377740,2.448950,-0.374244,0.697403,2.438525,-0.484639,0.636151,2.711017,-0.588977,0.856968,2.417392,-0.447698,1.043269,2.732517
1444,-0.285751,0.027059,2.724977,-0.241509,-0.157495,2.747250,-0.253127,-0.353298,2.643900,0.007674,-0.276696,2.269459,0.149398,-0.051956,2.276335,0.074799,0.138041,2.343591,-0.279987,0.299333,2.695437,-0.123330,0.377095,2.448849,-0.378514,0.702363,2.434936,-0.504944,0.658425,2.717950,-0.608835,0.738666,2.406999,-0.455582,1.019063,2.718131
1445,-0.267699,0.025613,2.728165,-0.224601,-0.146525,2.745220,-0.250781,-0.350259,2.646658,0.006415,-0.285329,2.275222,0.144171,-0.045066,2.269664,0.070684,0.130981,2.323007,-0.272357,0.305099,2.688421,-0.116814,0.373603,2.444960,-0.344579,0.706189,2.431028,-0.475415,0.658864,2.720685,-0.583588,0.742950,2.415799,-0.426229,1.031283,2.713405
1446,-0.312099,0.025255,2.736273,-0.245476,-0.139725,2.754510,-0.266104,-0.364138,2.641306,0.008747,-0.291387,2.278065,0.144214,-0.041576,2.276560,0.069458,0.133378,2.312046,-0.279070,0.294249,2.683572,-0.115821,0.368420,2.441967,-0.351661,0.680028,2.441875,-0.494096,0.654242,2.714044,-0.642040,0.776092,2.419167,-0.442976,1.044337,2.743655
1447,-0.313035,0.021289,2.720000,-0.282189,-0.130709,2.761100,-0.259571,-0.362185,2.648470,0.001220,-0.301253,2.270575,0.140921,-0.041311,2.279557,0.068310,0.131184,2.332633,-0.279869,0.294758,2.687641,-0.116751,0.362456,2.438121,-0.380074,0.652091,2.420845,-0.475779,0.633512,2.730294,-0.624078,0.742706,2.401262,-0.412890,1.041775,2.743995
1448,-0.312430,0.021741,2.724751,-0.259452,-0.151267,2.753687,-0.261913,-0.374668,2.639869,0.000101,-0.308581,2.265498,0.133924,-0.040172,2.282574,0.058618,0.140771,2.329957,-0.281522,0.285413,2.681975,-0.122293,0.350215,2.433381,-0.398269,0.669726,2.422165,-0.477447,0.597182,2.670699,-0.604144,0.717667,2.377177,-0.429752,1.018113,2.738294
1449,-0.294479,0.025306,2.726021,-0.245992,-0.153674,2.748471,-0.251577,-0.391844,2.638871,-0.002214,-0.315104,2.269030,0.138985,-0.046646,2.285266,0.065973,0.134728,2.335829,-0.273905,0.272628,2.682922,-0.118278,0.337278,2.439397,-0.365040,0.665311,2.438853,-0.500438,0.668385,2.732656,-0.558235,0.701383,2.375361,-0.469877,0.934556,2.685071
1450,-0.310321,0.001645,2.717257,-0.248707,-0.168884,2.754349,-0.253011,-0.393754,2.634168,-0.000804,-0.320436,2.266600,0.136333,-0.050598,2.276577,0.063193,0.132828,2.331225,-0.276125,0.266053,2.678957,-0.116903,0.332035,2.438989,-0.346064,0.666083,2.434735,-0.483123,0.671204,2.748136,-0.554610,0.682105,2.372533,-0.454979,0.914237,2.702171
1451,-0.308456,0.008256,2.731330,-0.251254,-0.175575,2.738927,-0.252078,-0.405825,2.638053,-0.009093,-0.332587,2.264687,0.124227,-0.044752,2.276460,0.064951,0.135679,2.321329,-0.276969,0.233800,2.665895,-0.130662,0.322078,2.431680,-0.343845,0.587205,2.412420,-0.481793,0.644026,2.725473,-0.563902,0.684142,2.383966,-0.440731,0.901346,2.699185
1452,-0.292401,0.021596,2.742078,-0.246677,-0.190925,2.739034,-0.246561,-0.417551,2.632355,-0.011018,-0.338868,2.261830,0.129195,-0.047310,2.268806,0.062443,0.137883,2.311047,-0.267792,0.244759,2.669334,-0.120025,0.325976,2.438931,-0.403700,0.641915,2.428279,-0.496996,0.652898,2.716302,-0.537036,0.726533,2.419634,-0.466741,0.890346,2.705558
1453,-0.299432,0.030484,2.744612,-0.249665,-0.172014,2.730183,-0.240333,-0.428816,2.632863,-0.012168,-0.352008,2.258379,0.123591,-0.051298,2.274223,0.063158,0.141989,2.325918,-0.262302,0.249651,2.669373,-0.113125,0.320258,2.431488,-0.341016,0.651896,2.424926,-0.473438,0.643978,2.704411,-0.560827,0.701516,2.386507,-0.484829,0.884240,2.653482
1454,-0.302147,0.026992,2.740503,-0.225392,-0.172411,2.736826,-0.232939,-0.429353,2.629434,-0.006365,-0.360860,2.261863,0.121083,-0.055331,2.266693,0.060324,0.144890,2.335869,-0.258098,0.262455,2.671971,-0.109018,0.329377,2.431227,-0.341658,0.679130,2.426470,-0.469082,0.585746,2.654157,-0.531229,0.663085,2.365871,-0.465348,0.887704,2.666939
1455,-0.299923,0.003826,2.746075,-0.225285,-0.200543,2.732502,-0.230332,-0.435636,2.627408,-0.009023,-0.364824,2.260811,0.120275,-0.063583,2.267747,0.057319,0.146092,2.331265,-0.255988,0.261225,2.672470,-0.102681,0.332186,2.432179,-0.324097,0.700733,2.423334,-0.485613,0.661898,2.691877,-0.497698,0.692921,2.377975,-0.475858,0.850476,2.667369
1456,-0.314186,0.002098,2.753186,-0.233225,-0.199881,2.736058,-0.237705,-0.444601,2.628278,-0.004693,-0.375292,2.259221,0.112366,-0.068505,2.272753,0.050728,0.150088,2.333597,-0.254705,0.249139,2.675134,-0.105525,0.313785,2.427063,-0.361924,0.644059,2.416603,-0.473917,0.671010,2.703057,-0.549303,0.688923,2.377482,-0.488426,0.863973,2.666512
1457,-0.311775,0.023092,2.750218,-0.225218,-0.160401,2.741988,-0.230619,-0.434118,2.626433,-0.004176,-0.379175,2.257268,0.114820,-0.068845,2.261682,0.050706,0.155147,2.324996,-0.256435,0.258857,2.667339,-0.104041,0.321807,2.422212,-0.379910,0.674312,2.433324,-0.489508,0.669841,2.694659,-0.552428,0.753512,2.408707,-0.471135,0.927514,2.698053
1458,-0.302225,0.012847,2.756957,-0.223222,-0.180021,2.738333,-0.228891,-0.441830,2.625337,-0.004192,-0.386672,2.259964,0.108950,-0.070196,2.262950,0.053739,0.162134,2.316068,-0.251939,0.244237,2.662799,-0.109594,0.314005,2.423963,-0.358224,0.657299,2.443280,-0.473462,0.658713,2.688204,-0.597869,0.842138,2.456264,-0.492954,1.047118,2.718815
1459,-0.304467,0.003659,2.744789,-0.238590,-0.228013,2.728288,-0.240555,-0.466201,2.620151,0.002437,-0.401423,2.249553,0.091370,-0.076634,2.267306,0.054906,0.161850,2.320780,-0.258438,0.240607,2.659801,-0.097104,0.299575,2.410940,-0.332990,0.685939,2.446445,-0.484028,0.675921,2.699060,-0.536132,0.764620,2.430023,-0.493541,0.948676,2.671362
1460,-0.306348,0.022473,2.745516,-0.236901,-0.206403,2.742936,-0.240986,-0.467191,2.619017,0.005982,-0.407328,2.245449,0.100176,-0.076194,2.252757,0.052606,0.156332,2.331938,-0.253894,0.242755,2.658550,-0.094375,0.298657,2.412426,-0.345220,0.694850,2.425045,-0.490539,0.671355,2.683069,-0.547059,0.848251,2.451750,-0.517618,0.961875,2.711642
1461,-0.318003,-0.060158,2.741660,-0.246189,-0.253264,2.737683,-0.234256,-0.489957,2.613106,0.010567,-0.414190,2.243077,0.099676,-0.077722,2.245685,0.053161,0.156985,2.314340,-0.258293,0.236001,2.656393,-0.098315,0.303695,2.410625,-0.371663,0.704002,2.445948,-0.487396,0.685428,2.674787,-0.552940,0.898462,2.468792,-0.491393,1.024885,2.729698
1462,-0.289336,-0.078109,2.739489,-0.233577,-0.267768,2.725131,-0.226893,-0.508255,2.609203,0.014829,-0.424281,2.238001,0.097877,-0.079391,2.247917,0.059960,0.161129,2.322247,-0.255945,0.223199,2.658612,-0.105959,0.296318,2.409855,-0.382227,0.690173,2.457813,-0.452065,0.589082,2.667198,-0.601364,0.871283,2.498794,-0.472189,1.057348,2.730401
1463,-0.308522,-0.031817,2.737207,-0.249353,-0.276543,2.729846,-0.240500,-0.534404,2.603545,0.020746,-0.442357,2.227493,0.098368,-0.079113,2.246289,0.056392,0.161387,2.335554,-0.263900,0.218737,2.651231,-0.098621,0.287277,2.404319,-0.332244,0.700599,2.460468,-0.472284,0.687307,2.681433,-0.549734,0.922823,2.500957,-0.470163,1.067124,2.733275
1464,-0.301063,-0.108124,2.725791,-0.248152,-0.287001,2.728848,-0.232792,-0.542948,2.602684,0.018172,-0.454223,2.222466,0.094724,-0.087560,2.241534,0.052484,0.161462,2.321807,-0.261388,0.227054,2.651405,-0.104406,0.291073,2.402380,-0.334031,0.701961,2.457011,-0.457224,0.694826,2.679915,-0.551384,0.953839,2.508408,-0.447360,1.103234,2.761501
1465,-0.280044,-0.057139,2.733073,-0.237454,-0.252234,2.724589,-0.227955,-0.549992,2.599694,0.026741,-0.467272,2.212155,0.097115,-0.083449,2.234144,0.053531,0.173295,2.324415,-0.264339,0.229623,2.652645,-0.084806,0.292087,2.396907,-0.301093,0.717077,2.452093,-0.463699,0.653052,2.673033,-0.504018,0.970792,2.481571,-0.485736,1.043127,2.731949
1466,-0.263356,-0.044398,2.739411,-0.233796,-0.255835,2.725362,-0.235393,-0.563108,2.599416,0.035596,-0.474303,2.206602,0.090350,-0.092466,2.229001,0.051917,0.174465,2.309060,-0.265922,0.220404,2.646842,-0.084483,0.275556,2.391046,-0.305841,0.698299,2.451524,-0.449592,0.652595,2.658783,-0.551643,0.910679,2.476740,-0.423429,1.057712,2.709934
1467,-0.274873,-0.071117,2.731547,-0.250071,-0.272405,2.723168,-0.245714,-0.567918,2.595945,0.035486,-0.478386,2.207803,0.091035,-0.095970,2.220233,0.054904,0.173235,2.313170,-0.267881,0.217176,2.646840,-0.083549,0.271152,2.391222,-0.274489,0.703766,2.459825,-0.453456,0.648223,2.663839,-0.497219,0.964658,2.476084,-0.501794,1.024949,2.713185
1468,-0.264702,0.016611,2.741287,-0.238361,-0.246869,2.726684,-0.236075,-0.574077,2.597046,0.042364,-0.487014,2.207025,0.088530,-0.096705,2.224437,0.054916,0.175746,2.330214,-0.265087,0.211448,2.651724,-0.077441,0.264007,2.390041,-0.270913,0.706383,2.460456,-0.449046,0.647836,2.658105,-0.470737,0.869450,2.409884,-0.505085,0.930791,2.657848
1469,-0.297555,0.032094,2.742465,-0.267416,-0.252667,2.729572,-0.243742,-0.572358,2.597923,0.042461,-0.488520,2.207595,0.084778,-0.098995,2.214185,0.050491,0.178743,2.311541,-0.272644,0.218571,2.649993,-0.085153,0.270693,2.386443,-0.301446,0.686215,2.461818,-0.451787,0.639832,2.668781,-0.492293,0.896550,2.431530,-0.489759,0.979360,2.691898
1470,-0.259249,-0.047666,2.732339,-0.231797,-0.278425,2.719961,-0.229341,-0.575368,2.593039,0.045086,-0.489166,2.207616,0.088956,-0.104820,2.207141,0.054142,0.174646,2.310751,-0.269167,0.223599,2.647313,-0.088447,0.280205,2.387388,-0.288612,0.706809,2.465806,-0.460492,0.707099,2.681065,-0.521227,0.949536,2.469357,-0.501560,1.058031,2.720400
1471,-0.279703,-0.020404,2.738031,-0.257911,-0.278294,2.726275,-0.233924,-0.582909,2.592800,0.047111,-0.503222,2.203908,0.085928,-0.104916,2.204157,0.062727,0.163341,2.310516,-0.268435,0.208496,2.646896,-0.089334,0.265435,2.385571,-0.299602,0.700230,2.457764,-0.449058,0.719546,2.679708,-0.540937,0.949322,2.460233,-0.443009,1.103517,2.723570
1472,-0.276374,-0.108233,2.729494,-0.239104,-0.304502,2.717524,-0.230161,-0.584203,2.595121,0.046059,-0.500527,2.210493,0.082728,-0.106448,2.201640,0.060320,0.159163,2.322817,-0.267547,0.212269,2.653080,-0.089898,0.263460,2.387778,-0.294298,0.684727,2.456382,-0.448228,0.729834,2.689114,-0.508788,0.956067,2.458654,-0.446220,1.089528,2.731839
1473,-0.270923,-0.053039,2.739222,-0.235484,-0.284163,2.723785,-0.219716,-0.592718,2.595475,0.038690,-0.505892,2.208072,0.080806,-0.107632,2.206364,0.057410,0.173487,2.316000,-0.263204,0.207792,2.654763,-0.098429,0.260251,2.388047,-0.290581,0.686180,2.461437,-0.456668,0.715701,2.689743,-0.468923,0.975082,2.463422,-0.493870,1.051069,2.724861
1474,-0.262339,-0.057439,2.741117,-0.226938,-0.274830,2.722880,-0.217104,-0.595930,2.597402,0.041883,-0.505203,2.203554,0.078176,-0.106076,2.212001,0.061140,0.184168,2.328223,-0.262686,0.212953,2.661286,-0.092239,0.264817,2.389415,-0.290574,0.697215,2.481369,-0.445820,0.723954,2.690970,-0.522920,0.886151,2.483238,-0.445736,1.109314,2.744584
1475,-0.288610,0.044347,2.756724,-0.216351,-0.244952,2.725793,-0.221309,-0.598559,2.603480,0.043277,-0.508314,2.205131,0.076376,-0.094739,2.220003,0.057973,0.191430,2.332770,-0.263353,0.212589,2.666955,-0.092800,0.264738,2.394325,-0.271842,0.723309,2.480177,-0.463992,0.706700,2.692685,-0.416159,1.049046,2.496689,-0.495436,1.079767,2.730193
1476,-0.276778,-0.048846,2.734970,-0.232885,-0.268350,2.726971,-0.229053,-0.602271,2.604658,0.046382,-0.506253,2.203172,0.077727,-0.098124,2.224114,0.058490,0.186429,2.331484,-0.269392,0.209462,2.660543,-0.091178,0.266921,2.392820,-0.283847,0.741181,2.470016,-0.458001,0.627396,2.656306,-0.387162,1.092347,2.507458,-0.497590,1.090631,2.733907
1477,-0.275340,-0.009468,2.742396,-0.238627,-0.260619,2.728611,-0.232345,-0.601584,2.599126,0.044126,-0.509855,2.202672,0.074772,-0.099866,2.226871,0.057778,0.191299,2.316721,-0.281215,0.202616,2.658364,-0.097396,0.263965,2.392904,-0.293704,0.752973,2.474722,-0.488131,0.689097,2.687152,-0.359028,1.121662,2.517170,-0.507866,1.098710,2.732040
1478,-0.297384,0.011098,2.746419,-0.262257,-0.261533,2.732156,-0.236922,-0.607289,2.598210,0.051428,-0.511571,2.200278,0.074589,-0.096965,2.230334,0.050970,0.195277,2.316943,-0.283238,0.200158,2.661562,-0.087191,0.258501,2.395252,-0.226948,0.769349,2.481043,-0.480585,0.705880,2.691621,-0.328548,1.145462,2.534515,-0.483356,1.126980,2.741957
1479,-0.309223,0.019289,2.748144,-0.262978,-0.265077,2.723539,-0.242694,-0.611088,2.592021,0.049361,-0.511890,2.199784,0.070885,-0.096411,2.232485,0.050026,0.200957,2.325812,-0.292783,0.194935,2.661121,-0.090565,0.254862,2.394392,-0.252728,0.770450,2.483143,-0.496698,0.701490,2.694787,-0.329086,1.172047,2.538897,-0.528343,1.118695,2.753505
1480,-0.295003,0.054471,2.753089,-0.246442,-0.241896,2.729102,-0.237672,-0.604610,2.597263,0.049904,-0.510507,2.199602,0.076113,-0.092756,2.231020,0.056857,0.213228,2.323015,-0.289487,0.200346,2.661685,-0.086027,0.261095,2.395950,-0.269998,0.772887,2.476436,-0.499786,0.704801,2.691100,-0.316756,1.194936,2.546955,-0.516226,1.151947,2.743709
1481,-0.292758,0.055438,2.759146,-0.249103,-0.237809,2.729857,-0.243298,-0.604008,2.596752,0.050137,-0.511913,2.197721,0.076480,-0.093431,2.223837,0.058802,0.203414,2.317809,-0.293284,0.193627,2.658231,-0.092383,0.259086,2.394640,-0.274024,0.774274,2.485419,-0.507691,0.708382,2.688057,-0.316851,1.189478,2.545491,-0.518424,1.156361,2.747131
1482,-0.286813,0.055749,2.757644,-0.271529,-0.251655,2.733370,-0.238758,-0.602947,2.602301,0.048990,-0.509839,2.197435,0.075811,-0.097508,2.221640,0.054318,0.196394,2.316416,-0.294445,0.198216,2.660323,-0.098800,0.263589,2.397503,-0.272409,0.774022,2.483224,-0.508940,0.708581,2.685426,-0.315831,1.178072,2.539557,-0.522333,1.142672,2.737946
1483,-0.284730,0.026154,2.743762,-0.247206,-0.252593,2.729169,-0.239586,-0.606736,2.604127,0.048167,-0.516083,2.204537,0.075814,-0.114992,2.218116,0.060550,0.184448,2.310559,-0.298292,0.195752,2.655883,-0.106094,0.256404,2.393912,-0.282812,0.767334,2.476661,-0.505691,0.708007,2.685357,-0.317956,1.170513,2.539209,-0.503306,1.142609,2.749160
1484,-0.282119,0.039030,2.741440,-0.244338,-0.248653,2.730472,-0.241488,-0.605494,2.606467,0.047437,-0.517194,2.204522,0.072769,-0.115325,2.214828,0.057674,0.180684,2.315039,-0.298417,0.198788,2.653380,-0.103119,0.255580,2.391124,-0.271892,0.765325,2.475695,-0.501024,0.707376,2.682672,-0.319544,1.159110,2.523223,-0.490436,1.159946,2.750685
1485,-0.310914,0.068419,2.750583,-0.257288,-0.234212,2.738633,-0.247300,-0.600193,2.609131,0.046081,-0.513795,2.206108,0.065835,-0.105625,2.223815,0.051224,0.183769,2.319378,-0.300213,0.195727,2.656165,-0.105064,0.251242,2.395611,-0.281959,0.775852,2.466952,-0.515451,0.714755,2.678306,-0.308270,1.211415,2.527258,-0.521040,1.160331,2.737103
1486,-0.314722,0.061477,2.747646,-0.275714,-0.245228,2.739799,-0.251934,-0.602021,2.610371,0.046200,-0.509289,2.206500,0.063335,-0.092146,2.229962,0.048292,0.186216,2.329356,-0.302042,0.198952,2.655325,-0.105328,0.254496,2.392517,-0.280512,0.781832,2.478548,-0.510704,0.726984,2.679431,-0.316033,1.213814,2.523774,-0.513915,1.173172,2.737201
1487,-0.319337,0.052183,2.750106,-0.281868,-0.249304,2.735002,-0.253639,-0.600959,2.609123,0.046699,-0.511695,2.210602,0.061764,-0.106937,2.221004,0.050051,0.181910,2.307380,-0.303457,0.197762,2.658122,-0.103640,0.253224,2.395574,-0.283626,0.770804,2.463407,-0.506309,0.722436,2.680223,-0.315247,1.200423,2.510660,-0.521448,1.154983,2.730157
1488,-0.328792,0.054465,2.751050,-0.298549,-0.246360,2.731655,-0.265970,-0.597902,2.612574,0.046595,-0.511767,2.209783,0.066395,-0.102133,2.225371,0.057125,0.179330,2.317672,-0.304069,0.201929,2.657875,-0.102736,0.258311,2.392491,-0.277115,0.763469,2.445143,-0.503246,0.713409,2.683885,-0.326620,1.183484,2.502152,-0.512192,1.161929,2.730347
1489,-0.319146,0.026688,2.748757,-0.267970,-0.253583,2.730869,-0.251408,-0.596425,2.612400,0.044544,-0.514148,2.209175,0.069815,-0.099486,2.225428,0.055743,0.180917,2.324574,-0.296985,0.202753,2.656500,-0.105618,0.260295,2.391794,-0.277399,0.718632,2.411380,-0.509818,0.714337,2.687693,-0.312480,1.194676,2.513739,-0.505645,1.146226,2.738288
1490,-0.337134,-0.013525,2.735561,-0.286472,-0.278156,2.724516,-0.259993,-0.595506,2.611496,0.040379,-0.509497,2.212705,0.067085,-0.105276,2.227681,0.050625,0.185039,2.321385,-0.301637,0.210990,2.659911,-0.102237,0.265867,2.391254,-0.264077,0.691967,2.408863,-0.495711,0.637705,2.658159,-0.333812,1.146992,2.503795,-0.514212,1.133701,2.736418
1491,-0.316046,-0.027250,2.731900,-0.292109,-0.275284,2.731331,-0.264576,-0.598763,2.609914,0.038889,-0.510337,2.208364,0.063412,-0.098295,2.223376,0.054955,0.186561,2.330596,-0.291860,0.213321,2.650348,-0.096871,0.263345,2.385618,-0.274560,0.681463,2.399853,-0.479488,0.617648,2.652089,-0.322982,1.172924,2.510066,-0.481073,1.158667,2.735171
1492,-0.322493,-0.006224,2.731293,-0.298594,-0.261959,2.732350,-0.273986,-0.598953,2.608943,0.039658,-0.505790,2.203851,0.069375,-0.100540,2.220004,0.056557,0.190261,2.324848,-0.294153,0.204906,2.652828,-0.093940,0.259925,2.384750,-0.292355,0.641458,2.391260,-0.480099,0.618050,2.665611,-0.402966,1.079942,2.474194,-0.517982,1.099471,2.717987
1493,-0.335716,0.007650,2.734893,-0.304076,-0.261049,2.733631,-0.267247,-0.596087,2.609404,0.037759,-0.503146,2.204043,0.073062,-0.100878,2.214520,0.058047,0.189625,2.320448,-0.292148,0.209857,2.651368,-0.090007,0.263680,2.385988,-0.289230,0.717844,2.437587,-0.492994,0.621448,2.644823,-0.386853,1.098060,2.475753,-0.544705,1.092261,2.700640
1494,-0.346441,0.007603,2.728375,-0.312208,-0.258566,2.739359,-0.279248,-0.593463,2.612982,0.033065,-0.495314,2.202558,0.070590,-0.091029,2.225184,0.055501,0.190630,2.348950,-0.299105,0.217883,2.650471,-0.101400,0.268182,2.387582,-0.277693,0.685167,2.400648,-0.486183,0.632327,2.653055,-0.405809,1.127781,2.500322,-0.541171,1.135376,2.704731
1495,-0.314706,0.012170,2.737904,-0.291087,-0.264041,2.740579,-0.276555,-0.591112,2.613669,0.031338,-0.496003,2.206077,0.066588,-0.093187,2.225179,0.056951,0.184761,2.334003,-0.292149,0.209400,2.654803,-0.091632,0.259499,2.385101,-0.298679,0.720469,2.439902,-0.488716,0.636349,2.658406,-0.402728,1.085442,2.467626,-0.523979,1.102657,2.707382
1496,-0.311197,-0.012228,2.736398,-0.287745,-0.279009,2.735458,-0.276693,-0.590998,2.611507,0.027107,-0.496287,2.206882,0.069426,-0.094862,2.206007,0.057518,0.179535,2.319501,-0.299323,0.210742,2.650896,-0.102311,0.268695,2.387023,-0.300351,0.704588,2.398961,-0.506877,0.646797,2.653773,-0.375144,1.141865,2.487172,-0.542620,1.123762,2.708478
1497,-0.310857,-0.039709,2.732923,-0.296277,-0.258499,2.740975,-0.278381,-0.575558,2.614786,0.026815,-0.488638,2.210121,0.070831,-0.094619,2.212064,0.061441,0.170069,2.326779,-0.301112,0.214420,2.653085,-0.102272,0.274158,2.392875,-0.282637,0.692837,2.399752,-0.499027,0.647898,2.656709,-0.355470,1.142659,2.473158,-0.516760,1.113007,2.698677
1498,-0.310419,-0.059369,2.736176,-0.300535,-0.275702,2.738046,-0.275771,-0.572067,2.615426,0.027266,-0.485679,2.207902,0.069686,-0.100615,2.212279,0.057974,0.156474,2.322650,-0.302524,0.216607,2.654386,-0.102831,0.275689,2.394584,-0.279897,0.666852,2.400107,-0.492604,0.635325,2.659940,-0.353516,1.097253,2.459630,-0.527159,1.079013,2.691352
1499,-0.312091,-0.072415,2.718440,-0.297464,-0.258888,2.737274,-0.275549,-0.558938,2.614569,0.024571,-0.476429,2.204545,0.070087,-0.094925,2.207315,0.058062,0.154082,2.328382,-0.299693,0.221742,2.650764,-0.101318,0.282854,2.388639,-0.278374,0.662448,2.399053,-0.486591,0.630795,2.655301,-0.364443,1.067081,2.450043,-0.510271,1.054816,2.696836
1500,-0.314608,-0.182758,2.698094,-0.298454,-0.253018,2.741323,-0.277449,-0.553867,2.613830,0.023464,-0.470823,2.206659,0.077816,-0.091229,2.211007,0.058203,0.166342,2.328607,-0.308364,0.224641,2.653861,-0.104604,0.285697,2.394186,-0.276987,0.692981,2.399687,-0.534685,0.711707,2.674177,-0.320260,1.096599,2.446973,-0.554121,1.032110,2.700412
1501,-0.303799,-0.109983,2.722431,-0.289171,-0.256410,2.741982,-0.265064,-0.533164,2.607401,0.012806,-0.451555,2.209648,0.080853,-0.077074,2.207570,0.059550,0.173185,2.322829,-0.299923,0.235816,2.657837,-0.112826,0.294577,2.399813,-0.299523,0.691992,2.403484,-0.508734,0.654549,2.649153,-0.321125,1.103713,2.458654,-0.530694,1.044214,2.710893
1502,-0.337993,-0.083656,2.705971,-0.301548,-0.230632,2.753913,-0.280222,-0.513604,2.615826,0.015010,-0.431855,2.213722,0.088110,-0.058063,2.204165,0.058507,0.180332,2.330337,-0.301578,0.250091,2.664650,-0.113578,0.307186,2.399713,-0.328380,0.713253,2.425458,-0.526691,0.692842,2.660873,-0.342736,1.067086,2.436891,-0.512401,1.032837,2.677991
1503,-0.308700,0.001290,2.714149,-0.292509,-0.199452,2.765821,-0.285710,-0.498789,2.620772,0.013211,-0.413949,2.212605,0.097419,-0.054450,2.217159,0.056849,0.180124,2.331978,-0.294364,0.275519,2.676275,-0.102640,0.327816,2.405478,-0.282453,0.758629,2.439064,-0.518869,0.713448,2.680554,-0.295665,1.082497,2.441620,-0.492300,1.074817,2.707773
1504,-0.317839,0.034932,2.719941,-0.305083,-0.192820,2.778208,-0.291051,-0.478377,2.621800,0.015382,-0.384929,2.219983,0.095622,-0.054620,2.227238,0.053519,0.180078,2.329454,-0.302534,0.293250,2.682634,-0.110155,0.358542,2.422934,-0.269762,0.774121,2.434988,-0.519686,0.652064,2.689358,-0.368152,1.083459,2.461745,-0.525274,1.119331,2.768813
1505,-0.316730,0.035356,2.718786,-0.304598,-0.195600,2.764070,-0.289455,-0.452847,2.630775,0.015611,-0.355772,2.220104,0.099501,-0.049095,2.230920,0.054976,0.175632,2.319495,-0.297508,0.307278,2.685415,-0.105681,0.374703,2.421683,-0.257359,0.790830,2.439102,-0.529117,0.652209,2.681394,-0.356674,1.128263,2.474099,-0.536757,1.148767,2.748378
1506,-0.312236,0.040996,2.736054,-0.281418,-0.185969,2.757684,-0.280032,-0.422252,2.639811,0.005434,-0.330285,2.226986,0.098741,-0.035573,2.224814,0.053361,0.165441,2.318918,-0.291192,0.327807,2.689448,-0.115471,0.398653,2.422526,-0.291391,0.784203,2.444953,-0.549297,0.712430,2.703258,-0.346248,1.128961,2.477132,-0.565136,1.110358,2.758044
1507,-0.319269,0.045408,2.732232,-0.288033,-0.177313,2.760179,-0.285106,-0.386521,2.649461,0.007640,-0.299917,2.233900,0.109237,-0.028608,2.233672,0.054312,0.155785,2.310351,-0.291811,0.348348,2.690574,-0.115494,0.415873,2.425401,-0.364082,0.732731,2.403964,-0.552512,0.713953,2.696030,-0.371303,1.093398,2.465514,-0.556664,1.116431,2.735331
1508,-0.330612,0.054617,2.731585,-0.303323,-0.187654,2.750963,-0.287528,-0.366341,2.657849,0.003856,-0.289343,2.238372,0.133633,-0.037917,2.240391,0.046006,0.144126,2.334926,-0.290647,0.348575,2.690948,-0.113291,0.413940,2.428358,-0.400888,0.734804,2.440620,-0.551731,0.722906,2.710412,-0.488026,1.052120,2.466109,-0.534508,1.108924,2.776934
1509,-0.325072,0.057123,2.719949,-0.294024,-0.186657,2.730043,-0.283686,-0.366024,2.659224,-0.004248,-0.298818,2.233601,0.124846,-0.047123,2.248174,0.051664,0.143341,2.338531,-0.283786,0.324584,2.693176,-0.106578,0.395065,2.422846,-0.380217,0.705058,2.407514,-0.530576,0.658053,2.688775,-0.474756,0.890986,2.404829,-0.464496,1.040583,2.727796
1510,-0.309885,0.063664,2.720442,-0.254541,-0.176375,2.728811,-0.278305,-0.354715,2.659648,-0.006202,-0.279618,2.230382,0.140892,-0.050080,2.255644,0.056705,0.146892,2.353010,-0.281171,0.323287,2.690055,-0.111615,0.387524,2.419134,-0.447417,0.690929,2.418013,-0.520857,0.567587,2.657946,-0.532349,0.896238,2.414726,-0.534753,1.047613,2.711385
1511,-0.316636,0.065819,2.726314,-0.268347,-0.154339,2.726860,-0.287068,-0.327156,2.661356,-0.009186,-0.255532,2.243886,0.175454,-0.054194,2.256313,0.063973,0.133202,2.338139,-0.275510,0.334413,2.699678,-0.106849,0.399509,2.431885,-0.432110,0.678717,2.412794,-0.505796,0.583300,2.658576,-0.590664,0.854045,2.415247,-0.486836,1.112863,2.730136
1512,-0.315385,0.051973,2.727180,-0.272124,-0.156746,2.737750,-0.290147,-0.319217,2.655326,-0.002547,-0.251048,2.247862,0.176372,-0.059675,2.284649,0.066480,0.114583,2.336588,-0.269813,0.334948,2.697418,-0.096957,0.410464,2.436394,-0.400298,0.694322,2.439491,-0.510428,0.589243,2.656790,-0.549069,0.843317,2.412274,-0.474256,1.029932,2.718453
1513,-0.301866,0.055592,2.731388,-0.302859,-0.166724,2.737387,-0.284353,-0.320667,2.653201,-0.006573,-0.249442,2.253392,0.169145,-0.071727,2.262425,0.068984,0.110545,2.322911,-0.270412,0.339943,2.693293,-0.102369,0.416912,2.439031,-0.403911,0.705367,2.437869,-0.535795,0.657292,2.706337,-0.533182,0.863885,2.427327,-0.484427,1.040837,2.721877
1514,-0.295622,0.058346,2.737522,-0.296170,-0.175757,2.747630,-0.273608,-0.324347,2.656639,-0.004253,-0.251941,2.253593,0.170168,-0.081270,2.256571,0.077468,0.112785,2.309266,-0.265141,0.342259,2.701866,-0.096483,0.416835,2.445882,-0.408417,0.701566,2.460397,-0.525026,0.638956,2.679726,-0.540123,0.927666,2.460011,-0.529090,1.071169,2.734918
1515,-0.312850,0.021296,2.735593,-0.297183,-0.189890,2.743319,-0.268229,-0.332902,2.654523,-0.002109,-0.254759,2.261682,0.179959,-0.088934,2.261914,0.083864,0.107573,2.335318,-0.267597,0.338490,2.696973,-0.106439,0.414855,2.447646,-0.439091,0.695875,2.449481,-0.524844,0.690061,2.707766,-0.553442,0.939745,2.469604,-0.530573,1.073334,2.744425
1516,-0.328258,0.016972,2.738084,-0.295050,-0.190442,2.744369,-0.267318,-0.332342,2.656512,-0.005130,-0.255848,2.264038,0.162089,-0.095644,2.278775,0.082690,0.100581,2.354648,-0.272685,0.348502,2.701133,-0.112675,0.409070,2.447043,-0.410365,0.688645,2.451298,-0.505967,0.708730,2.712046,-0.598619,0.874994,2.439658,-0.490474,1.129238,2.749821
1517,-0.303779,0.053143,2.738566,-0.286140,-0.160404,2.740664,-0.267050,-0.328016,2.653884,0.006738,-0.259945,2.263341,0.168217,-0.073665,2.283046,0.073559,0.108532,2.349025,-0.265830,0.341975,2.704689,-0.102570,0.403211,2.453235,-0.387299,0.700744,2.462210,-0.531400,0.690396,2.710092,-0.552499,0.855973,2.431056,-0.473149,1.072451,2.748956
1518,-0.299064,0.053029,2.742343,-0.275108,-0.166114,2.749094,-0.267907,-0.331111,2.659933,0.008058,-0.260598,2.260487,0.163569,-0.072591,2.275392,0.078849,0.115273,2.341523,-0.275089,0.336191,2.693837,-0.110208,0.401489,2.443563,-0.424588,0.688574,2.464353,-0.506153,0.623548,2.663861,-0.559305,0.949534,2.481509,-0.519481,1.088444,2.754534
1519,-0.309271,0.049030,2.734438,-0.285287,-0.154916,2.745440,-0.268310,-0.326971,2.657671,0.008694,-0.259210,2.259405,0.162716,-0.072149,2.295813,0.082325,0.115936,2.395894,-0.270982,0.325641,2.703126,-0.105531,0.392277,2.442523,-0.407043,0.677150,2.433053,-0.524821,0.643060,2.701635,-0.541062,0.863894,2.433750,-0.494747,1.048473,2.709733
1520,-0.311320,0.053570,2.737950,-0.262634,-0.139537,2.742765,-0.257061,-0.319625,2.667639,0.002360,-0.266601,2.261677,0.160227,-0.072480,2.288249,0.072573,0.114799,2.371302,-0.259934,0.326465,2.701716,-0.097615,0.384930,2.442508,-0.381110,0.655328,2.428670,-0.518213,0.645912,2.708098,-0.582418,0.809939,2.432693,-0.499507,1.057825,2.722679
1521,-0.306358,0.055186,2.728825,-0.241158,-0.138104,2.741891,-0.271115,-0.331545,2.667438,0.004381,-0.266280,2.258250,0.163912,-0.070729,2.287659,0.077430,0.125636,2.400391,-0.272599,0.319097,2.705708,-0.101619,0.383171,2.438766,-0.373369,0.682948,2.407134,-0.510674,0.651273,2.696057,-0.554272,0.809126,2.402969,-0.493916,1.044052,2.708759
1522,-0.298658,0.057947,2.738379,-0.228877,-0.138176,2.739096,-0.265534,-0.331837,2.659257,0.003615,-0.265987,2.261304,0.165309,-0.089667,2.297708,0.074501,0.089106,2.384824,-0.258311,0.330483,2.702366,-0.094578,0.384174,2.447821,-0.378737,0.657039,2.433157,-0.489061,0.687131,2.721923,-0.610538,0.830894,2.430539,-0.468777,1.098718,2.734997
1523,-0.297770,0.048919,2.736953,-0.227714,-0.146680,2.739914,-0.265413,-0.336718,2.657476,0.003325,-0.264956,2.266366,0.159607,-0.080877,2.286531,0.071159,0.097534,2.367736,-0.262663,0.326699,2.704283,-0.100886,0.392092,2.456339,-0.370413,0.686984,2.457889,-0.492566,0.635227,2.698236,-0.616387,0.872517,2.470932,-0.501627,1.096732,2.750799
1524,-0.306077,0.062765,2.742719,-0.230678,-0.136067,2.741056,-0.265273,-0.336886,2.658389,0.004545,-0.268485,2.258978,0.164486,-0.066706,2.298868,0.075854,0.101778,2.393989,-0.263678,0.320874,2.701112,-0.096720,0.381083,2.450496,-0.383193,0.660416,2.450939,-0.500059,0.676073,2.721924,-0.610181,0.807331,2.422304,-0.472258,1.089579,2.717569
1525,-0.304626,0.041732,2.742141,-0.224784,-0.137940,2.735376,-0.260225,-0.341849,2.657208,0.002918,-0.270682,2.260531,0.146629,-0.056089,2.281619,0.066033,0.128992,2.346532,-0.255700,0.313863,2.698587,-0.099992,0.380628,2.449558,-0.378792,0.652533,2.435654,-0.496309,0.650350,2.714693,-0.569140,0.786046,2.412297,-0.486002,1.012568,2.697082
1526,-0.305020,0.052055,2.733588,-0.234329,-0.132255,2.731923,-0.268669,-0.330369,2.659628,0.005543,-0.275373,2.262870,0.157061,-0.061157,2.332318,0.070271,0.131403,2.373903,-0.254783,0.319266,2.696059,-0.090120,0.378907,2.444810,-0.371892,0.648368,2.427005,-0.480741,0.665975,2.722284,-0.611997,0.735408,2.368891,-0.448258,1.054519,2.706665
1527,-0.314851,0.051413,2.738341,-0.246633,-0.127819,2.745578,-0.270624,-0.341920,2.648448,0.003540,-0.281500,2.261236,0.145594,-0.055567,2.321707,0.067422,0.114813,2.367772,-0.258650,0.318003,2.698284,-0.094230,0.378422,2.449565,-0.367191,0.651396,2.444583,-0.486741,0.682404,2.720668,-0.624618,0.799374,2.415490,-0.418314,1.086168,2.737594
1528,-0.313857,0.057334,2.736036,-0.249923,-0.133046,2.745508,-0.269508,-0.334484,2.656706,-0.000484,-0.284350,2.265391,0.148442,-0.067052,2.337753,0.073385,0.106977,2.400084,-0.263980,0.319350,2.696493,-0.099194,0.379580,2.448669,-0.403311,0.651079,2.449262,-0.485104,0.674899,2.720389,-0.628594,0.772852,2.398853,-0.454998,1.071895,2.729463
1529,-0.308188,0.070989,2.742568,-0.239387,-0.126333,2.757587,-0.269811,-0.339331,2.659933,-0.001612,-0.287302,2.263027,0.144958,-0.069525,2.274207,0.064837,0.116865,2.355403,-0.264619,0.329070,2.704239,-0.099209,0.385638,2.452599,-0.382472,0.664127,2.455398,-0.488806,0.682567,2.718729,-0.654264,0.821151,2.430047,-0.444531,1.136835,2.759553
1530,-0.318290,0.057498,2.731816,-0.246964,-0.115169,2.753190,-0.272566,-0.339638,2.670277,-0.004231,-0.288055,2.257324,0.150187,-0.058713,2.280574,0.068185,0.129905,2.358126,-0.263766,0.323190,2.698644,-0.097482,0.377691,2.439775,-0.378892,0.650239,2.407577,-0.491134,0.667537,2.718556,-0.574582,0.770791,2.365277,-0.447298,1.112576,2.726919
1531,-0.327982,0.058369,2.728480,-0.264517,-0.115159,2.755838,-0.283985,-0.341809,2.673284,-0.001897,-0.289472,2.255525,0.144458,-0.053752,2.289671,0.067865,0.141403,2.375757,-0.265491,0.308037,2.696664,-0.097462,0.370995,2.438701,-0.375296,0.648614,2.439507,-0.498447,0.668421,2.713725,-0.607244,0.772222,2.381810,-0.446868,1.064436,2.725917
1532,-0.308302,0.049861,2.736991,-0.261217,-0.141774,2.778538,-0.284851,-0.361343,2.657766,-0.007758,-0.295330,2.259188,0.142855,-0.057102,2.283792,0.067626,0.131922,2.347108,-0.271175,0.295442,2.689083,-0.105118,0.362497,2.439410,-0.376989,0.658016,2.441820,-0.503922,0.660594,2.706770,-0.628114,0.778388,2.392251,-0.449041,1.057894,2.730896
1533,-0.315795,0.052758,2.718978,-0.266698,-0.127384,2.760612,-0.286977,-0.356399,2.662587,-0.005768,-0.302871,2.268536,0.141435,-0.046594,2.268914,0.070293,0.131822,2.360483,-0.265496,0.313312,2.689096,-0.090248,0.372502,2.442764,-0.315982,0.675489,2.447334,-0.495974,0.673560,2.716804,-0.600819,0.765320,2.387938,-0.421806,1.070310,2.737810
1534,-0.304470,0.062959,2.732121,-0.256921,-0.131285,2.753173,-0.282869,-0.365545,2.659424,-0.009856,-0.311358,2.256519,0.144744,-0.041901,2.267865,0.061710,0.138277,2.362355,-0.269668,0.301480,2.690832,-0.104712,0.362436,2.435897,-0.390909,0.642485,2.400320,-0.484104,0.619463,2.661245,-0.587625,0.719763,2.329208,-0.412082,1.041325,2.695467
1535,-0.311323,0.067907,2.734107,-0.281457,-0.145558,2.774425,-0.295035,-0.363387,2.653576,-0.007161,-0.317138,2.262807,0.142838,-0.040922,2.270592,0.064527,0.136357,2.370798,-0.274377,0.302012,2.693589,-0.098518,0.357515,2.438021,-0.313242,0.673319,2.423651,-0.480078,0.622662,2.670027,-0.577562,0.721014,2.343349,-0.425781,1.017712,2.712813
1536,-0.316746,0.043409,2.729326,-0.271460,-0.154568,2.777704,-0.279468,-0.374321,2.648869,-0.011700,-0.316542,2.258419,0.141751,-0.042236,2.275189,0.064296,0.146678,2.373921,-0.265526,0.295473,2.681816,-0.103425,0.359060,2.432057,-0.366514,0.667480,2.433097,-0.491385,0.675397,2.728659,-0.602930,0.750407,2.372838,-0.461119,1.033513,2.744620
1537,-0.328094,0.058312,2.729424,-0.265992,-0.129534,2.772332,-0.284590,-0.377001,2.651272,-0.022356,-0.330256,2.258471,0.134963,-0.037516,2.274179,0.060220,0.152409,2.363405,-0.270003,0.297203,2.688981,-0.106984,0.354802,2.437078,-0.405641,0.679968,2.452390,-0.490760,0.713020,2.732368,-0.639664,0.813631,2.397704,-0.431645,1.146755,2.777648
1538,-0.325872,0.029999,2.720529,-0.257113,-0.158956,2.766422,-0.277949,-0.393888,2.645320,-0.023641,-0.338216,2.260664,0.138073,-0.044320,2.267288,0.059106,0.150064,2.358473,-0.265375,0.292957,2.694668,-0.108990,0.353395,2.438030,-0.426042,0.676304,2.430479,-0.479713,0.649155,2.682528,-0.590222,0.801525,2.368717,-0.437524,1.106211,2.753326
1539,-0.314293,0.053138,2.724952,-0.262902,-0.157754,2.768381,-0.278280,-0.406266,2.651466,-0.027906,-0.348681,2.258412,0.120190,-0.055665,2.275736,0.058765,0.153899,2.360104,-0.275269,0.281061,2.697907,-0.119207,0.337465,2.440132,-0.365813,0.657896,2.436999,-0.477514,0.693682,2.748506,-0.611059,0.775361,2.399136,-0.404064,1.106401,2.758983
1540,-0.318698,0.056378,2.721659,-0.283709,-0.156469,2.780611,-0.288796,-0.408242,2.644589,-0.021161,-0.354269,2.260749,0.109049,-0.061613,2.273630,0.056196,0.144856,2.359758,-0.281337,0.280904,2.695433,-0.107903,0.337170,2.440480,-0.361520,0.658866,2.443279,-0.508327,0.695083,2.743137,-0.546881,0.789606,2.370927,-0.439428,1.045857,2.748060
1541,-0.313140,0.056123,2.719787,-0.277285,-0.170214,2.769697,-0.283461,-0.420882,2.647316,-0.022507,-0.359577,2.252349,0.111226,-0.063334,2.269338,0.058340,0.144521,2.381211,-0.282179,0.271930,2.692471,-0.115717,0.331879,2.439646,-0.371185,0.650439,2.411763,-0.485323,0.693950,2.737285,-0.551854,0.681712,2.336744,-0.404145,0.973286,2.716825
1542,-0.293446,0.045662,2.718750,-0.266370,-0.154520,2.763357,-0.271664,-0.425770,2.646168,-0.025167,-0.366093,2.252975,0.115106,-0.053530,2.270756,0.060915,0.117630,2.405189,-0.277900,0.270635,2.692773,-0.116127,0.334140,2.442908,-0.339436,0.697006,2.443906,-0.502323,0.685847,2.718758,-0.541725,0.705571,2.363580,-0.473809,0.910648,2.727791
1543,-0.304290,0.037489,2.723631,-0.275017,-0.167601,2.763423,-0.272848,-0.431399,2.643509,-0.021865,-0.370015,2.252293,0.113420,-0.059820,2.272945,0.052824,0.124654,2.372093,-0.278144,0.270517,2.690047,-0.117791,0.335116,2.437553,-0.361480,0.692220,2.431763,-0.504510,0.659470,2.740195,-0.541333,0.728482,2.375067,-0.491638,0.916822,2.709734
1544,-0.319454,-0.013305,2.725885,-0.287859,-0.210298,2.760362,-0.274866,-0.446109,2.644409,-0.021494,-0.373956,2.256736,0.110476,-0.054602,2.263557,0.049646,0.147798,2.383572,-0.279411,0.258080,2.692755,-0.114866,0.330121,2.438560,-0.344255,0.693579,2.436908,-0.509403,0.647053,2.732407,-0.493779,0.767722,2.375666,-0.485689,0.898708,2.720393
1545,-0.314096,-0.069148,2.768003,-0.283644,-0.222976,2.756109,-0.274058,-0.444364,2.643537,-0.019292,-0.377622,2.257341,0.100352,-0.054718,2.270861,0.046847,0.152597,2.333997,-0.283052,0.253514,2.673959,-0.116386,0.332989,2.434203,-0.349121,0.707000,2.465890,-0.516912,0.643121,2.690691,-0.489811,0.874378,2.437395,-0.506243,0.969944,2.742453
1546,-0.298827,-0.041319,2.754134,-0.273689,-0.202721,2.753093,-0.277627,-0.457328,2.643541,-0.017523,-0.386547,2.252280,0.098727,-0.054240,2.260260,0.050801,0.163187,2.357523,-0.280126,0.254269,2.672307,-0.115809,0.333274,2.427861,-0.347222,0.702479,2.458282,-0.506700,0.667428,2.704840,-0.510337,0.829440,2.397499,-0.460434,0.987920,2.725894
1547,-0.292507,-0.084997,2.736093,-0.278443,-0.219336,2.746513,-0.278519,-0.462417,2.645998,-0.018504,-0.402709,2.255957,0.089836,-0.065237,2.262324,0.052262,0.163235,2.340918,-0.279311,0.248911,2.673450,-0.107003,0.328877,2.420677,-0.314579,0.682769,2.445535,-0.514563,0.679649,2.707695,-0.479933,0.828865,2.374649,-0.495903,0.905443,2.683645
1548,-0.326590,-0.016787,2.762659,-0.279376,-0.222698,2.741850,-0.281115,-0.478072,2.637159,-0.013379,-0.415626,2.253359,0.084165,-0.076425,2.255870,0.054135,0.165072,2.323893,-0.280572,0.226657,2.657517,-0.116707,0.322625,2.421856,-0.314393,0.699763,2.447098,-0.511958,0.656894,2.667805,-0.440394,0.926073,2.467306,-0.532172,0.986178,2.732511
1549,-0.321733,-0.010898,2.753649,-0.288376,-0.211554,2.743677,-0.280751,-0.496143,2.631486,-0.008285,-0.436739,2.255409,0.081682,-0.077980,2.250645,0.043212,0.172547,2.341649,-0.277635,0.228207,2.672740,-0.095730,0.316806,2.427608,-0.298170,0.708907,2.465794,-0.504083,0.660424,2.681257,-0.477719,0.993141,2.496121,-0.537092,1.044627,2.753037
1550,-0.337144,-0.018428,2.753929,-0.288513,-0.230914,2.738303,-0.278854,-0.507157,2.625470,-0.016799,-0.444641,2.250405,0.076898,-0.095920,2.248706,0.048344,0.171674,2.333837,-0.283755,0.235812,2.659200,-0.115533,0.311678,2.415774,-0.310977,0.708939,2.469347,-0.502585,0.675794,2.679999,-0.505365,0.996312,2.493190,-0.554942,1.046735,2.751646
1551,-0.303614,-0.116010,2.740707,-0.298553,-0.251167,2.736171,-0.289730,-0.544131,2.623637,-0.003938,-0.465191,2.248951,0.072799,-0.099592,2.245535,0.051631,0.169335,2.330208,-0.287968,0.218513,2.665860,-0.093119,0.290998,2.414675,-0.296333,0.732349,2.456353,-0.514253,0.688399,2.669325,-0.451815,1.058788,2.488453,-0.562710,1.057858,2.719317
1552,-0.314682,0.000732,2.755771,-0.287845,-0.238141,2.730664,-0.295643,-0.559316,2.618676,0.000585,-0.475041,2.243443,0.065607,-0.093613,2.248175,0.046499,0.164762,2.343655,-0.289992,0.213270,2.662855,-0.095773,0.283046,2.408181,-0.292966,0.705184,2.454660,-0.499822,0.671863,2.671618,-0.479081,0.983860,2.456002,-0.557062,1.030918,2.724540
1553,-0.324502,-0.026905,2.741647,-0.286920,-0.261605,2.718369,-0.281964,-0.572834,2.607915,0.007800,-0.492782,2.231120,0.064359,-0.098952,2.251585,0.033555,0.168159,2.323129,-0.289748,0.215138,2.654277,-0.094667,0.273356,2.403966,-0.307351,0.702153,2.438933,-0.486043,0.686431,2.656390,-0.541641,0.965012,2.453762,-0.521178,1.078525,2.706588
1554,-0.302032,-0.030659,2.745965,-0.281426,-0.266234,2.729015,-0.274847,-0.583494,2.602845,0.009375,-0.509576,2.224556,0.063733,-0.119837,2.253826,0.048253,0.160501,2.334945,-0.292718,0.223088,2.652841,-0.110695,0.279396,2.402049,-0.313126,0.735682,2.454448,-0.501736,0.698765,2.670101,-0.492734,1.053772,2.489612,-0.545839,1.093548,2.722985
1555,-0.317600,-0.075019,2.741927,-0.278499,-0.292538,2.726070,-0.268786,-0.583710,2.599260,0.013545,-0.506594,2.217153,0.064046,-0.112028,2.229611,0.036925,0.162169,2.327347,-0.286917,0.227058,2.653938,-0.102159,0.285111,2.401355,-0.284175,0.742187,2.458789,-0.481011,0.708600,2.658910,-0.458673,1.076513,2.499301,-0.537878,1.095755,2.705750
1556,-0.315158,-0.057631,2.733262,-0.284386,-0.265905,2.726404,-0.270267,-0.586236,2.601131,0.012933,-0.503084,2.214142,0.065191,-0.117445,2.233114,0.047692,0.169165,2.317161,-0.294046,0.227546,2.649944,-0.110489,0.289446,2.400164,-0.275214,0.739738,2.459196,-0.486738,0.709656,2.677914,-0.445927,1.052683,2.477668,-0.537013,1.087613,2.729568
1557,-0.315909,-0.096823,2.735689,-0.283238,-0.293149,2.717546,-0.260293,-0.578918,2.606738,0.018486,-0.508503,2.215029,0.069100,-0.113433,2.227819,0.053445,0.143936,2.333379,-0.284113,0.214932,2.655460,-0.088542,0.273104,2.399010,-0.254016,0.743069,2.457544,-0.492058,0.706768,2.663606,-0.395929,1.065209,2.474523,-0.514059,1.073442,2.706179
1558,-0.318863,0.034762,2.754110,-0.284283,-0.284890,2.722146,-0.267923,-0.591741,2.600045,0.028257,-0.516573,2.219419,0.067712,-0.120124,2.234462,0.045795,0.129436,2.328633,-0.290177,0.210862,2.651257,-0.089874,0.268993,2.397676,-0.262839,0.743024,2.466515,-0.495221,0.718515,2.675097,-0.415890,1.056485,2.482806,-0.548702,1.061396,2.695868
1559,-0.312128,0.055931,2.750267,-0.260756,-0.248556,2.723171,-0.258538,-0.582292,2.602760,0.026260,-0.515386,2.213920,0.068232,-0.116075,2.229876,0.042177,0.146401,2.324276,-0.283897,0.218101,2.655051,-0.081836,0.276236,2.393975,-0.254808,0.751268,2.464166,-0.500594,0.715184,2.676298,-0.403212,1.090220,2.503370,-0.535950,1.084302,2.708947
1560,-0.318705,-0.084790,2.739447,-0.274636,-0.282100,2.727015,-0.259563,-0.592863,2.601116,0.027999,-0.519317,2.211256,0.068442,-0.119067,2.230691,0.044405,0.150145,2.324587,-0.287683,0.214300,2.648853,-0.096315,0.277142,2.396400,-0.258564,0.734331,2.464293,-0.487340,0.707477,2.681448,-0.423816,1.065150,2.497440,-0.564610,1.060741,2.711259
1561,-0.315693,-0.033061,2.747471,-0.282837,-0.273515,2.729874,-0.263852,-0.596023,2.601880,0.034470,-0.521302,2.215399,0.072523,-0.133000,2.227517,0.051711,0.149618,2.328696,-0.288448,0.206367,2.648533,-0.093093,0.273791,2.396825,-0.264323,0.751292,2.465937,-0.511546,0.718813,2.679532,-0.397448,1.086742,2.490046,-0.551698,1.068099,2.703834
1562,-0.299538,0.016134,2.748112,-0.297877,-0.266587,2.724964,-0.262020,-0.595009,2.598519,0.043255,-0.517724,2.213041,0.071583,-0.124169,2.236439,0.050305,0.162544,2.322880,-0.288614,0.210147,2.650787,-0.088372,0.277474,2.395815,-0.280116,0.762757,2.459603,-0.510640,0.715791,2.681210,-0.358062,1.140526,2.505441,-0.533894,1.120434,2.728459
1563,-0.301627,-0.016416,2.746064,-0.300863,-0.282980,2.727371,-0.265762,-0.595378,2.599433,0.042615,-0.515771,2.210951,0.070380,-0.116805,2.227519,0.051856,0.166078,2.322789,-0.291019,0.204135,2.650995,-0.088595,0.268183,2.393274,-0.271299,0.753543,2.458490,-0.501286,0.704108,2.673937,-0.387374,1.103115,2.495016,-0.538107,1.086552,2.711108
1564,-0.296498,-0.179627,2.722819,-0.280189,-0.334764,2.712028,-0.255860,-0.602708,2.598132,0.045791,-0.515639,2.213749,0.070522,-0.120535,2.236619,0.050924,0.164713,2.339837,-0.290162,0.196579,2.651212,-0.091968,0.258591,2.392649,-0.282388,0.737318,2.466486,-0.494534,0.713647,2.682847,-0.429421,1.072560,2.500085,-0.536094,1.085804,2.711954
1565,-0.287371,0.006589,2.746419,-0.291491,-0.276744,2.725263,-0.258218,-0.601208,2.598560,0.049220,-0.512433,2.208684,0.069637,-0.115104,2.233635,0.049967,0.160948,2.337735,-0.292940,0.192287,2.651578,-0.088024,0.256772,2.394447,-0.265755,0.763126,2.479641,-0.504644,0.710849,2.683184,-0.366252,1.136732,2.512665,-0.543278,1.115886,2.712994
1566,-0.309853,0.059336,2.740743,-0.295460,-0.260323,2.718339,-0.256822,-0.602362,2.590070,0.051621,-0.516951,2.210978,0.074261,-0.112213,2.236245,0.052992,0.140311,2.330955,-0.291791,0.197695,2.648165,-0.081631,0.262800,2.391979,-0.254884,0.778821,2.472721,-0.512243,0.715904,2.676002,-0.341332,1.198958,2.526001,-0.567527,1.151817,2.703712
1567,-0.326082,0.050886,2.739696,-0.290030,-0.260234,2.717729,-0.259885,-0.607747,2.594142,0.054777,-0.515077,2.210116,0.071015,-0.118903,2.229428,0.050677,0.138197,2.332595,-0.292701,0.200093,2.651279,-0.079036,0.260952,2.392178,-0.244691,0.765273,2.472587,-0.503748,0.729800,2.674728,-0.354911,1.152066,2.514226,-0.540894,1.131869,2.703704
1568,-0.324344,0.029479,2.735779,-0.290496,-0.273716,2.710511,-0.254691,-0.609904,2.590734,0.055298,-0.513209,2.201632,0.071180,-0.110253,2.234375,0.053336,0.147258,2.328788,-0.290022,0.202554,2.656434,-0.078937,0.260989,2.390467,-0.215342,0.699996,2.409497,-0.497112,0.720297,2.687735,-0.351056,1.139778,2.523222,-0.543743,1.118975,2.720164
1569,-0.345523,0.021080,2.730528,-0.305115,-0.260910,2.712809,-0.257515,-0.608554,2.594358,0.055219,-0.514028,2.200817,0.069930,-0.108555,2.236264,0.047642,0.149384,2.335957,-0.288769,0.205122,2.652920,-0.081900,0.266671,2.389169,-0.263246,0.748315,2.479037,-0.489131,0.722978,2.696110,-0.402845,1.120144,2.528986,-0.558915,1.129816,2.729820
1570,-0.306360,0.022031,2.735846,-0.295951,-0.282009,2.709438,-0.264466,-0.611186,2.590628,0.056456,-0.516332,2.199528,0.074120,-0.106112,2.240736,0.048753,0.157690,2.340320,-0.295249,0.204467,2.647755,-0.080047,0.273588,2.386996,-0.268284,0.773045,2.466769,-0.512610,0.712688,2.690201,-0.392642,1.156126,2.522010,-0.565395,1.131970,2.729049
1571,-0.324066,-0.023396,2.731541,-0.304138,-0.285307,2.712472,-0.275983,-0.612684,2.593354,0.051303,-0.512402,2.194125,0.066087,-0.115196,2.223389,0.048528,0.155259,2.320868,-0.295021,0.207399,2.651262,-0.080948,0.267952,2.386182,-0.272678,0.772563,2.471857,-0.516076,0.725434,2.687772,-0.394549,1.161322,2.510777,-0.566294,1.148016,2.718703
1572,-0.295261,-0.086349,2.720258,-0.273809,-0.300912,2.706781,-0.257040,-0.611240,2.590450,0.050441,-0.511414,2.194430,0.066733,-0.117453,2.227955,0.051640,0.158656,2.321327,-0.298331,0.208480,2.646620,-0.092040,0.266492,2.384813,-0.263100,0.719832,2.405291,-0.518720,0.723280,2.684710,-0.373986,1.192073,2.527105,-0.568160,1.150608,2.719643
1573,-0.306968,-0.038012,2.730585,-0.286906,-0.281124,2.708687,-0.260802,-0.609833,2.591434,0.052138,-0.513150,2.194653,0.067284,-0.116810,2.227713,0.049518,0.161936,2.310067,-0.303548,0.209261,2.652367,-0.093790,0.270630,2.386112,-0.282807,0.759541,2.462673,-0.520047,0.725512,2.689032,-0.385434,1.179988,2.518464,-0.543398,1.165470,2.725769
1574,-0.320802,0.009880,2.733249,-0.297312,-0.262346,2.711627,-0.260885,-0.608427,2.589336,0.050256,-0.516746,2.197609,0.067299,-0.122853,2.226150,0.053340,0.159836,2.315579,-0.300499,0.204704,2.647995,-0.088412,0.274193,2.386412,-0.272021,0.765982,2.461653,-0.513339,0.714861,2.693858,-0.379123,1.159160,2.503072,-0.555138,1.148806,2.747275
1575,-0.330430,0.009558,2.730139,-0.291879,-0.260001,2.720380,-0.257611,-0.607776,2.589317,0.054194,-0.515992,2.195396,0.070225,-0.127928,2.217863,0.055814,0.157796,2.313960,-0.295656,0.205502,2.640763,-0.082523,0.275208,2.381462,-0.269862,0.764414,2.454876,-0.517024,0.711633,2.684991,-0.383469,1.169985,2.509443,-0.569103,1.150648,2.729372
1576,-0.309922,-0.249578,2.707124,-0.318984,-0.354427,2.700278,-0.272651,-0.611236,2.590334,0.043940,-0.512908,2.194032,0.066215,-0.123860,2.221100,0.047603,0.157829,2.309754,-0.309075,0.204271,2.650469,-0.097418,0.268588,2.386539,-0.265270,0.710635,2.390601,-0.522848,0.713781,2.682280,-0.358356,1.162327,2.490539,-0.558696,1.125262,2.734035
1577,-0.321105,-0.002052,2.728883,-0.302677,-0.267961,2.713953,-0.265269,-0.608267,2.591171,0.046197,-0.519746,2.197133,0.070166,-0.131405,2.225321,0.055408,0.148542,2.316921,-0.303287,0.202403,2.647176,-0.087371,0.270186,2.384606,-0.251851,0.690347,2.394346,-0.518070,0.720885,2.681146,-0.372336,1.168087,2.509541,-0.565938,1.148481,2.730692
1578,-0.300610,-0.193815,2.712240,-0.317711,-0.310499,2.700936,-0.275213,-0.609352,2.594181,0.042384,-0.516789,2.191749,0.056877,-0.123665,2.237670,0.049278,0.139718,2.335580,-0.316027,0.203388,2.654572,-0.098329,0.265234,2.384917,-0.277392,0.760660,2.465850,-0.528080,0.732469,2.687140,-0.350927,1.182456,2.505099,-0.560109,1.157355,2.723581
1579,-0.343952,0.035005,2.737642,-0.279581,-0.262295,2.715476,-0.268922,-0.603679,2.596728,0.039617,-0.517331,2.193240,0.061369,-0.123074,2.230656,0.051228,0.139231,2.326010,-0.304209,0.212771,2.655239,-0.094393,0.271246,2.383538,-0.273293,0.717667,2.397745,-0.527029,0.722356,2.682463,-0.362365,1.171944,2.501252,-0.559846,1.138260,2.728136
1580,-0.311228,-0.173572,2.714646,-0.298308,-0.326109,2.711916,-0.278374,-0.606457,2.594992,0.038365,-0.523461,2.198628,0.062382,-0.148833,2.230406,0.055469,0.138492,2.315450,-0.303867,0.210733,2.649215,-0.092875,0.272777,2.384448,-0.272652,0.757597,2.460523,-0.523378,0.709672,2.679135,-0.384510,1.132243,2.494276,-0.568406,1.097245,2.725423
1581,-0.327744,-0.213122,2.714113,-0.310708,-0.322354,2.716346,-0.274870,-0.601182,2.598837,0.037375,-0.524155,2.204510,0.067003,-0.148075,2.216672,0.059310,0.143796,2.305955,-0.301180,0.206940,2.646554,-0.090301,0.270227,2.382986,-0.267030,0.710432,2.389264,-0.512929,0.616760,2.651988,-0.390584,1.161790,2.506809,-0.576225,1.120728,2.733395
1582,-0.340028,-0.175340,2.713477,-0.303423,-0.304529,2.723903,-0.268321,-0.582516,2.605859,0.035551,-0.509695,2.200134,0.068825,-0.113668,2.210032,0.058525,0.158269,2.324548,-0.293109,0.215125,2.652775,-0.086512,0.265232,2.382523,-0.273685,0.692470,2.386771,-0.514784,0.608697,2.658388,-0.366411,1.174921,2.486902,-0.532040,1.120461,2.731824
1583,-0.321925,-0.042689,2.733585,-0.301083,-0.254702,2.731396,-0.264566,-0.570378,2.608369,0.029030,-0.496388,2.201137,0.070842,-0.103344,2.209862,0.049647,0.163557,2.302366,-0.295030,0.222349,2.653558,-0.091229,0.271628,2.385734,-0.275754,0.684976,2.388900,-0.534780,0.698583,2.695315,-0.341409,1.188867,2.502806,-0.543702,1.111896,2.724740
1584,-0.339849,-0.092554,2.714741,-0.303571,-0.268850,2.735818,-0.271679,-0.570088,2.613426,0.032747,-0.494335,2.206557,0.070330,-0.114211,2.208508,0.060547,0.154702,2.321678,-0.300783,0.217264,2.649746,-0.094766,0.274987,2.388885,-0.282937,0.688231,2.382933,-0.511528,0.632188,2.649005,-0.363610,1.153623,2.495074,-0.550025,1.091292,2.711508
1585,-0.324996,-0.094991,2.712542,-0.285779,-0.269591,2.741917,-0.266360,-0.557732,2.615532,0.024840,-0.476325,2.204393,0.085283,-0.090773,2.201302,0.064878,0.152740,2.329435,-0.295641,0.226416,2.654434,-0.097260,0.283020,2.388062,-0.289514,0.685873,2.379301,-0.522251,0.612975,2.669054,-0.340611,1.132799,2.452921,-0.542960,1.045511,2.714086
1586,-0.314249,-0.144223,2.713992,-0.295060,-0.270717,2.744588,-0.263213,-0.543205,2.619868,0.022314,-0.465884,2.208700,0.076746,-0.078350,2.195310,0.059653,0.159945,2.330427,-0.302138,0.235475,2.658586,-0.102738,0.294731,2.393650,-0.294351,0.697684,2.400466,-0.530394,0.627743,2.658826,-0.350476,1.159654,2.491276,-0.590469,1.064182,2.713905
1587,-0.298402,-0.140518,2.712731,-0.292527,-0.239848,2.753307,-0.271192,-0.518097,2.620185,0.021711,-0.446982,2.213895,0.079787,-0.063425,2.192411,0.061115,0.166188,2.323908,-0.300436,0.249793,2.663146,-0.103353,0.302838,2.399427,-0.300079,0.702022,2.394744,-0.536865,0.645217,2.647152,-0.320796,1.140869,2.435849,-0.571110,1.030645,2.689460
1588,-0.318528,-0.253983,2.705981,-0.311097,-0.235309,2.751749,-0.269245,-0.505690,2.622667,0.015180,-0.431848,2.221876,0.100338,-0.047566,2.200213,0.058511,0.170655,2.326468,-0.293545,0.255018,2.667452,-0.102088,0.312809,2.403969,-0.305814,0.721712,2.415197,-0.549933,0.621352,2.652204,-0.324471,1.119672,2.433802,-0.563377,1.025523,2.693611
1589,-0.332487,-0.034156,2.724729,-0.299346,-0.207515,2.761662,-0.274064,-0.490453,2.622498,0.002422,-0.419410,2.223136,0.089865,-0.059501,2.193476,0.053621,0.166163,2.318270,-0.296247,0.273948,2.671862,-0.117300,0.328667,2.410007,-0.325427,0.725116,2.406753,-0.547463,0.627873,2.680553,-0.338631,1.080601,2.438535,-0.570520,1.048574,2.694529
1590,-0.329496,-0.044161,2.715033,-0.306817,-0.204992,2.769017,-0.286702,-0.484482,2.632334,0.010854,-0.397827,2.223330,0.090648,-0.048717,2.196441,0.051076,0.163711,2.347579,-0.307333,0.282302,2.682350,-0.118748,0.342729,2.415152,-0.310426,0.762007,2.414231,-0.556090,0.640929,2.695741,-0.338513,1.146777,2.481811,-0.600696,1.071316,2.736583
1591,-0.326407,0.045309,2.729906,-0.296665,-0.199513,2.780989,-0.288344,-0.449697,2.643478,0.004036,-0.361901,2.233017,0.100735,-0.039881,2.220898,0.040766,0.158586,2.322186,-0.307011,0.312620,2.685063,-0.126947,0.369061,2.413581,-0.311281,0.775906,2.439653,-0.559862,0.702298,2.680224,-0.371730,1.106952,2.466135,-0.574067,1.085545,2.715445
1592,-0.335476,-0.066197,2.737002,-0.303989,-0.188370,2.772627,-0.288123,-0.406989,2.651812,0.004434,-0.321818,2.243890,0.112940,-0.024801,2.225230,0.043215,0.141568,2.313721,-0.304386,0.340175,2.693917,-0.121794,0.400006,2.427419,-0.338853,0.775956,2.450615,-0.568264,0.719441,2.686500,-0.331266,1.181172,2.493946,-0.562489,1.128017,2.726444
1593,-0.335401,0.063987,2.737855,-0.304302,-0.165716,2.749116,-0.298256,-0.348588,2.666938,0.000406,-0.275178,2.244878,0.131665,-0.014892,2.218752,0.045578,0.144481,2.317519,-0.310228,0.344421,2.694118,-0.121732,0.410841,2.421679,-0.335557,0.761583,2.423567,-0.577764,0.733148,2.687416,-0.393870,1.163422,2.482641,-0.569491,1.171517,2.744868
1594,-0.316714,0.121531,2.724144,-0.288791,-0.129819,2.738667,-0.296992,-0.315590,2.681687,-0.008828,-0.263187,2.251107,0.148836,-0.027967,2.245777,0.060157,0.146640,2.369557,-0.298659,0.355427,2.693706,-0.120855,0.412975,2.415982,-0.322118,0.717952,2.450294,-0.544809,0.721761,2.692225,-0.574413,0.956646,2.447366,-0.446956,1.169020,2.768112
1595,-0.314857,0.098624,2.720475,-0.279167,-0.101910,2.744065,-0.294491,-0.304291,2.682936,-0.006541,-0.247245,2.250219,0.167545,-0.030486,2.246279,0.062424,0.141152,2.346071,-0.285301,0.361894,2.690307,-0.102869,0.420973,2.415510,-0.384277,0.712735,2.438339,-0.560187,0.712723,2.697227,-0.466431,1.075897,2.443899,-0.531254,1.166543,2.758172
1596,-0.327446,0.089049,2.736880,-0.262256,-0.099965,2.748120,-0.293396,-0.298672,2.675953,-0.025018,-0.249409,2.259835,0.165633,-0.043279,2.262718,0.058972,0.129595,2.348496,-0.283422,0.352856,2.688707,-0.111575,0.412397,2.415245,-0.395045,0.672836,2.418258,-0.537014,0.693497,2.687629,-0.520484,0.910228,2.393358,-0.487589,1.126755,2.718435
1597,-0.307399,0.085502,2.737497,-0.255321,-0.128763,2.737658,-0.285646,-0.308583,2.664535,-0.019924,-0.248791,2.259716,0.168218,-0.057116,2.258128,0.067876,0.120102,2.314992,-0.273490,0.335842,2.690130,-0.100833,0.402152,2.423162,-0.389783,0.661509,2.398931,-0.538996,0.613147,2.655591,-0.516217,0.949755,2.415973,-0.554805,1.038018,2.680355
1598,-0.327863,0.070362,2.725686,-0.269297,-0.123623,2.731725,-0.291539,-0.318028,2.671240,-0.010765,-0.255228,2.267368,0.165528,-0.055738,2.271019,0.074004,0.120801,2.339122,-0.274162,0.335335,2.698683,-0.091114,0.399356,2.432597,-0.322174,0.696955,2.419705,-0.542902,0.658840,2.704420,-0.579592,0.848952,2.400804,-0.482874,1.034199,2.706063
1599,-0.331618,0.066239,2.731664,-0.297124,-0.117498,2.734017,-0.286832,-0.317699,2.666353,-0.010355,-0.259465,2.267997,0.161676,-0.053568,2.268757,0.074084,0.134302,2.341471,-0.265641,0.341119,2.698805,-0.088909,0.403052,2.440411,-0.320266,0.664258,2.442808,-0.524366,0.613265,2.676175,-0.584190,0.868573,2.414137,-0.489515,1.060615,2.713590
1600,-0.317659,0.063465,2.746469,-0.281925,-0.117742,2.740281,-0.274132,-0.318332,2.669534,-0.007325,-0.263339,2.277573,0.171287,-0.042803,2.270760,0.074676,0.127905,2.326911,-0.267332,0.357936,2.693878,-0.093928,0.412500,2.439538,-0.404212,0.705474,2.460581,-0.532325,0.631217,2.679205,-0.580937,0.966201,2.445657,-0.553170,1.126428,2.734658
1601,-0.310018,0.075501,2.740860,-0.275062,-0.105950,2.744627,-0.270339,-0.322092,2.673509,-0.014579,-0.260334,2.269118,0.166536,-0.039161,2.274443,0.077733,0.139319,2.325984,-0.267430,0.346648,2.698276,-0.096479,0.407453,2.437831,-0.366379,0.684124,2.437453,-0.542697,0.689225,2.690580,-0.561489,0.932168,2.412119,-0.567012,1.081709,2.710728
1602,-0.302759,0.068827,2.740979,-0.280225,-0.120391,2.746915,-0.274061,-0.323039,2.667389,-0.007150,-0.266713,2.270768,0.169090,-0.053938,2.276343,0.075976,0.136963,2.333846,-0.269147,0.350073,2.690979,-0.093214,0.403472,2.435380,-0.365167,0.684528,2.415420,-0.538376,0.625820,2.678412,-0.514110,0.926005,2.390638,-0.569899,1.027215,2.684957
1603,-0.303023,0.062123,2.745335,-0.254358,-0.143632,2.743501,-0.274753,-0.321578,2.667675,-0.005964,-0.268657,2.263579,0.171262,-0.064040,2.257462,0.075594,0.139891,2.310551,-0.267133,0.345381,2.686807,-0.088034,0.400055,2.428969,-0.280562,0.742613,2.424297,-0.539442,0.669641,2.689275,-0.479124,0.950513,2.407548,-0.559740,1.036307,2.688534
1604,-0.317591,0.081542,2.736989,-0.285381,-0.107449,2.751699,-0.275954,-0.311972,2.675374,0.004336,-0.266992,2.264552,0.164375,-0.057646,2.255207,0.084184,0.139809,2.305576,-0.264415,0.338882,2.690071,-0.086387,0.393431,2.424674,-0.322180,0.701360,2.424409,-0.503120,0.607316,2.673936,-0.558458,0.902433,2.402922,-0.506117,1.052091,2.689409
1605,-0.319437,0.083026,2.752194,-0.286633,-0.090507,2.742942,-0.277620,-0.303785,2.671979,0.014357,-0.260821,2.268394,0.171308,-0.044442,2.273896,0.077149,0.136112,2.305014,-0.260030,0.351945,2.688825,-0.076023,0.395632,2.426748,-0.290994,0.733459,2.444088,-0.531148,0.669762,2.689160,-0.495386,0.951564,2.419802,-0.516980,1.058525,2.711866
1606,-0.316512,0.068671,2.763410,-0.249605,-0.128267,2.755064,-0.268486,-0.311559,2.667525,0.006861,-0.259322,2.272466,0.163194,-0.035630,2.300582,0.079476,0.149123,2.315568,-0.249711,0.337813,2.684427,-0.071032,0.381817,2.425681,-0.267527,0.691697,2.449076,-0.493338,0.616865,2.667078,-0.476716,0.922995,2.413402,-0.519466,1.023296,2.687721
1607,-0.315014,0.044484,2.775842,-0.245973,-0.128154,2.761815,-0.259929,-0.316093,2.660120,0.009927,-0.252874,2.273478,0.156736,-0.006799,2.301873,0.079302,0.158267,2.303797,-0.242430,0.343831,2.681525,-0.070176,0.391339,2.427478,-0.263263,0.701487,2.457421,-0.544639,0.655177,2.698564,-0.457932,0.887610,2.372715,-0.516854,0.949437,2.659226
1608,-0.317560,0.076214,2.773793,-0.242065,-0.119361,2.762208,-0.259742,-0.316416,2.657047,0.016976,-0.245292,2.273321,0.165190,0.018951,2.297658,0.088204,0.165397,2.296870,-0.243883,0.342046,2.679280,-0.067168,0.398038,2.423335,-0.286120,0.728240,2.466283,-0.535744,0.640349,2.667836,-0.473907,0.935562,2.424370,-0.556948,1.012076,2.677467
1609,-0.311356,0.055647,2.756837,-0.239203,-0.115668,2.762463,-0.249169,-0.318038,2.650270,0.017355,-0.249669,2.276294,0.168133,0.015419,2.289614,0.090505,0.169001,2.290037,-0.245501,0.339562,2.686498,-0.066735,0.395114,2.430087,-0.213730,0.759743,2.461179,-0.545219,0.702361,2.709183,-0.370492,1.015804,2.424719,-0.566643,0.979032,2.675158
1610,-0.308504,0.039895,2.772547,-0.242141,-0.116230,2.768175,-0.245634,-0.318914,2.650100,0.016237,-0.256753,2.282048,0.168797,0.003516,2.257017,0.085884,0.153874,2.269403,-0.254893,0.333998,2.687910,-0.089433,0.388357,2.434925,-0.283242,0.756440,2.443232,-0.517056,0.618266,2.674175,-0.456839,1.008440,2.438996,-0.557454,1.056020,2.713731
1611,-0.319465,0.049449,2.781437,-0.247830,-0.118854,2.780562,-0.246901,-0.317897,2.650611,0.020148,-0.260740,2.286509,0.172473,-0.002799,2.234072,0.084253,0.144095,2.249541,-0.270339,0.342986,2.695117,-0.101161,0.399290,2.442686,-0.336877,0.776826,2.470367,-0.543321,0.611693,2.671896,-0.481535,1.073245,2.469194,-0.601317,1.093434,2.717720
1612,-0.331959,0.050037,2.778815,-0.259546,-0.102686,2.791304,-0.247701,-0.317384,2.647095,0.026420,-0.260630,2.283726,0.188746,-0.000639,2.239344,0.079260,0.146927,2.242589,-0.261793,0.340833,2.693278,-0.090861,0.398642,2.439528,-0.293637,0.779512,2.464276,-0.536063,0.611623,2.685779,-0.477790,1.049841,2.497055,-0.580496,1.077330,2.737261
1613,-0.354059,0.080471,2.777250,-0.264485,-0.054895,2.801621,-0.246680,-0.308423,2.647207,0.028779,-0.262102,2.278314,0.174790,0.006204,2.246167,0.083838,0.162340,2.235830,-0.265247,0.344089,2.692218,-0.094362,0.397011,2.437176,-0.248113,0.799878,2.471844,-0.545523,0.615839,2.677710,-0.454523,1.088092,2.507206,-0.596854,1.087476,2.738357
1614,-0.359815,0.087951,2.777048,-0.264662,-0.007767,2.809595,-0.250570,-0.289725,2.651618,0.030828,-0.264226,2.279828,0.169701,0.032419,2.253985,0.069467,0.170775,2.242779,-0.266098,0.358163,2.694931,-0.091873,0.400792,2.439903,-0.318062,0.804342,2.468041,-0.565803,0.705529,2.705689,-0.474966,1.102789,2.512042,-0.568803,1.128891,2.755857
1615,-0.366250,0.108552,2.787996,-0.265581,-0.022751,2.813468,-0.247608,-0.298760,2.651455,0.027573,-0.264983,2.278074,0.165316,0.032033,2.237390,0.068927,0.181685,2.232336,-0.264706,0.349873,2.690919,-0.097439,0.399840,2.441169,-0.267904,0.794515,2.460528,-0.566904,0.714968,2.711587,-0.425625,1.144352,2.512813,-0.605851,1.117345,2.745347
1616,-0.386991,0.133501,2.774452,-0.284966,0.009282,2.826003,-0.259614,-0.284796,2.650852,0.035216,-0.257120,2.277963,0.149121,0.051794,2.230770,0.064944,0.188418,2.228846,-0.274881,0.357763,2.685060,-0.086732,0.405534,2.435186,-0.232275,0.795545,2.433119,-0.547938,0.631681,2.669839,-0.342133,1.211830,2.504488,-0.596121,1.143367,2.748946
1617,-0.390353,0.115765,2.749613,-0.300749,-0.000606,2.837060,-0.261329,-0.290805,2.643233,0.038763,-0.255669,2.281502,0.143517,0.067551,2.218226,0.048348,0.199707,2.234274,-0.274970,0.348963,2.674908,-0.087063,0.398010,2.430260,-0.311041,0.755513,2.428690,-0.577438,0.713630,2.696345,-0.450817,1.158474,2.490984,-0.575533,1.161528,2.763385
1618,-0.390283,0.122090,2.740817,-0.302289,0.002879,2.827706,-0.258249,-0.290433,2.641387,0.042246,-0.255246,2.282912,0.142764,0.072275,2.219083,0.051688,0.193990,2.241854,-0.268941,0.359649,2.672521,-0.072175,0.409530,2.431373,-0.218379,0.849036,2.483243,-0.564192,0.726602,2.689518,-0.389193,1.233430,2.522203,-0.569985,1.180672,2.761511
1619,-0.381178,0.125676,2.722949,-0.312346,0.010184,2.839285,-0.259706,-0.289129,2.645032,0.040027,-0.258015,2.283462,0.143855,0.074953,2.213660,0.033514,0.192854,2.247390,-0.267111,0.357856,2.668224,-0.062302,0.402388,2.423972,-0.225261,0.807440,2.436505,-0.543968,0.728859,2.702987,-0.415551,1.186189,2.482006,-0.514696,1.198110,2.772677
1620,-0.378054,0.117627,2.703838,-0.318357,0.007206,2.836561,-0.260255,-0.293595,2.638216,0.041163,-0.259906,2.282178,0.129111,0.075349,2.223003,0.016964,0.202585,2.263541,-0.263072,0.356864,2.659104,-0.071102,0.405747,2.421972,-0.259201,0.825356,2.475774,-0.557921,0.728215,2.690547,-0.444698,1.182292,2.503971,-0.560545,1.176302,2.745814
1621,-0.381591,0.119928,2.684818,-0.327505,-0.005411,2.827082,-0.257763,-0.286882,2.630459,0.039826,-0.256031,2.279241,0.132724,0.077715,2.234477,0.008257,0.206491,2.282511,-0.258827,0.368006,2.651369,-0.065480,0.415751,2.415485,-0.257583,0.808236,2.464117,-0.544130,0.650205,2.692912,-0.444031,1.167436,2.497123,-0.516188,1.189016,2.751513
1622,-0.375517,0.111359,2.666633,-0.342196,-0.010309,2.830377,-0.258515,-0.287776,2.626889,0.042737,-0.251138,2.275790,0.123769,0.086727,2.235012,-0.011089,0.225160,2.289690,-0.255243,0.370540,2.653993,-0.061547,0.415497,2.421565,-0.238111,0.813328,2.481531,-0.552341,0.726208,2.667672,-0.440752,1.168493,2.510557,-0.502519,1.194045,2.753550
1623,-0.380514,0.108710,2.650119,-0.345464,-0.019281,2.812255,-0.251126,-0.289667,2.630975,0.046393,-0.248707,2.279412,0.119896,0.100721,2.228033,-0.022912,0.225534,2.303069,-0.242203,0.377657,2.659333,-0.048547,0.416268,2.432891,-0.226471,0.832400,2.487413,-0.540253,0.744969,2.667852,-0.385937,1.202365,2.530590,-0.495533,1.176945,2.744987
1624,-0.384799,0.110651,2.633363,-0.360037,-0.029392,2.812705,-0.244979,-0.289573,2.625909,0.046993,-0.245417,2.277061,0.115588,0.112467,2.232634,-0.040057,0.214445,2.312558,-0.241710,0.378265,2.660848,-0.059328,0.423759,2.422564,-0.329785,0.813535,2.471338,-0.556370,0.728062,2.679544,-0.441819,1.178628,2.515687,-0.501994,1.178599,2.749698
1625,-0.383561,0.123162,2.611152,-0.355716,-0.019648,2.782212,-0.240203,-0.288908,2.623370,0.045427,-0.244254,2.277866,0.116236,0.119732,2.243266,-0.036987,0.207958,2.323346,-0.242900,0.361318,2.665193,-0.058093,0.405800,2.419675,-0.337391,0.787229,2.462807,-0.542005,0.632523,2.662519,-0.459183,1.177650,2.504950,-0.544315,1.157858,2.734822
1626,-0.384333,0.142121,2.588894,-0.358124,-0.026574,2.759649,-0.228550,-0.294581,2.623260,0.051446,-0.244301,2.287784,0.091334,0.123362,2.258196,-0.069809,0.211946,2.347147,-0.227998,0.348118,2.666816,-0.055081,0.386632,2.426645,-0.346314,0.742950,2.456761,-0.548399,0.634914,2.653901,-0.463607,1.129390,2.501915,-0.486915,1.163481,2.741966
1627,-0.388415,0.146797,2.589370,-0.355338,-0.026990,2.769709,-0.229655,-0.296829,2.621384,0.051904,-0.244994,2.283943,0.094098,0.128568,2.248795,-0.064629,0.218873,2.345419,-0.225832,0.346915,2.664726,-0.046828,0.376377,2.425962,-0.320191,0.751008,2.450045,-0.540667,0.639129,2.650825,-0.429823,1.139723,2.497931,-0.489844,1.165352,2.737999
1628,-0.384370,0.147190,2.573028,-0.354416,-0.035184,2.726018,-0.217866,-0.298071,2.632623,0.062638,-0.243513,2.291932,0.086558,0.119949,2.260362,-0.097466,0.206477,2.354158,-0.214360,0.326022,2.669417,-0.035883,0.355920,2.443726,-0.280100,0.653488,2.374132,-0.524261,0.658782,2.699628,-0.425291,1.086737,2.481986,-0.485273,1.135240,2.747532
1629,-0.380414,0.160678,2.546139,-0.351986,-0.026854,2.678243,-0.221287,-0.294481,2.623923,0.064644,-0.247036,2.293232,0.071724,0.110716,2.304642,-0.118548,0.224575,2.390718,-0.210681,0.313015,2.655303,-0.031593,0.353889,2.438495,-0.294249,0.631069,2.373152,-0.512405,0.610862,2.670699,-0.428909,1.027595,2.468913,-0.440791,1.066095,2.721090
1630,-0.375436,0.175560,2.530790,-0.351482,-0.018415,2.657405,-0.218942,-0.294517,2.624820,0.066354,-0.250077,2.297137,0.064897,0.107824,2.309447,-0.149043,0.250833,2.419666,-0.202425,0.289364,2.652802,-0.026818,0.339014,2.442698,-0.298960,0.599923,2.361693,-0.497439,0.568760,2.646551,-0.402427,1.012204,2.476666,-0.465747,1.001896,2.673881
1631,-0.370699,0.187275,2.529248,-0.338890,-0.011757,2.641937,-0.205472,-0.288144,2.624697,0.071220,-0.243403,2.293942,0.054179,0.125920,2.331045,-0.166423,0.268295,2.432062,-0.188897,0.280277,2.650481,-0.021199,0.328225,2.444565,-0.309800,0.561676,2.344251,-0.470038,0.533189,2.649535,-0.427327,0.993109,2.465871,-0.444404,0.986140,2.683702
1632,-0.367236,0.193056,2.522687,-0.330657,0.003727,2.634799,-0.203682,-0.282947,2.623061,0.071184,-0.245405,2.297515,0.053941,0.145262,2.342838,-0.171525,0.268253,2.420349,-0.192836,0.271945,2.658494,-0.023372,0.322876,2.453513,-0.313029,0.520174,2.324163,-0.488639,0.531012,2.634882,-0.400262,0.985507,2.451289,-0.496689,0.956436,2.675967
1633,-0.379179,0.217039,2.516776,-0.319434,-0.013609,2.627641,-0.187841,-0.288558,2.624879,0.069398,-0.238609,2.298493,0.032003,0.141530,2.351365,-0.199093,0.281430,2.424567,-0.175287,0.244702,2.642131,-0.021450,0.306215,2.442269,-0.326171,0.527643,2.324536,-0.453249,0.527152,2.645933,-0.467593,0.926588,2.420468,-0.413516,0.980274,2.667805
1634,-0.381836,0.226593,2.511269,-0.324599,-0.000747,2.622279,-0.183184,-0.282790,2.628289,0.070080,-0.240129,2.302564,0.022758,0.125835,2.354120,-0.207945,0.284613,2.420795,-0.169125,0.256324,2.645555,-0.016591,0.303972,2.440061,-0.304767,0.536646,2.313911,-0.462214,0.526586,2.644253,-0.416077,0.938146,2.425241,-0.435507,0.969371,2.700275
1635,-0.384068,0.249663,2.509501,-0.307048,0.008315,2.616927,-0.166781,-0.281931,2.630589,0.076832,-0.231930,2.305114,0.008058,0.118165,2.365629,-0.215654,0.296747,2.424008,-0.165338,0.261903,2.660141,-0.013840,0.305630,2.443157,-0.310066,0.566564,2.363477,-0.458681,0.555351,2.663963,-0.412419,0.954797,2.445508,-0.460505,0.990193,2.671978
1636,-0.381222,0.272437,2.516345,-0.301163,0.037908,2.622756,-0.169366,-0.271695,2.633662,0.075551,-0.223015,2.305172,-0.004315,0.124413,2.359210,-0.230181,0.317813,2.435022,-0.168769,0.271415,2.664083,-0.015979,0.308200,2.447142,-0.343182,0.548329,2.374315,-0.474281,0.536390,2.645182,-0.478920,0.905678,2.431376,-0.507771,0.931093,2.658595
1637,-0.373302,0.298385,2.541393,-0.292564,0.041302,2.629301,-0.174290,-0.271150,2.634372,0.076051,-0.219825,2.307097,-0.008763,0.127713,2.362406,-0.229175,0.342883,2.442053,-0.181429,0.265667,2.648431,-0.022002,0.296837,2.436601,-0.309761,0.560897,2.377071,-0.463835,0.574646,2.635973,-0.429765,0.916314,2.450324,-0.491100,0.915723,2.638912
1638,-0.364085,0.309974,2.569836,-0.281462,0.053350,2.643176,-0.173650,-0.263661,2.643519,0.078260,-0.212781,2.313207,-0.007214,0.132155,2.361674,-0.219928,0.347111,2.449291,-0.171547,0.274085,2.660391,-0.016332,0.304583,2.452171,-0.289316,0.583459,2.365859,-0.470664,0.538964,2.666224,-0.388488,0.912362,2.449189,-0.487602,0.923433,2.682736
1639,-0.356023,0.324479,2.557930,-0.280329,0.080012,2.651752,-0.176830,-0.255650,2.644702,0.080486,-0.203809,2.315470,-0.000164,0.140205,2.348751,-0.202020,0.331860,2.436090,-0.175450,0.274503,2.652097,-0.016469,0.303430,2.444984,-0.280136,0.513352,2.335883,-0.469398,0.532383,2.678610,-0.438987,0.848821,2.423439,-0.482729,0.866292,2.613753
1640,-0.343133,0.347673,2.552739,-0.268134,0.087846,2.652682,-0.181303,-0.248323,2.646970,0.082271,-0.199144,2.317466,0.011844,0.145057,2.353709,-0.194785,0.329096,2.435750,-0.175630,0.269765,2.642975,-0.019044,0.295745,2.441385,-0.274895,0.543542,2.350365,-0.456789,0.506577,2.605736,-0.434419,0.853201,2.438444,-0.495716,0.854576,2.591130
1641,-0.321839,0.351147,2.544526,-0.256768,0.095498,2.658028,-0.177526,-0.241329,2.652855,0.089676,-0.190338,2.317553,0.018127,0.146568,2.338560,-0.177091,0.333886,2.444050,-0.159948,0.256808,2.652193,0.001605,0.288074,2.448218,-0.215538,0.570013,2.337195,-0.430444,0.470743,2.717644,-0.435383,0.722615,2.417199,-0.427373,0.765859,2.644804
1642,-0.300896,0.365700,2.545861,-0.249554,0.111775,2.658967,-0.176053,-0.231312,2.653288,0.089126,-0.183971,2.320038,0.026173,0.149177,2.344310,-0.170412,0.345965,2.444803,-0.162707,0.258698,2.650028,-0.003394,0.289353,2.444703,-0.216074,0.551909,2.317380,-0.432226,0.462068,2.712309,-0.453820,0.769259,2.413683,-0.435596,0.783585,2.652635
1643,-0.280182,0.387270,2.567565,-0.238116,0.117709,2.666116,-0.172397,-0.228376,2.655237,0.091023,-0.182633,2.319079,0.033709,0.147542,2.346825,-0.156325,0.358326,2.439602,-0.155414,0.263486,2.647321,-0.001145,0.293721,2.448403,-0.220826,0.554168,2.332758,-0.419561,0.450104,2.696018,-0.394513,0.822888,2.432579,-0.476017,0.792421,2.640529
1644,-0.265100,0.388562,2.573272,-0.235072,0.109804,2.668080,-0.169163,-0.232613,2.654297,0.089010,-0.181034,2.318947,0.053501,0.149997,2.341295,-0.155027,0.352700,2.435497,-0.157316,0.262808,2.646398,0.000738,0.295548,2.446274,-0.237816,0.560371,2.326328,-0.425579,0.491851,2.699358,-0.375902,0.867529,2.415690,-0.509046,0.803366,2.609297
1645,-0.257168,0.377768,2.580237,-0.229311,0.113042,2.673163,-0.165927,-0.225935,2.656854,0.091073,-0.179590,2.323575,0.054617,0.154195,2.337858,-0.155900,0.349902,2.434419,-0.156375,0.274945,2.650285,0.004360,0.302639,2.445263,-0.205473,0.582692,2.330420,-0.404048,0.485857,2.679564,-0.439167,0.829972,2.397997,-0.488505,0.832055,2.606580
1646,-0.241636,0.383509,2.582812,-0.222380,0.117481,2.673459,-0.169024,-0.220192,2.659486,0.096650,-0.171671,2.324659,0.061517,0.160405,2.346735,-0.149750,0.344080,2.435573,-0.158393,0.286749,2.651858,0.006139,0.312791,2.447805,-0.186727,0.613852,2.342737,-0.414955,0.557233,2.706188,-0.415984,0.853341,2.419582,-0.484707,0.869557,2.629050
1647,-0.242875,0.381809,2.583616,-0.219152,0.117629,2.675447,-0.168590,-0.213860,2.660690,0.101278,-0.171524,2.328221,0.070389,0.162801,2.348022,-0.136547,0.337739,2.434261,-0.156969,0.295010,2.656656,0.012930,0.323143,2.451061,-0.177200,0.614738,2.360256,-0.427052,0.555742,2.713486,-0.355277,0.900196,2.433998,-0.521262,0.857551,2.615785
1648,-0.244473,0.385575,2.585182,-0.217529,0.120543,2.674984,-0.168260,-0.211721,2.660044,0.103886,-0.170393,2.328354,0.068633,0.157588,2.348140,-0.135883,0.341602,2.433302,-0.157152,0.304815,2.659674,0.013223,0.331502,2.455403,-0.144750,0.631516,2.380913,-0.462056,0.558057,2.698350,-0.314039,0.902436,2.444344,-0.483996,0.875824,2.620753
1649,-0.254523,0.383254,2.586360,-0.222995,0.118977,2.674009,-0.167671,-0.214684,2.658433,0.104094,-0.172085,2.331349,0.059484,0.161363,2.354528,-0.149977,0.342031,2.432467,-0.157174,0.300645,2.652193,0.008681,0.336651,2.458421,-0.225583,0.635153,2.392949,-0.463907,0.552904,2.675632,-0.396522,0.898794,2.447148,-0.500612,0.885168,2.628143
1650,-0.262675,0.378777,2.587878,-0.225636,0.113631,2.678786,-0.164712,-0.214560,2.663793,0.105966,-0.168615,2.330769,0.059082,0.170335,2.356446,-0.152616,0.343213,2.434159,-0.156471,0.293685,2.652115,0.001755,0.339693,2.457819,-0.228311,0.647761,2.392534,-0.440111,0.555342,2.679042,-0.393567,0.928066,2.457031,-0.503703,0.886565,2.630874
1651,-0.269021,0.380693,2.590630,-0.225156,0.109417,2.676271,-0.161665,-0.214607,2.662513,0.102353,-0.163981,2.333325,0.050638,0.179200,2.362041,-0.155891,0.349190,2.436558,-0.158488,0.283240,2.658403,-0.004782,0.335494,2.458812,-0.253684,0.601671,2.374619,-0.444705,0.543004,2.682492,-0.425875,0.896190,2.457431,-0.508329,0.876193,2.634366
1652,-0.264205,0.373378,2.587783,-0.228483,0.115783,2.680943,-0.166306,-0.211264,2.663005,0.104378,-0.165672,2.332780,0.048014,0.175674,2.362619,-0.156572,0.346697,2.445574,-0.157894,0.282726,2.662630,0.007099,0.331579,2.463533,-0.205375,0.599999,2.377442,-0.419155,0.526262,2.693321,-0.389795,0.908932,2.462267,-0.521523,0.851941,2.631587
1653,-0.269712,0.370797,2.583734,-0.231139,0.115509,2.682101,-0.164704,-0.212004,2.662548,0.105700,-0.163687,2.333741,0.048108,0.178040,2.367080,-0.160930,0.343387,2.449530,-0.160695,0.280504,2.668590,0.011698,0.328111,2.467623,-0.176855,0.612948,2.387494,-0.425102,0.541753,2.701011,-0.387903,0.910393,2.472742,-0.507259,0.897122,2.658656
1654,-0.265851,0.366357,2.582843,-0.230864,0.113515,2.679930,-0.163935,-0.210136,2.665414,0.104993,-0.168866,2.335941,0.050276,0.169187,2.369226,-0.162414,0.338031,2.446572,-0.164372,0.285621,2.661310,0.003013,0.326773,2.462181,-0.190231,0.599403,2.370412,-0.431882,0.553827,2.693492,-0.378870,0.900977,2.450846,-0.526369,0.867838,2.640455
1655,-0.272130,0.365965,2.582890,-0.229842,0.112576,2.679033,-0.164597,-0.208301,2.666961,0.102759,-0.165307,2.336234,0.039962,0.172536,2.370563,-0.158419,0.342069,2.454540,-0.164581,0.287294,2.663769,-0.001706,0.327867,2.466280,-0.220869,0.595361,2.367107,-0.439580,0.550071,2.708848,-0.384010,0.903235,2.455244,-0.537623,0.861706,2.643397
1656,-0.271984,0.364801,2.576868,-0.231868,0.113849,2.679872,-0.164880,-0.208877,2.668222,0.102817,-0.165301,2.334136,0.039994,0.172557,2.367798,-0.165239,0.336072,2.455411,-0.162991,0.285706,2.665494,0.001687,0.326221,2.471712,-0.210060,0.583662,2.370237,-0.437932,0.529559,2.718356,-0.391112,0.878109,2.451615,-0.522716,0.858403,2.654391
1657,-0.276814,0.369756,2.578230,-0.231301,0.112710,2.675102,-0.166635,-0.210130,2.667908,0.104135,-0.168648,2.333754,0.047166,0.166028,2.366087,-0.159059,0.334134,2.474301,-0.163071,0.279892,2.654754,0.002232,0.321321,2.465253,-0.231181,0.571104,2.381330,-0.469476,0.511300,2.685348,-0.390696,0.890232,2.458687,-0.502936,0.869999,2.662859
1658,-0.269263,0.359943,2.585094,-0.229315,0.108846,2.670305,-0.169095,-0.206067,2.668248,0.105602,-0.160548,2.332913,0.046559,0.176017,2.371775,-0.171090,0.333986,2.497606,-0.167199,0.289917,2.655742,0.002226,0.320386,2.454085,-0.204059,0.566218,2.390700,-0.433074,0.548570,2.703334,-0.397405,0.907066,2.466117,-0.470299,0.890926,2.648461
1659,-0.280868,0.359101,2.591126,-0.229218,0.115665,2.672023,-0.170228,-0.202921,2.670344,0.106450,-0.159166,2.332986,0.048859,0.181511,2.380840,-0.180035,0.325884,2.511026,-0.159228,0.287697,2.659389,0.015623,0.316641,2.454687,-0.202054,0.538512,2.383917,-0.417131,0.530737,2.708498,-0.404988,0.872371,2.459798,-0.473994,0.891293,2.683874
1660,-0.296174,0.371801,2.588850,-0.229944,0.123943,2.665437,-0.170091,-0.196198,2.669558,0.104761,-0.160003,2.335254,0.044057,0.176834,2.386928,-0.189104,0.318416,2.530588,-0.157649,0.303822,2.670159,0.003635,0.323620,2.458158,-0.237454,0.551535,2.383148,-0.436213,0.550373,2.716658,-0.419736,0.875738,2.449800,-0.474038,0.920077,2.678263
1661,-0.273813,0.355001,2.580369,-0.229382,0.130644,2.660340,-0.168847,-0.199531,2.669820,0.103928,-0.160656,2.339286,0.031758,0.178960,2.385834,-0.197421,0.294381,2.544685,-0.155062,0.300911,2.666135,0.013135,0.326910,2.462511,-0.201928,0.551876,2.400016,-0.413456,0.510355,2.707872,-0.388411,0.870014,2.464291,-0.485162,0.892001,2.676488
1662,-0.276760,0.343341,2.575415,-0.227051,0.129185,2.664680,-0.170942,-0.196141,2.670198,0.103142,-0.161710,2.341956,0.034607,0.178526,2.384916,-0.201466,0.275368,2.554034,-0.144729,0.293258,2.654329,0.023080,0.315366,2.464761,-0.190346,0.488120,2.392216,-0.367008,0.542078,2.671963,-0.389108,0.826799,2.461924,-0.415676,0.904531,2.654352
1663,-0.290500,0.346239,2.573249,-0.228397,0.135829,2.663850,-0.169154,-0.192326,2.671055,0.104122,-0.162383,2.342372,0.030380,0.178488,2.377036,-0.204621,0.257500,2.545902,-0.134733,0.305337,2.656459,0.028753,0.322132,2.466564,-0.215157,0.465719,2.371933,-0.378908,0.519356,2.696203,-0.438334,0.829273,2.445216,-0.488513,0.876933,2.659198
1664,-0.301826,0.333752,2.581239,-0.231845,0.123595,2.666076,-0.169199,-0.195057,2.668180,0.103281,-0.160181,2.336904,0.032925,0.176357,2.374866,-0.202099,0.261973,2.542624,-0.136023,0.298900,2.649215,0.023674,0.322868,2.453149,-0.209747,0.500924,2.391566,-0.390534,0.533098,2.708217,-0.440597,0.844868,2.442240,-0.488527,0.891278,2.665257
1665,-0.298682,0.329729,2.584508,-0.229928,0.130756,2.669226,-0.165938,-0.193135,2.666890,0.103180,-0.156635,2.332294,0.025455,0.171176,2.369868,-0.206080,0.261700,2.538211,-0.131920,0.308156,2.647576,0.028529,0.326616,2.445123,-0.199018,0.516690,2.394360,-0.397958,0.536280,2.718668,-0.413318,0.856134,2.450989,-0.470903,0.889165,2.661092
1666,-0.299654,0.335275,2.578611,-0.230463,0.130741,2.668025,-0.168550,-0.189166,2.665835,0.101194,-0.154896,2.334008,0.028170,0.171964,2.368113,-0.198757,0.275830,2.537219,-0.130089,0.305152,2.648620,0.032889,0.329808,2.447876,-0.203644,0.557973,2.383370,-0.392805,0.580346,2.720661,-0.388407,0.869871,2.469560,-0.408951,0.917423,2.679066
1667,-0.296898,0.345905,2.585304,-0.226899,0.130311,2.669680,-0.167920,-0.190784,2.661731,0.102919,-0.151894,2.332098,0.031780,0.178707,2.371746,-0.201760,0.290715,2.536549,-0.133559,0.292986,2.641565,0.033358,0.322763,2.448448,-0.196496,0.560580,2.382085,-0.392082,0.577136,2.724389,-0.400641,0.859142,2.450622,-0.393207,0.911365,2.668728
1668,-0.292308,0.338808,2.582213,-0.229652,0.117410,2.671167,-0.166170,-0.192931,2.662241,0.105811,-0.144632,2.330006,0.031365,0.185199,2.372736,-0.203204,0.318683,2.534755,-0.133258,0.297596,2.650042,0.029346,0.331468,2.453723,-0.217978,0.558597,2.374237,-0.389394,0.564319,2.712858,-0.396588,0.885013,2.461367,-0.393438,0.913087,2.665362
1669,-0.284810,0.353097,2.594389,-0.233213,0.117500,2.673146,-0.164994,-0.190886,2.657779,0.105880,-0.140982,2.331589,0.013171,0.183350,2.374186,-0.205685,0.331169,2.527821,-0.144767,0.295429,2.649663,0.021096,0.332065,2.455802,-0.216005,0.546017,2.391758,-0.401868,0.513593,2.713333,-0.409645,0.868774,2.463349,-0.451999,0.881293,2.658324
1670,-0.283937,0.346601,2.582199,-0.232908,0.113514,2.666531,-0.162818,-0.190713,2.658579,0.106697,-0.141247,2.329941,0.027727,0.188993,2.377774,-0.200773,0.328175,2.529163,-0.151484,0.289269,2.643749,0.013346,0.328805,2.452728,-0.212882,0.547241,2.400117,-0.415854,0.502977,2.718002,-0.419032,0.858788,2.469327,-0.496036,0.858294,2.647078
1671,-0.288007,0.345087,2.581839,-0.227642,0.111864,2.665923,-0.159245,-0.192410,2.655971,0.105822,-0.143671,2.329219,0.023523,0.183839,2.373816,-0.199522,0.337778,2.533977,-0.150668,0.292471,2.644592,0.013140,0.330377,2.451585,-0.202710,0.537266,2.395323,-0.420267,0.493014,2.714803,-0.418980,0.856048,2.460502,-0.522091,0.813060,2.622953
1672,-0.285468,0.349954,2.581343,-0.226236,0.115549,2.666499,-0.159396,-0.191513,2.656883,0.107554,-0.146181,2.327640,0.024214,0.178142,2.372473,-0.197861,0.339885,2.541555,-0.149690,0.297602,2.643808,0.017384,0.332096,2.448885,-0.199672,0.544913,2.407380,-0.423202,0.530281,2.732384,-0.406335,0.854235,2.457124,-0.472866,0.862622,2.636657
1673,-0.286059,0.338984,2.577305,-0.229626,0.117225,2.669264,-0.160909,-0.190425,2.659321,0.103676,-0.148589,2.329185,0.016615,0.181534,2.375674,-0.202467,0.332211,2.534327,-0.151027,0.294750,2.643812,0.012389,0.330752,2.448292,-0.203745,0.534700,2.416122,-0.426320,0.503748,2.745333,-0.397012,0.871491,2.448322,-0.495357,0.842005,2.624953
1674,-0.279646,0.327716,2.582080,-0.228376,0.109952,2.669899,-0.161675,-0.192429,2.659008,0.102606,-0.148548,2.328021,0.027624,0.179752,2.370404,-0.196006,0.317173,2.532740,-0.148410,0.295150,2.642226,0.019834,0.331829,2.438645,-0.199100,0.547570,2.413333,-0.425450,0.514923,2.738780,-0.407815,0.883561,2.454156,-0.493955,0.863519,2.641667
1675,-0.283077,0.330183,2.578863,-0.229985,0.114554,2.674526,-0.162325,-0.190819,2.659880,0.108624,-0.151077,2.327050,0.029619,0.182524,2.367965,-0.196462,0.305173,2.533443,-0.144023,0.287958,2.636576,0.023316,0.329259,2.440818,-0.223281,0.555648,2.414102,-0.422348,0.494064,2.724448,-0.400991,0.906138,2.455346,-0.490275,0.850471,2.622421
1676,-0.295156,0.304659,2.590423,-0.229910,0.104073,2.682404,-0.160996,-0.192477,2.659265,0.105354,-0.152327,2.325701,0.033102,0.173680,2.374388,-0.196829,0.280249,2.542182,-0.144339,0.299777,2.647867,0.018720,0.335770,2.438939,-0.235334,0.553224,2.442408,-0.417717,0.482667,2.717024,-0.406835,0.907894,2.459357,-0.471886,0.853546,2.635174
1677,-0.292780,0.325228,2.577999,-0.231098,0.106581,2.680295,-0.159117,-0.195591,2.660711,0.107421,-0.152905,2.328070,0.037124,0.164429,2.375917,-0.200047,0.244086,2.541891,-0.130564,0.308928,2.646723,0.032247,0.341105,2.443929,-0.231152,0.591082,2.414219,-0.403994,0.527481,2.720192,-0.422982,0.905679,2.460605,-0.489865,0.884883,2.643409
1678,-0.290952,0.345960,2.568576,-0.238067,0.117623,2.678449,-0.161856,-0.190457,2.661755,0.105655,-0.155479,2.328252,0.033151,0.162299,2.369492,-0.196261,0.232907,2.545967,-0.134788,0.311267,2.651041,0.029200,0.344854,2.443238,-0.198111,0.582995,2.414310,-0.414670,0.569493,2.732349,-0.397513,0.904807,2.464757,-0.498602,0.892987,2.653441
1679,-0.272082,0.365135,2.570267,-0.229444,0.128743,2.666893,-0.160181,-0.190345,2.660150,0.105069,-0.157781,2.331432,0.043169,0.161327,2.368828,-0.192215,0.204540,2.555532,-0.131285,0.321533,2.649092,0.030735,0.347648,2.444406,-0.213042,0.618791,2.413734,-0.424459,0.592959,2.721641,-0.397404,0.923274,2.469240,-0.459018,0.922557,2.652900
1680,-0.272096,0.393076,2.567053,-0.236579,0.147007,2.676066,-0.161375,-0.189334,2.661959,0.107290,-0.160480,2.329770,0.030798,0.170905,2.370930,-0.197399,0.167668,2.556923,-0.127223,0.341577,2.652665,0.037161,0.368328,2.452439,-0.191975,0.690276,2.442141,-0.415100,0.619467,2.702879,-0.335581,1.007751,2.469902,-0.459574,0.970292,2.652810
1681,-0.271660,0.390897,2.568354,-0.229490,0.138645,2.669490,-0.154018,-0.194814,2.656036,0.103679,-0.159413,2.327013,0.040153,0.168943,2.380777,-0.184072,0.128529,2.532595,-0.124107,0.344691,2.640011,0.032253,0.372478,2.437847,-0.227709,0.681140,2.465531,-0.408428,0.615912,2.690047,-0.373978,1.036444,2.484698,-0.483315,0.983957,2.656211
1682,-0.270524,0.387741,2.567324,-0.225889,0.130325,2.673798,-0.158662,-0.196554,2.657157,0.102848,-0.163805,2.324436,0.026423,0.171511,2.370615,-0.191050,0.096161,2.542080,-0.130223,0.339371,2.635755,0.025601,0.372145,2.439856,-0.180245,0.673038,2.432567,-0.428956,0.601625,2.690462,-0.348753,1.045504,2.492591,-0.487255,0.965757,2.666507
1683,-0.269248,0.390524,2.562200,-0.228526,0.120743,2.679698,-0.158312,-0.191993,2.660105,0.100385,-0.165154,2.325672,0.024343,0.172485,2.376965,-0.188167,0.066887,2.548777,-0.110579,0.370057,2.634026,0.040315,0.395860,2.435601,-0.135554,0.713057,2.412531,-0.362631,0.645473,2.725128,-0.263511,1.106444,2.493901,-0.381267,1.030742,2.680311
1684,-0.272101,0.386009,2.566800,-0.236449,0.107940,2.677946,-0.154493,-0.199230,2.659808,0.107610,-0.164560,2.324389,0.026454,0.167679,2.380466,-0.181896,0.033094,2.551251,-0.115884,0.346589,2.636734,0.031911,0.393438,2.441732,-0.161350,0.672447,2.410193,-0.426096,0.541691,2.704314,-0.311751,1.049141,2.482571,-0.466445,0.962371,2.671737
1685,-0.279455,0.379908,2.570644,-0.238891,0.100903,2.684835,-0.153633,-0.200595,2.659331,0.103474,-0.167780,2.328006,0.010464,0.153389,2.378101,-0.179270,0.008975,2.548349,-0.118303,0.354402,2.642171,0.029606,0.398837,2.441094,-0.162677,0.668603,2.411533,-0.433927,0.624314,2.698617,-0.320341,1.040800,2.477467,-0.496134,0.959132,2.654921
1686,-0.289209,0.383023,2.567275,-0.253768,0.094449,2.687086,-0.151725,-0.199433,2.661438,0.102806,-0.170413,2.331467,0.010719,0.141505,2.368153,-0.181996,-0.014619,2.561748,-0.113053,0.369915,2.638938,0.045651,0.404574,2.434286,-0.149719,0.693675,2.401807,-0.413155,0.606771,2.707815,-0.287228,1.058710,2.459450,-0.428989,0.989632,2.681232
1687,-0.290209,0.382687,2.567081,-0.262277,0.086276,2.676261,-0.146682,-0.204416,2.661294,0.101319,-0.174668,2.334810,0.014630,0.136527,2.365539,-0.183710,-0.039438,2.554301,-0.108149,0.346329,2.630619,0.040708,0.385202,2.436235,-0.172008,0.651509,2.403959,-0.436939,0.580691,2.697196,-0.316208,1.014486,2.479747,-0.454249,0.943439,2.677349
1688,-0.299311,0.379291,2.559849,-0.265039,0.091170,2.670973,-0.139739,-0.203408,2.657251,0.101013,-0.173166,2.329829,0.007469,0.148814,2.365791,-0.168688,-0.066556,2.535856,-0.100984,0.382318,2.648509,0.050397,0.405907,2.441285,-0.141685,0.698687,2.399271,-0.433789,0.642698,2.712445,-0.263640,1.062474,2.478275,-0.375537,1.029597,2.706682
1689,-0.297443,0.385016,2.559418,-0.258607,0.106734,2.661603,-0.143672,-0.196349,2.662087,0.102114,-0.173249,2.329495,0.008706,0.138398,2.362325,-0.171001,-0.073421,2.536611,-0.109890,0.383156,2.644912,0.039632,0.406488,2.435481,-0.174557,0.693408,2.395009,-0.467741,0.596081,2.699367,-0.296669,1.010528,2.459740,-0.412658,0.980222,2.669887
1690,-0.304454,0.378393,2.560767,-0.263821,0.096657,2.663188,-0.144325,-0.199617,2.661734,0.100522,-0.172666,2.335788,-0.001841,0.146781,2.355838,-0.161454,-0.078262,2.527272,-0.115789,0.360519,2.648627,0.036334,0.401541,2.441537,-0.151316,0.710245,2.391233,-0.440620,0.614079,2.705171,-0.287777,1.027230,2.453328,-0.414791,0.991709,2.685003
1691,-0.303903,0.380512,2.556708,-0.261739,0.100687,2.662667,-0.142936,-0.200936,2.659821,0.097207,-0.171899,2.337107,-0.000796,0.140918,2.345753,-0.160392,-0.069190,2.518859,-0.124356,0.369992,2.641493,0.020711,0.394009,2.440336,-0.213662,0.673729,2.391208,-0.463508,0.594388,2.705182,-0.339648,1.004208,2.476598,-0.444687,0.986148,2.692650
1692,-0.305572,0.378217,2.558614,-0.255756,0.099636,2.658090,-0.146024,-0.202210,2.665350,0.097385,-0.173512,2.343656,-0.004104,0.132427,2.335243,-0.158179,-0.075886,2.531580,-0.120902,0.362545,2.643285,0.026946,0.395057,2.436713,-0.205970,0.623722,2.375899,-0.472727,0.552149,2.695654,-0.307152,0.998388,2.472153,-0.456757,0.959584,2.670806
1693,-0.308000,0.384130,2.560665,-0.264202,0.099741,2.656058,-0.143498,-0.193823,2.662905,0.099975,-0.172640,2.336633,-0.002282,0.133828,2.330400,-0.155310,-0.072420,2.536610,-0.123136,0.387253,2.639528,0.027121,0.412609,2.433119,-0.193767,0.709414,2.388346,-0.465805,0.623887,2.690271,-0.341749,1.034841,2.457836,-0.443623,1.026754,2.676319
1694,-0.307264,0.394281,2.566706,-0.261194,0.104697,2.659534,-0.145810,-0.198876,2.666535,0.101277,-0.170907,2.335606,0.009385,0.137795,2.326404,-0.155493,-0.058117,2.553337,-0.120099,0.372532,2.649746,0.030619,0.408332,2.438085,-0.174208,0.686483,2.391286,-0.427900,0.560239,2.696197,-0.316442,1.053797,2.483359,-0.438404,0.999026,2.672366
1695,-0.311881,0.391040,2.573499,-0.267650,0.099619,2.662162,-0.146702,-0.197484,2.663077,0.102488,-0.170034,2.336966,0.009463,0.136354,2.319464,-0.158156,-0.046741,2.563965,-0.116294,0.384719,2.660518,0.032009,0.413678,2.445824,-0.187887,0.711280,2.409673,-0.437808,0.610761,2.718242,-0.313377,1.085459,2.491398,-0.408841,1.034630,2.696412
1696,-0.315077,0.384126,2.581552,-0.271630,0.109265,2.662931,-0.156519,-0.193488,2.663018,0.102719,-0.169130,2.330954,0.015571,0.140002,2.305759,-0.151433,-0.030242,2.562934,-0.137819,0.372802,2.650531,0.016890,0.406972,2.440222,-0.225458,0.660693,2.393346,-0.489273,0.589922,2.713991,-0.379542,1.046360,2.483392,-0.503823,1.016334,2.704854
1697,-0.339819,0.380230,2.582279,-0.285864,0.114394,2.663760,-0.161793,-0.195407,2.661148,0.102777,-0.168577,2.332104,0.024047,0.134608,2.311175,-0.175860,-0.013759,2.569968,-0.146087,0.371781,2.659275,0.013128,0.410991,2.444771,-0.236388,0.679512,2.399841,-0.469554,0.635322,2.701367,-0.400028,1.052251,2.487938,-0.485079,1.040607,2.675137
1698,-0.352637,0.370494,2.587466,-0.286932,0.110709,2.667495,-0.162415,-0.196960,2.659352,0.103036,-0.165880,2.331397,0.025110,0.141095,2.307104,-0.174252,0.000721,2.567620,-0.146736,0.364656,2.653980,0.011727,0.408294,2.443171,-0.227776,0.667549,2.401066,-0.456860,0.655788,2.693063,-0.389567,1.062442,2.502166,-0.496299,1.044684,2.678538
1699,-0.364953,0.364763,2.589582,-0.293736,0.110570,2.666948,-0.163804,-0.198143,2.655838,0.100779,-0.164452,2.334263,0.012860,0.136632,2.304374,-0.180594,-0.003503,2.558329,-0.156365,0.370188,2.661744,0.008366,0.414471,2.446975,-0.249973,0.686446,2.405318,-0.452196,0.622920,2.699459,-0.389093,1.080912,2.496439,-0.517999,1.052302,2.667551
1700,-0.373212,0.366856,2.593314,-0.295606,0.107533,2.668980,-0.162112,-0.202000,2.654595,0.101589,-0.163237,2.330926,0.022564,0.146814,2.305504,-0.174659,-0.006995,2.556961,-0.149851,0.353814,2.658866,0.008494,0.411100,2.443094,-0.251677,0.678370,2.399422,-0.451676,0.600126,2.707706,-0.393888,1.060916,2.505765,-0.513039,1.031458,2.677437
1701,-0.376407,0.365731,2.598624,-0.296571,0.107854,2.672368,-0.161946,-0.203229,2.655949,0.101668,-0.163187,2.332279,0.036668,0.149530,2.313048,-0.169298,-0.006279,2.560585,-0.166336,0.359644,2.674737,-0.002135,0.412377,2.455382,-0.249220,0.689867,2.418257,-0.476240,0.659783,2.711169,-0.395466,1.065421,2.514558,-0.541708,1.037981,2.677653
1702,-0.376311,0.371115,2.597454,-0.300064,0.111321,2.668712,-0.165442,-0.200390,2.656516,0.103668,-0.160305,2.330822,0.046079,0.152575,2.312253,-0.168289,-0.001152,2.561903,-0.173451,0.346918,2.677016,-0.005814,0.403019,2.461452,-0.246075,0.681192,2.400198,-0.452905,0.652525,2.731662,-0.414860,1.041733,2.485633,-0.527274,1.032569,2.696823
1703,-0.370396,0.374912,2.600462,-0.291393,0.102674,2.667618,-0.160855,-0.205454,2.657151,0.101930,-0.161873,2.330925,0.033226,0.145785,2.312083,-0.171601,-0.002995,2.565591,-0.177678,0.350820,2.679272,-0.003750,0.398420,2.463029,-0.285402,0.751915,2.454701,-0.479039,0.669704,2.723599,-0.382591,1.074608,2.509800,-0.535836,1.050254,2.692298
1704,-0.368907,0.379935,2.600199,-0.284896,0.104105,2.668882,-0.159426,-0.207802,2.656978,0.100291,-0.166803,2.329172,0.040559,0.144070,2.307191,-0.170006,0.002605,2.568381,-0.184826,0.337895,2.666954,-0.019301,0.385558,2.458673,-0.274947,0.672700,2.396540,-0.484536,0.621887,2.713242,-0.422743,1.048434,2.497783,-0.544489,1.025326,2.677722
1705,-0.363755,0.382484,2.593899,-0.284376,0.108511,2.669535,-0.161638,-0.201473,2.655202,0.105782,-0.166348,2.323711,0.048863,0.141964,2.307260,-0.168031,0.012962,2.561324,-0.181648,0.342944,2.655913,-0.026716,0.389569,2.446157,-0.276491,0.707930,2.419940,-0.477783,0.641876,2.707132,-0.418999,1.012346,2.469717,-0.531563,1.021181,2.666246
1706,-0.358459,0.380499,2.583008,-0.278330,0.101102,2.665518,-0.158452,-0.200878,2.657701,0.103805,-0.167254,2.328915,0.051335,0.143634,2.315986,-0.160901,0.024266,2.566670,-0.165601,0.342419,2.654319,-0.013832,0.384579,2.441282,-0.254384,0.714820,2.445475,-0.468407,0.605086,2.715807,-0.385977,1.018605,2.494793,-0.482559,1.001538,2.698660
1707,-0.356394,0.384401,2.579507,-0.274364,0.101083,2.664323,-0.161000,-0.200625,2.659083,0.104815,-0.164610,2.331114,0.049971,0.144681,2.312986,-0.157722,0.028768,2.561743,-0.158636,0.351543,2.652460,0.007820,0.386000,2.434568,-0.249774,0.735575,2.438538,-0.456484,0.624543,2.724895,-0.392154,1.025151,2.511013,-0.463893,1.010614,2.703035
1708,-0.348461,0.391921,2.582835,-0.265439,0.110478,2.671117,-0.164999,-0.196296,2.660936,0.104124,-0.166525,2.327174,0.059883,0.147764,2.311425,-0.153172,0.043095,2.566925,-0.149631,0.357033,2.651210,0.011702,0.389545,2.439511,-0.246575,0.735070,2.440165,-0.430847,0.643679,2.698995,-0.386587,1.027619,2.501531,-0.459582,1.013287,2.688133
1709,-0.334221,0.398378,2.582399,-0.260508,0.122276,2.670710,-0.164972,-0.196066,2.662116,0.107262,-0.166452,2.325969,0.063531,0.153389,2.313110,-0.150239,0.058438,2.568834,-0.151717,0.365588,2.646941,0.009733,0.397441,2.434609,-0.225537,0.753855,2.444026,-0.429675,0.657043,2.711671,-0.370690,1.042493,2.502385,-0.451464,1.033508,2.698817
1710,-0.327321,0.399485,2.583108,-0.260083,0.133628,2.680010,-0.167115,-0.190382,2.661923,0.107397,-0.163014,2.325385,0.062454,0.160593,2.310537,-0.152342,0.055093,2.561743,-0.144709,0.372082,2.643696,0.032409,0.405874,2.431014,-0.152618,0.711662,2.399280,-0.410279,0.674559,2.698482,-0.301411,1.072565,2.508768,-0.424355,1.046397,2.674114
1711,-0.330147,0.398755,2.586907,-0.259421,0.130492,2.678236,-0.168639,-0.195024,2.660930,0.107974,-0.165424,2.329850,0.055480,0.164232,2.310169,-0.160451,0.047976,2.554281,-0.143447,0.370687,2.647238,0.006484,0.408829,2.437757,-0.195436,0.677222,2.380999,-0.446155,0.603707,2.699263,-0.355378,1.066133,2.486881,-0.464252,1.044865,2.682460
1712,-0.328261,0.401769,2.592337,-0.255133,0.129969,2.678709,-0.165642,-0.196409,2.656901,0.104017,-0.165182,2.322348,0.051903,0.162394,2.308377,-0.150251,0.047077,2.552210,-0.149536,0.373694,2.640520,-0.001882,0.412906,2.428827,-0.230359,0.687282,2.399930,-0.450780,0.685459,2.689408,-0.377145,1.068082,2.484628,-0.479841,1.068556,2.675831
1713,-0.330598,0.401915,2.593568,-0.260858,0.137605,2.679403,-0.162078,-0.192705,2.657009,0.105155,-0.167412,2.325985,0.060121,0.165623,2.306175,-0.145100,0.040297,2.550169,-0.148612,0.387332,2.639885,0.018555,0.410668,2.430861,-0.226978,0.698391,2.389862,-0.440539,0.710346,2.674765,-0.361609,1.092103,2.489873,-0.479480,1.090141,2.649107
1714,-0.336442,0.400182,2.591544,-0.263907,0.138004,2.682684,-0.161140,-0.190589,2.661670,0.107300,-0.167831,2.326412,0.061721,0.165440,2.312839,-0.142054,0.038519,2.555714,-0.151999,0.378767,2.642242,0.000615,0.417500,2.438526,-0.229466,0.702130,2.384327,-0.445252,0.719553,2.679489,-0.376313,1.067988,2.474844,-0.472417,1.097294,2.667013
1715,-0.335023,0.391664,2.588274,-0.258379,0.134989,2.670438,-0.159444,-0.195308,2.656532,0.106338,-0.167118,2.325569,0.060744,0.168828,2.309317,-0.142056,0.033976,2.558300,-0.156113,0.373429,2.648370,-0.003199,0.418441,2.433854,-0.227001,0.694712,2.397113,-0.450245,0.687960,2.695130,-0.375683,1.071869,2.488371,-0.494304,1.079607,2.673348
1716,-0.339382,0.393521,2.592569,-0.262628,0.133590,2.675920,-0.161309,-0.203686,2.654285,0.105361,-0.170709,2.330584,0.056702,0.158972,2.318299,-0.147404,0.030918,2.561412,-0.171182,0.361141,2.666774,-0.018088,0.410534,2.448457,-0.269658,0.735375,2.426831,-0.471098,0.692570,2.707921,-0.388523,1.077049,2.494953,-0.521151,1.080296,2.679182
1717,-0.336440,0.387256,2.592714,-0.261613,0.124716,2.676882,-0.156957,-0.203757,2.656399,0.104506,-0.168208,2.324184,0.055643,0.157006,2.310396,-0.147399,0.032862,2.559236,-0.161171,0.346995,2.661363,0.007808,0.386078,2.431727,-0.241687,0.692403,2.393840,-0.432157,0.690867,2.712609,-0.385546,1.075827,2.490522,-0.478971,1.089450,2.685118
1718,-0.333357,0.392345,2.590013,-0.267657,0.129529,2.672506,-0.161478,-0.197317,2.657149,0.107768,-0.169635,2.324102,0.056920,0.156478,2.316136,-0.150524,0.039616,2.561486,-0.170873,0.351370,2.660802,-0.017353,0.400461,2.445700,-0.277721,0.729275,2.424103,-0.468445,0.676929,2.705220,-0.386609,1.070587,2.492799,-0.512993,1.070948,2.690756
1719,-0.335530,0.391667,2.592492,-0.267613,0.126034,2.677691,-0.159602,-0.199342,2.658990,0.107309,-0.170354,2.323283,0.057938,0.153809,2.318010,-0.150150,0.037535,2.568987,-0.172138,0.356464,2.657591,-0.003711,0.393306,2.439803,-0.260475,0.742049,2.426035,-0.463463,0.690166,2.720684,-0.375760,1.080171,2.500490,-0.517053,1.072250,2.698354
1720,-0.334465,0.388244,2.591810,-0.273894,0.132135,2.682840,-0.164462,-0.198089,2.656960,0.107116,-0.171726,2.326271,0.058021,0.151816,2.319946,-0.150650,0.050548,2.568124,-0.179729,0.356763,2.656928,-0.026961,0.401105,2.442517,-0.282893,0.754359,2.444267,-0.474981,0.684812,2.708597,-0.403954,1.072947,2.499438,-0.501489,1.071719,2.688863
1721,-0.331852,0.381488,2.590466,-0.265151,0.126359,2.686258,-0.162618,-0.203712,2.658746,0.106011,-0.172788,2.326741,0.050236,0.152254,2.315417,-0.162494,0.050580,2.567218,-0.165323,0.343387,2.655546,0.005715,0.386271,2.439382,-0.262826,0.726476,2.428699,-0.472242,0.658220,2.717959,-0.384901,1.056096,2.487216,-0.497573,1.067903,2.695104
1722,-0.333860,0.375431,2.583988,-0.271880,0.130617,2.681816,-0.164781,-0.197555,2.660897,0.106873,-0.170843,2.322327,0.062283,0.157054,2.318640,-0.150658,0.054784,2.570716,-0.172594,0.355019,2.644560,-0.020790,0.394863,2.427976,-0.254689,0.735732,2.426543,-0.464747,0.675634,2.703401,-0.390928,1.059993,2.479499,-0.506730,1.065520,2.681875
1723,-0.331732,0.371756,2.583103,-0.268583,0.129156,2.686104,-0.164070,-0.197068,2.662708,0.109262,-0.169445,2.322798,0.064855,0.158033,2.313005,-0.149935,0.050842,2.561876,-0.163553,0.349231,2.660901,-0.011379,0.394533,2.442779,-0.214913,0.742233,2.455894,-0.412411,0.691055,2.731638,-0.360512,1.061896,2.512667,-0.429607,1.080484,2.706875
1724,-0.330552,0.362744,2.569532,-0.267937,0.128832,2.684038,-0.164124,-0.200616,2.658130,0.107821,-0.172338,2.323708,0.063893,0.156075,2.320112,-0.147325,0.049777,2.561396,-0.167696,0.335674,2.638007,-0.016160,0.378176,2.432214,-0.228805,0.726114,2.448331,-0.443107,0.667744,2.697305,-0.381165,1.044404,2.498791,-0.469825,1.053862,2.664848
1725,-0.323557,0.347518,2.561749,-0.261008,0.118557,2.687239,-0.161627,-0.201048,2.658936,0.106297,-0.176868,2.329464,0.059469,0.142995,2.305072,-0.145915,0.037566,2.552914,-0.149391,0.328642,2.644707,-0.000871,0.377565,2.435139,-0.205759,0.722293,2.456133,-0.417447,0.636853,2.741390,-0.368049,1.034459,2.515049,-0.445261,1.034775,2.714874
1726,-0.321067,0.334949,2.541682,-0.263063,0.123694,2.692049,-0.165423,-0.202443,2.660387,0.101554,-0.177043,2.325701,0.046665,0.143150,2.309513,-0.150851,0.023267,2.545205,-0.163835,0.340227,2.645171,-0.013528,0.383709,2.433473,-0.228034,0.717513,2.441228,-0.425134,0.652459,2.721299,-0.352427,1.057397,2.500242,-0.475102,1.040210,2.677597
1727,-0.316273,0.314838,2.523218,-0.264099,0.116669,2.696386,-0.170556,-0.203081,2.662719,0.103172,-0.182363,2.328951,0.048174,0.138355,2.305379,-0.158193,0.013220,2.538347,-0.162234,0.314853,2.657493,0.001504,0.355942,2.443038,-0.209639,0.663060,2.419317,-0.425484,0.582122,2.703425,-0.364329,1.003235,2.522144,-0.493853,0.988998,2.671526
1728,-0.312981,0.276454,2.502719,-0.260477,0.098877,2.697036,-0.165579,-0.208963,2.666308,0.100633,-0.184160,2.337146,0.048242,0.135152,2.299174,-0.159335,0.012410,2.514300,-0.162294,0.309990,2.676198,-0.002502,0.351200,2.463073,-0.252469,0.637370,2.403131,-0.454066,0.566359,2.709514,-0.405092,0.960024,2.497888,-0.519048,0.957416,2.656409
1729,-0.309636,0.257796,2.501671,-0.254718,0.090021,2.701231,-0.161478,-0.209153,2.664316,0.099311,-0.177358,2.338439,0.044405,0.131423,2.303132,-0.156830,0.007109,2.500997,-0.179102,0.322440,2.688868,-0.014268,0.364261,2.463075,-0.247305,0.676320,2.421471,-0.481784,0.622007,2.719387,-0.421876,0.979838,2.490258,-0.546944,0.994918,2.670846
1730,-0.300219,0.226486,2.510656,-0.252697,0.078257,2.702443,-0.160281,-0.212984,2.657090,0.097457,-0.178977,2.331560,0.039809,0.128425,2.291198,-0.170154,-0.002208,2.483888,-0.190409,0.332464,2.684841,-0.029267,0.379940,2.453143,-0.279113,0.690868,2.445186,-0.509476,0.582608,2.674463,-0.424328,0.966415,2.484732,-0.550583,0.985430,2.696135
1731,-0.302144,0.216301,2.505270,-0.258809,0.086163,2.702627,-0.165732,-0.212609,2.656614,0.097918,-0.177683,2.324696,0.045699,0.138768,2.294894,-0.165860,0.006408,2.463954,-0.199680,0.343062,2.674234,-0.034205,0.394570,2.459717,-0.273406,0.711416,2.456781,-0.498941,0.593949,2.691417,-0.430902,0.973169,2.480663,-0.546634,0.986217,2.692438
1732,-0.290603,0.175798,2.508328,-0.248178,0.078940,2.698875,-0.165785,-0.210913,2.660530,0.099775,-0.178243,2.320539,0.037592,0.132066,2.286222,-0.171000,0.031191,2.443230,-0.194608,0.344230,2.673595,-0.026993,0.394481,2.451134,-0.263252,0.709567,2.428000,-0.478741,0.603653,2.695481,-0.410897,0.887532,2.437574,-0.543735,0.919976,2.643651
1733,-0.279191,0.148945,2.533856,-0.231710,0.094178,2.705832,-0.167155,-0.209406,2.659604,0.099321,-0.181854,2.323549,0.042263,0.131625,2.289975,-0.173816,0.044779,2.372981,-0.187050,0.343320,2.672289,-0.014283,0.394409,2.456255,-0.235222,0.699084,2.428573,-0.482628,0.584771,2.687742,-0.406971,0.955187,2.464694,-0.563822,0.971996,2.695452
1734,-0.274234,0.130075,2.524810,-0.252530,0.117777,2.709766,-0.169074,-0.203466,2.662578,0.097106,-0.183922,2.326967,0.040906,0.129708,2.287825,-0.176842,0.052879,2.343085,-0.185264,0.350152,2.676347,-0.011133,0.402730,2.457384,-0.233635,0.704962,2.438726,-0.482236,0.597571,2.680727,-0.441986,0.978769,2.475117,-0.570237,1.003105,2.695888
1735,-0.261910,0.122287,2.489663,-0.241602,0.122068,2.705727,-0.164096,-0.203088,2.665001,0.096901,-0.186006,2.328500,0.035102,0.129411,2.283051,-0.178903,0.054787,2.343760,-0.180573,0.353007,2.674442,-0.008045,0.406225,2.456008,-0.217159,0.706920,2.442658,-0.489708,0.595793,2.677753,-0.420053,0.994997,2.480779,-0.578072,1.000000,2.692993
1736,-0.239757,0.092449,2.496059,-0.241394,0.105990,2.706518,-0.165995,-0.202752,2.659650,0.095595,-0.182064,2.327742,0.049428,0.125096,2.287892,-0.177398,0.074918,2.294593,-0.189188,0.346703,2.673334,-0.015775,0.389937,2.448273,-0.238789,0.695738,2.432913,-0.485173,0.599289,2.682484,-0.425597,1.019861,2.484111,-0.578802,1.023553,2.687648
1737,-0.209092,0.094785,2.486975,-0.226508,0.108579,2.705476,-0.161252,-0.202059,2.658172,0.097662,-0.179856,2.332266,0.049706,0.123481,2.291242,-0.174122,0.082587,2.291973,-0.179348,0.346241,2.672629,-0.006997,0.390905,2.449523,-0.249057,0.694309,2.429172,-0.502370,0.658839,2.722482,-0.427267,1.013658,2.476605,-0.565057,1.027903,2.691334
1738,-0.220239,0.081647,2.460959,-0.229543,0.114747,2.694534,-0.162161,-0.200827,2.662170,0.097227,-0.182971,2.331340,0.047696,0.120067,2.285001,-0.176887,0.079875,2.316576,-0.177842,0.348980,2.670996,-0.014493,0.393388,2.446632,-0.243395,0.712109,2.431064,-0.488350,0.676983,2.729753,-0.421571,1.010928,2.471781,-0.554700,1.017488,2.679490
1739,-0.227207,0.111042,2.470171,-0.236951,0.101248,2.693210,-0.163541,-0.204487,2.662633,0.096186,-0.186760,2.333040,0.045848,0.115457,2.280462,-0.180533,0.066573,2.343418,-0.172919,0.342092,2.669533,-0.006237,0.382094,2.443760,-0.225806,0.705642,2.426219,-0.487694,0.660481,2.721552,-0.422683,0.987790,2.458093,-0.557445,1.001931,2.668049
1740,-0.227081,0.077657,2.438155,-0.240478,0.094637,2.687749,-0.164779,-0.211321,2.664404,0.095261,-0.180745,2.328515,0.040532,0.119325,2.298032,-0.179535,0.080459,2.338221,-0.175423,0.325457,2.671628,-0.008062,0.371732,2.451458,-0.220636,0.609816,2.403234,-0.447945,0.578675,2.690210,-0.423808,0.967252,2.454122,-0.520115,1.002532,2.668831
1741,-0.207054,0.060733,2.433920,-0.230457,0.103621,2.683399,-0.164089,-0.209105,2.663281,0.092653,-0.177446,2.320698,0.025950,0.132212,2.308331,-0.182218,0.116265,2.320772,-0.176926,0.328564,2.677359,-0.020088,0.382322,2.453125,-0.250682,0.612125,2.402971,-0.457226,0.578762,2.687486,-0.416884,0.959205,2.450809,-0.557417,0.990150,2.677266
1742,-0.208786,0.055726,2.418981,-0.257443,0.094660,2.683637,-0.163460,-0.210022,2.666157,0.091828,-0.176215,2.322788,0.010970,0.163945,2.341378,-0.197673,0.125170,2.320089,-0.173307,0.324117,2.682991,-0.020825,0.375118,2.461772,-0.272207,0.597238,2.406453,-0.474649,0.655989,2.730548,-0.441165,0.975155,2.459162,-0.536387,1.026511,2.696888
1743,-0.225723,0.049376,2.402317,-0.251278,0.096147,2.685360,-0.163862,-0.213849,2.667630,0.094807,-0.183616,2.323531,0.017417,0.121124,2.302571,-0.199380,0.188835,2.328951,-0.176029,0.333094,2.680760,-0.014069,0.368027,2.459389,-0.285888,0.599721,2.386635,-0.467305,0.656678,2.712405,-0.460863,0.946166,2.441854,-0.514262,1.016586,2.675474
1744,-0.241254,0.067528,2.383960,-0.242300,0.087596,2.670273,-0.162995,-0.217267,2.665749,0.091719,-0.193141,2.343247,0.021170,0.087476,2.290889,-0.208347,0.211889,2.324256,-0.171145,0.323940,2.681145,-0.015330,0.362422,2.465126,-0.299599,0.618421,2.406668,-0.450306,0.557026,2.689592,-0.451988,0.965934,2.457286,-0.513570,0.998365,2.683578
1745,-0.205410,0.060182,2.381439,-0.247877,0.091691,2.669848,-0.164969,-0.218489,2.668122,0.088524,-0.189580,2.339338,0.006177,0.089169,2.296471,-0.224264,0.226851,2.320029,-0.170707,0.332333,2.682424,-0.014797,0.374458,2.469139,-0.283130,0.630992,2.422198,-0.468814,0.556011,2.689016,-0.454515,0.957872,2.478406,-0.526825,0.976262,2.675441
1746,-0.122778,0.036956,2.387490,-0.239272,0.098326,2.668958,-0.165499,-0.212531,2.667803,0.088592,-0.185815,2.338643,-0.004859,0.088130,2.302999,-0.220279,0.240783,2.316247,-0.171421,0.328419,2.683730,-0.014865,0.374123,2.471237,-0.291009,0.613272,2.443796,-0.463239,0.530725,2.686030,-0.458654,0.946510,2.487694,-0.491580,0.989353,2.686570
1747,-0.118418,0.032218,2.388469,-0.240166,0.098454,2.666407,-0.166007,-0.212641,2.666234,0.090451,-0.183981,2.342836,-0.004502,0.089226,2.301513,-0.219857,0.238665,2.317158,-0.171919,0.324598,2.687611,-0.013074,0.379219,2.475378,-0.263468,0.641543,2.458780,-0.455735,0.530577,2.692374,-0.458028,0.949834,2.499662,-0.521325,0.958203,2.672757
1748,-0.074709,0.028665,2.397391,-0.230237,0.087838,2.670362,-0.160222,-0.216741,2.662125,0.091332,-0.180130,2.339266,-0.015950,0.091543,2.301240,-0.226873,0.261933,2.323325,-0.174288,0.327222,2.680305,-0.025731,0.372574,2.467269,-0.295482,0.643743,2.429776,-0.460817,0.573044,2.696239,-0.444143,0.955312,2.487726,-0.506170,0.982696,2.676568
1749,-0.074393,0.027486,2.403080,-0.229147,0.086310,2.668443,-0.159209,-0.218399,2.661589,0.090227,-0.180012,2.337368,-0.012745,0.094712,2.295746,-0.230059,0.262616,2.328390,-0.181268,0.320355,2.676656,-0.026484,0.369748,2.462752,-0.300882,0.635511,2.432979,-0.453958,0.576792,2.694847,-0.445545,0.973461,2.497876,-0.491509,0.996664,2.696840
1750,-0.084050,0.017548,2.406562,-0.229106,0.089924,2.670480,-0.161025,-0.216324,2.658023,0.089550,-0.179678,2.336454,-0.011433,0.101590,2.294585,-0.225215,0.268969,2.331347,-0.182223,0.321944,2.676099,-0.027520,0.368901,2.465196,-0.292068,0.580948,2.396776,-0.477123,0.633905,2.728856,-0.449064,0.979063,2.486143,-0.501337,0.996205,2.696802
1751,-0.069382,0.014180,2.406118,-0.227822,0.092928,2.670578,-0.158909,-0.217174,2.660989,0.088673,-0.175971,2.337667,-0.007167,0.109383,2.303204,-0.219311,0.281249,2.329949,-0.178315,0.318227,2.675033,-0.024691,0.366677,2.463157,-0.273405,0.539650,2.388342,-0.477263,0.623583,2.719649,-0.437425,0.954702,2.477163,-0.498957,0.968284,2.683859
1752,-0.068890,0.023003,2.406611,-0.238429,0.096328,2.677049,-0.166397,-0.216146,2.665570,0.085670,-0.178058,2.339858,-0.003665,0.111855,2.304814,-0.215770,0.293817,2.335064,-0.182730,0.315591,2.680414,-0.022911,0.370966,2.468418,-0.251159,0.560643,2.400300,-0.458012,0.572066,2.736257,-0.437122,0.949043,2.484277,-0.538042,0.938896,2.681914
1753,-0.071260,0.049042,2.411152,-0.229640,0.094139,2.677622,-0.166799,-0.214526,2.666630,0.089865,-0.182235,2.337840,-0.001500,0.112900,2.308261,-0.217078,0.295643,2.337815,-0.182104,0.308173,2.679627,-0.015483,0.359741,2.463843,-0.234144,0.577052,2.406258,-0.459513,0.523368,2.694240,-0.429301,0.931783,2.487328,-0.536475,0.940776,2.693897
1754,-0.057725,0.072202,2.408928,-0.242622,0.097075,2.675017,-0.168435,-0.216435,2.666544,0.090056,-0.170556,2.333125,0.011352,0.119745,2.310133,-0.220526,0.309199,2.329276,-0.193715,0.304255,2.682723,-0.024787,0.363223,2.467084,-0.235686,0.547251,2.343259,-0.469140,0.518606,2.689948,-0.412746,0.908335,2.458729,-0.539204,0.923916,2.680404
1755,-0.059542,0.076513,2.406207,-0.237837,0.092287,2.670178,-0.167144,-0.215360,2.664197,0.091549,-0.166862,2.330401,0.013276,0.125440,2.306413,-0.215382,0.309636,2.330437,-0.185243,0.310481,2.675600,-0.017396,0.366747,2.464602,-0.238827,0.555194,2.368644,-0.471158,0.591623,2.734155,-0.441046,0.909447,2.472332,-0.533526,0.937782,2.678590
1756,-0.061761,0.080049,2.412558,-0.244534,0.093864,2.682466,-0.164151,-0.213285,2.665112,0.090024,-0.168734,2.329344,0.018117,0.121645,2.298724,-0.209885,0.309643,2.327335,-0.186109,0.316133,2.679142,-0.018983,0.363620,2.465371,-0.231962,0.540700,2.349717,-0.458979,0.613227,2.750470,-0.429209,0.893737,2.465003,-0.496393,0.927636,2.674216
1757,-0.067464,0.077522,2.421279,-0.247913,0.089436,2.685791,-0.164630,-0.215659,2.664343,0.089082,-0.166068,2.329451,0.014842,0.120438,2.297730,-0.208329,0.311260,2.325832,-0.187370,0.316857,2.682700,-0.028419,0.361672,2.471060,-0.245415,0.549858,2.350550,-0.465102,0.619535,2.738512,-0.436555,0.903742,2.479704,-0.489309,0.947528,2.702965
1758,-0.076565,0.082754,2.415593,-0.252101,0.084735,2.685320,-0.165929,-0.216850,2.662302,0.091369,-0.162161,2.330425,0.003801,0.124942,2.300879,-0.214498,0.320443,2.330457,-0.200607,0.315534,2.675146,-0.032204,0.373303,2.465534,-0.256616,0.572555,2.358731,-0.469781,0.645357,2.744071,-0.429704,0.931771,2.447740,-0.532877,0.953118,2.668161
1759,-0.068970,0.070535,2.412900,-0.242960,0.087755,2.684525,-0.163318,-0.213266,2.663113,0.090578,-0.164333,2.331395,-0.004402,0.126148,2.303170,-0.215193,0.321393,2.328271,-0.188213,0.322215,2.677346,-0.044281,0.372874,2.460962,-0.265437,0.591433,2.368883,-0.462547,0.632109,2.739893,-0.442972,0.955304,2.464926,-0.520596,0.972714,2.687007
1760,-0.095748,0.096178,2.424366,-0.265376,0.081975,2.688571,-0.171068,-0.213587,2.664672,0.086630,-0.169827,2.333161,-0.002667,0.125966,2.302471,-0.220300,0.329878,2.325323,-0.199745,0.317222,2.675181,-0.032984,0.373873,2.457111,-0.257430,0.572018,2.344233,-0.462148,0.626130,2.735770,-0.424548,0.937707,2.442511,-0.537371,0.941377,2.655655
1761,-0.096701,0.085831,2.414988,-0.264875,0.082054,2.682450,-0.172415,-0.216459,2.665831,0.085985,-0.169845,2.337187,0.002625,0.125672,2.302630,-0.215028,0.334042,2.326354,-0.203593,0.318534,2.683837,-0.033053,0.373791,2.465506,-0.251924,0.563201,2.348034,-0.461198,0.628141,2.738978,-0.417503,0.935155,2.443971,-0.535818,0.936982,2.655351
1762,-0.106361,0.082630,2.417218,-0.259169,0.085115,2.676171,-0.170476,-0.210920,2.664413,0.087050,-0.169699,2.331880,-0.004650,0.126300,2.307105,-0.216338,0.339653,2.337402,-0.212575,0.329212,2.686882,-0.045407,0.392180,2.471165,-0.274741,0.641789,2.382757,-0.475655,0.600579,2.707146,-0.427391,1.009770,2.465902,-0.572737,1.005725,2.697356
1763,-0.110098,0.057719,2.415826,-0.260825,0.086159,2.672852,-0.164211,-0.215028,2.661380,0.087005,-0.169391,2.333137,-0.009527,0.121276,2.314225,-0.213449,0.347870,2.342377,-0.216313,0.314553,2.686269,-0.042653,0.379837,2.467196,-0.261265,0.603193,2.361353,-0.452524,0.554446,2.699579,-0.428111,0.972418,2.456645,-0.547862,0.984698,2.681358
1764,-0.110427,0.050242,2.409183,-0.258012,0.073618,2.659070,-0.167110,-0.214175,2.659689,0.085172,-0.168250,2.335521,-0.013332,0.119569,2.313524,-0.215741,0.346710,2.348760,-0.206678,0.320114,2.684190,-0.039144,0.382266,2.467666,-0.266272,0.617366,2.390931,-0.465361,0.599843,2.732829,-0.441503,0.981572,2.480956,-0.531949,0.978943,2.701313
1765,-0.097528,0.041204,2.422350,-0.268664,0.079787,2.661785,-0.170800,-0.212539,2.658214,0.087338,-0.167777,2.332272,-0.005049,0.122654,2.306911,-0.217958,0.348362,2.351473,-0.207021,0.331375,2.684068,-0.033984,0.389100,2.466624,-0.248218,0.616000,2.401879,-0.447514,0.555183,2.692355,-0.423346,0.987587,2.480478,-0.536137,0.983131,2.696795
1766,-0.084870,0.034605,2.424068,-0.261340,0.083738,2.659122,-0.165527,-0.211014,2.658618,0.088783,-0.168919,2.339107,-0.008783,0.124678,2.309413,-0.215147,0.356293,2.354813,-0.207841,0.336631,2.686924,-0.038610,0.392902,2.471384,-0.243280,0.568349,2.415204,-0.446663,0.590206,2.697523,-0.434222,0.975545,2.488247,-0.528949,0.982419,2.695035
1767,-0.075552,0.025862,2.423305,-0.260397,0.086437,2.658303,-0.166632,-0.208063,2.658338,0.083821,-0.166779,2.339473,-0.008897,0.130805,2.309605,-0.216674,0.360336,2.356306,-0.202436,0.343208,2.687077,-0.042004,0.394596,2.473140,-0.252172,0.623473,2.401926,-0.446878,0.579724,2.697642,-0.428938,0.989684,2.476013,-0.493477,1.007377,2.730382
1768,-0.068790,0.012027,2.412227,-0.264514,0.083179,2.655473,-0.163765,-0.210919,2.662888,0.082859,-0.171598,2.333300,-0.005732,0.137395,2.311124,-0.210849,0.348195,2.349547,-0.208447,0.333336,2.684007,-0.049271,0.387623,2.468839,-0.238873,0.601231,2.393812,-0.436363,0.583217,2.686582,-0.433524,0.997681,2.471637,-0.523860,1.023694,2.730142
1769,-0.065312,0.016752,2.406152,-0.260632,0.088191,2.664123,-0.163078,-0.214147,2.664825,0.085831,-0.178161,2.332870,0.001293,0.133649,2.307878,-0.215487,0.353893,2.352236,-0.200210,0.333180,2.681816,-0.041462,0.385879,2.466341,-0.237956,0.577302,2.394913,-0.452852,0.586942,2.696843,-0.417860,0.986206,2.479394,-0.507549,0.994285,2.700594
1770,-0.065051,0.040254,2.401371,-0.266237,0.090350,2.667000,-0.165313,-0.207379,2.662108,0.082754,-0.174845,2.332371,0.007561,0.123213,2.304690,-0.208955,0.353773,2.355288,-0.207882,0.340073,2.689381,-0.049318,0.389371,2.473512,-0.255122,0.602924,2.426688,-0.509871,0.662923,2.725653,-0.416602,1.001493,2.496243,-0.539881,0.995233,2.702815
1771,-0.061436,0.064622,2.424186,-0.260361,0.102459,2.673440,-0.164685,-0.206619,2.659234,0.085301,-0.164146,2.327599,0.007414,0.135040,2.302975,-0.212752,0.360369,2.351560,-0.205363,0.335034,2.683580,-0.044768,0.389944,2.468431,-0.245480,0.629573,2.427923,-0.457840,0.588329,2.701052,-0.410442,0.980415,2.490779,-0.535273,1.003280,2.717429
1772,-0.060506,0.077886,2.429068,-0.261524,0.102162,2.679168,-0.165908,-0.206783,2.659001,0.083520,-0.164988,2.324936,0.006291,0.135273,2.301510,-0.209304,0.355954,2.340233,-0.212269,0.327243,2.679655,-0.046202,0.379574,2.464094,-0.258687,0.650067,2.393738,-0.480758,0.629654,2.724094,-0.400501,1.009006,2.477446,-0.566936,1.003337,2.701677
1773,-0.064377,0.080043,2.416404,-0.258185,0.101345,2.671668,-0.166610,-0.211080,2.660829,0.083943,-0.167181,2.331960,0.006434,0.122776,2.303632,-0.206869,0.366213,2.345188,-0.209736,0.317739,2.682896,-0.046640,0.368973,2.465768,-0.232515,0.576015,2.343208,-0.460480,0.577863,2.708052,-0.394141,0.942082,2.464237,-0.548610,0.976524,2.697925
1774,-0.058783,0.071998,2.411819,-0.251183,0.104746,2.671769,-0.165766,-0.210078,2.659716,0.083717,-0.159691,2.325241,-0.001469,0.132116,2.307394,-0.212373,0.368226,2.344340,-0.206287,0.325071,2.680166,-0.039248,0.379872,2.459889,-0.248377,0.609109,2.354612,-0.486685,0.605510,2.695849,-0.415939,0.965707,2.451526,-0.569780,0.966610,2.684742
1775,-0.060347,0.076318,2.416365,-0.256252,0.099037,2.669383,-0.165225,-0.208056,2.658663,0.086889,-0.157726,2.323742,0.005906,0.139662,2.304192,-0.210073,0.368206,2.342200,-0.208643,0.322963,2.676794,-0.038185,0.386750,2.457179,-0.255438,0.618356,2.386057,-0.464529,0.559911,2.675101,-0.411019,0.970095,2.466536,-0.574116,0.981445,2.667540
1776,-0.063292,0.085205,2.410531,-0.255072,0.098982,2.669204,-0.164395,-0.210370,2.660893,0.086779,-0.159533,2.324093,0.010297,0.138549,2.301979,-0.207351,0.363741,2.336468,-0.204355,0.318745,2.678383,-0.035772,0.374086,2.456474,-0.263415,0.583942,2.349923,-0.460658,0.588592,2.684340,-0.425000,0.960238,2.474128,-0.544841,0.966723,2.671877
1777,-0.071694,0.102186,2.419780,-0.268376,0.095949,2.673576,-0.170236,-0.212641,2.660031,0.089054,-0.152755,2.326533,0.002148,0.145704,2.301190,-0.209761,0.367908,2.338348,-0.209719,0.333998,2.674915,-0.031148,0.386966,2.456052,-0.266692,0.629510,2.373591,-0.447950,0.575992,2.699932,-0.439227,0.992156,2.459127,-0.533485,1.014873,2.699458
1778,-0.081182,0.103871,2.421653,-0.271349,0.092620,2.674399,-0.168516,-0.205048,2.666151,0.088840,-0.156513,2.323797,0.010798,0.147016,2.300163,-0.205760,0.374669,2.342084,-0.201295,0.349652,2.679350,-0.035629,0.396718,2.457107,-0.267179,0.625522,2.374006,-0.474924,0.644185,2.714441,-0.412840,1.010116,2.471850,-0.534535,1.005652,2.690720
1779,-0.087437,0.107233,2.418261,-0.276637,0.104149,2.680339,-0.170407,-0.204963,2.668854,0.088908,-0.148026,2.325565,-0.006348,0.152365,2.295383,-0.207817,0.372450,2.331638,-0.204575,0.355433,2.684565,-0.039416,0.413028,2.466706,-0.277644,0.650253,2.378827,-0.470467,0.664030,2.710467,-0.415098,1.030305,2.459881,-0.562272,1.001726,2.667462
1780,-0.093355,0.091046,2.394800,-0.272829,0.095182,2.666073,-0.171648,-0.204995,2.668785,0.091260,-0.156630,2.329016,-0.005750,0.147603,2.299748,-0.202280,0.370249,2.332716,-0.205484,0.362132,2.676703,-0.042749,0.417064,2.464479,-0.263354,0.614908,2.380911,-0.478521,0.630467,2.718270,-0.404313,1.036486,2.454867,-0.567802,1.018333,2.692436
1781,-0.096585,0.078830,2.409358,-0.274104,0.084855,2.661695,-0.169901,-0.209938,2.666858,0.090545,-0.164877,2.326666,-0.002016,0.146077,2.299308,-0.199566,0.370083,2.331691,-0.202311,0.364760,2.674467,-0.041788,0.411911,2.459435,-0.258673,0.587226,2.365216,-0.507162,0.607400,2.712458,-0.402304,1.011967,2.440054,-0.557147,1.008203,2.693074
1782,-0.095900,0.070496,2.421258,-0.277652,0.084743,2.657145,-0.172499,-0.201637,2.661248,0.086280,-0.160642,2.326865,-0.008293,0.147329,2.305543,-0.199613,0.372129,2.336550,-0.208299,0.370938,2.674083,-0.049021,0.426750,2.461743,-0.269216,0.600015,2.384519,-0.529820,0.605541,2.702078,-0.409919,1.035753,2.458634,-0.567016,1.026955,2.709446
1783,-0.067407,0.038599,2.412791,-0.269708,0.089278,2.654333,-0.167653,-0.200854,2.661086,0.088640,-0.159260,2.330399,0.004045,0.149073,2.309728,-0.194220,0.371681,2.339042,-0.209054,0.372383,2.677651,-0.045394,0.420857,2.464480,-0.279801,0.649612,2.355912,-0.532275,0.616018,2.698402,-0.414884,1.052313,2.450604,-0.568393,1.051534,2.714678
1784,-0.055708,0.016850,2.413493,-0.261074,0.088445,2.647756,-0.165679,-0.206172,2.661150,0.087325,-0.164076,2.327217,0.014750,0.141623,2.308196,-0.195353,0.371090,2.341599,-0.202011,0.351835,2.684115,-0.041746,0.398061,2.461882,-0.234462,0.630686,2.375651,-0.470458,0.617841,2.711585,-0.397124,1.006761,2.465731,-0.531955,1.028377,2.714658
1785,-0.055293,0.006919,2.412868,-0.265260,0.088465,2.652958,-0.165144,-0.208946,2.658248,0.086780,-0.170741,2.327228,0.014662,0.135806,2.311478,-0.192385,0.367219,2.339915,-0.212069,0.353941,2.682052,-0.047727,0.405512,2.461524,-0.286790,0.663853,2.416263,-0.478586,0.579714,2.664953,-0.406944,1.024777,2.486228,-0.562922,1.033103,2.712680
1786,-0.050148,0.000779,2.403682,-0.261121,0.091175,2.653692,-0.164501,-0.208848,2.661112,0.086587,-0.161759,2.332022,0.014576,0.129838,2.303168,-0.194629,0.372733,2.340234,-0.215807,0.355234,2.685803,-0.055100,0.406889,2.467179,-0.278952,0.643137,2.405223,-0.488690,0.644277,2.720725,-0.423818,1.013200,2.480160,-0.547104,1.041268,2.720057
1787,-0.055983,0.014928,2.408068,-0.258590,0.100399,2.653066,-0.164148,-0.206089,2.658149,0.082979,-0.156778,2.334204,0.013380,0.142350,2.305456,-0.199616,0.382274,2.344317,-0.214249,0.349587,2.689215,-0.055933,0.405670,2.476078,-0.293010,0.647220,2.407852,-0.487278,0.649095,2.735749,-0.442588,1.011802,2.492590,-0.531554,1.046085,2.749069
1788,-0.060507,0.032878,2.408502,-0.251186,0.092917,2.656051,-0.162670,-0.211174,2.660939,0.087117,-0.156727,2.329473,-0.000717,0.142941,2.312436,-0.202164,0.385350,2.347363,-0.215868,0.339034,2.685855,-0.069449,0.395211,2.470842,-0.288795,0.664600,2.422210,-0.481456,0.567438,2.686796,-0.450000,1.005812,2.502621,-0.565054,1.009030,2.732355
1789,-0.055981,0.052650,2.407573,-0.254619,0.092298,2.658557,-0.167511,-0.213120,2.660314,0.088650,-0.155002,2.329299,-0.000393,0.146365,2.306397,-0.200888,0.390106,2.345197,-0.215027,0.335555,2.686072,-0.050945,0.396364,2.468200,-0.284463,0.651274,2.409870,-0.485999,0.542842,2.695008,-0.438868,1.005552,2.494509,-0.583953,1.000038,2.726458
1790,-0.046968,0.085833,2.401622,-0.247161,0.102171,2.662105,-0.167115,-0.207390,2.661634,0.091682,-0.149381,2.328636,0.013784,0.155986,2.306516,-0.199523,0.398150,2.356611,-0.213230,0.335874,2.685708,-0.044673,0.397407,2.466370,-0.289575,0.641626,2.415318,-0.495941,0.593680,2.724071,-0.457534,0.995178,2.494563,-0.566986,1.002710,2.722452
1791,-0.050591,0.107817,2.415576,-0.245498,0.105596,2.672105,-0.166790,-0.202470,2.659530,0.090440,-0.146740,2.327623,-0.000101,0.157170,2.303033,-0.196881,0.400512,2.352809,-0.209355,0.340889,2.680001,-0.047254,0.398110,2.463907,-0.295880,0.663633,2.415742,-0.501119,0.627885,2.724868,-0.465538,1.010522,2.484333,-0.580514,1.019589,2.724650
1792,-0.060290,0.120163,2.419847,-0.255201,0.108979,2.667785,-0.166250,-0.199640,2.666445,0.089054,-0.143698,2.329766,0.003655,0.156583,2.297204,-0.200850,0.398015,2.347977,-0.195595,0.335605,2.679877,-0.034317,0.389437,2.458987,-0.270197,0.633048,2.366958,-0.488765,0.592189,2.702244,-0.436431,0.997072,2.470526,-0.574058,0.983480,2.710216
1793,-0.067545,0.120235,2.415049,-0.267231,0.098668,2.668656,-0.171839,-0.206054,2.660528,0.090848,-0.149262,2.330780,0.010636,0.153069,2.297434,-0.198123,0.396447,2.349870,-0.210667,0.335933,2.675153,-0.037973,0.392677,2.459071,-0.273906,0.670750,2.414471,-0.471796,0.571515,2.690019,-0.422131,1.025166,2.497329,-0.579233,1.009541,2.715746
1794,-0.074654,0.136467,2.410885,-0.254051,0.097081,2.664771,-0.170963,-0.207434,2.660516,0.088376,-0.146605,2.333184,0.006528,0.157825,2.302834,-0.198499,0.403015,2.357774,-0.201818,0.319968,2.679466,-0.034421,0.376638,2.456449,-0.273365,0.624169,2.390903,-0.460159,0.544554,2.690401,-0.425888,0.992318,2.495165,-0.525112,1.006326,2.719675
1795,-0.074398,0.137526,2.417663,-0.252920,0.101098,2.663073,-0.171660,-0.202928,2.663385,0.090928,-0.137391,2.333020,0.005274,0.167296,2.303207,-0.200232,0.400801,2.361557,-0.198333,0.332179,2.680761,-0.029966,0.385785,2.457521,-0.275926,0.614772,2.377599,-0.459124,0.589532,2.687195,-0.452376,0.984175,2.485559,-0.542349,1.009053,2.702863
1796,-0.073204,0.133928,2.415994,-0.263442,0.103630,2.669900,-0.170709,-0.203351,2.663009,0.091255,-0.138106,2.336028,0.004073,0.166975,2.299168,-0.201858,0.393111,2.357915,-0.195630,0.341580,2.677286,-0.030044,0.395228,2.459905,-0.272298,0.622050,2.395856,-0.474971,0.604430,2.701245,-0.417913,1.001346,2.492977,-0.548954,1.006505,2.710351
1797,-0.080059,0.121983,2.413644,-0.270062,0.106396,2.665732,-0.171396,-0.202103,2.664479,0.090434,-0.147183,2.325018,0.007965,0.164320,2.299852,-0.197932,0.390878,2.349786,-0.204943,0.343291,2.676076,-0.037279,0.396579,2.457442,-0.266237,0.651031,2.374309,-0.511359,0.607794,2.702945,-0.403384,1.016659,2.487139,-0.567538,1.006918,2.694861
1798,-0.087524,0.128050,2.412463,-0.267464,0.107663,2.664563,-0.171612,-0.202378,2.667157,0.091094,-0.145030,2.324565,0.004549,0.166339,2.299407,-0.200480,0.392975,2.354234,-0.200189,0.338920,2.676929,-0.039709,0.395147,2.454381,-0.280430,0.653551,2.397443,-0.481700,0.626690,2.711518,-0.416269,1.021981,2.490548,-0.558466,1.011733,2.692952
1799,-0.074959,0.122861,2.413932,-0.270107,0.106404,2.670404,-0.174763,-0.202347,2.664353,0.091820,-0.140738,2.330992,0.009062,0.165000,2.300040,-0.200855,0.389413,2.359697,-0.204128,0.339223,2.679551,-0.030025,0.393139,2.458885,-0.257057,0.645603,2.386940,-0.466550,0.624316,2.700645,-0.403182,1.021224,2.487445,-0.551990,1.019844,2.700838
1800,-0.076213,0.113491,2.417727,-0.271602,0.106742,2.670770,-0.174807,-0.201283,2.667709,0.091880,-0.146499,2.329294,0.012754,0.162050,2.295842,-0.199683,0.390147,2.359763,-0.200117,0.338915,2.677564,-0.025891,0.393951,2.459086,-0.235321,0.659134,2.388025,-0.450111,0.639036,2.703825,-0.398134,1.019257,2.488841,-0.511067,1.033232,2.709312
1801,-0.073790,0.092884,2.407178,-0.274945,0.106272,2.665303,-0.176935,-0.202397,2.661550,0.094350,-0.150017,2.322132,0.012369,0.160901,2.298616,-0.199644,0.384570,2.356742,-0.203315,0.343520,2.674130,-0.034709,0.395624,2.453547,-0.269862,0.664418,2.367657,-0.521750,0.636746,2.703029,-0.410645,1.019893,2.464314,-0.554334,1.027004,2.708104
1802,-0.073523,0.079604,2.402416,-0.268801,0.105586,2.660201,-0.174342,-0.205574,2.664178,0.096315,-0.151833,2.329016,0.016040,0.159819,2.301358,-0.201818,0.387061,2.362481,-0.197569,0.343219,2.677806,-0.030287,0.395434,2.458751,-0.264556,0.632022,2.390464,-0.444149,0.566766,2.681403,-0.410127,1.009666,2.494430,-0.505549,1.024759,2.705492
1803,-0.057017,0.056358,2.397840,-0.261745,0.105891,2.654803,-0.169743,-0.202095,2.662298,0.094686,-0.153808,2.328409,0.015209,0.155674,2.300596,-0.199817,0.381717,2.360182,-0.195199,0.347861,2.676713,-0.025348,0.399957,2.461123,-0.245868,0.607913,2.391158,-0.491976,0.621823,2.695070,-0.409088,1.029837,2.502773,-0.545806,1.028898,2.705053
1804,-0.057594,0.036146,2.405645,-0.257574,0.102408,2.656249,-0.166751,-0.204350,2.659491,0.093588,-0.162643,2.330951,0.014268,0.150300,2.301033,-0.201043,0.375600,2.357740,-0.194720,0.350774,2.674062,-0.030273,0.399012,2.455721,-0.269940,0.588871,2.368894,-0.491214,0.642575,2.699914,-0.426871,1.015962,2.487397,-0.525457,1.052605,2.716376
1805,-0.052181,0.029497,2.409144,-0.254250,0.102316,2.656722,-0.169087,-0.204044,2.663090,0.095450,-0.165179,2.329521,0.011502,0.146717,2.303062,-0.199955,0.373998,2.356454,-0.192933,0.356050,2.675754,-0.022233,0.402944,2.452140,-0.253693,0.623191,2.373281,-0.486048,0.621200,2.686229,-0.420325,1.029156,2.480952,-0.550118,1.039744,2.724220
1806,-0.052196,0.019335,2.414135,-0.256286,0.102362,2.659444,-0.169135,-0.203342,2.657286,0.093792,-0.161281,2.326388,0.015511,0.148938,2.302269,-0.194966,0.372416,2.364169,-0.190673,0.364448,2.675481,-0.021485,0.407114,2.450224,-0.237938,0.664011,2.368740,-0.455615,0.659957,2.703426,-0.393454,1.038168,2.478860,-0.521589,1.071007,2.728405
1807,-0.049042,0.021086,2.408925,-0.249707,0.105475,2.660746,-0.164004,-0.202574,2.659463,0.095639,-0.159836,2.333325,0.020624,0.141879,2.301262,-0.194741,0.361174,2.369616,-0.189529,0.343628,2.673053,-0.019061,0.391319,2.454642,-0.224655,0.585917,2.377270,-0.455656,0.628049,2.704195,-0.388795,1.026234,2.492992,-0.517732,1.048638,2.709063
1808,-0.048558,0.029792,2.408804,-0.252624,0.111577,2.664761,-0.168380,-0.202470,2.658845,0.091776,-0.157790,2.334727,0.019794,0.144056,2.301472,-0.201843,0.349116,2.371350,-0.197387,0.340731,2.675344,-0.027191,0.398464,2.457615,-0.271808,0.641700,2.401140,-0.460911,0.674891,2.709112,-0.408796,1.035716,2.502998,-0.534622,1.066206,2.721321
1809,-0.050186,0.034666,2.402405,-0.251489,0.105908,2.666179,-0.163941,-0.204777,2.658808,0.092195,-0.159017,2.330734,0.023290,0.144431,2.297727,-0.204870,0.340361,2.379412,-0.188187,0.330845,2.675667,-0.027725,0.391113,2.458956,-0.260615,0.650011,2.413014,-0.477163,0.652628,2.711190,-0.414515,1.048591,2.520323,-0.557378,1.037256,2.700763
1810,-0.055894,0.040125,2.409628,-0.253777,0.105000,2.671472,-0.165756,-0.206099,2.660128,0.092319,-0.153864,2.327041,0.042035,0.147906,2.289307,-0.211791,0.295460,2.378199,-0.195243,0.323686,2.675839,-0.031993,0.386162,2.460808,-0.267042,0.654995,2.426337,-0.466576,0.665550,2.711237,-0.417326,1.007277,2.525192,-0.532589,1.023576,2.714951
1811,-0.057493,0.059116,2.425240,-0.257141,0.113653,2.684115,-0.166520,-0.207075,2.662031,0.094164,-0.149215,2.332130,0.038574,0.147315,2.288647,-0.214104,0.295459,2.392638,-0.190484,0.315340,2.685046,-0.018901,0.381238,2.461450,-0.239674,0.616029,2.420653,-0.450975,0.628438,2.737289,-0.416965,0.930178,2.489543,-0.506471,0.973483,2.684147
1812,-0.066387,0.063918,2.435605,-0.268285,0.107126,2.687506,-0.168222,-0.202418,2.664659,0.092295,-0.145714,2.324621,0.040411,0.151728,2.292170,-0.211578,0.268053,2.392790,-0.195786,0.344445,2.688027,-0.017419,0.393186,2.462900,-0.260721,0.598633,2.403316,-0.465123,0.638061,2.745308,-0.421681,0.936595,2.480951,-0.508325,0.975952,2.699277
1813,-0.078542,0.058254,2.423389,-0.257448,0.099134,2.684148,-0.168140,-0.201406,2.663575,0.093571,-0.147272,2.317674,0.038383,0.151325,2.291043,-0.212336,0.202192,2.384526,-0.188318,0.353043,2.684142,-0.015536,0.398574,2.459713,-0.247729,0.559611,2.378059,-0.466634,0.651317,2.749047,-0.415989,0.953195,2.459659,-0.475956,1.009881,2.700817
1814,-0.078584,0.058761,2.426068,-0.262043,0.102462,2.685836,-0.167308,-0.203413,2.659590,0.095874,-0.150450,2.315799,0.040709,0.155530,2.299887,-0.213741,0.211438,2.375633,-0.187785,0.340896,2.683687,-0.017025,0.389584,2.457805,-0.267200,0.628253,2.445221,-0.428517,0.566138,2.707326,-0.440705,0.984370,2.514753,-0.457653,1.042763,2.733048
1815,-0.107257,0.075658,2.442201,-0.264359,0.114997,2.694034,-0.167009,-0.198101,2.659061,0.096825,-0.145341,2.316445,0.022506,0.162869,2.307288,-0.227422,0.204987,2.376909,-0.191645,0.359170,2.685374,-0.014492,0.414387,2.463013,-0.262151,0.654860,2.451343,-0.476856,0.636739,2.740281,-0.444930,0.996216,2.501700,-0.516658,1.049890,2.706458
1816,-0.169853,0.083718,2.470033,-0.258859,0.101450,2.697716,-0.167620,-0.203028,2.659191,0.094478,-0.144298,2.319368,0.031511,0.163087,2.321900,-0.215305,0.178616,2.342053,-0.180174,0.347421,2.673655,-0.008939,0.404798,2.450150,-0.255247,0.643705,2.445364,-0.483031,0.620321,2.728041,-0.439930,1.003196,2.494003,-0.577797,1.008906,2.682736
1817,-0.164506,0.081237,2.452277,-0.263916,0.102101,2.691666,-0.167331,-0.203034,2.667164,0.091423,-0.143969,2.325090,0.028299,0.180524,2.364797,-0.213046,0.161644,2.348150,-0.174126,0.352173,2.680735,-0.006519,0.409060,2.457436,-0.255118,0.657376,2.427419,-0.485228,0.622012,2.737309,-0.431444,0.991190,2.482826,-0.576103,0.991680,2.674461
1818,-0.200186,0.083771,2.461285,-0.261013,0.099159,2.680004,-0.164823,-0.201909,2.666309,0.093642,-0.137102,2.328349,0.023325,0.196562,2.346685,-0.211696,0.182627,2.338130,-0.169114,0.360345,2.688945,-0.006147,0.410119,2.459132,-0.286337,0.638291,2.420105,-0.484217,0.632777,2.726840,-0.422831,1.007695,2.486083,-0.550390,1.001890,2.674321
1819,-0.257769,0.104263,2.469269,-0.244947,0.081123,2.677790,-0.162351,-0.204541,2.666981,0.093953,-0.132045,2.331053,0.022505,0.195943,2.351049,-0.224597,0.202450,2.351457,-0.178982,0.371674,2.686587,-0.017429,0.426254,2.455961,-0.295826,0.634604,2.414935,-0.510672,0.615166,2.705523,-0.440382,1.004378,2.484782,-0.556709,1.000972,2.658677
